external_id,ra,dec,lamost_subclass,star_truth_class,truth_source,truth_quality,benchmark_id
112211,334.168324,1.461445,DA,WHITE_DWARF,LAMOST_DR5_GUO2022_WD,PUBLISHED_DA_WHITE_DWARF_SAMPLE,LAMTRD000001
116148,331.34525,2.310432,DA,WHITE_DWARF,LAMOST_DR5_GUO2022_WD,PUBLISHED_DA_WHITE_DWARF_SAMPLE,LAMTRD000002
304121,81.322197,28.764363,DA,WHITE_DWARF,LAMOST_DR5_GUO2022_WD,PUBLISHED_DA_WHITE_DWARF_SAMPLE,LAMTRD000003
402207,9.4169116,38.714872,DA,WHITE_DWARF,LAMOST_DR5_GUO2022_WD,PUBLISHED_DA_WHITE_DWARF_SAMPLE,LAMTRD000004
403199,10.369458,40.390026,DA,WHITE_DWARF,LAMOST_DR5_GUO2022_WD,PUBLISHED_DA_WHITE_DWARF_SAMPLE,LAMTRD000005
1102134,44.405201,26.67997,DA,WHITE_DWARF,LAMOST_DR5_GUO2022_WD,PUBLISHED_DA_WHITE_DWARF_SAMPLE,LAMTRD000006
1103093,44.497009,28.202275,DA,WHITE_DWARF,LAMOST_DR5_GUO2022_WD,PUBLISHED_DA_WHITE_DWARF_SAMPLE,LAMTRD000007
1108139,47.067964,27.615441,DA,WHITE_DWARF,LAMOST_DR5_GUO2022_WD,PUBLISHED_DA_WHITE_DWARF_SAMPLE,LAMTRD000008
1115183,45.56134,28.952057,DA,WHITE_DWARF,LAMOST_DR5_GUO2022_WD,PUBLISHED_DA_WHITE_DWARF_SAMPLE,LAMTRD000009
1506145,107.52014,29.40078,DA,WHITE_DWARF,LAMOST_DR5_GUO2022_WD,PUBLISHED_DA_WHITE_DWARF_SAMPLE,LAMTRD000010
1615243,10.153296,41.527443,DA,WHITE_DWARF,LAMOST_DR5_GUO2022_WD,PUBLISHED_DA_WHITE_DWARF_SAMPLE,LAMTRD000011
1616129,9.9856287,42.491542,DA,WHITE_DWARF,LAMOST_DR5_GUO2022_WD,PUBLISHED_DA_WHITE_DWARF_SAMPLE,LAMTRD000012
1707162,12.300187,38.691627,DA,WHITE_DWARF,LAMOST_DR5_GUO2022_WD,PUBLISHED_DA_WHITE_DWARF_SAMPLE,LAMTRD000013
1716129,9.9859839,42.491519,DA,WHITE_DWARF,LAMOST_DR5_GUO2022_WD,PUBLISHED_DA_WHITE_DWARF_SAMPLE,LAMTRD000014
2101118,13.418857,36.021358,DA,WHITE_DWARF,LAMOST_DR5_GUO2022_WD,PUBLISHED_DA_WHITE_DWARF_SAMPLE,LAMTRD000015
2102081,10.49663,36.397865,DA,WHITE_DWARF,LAMOST_DR5_GUO2022_WD,PUBLISHED_DA_WHITE_DWARF_SAMPLE,LAMTRD000016
3402248,112.49959,27.277846,DA,WHITE_DWARF,LAMOST_DR5_GUO2022_WD,PUBLISHED_DA_WHITE_DWARF_SAMPLE,LAMTRD000017
3411076,113.50872,30.25163,DA,WHITE_DWARF,LAMOST_DR5_GUO2022_WD,PUBLISHED_DA_WHITE_DWARF_SAMPLE,LAMTRD000018
6610008,52.428301,5.632185,DA,WHITE_DWARF,LAMOST_DR5_GUO2022_WD,PUBLISHED_DA_WHITE_DWARF_SAMPLE,LAMTRD000019
6805240,96.533838,27.209067,DA,WHITE_DWARF,LAMOST_DR5_GUO2022_WD,PUBLISHED_DA_WHITE_DWARF_SAMPLE,LAMTRD000020
6807221,98.885366,26.332951,DA,WHITE_DWARF,LAMOST_DR5_GUO2022_WD,PUBLISHED_DA_WHITE_DWARF_SAMPLE,LAMTRD000021
6904155,122.00001,29.031273,DA,WHITE_DWARF,LAMOST_DR5_GUO2022_WD,PUBLISHED_DA_WHITE_DWARF_SAMPLE,LAMTRD000022
6905055,121.95366,28.440672,DA,WHITE_DWARF,LAMOST_DR5_GUO2022_WD,PUBLISHED_DA_WHITE_DWARF_SAMPLE,LAMTRD000023
7516178,107.52014,29.400789,DA,WHITE_DWARF,LAMOST_DR5_GUO2022_WD,PUBLISHED_DA_WHITE_DWARF_SAMPLE,LAMTRD000024
7801231,151.464628,-2.57163,DA,WHITE_DWARF,LAMOST_DR5_GUO2022_WD,PUBLISHED_DA_WHITE_DWARF_SAMPLE,LAMTRD000025
7803087,150.818141,-0.393597,DA,WHITE_DWARF,LAMOST_DR5_GUO2022_WD,PUBLISHED_DA_WHITE_DWARF_SAMPLE,LAMTRD000026
7804081,152.422705,-0.734597,DA,WHITE_DWARF,LAMOST_DR5_GUO2022_WD,PUBLISHED_DA_WHITE_DWARF_SAMPLE,LAMTRD000027
7806179,153.798792,-1.071181,DA,WHITE_DWARF,LAMOST_DR5_GUO2022_WD,PUBLISHED_DA_WHITE_DWARF_SAMPLE,LAMTRD000028
8005138,106.77636,26.965738,DA,WHITE_DWARF,LAMOST_DR5_GUO2022_WD,PUBLISHED_DA_WHITE_DWARF_SAMPLE,LAMTRD000029
8013113,108.72359,29.240039,DA,WHITE_DWARF,LAMOST_DR5_GUO2022_WD,PUBLISHED_DA_WHITE_DWARF_SAMPLE,LAMTRD000030
8204059,13.233889,3.067667,DA,WHITE_DWARF,LAMOST_DR5_GUO2022_WD,PUBLISHED_DA_WHITE_DWARF_SAMPLE,LAMTRD000031
8215111,12.851015,3.65106,DA,WHITE_DWARF,LAMOST_DR5_GUO2022_WD,PUBLISHED_DA_WHITE_DWARF_SAMPLE,LAMTRD000032
8301236,50.203659,2.672438,DA,WHITE_DWARF,LAMOST_DR5_GUO2022_WD,PUBLISHED_DA_WHITE_DWARF_SAMPLE,LAMTRD000033
8302020,50.195989,2.991944,DA,WHITE_DWARF,LAMOST_DR5_GUO2022_WD,PUBLISHED_DA_WHITE_DWARF_SAMPLE,LAMTRD000034
8302053,50.405535,3.27728,DA,WHITE_DWARF,LAMOST_DR5_GUO2022_WD,PUBLISHED_DA_WHITE_DWARF_SAMPLE,LAMTRD000035
8305075,50.228938,4.006445,DA,WHITE_DWARF,LAMOST_DR5_GUO2022_WD,PUBLISHED_DA_WHITE_DWARF_SAMPLE,LAMTRD000036
8306171,53.030196,4.310329,DA,WHITE_DWARF,LAMOST_DR5_GUO2022_WD,PUBLISHED_DA_WHITE_DWARF_SAMPLE,LAMTRD000037
8315129,51.000992,5.926833,DA,WHITE_DWARF,LAMOST_DR5_GUO2022_WD,PUBLISHED_DA_WHITE_DWARF_SAMPLE,LAMTRD000038
8502249,86.556364,25.842139,DA,WHITE_DWARF,LAMOST_DR5_GUO2022_WD,PUBLISHED_DA_WHITE_DWARF_SAMPLE,LAMTRD000039
8603181,1.466171,4.746944,DA,WHITE_DWARF,LAMOST_DR5_GUO2022_WD,PUBLISHED_DA_WHITE_DWARF_SAMPLE,LAMTRD000040
8815025,136.892757,27.650923,DA,WHITE_DWARF,LAMOST_DR5_GUO2022_WD,PUBLISHED_DA_WHITE_DWARF_SAMPLE,LAMTRD000041
8906025,101.93207,27.151719,DA,WHITE_DWARF,LAMOST_DR5_GUO2022_WD,PUBLISHED_DA_WHITE_DWARF_SAMPLE,LAMTRD000042
11404009,153.2813292,27.4167111,DA,WHITE_DWARF,LAMOST_DR5_GUO2022_WD,PUBLISHED_DA_WHITE_DWARF_SAMPLE,LAMTRD000043
11514157,105.2396917,28.7194611,DA,WHITE_DWARF,LAMOST_DR5_GUO2022_WD,PUBLISHED_DA_WHITE_DWARF_SAMPLE,LAMTRD000044
14004195,145.3615917,29.750925,DA,WHITE_DWARF,LAMOST_DR5_GUO2022_WD,PUBLISHED_DA_WHITE_DWARF_SAMPLE,LAMTRD000045
14403248,67.438561,28.37338,DA,WHITE_DWARF,LAMOST_DR5_GUO2022_WD,PUBLISHED_DA_WHITE_DWARF_SAMPLE,LAMTRD000046
14603009,11.617971,34.555527,DA,WHITE_DWARF,LAMOST_DR5_GUO2022_WD,PUBLISHED_DA_WHITE_DWARF_SAMPLE,LAMTRD000047
14705230,24.810197,29.016003,DA,WHITE_DWARF,LAMOST_DR5_GUO2022_WD,PUBLISHED_DA_WHITE_DWARF_SAMPLE,LAMTRD000048
15115035,57.146014,51.838724,DA,WHITE_DWARF,LAMOST_DR5_GUO2022_WD,PUBLISHED_DA_WHITE_DWARF_SAMPLE,LAMTRD000049
15205095,21.566064,30.463474,DA,WHITE_DWARF,LAMOST_DR5_GUO2022_WD,PUBLISHED_DA_WHITE_DWARF_SAMPLE,LAMTRD000050
15210104,19.143825,31.4814417,DA,WHITE_DWARF,LAMOST_DR5_GUO2022_WD,PUBLISHED_DA_WHITE_DWARF_SAMPLE,LAMTRD000051
15516139,80.159836,30.806293,DA,WHITE_DWARF,LAMOST_DR5_GUO2022_WD,PUBLISHED_DA_WHITE_DWARF_SAMPLE,LAMTRD000052
15909226,141.0562458,27.57585,DA,WHITE_DWARF,LAMOST_DR5_GUO2022_WD,PUBLISHED_DA_WHITE_DWARF_SAMPLE,LAMTRD000053
16013134,162.370375,27.9066028,DA,WHITE_DWARF,LAMOST_DR5_GUO2022_WD,PUBLISHED_DA_WHITE_DWARF_SAMPLE,LAMTRD000054
16205018,87.693772,26.205631,DA,WHITE_DWARF,LAMOST_DR5_GUO2022_WD,PUBLISHED_DA_WHITE_DWARF_SAMPLE,LAMTRD000055
18115233,42.6364708,-0.9732889,DA,WHITE_DWARF,LAMOST_DR5_GUO2022_WD,PUBLISHED_DA_WHITE_DWARF_SAMPLE,LAMTRD000056
18116191,41.943075,0.0585889,DA,WHITE_DWARF,LAMOST_DR5_GUO2022_WD,PUBLISHED_DA_WHITE_DWARF_SAMPLE,LAMTRD000057
18205064,120.7417583,14.6315694,DA,WHITE_DWARF,LAMOST_DR5_GUO2022_WD,PUBLISHED_DA_WHITE_DWARF_SAMPLE,LAMTRD000058
18206204,123.1729292,14.060375,DA,WHITE_DWARF,LAMOST_DR5_GUO2022_WD,PUBLISHED_DA_WHITE_DWARF_SAMPLE,LAMTRD000059
18215166,121.009979,16.708851,DA,WHITE_DWARF,LAMOST_DR5_GUO2022_WD,PUBLISHED_DA_WHITE_DWARF_SAMPLE,LAMTRD000060
18308122,164.5469417,47.9646528,DA,WHITE_DWARF,LAMOST_DR5_GUO2022_WD,PUBLISHED_DA_WHITE_DWARF_SAMPLE,LAMTRD000061
18310236,160.7977083,49.0400972,DA,WHITE_DWARF,LAMOST_DR5_GUO2022_WD,PUBLISHED_DA_WHITE_DWARF_SAMPLE,LAMTRD000062
18311045,164.8183042,51.4122111,DA,WHITE_DWARF,LAMOST_DR5_GUO2022_WD,PUBLISHED_DA_WHITE_DWARF_SAMPLE,LAMTRD000063
18414225,80.561003,30.084525,DA,WHITE_DWARF,LAMOST_DR5_GUO2022_WD,PUBLISHED_DA_WHITE_DWARF_SAMPLE,LAMTRD000064
18705008,28.2464292,1.0046861,DA,WHITE_DWARF,LAMOST_DR5_GUO2022_WD,PUBLISHED_DA_WHITE_DWARF_SAMPLE,LAMTRD000065
18802107,120.6789625,17.8337111,DA,WHITE_DWARF,LAMOST_DR5_GUO2022_WD,PUBLISHED_DA_WHITE_DWARF_SAMPLE,LAMTRD000066
18803185,121.0607083,19.6020028,DA,WHITE_DWARF,LAMOST_DR5_GUO2022_WD,PUBLISHED_DA_WHITE_DWARF_SAMPLE,LAMTRD000067
18804081,122.3412583,19.4002139,DA,WHITE_DWARF,LAMOST_DR5_GUO2022_WD,PUBLISHED_DA_WHITE_DWARF_SAMPLE,LAMTRD000068
18806136,124.0174416,19.2874222,DA,WHITE_DWARF,LAMOST_DR5_GUO2022_WD,PUBLISHED_DA_WHITE_DWARF_SAMPLE,LAMTRD000069
18815020,121.635236,20.855472,DA,WHITE_DWARF,LAMOST_DR5_GUO2022_WD,PUBLISHED_DA_WHITE_DWARF_SAMPLE,LAMTRD000070
19006239,184.1458208,26.4931167,DA,WHITE_DWARF,LAMOST_DR5_GUO2022_WD,PUBLISHED_DA_WHITE_DWARF_SAMPLE,LAMTRD000071
19103022,144.157371,27.463525,DA,WHITE_DWARF,LAMOST_DR5_GUO2022_WD,PUBLISHED_DA_WHITE_DWARF_SAMPLE,LAMTRD000072
19106230,146.4442583,27.3505722,DA,WHITE_DWARF,LAMOST_DR5_GUO2022_WD,PUBLISHED_DA_WHITE_DWARF_SAMPLE,LAMTRD000073
19109209,145.268457,28.373495,DA,WHITE_DWARF,LAMOST_DR5_GUO2022_WD,PUBLISHED_DA_WHITE_DWARF_SAMPLE,LAMTRD000074
19416017,41.47965,6.3486722,DA,WHITE_DWARF,LAMOST_DR5_GUO2022_WD,PUBLISHED_DA_WHITE_DWARF_SAMPLE,LAMTRD000075
19504213,124.5286125,12.1988639,DA,WHITE_DWARF,LAMOST_DR5_GUO2022_WD,PUBLISHED_DA_WHITE_DWARF_SAMPLE,LAMTRD000076
19509166,124.6886667,12.3312361,DA,WHITE_DWARF,LAMOST_DR5_GUO2022_WD,PUBLISHED_DA_WHITE_DWARF_SAMPLE,LAMTRD000077
19613093,181.26665,7.00864,DA,WHITE_DWARF,LAMOST_DR5_GUO2022_WD,PUBLISHED_DA_WHITE_DWARF_SAMPLE,LAMTRD000078
19701031,82.002298,27.207128,DA,WHITE_DWARF,LAMOST_DR5_GUO2022_WD,PUBLISHED_DA_WHITE_DWARF_SAMPLE,LAMTRD000079
19801051,25.158123,28.387938,DA,WHITE_DWARF,LAMOST_DR5_GUO2022_WD,PUBLISHED_DA_WHITE_DWARF_SAMPLE,LAMTRD000080
19804214,25.448307,30.359846,DA,WHITE_DWARF,LAMOST_DR5_GUO2022_WD,PUBLISHED_DA_WHITE_DWARF_SAMPLE,LAMTRD000081
19807194,27.390679,28.936279,DA,WHITE_DWARF,LAMOST_DR5_GUO2022_WD,PUBLISHED_DA_WHITE_DWARF_SAMPLE,LAMTRD000082
19811056,25.984198,31.898109,DA,WHITE_DWARF,LAMOST_DR5_GUO2022_WD,PUBLISHED_DA_WHITE_DWARF_SAMPLE,LAMTRD000083
20013203,186.6286708,30.6481194,DA,WHITE_DWARF,LAMOST_DR5_GUO2022_WD,PUBLISHED_DA_WHITE_DWARF_SAMPLE,LAMTRD000084
20102026,53.0302333,4.3106,DA,WHITE_DWARF,LAMOST_DR5_GUO2022_WD,PUBLISHED_DA_WHITE_DWARF_SAMPLE,LAMTRD000085
20110002,52.4285458,5.63235,DA,WHITE_DWARF,LAMOST_DR5_GUO2022_WD,PUBLISHED_DA_WHITE_DWARF_SAMPLE,LAMTRD000086
20202021,165.184917,48.384103,DA,WHITE_DWARF,LAMOST_DR5_GUO2022_WD,PUBLISHED_DA_WHITE_DWARF_SAMPLE,LAMTRD000087
20202043,163.980191,48.794408,DA,WHITE_DWARF,LAMOST_DR5_GUO2022_WD,PUBLISHED_DA_WHITE_DWARF_SAMPLE,LAMTRD000088
20206077,169.01605,49.7288722,DA,WHITE_DWARF,LAMOST_DR5_GUO2022_WD,PUBLISHED_DA_WHITE_DWARF_SAMPLE,LAMTRD000089
20212178,168.869445,52.141157,DA,WHITE_DWARF,LAMOST_DR5_GUO2022_WD,PUBLISHED_DA_WHITE_DWARF_SAMPLE,LAMTRD000090
20303054,116.92258,28.351366,DA,WHITE_DWARF,LAMOST_DR5_GUO2022_WD,PUBLISHED_DA_WHITE_DWARF_SAMPLE,LAMTRD000091
20303060,116.9251917,28.1626583,DA,WHITE_DWARF,LAMOST_DR5_GUO2022_WD,PUBLISHED_DA_WHITE_DWARF_SAMPLE,LAMTRD000092
20305144,118.62838,26.838654,DA,WHITE_DWARF,LAMOST_DR5_GUO2022_WD,PUBLISHED_DA_WHITE_DWARF_SAMPLE,LAMTRD000093
20316027,116.8424375,29.8375667,DA,WHITE_DWARF,LAMOST_DR5_GUO2022_WD,PUBLISHED_DA_WHITE_DWARF_SAMPLE,LAMTRD000094
20405171,118.2139625,27.2538472,DA,WHITE_DWARF,LAMOST_DR5_GUO2022_WD,PUBLISHED_DA_WHITE_DWARF_SAMPLE,LAMTRD000095
20411169,117.7769792,30.2908222,DA,WHITE_DWARF,LAMOST_DR5_GUO2022_WD,PUBLISHED_DA_WHITE_DWARF_SAMPLE,LAMTRD000096
20415010,117.97025,29.200396,DA,WHITE_DWARF,LAMOST_DR5_GUO2022_WD,PUBLISHED_DA_WHITE_DWARF_SAMPLE,LAMTRD000097
20505020,174.0585042,29.0250722,DA,WHITE_DWARF,LAMOST_DR5_GUO2022_WD,PUBLISHED_DA_WHITE_DWARF_SAMPLE,LAMTRD000098
20508153,174.2715291,29.7993167,DA,WHITE_DWARF,LAMOST_DR5_GUO2022_WD,PUBLISHED_DA_WHITE_DWARF_SAMPLE,LAMTRD000099
20515224,173.5973,31.7684944,DA,WHITE_DWARF,LAMOST_DR5_GUO2022_WD,PUBLISHED_DA_WHITE_DWARF_SAMPLE,LAMTRD000100
20708128,144.7638792,11.7385056,DA,WHITE_DWARF,LAMOST_DR5_GUO2022_WD,PUBLISHED_DA_WHITE_DWARF_SAMPLE,LAMTRD000101
20710007,141.6930583,12.3599472,DA,WHITE_DWARF,LAMOST_DR5_GUO2022_WD,PUBLISHED_DA_WHITE_DWARF_SAMPLE,LAMTRD000102
20710154,142.453911,11.807433,DA,WHITE_DWARF,LAMOST_DR5_GUO2022_WD,PUBLISHED_DA_WHITE_DWARF_SAMPLE,LAMTRD000103
20712055,144.538168,14.513341,DA,WHITE_DWARF,LAMOST_DR5_GUO2022_WD,PUBLISHED_DA_WHITE_DWARF_SAMPLE,LAMTRD000104
20714137,142.0046208,13.5387528,DA,WHITE_DWARF,LAMOST_DR5_GUO2022_WD,PUBLISHED_DA_WHITE_DWARF_SAMPLE,LAMTRD000105
20914104,66.146967,29.614375,DA,WHITE_DWARF,LAMOST_DR5_GUO2022_WD,PUBLISHED_DA_WHITE_DWARF_SAMPLE,LAMTRD000106
21107067,41.5114292,0.4276333,DA,WHITE_DWARF,LAMOST_DR5_GUO2022_WD,PUBLISHED_DA_WHITE_DWARF_SAMPLE,LAMTRD000107
21110221,38.609728,1.37375,DA,WHITE_DWARF,LAMOST_DR5_GUO2022_WD,PUBLISHED_DA_WHITE_DWARF_SAMPLE,LAMTRD000108
21202024,122.85079,0.958251,DA,WHITE_DWARF,LAMOST_DR5_GUO2022_WD,PUBLISHED_DA_WHITE_DWARF_SAMPLE,LAMTRD000109
21206209,125.8618083,1.9375556,DA,WHITE_DWARF,LAMOST_DR5_GUO2022_WD,PUBLISHED_DA_WHITE_DWARF_SAMPLE,LAMTRD000110
21207080,125.7492333,1.3281528,DA,WHITE_DWARF,LAMOST_DR5_GUO2022_WD,PUBLISHED_DA_WHITE_DWARF_SAMPLE,LAMTRD000111
21209148,124.8452458,3.3027028,DA,WHITE_DWARF,LAMOST_DR5_GUO2022_WD,PUBLISHED_DA_WHITE_DWARF_SAMPLE,LAMTRD000112
21215164,123.1458917,4.1477667,DA,WHITE_DWARF,LAMOST_DR5_GUO2022_WD,PUBLISHED_DA_WHITE_DWARF_SAMPLE,LAMTRD000113
21302240,162.443625,0.6099472,DA,WHITE_DWARF,LAMOST_DR5_GUO2022_WD,PUBLISHED_DA_WHITE_DWARF_SAMPLE,LAMTRD000114
21305029,162.7582375,1.140925,DA,WHITE_DWARF,LAMOST_DR5_GUO2022_WD,PUBLISHED_DA_WHITE_DWARF_SAMPLE,LAMTRD000115
21312201,165.071675,3.3944167,DA,WHITE_DWARF,LAMOST_DR5_GUO2022_WD,PUBLISHED_DA_WHITE_DWARF_SAMPLE,LAMTRD000116
21314160,161.596987,2.710158,DA,WHITE_DWARF,LAMOST_DR5_GUO2022_WD,PUBLISHED_DA_WHITE_DWARF_SAMPLE,LAMTRD000117
21610045,111.69555,27.846943,DA,WHITE_DWARF,LAMOST_DR5_GUO2022_WD,PUBLISHED_DA_WHITE_DWARF_SAMPLE,LAMTRD000118
21707203,25.511344,26.398492,DA,WHITE_DWARF,LAMOST_DR5_GUO2022_WD,PUBLISHED_DA_WHITE_DWARF_SAMPLE,LAMTRD000119
22007088,178.7759292,26.8234972,DA,WHITE_DWARF,LAMOST_DR5_GUO2022_WD,PUBLISHED_DA_WHITE_DWARF_SAMPLE,LAMTRD000120
22604061,145.5001375,31.4889139,DA,WHITE_DWARF,LAMOST_DR5_GUO2022_WD,PUBLISHED_DA_WHITE_DWARF_SAMPLE,LAMTRD000121
22607188,147.0777208,30.0323333,DA,WHITE_DWARF,LAMOST_DR5_GUO2022_WD,PUBLISHED_DA_WHITE_DWARF_SAMPLE,LAMTRD000122
22609001,146.6158667,31.5364111,DA,WHITE_DWARF,LAMOST_DR5_GUO2022_WD,PUBLISHED_DA_WHITE_DWARF_SAMPLE,LAMTRD000123
22610096,142.682349,30.729761,DA,WHITE_DWARF,LAMOST_DR5_GUO2022_WD,PUBLISHED_DA_WHITE_DWARF_SAMPLE,LAMTRD000124
22610115,142.920075,30.8530389,DA,WHITE_DWARF,LAMOST_DR5_GUO2022_WD,PUBLISHED_DA_WHITE_DWARF_SAMPLE,LAMTRD000125
22616241,144.2858625,33.5679778,DA,WHITE_DWARF,LAMOST_DR5_GUO2022_WD,PUBLISHED_DA_WHITE_DWARF_SAMPLE,LAMTRD000126
22707056,189.187987,47.922781,DA,WHITE_DWARF,LAMOST_DR5_GUO2022_WD,PUBLISHED_DA_WHITE_DWARF_SAMPLE,LAMTRD000127
22708058,188.722339,49.191134,DA,WHITE_DWARF,LAMOST_DR5_GUO2022_WD,PUBLISHED_DA_WHITE_DWARF_SAMPLE,LAMTRD000128
22816227,103.71517,31.815408,DA,WHITE_DWARF,LAMOST_DR5_GUO2022_WD,PUBLISHED_DA_WHITE_DWARF_SAMPLE,LAMTRD000129
25601087,158.335277,37.275531,DA,WHITE_DWARF,LAMOST_DR5_GUO2022_WD,PUBLISHED_DA_WHITE_DWARF_SAMPLE,LAMTRD000130
25606010,160.1602625,38.1399333,DA,WHITE_DWARF,LAMOST_DR5_GUO2022_WD,PUBLISHED_DA_WHITE_DWARF_SAMPLE,LAMTRD000131
25710224,181.727443,55.779836,DA,WHITE_DWARF,LAMOST_DR5_GUO2022_WD,PUBLISHED_DA_WHITE_DWARF_SAMPLE,LAMTRD000132
25716188,181.819061,57.987444,DA,WHITE_DWARF,LAMOST_DR5_GUO2022_WD,PUBLISHED_DA_WHITE_DWARF_SAMPLE,LAMTRD000133
25906025,101.9321708,27.1518667,DA,WHITE_DWARF,LAMOST_DR5_GUO2022_WD,PUBLISHED_DA_WHITE_DWARF_SAMPLE,LAMTRD000134
26103094,163.68065,27.1162278,DA,WHITE_DWARF,LAMOST_DR5_GUO2022_WD,PUBLISHED_DA_WHITE_DWARF_SAMPLE,LAMTRD000135
26210210,174.9117,56.906359,DA,WHITE_DWARF,LAMOST_DR5_GUO2022_WD,PUBLISHED_DA_WHITE_DWARF_SAMPLE,LAMTRD000136
26212092,179.6149833,59.1578361,DA,WHITE_DWARF,LAMOST_DR5_GUO2022_WD,PUBLISHED_DA_WHITE_DWARF_SAMPLE,LAMTRD000137
26212234,179.5821083,59.8481694,DA,WHITE_DWARF,LAMOST_DR5_GUO2022_WD,PUBLISHED_DA_WHITE_DWARF_SAMPLE,LAMTRD000138
26215001,176.7936458,58.6675889,DA,WHITE_DWARF,LAMOST_DR5_GUO2022_WD,PUBLISHED_DA_WHITE_DWARF_SAMPLE,LAMTRD000139
26812066,200.1863708,0.3153222,DA,WHITE_DWARF,LAMOST_DR5_GUO2022_WD,PUBLISHED_DA_WHITE_DWARF_SAMPLE,LAMTRD000140
26814062,197.4239,-1.2517528,DA,WHITE_DWARF,LAMOST_DR5_GUO2022_WD,PUBLISHED_DA_WHITE_DWARF_SAMPLE,LAMTRD000141
26814177,197.253225,-0.9094028,DA,WHITE_DWARF,LAMOST_DR5_GUO2022_WD,PUBLISHED_DA_WHITE_DWARF_SAMPLE,LAMTRD000142
28305091,137.329125,29.4915583,DA,WHITE_DWARF,LAMOST_DR5_GUO2022_WD,PUBLISHED_DA_WHITE_DWARF_SAMPLE,LAMTRD000143
28503016,181.354325,30.5791167,DA,WHITE_DWARF,LAMOST_DR5_GUO2022_WD,PUBLISHED_DA_WHITE_DWARF_SAMPLE,LAMTRD000144
28509179,183.40225,31.8024361,DA,WHITE_DWARF,LAMOST_DR5_GUO2022_WD,PUBLISHED_DA_WHITE_DWARF_SAMPLE,LAMTRD000145
29206247,140.9400583,30.4678944,DA,WHITE_DWARF,LAMOST_DR5_GUO2022_WD,PUBLISHED_DA_WHITE_DWARF_SAMPLE,LAMTRD000146
31302221,144.52961,27.972232,DA,WHITE_DWARF,LAMOST_DR5_GUO2022_WD,PUBLISHED_DA_WHITE_DWARF_SAMPLE,LAMTRD000147
31303132,145.173275,30.355146,DA,WHITE_DWARF,LAMOST_DR5_GUO2022_WD,PUBLISHED_DA_WHITE_DWARF_SAMPLE,LAMTRD000148
31304195,145.36163,29.750942,DA,WHITE_DWARF,LAMOST_DR5_GUO2022_WD,PUBLISHED_DA_WHITE_DWARF_SAMPLE,LAMTRD000149
31404144,182.588849,56.582309,DA,WHITE_DWARF,LAMOST_DR5_GUO2022_WD,PUBLISHED_DA_WHITE_DWARF_SAMPLE,LAMTRD000150
31703013,151.801675,40.1178556,DA,WHITE_DWARF,LAMOST_DR5_GUO2022_WD,PUBLISHED_DA_WHITE_DWARF_SAMPLE,LAMTRD000151
31707017,154.0533666,39.0210472,DA,WHITE_DWARF,LAMOST_DR5_GUO2022_WD,PUBLISHED_DA_WHITE_DWARF_SAMPLE,LAMTRD000152
31716247,151.4542,42.8013,DA,WHITE_DWARF,LAMOST_DR5_GUO2022_WD,PUBLISHED_DA_WHITE_DWARF_SAMPLE,LAMTRD000153
32010079,184.6904958,26.8089278,DA,WHITE_DWARF,LAMOST_DR5_GUO2022_WD,PUBLISHED_DA_WHITE_DWARF_SAMPLE,LAMTRD000154
32101071,141.463284,15.160334,DA,WHITE_DWARF,LAMOST_DR5_GUO2022_WD,PUBLISHED_DA_WHITE_DWARF_SAMPLE,LAMTRD000155
32108140,142.6963,16.0036056,DA,WHITE_DWARF,LAMOST_DR5_GUO2022_WD,PUBLISHED_DA_WHITE_DWARF_SAMPLE,LAMTRD000156
32110055,139.736416,15.970809,DA,WHITE_DWARF,LAMOST_DR5_GUO2022_WD,PUBLISHED_DA_WHITE_DWARF_SAMPLE,LAMTRD000157
32113110,143.368995,17.787164,DA,WHITE_DWARF,LAMOST_DR5_GUO2022_WD,PUBLISHED_DA_WHITE_DWARF_SAMPLE,LAMTRD000158
32113185,143.6329125,17.7499278,DA,WHITE_DWARF,LAMOST_DR5_GUO2022_WD,PUBLISHED_DA_WHITE_DWARF_SAMPLE,LAMTRD000159
32113202,143.7153583,17.3038889,DA,WHITE_DWARF,LAMOST_DR5_GUO2022_WD,PUBLISHED_DA_WHITE_DWARF_SAMPLE,LAMTRD000160
32115206,141.3265,18.0928333,DA,WHITE_DWARF,LAMOST_DR5_GUO2022_WD,PUBLISHED_DA_WHITE_DWARF_SAMPLE,LAMTRD000161
32115225,141.3853125,18.1290333,DA,WHITE_DWARF,LAMOST_DR5_GUO2022_WD,PUBLISHED_DA_WHITE_DWARF_SAMPLE,LAMTRD000162
32202142,173.9387917,56.4407639,DA,WHITE_DWARF,LAMOST_DR5_GUO2022_WD,PUBLISHED_DA_WHITE_DWARF_SAMPLE,LAMTRD000163
32211199,176.2814208,60.134875,DA,WHITE_DWARF,LAMOST_DR5_GUO2022_WD,PUBLISHED_DA_WHITE_DWARF_SAMPLE,LAMTRD000164
32504177,156.3388875,45.9315,DA,WHITE_DWARF,LAMOST_DR5_GUO2022_WD,PUBLISHED_DA_WHITE_DWARF_SAMPLE,LAMTRD000165
32510227,154.5275,45.9751167,DA,WHITE_DWARF,LAMOST_DR5_GUO2022_WD,PUBLISHED_DA_WHITE_DWARF_SAMPLE,LAMTRD000166
32513186,159.936482,47.114585,DA,WHITE_DWARF,LAMOST_DR5_GUO2022_WD,PUBLISHED_DA_WHITE_DWARF_SAMPLE,LAMTRD000167
32514172,154.523185,46.552762,DA,WHITE_DWARF,LAMOST_DR5_GUO2022_WD,PUBLISHED_DA_WHITE_DWARF_SAMPLE,LAMTRD000168
32604042,193.338126,56.670578,DA,WHITE_DWARF,LAMOST_DR5_GUO2022_WD,PUBLISHED_DA_WHITE_DWARF_SAMPLE,LAMTRD000169
32709165,61.015545,29.284396,DA,WHITE_DWARF,LAMOST_DR5_GUO2022_WD,PUBLISHED_DA_WHITE_DWARF_SAMPLE,LAMTRD000170
32804198,80.446823,28.592361,DA,WHITE_DWARF,LAMOST_DR5_GUO2022_WD,PUBLISHED_DA_WHITE_DWARF_SAMPLE,LAMTRD000171
33103181,155.645479,46.016323,DA,WHITE_DWARF,LAMOST_DR5_GUO2022_WD,PUBLISHED_DA_WHITE_DWARF_SAMPLE,LAMTRD000172
33104177,156.338987,45.931643,DA,WHITE_DWARF,LAMOST_DR5_GUO2022_WD,PUBLISHED_DA_WHITE_DWARF_SAMPLE,LAMTRD000173
33105130,157.438603,45.118051,DA,WHITE_DWARF,LAMOST_DR5_GUO2022_WD,PUBLISHED_DA_WHITE_DWARF_SAMPLE,LAMTRD000174
33110168,155.068967,45.097732,DA,WHITE_DWARF,LAMOST_DR5_GUO2022_WD,PUBLISHED_DA_WHITE_DWARF_SAMPLE,LAMTRD000175
33110227,154.527482,45.975101,DA,WHITE_DWARF,LAMOST_DR5_GUO2022_WD,PUBLISHED_DA_WHITE_DWARF_SAMPLE,LAMTRD000176
33211205,193.50123,58.330097,DA,WHITE_DWARF,LAMOST_DR5_GUO2022_WD,PUBLISHED_DA_WHITE_DWARF_SAMPLE,LAMTRD000177
33309224,52.957023,30.995811,DA,WHITE_DWARF,LAMOST_DR5_GUO2022_WD,PUBLISHED_DA_WHITE_DWARF_SAMPLE,LAMTRD000178
33707036,56.039922,27.252017,DA,WHITE_DWARF,LAMOST_DR5_GUO2022_WD,PUBLISHED_DA_WHITE_DWARF_SAMPLE,LAMTRD000179
33714111,52.893348,29.222601,DA,WHITE_DWARF,LAMOST_DR5_GUO2022_WD,PUBLISHED_DA_WHITE_DWARF_SAMPLE,LAMTRD000180
33904155,122.00005,29.0314417,DA,WHITE_DWARF,LAMOST_DR5_GUO2022_WD,PUBLISHED_DA_WHITE_DWARF_SAMPLE,LAMTRD000181
34005030,136.6114083,28.6020472,DA,WHITE_DWARF,LAMOST_DR5_GUO2022_WD,PUBLISHED_DA_WHITE_DWARF_SAMPLE,LAMTRD000182
34604208,156.068443,43.095297,DA,WHITE_DWARF,LAMOST_DR5_GUO2022_WD,PUBLISHED_DA_WHITE_DWARF_SAMPLE,LAMTRD000183
34608167,156.247612,41.972133,DA,WHITE_DWARF,LAMOST_DR5_GUO2022_WD,PUBLISHED_DA_WHITE_DWARF_SAMPLE,LAMTRD000184
34609114,156.498885,43.732347,DA,WHITE_DWARF,LAMOST_DR5_GUO2022_WD,PUBLISHED_DA_WHITE_DWARF_SAMPLE,LAMTRD000185
34713124,222.668575,55.7225083,DA,WHITE_DWARF,LAMOST_DR5_GUO2022_WD,PUBLISHED_DA_WHITE_DWARF_SAMPLE,LAMTRD000186
36010079,184.690347,26.808817,DA,WHITE_DWARF,LAMOST_DR5_GUO2022_WD,PUBLISHED_DA_WHITE_DWARF_SAMPLE,LAMTRD000187
36702247,203.892822,58.664362,DA,WHITE_DWARF,LAMOST_DR5_GUO2022_WD,PUBLISHED_DA_WHITE_DWARF_SAMPLE,LAMTRD000188
37405088,213.584708,54.063042,DA,WHITE_DWARF,LAMOST_DR5_GUO2022_WD,PUBLISHED_DA_WHITE_DWARF_SAMPLE,LAMTRD000189
39808064,216.920958,1.715289,DA,WHITE_DWARF,LAMOST_DR5_GUO2022_WD,PUBLISHED_DA_WHITE_DWARF_SAMPLE,LAMTRD000190
40406245,204.1402833,6.77395,DA,WHITE_DWARF,LAMOST_DR5_GUO2022_WD,PUBLISHED_DA_WHITE_DWARF_SAMPLE,LAMTRD000191
41601094,133.9027041,13.726675,DA,WHITE_DWARF,LAMOST_DR5_GUO2022_WD,PUBLISHED_DA_WHITE_DWARF_SAMPLE,LAMTRD000192
41609096,134.6614083,17.0300972,DA,WHITE_DWARF,LAMOST_DR5_GUO2022_WD,PUBLISHED_DA_WHITE_DWARF_SAMPLE,LAMTRD000193
41612175,135.3902792,16.9618056,DA,WHITE_DWARF,LAMOST_DR5_GUO2022_WD,PUBLISHED_DA_WHITE_DWARF_SAMPLE,LAMTRD000194
41714130,179.966992,0.130992,DA,WHITE_DWARF,LAMOST_DR5_GUO2022_WD,PUBLISHED_DA_WHITE_DWARF_SAMPLE,LAMTRD000195
41814098,207.3437833,-0.5842083,DA,WHITE_DWARF,LAMOST_DR5_GUO2022_WD,PUBLISHED_DA_WHITE_DWARF_SAMPLE,LAMTRD000196
41814237,206.583606,-0.902425,DA,WHITE_DWARF,LAMOST_DR5_GUO2022_WD,PUBLISHED_DA_WHITE_DWARF_SAMPLE,LAMTRD000197
41814242,206.289625,-0.9585361,DA,WHITE_DWARF,LAMOST_DR5_GUO2022_WD,PUBLISHED_DA_WHITE_DWARF_SAMPLE,LAMTRD000198
41905183,145.814924,-1.379765,DA,WHITE_DWARF,LAMOST_DR5_GUO2022_WD,PUBLISHED_DA_WHITE_DWARF_SAMPLE,LAMTRD000199
41911104,147.269682,1.62922,DA,WHITE_DWARF,LAMOST_DR5_GUO2022_WD,PUBLISHED_DA_WHITE_DWARF_SAMPLE,LAMTRD000200
41915062,145.9259417,0.156525,DA,WHITE_DWARF,LAMOST_DR5_GUO2022_WD,PUBLISHED_DA_WHITE_DWARF_SAMPLE,LAMTRD000201
42206161,218.1177417,28.8232889,DA,WHITE_DWARF,LAMOST_DR5_GUO2022_WD,PUBLISHED_DA_WHITE_DWARF_SAMPLE,LAMTRD000202
42211218,215.9198792,31.5833833,DA,WHITE_DWARF,LAMOST_DR5_GUO2022_WD,PUBLISHED_DA_WHITE_DWARF_SAMPLE,LAMTRD000203
42213137,217.5460625,29.8725583,DA,WHITE_DWARF,LAMOST_DR5_GUO2022_WD,PUBLISHED_DA_WHITE_DWARF_SAMPLE,LAMTRD000204
42301078,148.0481916,0.3111361,DA,WHITE_DWARF,LAMOST_DR5_GUO2022_WD,PUBLISHED_DA_WHITE_DWARF_SAMPLE,LAMTRD000205
42304119,148.189944,2.160816,DA,WHITE_DWARF,LAMOST_DR5_GUO2022_WD,PUBLISHED_DA_WHITE_DWARF_SAMPLE,LAMTRD000206
42306197,149.71049,1.790047,DA,WHITE_DWARF,LAMOST_DR5_GUO2022_WD,PUBLISHED_DA_WHITE_DWARF_SAMPLE,LAMTRD000207
42307065,149.3546583,0.6976472,DA,WHITE_DWARF,LAMOST_DR5_GUO2022_WD,PUBLISHED_DA_WHITE_DWARF_SAMPLE,LAMTRD000208
42312058,148.902675,4.1869111,DA,WHITE_DWARF,LAMOST_DR5_GUO2022_WD,PUBLISHED_DA_WHITE_DWARF_SAMPLE,LAMTRD000209
42315086,147.4182083,3.4071806,DA,WHITE_DWARF,LAMOST_DR5_GUO2022_WD,PUBLISHED_DA_WHITE_DWARF_SAMPLE,LAMTRD000210
42316064,146.965775,4.3160944,DA,WHITE_DWARF,LAMOST_DR5_GUO2022_WD,PUBLISHED_DA_WHITE_DWARF_SAMPLE,LAMTRD000211
42316149,147.3651458,4.4191222,DA,WHITE_DWARF,LAMOST_DR5_GUO2022_WD,PUBLISHED_DA_WHITE_DWARF_SAMPLE,LAMTRD000212
42404163,221.1409667,-0.999675,DA,WHITE_DWARF,LAMOST_DR5_GUO2022_WD,PUBLISHED_DA_WHITE_DWARF_SAMPLE,LAMTRD000213
42406141,223.650336,-1.197917,DA,WHITE_DWARF,LAMOST_DR5_GUO2022_WD,PUBLISHED_DA_WHITE_DWARF_SAMPLE,LAMTRD000214
42416026,220.2851667,1.1723944,DA,WHITE_DWARF,LAMOST_DR5_GUO2022_WD,PUBLISHED_DA_WHITE_DWARF_SAMPLE,LAMTRD000215
42503174,171.32855,54.3268472,DA,WHITE_DWARF,LAMOST_DR5_GUO2022_WD,PUBLISHED_DA_WHITE_DWARF_SAMPLE,LAMTRD000216
42509174,173.387912,55.153224,DA,WHITE_DWARF,LAMOST_DR5_GUO2022_WD,PUBLISHED_DA_WHITE_DWARF_SAMPLE,LAMTRD000217
42510228,169.749239,53.957034,DA,WHITE_DWARF,LAMOST_DR5_GUO2022_WD,PUBLISHED_DA_WHITE_DWARF_SAMPLE,LAMTRD000218
42511250,172.8290083,56.1911472,DA,WHITE_DWARF,LAMOST_DR5_GUO2022_WD,PUBLISHED_DA_WHITE_DWARF_SAMPLE,LAMTRD000219
42512147,173.85075,55.9866167,DA,WHITE_DWARF,LAMOST_DR5_GUO2022_WD,PUBLISHED_DA_WHITE_DWARF_SAMPLE,LAMTRD000220
42514003,169.1935625,55.1904278,DA,WHITE_DWARF,LAMOST_DR5_GUO2022_WD,PUBLISHED_DA_WHITE_DWARF_SAMPLE,LAMTRD000221
43003109,169.944171,6.089869,DA,WHITE_DWARF,LAMOST_DR5_GUO2022_WD,PUBLISHED_DA_WHITE_DWARF_SAMPLE,LAMTRD000222
43106113,211.275687,1.397557,DA,WHITE_DWARF,LAMOST_DR5_GUO2022_WD,PUBLISHED_DA_WHITE_DWARF_SAMPLE,LAMTRD000223
43203017,129.257874,15.74852,DA,WHITE_DWARF,LAMOST_DR5_GUO2022_WD,PUBLISHED_DA_WHITE_DWARF_SAMPLE,LAMTRD000224
43203146,129.0994,16.649884,DA,WHITE_DWARF,LAMOST_DR5_GUO2022_WD,PUBLISHED_DA_WHITE_DWARF_SAMPLE,LAMTRD000225
43204205,130.282053,16.539363,DA,WHITE_DWARF,LAMOST_DR5_GUO2022_WD,PUBLISHED_DA_WHITE_DWARF_SAMPLE,LAMTRD000226
43214210,127.853595,16.699597,DA,WHITE_DWARF,LAMOST_DR5_GUO2022_WD,PUBLISHED_DA_WHITE_DWARF_SAMPLE,LAMTRD000227
44205190,225.4844,30.3833694,DA,WHITE_DWARF,LAMOST_DR5_GUO2022_WD,PUBLISHED_DA_WHITE_DWARF_SAMPLE,LAMTRD000228
44207041,226.952375,29.5244472,DA,WHITE_DWARF,LAMOST_DR5_GUO2022_WD,PUBLISHED_DA_WHITE_DWARF_SAMPLE,LAMTRD000229
46501031,172.0601916,-2.8397778,DA,WHITE_DWARF,LAMOST_DR5_GUO2022_WD,PUBLISHED_DA_WHITE_DWARF_SAMPLE,LAMTRD000230
46505217,171.8387708,-2.1433861,DA,WHITE_DWARF,LAMOST_DR5_GUO2022_WD,PUBLISHED_DA_WHITE_DWARF_SAMPLE,LAMTRD000231
48308242,185.6839083,28.0582083,DA,WHITE_DWARF,LAMOST_DR5_GUO2022_WD,PUBLISHED_DA_WHITE_DWARF_SAMPLE,LAMTRD000232
48401182,230.107797,-2.64387,DA,WHITE_DWARF,LAMOST_DR5_GUO2022_WD,PUBLISHED_DA_WHITE_DWARF_SAMPLE,LAMTRD000233
48408028,230.378443,-0.515472,DA,WHITE_DWARF,LAMOST_DR5_GUO2022_WD,PUBLISHED_DA_WHITE_DWARF_SAMPLE,LAMTRD000234
48409023,230.2587583,-0.3638861,DA,WHITE_DWARF,LAMOST_DR5_GUO2022_WD,PUBLISHED_DA_WHITE_DWARF_SAMPLE,LAMTRD000235
48608051,174.2714083,29.7993806,DA,WHITE_DWARF,LAMOST_DR5_GUO2022_WD,PUBLISHED_DA_WHITE_DWARF_SAMPLE,LAMTRD000236
48706230,205.1102708,30.2031806,DA,WHITE_DWARF,LAMOST_DR5_GUO2022_WD,PUBLISHED_DA_WHITE_DWARF_SAMPLE,LAMTRD000237
48814208,248.4137748,39.5148398,DA,WHITE_DWARF,LAMOST_DR5_GUO2022_WD,PUBLISHED_DA_WHITE_DWARF_SAMPLE,LAMTRD000238
49705100,219.1740083,28.7477111,DA,WHITE_DWARF,LAMOST_DR5_GUO2022_WD,PUBLISHED_DA_WHITE_DWARF_SAMPLE,LAMTRD000239
51115209,225.4633625,28.2805833,DA,WHITE_DWARF,LAMOST_DR5_GUO2022_WD,PUBLISHED_DA_WHITE_DWARF_SAMPLE,LAMTRD000240
51811215,250.9247208,41.2834139,DA,WHITE_DWARF,LAMOST_DR5_GUO2022_WD,PUBLISHED_DA_WHITE_DWARF_SAMPLE,LAMTRD000241
58716139,325.262691,9.395678,DA,WHITE_DWARF,LAMOST_DR5_GUO2022_WD,PUBLISHED_DA_WHITE_DWARF_SAMPLE,LAMTRD000242
60307231,351.146525,20.942698,DA,WHITE_DWARF,LAMOST_DR5_GUO2022_WD,PUBLISHED_DA_WHITE_DWARF_SAMPLE,LAMTRD000243
62909169,16.725451,39.515828,DA,WHITE_DWARF,LAMOST_DR5_GUO2022_WD,PUBLISHED_DA_WHITE_DWARF_SAMPLE,LAMTRD000244
66405224,55.158094,23.051166,DA,WHITE_DWARF,LAMOST_DR5_GUO2022_WD,PUBLISHED_DA_WHITE_DWARF_SAMPLE,LAMTRD000245
66410057,54.139711,23.82742,DA,WHITE_DWARF,LAMOST_DR5_GUO2022_WD,PUBLISHED_DA_WHITE_DWARF_SAMPLE,LAMTRD000246
67312104,57.209121,-0.975622,DA,WHITE_DWARF,LAMOST_DR5_GUO2022_WD,PUBLISHED_DA_WHITE_DWARF_SAMPLE,LAMTRD000247
72308020,350.994526,1.67408,DA,WHITE_DWARF,LAMOST_DR5_GUO2022_WD,PUBLISHED_DA_WHITE_DWARF_SAMPLE,LAMTRD000248
72709036,52.071357,25.481518,DA,WHITE_DWARF,LAMOST_DR5_GUO2022_WD,PUBLISHED_DA_WHITE_DWARF_SAMPLE,LAMTRD000249
72712225,53.124818,25.916305,DA,WHITE_DWARF,LAMOST_DR5_GUO2022_WD,PUBLISHED_DA_WHITE_DWARF_SAMPLE,LAMTRD000250
73206056,89.366327,24.599667,DA,WHITE_DWARF,LAMOST_DR5_GUO2022_WD,PUBLISHED_DA_WHITE_DWARF_SAMPLE,LAMTRD000251
76805042,48.627487,31.050397,DA,WHITE_DWARF,LAMOST_DR5_GUO2022_WD,PUBLISHED_DA_WHITE_DWARF_SAMPLE,LAMTRD000252
76810001,46.924166,31.959649,DA,WHITE_DWARF,LAMOST_DR5_GUO2022_WD,PUBLISHED_DA_WHITE_DWARF_SAMPLE,LAMTRD000253
76814079,47.440475,33.006942,DA,WHITE_DWARF,LAMOST_DR5_GUO2022_WD,PUBLISHED_DA_WHITE_DWARF_SAMPLE,LAMTRD000254
76815195,48.701239,32.821197,DA,WHITE_DWARF,LAMOST_DR5_GUO2022_WD,PUBLISHED_DA_WHITE_DWARF_SAMPLE,LAMTRD000255
76815248,48.402849,32.852194,DA,WHITE_DWARF,LAMOST_DR5_GUO2022_WD,PUBLISHED_DA_WHITE_DWARF_SAMPLE,LAMTRD000256
77205177,14.7141533,6.6524637,DA,WHITE_DWARF,LAMOST_DR5_GUO2022_WD,PUBLISHED_DA_WHITE_DWARF_SAMPLE,LAMTRD000257
77214107,13.5734684,8.2269204,DA,WHITE_DWARF,LAMOST_DR5_GUO2022_WD,PUBLISHED_DA_WHITE_DWARF_SAMPLE,LAMTRD000258
77511218,38.1252422,5.6436201,DA,WHITE_DWARF,LAMOST_DR5_GUO2022_WD,PUBLISHED_DA_WHITE_DWARF_SAMPLE,LAMTRD000259
78304206,339.6775508,8.04057,DA,WHITE_DWARF,LAMOST_DR5_GUO2022_WD,PUBLISHED_DA_WHITE_DWARF_SAMPLE,LAMTRD000260
78310023,337.7230601,7.2978609,DA,WHITE_DWARF,LAMOST_DR5_GUO2022_WD,PUBLISHED_DA_WHITE_DWARF_SAMPLE,LAMTRD000261
78402029,96.926718,31.668126,DA,WHITE_DWARF,LAMOST_DR5_GUO2022_WD,PUBLISHED_DA_WHITE_DWARF_SAMPLE,LAMTRD000262
78405193,97.236111,32.051094,DA,WHITE_DWARF,LAMOST_DR5_GUO2022_WD,PUBLISHED_DA_WHITE_DWARF_SAMPLE,LAMTRD000263
78412099,99.625723,34.282981,DA,WHITE_DWARF,LAMOST_DR5_GUO2022_WD,PUBLISHED_DA_WHITE_DWARF_SAMPLE,LAMTRD000264
78907182,132.69796,17.433889,DA,WHITE_DWARF,LAMOST_DR5_GUO2022_WD,PUBLISHED_DA_WHITE_DWARF_SAMPLE,LAMTRD000265
79202147,119.35207,31.219534,DA,WHITE_DWARF,LAMOST_DR5_GUO2022_WD,PUBLISHED_DA_WHITE_DWARF_SAMPLE,LAMTRD000266
79203179,120.02574,32.960582,DA,WHITE_DWARF,LAMOST_DR5_GUO2022_WD,PUBLISHED_DA_WHITE_DWARF_SAMPLE,LAMTRD000267
79209102,121.74637,34.250807,DA,WHITE_DWARF,LAMOST_DR5_GUO2022_WD,PUBLISHED_DA_WHITE_DWARF_SAMPLE,LAMTRD000268
79214103,118.33978,33.718921,DA,WHITE_DWARF,LAMOST_DR5_GUO2022_WD,PUBLISHED_DA_WHITE_DWARF_SAMPLE,LAMTRD000269
79215104,120.98839,33.69406,DA,WHITE_DWARF,LAMOST_DR5_GUO2022_WD,PUBLISHED_DA_WHITE_DWARF_SAMPLE,LAMTRD000270
79302118,120.16529,30.927028,DA,WHITE_DWARF,LAMOST_DR5_GUO2022_WD,PUBLISHED_DA_WHITE_DWARF_SAMPLE,LAMTRD000271
79308185,121.51019,31.908751,DA,WHITE_DWARF,LAMOST_DR5_GUO2022_WD,PUBLISHED_DA_WHITE_DWARF_SAMPLE,LAMTRD000272
79313034,123.48194,33.281829,DA,WHITE_DWARF,LAMOST_DR5_GUO2022_WD,PUBLISHED_DA_WHITE_DWARF_SAMPLE,LAMTRD000273
81101176,89.803665,21.864313,DA,WHITE_DWARF,LAMOST_DR5_GUO2022_WD,PUBLISHED_DA_WHITE_DWARF_SAMPLE,LAMTRD000274
81216112,88.392914,25.839767,DA,WHITE_DWARF,LAMOST_DR5_GUO2022_WD,PUBLISHED_DA_WHITE_DWARF_SAMPLE,LAMTRD000275
83611178,1.884426,33.291004,DA,WHITE_DWARF,LAMOST_DR5_GUO2022_WD,PUBLISHED_DA_WHITE_DWARF_SAMPLE,LAMTRD000276
89809174,118.22851,24.954298,DA,WHITE_DWARF,LAMOST_DR5_GUO2022_WD,PUBLISHED_DA_WHITE_DWARF_SAMPLE,LAMTRD000277
90306153,22.505779,26.649402,DA,WHITE_DWARF,LAMOST_DR5_GUO2022_WD,PUBLISHED_DA_WHITE_DWARF_SAMPLE,LAMTRD000278
90310002,17.549766,27.017576,DA,WHITE_DWARF,LAMOST_DR5_GUO2022_WD,PUBLISHED_DA_WHITE_DWARF_SAMPLE,LAMTRD000279
91209122,167.18391,8.027574,DA,WHITE_DWARF,LAMOST_DR5_GUO2022_WD,PUBLISHED_DA_WHITE_DWARF_SAMPLE,LAMTRD000280
91604135,84.364411,26.103132,DA,WHITE_DWARF,LAMOST_DR5_GUO2022_WD,PUBLISHED_DA_WHITE_DWARF_SAMPLE,LAMTRD000281
92012199,133.47295,22.274734,DA,WHITE_DWARF,LAMOST_DR5_GUO2022_WD,PUBLISHED_DA_WHITE_DWARF_SAMPLE,LAMTRD000282
92804119,120.62665,24.822952,DA,WHITE_DWARF,LAMOST_DR5_GUO2022_WD,PUBLISHED_DA_WHITE_DWARF_SAMPLE,LAMTRD000283
93011167,169.441222,3.0815,DA,WHITE_DWARF,LAMOST_DR5_GUO2022_WD,PUBLISHED_DA_WHITE_DWARF_SAMPLE,LAMTRD000284
95002026,149.71067,1.7900257,DA,WHITE_DWARF,LAMOST_DR5_GUO2022_WD,PUBLISHED_DA_WHITE_DWARF_SAMPLE,LAMTRD000285
98903044,88.115311,15.886516,DA,WHITE_DWARF,LAMOST_DR5_GUO2022_WD,PUBLISHED_DA_WHITE_DWARF_SAMPLE,LAMTRD000286
99609183,151.45371,42.800799,DA,WHITE_DWARF,LAMOST_DR5_GUO2022_WD,PUBLISHED_DA_WHITE_DWARF_SAMPLE,LAMTRD000287
100802100,193.07147,15.745328,DA,WHITE_DWARF,LAMOST_DR5_GUO2022_WD,PUBLISHED_DA_WHITE_DWARF_SAMPLE,LAMTRD000288
100805237,193.81683,16.229472,DA,WHITE_DWARF,LAMOST_DR5_GUO2022_WD,PUBLISHED_DA_WHITE_DWARF_SAMPLE,LAMTRD000289
101505029,191.06907,23.236221,DA,WHITE_DWARF,LAMOST_DR5_GUO2022_WD,PUBLISHED_DA_WHITE_DWARF_SAMPLE,LAMTRD000290
102111071,88.532136,34.063338,DA,WHITE_DWARF,LAMOST_DR5_GUO2022_WD,PUBLISHED_DA_WHITE_DWARF_SAMPLE,LAMTRD000291
102301071,124.89343,32.403348,DA,WHITE_DWARF,LAMOST_DR5_GUO2022_WD,PUBLISHED_DA_WHITE_DWARF_SAMPLE,LAMTRD000292
103006239,97.745637,31.395585,DA,WHITE_DWARF,LAMOST_DR5_GUO2022_WD,PUBLISHED_DA_WHITE_DWARF_SAMPLE,LAMTRD000293
103014173,94.403525,32.958876,DA,WHITE_DWARF,LAMOST_DR5_GUO2022_WD,PUBLISHED_DA_WHITE_DWARF_SAMPLE,LAMTRD000294
103215191,143.11758,24.238771,DA,WHITE_DWARF,LAMOST_DR5_GUO2022_WD,PUBLISHED_DA_WHITE_DWARF_SAMPLE,LAMTRD000295
103712184,87.582417,35.001798,DA,WHITE_DWARF,LAMOST_DR5_GUO2022_WD,PUBLISHED_DA_WHITE_DWARF_SAMPLE,LAMTRD000296
103912137,123.38273,27.367703,DA,WHITE_DWARF,LAMOST_DR5_GUO2022_WD,PUBLISHED_DA_WHITE_DWARF_SAMPLE,LAMTRD000297
104114006,174.8558,13.719692,DA,WHITE_DWARF,LAMOST_DR5_GUO2022_WD,PUBLISHED_DA_WHITE_DWARF_SAMPLE,LAMTRD000298
104116236,175.8264,14.890104,DA,WHITE_DWARF,LAMOST_DR5_GUO2022_WD,PUBLISHED_DA_WHITE_DWARF_SAMPLE,LAMTRD000299
104805042,166.1656,14.064926,DA,WHITE_DWARF,LAMOST_DR5_GUO2022_WD,PUBLISHED_DA_WHITE_DWARF_SAMPLE,LAMTRD000300
105207065,86.741999,29.609279,DA,WHITE_DWARF,LAMOST_DR5_GUO2022_WD,PUBLISHED_DA_WHITE_DWARF_SAMPLE,LAMTRD000301
105512045,153.54407,20.39137,DA,WHITE_DWARF,LAMOST_DR5_GUO2022_WD,PUBLISHED_DA_WHITE_DWARF_SAMPLE,LAMTRD000302
105703219,193.74197,-2.3106452,DA,WHITE_DWARF,LAMOST_DR5_GUO2022_WD,PUBLISHED_DA_WHITE_DWARF_SAMPLE,LAMTRD000303
105907114,129.2446404,38.7596902,DA,WHITE_DWARF,LAMOST_DR5_GUO2022_WD,PUBLISHED_DA_WHITE_DWARF_SAMPLE,LAMTRD000304
105907226,129.2889,38.296823,DA,WHITE_DWARF,LAMOST_DR5_GUO2022_WD,PUBLISHED_DA_WHITE_DWARF_SAMPLE,LAMTRD000305
105909041,128.76235,41.111,DA,WHITE_DWARF,LAMOST_DR5_GUO2022_WD,PUBLISHED_DA_WHITE_DWARF_SAMPLE,LAMTRD000306
105910111,124.75189,39.610527,DA,WHITE_DWARF,LAMOST_DR5_GUO2022_WD,PUBLISHED_DA_WHITE_DWARF_SAMPLE,LAMTRD000307
105911193,127.90961,42.359742,DA,WHITE_DWARF,LAMOST_DR5_GUO2022_WD,PUBLISHED_DA_WHITE_DWARF_SAMPLE,LAMTRD000308
106002096,158.99418,16.53619,DA,WHITE_DWARF,LAMOST_DR5_GUO2022_WD,PUBLISHED_DA_WHITE_DWARF_SAMPLE,LAMTRD000309
106005204,159.97133,16.756757,DA,WHITE_DWARF,LAMOST_DR5_GUO2022_WD,PUBLISHED_DA_WHITE_DWARF_SAMPLE,LAMTRD000310
106009078,161.19966,19.719552,DA,WHITE_DWARF,LAMOST_DR5_GUO2022_WD,PUBLISHED_DA_WHITE_DWARF_SAMPLE,LAMTRD000311
106010142,158.11021,18.05083,DA,WHITE_DWARF,LAMOST_DR5_GUO2022_WD,PUBLISHED_DA_WHITE_DWARF_SAMPLE,LAMTRD000312
106014077,159.36619,19.111577,DA,WHITE_DWARF,LAMOST_DR5_GUO2022_WD,PUBLISHED_DA_WHITE_DWARF_SAMPLE,LAMTRD000313
106016202,158.955,19.940748,DA,WHITE_DWARF,LAMOST_DR5_GUO2022_WD,PUBLISHED_DA_WHITE_DWARF_SAMPLE,LAMTRD000314
106102094,184.73408,25.765867,DA,WHITE_DWARF,LAMOST_DR5_GUO2022_WD,PUBLISHED_DA_WHITE_DWARF_SAMPLE,LAMTRD000315
106108021,187.32652,26.490981,DA,WHITE_DWARF,LAMOST_DR5_GUO2022_WD,PUBLISHED_DA_WHITE_DWARF_SAMPLE,LAMTRD000316
106108075,188.06687,26.974717,DA,WHITE_DWARF,LAMOST_DR5_GUO2022_WD,PUBLISHED_DA_WHITE_DWARF_SAMPLE,LAMTRD000317
106110070,184.69038,26.80882,DA,WHITE_DWARF,LAMOST_DR5_GUO2022_WD,PUBLISHED_DA_WHITE_DWARF_SAMPLE,LAMTRD000318
106409238,111.15957,31.12471,DA,WHITE_DWARF,LAMOST_DR5_GUO2022_WD,PUBLISHED_DA_WHITE_DWARF_SAMPLE,LAMTRD000319
106611178,79.919648,35.860309,DA,WHITE_DWARF,LAMOST_DR5_GUO2022_WD,PUBLISHED_DA_WHITE_DWARF_SAMPLE,LAMTRD000320
106701031,127.59535,27.37897,DA,WHITE_DWARF,LAMOST_DR5_GUO2022_WD,PUBLISHED_DA_WHITE_DWARF_SAMPLE,LAMTRD000321
106701173,128.00884,27.516968,DA,WHITE_DWARF,LAMOST_DR5_GUO2022_WD,PUBLISHED_DA_WHITE_DWARF_SAMPLE,LAMTRD000322
106703092,126.65456,29.356665,DA,WHITE_DWARF,LAMOST_DR5_GUO2022_WD,PUBLISHED_DA_WHITE_DWARF_SAMPLE,LAMTRD000323
106704144,127.74756,28.876215,DA,WHITE_DWARF,LAMOST_DR5_GUO2022_WD,PUBLISHED_DA_WHITE_DWARF_SAMPLE,LAMTRD000324
106708185,128.46358,28.144302,DA,WHITE_DWARF,LAMOST_DR5_GUO2022_WD,PUBLISHED_DA_WHITE_DWARF_SAMPLE,LAMTRD000325
106709047,129.02219,30.125102,DA,WHITE_DWARF,LAMOST_DR5_GUO2022_WD,PUBLISHED_DA_WHITE_DWARF_SAMPLE,LAMTRD000326
106709055,129.01197,30.530418,DA,WHITE_DWARF,LAMOST_DR5_GUO2022_WD,PUBLISHED_DA_WHITE_DWARF_SAMPLE,LAMTRD000327
106712156,129.9253,30.490551,DA,WHITE_DWARF,LAMOST_DR5_GUO2022_WD,PUBLISHED_DA_WHITE_DWARF_SAMPLE,LAMTRD000328
106715102,128.44063,29.96344,DA,WHITE_DWARF,LAMOST_DR5_GUO2022_WD,PUBLISHED_DA_WHITE_DWARF_SAMPLE,LAMTRD000329
106716053,126.77588,31.259986,DA,WHITE_DWARF,LAMOST_DR5_GUO2022_WD,PUBLISHED_DA_WHITE_DWARF_SAMPLE,LAMTRD000330
106812035,189.38101,34.806253,DA,WHITE_DWARF,LAMOST_DR5_GUO2022_WD,PUBLISHED_DA_WHITE_DWARF_SAMPLE,LAMTRD000331
107201092,131.37244,26.361404,DA,WHITE_DWARF,LAMOST_DR5_GUO2022_WD,PUBLISHED_DA_WHITE_DWARF_SAMPLE,LAMTRD000332
107206060,133.8757098,28.175346,DA,WHITE_DWARF,LAMOST_DR5_GUO2022_WD,PUBLISHED_DA_WHITE_DWARF_SAMPLE,LAMTRD000333
107207093,133.19149,26.818431,DA,WHITE_DWARF,LAMOST_DR5_GUO2022_WD,PUBLISHED_DA_WHITE_DWARF_SAMPLE,LAMTRD000334
107208194,132.13056,27.459916,DA,WHITE_DWARF,LAMOST_DR5_GUO2022_WD,PUBLISHED_DA_WHITE_DWARF_SAMPLE,LAMTRD000335
107209060,132.44743,29.622557,DA,WHITE_DWARF,LAMOST_DR5_GUO2022_WD,PUBLISHED_DA_WHITE_DWARF_SAMPLE,LAMTRD000336
107302193,200.8100758,17.9919109,DA,WHITE_DWARF,LAMOST_DR5_GUO2022_WD,PUBLISHED_DA_WHITE_DWARF_SAMPLE,LAMTRD000337
107304103,202.90655,18.731766,DA,WHITE_DWARF,LAMOST_DR5_GUO2022_WD,PUBLISHED_DA_WHITE_DWARF_SAMPLE,LAMTRD000338
107310052,200.54803,18.474112,DA,WHITE_DWARF,LAMOST_DR5_GUO2022_WD,PUBLISHED_DA_WHITE_DWARF_SAMPLE,LAMTRD000339
107314142,200.9008335,20.1528618,DA,WHITE_DWARF,LAMOST_DR5_GUO2022_WD,PUBLISHED_DA_WHITE_DWARF_SAMPLE,LAMTRD000340
107704216,65.02661,32.551377,DA,WHITE_DWARF,LAMOST_DR5_GUO2022_WD,PUBLISHED_DA_WHITE_DWARF_SAMPLE,LAMTRD000341
109010200,161.07922,40.931273,DA,WHITE_DWARF,LAMOST_DR5_GUO2022_WD,PUBLISHED_DA_WHITE_DWARF_SAMPLE,LAMTRD000342
109012196,166.03097,43.683897,DA,WHITE_DWARF,LAMOST_DR5_GUO2022_WD,PUBLISHED_DA_WHITE_DWARF_SAMPLE,LAMTRD000343
109015036,164.36074,43.351877,DA,WHITE_DWARF,LAMOST_DR5_GUO2022_WD,PUBLISHED_DA_WHITE_DWARF_SAMPLE,LAMTRD000344
109016056,162.88515,43.652713,DA,WHITE_DWARF,LAMOST_DR5_GUO2022_WD,PUBLISHED_DA_WHITE_DWARF_SAMPLE,LAMTRD000345
109107121,192.3013188,44.4959977,DA,WHITE_DWARF,LAMOST_DR5_GUO2022_WD,PUBLISHED_DA_WHITE_DWARF_SAMPLE,LAMTRD000346
109109194,192.0310774,46.632951,DA,WHITE_DWARF,LAMOST_DR5_GUO2022_WD,PUBLISHED_DA_WHITE_DWARF_SAMPLE,LAMTRD000347
109111188,190.32715,47.782888,DA,WHITE_DWARF,LAMOST_DR5_GUO2022_WD,PUBLISHED_DA_WHITE_DWARF_SAMPLE,LAMTRD000348
109116066,188.734266,47.625932,DA,WHITE_DWARF,LAMOST_DR5_GUO2022_WD,PUBLISHED_DA_WHITE_DWARF_SAMPLE,LAMTRD000349
110305240,207.33618,27.58566,DA,WHITE_DWARF,LAMOST_DR5_GUO2022_WD,PUBLISHED_DA_WHITE_DWARF_SAMPLE,LAMTRD000350
111310014,178.64408,24.377514,DA,WHITE_DWARF,LAMOST_DR5_GUO2022_WD,PUBLISHED_DA_WHITE_DWARF_SAMPLE,LAMTRD000351
111415230,180.09873,25.211915,DA,WHITE_DWARF,LAMOST_DR5_GUO2022_WD,PUBLISHED_DA_WHITE_DWARF_SAMPLE,LAMTRD000352
119013112,64.736175,27.296541,DA,WHITE_DWARF,LAMOST_DR5_GUO2022_WD,PUBLISHED_DA_WHITE_DWARF_SAMPLE,LAMTRD000353
119514129,92.501169,28.24081,DA,WHITE_DWARF,LAMOST_DR5_GUO2022_WD,PUBLISHED_DA_WHITE_DWARF_SAMPLE,LAMTRD000354
119807144,112.93792,23.898016,DA,WHITE_DWARF,LAMOST_DR5_GUO2022_WD,PUBLISHED_DA_WHITE_DWARF_SAMPLE,LAMTRD000355
119905084,159.88703,24.329864,DA,WHITE_DWARF,LAMOST_DR5_GUO2022_WD,PUBLISHED_DA_WHITE_DWARF_SAMPLE,LAMTRD000356
119908181,160.72676,24.727728,DA,WHITE_DWARF,LAMOST_DR5_GUO2022_WD,PUBLISHED_DA_WHITE_DWARF_SAMPLE,LAMTRD000357
119909056,161.21982,26.760618,DA,WHITE_DWARF,LAMOST_DR5_GUO2022_WD,PUBLISHED_DA_WHITE_DWARF_SAMPLE,LAMTRD000358
119912071,161.1668071,27.5143888,DA,WHITE_DWARF,LAMOST_DR5_GUO2022_WD,PUBLISHED_DA_WHITE_DWARF_SAMPLE,LAMTRD000359
119915030,160.29344,27.063523,DA,WHITE_DWARF,LAMOST_DR5_GUO2022_WD,PUBLISHED_DA_WHITE_DWARF_SAMPLE,LAMTRD000360
120202150,209.07702,14.89666,DA,WHITE_DWARF,LAMOST_DR5_GUO2022_WD,PUBLISHED_DA_WHITE_DWARF_SAMPLE,LAMTRD000361
120203158,209.2470056,16.7785654,DA,WHITE_DWARF,LAMOST_DR5_GUO2022_WD,PUBLISHED_DA_WHITE_DWARF_SAMPLE,LAMTRD000362
120204128,210.06444,16.346194,DA,WHITE_DWARF,LAMOST_DR5_GUO2022_WD,PUBLISHED_DA_WHITE_DWARF_SAMPLE,LAMTRD000363
120204141,210.05873,16.163459,DA,WHITE_DWARF,LAMOST_DR5_GUO2022_WD,PUBLISHED_DA_WHITE_DWARF_SAMPLE,LAMTRD000364
120206186,212.36454,16.216025,DA,WHITE_DWARF,LAMOST_DR5_GUO2022_WD,PUBLISHED_DA_WHITE_DWARF_SAMPLE,LAMTRD000365
120211094,210.31351,18.559671,DA,WHITE_DWARF,LAMOST_DR5_GUO2022_WD,PUBLISHED_DA_WHITE_DWARF_SAMPLE,LAMTRD000366
120214184,208.42659,16.947604,DA,WHITE_DWARF,LAMOST_DR5_GUO2022_WD,PUBLISHED_DA_WHITE_DWARF_SAMPLE,LAMTRD000367
120703084,171.0337984,15.1258455,DA,WHITE_DWARF,LAMOST_DR5_GUO2022_WD,PUBLISHED_DA_WHITE_DWARF_SAMPLE,LAMTRD000368
120710222,170.79031,14.771282,DA,WHITE_DWARF,LAMOST_DR5_GUO2022_WD,PUBLISHED_DA_WHITE_DWARF_SAMPLE,LAMTRD000369
120716062,171.17885,17.087246,DA,WHITE_DWARF,LAMOST_DR5_GUO2022_WD,PUBLISHED_DA_WHITE_DWARF_SAMPLE,LAMTRD000370
120808030,173.113995,15.291908,DA,WHITE_DWARF,LAMOST_DR5_GUO2022_WD,PUBLISHED_DA_WHITE_DWARF_SAMPLE,LAMTRD000371
121012046,222.05867,28.419925,DA,WHITE_DWARF,LAMOST_DR5_GUO2022_WD,PUBLISHED_DA_WHITE_DWARF_SAMPLE,LAMTRD000372
121505138,146.662814,43.914695,DA,WHITE_DWARF,LAMOST_DR5_GUO2022_WD,PUBLISHED_DA_WHITE_DWARF_SAMPLE,LAMTRD000373
121601032,146.13011,43.023308,DA,WHITE_DWARF,LAMOST_DR5_GUO2022_WD,PUBLISHED_DA_WHITE_DWARF_SAMPLE,LAMTRD000374
121601055,146.24284,43.497208,DA,WHITE_DWARF,LAMOST_DR5_GUO2022_WD,PUBLISHED_DA_WHITE_DWARF_SAMPLE,LAMTRD000375
121607016,148.19528,43.410031,DA,WHITE_DWARF,LAMOST_DR5_GUO2022_WD,PUBLISHED_DA_WHITE_DWARF_SAMPLE,LAMTRD000376
121608129,148.27848,44.558592,DA,WHITE_DWARF,LAMOST_DR5_GUO2022_WD,PUBLISHED_DA_WHITE_DWARF_SAMPLE,LAMTRD000377
121803109,188.92342,52.10331,DA,WHITE_DWARF,LAMOST_DR5_GUO2022_WD,PUBLISHED_DA_WHITE_DWARF_SAMPLE,LAMTRD000378
122904054,200.99032,20.992615,DA,WHITE_DWARF,LAMOST_DR5_GUO2022_WD,PUBLISHED_DA_WHITE_DWARF_SAMPLE,LAMTRD000379
122904097,200.90085,20.152868,DA,WHITE_DWARF,LAMOST_DR5_GUO2022_WD,PUBLISHED_DA_WHITE_DWARF_SAMPLE,LAMTRD000380
122908076,202.07677,20.677619,DA,WHITE_DWARF,LAMOST_DR5_GUO2022_WD,PUBLISHED_DA_WHITE_DWARF_SAMPLE,LAMTRD000381
124808057,203.94505,52.215343,DA,WHITE_DWARF,LAMOST_DR5_GUO2022_WD,PUBLISHED_DA_WHITE_DWARF_SAMPLE,LAMTRD000382
124901015,202.37816,50.377439,DA,WHITE_DWARF,LAMOST_DR5_GUO2022_WD,PUBLISHED_DA_WHITE_DWARF_SAMPLE,LAMTRD000383
124901048,201.50126,50.738538,DA,WHITE_DWARF,LAMOST_DR5_GUO2022_WD,PUBLISHED_DA_WHITE_DWARF_SAMPLE,LAMTRD000384
124903228,199.8681,52.392944,DA,WHITE_DWARF,LAMOST_DR5_GUO2022_WD,PUBLISHED_DA_WHITE_DWARF_SAMPLE,LAMTRD000385
124907240,203.8105,50.836755,DA,WHITE_DWARF,LAMOST_DR5_GUO2022_WD,PUBLISHED_DA_WHITE_DWARF_SAMPLE,LAMTRD000386
124911110,202.65857,54.756796,DA,WHITE_DWARF,LAMOST_DR5_GUO2022_WD,PUBLISHED_DA_WHITE_DWARF_SAMPLE,LAMTRD000387
125601071,156.20367,8.938762,DA,WHITE_DWARF,LAMOST_DR5_GUO2022_WD,PUBLISHED_DA_WHITE_DWARF_SAMPLE,LAMTRD000388
125809101,217.98586,37.108399,DA,WHITE_DWARF,LAMOST_DR5_GUO2022_WD,PUBLISHED_DA_WHITE_DWARF_SAMPLE,LAMTRD000389
125809123,217.677565,37.170836,DA,WHITE_DWARF,LAMOST_DR5_GUO2022_WD,PUBLISHED_DA_WHITE_DWARF_SAMPLE,LAMTRD000390
125812069,218.40049,37.86114,DA,WHITE_DWARF,LAMOST_DR5_GUO2022_WD,PUBLISHED_DA_WHITE_DWARF_SAMPLE,LAMTRD000391
126507187,212.438489,42.266858,DA,WHITE_DWARF,LAMOST_DR5_GUO2022_WD,PUBLISHED_DA_WHITE_DWARF_SAMPLE,LAMTRD000392
126514240,207.58364,43.96404,DA,WHITE_DWARF,LAMOST_DR5_GUO2022_WD,PUBLISHED_DA_WHITE_DWARF_SAMPLE,LAMTRD000393
130109111,130.71785,34.406188,DA,WHITE_DWARF,LAMOST_DR5_GUO2022_WD,PUBLISHED_DA_WHITE_DWARF_SAMPLE,LAMTRD000394
130109120,130.9020222,34.2017949,DA,WHITE_DWARF,LAMOST_DR5_GUO2022_WD,PUBLISHED_DA_WHITE_DWARF_SAMPLE,LAMTRD000395
130114164,128.53799,33.892529,DA,WHITE_DWARF,LAMOST_DR5_GUO2022_WD,PUBLISHED_DA_WHITE_DWARF_SAMPLE,LAMTRD000396
130116049,128.63831,35.159304,DA,WHITE_DWARF,LAMOST_DR5_GUO2022_WD,PUBLISHED_DA_WHITE_DWARF_SAMPLE,LAMTRD000397
130416132,185.89133,22.139124,DA,WHITE_DWARF,LAMOST_DR5_GUO2022_WD,PUBLISHED_DA_WHITE_DWARF_SAMPLE,LAMTRD000398
131412104,216.92097,1.7152611,DA,WHITE_DWARF,LAMOST_DR5_GUO2022_WD,PUBLISHED_DA_WHITE_DWARF_SAMPLE,LAMTRD000399
132215043,221.14084,-0.9996842,DA,WHITE_DWARF,LAMOST_DR5_GUO2022_WD,PUBLISHED_DA_WHITE_DWARF_SAMPLE,LAMTRD000400
132306175,223.13146,-2.9427672,DA,WHITE_DWARF,LAMOST_DR5_GUO2022_WD,PUBLISHED_DA_WHITE_DWARF_SAMPLE,LAMTRD000401
132603151,135.74261,23.111171,DA,WHITE_DWARF,LAMOST_DR5_GUO2022_WD,PUBLISHED_DA_WHITE_DWARF_SAMPLE,LAMTRD000402
132801055,184.37186,38.720618,DA,WHITE_DWARF,LAMOST_DR5_GUO2022_WD,PUBLISHED_DA_WHITE_DWARF_SAMPLE,LAMTRD000403
132805089,184.34816,39.016521,DA,WHITE_DWARF,LAMOST_DR5_GUO2022_WD,PUBLISHED_DA_WHITE_DWARF_SAMPLE,LAMTRD000404
132809061,185.90084,41.378515,DA,WHITE_DWARF,LAMOST_DR5_GUO2022_WD,PUBLISHED_DA_WHITE_DWARF_SAMPLE,LAMTRD000405
132812176,186.70983,42.216191,DA,WHITE_DWARF,LAMOST_DR5_GUO2022_WD,PUBLISHED_DA_WHITE_DWARF_SAMPLE,LAMTRD000406
133506103,194.35002,42.348285,DA,WHITE_DWARF,LAMOST_DR5_GUO2022_WD,PUBLISHED_DA_WHITE_DWARF_SAMPLE,LAMTRD000407
133508203,192.1983,41.8857322,DA,WHITE_DWARF,LAMOST_DR5_GUO2022_WD,PUBLISHED_DA_WHITE_DWARF_SAMPLE,LAMTRD000408
133716117,236.63943,0.7820987,DA,WHITE_DWARF,LAMOST_DR5_GUO2022_WD,PUBLISHED_DA_WHITE_DWARF_SAMPLE,LAMTRD000409
134003214,153.2992,25.64103,DA,WHITE_DWARF,LAMOST_DR5_GUO2022_WD,PUBLISHED_DA_WHITE_DWARF_SAMPLE,LAMTRD000410
134006056,156.60923,25.395033,DA,WHITE_DWARF,LAMOST_DR5_GUO2022_WD,PUBLISHED_DA_WHITE_DWARF_SAMPLE,LAMTRD000411
134008069,155.35872,25.063495,DA,WHITE_DWARF,LAMOST_DR5_GUO2022_WD,PUBLISHED_DA_WHITE_DWARF_SAMPLE,LAMTRD000412
134012038,155.29975,27.256147,DA,WHITE_DWARF,LAMOST_DR5_GUO2022_WD,PUBLISHED_DA_WHITE_DWARF_SAMPLE,LAMTRD000413
134015186,153.90208,26.274875,DA,WHITE_DWARF,LAMOST_DR5_GUO2022_WD,PUBLISHED_DA_WHITE_DWARF_SAMPLE,LAMTRD000414
134203146,212.33599,46.868719,DA,WHITE_DWARF,LAMOST_DR5_GUO2022_WD,PUBLISHED_DA_WHITE_DWARF_SAMPLE,LAMTRD000415
134804145,153.99306,-2.059473,DA,WHITE_DWARF,LAMOST_DR5_GUO2022_WD,PUBLISHED_DA_WHITE_DWARF_SAMPLE,LAMTRD000416
134809144,155.1487,-1.1991129,DA,WHITE_DWARF,LAMOST_DR5_GUO2022_WD,PUBLISHED_DA_WHITE_DWARF_SAMPLE,LAMTRD000417
134903031,205.00512,22.398652,DA,WHITE_DWARF,LAMOST_DR5_GUO2022_WD,PUBLISHED_DA_WHITE_DWARF_SAMPLE,LAMTRD000418
134911187,206.0215503,24.7306062,DA,WHITE_DWARF,LAMOST_DR5_GUO2022_WD,PUBLISHED_DA_WHITE_DWARF_SAMPLE,LAMTRD000419
135004248,118.21412,27.253802,DA,WHITE_DWARF,LAMOST_DR5_GUO2022_WD,PUBLISHED_DA_WHITE_DWARF_SAMPLE,LAMTRD000420
135205067,139.99423,20.67256,DA,WHITE_DWARF,LAMOST_DR5_GUO2022_WD,PUBLISHED_DA_WHITE_DWARF_SAMPLE,LAMTRD000421
135215041,140.47808,22.743359,DA,WHITE_DWARF,LAMOST_DR5_GUO2022_WD,PUBLISHED_DA_WHITE_DWARF_SAMPLE,LAMTRD000422
135402117,234.96191,1.9000512,DA,WHITE_DWARF,LAMOST_DR5_GUO2022_WD,PUBLISHED_DA_WHITE_DWARF_SAMPLE,LAMTRD000423
135405071,235.37817,3.3869306,DA,WHITE_DWARF,LAMOST_DR5_GUO2022_WD,PUBLISHED_DA_WHITE_DWARF_SAMPLE,LAMTRD000424
135905182,136.01175,13.819764,DA,WHITE_DWARF,LAMOST_DR5_GUO2022_WD,PUBLISHED_DA_WHITE_DWARF_SAMPLE,LAMTRD000425
139803035,149.3302,23.711322,DA,WHITE_DWARF,LAMOST_DR5_GUO2022_WD,PUBLISHED_DA_WHITE_DWARF_SAMPLE,LAMTRD000426
139808121,151.49629,22.825639,DA,WHITE_DWARF,LAMOST_DR5_GUO2022_WD,PUBLISHED_DA_WHITE_DWARF_SAMPLE,LAMTRD000427
139808165,151.00983,23.410421,DA,WHITE_DWARF,LAMOST_DR5_GUO2022_WD,PUBLISHED_DA_WHITE_DWARF_SAMPLE,LAMTRD000428
139809089,151.2127,25.429295,DA,WHITE_DWARF,LAMOST_DR5_GUO2022_WD,PUBLISHED_DA_WHITE_DWARF_SAMPLE,LAMTRD000429
140007064,190.41676,-7.551575,DA,WHITE_DWARF,LAMOST_DR5_GUO2022_WD,PUBLISHED_DA_WHITE_DWARF_SAMPLE,LAMTRD000430
140108109,222.19522,7.217886,DA,WHITE_DWARF,LAMOST_DR5_GUO2022_WD,PUBLISHED_DA_WHITE_DWARF_SAMPLE,LAMTRD000431
140607155,173.8694757,44.969835,DA,WHITE_DWARF,LAMOST_DR5_GUO2022_WD,PUBLISHED_DA_WHITE_DWARF_SAMPLE,LAMTRD000432
140609126,174.1984699,47.5325415,DA,WHITE_DWARF,LAMOST_DR5_GUO2022_WD,PUBLISHED_DA_WHITE_DWARF_SAMPLE,LAMTRD000433
140804051,224.35954,36.727935,DA,WHITE_DWARF,LAMOST_DR5_GUO2022_WD,PUBLISHED_DA_WHITE_DWARF_SAMPLE,LAMTRD000434
141108164,149.54445,-1.0716078,DA,WHITE_DWARF,LAMOST_DR5_GUO2022_WD,PUBLISHED_DA_WHITE_DWARF_SAMPLE,LAMTRD000435
141112004,150.56082,1.1406313,DA,WHITE_DWARF,LAMOST_DR5_GUO2022_WD,PUBLISHED_DA_WHITE_DWARF_SAMPLE,LAMTRD000436
141115056,148.04815,0.3111221,DA,WHITE_DWARF,LAMOST_DR5_GUO2022_WD,PUBLISHED_DA_WHITE_DWARF_SAMPLE,LAMTRD000437
141301147,206.2895,-0.9587141,DA,WHITE_DWARF,LAMOST_DR5_GUO2022_WD,PUBLISHED_DA_WHITE_DWARF_SAMPLE,LAMTRD000438
141401062,205.66076,-1.1835263,DA,WHITE_DWARF,LAMOST_DR5_GUO2022_WD,PUBLISHED_DA_WHITE_DWARF_SAMPLE,LAMTRD000439
141411092,205.74934,2.3693412,DA,WHITE_DWARF,LAMOST_DR5_GUO2022_WD,PUBLISHED_DA_WHITE_DWARF_SAMPLE,LAMTRD000440
141805114,162.36984,9.9830558,DA,WHITE_DWARF,LAMOST_DR5_GUO2022_WD,PUBLISHED_DA_WHITE_DWARF_SAMPLE,LAMTRD000441
142015222,207.19587,6.8569263,DA,WHITE_DWARF,LAMOST_DR5_GUO2022_WD,PUBLISHED_DA_WHITE_DWARF_SAMPLE,LAMTRD000442
142504069,146.88191,18.986856,DA,WHITE_DWARF,LAMOST_DR5_GUO2022_WD,PUBLISHED_DA_WHITE_DWARF_SAMPLE,LAMTRD000443
142513130,148.29388,19.293373,DA,WHITE_DWARF,LAMOST_DR5_GUO2022_WD,PUBLISHED_DA_WHITE_DWARF_SAMPLE,LAMTRD000444
142804075,203.83419,14.380487,DA,WHITE_DWARF,LAMOST_DR5_GUO2022_WD,PUBLISHED_DA_WHITE_DWARF_SAMPLE,LAMTRD000445
142805230,202.94497,13.117351,DA,WHITE_DWARF,LAMOST_DR5_GUO2022_WD,PUBLISHED_DA_WHITE_DWARF_SAMPLE,LAMTRD000446
142808008,204.30338,13.435686,DA,WHITE_DWARF,LAMOST_DR5_GUO2022_WD,PUBLISHED_DA_WHITE_DWARF_SAMPLE,LAMTRD000447
142811090,203.3179331,15.8451434,DA,WHITE_DWARF,LAMOST_DR5_GUO2022_WD,PUBLISHED_DA_WHITE_DWARF_SAMPLE,LAMTRD000448
142815160,202.66463,15.384994,DA,WHITE_DWARF,LAMOST_DR5_GUO2022_WD,PUBLISHED_DA_WHITE_DWARF_SAMPLE,LAMTRD000449
143114136,258.31558,40.896412,DA,WHITE_DWARF,LAMOST_DR5_GUO2022_WD,PUBLISHED_DA_WHITE_DWARF_SAMPLE,LAMTRD000450
143115156,259.68133,41.344696,DA,WHITE_DWARF,LAMOST_DR5_GUO2022_WD,PUBLISHED_DA_WHITE_DWARF_SAMPLE,LAMTRD000451
143301092,144.79865,8.6548277,DA,WHITE_DWARF,LAMOST_DR5_GUO2022_WD,PUBLISHED_DA_WHITE_DWARF_SAMPLE,LAMTRD000452
143505080,202.04772,46.514115,DA,WHITE_DWARF,LAMOST_DR5_GUO2022_WD,PUBLISHED_DA_WHITE_DWARF_SAMPLE,LAMTRD000453
143507019,204.02197,46.184812,DA,WHITE_DWARF,LAMOST_DR5_GUO2022_WD,PUBLISHED_DA_WHITE_DWARF_SAMPLE,LAMTRD000454
143508169,203.150121,47.069628,DA,WHITE_DWARF,LAMOST_DR5_GUO2022_WD,PUBLISHED_DA_WHITE_DWARF_SAMPLE,LAMTRD000455
143815058,256.37842,27.256482,DA,WHITE_DWARF,LAMOST_DR5_GUO2022_WD,PUBLISHED_DA_WHITE_DWARF_SAMPLE,LAMTRD000456
144107166,197.0634,-1.9845799,DA,WHITE_DWARF,LAMOST_DR5_GUO2022_WD,PUBLISHED_DA_WHITE_DWARF_SAMPLE,LAMTRD000457
144108046,197.08669,0.225057,DA,WHITE_DWARF,LAMOST_DR5_GUO2022_WD,PUBLISHED_DA_WHITE_DWARF_SAMPLE,LAMTRD000458
144301107,253.29249,12.87762,DA,WHITE_DWARF,LAMOST_DR5_GUO2022_WD,PUBLISHED_DA_WHITE_DWARF_SAMPLE,LAMTRD000459
144404068,145.88699,31.415248,DA,WHITE_DWARF,LAMOST_DR5_GUO2022_WD,PUBLISHED_DA_WHITE_DWARF_SAMPLE,LAMTRD000460
144405166,145.17329,30.355157,DA,WHITE_DWARF,LAMOST_DR5_GUO2022_WD,PUBLISHED_DA_WHITE_DWARF_SAMPLE,LAMTRD000461
144408190,145.85016,30.064442,DA,WHITE_DWARF,LAMOST_DR5_GUO2022_WD,PUBLISHED_DA_WHITE_DWARF_SAMPLE,LAMTRD000462
144508236,195.6584298,27.8571208,DA,WHITE_DWARF,LAMOST_DR5_GUO2022_WD,PUBLISHED_DA_WHITE_DWARF_SAMPLE,LAMTRD000463
144511144,194.6437,30.3209,DA,WHITE_DWARF,LAMOST_DR5_GUO2022_WD,PUBLISHED_DA_WHITE_DWARF_SAMPLE,LAMTRD000464
144516097,192.89694,29.345572,DA,WHITE_DWARF,LAMOST_DR5_GUO2022_WD,PUBLISHED_DA_WHITE_DWARF_SAMPLE,LAMTRD000465
144711110,254.71297,34.314794,DA,WHITE_DWARF,LAMOST_DR5_GUO2022_WD,PUBLISHED_DA_WHITE_DWARF_SAMPLE,LAMTRD000466
145002170,157.25539,30.726368,DA,WHITE_DWARF,LAMOST_DR5_GUO2022_WD,PUBLISHED_DA_WHITE_DWARF_SAMPLE,LAMTRD000467
145014175,157.76477,32.581373,DA,WHITE_DWARF,LAMOST_DR5_GUO2022_WD,PUBLISHED_DA_WHITE_DWARF_SAMPLE,LAMTRD000468
145103106,183.59601,48.721188,DA,WHITE_DWARF,LAMOST_DR5_GUO2022_WD,PUBLISHED_DA_WHITE_DWARF_SAMPLE,LAMTRD000469
145106135,189.188103,47.922819,DA,WHITE_DWARF,LAMOST_DR5_GUO2022_WD,PUBLISHED_DA_WHITE_DWARF_SAMPLE,LAMTRD000470
145301051,229.0338,40.921841,DA,WHITE_DWARF,LAMOST_DR5_GUO2022_WD,PUBLISHED_DA_WHITE_DWARF_SAMPLE,LAMTRD000471
145302149,227.791053,40.800288,DA,WHITE_DWARF,LAMOST_DR5_GUO2022_WD,PUBLISHED_DA_WHITE_DWARF_SAMPLE,LAMTRD000472
145311013,228.43131,44.576748,DA,WHITE_DWARF,LAMOST_DR5_GUO2022_WD,PUBLISHED_DA_WHITE_DWARF_SAMPLE,LAMTRD000473
145315214,228.696374,44.026904,DA,WHITE_DWARF,LAMOST_DR5_GUO2022_WD,PUBLISHED_DA_WHITE_DWARF_SAMPLE,LAMTRD000474
146313201,180.72489,54.6193,DA,WHITE_DWARF,LAMOST_DR5_GUO2022_WD,PUBLISHED_DA_WHITE_DWARF_SAMPLE,LAMTRD000475
146509165,248.674357,17.609477,DA,WHITE_DWARF,LAMOST_DR5_GUO2022_WD,PUBLISHED_DA_WHITE_DWARF_SAMPLE,LAMTRD000476
146611066,248.45325,18.41356,DA,WHITE_DWARF,LAMOST_DR5_GUO2022_WD,PUBLISHED_DA_WHITE_DWARF_SAMPLE,LAMTRD000477
146806178,180.06242,49.326561,DA,WHITE_DWARF,LAMOST_DR5_GUO2022_WD,PUBLISHED_DA_WHITE_DWARF_SAMPLE,LAMTRD000478
148611045,164.81845,51.411984,DA,WHITE_DWARF,LAMOST_DR5_GUO2022_WD,PUBLISHED_DA_WHITE_DWARF_SAMPLE,LAMTRD000479
149305095,185.9008384,41.3785194,DA,WHITE_DWARF,LAMOST_DR5_GUO2022_WD,PUBLISHED_DA_WHITE_DWARF_SAMPLE,LAMTRD000480
149305119,186.70996,42.216339,DA,WHITE_DWARF,LAMOST_DR5_GUO2022_WD,PUBLISHED_DA_WHITE_DWARF_SAMPLE,LAMTRD000481
149603181,158.041611,53.493172,DA,WHITE_DWARF,LAMOST_DR5_GUO2022_WD,PUBLISHED_DA_WHITE_DWARF_SAMPLE,LAMTRD000482
150213006,211.68632,53.750127,DA,WHITE_DWARF,LAMOST_DR5_GUO2022_WD,PUBLISHED_DA_WHITE_DWARF_SAMPLE,LAMTRD000483
150901130,227.2141151,53.0324282,DA,WHITE_DWARF,LAMOST_DR5_GUO2022_WD,PUBLISHED_DA_WHITE_DWARF_SAMPLE,LAMTRD000484
151002212,253.32816,37.174221,DA,WHITE_DWARF,LAMOST_DR5_GUO2022_WD,PUBLISHED_DA_WHITE_DWARF_SAMPLE,LAMTRD000485
151016174,253.93929,40.698868,DA,WHITE_DWARF,LAMOST_DR5_GUO2022_WD,PUBLISHED_DA_WHITE_DWARF_SAMPLE,LAMTRD000486
152005067,237.6467,40.432946,DA,WHITE_DWARF,LAMOST_DR5_GUO2022_WD,PUBLISHED_DA_WHITE_DWARF_SAMPLE,LAMTRD000487
152302116,184.42461,22.628744,DA,WHITE_DWARF,LAMOST_DR5_GUO2022_WD,PUBLISHED_DA_WHITE_DWARF_SAMPLE,LAMTRD000488
152316182,184.145883,26.493,DA,WHITE_DWARF,LAMOST_DR5_GUO2022_WD,PUBLISHED_DA_WHITE_DWARF_SAMPLE,LAMTRD000489
152702079,249.83457,40.511534,DA,WHITE_DWARF,LAMOST_DR5_GUO2022_WD,PUBLISHED_DA_WHITE_DWARF_SAMPLE,LAMTRD000490
152915031,191.03194,58.397746,DA,WHITE_DWARF,LAMOST_DR5_GUO2022_WD,PUBLISHED_DA_WHITE_DWARF_SAMPLE,LAMTRD000491
153210217,209.84441,49.047025,DA,WHITE_DWARF,LAMOST_DR5_GUO2022_WD,PUBLISHED_DA_WHITE_DWARF_SAMPLE,LAMTRD000492
155201072,236.23668,45.2561,DA,WHITE_DWARF,LAMOST_DR5_GUO2022_WD,PUBLISHED_DA_WHITE_DWARF_SAMPLE,LAMTRD000493
156405163,266.53755,24.913726,DA,WHITE_DWARF,LAMOST_DR5_GUO2022_WD,PUBLISHED_DA_WHITE_DWARF_SAMPLE,LAMTRD000494
156906015,33.811961,5.041185,DA,WHITE_DWARF,LAMOST_DR5_GUO2022_WD,PUBLISHED_DA_WHITE_DWARF_SAMPLE,LAMTRD000495
156915157,31.8503505,7.2629107,DA,WHITE_DWARF,LAMOST_DR5_GUO2022_WD,PUBLISHED_DA_WHITE_DWARF_SAMPLE,LAMTRD000496
156916160,31.2647627,7.5047129,DA,WHITE_DWARF,LAMOST_DR5_GUO2022_WD,PUBLISHED_DA_WHITE_DWARF_SAMPLE,LAMTRD000497
156916186,31.0577708,7.44175,DA,WHITE_DWARF,LAMOST_DR5_GUO2022_WD,PUBLISHED_DA_WHITE_DWARF_SAMPLE,LAMTRD000498
157407204,328.105743,2.388795,DA,WHITE_DWARF,LAMOST_DR5_GUO2022_WD,PUBLISHED_DA_WHITE_DWARF_SAMPLE,LAMTRD000499
158401006,355.961334,32.546337,DA,WHITE_DWARF,LAMOST_DR5_GUO2022_WD,PUBLISHED_DA_WHITE_DWARF_SAMPLE,LAMTRD000500
116205228,88.441968,23.091259,A1IV,NORMAL_STAR,LAMOST_DR5_GENERAL_SPECTROSCOPY,LAMOST_DR5_PIPELINE_SUBCLASS,LAMTRD000501
116205242,88.370148,23.218178,A2V,NORMAL_STAR,LAMOST_DR5_GENERAL_SPECTROSCOPY,LAMOST_DR5_PIPELINE_SUBCLASS,LAMTRD000502
116206004,90.889074,23.171748,A1V,NORMAL_STAR,LAMOST_DR5_GENERAL_SPECTROSCOPY,LAMOST_DR5_PIPELINE_SUBCLASS,LAMTRD000503
116206007,91.012409,23.365731,A7V,NORMAL_STAR,LAMOST_DR5_GENERAL_SPECTROSCOPY,LAMOST_DR5_PIPELINE_SUBCLASS,LAMTRD000504
116206011,90.884431,23.301522,A5V,NORMAL_STAR,LAMOST_DR5_GENERAL_SPECTROSCOPY,LAMOST_DR5_PIPELINE_SUBCLASS,LAMTRD000505
116206026,91.170074,24.133313,A2V,NORMAL_STAR,LAMOST_DR5_GENERAL_SPECTROSCOPY,LAMOST_DR5_PIPELINE_SUBCLASS,LAMTRD000506
116206074,91.94582,24.192556,A2IV,NORMAL_STAR,LAMOST_DR5_GENERAL_SPECTROSCOPY,LAMOST_DR5_PIPELINE_SUBCLASS,LAMTRD000507
116206075,91.730446,23.987063,A2V,NORMAL_STAR,LAMOST_DR5_GENERAL_SPECTROSCOPY,LAMOST_DR5_PIPELINE_SUBCLASS,LAMTRD000508
116206099,91.128547,23.803481,A2V,NORMAL_STAR,LAMOST_DR5_GENERAL_SPECTROSCOPY,LAMOST_DR5_PIPELINE_SUBCLASS,LAMTRD000509
116206108,91.489842,23.095621,A1V,NORMAL_STAR,LAMOST_DR5_GENERAL_SPECTROSCOPY,LAMOST_DR5_PIPELINE_SUBCLASS,LAMTRD000510
116206112,91.424623,23.217406,A1IV,NORMAL_STAR,LAMOST_DR5_GENERAL_SPECTROSCOPY,LAMOST_DR5_PIPELINE_SUBCLASS,LAMTRD000511
116206127,91.404735,23.868006,A2IV,NORMAL_STAR,LAMOST_DR5_GENERAL_SPECTROSCOPY,LAMOST_DR5_PIPELINE_SUBCLASS,LAMTRD000512
116206129,91.883791,23.859863,A2IV,NORMAL_STAR,LAMOST_DR5_GENERAL_SPECTROSCOPY,LAMOST_DR5_PIPELINE_SUBCLASS,LAMTRD000513
116206138,91.404609,23.978462,A6IV,NORMAL_STAR,LAMOST_DR5_GENERAL_SPECTROSCOPY,LAMOST_DR5_PIPELINE_SUBCLASS,LAMTRD000514
116206141,91.475771,23.845238,A5V,NORMAL_STAR,LAMOST_DR5_GENERAL_SPECTROSCOPY,LAMOST_DR5_PIPELINE_SUBCLASS,LAMTRD000515
116206143,91.763097,23.915975,A1V,NORMAL_STAR,LAMOST_DR5_GENERAL_SPECTROSCOPY,LAMOST_DR5_PIPELINE_SUBCLASS,LAMTRD000516
116206151,91.616238,23.664947,A1V,NORMAL_STAR,LAMOST_DR5_GENERAL_SPECTROSCOPY,LAMOST_DR5_PIPELINE_SUBCLASS,LAMTRD000517
116206161,91.738962,23.741426,A1V,NORMAL_STAR,LAMOST_DR5_GENERAL_SPECTROSCOPY,LAMOST_DR5_PIPELINE_SUBCLASS,LAMTRD000518
116206162,91.676834,23.550261,A0III,NORMAL_STAR,LAMOST_DR5_GENERAL_SPECTROSCOPY,LAMOST_DR5_PIPELINE_SUBCLASS,LAMTRD000519
116206163,91.787066,23.548933,A1V,NORMAL_STAR,LAMOST_DR5_GENERAL_SPECTROSCOPY,LAMOST_DR5_PIPELINE_SUBCLASS,LAMTRD000520
116206169,91.7041,23.681108,A1IV,NORMAL_STAR,LAMOST_DR5_GENERAL_SPECTROSCOPY,LAMOST_DR5_PIPELINE_SUBCLASS,LAMTRD000521
116206191,91.380919,23.540756,A1V,NORMAL_STAR,LAMOST_DR5_GENERAL_SPECTROSCOPY,LAMOST_DR5_PIPELINE_SUBCLASS,LAMTRD000522
116206192,91.134733,23.661417,A2V,NORMAL_STAR,LAMOST_DR5_GENERAL_SPECTROSCOPY,LAMOST_DR5_PIPELINE_SUBCLASS,LAMTRD000523
116206208,91.47293,23.396859,A0III,NORMAL_STAR,LAMOST_DR5_GENERAL_SPECTROSCOPY,LAMOST_DR5_PIPELINE_SUBCLASS,LAMTRD000524
116206211,91.197517,23.404404,A0III,NORMAL_STAR,LAMOST_DR5_GENERAL_SPECTROSCOPY,LAMOST_DR5_PIPELINE_SUBCLASS,LAMTRD000525
116206223,91.232573,23.090452,A1V,NORMAL_STAR,LAMOST_DR5_GENERAL_SPECTROSCOPY,LAMOST_DR5_PIPELINE_SUBCLASS,LAMTRD000526
116206232,90.728598,23.55578,A1V,NORMAL_STAR,LAMOST_DR5_GENERAL_SPECTROSCOPY,LAMOST_DR5_PIPELINE_SUBCLASS,LAMTRD000527
116206234,90.935339,23.520618,A2V,NORMAL_STAR,LAMOST_DR5_GENERAL_SPECTROSCOPY,LAMOST_DR5_PIPELINE_SUBCLASS,LAMTRD000528
116206238,90.681936,23.602512,A2IV,NORMAL_STAR,LAMOST_DR5_GENERAL_SPECTROSCOPY,LAMOST_DR5_PIPELINE_SUBCLASS,LAMTRD000529
116206241,91.006989,23.625082,A2V,NORMAL_STAR,LAMOST_DR5_GENERAL_SPECTROSCOPY,LAMOST_DR5_PIPELINE_SUBCLASS,LAMTRD000530
116206245,90.96243,23.660376,A1IV,NORMAL_STAR,LAMOST_DR5_GENERAL_SPECTROSCOPY,LAMOST_DR5_PIPELINE_SUBCLASS,LAMTRD000531
116207029,90.028609,22.710301,A5V,NORMAL_STAR,LAMOST_DR5_GENERAL_SPECTROSCOPY,LAMOST_DR5_PIPELINE_SUBCLASS,LAMTRD000532
116207032,89.628113,22.732746,A2V,NORMAL_STAR,LAMOST_DR5_GENERAL_SPECTROSCOPY,LAMOST_DR5_PIPELINE_SUBCLASS,LAMTRD000533
116207042,89.92607,22.659743,A5V,NORMAL_STAR,LAMOST_DR5_GENERAL_SPECTROSCOPY,LAMOST_DR5_PIPELINE_SUBCLASS,LAMTRD000534
116207050,89.847261,22.534964,A1V,NORMAL_STAR,LAMOST_DR5_GENERAL_SPECTROSCOPY,LAMOST_DR5_PIPELINE_SUBCLASS,LAMTRD000535
116207052,90.747386,22.852023,A2V,NORMAL_STAR,LAMOST_DR5_GENERAL_SPECTROSCOPY,LAMOST_DR5_PIPELINE_SUBCLASS,LAMTRD000536
116207057,90.705079,22.784239,A1V,NORMAL_STAR,LAMOST_DR5_GENERAL_SPECTROSCOPY,LAMOST_DR5_PIPELINE_SUBCLASS,LAMTRD000537
116207063,90.569426,22.66416,A2V,NORMAL_STAR,LAMOST_DR5_GENERAL_SPECTROSCOPY,LAMOST_DR5_PIPELINE_SUBCLASS,LAMTRD000538
116207073,90.78243,22.724346,A2V,NORMAL_STAR,LAMOST_DR5_GENERAL_SPECTROSCOPY,LAMOST_DR5_PIPELINE_SUBCLASS,LAMTRD000539
116207076,91.116866,22.518794,A1IV,NORMAL_STAR,LAMOST_DR5_GENERAL_SPECTROSCOPY,LAMOST_DR5_PIPELINE_SUBCLASS,LAMTRD000540
116207085,91.272102,22.670077,A0III,NORMAL_STAR,LAMOST_DR5_GENERAL_SPECTROSCOPY,LAMOST_DR5_PIPELINE_SUBCLASS,LAMTRD000541
116207092,90.920336,22.568789,A1V,NORMAL_STAR,LAMOST_DR5_GENERAL_SPECTROSCOPY,LAMOST_DR5_PIPELINE_SUBCLASS,LAMTRD000542
116207105,90.131917,22.693843,A5V,NORMAL_STAR,LAMOST_DR5_GENERAL_SPECTROSCOPY,LAMOST_DR5_PIPELINE_SUBCLASS,LAMTRD000543
116207117,90.439857,22.873487,A0III,NORMAL_STAR,LAMOST_DR5_GENERAL_SPECTROSCOPY,LAMOST_DR5_PIPELINE_SUBCLASS,LAMTRD000544
116207121,90.474351,22.803635,A5V,NORMAL_STAR,LAMOST_DR5_GENERAL_SPECTROSCOPY,LAMOST_DR5_PIPELINE_SUBCLASS,LAMTRD000545
116207132,91.230742,22.854145,A2V,NORMAL_STAR,LAMOST_DR5_GENERAL_SPECTROSCOPY,LAMOST_DR5_PIPELINE_SUBCLASS,LAMTRD000546
116207134,91.414181,22.840083,A5V,NORMAL_STAR,LAMOST_DR5_GENERAL_SPECTROSCOPY,LAMOST_DR5_PIPELINE_SUBCLASS,LAMTRD000547
116207136,91.361919,23.031602,A5V,NORMAL_STAR,LAMOST_DR5_GENERAL_SPECTROSCOPY,LAMOST_DR5_PIPELINE_SUBCLASS,LAMTRD000548
116207137,91.504208,22.89176,A1V,NORMAL_STAR,LAMOST_DR5_GENERAL_SPECTROSCOPY,LAMOST_DR5_PIPELINE_SUBCLASS,LAMTRD000549
116207139,91.326642,22.967651,A1V,NORMAL_STAR,LAMOST_DR5_GENERAL_SPECTROSCOPY,LAMOST_DR5_PIPELINE_SUBCLASS,LAMTRD000550
116207151,90.095387,22.12957,A9V,NORMAL_STAR,LAMOST_DR5_GENERAL_SPECTROSCOPY,LAMOST_DR5_PIPELINE_SUBCLASS,LAMTRD000551
116207153,90.119902,22.314434,A0III,NORMAL_STAR,LAMOST_DR5_GENERAL_SPECTROSCOPY,LAMOST_DR5_PIPELINE_SUBCLASS,LAMTRD000552
116207156,90.113709,22.082115,A2V,NORMAL_STAR,LAMOST_DR5_GENERAL_SPECTROSCOPY,LAMOST_DR5_PIPELINE_SUBCLASS,LAMTRD000553
116207171,90.263171,22.15894,A5V,NORMAL_STAR,LAMOST_DR5_GENERAL_SPECTROSCOPY,LAMOST_DR5_PIPELINE_SUBCLASS,LAMTRD000554
116207207,90.683093,22.330522,A5V,NORMAL_STAR,LAMOST_DR5_GENERAL_SPECTROSCOPY,LAMOST_DR5_PIPELINE_SUBCLASS,LAMTRD000555
116207209,90.71694,22.4025,A5V,NORMAL_STAR,LAMOST_DR5_GENERAL_SPECTROSCOPY,LAMOST_DR5_PIPELINE_SUBCLASS,LAMTRD000556
116207242,90.348994,22.340794,A1IV,NORMAL_STAR,LAMOST_DR5_GENERAL_SPECTROSCOPY,LAMOST_DR5_PIPELINE_SUBCLASS,LAMTRD000557
116208001,89.965147,23.614336,A1V,NORMAL_STAR,LAMOST_DR5_GENERAL_SPECTROSCOPY,LAMOST_DR5_PIPELINE_SUBCLASS,LAMTRD000558
116208006,90.050005,23.482201,A2V,NORMAL_STAR,LAMOST_DR5_GENERAL_SPECTROSCOPY,LAMOST_DR5_PIPELINE_SUBCLASS,LAMTRD000559
116208011,90.072791,23.672054,A0III,NORMAL_STAR,LAMOST_DR5_GENERAL_SPECTROSCOPY,LAMOST_DR5_PIPELINE_SUBCLASS,LAMTRD000560
116208012,90.008776,23.442321,A1V,NORMAL_STAR,LAMOST_DR5_GENERAL_SPECTROSCOPY,LAMOST_DR5_PIPELINE_SUBCLASS,LAMTRD000561
116208036,90.431505,24.195039,A5V,NORMAL_STAR,LAMOST_DR5_GENERAL_SPECTROSCOPY,LAMOST_DR5_PIPELINE_SUBCLASS,LAMTRD000562
116208037,90.326355,24.05846,A5V,NORMAL_STAR,LAMOST_DR5_GENERAL_SPECTROSCOPY,LAMOST_DR5_PIPELINE_SUBCLASS,LAMTRD000563
116208052,90.380271,23.740628,A2V,NORMAL_STAR,LAMOST_DR5_GENERAL_SPECTROSCOPY,LAMOST_DR5_PIPELINE_SUBCLASS,LAMTRD000564
116208053,90.593633,23.81181,A2V,NORMAL_STAR,LAMOST_DR5_GENERAL_SPECTROSCOPY,LAMOST_DR5_PIPELINE_SUBCLASS,LAMTRD000565
116208054,90.730866,23.930166,A5V,NORMAL_STAR,LAMOST_DR5_GENERAL_SPECTROSCOPY,LAMOST_DR5_PIPELINE_SUBCLASS,LAMTRD000566
116208055,90.434897,23.752539,A5V,NORMAL_STAR,LAMOST_DR5_GENERAL_SPECTROSCOPY,LAMOST_DR5_PIPELINE_SUBCLASS,LAMTRD000567
116208089,90.722989,24.073684,A5V,NORMAL_STAR,LAMOST_DR5_GENERAL_SPECTROSCOPY,LAMOST_DR5_PIPELINE_SUBCLASS,LAMTRD000568
116208092,90.43479,24.102848,A5V,NORMAL_STAR,LAMOST_DR5_GENERAL_SPECTROSCOPY,LAMOST_DR5_PIPELINE_SUBCLASS,LAMTRD000569
116208103,90.024194,23.358063,A2V,NORMAL_STAR,LAMOST_DR5_GENERAL_SPECTROSCOPY,LAMOST_DR5_PIPELINE_SUBCLASS,LAMTRD000570
116208106,90.2582,23.033897,A2V,NORMAL_STAR,LAMOST_DR5_GENERAL_SPECTROSCOPY,LAMOST_DR5_PIPELINE_SUBCLASS,LAMTRD000571
116208133,90.542019,23.603464,A5V,NORMAL_STAR,LAMOST_DR5_GENERAL_SPECTROSCOPY,LAMOST_DR5_PIPELINE_SUBCLASS,LAMTRD000572
116208146,90.569865,23.553283,A7V,NORMAL_STAR,LAMOST_DR5_GENERAL_SPECTROSCOPY,LAMOST_DR5_PIPELINE_SUBCLASS,LAMTRD000573
116208147,90.240982,23.538373,A1IV,NORMAL_STAR,LAMOST_DR5_GENERAL_SPECTROSCOPY,LAMOST_DR5_PIPELINE_SUBCLASS,LAMTRD000574
116208185,89.628089,23.092691,A5V,NORMAL_STAR,LAMOST_DR5_GENERAL_SPECTROSCOPY,LAMOST_DR5_PIPELINE_SUBCLASS,LAMTRD000575
116208189,89.860471,23.301159,A5V,NORMAL_STAR,LAMOST_DR5_GENERAL_SPECTROSCOPY,LAMOST_DR5_PIPELINE_SUBCLASS,LAMTRD000576
116208190,89.778838,23.043289,A1V,NORMAL_STAR,LAMOST_DR5_GENERAL_SPECTROSCOPY,LAMOST_DR5_PIPELINE_SUBCLASS,LAMTRD000577
116208191,89.924273,23.181595,A1IV,NORMAL_STAR,LAMOST_DR5_GENERAL_SPECTROSCOPY,LAMOST_DR5_PIPELINE_SUBCLASS,LAMTRD000578
116208192,89.699124,23.290958,A7V,NORMAL_STAR,LAMOST_DR5_GENERAL_SPECTROSCOPY,LAMOST_DR5_PIPELINE_SUBCLASS,LAMTRD000579
116208213,89.868732,22.848606,A5V,NORMAL_STAR,LAMOST_DR5_GENERAL_SPECTROSCOPY,LAMOST_DR5_PIPELINE_SUBCLASS,LAMTRD000580
116208222,90.166998,22.915659,A1IV,NORMAL_STAR,LAMOST_DR5_GENERAL_SPECTROSCOPY,LAMOST_DR5_PIPELINE_SUBCLASS,LAMTRD000581
116208231,90.001522,23.914751,A7III,NORMAL_STAR,LAMOST_DR5_GENERAL_SPECTROSCOPY,LAMOST_DR5_PIPELINE_SUBCLASS,LAMTRD000582
116209008,90.174361,24.374528,A7V,NORMAL_STAR,LAMOST_DR5_GENERAL_SPECTROSCOPY,LAMOST_DR5_PIPELINE_SUBCLASS,LAMTRD000583
116209011,90.283413,24.518117,A1V,NORMAL_STAR,LAMOST_DR5_GENERAL_SPECTROSCOPY,LAMOST_DR5_PIPELINE_SUBCLASS,LAMTRD000584
116209014,89.994117,24.323709,A1V,NORMAL_STAR,LAMOST_DR5_GENERAL_SPECTROSCOPY,LAMOST_DR5_PIPELINE_SUBCLASS,LAMTRD000585
116209018,90.271886,24.386314,A5V,NORMAL_STAR,LAMOST_DR5_GENERAL_SPECTROSCOPY,LAMOST_DR5_PIPELINE_SUBCLASS,LAMTRD000586
116209042,90.249509,24.838781,A1V,NORMAL_STAR,LAMOST_DR5_GENERAL_SPECTROSCOPY,LAMOST_DR5_PIPELINE_SUBCLASS,LAMTRD000587
116209054,90.045842,25.259541,A2V,NORMAL_STAR,LAMOST_DR5_GENERAL_SPECTROSCOPY,LAMOST_DR5_PIPELINE_SUBCLASS,LAMTRD000588
116209056,90.286087,25.291902,A5V,NORMAL_STAR,LAMOST_DR5_GENERAL_SPECTROSCOPY,LAMOST_DR5_PIPELINE_SUBCLASS,LAMTRD000589
116209061,90.168227,25.341108,A7IV,NORMAL_STAR,LAMOST_DR5_GENERAL_SPECTROSCOPY,LAMOST_DR5_PIPELINE_SUBCLASS,LAMTRD000590
116209062,90.137007,25.286737,A1IV,NORMAL_STAR,LAMOST_DR5_GENERAL_SPECTROSCOPY,LAMOST_DR5_PIPELINE_SUBCLASS,LAMTRD000591
116209071,90.170007,25.47213,A0III,NORMAL_STAR,LAMOST_DR5_GENERAL_SPECTROSCOPY,LAMOST_DR5_PIPELINE_SUBCLASS,LAMTRD000592
116209083,89.928368,25.595568,A1IV,NORMAL_STAR,LAMOST_DR5_GENERAL_SPECTROSCOPY,LAMOST_DR5_PIPELINE_SUBCLASS,LAMTRD000593
116209088,89.667082,25.606684,A1IV,NORMAL_STAR,LAMOST_DR5_GENERAL_SPECTROSCOPY,LAMOST_DR5_PIPELINE_SUBCLASS,LAMTRD000594
116209099,90.123722,25.657162,A2V,NORMAL_STAR,LAMOST_DR5_GENERAL_SPECTROSCOPY,LAMOST_DR5_PIPELINE_SUBCLASS,LAMTRD000595
116209118,89.631338,25.265781,A8III,NORMAL_STAR,LAMOST_DR5_GENERAL_SPECTROSCOPY,LAMOST_DR5_PIPELINE_SUBCLASS,LAMTRD000596
116209126,90.398049,24.585349,A5V,NORMAL_STAR,LAMOST_DR5_GENERAL_SPECTROSCOPY,LAMOST_DR5_PIPELINE_SUBCLASS,LAMTRD000597
116209128,90.801652,24.608289,A2V,NORMAL_STAR,LAMOST_DR5_GENERAL_SPECTROSCOPY,LAMOST_DR5_PIPELINE_SUBCLASS,LAMTRD000598
116209137,90.538586,24.501776,A0III,NORMAL_STAR,LAMOST_DR5_GENERAL_SPECTROSCOPY,LAMOST_DR5_PIPELINE_SUBCLASS,LAMTRD000599
116209171,89.92856,25.062897,A1V,NORMAL_STAR,LAMOST_DR5_GENERAL_SPECTROSCOPY,LAMOST_DR5_PIPELINE_SUBCLASS,LAMTRD000600
116209172,89.666979,24.925894,A1V,NORMAL_STAR,LAMOST_DR5_GENERAL_SPECTROSCOPY,LAMOST_DR5_PIPELINE_SUBCLASS,LAMTRD000601
116209180,90.608145,24.772435,A2V,NORMAL_STAR,LAMOST_DR5_GENERAL_SPECTROSCOPY,LAMOST_DR5_PIPELINE_SUBCLASS,LAMTRD000602
116209181,90.440435,24.743536,A2V,NORMAL_STAR,LAMOST_DR5_GENERAL_SPECTROSCOPY,LAMOST_DR5_PIPELINE_SUBCLASS,LAMTRD000603
116209187,90.268273,24.782064,A1V,NORMAL_STAR,LAMOST_DR5_GENERAL_SPECTROSCOPY,LAMOST_DR5_PIPELINE_SUBCLASS,LAMTRD000604
116209192,90.44625,25.135789,A1V,NORMAL_STAR,LAMOST_DR5_GENERAL_SPECTROSCOPY,LAMOST_DR5_PIPELINE_SUBCLASS,LAMTRD000605
116209194,90.393191,24.955214,A1V,NORMAL_STAR,LAMOST_DR5_GENERAL_SPECTROSCOPY,LAMOST_DR5_PIPELINE_SUBCLASS,LAMTRD000606
116209197,90.363846,25.02323,A1IV,NORMAL_STAR,LAMOST_DR5_GENERAL_SPECTROSCOPY,LAMOST_DR5_PIPELINE_SUBCLASS,LAMTRD000607
116209201,90.078242,24.702921,A0III,NORMAL_STAR,LAMOST_DR5_GENERAL_SPECTROSCOPY,LAMOST_DR5_PIPELINE_SUBCLASS,LAMTRD000608
116209203,89.943107,24.751637,A1V,NORMAL_STAR,LAMOST_DR5_GENERAL_SPECTROSCOPY,LAMOST_DR5_PIPELINE_SUBCLASS,LAMTRD000609
116209205,90.242419,24.716194,A1V,NORMAL_STAR,LAMOST_DR5_GENERAL_SPECTROSCOPY,LAMOST_DR5_PIPELINE_SUBCLASS,LAMTRD000610
116209206,89.95626,24.641789,A5V,NORMAL_STAR,LAMOST_DR5_GENERAL_SPECTROSCOPY,LAMOST_DR5_PIPELINE_SUBCLASS,LAMTRD000611
116209216,89.88625,24.739346,A6IV,NORMAL_STAR,LAMOST_DR5_GENERAL_SPECTROSCOPY,LAMOST_DR5_PIPELINE_SUBCLASS,LAMTRD000612
116209232,90.80609,24.319135,A1IV,NORMAL_STAR,LAMOST_DR5_GENERAL_SPECTROSCOPY,LAMOST_DR5_PIPELINE_SUBCLASS,LAMTRD000613
116209241,90.767255,24.39214,A1V,NORMAL_STAR,LAMOST_DR5_GENERAL_SPECTROSCOPY,LAMOST_DR5_PIPELINE_SUBCLASS,LAMTRD000614
116209242,90.731368,24.448526,A7V,NORMAL_STAR,LAMOST_DR5_GENERAL_SPECTROSCOPY,LAMOST_DR5_PIPELINE_SUBCLASS,LAMTRD000615
116210001,87.166765,24.030975,A2IV,NORMAL_STAR,LAMOST_DR5_GENERAL_SPECTROSCOPY,LAMOST_DR5_PIPELINE_SUBCLASS,LAMTRD000616
116210002,86.94761,24.081682,A1V,NORMAL_STAR,LAMOST_DR5_GENERAL_SPECTROSCOPY,LAMOST_DR5_PIPELINE_SUBCLASS,LAMTRD000617
116210004,86.994562,24.021005,A7V,NORMAL_STAR,LAMOST_DR5_GENERAL_SPECTROSCOPY,LAMOST_DR5_PIPELINE_SUBCLASS,LAMTRD000618
116210039,87.220692,23.198302,A1IV,NORMAL_STAR,LAMOST_DR5_GENERAL_SPECTROSCOPY,LAMOST_DR5_PIPELINE_SUBCLASS,LAMTRD000619
116210055,87.144328,23.694859,A3IV,NORMAL_STAR,LAMOST_DR5_GENERAL_SPECTROSCOPY,LAMOST_DR5_PIPELINE_SUBCLASS,LAMTRD000620
116210083,87.064814,23.449432,A7V,NORMAL_STAR,LAMOST_DR5_GENERAL_SPECTROSCOPY,LAMOST_DR5_PIPELINE_SUBCLASS,LAMTRD000621
116210087,86.822605,23.583414,A6IV,NORMAL_STAR,LAMOST_DR5_GENERAL_SPECTROSCOPY,LAMOST_DR5_PIPELINE_SUBCLASS,LAMTRD000622
116210098,86.800734,23.514353,A5V,NORMAL_STAR,LAMOST_DR5_GENERAL_SPECTROSCOPY,LAMOST_DR5_PIPELINE_SUBCLASS,LAMTRD000623
116210101,86.948876,23.880261,A1V,NORMAL_STAR,LAMOST_DR5_GENERAL_SPECTROSCOPY,LAMOST_DR5_PIPELINE_SUBCLASS,LAMTRD000624
116210107,87.007517,23.89652,A5V,NORMAL_STAR,LAMOST_DR5_GENERAL_SPECTROSCOPY,LAMOST_DR5_PIPELINE_SUBCLASS,LAMTRD000625
116210116,86.988021,23.836616,A2V,NORMAL_STAR,LAMOST_DR5_GENERAL_SPECTROSCOPY,LAMOST_DR5_PIPELINE_SUBCLASS,LAMTRD000626
116210117,86.991819,23.703209,A2V,NORMAL_STAR,LAMOST_DR5_GENERAL_SPECTROSCOPY,LAMOST_DR5_PIPELINE_SUBCLASS,LAMTRD000627
116210129,86.881685,24.07062,A5V,NORMAL_STAR,LAMOST_DR5_GENERAL_SPECTROSCOPY,LAMOST_DR5_PIPELINE_SUBCLASS,LAMTRD000628
116210150,86.617702,24.143887,A6IV,NORMAL_STAR,LAMOST_DR5_GENERAL_SPECTROSCOPY,LAMOST_DR5_PIPELINE_SUBCLASS,LAMTRD000629
116210161,87.567604,23.400961,A2V,NORMAL_STAR,LAMOST_DR5_GENERAL_SPECTROSCOPY,LAMOST_DR5_PIPELINE_SUBCLASS,LAMTRD000630
116210185,86.854877,23.185287,A5V,NORMAL_STAR,LAMOST_DR5_GENERAL_SPECTROSCOPY,LAMOST_DR5_PIPELINE_SUBCLASS,LAMTRD000631
116210192,87.124116,23.124712,A1IV,NORMAL_STAR,LAMOST_DR5_GENERAL_SPECTROSCOPY,LAMOST_DR5_PIPELINE_SUBCLASS,LAMTRD000632
116210194,87.046005,23.25815,A2V,NORMAL_STAR,LAMOST_DR5_GENERAL_SPECTROSCOPY,LAMOST_DR5_PIPELINE_SUBCLASS,LAMTRD000633
116210195,87.037603,23.140949,A6IV,NORMAL_STAR,LAMOST_DR5_GENERAL_SPECTROSCOPY,LAMOST_DR5_PIPELINE_SUBCLASS,LAMTRD000634
116210196,86.926396,23.307158,A2V,NORMAL_STAR,LAMOST_DR5_GENERAL_SPECTROSCOPY,LAMOST_DR5_PIPELINE_SUBCLASS,LAMTRD000635
116210204,87.509629,23.77486,A5V,NORMAL_STAR,LAMOST_DR5_GENERAL_SPECTROSCOPY,LAMOST_DR5_PIPELINE_SUBCLASS,LAMTRD000636
116210215,87.511678,23.673323,A2V,NORMAL_STAR,LAMOST_DR5_GENERAL_SPECTROSCOPY,LAMOST_DR5_PIPELINE_SUBCLASS,LAMTRD000637
116210226,87.537978,24.221608,A5V,NORMAL_STAR,LAMOST_DR5_GENERAL_SPECTROSCOPY,LAMOST_DR5_PIPELINE_SUBCLASS,LAMTRD000638
116210228,87.42288,23.896433,A2V,NORMAL_STAR,LAMOST_DR5_GENERAL_SPECTROSCOPY,LAMOST_DR5_PIPELINE_SUBCLASS,LAMTRD000639
116210230,87.348406,24.169769,A1IV,NORMAL_STAR,LAMOST_DR5_GENERAL_SPECTROSCOPY,LAMOST_DR5_PIPELINE_SUBCLASS,LAMTRD000640
116210231,87.582909,24.030546,A2V,NORMAL_STAR,LAMOST_DR5_GENERAL_SPECTROSCOPY,LAMOST_DR5_PIPELINE_SUBCLASS,LAMTRD000641
116210246,87.360946,23.898497,A8III,NORMAL_STAR,LAMOST_DR5_GENERAL_SPECTROSCOPY,LAMOST_DR5_PIPELINE_SUBCLASS,LAMTRD000642
116210249,87.403625,24.176692,A1IV,NORMAL_STAR,LAMOST_DR5_GENERAL_SPECTROSCOPY,LAMOST_DR5_PIPELINE_SUBCLASS,LAMTRD000643
116606199,78.803334,33.262354,F5,NORMAL_STAR,LAMOST_DR5_GENERAL_SPECTROSCOPY,LAMOST_DR5_PIPELINE_SUBCLASS,LAMTRD000644
116606210,78.750127,32.81873,F0,NORMAL_STAR,LAMOST_DR5_GENERAL_SPECTROSCOPY,LAMOST_DR5_PIPELINE_SUBCLASS,LAMTRD000645
116606212,78.614189,32.799117,F0,NORMAL_STAR,LAMOST_DR5_GENERAL_SPECTROSCOPY,LAMOST_DR5_PIPELINE_SUBCLASS,LAMTRD000646
116606213,78.820862,32.992646,F9,NORMAL_STAR,LAMOST_DR5_GENERAL_SPECTROSCOPY,LAMOST_DR5_PIPELINE_SUBCLASS,LAMTRD000647
116606236,78.266262,33.185007,F0,NORMAL_STAR,LAMOST_DR5_GENERAL_SPECTROSCOPY,LAMOST_DR5_PIPELINE_SUBCLASS,LAMTRD000648
116606241,78.462763,33.257148,F8,NORMAL_STAR,LAMOST_DR5_GENERAL_SPECTROSCOPY,LAMOST_DR5_PIPELINE_SUBCLASS,LAMTRD000649
116606245,78.424001,33.335661,F5,NORMAL_STAR,LAMOST_DR5_GENERAL_SPECTROSCOPY,LAMOST_DR5_PIPELINE_SUBCLASS,LAMTRD000650
116607010,77.717561,32.08149,F0,NORMAL_STAR,LAMOST_DR5_GENERAL_SPECTROSCOPY,LAMOST_DR5_PIPELINE_SUBCLASS,LAMTRD000651
116607017,77.752749,32.267461,F0,NORMAL_STAR,LAMOST_DR5_GENERAL_SPECTROSCOPY,LAMOST_DR5_PIPELINE_SUBCLASS,LAMTRD000652
116607018,77.820978,32.104094,F0,NORMAL_STAR,LAMOST_DR5_GENERAL_SPECTROSCOPY,LAMOST_DR5_PIPELINE_SUBCLASS,LAMTRD000653
116607028,77.360847,32.335069,F5,NORMAL_STAR,LAMOST_DR5_GENERAL_SPECTROSCOPY,LAMOST_DR5_PIPELINE_SUBCLASS,LAMTRD000654
116607031,77.172208,32.121793,F0,NORMAL_STAR,LAMOST_DR5_GENERAL_SPECTROSCOPY,LAMOST_DR5_PIPELINE_SUBCLASS,LAMTRD000655
116607032,76.974898,32.40567,F0,NORMAL_STAR,LAMOST_DR5_GENERAL_SPECTROSCOPY,LAMOST_DR5_PIPELINE_SUBCLASS,LAMTRD000656
116607035,77.214272,32.418741,F5,NORMAL_STAR,LAMOST_DR5_GENERAL_SPECTROSCOPY,LAMOST_DR5_PIPELINE_SUBCLASS,LAMTRD000657
116607046,77.31898,32.281408,F0,NORMAL_STAR,LAMOST_DR5_GENERAL_SPECTROSCOPY,LAMOST_DR5_PIPELINE_SUBCLASS,LAMTRD000658
116607047,77.334288,32.38598,F2,NORMAL_STAR,LAMOST_DR5_GENERAL_SPECTROSCOPY,LAMOST_DR5_PIPELINE_SUBCLASS,LAMTRD000659
116607054,78.108211,32.371265,F8,NORMAL_STAR,LAMOST_DR5_GENERAL_SPECTROSCOPY,LAMOST_DR5_PIPELINE_SUBCLASS,LAMTRD000660
116607057,78.157684,32.454876,F0,NORMAL_STAR,LAMOST_DR5_GENERAL_SPECTROSCOPY,LAMOST_DR5_PIPELINE_SUBCLASS,LAMTRD000661
116607066,78.219862,32.175889,F6,NORMAL_STAR,LAMOST_DR5_GENERAL_SPECTROSCOPY,LAMOST_DR5_PIPELINE_SUBCLASS,LAMTRD000662
116607075,78.312734,32.242423,F0,NORMAL_STAR,LAMOST_DR5_GENERAL_SPECTROSCOPY,LAMOST_DR5_PIPELINE_SUBCLASS,LAMTRD000663
116607077,78.55333,32.216023,F0,NORMAL_STAR,LAMOST_DR5_GENERAL_SPECTROSCOPY,LAMOST_DR5_PIPELINE_SUBCLASS,LAMTRD000664
116607096,78.580926,32.3862,F8,NORMAL_STAR,LAMOST_DR5_GENERAL_SPECTROSCOPY,LAMOST_DR5_PIPELINE_SUBCLASS,LAMTRD000665
116607107,77.59916,32.531007,F8,NORMAL_STAR,LAMOST_DR5_GENERAL_SPECTROSCOPY,LAMOST_DR5_PIPELINE_SUBCLASS,LAMTRD000666
116607109,77.946238,32.507991,F0,NORMAL_STAR,LAMOST_DR5_GENERAL_SPECTROSCOPY,LAMOST_DR5_PIPELINE_SUBCLASS,LAMTRD000667
116607112,77.580304,32.43717,F5,NORMAL_STAR,LAMOST_DR5_GENERAL_SPECTROSCOPY,LAMOST_DR5_PIPELINE_SUBCLASS,LAMTRD000668
116607116,77.769482,32.52285,F2,NORMAL_STAR,LAMOST_DR5_GENERAL_SPECTROSCOPY,LAMOST_DR5_PIPELINE_SUBCLASS,LAMTRD000669
116607122,77.800467,32.395351,F0,NORMAL_STAR,LAMOST_DR5_GENERAL_SPECTROSCOPY,LAMOST_DR5_PIPELINE_SUBCLASS,LAMTRD000670
116607129,78.869413,32.546917,F6,NORMAL_STAR,LAMOST_DR5_GENERAL_SPECTROSCOPY,LAMOST_DR5_PIPELINE_SUBCLASS,LAMTRD000671
116607134,78.914336,32.471285,F0,NORMAL_STAR,LAMOST_DR5_GENERAL_SPECTROSCOPY,LAMOST_DR5_PIPELINE_SUBCLASS,LAMTRD000672
116607151,77.443928,31.799881,F9,NORMAL_STAR,LAMOST_DR5_GENERAL_SPECTROSCOPY,LAMOST_DR5_PIPELINE_SUBCLASS,LAMTRD000673
116607154,77.631041,31.924151,F0,NORMAL_STAR,LAMOST_DR5_GENERAL_SPECTROSCOPY,LAMOST_DR5_PIPELINE_SUBCLASS,LAMTRD000674
116607155,77.564236,31.639965,F6,NORMAL_STAR,LAMOST_DR5_GENERAL_SPECTROSCOPY,LAMOST_DR5_PIPELINE_SUBCLASS,LAMTRD000675
116607166,77.503303,31.630749,F9,NORMAL_STAR,LAMOST_DR5_GENERAL_SPECTROSCOPY,LAMOST_DR5_PIPELINE_SUBCLASS,LAMTRD000676
116607185,78.590278,32.608341,F5,NORMAL_STAR,LAMOST_DR5_GENERAL_SPECTROSCOPY,LAMOST_DR5_PIPELINE_SUBCLASS,LAMTRD000677
116607186,78.568432,32.522764,F7,NORMAL_STAR,LAMOST_DR5_GENERAL_SPECTROSCOPY,LAMOST_DR5_PIPELINE_SUBCLASS,LAMTRD000678
116607196,78.130114,32.740726,F7,NORMAL_STAR,LAMOST_DR5_GENERAL_SPECTROSCOPY,LAMOST_DR5_PIPELINE_SUBCLASS,LAMTRD000679
116607201,77.994646,32.136876,F0,NORMAL_STAR,LAMOST_DR5_GENERAL_SPECTROSCOPY,LAMOST_DR5_PIPELINE_SUBCLASS,LAMTRD000680
116607203,78.174826,32.008064,F0,NORMAL_STAR,LAMOST_DR5_GENERAL_SPECTROSCOPY,LAMOST_DR5_PIPELINE_SUBCLASS,LAMTRD000681
116607205,78.120229,32.14538,F2,NORMAL_STAR,LAMOST_DR5_GENERAL_SPECTROSCOPY,LAMOST_DR5_PIPELINE_SUBCLASS,LAMTRD000682
116607222,78.202518,32.135716,F0,NORMAL_STAR,LAMOST_DR5_GENERAL_SPECTROSCOPY,LAMOST_DR5_PIPELINE_SUBCLASS,LAMTRD000683
116607223,78.219734,31.92681,F5,NORMAL_STAR,LAMOST_DR5_GENERAL_SPECTROSCOPY,LAMOST_DR5_PIPELINE_SUBCLASS,LAMTRD000684
116607229,77.716156,32.034981,F0,NORMAL_STAR,LAMOST_DR5_GENERAL_SPECTROSCOPY,LAMOST_DR5_PIPELINE_SUBCLASS,LAMTRD000685
116607236,77.672266,31.837495,F9,NORMAL_STAR,LAMOST_DR5_GENERAL_SPECTROSCOPY,LAMOST_DR5_PIPELINE_SUBCLASS,LAMTRD000686
116607242,77.774341,31.96716,F0,NORMAL_STAR,LAMOST_DR5_GENERAL_SPECTROSCOPY,LAMOST_DR5_PIPELINE_SUBCLASS,LAMTRD000687
116607243,77.706749,31.668942,F9,NORMAL_STAR,LAMOST_DR5_GENERAL_SPECTROSCOPY,LAMOST_DR5_PIPELINE_SUBCLASS,LAMTRD000688
116607244,77.854951,31.679584,F5,NORMAL_STAR,LAMOST_DR5_GENERAL_SPECTROSCOPY,LAMOST_DR5_PIPELINE_SUBCLASS,LAMTRD000689
116608001,77.33485,33.279798,F0,NORMAL_STAR,LAMOST_DR5_GENERAL_SPECTROSCOPY,LAMOST_DR5_PIPELINE_SUBCLASS,LAMTRD000690
116608005,77.388908,33.290196,F5,NORMAL_STAR,LAMOST_DR5_GENERAL_SPECTROSCOPY,LAMOST_DR5_PIPELINE_SUBCLASS,LAMTRD000691
116608007,77.499881,33.406194,F5,NORMAL_STAR,LAMOST_DR5_GENERAL_SPECTROSCOPY,LAMOST_DR5_PIPELINE_SUBCLASS,LAMTRD000692
116608012,77.360161,33.074981,F0,NORMAL_STAR,LAMOST_DR5_GENERAL_SPECTROSCOPY,LAMOST_DR5_PIPELINE_SUBCLASS,LAMTRD000693
116608028,77.44129,33.863318,F0,NORMAL_STAR,LAMOST_DR5_GENERAL_SPECTROSCOPY,LAMOST_DR5_PIPELINE_SUBCLASS,LAMTRD000694
116608030,77.258937,33.751115,F0,NORMAL_STAR,LAMOST_DR5_GENERAL_SPECTROSCOPY,LAMOST_DR5_PIPELINE_SUBCLASS,LAMTRD000695
116608031,77.781357,33.820323,F0,NORMAL_STAR,LAMOST_DR5_GENERAL_SPECTROSCOPY,LAMOST_DR5_PIPELINE_SUBCLASS,LAMTRD000696
116608048,77.667805,33.702323,F3,NORMAL_STAR,LAMOST_DR5_GENERAL_SPECTROSCOPY,LAMOST_DR5_PIPELINE_SUBCLASS,LAMTRD000697
116608059,78.105823,33.540192,F0,NORMAL_STAR,LAMOST_DR5_GENERAL_SPECTROSCOPY,LAMOST_DR5_PIPELINE_SUBCLASS,LAMTRD000698
116608078,78.324713,33.796028,F0,NORMAL_STAR,LAMOST_DR5_GENERAL_SPECTROSCOPY,LAMOST_DR5_PIPELINE_SUBCLASS,LAMTRD000699
116608082,77.833489,33.753338,F0,NORMAL_STAR,LAMOST_DR5_GENERAL_SPECTROSCOPY,LAMOST_DR5_PIPELINE_SUBCLASS,LAMTRD000700
116608102,77.393437,32.967554,F3,NORMAL_STAR,LAMOST_DR5_GENERAL_SPECTROSCOPY,LAMOST_DR5_PIPELINE_SUBCLASS,LAMTRD000701
116608103,77.404068,33.045367,F5,NORMAL_STAR,LAMOST_DR5_GENERAL_SPECTROSCOPY,LAMOST_DR5_PIPELINE_SUBCLASS,LAMTRD000702
116608104,77.326577,32.789342,F9,NORMAL_STAR,LAMOST_DR5_GENERAL_SPECTROSCOPY,LAMOST_DR5_PIPELINE_SUBCLASS,LAMTRD000703
116608105,77.635947,32.93829,F5,NORMAL_STAR,LAMOST_DR5_GENERAL_SPECTROSCOPY,LAMOST_DR5_PIPELINE_SUBCLASS,LAMTRD000704
116608108,77.528409,32.755027,F0,NORMAL_STAR,LAMOST_DR5_GENERAL_SPECTROSCOPY,LAMOST_DR5_PIPELINE_SUBCLASS,LAMTRD000705
116608110,77.517662,33.021032,F0,NORMAL_STAR,LAMOST_DR5_GENERAL_SPECTROSCOPY,LAMOST_DR5_PIPELINE_SUBCLASS,LAMTRD000706
116608115,77.647106,33.00104,F5,NORMAL_STAR,LAMOST_DR5_GENERAL_SPECTROSCOPY,LAMOST_DR5_PIPELINE_SUBCLASS,LAMTRD000707
116608121,77.618017,32.745413,F3,NORMAL_STAR,LAMOST_DR5_GENERAL_SPECTROSCOPY,LAMOST_DR5_PIPELINE_SUBCLASS,LAMTRD000708
116608125,77.566678,32.842448,F9,NORMAL_STAR,LAMOST_DR5_GENERAL_SPECTROSCOPY,LAMOST_DR5_PIPELINE_SUBCLASS,LAMTRD000709
116608129,77.8608,33.335071,F2,NORMAL_STAR,LAMOST_DR5_GENERAL_SPECTROSCOPY,LAMOST_DR5_PIPELINE_SUBCLASS,LAMTRD000710
116608130,77.808153,33.082139,F9,NORMAL_STAR,LAMOST_DR5_GENERAL_SPECTROSCOPY,LAMOST_DR5_PIPELINE_SUBCLASS,LAMTRD000711
116608143,77.753645,33.216194,F0,NORMAL_STAR,LAMOST_DR5_GENERAL_SPECTROSCOPY,LAMOST_DR5_PIPELINE_SUBCLASS,LAMTRD000712
116608144,77.702006,33.309198,F0,NORMAL_STAR,LAMOST_DR5_GENERAL_SPECTROSCOPY,LAMOST_DR5_PIPELINE_SUBCLASS,LAMTRD000713
116608157,77.131178,33.199367,F5,NORMAL_STAR,LAMOST_DR5_GENERAL_SPECTROSCOPY,LAMOST_DR5_PIPELINE_SUBCLASS,LAMTRD000714
116608161,77.211183,32.99346,F0,NORMAL_STAR,LAMOST_DR5_GENERAL_SPECTROSCOPY,LAMOST_DR5_PIPELINE_SUBCLASS,LAMTRD000715
116608171,77.142988,33.0197,F0,NORMAL_STAR,LAMOST_DR5_GENERAL_SPECTROSCOPY,LAMOST_DR5_PIPELINE_SUBCLASS,LAMTRD000716
116608172,77.191018,33.20319,F0,NORMAL_STAR,LAMOST_DR5_GENERAL_SPECTROSCOPY,LAMOST_DR5_PIPELINE_SUBCLASS,LAMTRD000717
116608184,77.164336,32.767159,F0,NORMAL_STAR,LAMOST_DR5_GENERAL_SPECTROSCOPY,LAMOST_DR5_PIPELINE_SUBCLASS,LAMTRD000718
116608185,76.999189,32.790815,F5,NORMAL_STAR,LAMOST_DR5_GENERAL_SPECTROSCOPY,LAMOST_DR5_PIPELINE_SUBCLASS,LAMTRD000719
116608187,77.179605,32.919238,F0,NORMAL_STAR,LAMOST_DR5_GENERAL_SPECTROSCOPY,LAMOST_DR5_PIPELINE_SUBCLASS,LAMTRD000720
116608191,77.301982,32.857563,F8,NORMAL_STAR,LAMOST_DR5_GENERAL_SPECTROSCOPY,LAMOST_DR5_PIPELINE_SUBCLASS,LAMTRD000721
116608201,77.340432,32.434858,F7,NORMAL_STAR,LAMOST_DR5_GENERAL_SPECTROSCOPY,LAMOST_DR5_PIPELINE_SUBCLASS,LAMTRD000722
116608204,77.126488,32.601654,F5,NORMAL_STAR,LAMOST_DR5_GENERAL_SPECTROSCOPY,LAMOST_DR5_PIPELINE_SUBCLASS,LAMTRD000723
116609020,77.546366,33.989954,F0,NORMAL_STAR,LAMOST_DR5_GENERAL_SPECTROSCOPY,LAMOST_DR5_PIPELINE_SUBCLASS,LAMTRD000724
116609023,77.336803,34.044965,F0,NORMAL_STAR,LAMOST_DR5_GENERAL_SPECTROSCOPY,LAMOST_DR5_PIPELINE_SUBCLASS,LAMTRD000725
116609025,77.212039,34.175444,F0,NORMAL_STAR,LAMOST_DR5_GENERAL_SPECTROSCOPY,LAMOST_DR5_PIPELINE_SUBCLASS,LAMTRD000726
116609030,77.564012,34.552561,F2,NORMAL_STAR,LAMOST_DR5_GENERAL_SPECTROSCOPY,LAMOST_DR5_PIPELINE_SUBCLASS,LAMTRD000727
116609040,77.361374,34.595702,F5,NORMAL_STAR,LAMOST_DR5_GENERAL_SPECTROSCOPY,LAMOST_DR5_PIPELINE_SUBCLASS,LAMTRD000728
116609042,77.670192,34.48769,F5,NORMAL_STAR,LAMOST_DR5_GENERAL_SPECTROSCOPY,LAMOST_DR5_PIPELINE_SUBCLASS,LAMTRD000729
116609047,77.564706,34.717271,F0,NORMAL_STAR,LAMOST_DR5_GENERAL_SPECTROSCOPY,LAMOST_DR5_PIPELINE_SUBCLASS,LAMTRD000730
116609050,77.473745,34.561086,F5,NORMAL_STAR,LAMOST_DR5_GENERAL_SPECTROSCOPY,LAMOST_DR5_PIPELINE_SUBCLASS,LAMTRD000731
116609055,77.500669,35.135274,F7,NORMAL_STAR,LAMOST_DR5_GENERAL_SPECTROSCOPY,LAMOST_DR5_PIPELINE_SUBCLASS,LAMTRD000732
116609058,77.629004,34.945955,F0,NORMAL_STAR,LAMOST_DR5_GENERAL_SPECTROSCOPY,LAMOST_DR5_PIPELINE_SUBCLASS,LAMTRD000733
116609066,77.521795,34.8783,F0,NORMAL_STAR,LAMOST_DR5_GENERAL_SPECTROSCOPY,LAMOST_DR5_PIPELINE_SUBCLASS,LAMTRD000734
116609075,77.506962,35.19137,F0,NORMAL_STAR,LAMOST_DR5_GENERAL_SPECTROSCOPY,LAMOST_DR5_PIPELINE_SUBCLASS,LAMTRD000735
116609087,77.172795,35.239206,F0,NORMAL_STAR,LAMOST_DR5_GENERAL_SPECTROSCOPY,LAMOST_DR5_PIPELINE_SUBCLASS,LAMTRD000736
116609091,77.27033,35.324156,F7,NORMAL_STAR,LAMOST_DR5_GENERAL_SPECTROSCOPY,LAMOST_DR5_PIPELINE_SUBCLASS,LAMTRD000737
116609094,77.38486,35.361528,F0,NORMAL_STAR,LAMOST_DR5_GENERAL_SPECTROSCOPY,LAMOST_DR5_PIPELINE_SUBCLASS,LAMTRD000738
116609103,77.154165,35.134411,F0,NORMAL_STAR,LAMOST_DR5_GENERAL_SPECTROSCOPY,LAMOST_DR5_PIPELINE_SUBCLASS,LAMTRD000739
116609104,76.998441,34.862653,F0,NORMAL_STAR,LAMOST_DR5_GENERAL_SPECTROSCOPY,LAMOST_DR5_PIPELINE_SUBCLASS,LAMTRD000740
116609109,77.230099,35.123919,F5,NORMAL_STAR,LAMOST_DR5_GENERAL_SPECTROSCOPY,LAMOST_DR5_PIPELINE_SUBCLASS,LAMTRD000741
116609111,77.101547,35.080581,F5,NORMAL_STAR,LAMOST_DR5_GENERAL_SPECTROSCOPY,LAMOST_DR5_PIPELINE_SUBCLASS,LAMTRD000742
116609127,78.161879,34.3182,F3,NORMAL_STAR,LAMOST_DR5_GENERAL_SPECTROSCOPY,LAMOST_DR5_PIPELINE_SUBCLASS,LAMTRD000743
116609128,78.276476,34.224409,F5,NORMAL_STAR,LAMOST_DR5_GENERAL_SPECTROSCOPY,LAMOST_DR5_PIPELINE_SUBCLASS,LAMTRD000744
116609142,78.231312,34.297013,F7,NORMAL_STAR,LAMOST_DR5_GENERAL_SPECTROSCOPY,LAMOST_DR5_PIPELINE_SUBCLASS,LAMTRD000745
116609144,77.878969,34.292871,F6,NORMAL_STAR,LAMOST_DR5_GENERAL_SPECTROSCOPY,LAMOST_DR5_PIPELINE_SUBCLASS,LAMTRD000746
116609151,77.107065,34.74044,F7,NORMAL_STAR,LAMOST_DR5_GENERAL_SPECTROSCOPY,LAMOST_DR5_PIPELINE_SUBCLASS,LAMTRD000747
116609165,77.206537,34.689767,F0,NORMAL_STAR,LAMOST_DR5_GENERAL_SPECTROSCOPY,LAMOST_DR5_PIPELINE_SUBCLASS,LAMTRD000748
116609168,77.078967,34.616264,F0,NORMAL_STAR,LAMOST_DR5_GENERAL_SPECTROSCOPY,LAMOST_DR5_PIPELINE_SUBCLASS,LAMTRD000749
116609173,76.991267,34.547244,F0,NORMAL_STAR,LAMOST_DR5_GENERAL_SPECTROSCOPY,LAMOST_DR5_PIPELINE_SUBCLASS,LAMTRD000750
116609174,77.173332,34.666228,F7,NORMAL_STAR,LAMOST_DR5_GENERAL_SPECTROSCOPY,LAMOST_DR5_PIPELINE_SUBCLASS,LAMTRD000751
116609182,77.808856,34.503265,F5,NORMAL_STAR,LAMOST_DR5_GENERAL_SPECTROSCOPY,LAMOST_DR5_PIPELINE_SUBCLASS,LAMTRD000752
116609187,77.678684,34.389629,F5,NORMAL_STAR,LAMOST_DR5_GENERAL_SPECTROSCOPY,LAMOST_DR5_PIPELINE_SUBCLASS,LAMTRD000753
116609189,77.999827,34.636206,F5,NORMAL_STAR,LAMOST_DR5_GENERAL_SPECTROSCOPY,LAMOST_DR5_PIPELINE_SUBCLASS,LAMTRD000754
116609190,77.904367,34.731952,F0,NORMAL_STAR,LAMOST_DR5_GENERAL_SPECTROSCOPY,LAMOST_DR5_PIPELINE_SUBCLASS,LAMTRD000755
116609205,77.629393,34.333903,F0,NORMAL_STAR,LAMOST_DR5_GENERAL_SPECTROSCOPY,LAMOST_DR5_PIPELINE_SUBCLASS,LAMTRD000756
116609208,77.205794,34.37204,F0,NORMAL_STAR,LAMOST_DR5_GENERAL_SPECTROSCOPY,LAMOST_DR5_PIPELINE_SUBCLASS,LAMTRD000757
116609216,77.242402,34.410344,F6,NORMAL_STAR,LAMOST_DR5_GENERAL_SPECTROSCOPY,LAMOST_DR5_PIPELINE_SUBCLASS,LAMTRD000758
116609235,78.111226,33.963697,F9,NORMAL_STAR,LAMOST_DR5_GENERAL_SPECTROSCOPY,LAMOST_DR5_PIPELINE_SUBCLASS,LAMTRD000759
116610004,74.127252,33.671988,F9,NORMAL_STAR,LAMOST_DR5_GENERAL_SPECTROSCOPY,LAMOST_DR5_PIPELINE_SUBCLASS,LAMTRD000760
116610005,74.121413,33.877202,F0,NORMAL_STAR,LAMOST_DR5_GENERAL_SPECTROSCOPY,LAMOST_DR5_PIPELINE_SUBCLASS,LAMTRD000761
116610012,73.982067,33.696035,F3,NORMAL_STAR,LAMOST_DR5_GENERAL_SPECTROSCOPY,LAMOST_DR5_PIPELINE_SUBCLASS,LAMTRD000762
116610021,74.253458,33.573682,F0,NORMAL_STAR,LAMOST_DR5_GENERAL_SPECTROSCOPY,LAMOST_DR5_PIPELINE_SUBCLASS,LAMTRD000763
116610023,74.276543,33.816416,F6,NORMAL_STAR,LAMOST_DR5_GENERAL_SPECTROSCOPY,LAMOST_DR5_PIPELINE_SUBCLASS,LAMTRD000764
116610032,74.611333,32.979979,F5,NORMAL_STAR,LAMOST_DR5_GENERAL_SPECTROSCOPY,LAMOST_DR5_PIPELINE_SUBCLASS,LAMTRD000765
116610036,74.233783,32.870723,F0,NORMAL_STAR,LAMOST_DR5_GENERAL_SPECTROSCOPY,LAMOST_DR5_PIPELINE_SUBCLASS,LAMTRD000766
116610037,74.309641,32.920791,F0,NORMAL_STAR,LAMOST_DR5_GENERAL_SPECTROSCOPY,LAMOST_DR5_PIPELINE_SUBCLASS,LAMTRD000767
116610045,74.54498,32.972613,F7,NORMAL_STAR,LAMOST_DR5_GENERAL_SPECTROSCOPY,LAMOST_DR5_PIPELINE_SUBCLASS,LAMTRD000768
116610047,74.596543,32.924658,F7,NORMAL_STAR,LAMOST_DR5_GENERAL_SPECTROSCOPY,LAMOST_DR5_PIPELINE_SUBCLASS,LAMTRD000769
116610048,74.366816,33.097989,F0,NORMAL_STAR,LAMOST_DR5_GENERAL_SPECTROSCOPY,LAMOST_DR5_PIPELINE_SUBCLASS,LAMTRD000770
116610049,74.393044,32.938535,F2,NORMAL_STAR,LAMOST_DR5_GENERAL_SPECTROSCOPY,LAMOST_DR5_PIPELINE_SUBCLASS,LAMTRD000771
116610051,74.512226,33.245307,F9,NORMAL_STAR,LAMOST_DR5_GENERAL_SPECTROSCOPY,LAMOST_DR5_PIPELINE_SUBCLASS,LAMTRD000772
116610053,74.40324,33.246802,F9,NORMAL_STAR,LAMOST_DR5_GENERAL_SPECTROSCOPY,LAMOST_DR5_PIPELINE_SUBCLASS,LAMTRD000773
116610055,74.249507,33.381371,F0,NORMAL_STAR,LAMOST_DR5_GENERAL_SPECTROSCOPY,LAMOST_DR5_PIPELINE_SUBCLASS,LAMTRD000774
116610059,74.539795,33.375809,F0,NORMAL_STAR,LAMOST_DR5_GENERAL_SPECTROSCOPY,LAMOST_DR5_PIPELINE_SUBCLASS,LAMTRD000775
116610060,74.179108,33.464493,F9,NORMAL_STAR,LAMOST_DR5_GENERAL_SPECTROSCOPY,LAMOST_DR5_PIPELINE_SUBCLASS,LAMTRD000776
116610061,74.253659,33.449992,F0,NORMAL_STAR,LAMOST_DR5_GENERAL_SPECTROSCOPY,LAMOST_DR5_PIPELINE_SUBCLASS,LAMTRD000777
116610068,74.464618,33.304072,F9,NORMAL_STAR,LAMOST_DR5_GENERAL_SPECTROSCOPY,LAMOST_DR5_PIPELINE_SUBCLASS,LAMTRD000778
116610069,74.585347,33.182424,F7,NORMAL_STAR,LAMOST_DR5_GENERAL_SPECTROSCOPY,LAMOST_DR5_PIPELINE_SUBCLASS,LAMTRD000779
116610072,74.172444,33.407371,F0,NORMAL_STAR,LAMOST_DR5_GENERAL_SPECTROSCOPY,LAMOST_DR5_PIPELINE_SUBCLASS,LAMTRD000780
116610073,74.331241,33.522892,F0,NORMAL_STAR,LAMOST_DR5_GENERAL_SPECTROSCOPY,LAMOST_DR5_PIPELINE_SUBCLASS,LAMTRD000781
116610079,74.091293,33.300421,F7,NORMAL_STAR,LAMOST_DR5_GENERAL_SPECTROSCOPY,LAMOST_DR5_PIPELINE_SUBCLASS,LAMTRD000782
116610081,73.856488,33.302986,F0,NORMAL_STAR,LAMOST_DR5_GENERAL_SPECTROSCOPY,LAMOST_DR5_PIPELINE_SUBCLASS,LAMTRD000783
116610090,74.032536,33.152606,F0,NORMAL_STAR,LAMOST_DR5_GENERAL_SPECTROSCOPY,LAMOST_DR5_PIPELINE_SUBCLASS,LAMTRD000784
116610105,73.820439,33.367191,F0,NORMAL_STAR,LAMOST_DR5_GENERAL_SPECTROSCOPY,LAMOST_DR5_PIPELINE_SUBCLASS,LAMTRD000785
116610117,74.054919,33.373192,F4,NORMAL_STAR,LAMOST_DR5_GENERAL_SPECTROSCOPY,LAMOST_DR5_PIPELINE_SUBCLASS,LAMTRD000786
116713103,78.522869,34.841308,G5,NORMAL_STAR,LAMOST_DR5_GENERAL_SPECTROSCOPY,LAMOST_DR5_PIPELINE_SUBCLASS,LAMTRD000787
116713106,78.677808,34.724152,G5,NORMAL_STAR,LAMOST_DR5_GENERAL_SPECTROSCOPY,LAMOST_DR5_PIPELINE_SUBCLASS,LAMTRD000788
116713109,78.731911,34.682806,G3,NORMAL_STAR,LAMOST_DR5_GENERAL_SPECTROSCOPY,LAMOST_DR5_PIPELINE_SUBCLASS,LAMTRD000789
116713110,78.689125,34.821232,G5,NORMAL_STAR,LAMOST_DR5_GENERAL_SPECTROSCOPY,LAMOST_DR5_PIPELINE_SUBCLASS,LAMTRD000790
116713114,78.815657,34.898614,G1,NORMAL_STAR,LAMOST_DR5_GENERAL_SPECTROSCOPY,LAMOST_DR5_PIPELINE_SUBCLASS,LAMTRD000791
116713117,78.812751,34.877506,G5,NORMAL_STAR,LAMOST_DR5_GENERAL_SPECTROSCOPY,LAMOST_DR5_PIPELINE_SUBCLASS,LAMTRD000792
116713120,78.849249,34.768646,G5,NORMAL_STAR,LAMOST_DR5_GENERAL_SPECTROSCOPY,LAMOST_DR5_PIPELINE_SUBCLASS,LAMTRD000793
116713129,78.916,34.477758,G5,NORMAL_STAR,LAMOST_DR5_GENERAL_SPECTROSCOPY,LAMOST_DR5_PIPELINE_SUBCLASS,LAMTRD000794
116713130,78.723706,34.301995,G3,NORMAL_STAR,LAMOST_DR5_GENERAL_SPECTROSCOPY,LAMOST_DR5_PIPELINE_SUBCLASS,LAMTRD000795
116713133,78.751205,34.537521,G5,NORMAL_STAR,LAMOST_DR5_GENERAL_SPECTROSCOPY,LAMOST_DR5_PIPELINE_SUBCLASS,LAMTRD000796
116713145,78.531561,34.424069,G8,NORMAL_STAR,LAMOST_DR5_GENERAL_SPECTROSCOPY,LAMOST_DR5_PIPELINE_SUBCLASS,LAMTRD000797
116713152,78.324443,34.751255,G5,NORMAL_STAR,LAMOST_DR5_GENERAL_SPECTROSCOPY,LAMOST_DR5_PIPELINE_SUBCLASS,LAMTRD000798
116713155,78.172226,34.758376,G5,NORMAL_STAR,LAMOST_DR5_GENERAL_SPECTROSCOPY,LAMOST_DR5_PIPELINE_SUBCLASS,LAMTRD000799
116713157,78.485372,34.628643,G5,NORMAL_STAR,LAMOST_DR5_GENERAL_SPECTROSCOPY,LAMOST_DR5_PIPELINE_SUBCLASS,LAMTRD000800
116713162,78.060153,34.767403,G5,NORMAL_STAR,LAMOST_DR5_GENERAL_SPECTROSCOPY,LAMOST_DR5_PIPELINE_SUBCLASS,LAMTRD000801
116713164,78.461093,34.676578,G3,NORMAL_STAR,LAMOST_DR5_GENERAL_SPECTROSCOPY,LAMOST_DR5_PIPELINE_SUBCLASS,LAMTRD000802
116713166,78.129114,34.653187,G5,NORMAL_STAR,LAMOST_DR5_GENERAL_SPECTROSCOPY,LAMOST_DR5_PIPELINE_SUBCLASS,LAMTRD000803
116713170,78.100882,34.614204,G0,NORMAL_STAR,LAMOST_DR5_GENERAL_SPECTROSCOPY,LAMOST_DR5_PIPELINE_SUBCLASS,LAMTRD000804
116713171,78.127058,34.812463,G5,NORMAL_STAR,LAMOST_DR5_GENERAL_SPECTROSCOPY,LAMOST_DR5_PIPELINE_SUBCLASS,LAMTRD000805
116713174,78.072649,34.726131,G4,NORMAL_STAR,LAMOST_DR5_GENERAL_SPECTROSCOPY,LAMOST_DR5_PIPELINE_SUBCLASS,LAMTRD000806
116713184,79.168756,34.692066,G5,NORMAL_STAR,LAMOST_DR5_GENERAL_SPECTROSCOPY,LAMOST_DR5_PIPELINE_SUBCLASS,LAMTRD000807
116713188,79.338503,34.851354,G4,NORMAL_STAR,LAMOST_DR5_GENERAL_SPECTROSCOPY,LAMOST_DR5_PIPELINE_SUBCLASS,LAMTRD000808
116713189,79.11463,34.731991,G5,NORMAL_STAR,LAMOST_DR5_GENERAL_SPECTROSCOPY,LAMOST_DR5_PIPELINE_SUBCLASS,LAMTRD000809
116713193,78.964404,34.794422,G6,NORMAL_STAR,LAMOST_DR5_GENERAL_SPECTROSCOPY,LAMOST_DR5_PIPELINE_SUBCLASS,LAMTRD000810
116713199,79.33015,34.776207,G2,NORMAL_STAR,LAMOST_DR5_GENERAL_SPECTROSCOPY,LAMOST_DR5_PIPELINE_SUBCLASS,LAMTRD000811
116713202,78.977144,34.205518,G2,NORMAL_STAR,LAMOST_DR5_GENERAL_SPECTROSCOPY,LAMOST_DR5_PIPELINE_SUBCLASS,LAMTRD000812
116713216,78.893301,34.240493,G7,NORMAL_STAR,LAMOST_DR5_GENERAL_SPECTROSCOPY,LAMOST_DR5_PIPELINE_SUBCLASS,LAMTRD000813
116713218,78.639745,34.298033,G8,NORMAL_STAR,LAMOST_DR5_GENERAL_SPECTROSCOPY,LAMOST_DR5_PIPELINE_SUBCLASS,LAMTRD000814
116713227,78.373693,34.508636,G5,NORMAL_STAR,LAMOST_DR5_GENERAL_SPECTROSCOPY,LAMOST_DR5_PIPELINE_SUBCLASS,LAMTRD000815
116713233,78.401624,34.57188,G5,NORMAL_STAR,LAMOST_DR5_GENERAL_SPECTROSCOPY,LAMOST_DR5_PIPELINE_SUBCLASS,LAMTRD000816
116713234,78.30239,34.299604,G3,NORMAL_STAR,LAMOST_DR5_GENERAL_SPECTROSCOPY,LAMOST_DR5_PIPELINE_SUBCLASS,LAMTRD000817
116713236,78.510293,34.306247,G5,NORMAL_STAR,LAMOST_DR5_GENERAL_SPECTROSCOPY,LAMOST_DR5_PIPELINE_SUBCLASS,LAMTRD000818
116713239,78.163778,34.549474,G5,NORMAL_STAR,LAMOST_DR5_GENERAL_SPECTROSCOPY,LAMOST_DR5_PIPELINE_SUBCLASS,LAMTRD000819
116713240,78.141514,34.493252,G2,NORMAL_STAR,LAMOST_DR5_GENERAL_SPECTROSCOPY,LAMOST_DR5_PIPELINE_SUBCLASS,LAMTRD000820
116713244,78.466246,34.532315,G5,NORMAL_STAR,LAMOST_DR5_GENERAL_SPECTROSCOPY,LAMOST_DR5_PIPELINE_SUBCLASS,LAMTRD000821
116713247,78.238008,34.528759,G5,NORMAL_STAR,LAMOST_DR5_GENERAL_SPECTROSCOPY,LAMOST_DR5_PIPELINE_SUBCLASS,LAMTRD000822
116713248,78.532074,34.498847,G5,NORMAL_STAR,LAMOST_DR5_GENERAL_SPECTROSCOPY,LAMOST_DR5_PIPELINE_SUBCLASS,LAMTRD000823
116714001,74.104156,35.063517,G2,NORMAL_STAR,LAMOST_DR5_GENERAL_SPECTROSCOPY,LAMOST_DR5_PIPELINE_SUBCLASS,LAMTRD000824
116714004,74.316715,35.109449,G5,NORMAL_STAR,LAMOST_DR5_GENERAL_SPECTROSCOPY,LAMOST_DR5_PIPELINE_SUBCLASS,LAMTRD000825
116714008,74.137353,34.952646,G0,NORMAL_STAR,LAMOST_DR5_GENERAL_SPECTROSCOPY,LAMOST_DR5_PIPELINE_SUBCLASS,LAMTRD000826
116714009,73.987977,35.001793,G5,NORMAL_STAR,LAMOST_DR5_GENERAL_SPECTROSCOPY,LAMOST_DR5_PIPELINE_SUBCLASS,LAMTRD000827
116714012,74.116634,34.873009,G5,NORMAL_STAR,LAMOST_DR5_GENERAL_SPECTROSCOPY,LAMOST_DR5_PIPELINE_SUBCLASS,LAMTRD000828
116714014,74.050419,34.934952,G7,NORMAL_STAR,LAMOST_DR5_GENERAL_SPECTROSCOPY,LAMOST_DR5_PIPELINE_SUBCLASS,LAMTRD000829
116714019,74.251937,35.098412,G5,NORMAL_STAR,LAMOST_DR5_GENERAL_SPECTROSCOPY,LAMOST_DR5_PIPELINE_SUBCLASS,LAMTRD000830
116714023,74.079109,34.962017,G0,NORMAL_STAR,LAMOST_DR5_GENERAL_SPECTROSCOPY,LAMOST_DR5_PIPELINE_SUBCLASS,LAMTRD000831
116714024,73.836626,34.935087,G5,NORMAL_STAR,LAMOST_DR5_GENERAL_SPECTROSCOPY,LAMOST_DR5_PIPELINE_SUBCLASS,LAMTRD000832
116714025,74.118664,35.121136,G5,NORMAL_STAR,LAMOST_DR5_GENERAL_SPECTROSCOPY,LAMOST_DR5_PIPELINE_SUBCLASS,LAMTRD000833
116714026,73.790778,34.294353,G9,NORMAL_STAR,LAMOST_DR5_GENERAL_SPECTROSCOPY,LAMOST_DR5_PIPELINE_SUBCLASS,LAMTRD000834
116714028,73.943898,34.014954,G5,NORMAL_STAR,LAMOST_DR5_GENERAL_SPECTROSCOPY,LAMOST_DR5_PIPELINE_SUBCLASS,LAMTRD000835
116714032,73.736806,34.124226,G5,NORMAL_STAR,LAMOST_DR5_GENERAL_SPECTROSCOPY,LAMOST_DR5_PIPELINE_SUBCLASS,LAMTRD000836
116714033,73.709425,34.312691,G5,NORMAL_STAR,LAMOST_DR5_GENERAL_SPECTROSCOPY,LAMOST_DR5_PIPELINE_SUBCLASS,LAMTRD000837
116714034,74.003299,34.045037,G5,NORMAL_STAR,LAMOST_DR5_GENERAL_SPECTROSCOPY,LAMOST_DR5_PIPELINE_SUBCLASS,LAMTRD000838
116714035,73.53575,34.037659,G4,NORMAL_STAR,LAMOST_DR5_GENERAL_SPECTROSCOPY,LAMOST_DR5_PIPELINE_SUBCLASS,LAMTRD000839
116714041,73.59868,34.051949,G5,NORMAL_STAR,LAMOST_DR5_GENERAL_SPECTROSCOPY,LAMOST_DR5_PIPELINE_SUBCLASS,LAMTRD000840
116714042,73.891151,34.125607,G5,NORMAL_STAR,LAMOST_DR5_GENERAL_SPECTROSCOPY,LAMOST_DR5_PIPELINE_SUBCLASS,LAMTRD000841
116714047,73.980061,34.251484,G5,NORMAL_STAR,LAMOST_DR5_GENERAL_SPECTROSCOPY,LAMOST_DR5_PIPELINE_SUBCLASS,LAMTRD000842
116714048,73.84557,34.018875,G5,NORMAL_STAR,LAMOST_DR5_GENERAL_SPECTROSCOPY,LAMOST_DR5_PIPELINE_SUBCLASS,LAMTRD000843
116714050,73.557462,34.197656,G2,NORMAL_STAR,LAMOST_DR5_GENERAL_SPECTROSCOPY,LAMOST_DR5_PIPELINE_SUBCLASS,LAMTRD000844
116714051,74.691221,34.18869,G5,NORMAL_STAR,LAMOST_DR5_GENERAL_SPECTROSCOPY,LAMOST_DR5_PIPELINE_SUBCLASS,LAMTRD000845
116714053,74.738635,34.126019,G5,NORMAL_STAR,LAMOST_DR5_GENERAL_SPECTROSCOPY,LAMOST_DR5_PIPELINE_SUBCLASS,LAMTRD000846
116714058,74.505797,34.379453,G7,NORMAL_STAR,LAMOST_DR5_GENERAL_SPECTROSCOPY,LAMOST_DR5_PIPELINE_SUBCLASS,LAMTRD000847
116714061,74.616751,34.125415,G9,NORMAL_STAR,LAMOST_DR5_GENERAL_SPECTROSCOPY,LAMOST_DR5_PIPELINE_SUBCLASS,LAMTRD000848
116714063,74.6547,34.262466,G7,NORMAL_STAR,LAMOST_DR5_GENERAL_SPECTROSCOPY,LAMOST_DR5_PIPELINE_SUBCLASS,LAMTRD000849
116714064,74.707536,34.30619,G5,NORMAL_STAR,LAMOST_DR5_GENERAL_SPECTROSCOPY,LAMOST_DR5_PIPELINE_SUBCLASS,LAMTRD000850
116714065,74.478667,34.031897,G6,NORMAL_STAR,LAMOST_DR5_GENERAL_SPECTROSCOPY,LAMOST_DR5_PIPELINE_SUBCLASS,LAMTRD000851
116714066,74.39249,34.120318,G5,NORMAL_STAR,LAMOST_DR5_GENERAL_SPECTROSCOPY,LAMOST_DR5_PIPELINE_SUBCLASS,LAMTRD000852
116714067,74.587391,34.249811,G1,NORMAL_STAR,LAMOST_DR5_GENERAL_SPECTROSCOPY,LAMOST_DR5_PIPELINE_SUBCLASS,LAMTRD000853
116714071,74.683596,34.363602,G5,NORMAL_STAR,LAMOST_DR5_GENERAL_SPECTROSCOPY,LAMOST_DR5_PIPELINE_SUBCLASS,LAMTRD000854
116714075,74.767643,34.344322,G8,NORMAL_STAR,LAMOST_DR5_GENERAL_SPECTROSCOPY,LAMOST_DR5_PIPELINE_SUBCLASS,LAMTRD000855
116714076,74.984008,34.795341,G5,NORMAL_STAR,LAMOST_DR5_GENERAL_SPECTROSCOPY,LAMOST_DR5_PIPELINE_SUBCLASS,LAMTRD000856
116714077,75.169662,34.84753,G7,NORMAL_STAR,LAMOST_DR5_GENERAL_SPECTROSCOPY,LAMOST_DR5_PIPELINE_SUBCLASS,LAMTRD000857
116714078,74.77857,35.042843,G5,NORMAL_STAR,LAMOST_DR5_GENERAL_SPECTROSCOPY,LAMOST_DR5_PIPELINE_SUBCLASS,LAMTRD000858
116714081,75.053777,34.868797,G5,NORMAL_STAR,LAMOST_DR5_GENERAL_SPECTROSCOPY,LAMOST_DR5_PIPELINE_SUBCLASS,LAMTRD000859
116714084,75.03413,34.897682,G3,NORMAL_STAR,LAMOST_DR5_GENERAL_SPECTROSCOPY,LAMOST_DR5_PIPELINE_SUBCLASS,LAMTRD000860
116714085,74.982853,34.636406,G5,NORMAL_STAR,LAMOST_DR5_GENERAL_SPECTROSCOPY,LAMOST_DR5_PIPELINE_SUBCLASS,LAMTRD000861
116714087,74.950049,34.722778,G5,NORMAL_STAR,LAMOST_DR5_GENERAL_SPECTROSCOPY,LAMOST_DR5_PIPELINE_SUBCLASS,LAMTRD000862
116714089,74.752588,34.754623,G5,NORMAL_STAR,LAMOST_DR5_GENERAL_SPECTROSCOPY,LAMOST_DR5_PIPELINE_SUBCLASS,LAMTRD000863
116714092,75.060199,34.701642,G5,NORMAL_STAR,LAMOST_DR5_GENERAL_SPECTROSCOPY,LAMOST_DR5_PIPELINE_SUBCLASS,LAMTRD000864
116714094,74.76557,34.928967,G5,NORMAL_STAR,LAMOST_DR5_GENERAL_SPECTROSCOPY,LAMOST_DR5_PIPELINE_SUBCLASS,LAMTRD000865
116714095,74.845652,34.839642,G5,NORMAL_STAR,LAMOST_DR5_GENERAL_SPECTROSCOPY,LAMOST_DR5_PIPELINE_SUBCLASS,LAMTRD000866
116714096,74.924405,34.688546,G1,NORMAL_STAR,LAMOST_DR5_GENERAL_SPECTROSCOPY,LAMOST_DR5_PIPELINE_SUBCLASS,LAMTRD000867
116714097,74.893606,34.790146,G5,NORMAL_STAR,LAMOST_DR5_GENERAL_SPECTROSCOPY,LAMOST_DR5_PIPELINE_SUBCLASS,LAMTRD000868
116714101,73.954956,34.823402,G5,NORMAL_STAR,LAMOST_DR5_GENERAL_SPECTROSCOPY,LAMOST_DR5_PIPELINE_SUBCLASS,LAMTRD000869
116714102,73.746537,34.773535,G0,NORMAL_STAR,LAMOST_DR5_GENERAL_SPECTROSCOPY,LAMOST_DR5_PIPELINE_SUBCLASS,LAMTRD000870
116714103,73.863445,34.704384,G5,NORMAL_STAR,LAMOST_DR5_GENERAL_SPECTROSCOPY,LAMOST_DR5_PIPELINE_SUBCLASS,LAMTRD000871
116714104,74.008296,34.756733,G5,NORMAL_STAR,LAMOST_DR5_GENERAL_SPECTROSCOPY,LAMOST_DR5_PIPELINE_SUBCLASS,LAMTRD000872
116714110,74.05968,34.80904,G5,NORMAL_STAR,LAMOST_DR5_GENERAL_SPECTROSCOPY,LAMOST_DR5_PIPELINE_SUBCLASS,LAMTRD000873
116714112,74.041118,34.581455,G5,NORMAL_STAR,LAMOST_DR5_GENERAL_SPECTROSCOPY,LAMOST_DR5_PIPELINE_SUBCLASS,LAMTRD000874
116714117,74.138717,34.768551,G5,NORMAL_STAR,LAMOST_DR5_GENERAL_SPECTROSCOPY,LAMOST_DR5_PIPELINE_SUBCLASS,LAMTRD000875
116714118,73.929702,34.693397,G3,NORMAL_STAR,LAMOST_DR5_GENERAL_SPECTROSCOPY,LAMOST_DR5_PIPELINE_SUBCLASS,LAMTRD000876
116714119,73.816007,34.790569,G5,NORMAL_STAR,LAMOST_DR5_GENERAL_SPECTROSCOPY,LAMOST_DR5_PIPELINE_SUBCLASS,LAMTRD000877
116714126,74.442444,35.094482,G6,NORMAL_STAR,LAMOST_DR5_GENERAL_SPECTROSCOPY,LAMOST_DR5_PIPELINE_SUBCLASS,LAMTRD000878
116714130,74.430593,34.793413,G9,NORMAL_STAR,LAMOST_DR5_GENERAL_SPECTROSCOPY,LAMOST_DR5_PIPELINE_SUBCLASS,LAMTRD000879
116714131,74.565341,34.812203,G5,NORMAL_STAR,LAMOST_DR5_GENERAL_SPECTROSCOPY,LAMOST_DR5_PIPELINE_SUBCLASS,LAMTRD000880
116714132,74.5907,34.969357,G7,NORMAL_STAR,LAMOST_DR5_GENERAL_SPECTROSCOPY,LAMOST_DR5_PIPELINE_SUBCLASS,LAMTRD000881
116714134,74.410642,34.899258,G5,NORMAL_STAR,LAMOST_DR5_GENERAL_SPECTROSCOPY,LAMOST_DR5_PIPELINE_SUBCLASS,LAMTRD000882
116714137,74.501684,34.880898,G0,NORMAL_STAR,LAMOST_DR5_GENERAL_SPECTROSCOPY,LAMOST_DR5_PIPELINE_SUBCLASS,LAMTRD000883
116714142,74.655117,34.98304,G7,NORMAL_STAR,LAMOST_DR5_GENERAL_SPECTROSCOPY,LAMOST_DR5_PIPELINE_SUBCLASS,LAMTRD000884
116714144,74.482755,34.820473,G5,NORMAL_STAR,LAMOST_DR5_GENERAL_SPECTROSCOPY,LAMOST_DR5_PIPELINE_SUBCLASS,LAMTRD000885
116714146,74.55812,35.058807,G5,NORMAL_STAR,LAMOST_DR5_GENERAL_SPECTROSCOPY,LAMOST_DR5_PIPELINE_SUBCLASS,LAMTRD000886
116714149,74.651368,35.04286,G8,NORMAL_STAR,LAMOST_DR5_GENERAL_SPECTROSCOPY,LAMOST_DR5_PIPELINE_SUBCLASS,LAMTRD000887
116714154,74.699164,34.640724,G3,NORMAL_STAR,LAMOST_DR5_GENERAL_SPECTROSCOPY,LAMOST_DR5_PIPELINE_SUBCLASS,LAMTRD000888
116714156,74.659801,34.51651,G1,NORMAL_STAR,LAMOST_DR5_GENERAL_SPECTROSCOPY,LAMOST_DR5_PIPELINE_SUBCLASS,LAMTRD000889
116714162,74.444374,34.461799,G5,NORMAL_STAR,LAMOST_DR5_GENERAL_SPECTROSCOPY,LAMOST_DR5_PIPELINE_SUBCLASS,LAMTRD000890
116714164,74.866588,34.51934,G5,NORMAL_STAR,LAMOST_DR5_GENERAL_SPECTROSCOPY,LAMOST_DR5_PIPELINE_SUBCLASS,LAMTRD000891
116714168,74.802189,34.648209,G5,NORMAL_STAR,LAMOST_DR5_GENERAL_SPECTROSCOPY,LAMOST_DR5_PIPELINE_SUBCLASS,LAMTRD000892
116714169,74.694477,34.465693,G5,NORMAL_STAR,LAMOST_DR5_GENERAL_SPECTROSCOPY,LAMOST_DR5_PIPELINE_SUBCLASS,LAMTRD000893
116714170,74.803634,34.40049,G0,NORMAL_STAR,LAMOST_DR5_GENERAL_SPECTROSCOPY,LAMOST_DR5_PIPELINE_SUBCLASS,LAMTRD000894
116714179,74.317185,34.120595,G5,NORMAL_STAR,LAMOST_DR5_GENERAL_SPECTROSCOPY,LAMOST_DR5_PIPELINE_SUBCLASS,LAMTRD000895
116714180,74.015895,34.096362,G5,NORMAL_STAR,LAMOST_DR5_GENERAL_SPECTROSCOPY,LAMOST_DR5_PIPELINE_SUBCLASS,LAMTRD000896
116714183,74.124179,34.126921,G5,NORMAL_STAR,LAMOST_DR5_GENERAL_SPECTROSCOPY,LAMOST_DR5_PIPELINE_SUBCLASS,LAMTRD000897
116714184,74.271592,34.205635,G5,NORMAL_STAR,LAMOST_DR5_GENERAL_SPECTROSCOPY,LAMOST_DR5_PIPELINE_SUBCLASS,LAMTRD000898
116714187,74.265394,34.059373,G7,NORMAL_STAR,LAMOST_DR5_GENERAL_SPECTROSCOPY,LAMOST_DR5_PIPELINE_SUBCLASS,LAMTRD000899
116714190,74.341094,34.182838,G5,NORMAL_STAR,LAMOST_DR5_GENERAL_SPECTROSCOPY,LAMOST_DR5_PIPELINE_SUBCLASS,LAMTRD000900
116714192,74.177914,34.390369,G9,NORMAL_STAR,LAMOST_DR5_GENERAL_SPECTROSCOPY,LAMOST_DR5_PIPELINE_SUBCLASS,LAMTRD000901
116714196,74.377893,34.040936,G5,NORMAL_STAR,LAMOST_DR5_GENERAL_SPECTROSCOPY,LAMOST_DR5_PIPELINE_SUBCLASS,LAMTRD000902
116714197,74.150441,34.247172,G5,NORMAL_STAR,LAMOST_DR5_GENERAL_SPECTROSCOPY,LAMOST_DR5_PIPELINE_SUBCLASS,LAMTRD000903
116714200,74.089747,34.366951,G5,NORMAL_STAR,LAMOST_DR5_GENERAL_SPECTROSCOPY,LAMOST_DR5_PIPELINE_SUBCLASS,LAMTRD000904
116714204,74.162092,34.410404,G5,NORMAL_STAR,LAMOST_DR5_GENERAL_SPECTROSCOPY,LAMOST_DR5_PIPELINE_SUBCLASS,LAMTRD000905
116714208,74.342249,34.542358,G4,NORMAL_STAR,LAMOST_DR5_GENERAL_SPECTROSCOPY,LAMOST_DR5_PIPELINE_SUBCLASS,LAMTRD000906
116714210,74.236698,34.577263,G7,NORMAL_STAR,LAMOST_DR5_GENERAL_SPECTROSCOPY,LAMOST_DR5_PIPELINE_SUBCLASS,LAMTRD000907
116714212,74.146509,34.594093,G5,NORMAL_STAR,LAMOST_DR5_GENERAL_SPECTROSCOPY,LAMOST_DR5_PIPELINE_SUBCLASS,LAMTRD000908
116714228,73.630286,34.295368,G5,NORMAL_STAR,LAMOST_DR5_GENERAL_SPECTROSCOPY,LAMOST_DR5_PIPELINE_SUBCLASS,LAMTRD000909
116714229,73.901048,34.370686,G1,NORMAL_STAR,LAMOST_DR5_GENERAL_SPECTROSCOPY,LAMOST_DR5_PIPELINE_SUBCLASS,LAMTRD000910
116714231,73.792152,34.556017,G5,NORMAL_STAR,LAMOST_DR5_GENERAL_SPECTROSCOPY,LAMOST_DR5_PIPELINE_SUBCLASS,LAMTRD000911
116714234,73.806083,34.371293,G5,NORMAL_STAR,LAMOST_DR5_GENERAL_SPECTROSCOPY,LAMOST_DR5_PIPELINE_SUBCLASS,LAMTRD000912
116714241,73.804527,34.472787,G2,NORMAL_STAR,LAMOST_DR5_GENERAL_SPECTROSCOPY,LAMOST_DR5_PIPELINE_SUBCLASS,LAMTRD000913
116714243,74.038778,34.459038,G5,NORMAL_STAR,LAMOST_DR5_GENERAL_SPECTROSCOPY,LAMOST_DR5_PIPELINE_SUBCLASS,LAMTRD000914
116714246,73.745501,34.347312,G5,NORMAL_STAR,LAMOST_DR5_GENERAL_SPECTROSCOPY,LAMOST_DR5_PIPELINE_SUBCLASS,LAMTRD000915
116714247,73.831804,34.439759,G5,NORMAL_STAR,LAMOST_DR5_GENERAL_SPECTROSCOPY,LAMOST_DR5_PIPELINE_SUBCLASS,LAMTRD000916
116714248,73.615982,34.542599,G5,NORMAL_STAR,LAMOST_DR5_GENERAL_SPECTROSCOPY,LAMOST_DR5_PIPELINE_SUBCLASS,LAMTRD000917
116715008,76.266912,34.903809,G5,NORMAL_STAR,LAMOST_DR5_GENERAL_SPECTROSCOPY,LAMOST_DR5_PIPELINE_SUBCLASS,LAMTRD000918
116715009,76.327464,35.098183,G5,NORMAL_STAR,LAMOST_DR5_GENERAL_SPECTROSCOPY,LAMOST_DR5_PIPELINE_SUBCLASS,LAMTRD000919
116715012,76.360943,34.85593,G5,NORMAL_STAR,LAMOST_DR5_GENERAL_SPECTROSCOPY,LAMOST_DR5_PIPELINE_SUBCLASS,LAMTRD000920
116715014,76.378681,34.947945,G5,NORMAL_STAR,LAMOST_DR5_GENERAL_SPECTROSCOPY,LAMOST_DR5_PIPELINE_SUBCLASS,LAMTRD000921
116715015,76.230597,34.951748,G5,NORMAL_STAR,LAMOST_DR5_GENERAL_SPECTROSCOPY,LAMOST_DR5_PIPELINE_SUBCLASS,LAMTRD000922
116715016,76.039591,35.050657,G5,NORMAL_STAR,LAMOST_DR5_GENERAL_SPECTROSCOPY,LAMOST_DR5_PIPELINE_SUBCLASS,LAMTRD000923
116715020,76.333558,34.944485,G5,NORMAL_STAR,LAMOST_DR5_GENERAL_SPECTROSCOPY,LAMOST_DR5_PIPELINE_SUBCLASS,LAMTRD000924
116715021,76.486155,35.143525,G5,NORMAL_STAR,LAMOST_DR5_GENERAL_SPECTROSCOPY,LAMOST_DR5_PIPELINE_SUBCLASS,LAMTRD000925
116715028,76.713651,35.363331,G5,NORMAL_STAR,LAMOST_DR5_GENERAL_SPECTROSCOPY,LAMOST_DR5_PIPELINE_SUBCLASS,LAMTRD000926
116715029,77.009154,35.274958,G5,NORMAL_STAR,LAMOST_DR5_GENERAL_SPECTROSCOPY,LAMOST_DR5_PIPELINE_SUBCLASS,LAMTRD000927
116715030,76.765027,35.242302,G5,NORMAL_STAR,LAMOST_DR5_GENERAL_SPECTROSCOPY,LAMOST_DR5_PIPELINE_SUBCLASS,LAMTRD000928
116715034,77.008684,35.40629,G5,NORMAL_STAR,LAMOST_DR5_GENERAL_SPECTROSCOPY,LAMOST_DR5_PIPELINE_SUBCLASS,LAMTRD000929
116808239,133.303138,15.016387,K1,NORMAL_STAR,LAMOST_DR5_GENERAL_SPECTROSCOPY,LAMOST_DR5_PIPELINE_SUBCLASS,LAMTRD000930
116808245,133.758655,14.960059,K1,NORMAL_STAR,LAMOST_DR5_GENERAL_SPECTROSCOPY,LAMOST_DR5_PIPELINE_SUBCLASS,LAMTRD000931
116809026,133.474457,16.013261,K7,NORMAL_STAR,LAMOST_DR5_GENERAL_SPECTROSCOPY,LAMOST_DR5_PIPELINE_SUBCLASS,LAMTRD000932
116809056,133.662118,16.391563,K1,NORMAL_STAR,LAMOST_DR5_GENERAL_SPECTROSCOPY,LAMOST_DR5_PIPELINE_SUBCLASS,LAMTRD000933
116809074,133.736411,16.399572,K0,NORMAL_STAR,LAMOST_DR5_GENERAL_SPECTROSCOPY,LAMOST_DR5_PIPELINE_SUBCLASS,LAMTRD000934
116809081,133.130478,16.655628,K3,NORMAL_STAR,LAMOST_DR5_GENERAL_SPECTROSCOPY,LAMOST_DR5_PIPELINE_SUBCLASS,LAMTRD000935
116809082,133.198611,16.732095,K0,NORMAL_STAR,LAMOST_DR5_GENERAL_SPECTROSCOPY,LAMOST_DR5_PIPELINE_SUBCLASS,LAMTRD000936
116809086,133.391564,16.736441,K0,NORMAL_STAR,LAMOST_DR5_GENERAL_SPECTROSCOPY,LAMOST_DR5_PIPELINE_SUBCLASS,LAMTRD000937
116809094,133.407791,16.826559,K3,NORMAL_STAR,LAMOST_DR5_GENERAL_SPECTROSCOPY,LAMOST_DR5_PIPELINE_SUBCLASS,LAMTRD000938
116809109,133.255672,16.60007,K4,NORMAL_STAR,LAMOST_DR5_GENERAL_SPECTROSCOPY,LAMOST_DR5_PIPELINE_SUBCLASS,LAMTRD000939
116809139,133.895903,15.696872,K7,NORMAL_STAR,LAMOST_DR5_GENERAL_SPECTROSCOPY,LAMOST_DR5_PIPELINE_SUBCLASS,LAMTRD000940
116809160,133.062814,16.077631,K3,NORMAL_STAR,LAMOST_DR5_GENERAL_SPECTROSCOPY,LAMOST_DR5_PIPELINE_SUBCLASS,LAMTRD000941
116809171,133.356576,16.168265,K5,NORMAL_STAR,LAMOST_DR5_GENERAL_SPECTROSCOPY,LAMOST_DR5_PIPELINE_SUBCLASS,LAMTRD000942
116809185,133.977108,16.010308,K3,NORMAL_STAR,LAMOST_DR5_GENERAL_SPECTROSCOPY,LAMOST_DR5_PIPELINE_SUBCLASS,LAMTRD000943
116809186,133.856506,16.160561,K7,NORMAL_STAR,LAMOST_DR5_GENERAL_SPECTROSCOPY,LAMOST_DR5_PIPELINE_SUBCLASS,LAMTRD000944
116809213,133.236725,15.846215,K7,NORMAL_STAR,LAMOST_DR5_GENERAL_SPECTROSCOPY,LAMOST_DR5_PIPELINE_SUBCLASS,LAMTRD000945
116810023,130.827191,15.134019,K1,NORMAL_STAR,LAMOST_DR5_GENERAL_SPECTROSCOPY,LAMOST_DR5_PIPELINE_SUBCLASS,LAMTRD000946
116810103,130.417679,14.801494,K1,NORMAL_STAR,LAMOST_DR5_GENERAL_SPECTROSCOPY,LAMOST_DR5_PIPELINE_SUBCLASS,LAMTRD000947
116810110,130.238204,14.917818,K1,NORMAL_STAR,LAMOST_DR5_GENERAL_SPECTROSCOPY,LAMOST_DR5_PIPELINE_SUBCLASS,LAMTRD000948
116810117,130.649157,14.711299,K1,NORMAL_STAR,LAMOST_DR5_GENERAL_SPECTROSCOPY,LAMOST_DR5_PIPELINE_SUBCLASS,LAMTRD000949
116810121,130.678491,14.812202,K1,NORMAL_STAR,LAMOST_DR5_GENERAL_SPECTROSCOPY,LAMOST_DR5_PIPELINE_SUBCLASS,LAMTRD000950
116810148,130.448582,15.202484,K5,NORMAL_STAR,LAMOST_DR5_GENERAL_SPECTROSCOPY,LAMOST_DR5_PIPELINE_SUBCLASS,LAMTRD000951
116810152,131.256686,14.226326,K1,NORMAL_STAR,LAMOST_DR5_GENERAL_SPECTROSCOPY,LAMOST_DR5_PIPELINE_SUBCLASS,LAMTRD000952
116810160,131.527315,14.469675,K1,NORMAL_STAR,LAMOST_DR5_GENERAL_SPECTROSCOPY,LAMOST_DR5_PIPELINE_SUBCLASS,LAMTRD000953
116810179,130.453779,14.394261,K0,NORMAL_STAR,LAMOST_DR5_GENERAL_SPECTROSCOPY,LAMOST_DR5_PIPELINE_SUBCLASS,LAMTRD000954
116810201,131.37987,14.59799,K5,NORMAL_STAR,LAMOST_DR5_GENERAL_SPECTROSCOPY,LAMOST_DR5_PIPELINE_SUBCLASS,LAMTRD000955
116810228,131.053566,14.915068,K1,NORMAL_STAR,LAMOST_DR5_GENERAL_SPECTROSCOPY,LAMOST_DR5_PIPELINE_SUBCLASS,LAMTRD000956
116811008,132.173344,17.088021,K3,NORMAL_STAR,LAMOST_DR5_GENERAL_SPECTROSCOPY,LAMOST_DR5_PIPELINE_SUBCLASS,LAMTRD000957
116811024,132.142988,17.190686,K5,NORMAL_STAR,LAMOST_DR5_GENERAL_SPECTROSCOPY,LAMOST_DR5_PIPELINE_SUBCLASS,LAMTRD000958
116811054,133.010069,16.884875,K5,NORMAL_STAR,LAMOST_DR5_GENERAL_SPECTROSCOPY,LAMOST_DR5_PIPELINE_SUBCLASS,LAMTRD000959
116811081,132.295554,17.113805,K0,NORMAL_STAR,LAMOST_DR5_GENERAL_SPECTROSCOPY,LAMOST_DR5_PIPELINE_SUBCLASS,LAMTRD000960
116811097,132.464675,17.04398,K1,NORMAL_STAR,LAMOST_DR5_GENERAL_SPECTROSCOPY,LAMOST_DR5_PIPELINE_SUBCLASS,LAMTRD000961
116811126,132.41354,17.486384,K1,NORMAL_STAR,LAMOST_DR5_GENERAL_SPECTROSCOPY,LAMOST_DR5_PIPELINE_SUBCLASS,LAMTRD000962
116811128,132.211613,17.459113,K0,NORMAL_STAR,LAMOST_DR5_GENERAL_SPECTROSCOPY,LAMOST_DR5_PIPELINE_SUBCLASS,LAMTRD000963
116811152,132.187467,17.459601,K1,NORMAL_STAR,LAMOST_DR5_GENERAL_SPECTROSCOPY,LAMOST_DR5_PIPELINE_SUBCLASS,LAMTRD000964
116811170,131.811305,17.599195,K1,NORMAL_STAR,LAMOST_DR5_GENERAL_SPECTROSCOPY,LAMOST_DR5_PIPELINE_SUBCLASS,LAMTRD000965
116811199,132.442194,17.442083,K5,NORMAL_STAR,LAMOST_DR5_GENERAL_SPECTROSCOPY,LAMOST_DR5_PIPELINE_SUBCLASS,LAMTRD000966
116812012,134.141142,16.948672,K1,NORMAL_STAR,LAMOST_DR5_GENERAL_SPECTROSCOPY,LAMOST_DR5_PIPELINE_SUBCLASS,LAMTRD000967
116812047,133.933417,17.401773,K1,NORMAL_STAR,LAMOST_DR5_GENERAL_SPECTROSCOPY,LAMOST_DR5_PIPELINE_SUBCLASS,LAMTRD000968
116812059,133.635784,17.242528,K7,NORMAL_STAR,LAMOST_DR5_GENERAL_SPECTROSCOPY,LAMOST_DR5_PIPELINE_SUBCLASS,LAMTRD000969
116812068,133.55082,17.357808,K7,NORMAL_STAR,LAMOST_DR5_GENERAL_SPECTROSCOPY,LAMOST_DR5_PIPELINE_SUBCLASS,LAMTRD000970
116812100,133.752883,16.743223,K5,NORMAL_STAR,LAMOST_DR5_GENERAL_SPECTROSCOPY,LAMOST_DR5_PIPELINE_SUBCLASS,LAMTRD000971
116812110,134.493184,17.03165,K1,NORMAL_STAR,LAMOST_DR5_GENERAL_SPECTROSCOPY,LAMOST_DR5_PIPELINE_SUBCLASS,LAMTRD000972
116812134,133.386361,17.168033,K0,NORMAL_STAR,LAMOST_DR5_GENERAL_SPECTROSCOPY,LAMOST_DR5_PIPELINE_SUBCLASS,LAMTRD000973
116812143,133.294185,16.868158,K3,NORMAL_STAR,LAMOST_DR5_GENERAL_SPECTROSCOPY,LAMOST_DR5_PIPELINE_SUBCLASS,LAMTRD000974
116812146,133.286548,17.224083,K1,NORMAL_STAR,LAMOST_DR5_GENERAL_SPECTROSCOPY,LAMOST_DR5_PIPELINE_SUBCLASS,LAMTRD000975
116812157,134.326611,16.587329,K5,NORMAL_STAR,LAMOST_DR5_GENERAL_SPECTROSCOPY,LAMOST_DR5_PIPELINE_SUBCLASS,LAMTRD000976
116812192,134.102807,17.237924,K3,NORMAL_STAR,LAMOST_DR5_GENERAL_SPECTROSCOPY,LAMOST_DR5_PIPELINE_SUBCLASS,LAMTRD000977
116812223,134.891949,16.743206,K1,NORMAL_STAR,LAMOST_DR5_GENERAL_SPECTROSCOPY,LAMOST_DR5_PIPELINE_SUBCLASS,LAMTRD000978
116813004,134.93933,16.075804,K7,NORMAL_STAR,LAMOST_DR5_GENERAL_SPECTROSCOPY,LAMOST_DR5_PIPELINE_SUBCLASS,LAMTRD000979
116813023,134.982079,16.201201,K3,NORMAL_STAR,LAMOST_DR5_GENERAL_SPECTROSCOPY,LAMOST_DR5_PIPELINE_SUBCLASS,LAMTRD000980
116813032,134.926873,15.866331,K1,NORMAL_STAR,LAMOST_DR5_GENERAL_SPECTROSCOPY,LAMOST_DR5_PIPELINE_SUBCLASS,LAMTRD000981
116813034,134.882415,15.755022,K5,NORMAL_STAR,LAMOST_DR5_GENERAL_SPECTROSCOPY,LAMOST_DR5_PIPELINE_SUBCLASS,LAMTRD000982
116813068,134.894646,15.493449,K7,NORMAL_STAR,LAMOST_DR5_GENERAL_SPECTROSCOPY,LAMOST_DR5_PIPELINE_SUBCLASS,LAMTRD000983
116813071,134.847401,15.643398,K1,NORMAL_STAR,LAMOST_DR5_GENERAL_SPECTROSCOPY,LAMOST_DR5_PIPELINE_SUBCLASS,LAMTRD000984
116813088,134.441215,15.602096,K7,NORMAL_STAR,LAMOST_DR5_GENERAL_SPECTROSCOPY,LAMOST_DR5_PIPELINE_SUBCLASS,LAMTRD000985
116813174,133.924754,16.239658,K5,NORMAL_STAR,LAMOST_DR5_GENERAL_SPECTROSCOPY,LAMOST_DR5_PIPELINE_SUBCLASS,LAMTRD000986
116813178,135.035328,16.342462,K5,NORMAL_STAR,LAMOST_DR5_GENERAL_SPECTROSCOPY,LAMOST_DR5_PIPELINE_SUBCLASS,LAMTRD000987
116813187,134.732132,16.497744,K0,NORMAL_STAR,LAMOST_DR5_GENERAL_SPECTROSCOPY,LAMOST_DR5_PIPELINE_SUBCLASS,LAMTRD000988
116813194,134.811093,16.527611,K5,NORMAL_STAR,LAMOST_DR5_GENERAL_SPECTROSCOPY,LAMOST_DR5_PIPELINE_SUBCLASS,LAMTRD000989
116813201,134.637036,15.859875,K4,NORMAL_STAR,LAMOST_DR5_GENERAL_SPECTROSCOPY,LAMOST_DR5_PIPELINE_SUBCLASS,LAMTRD000990
116813211,134.571402,15.807565,K5,NORMAL_STAR,LAMOST_DR5_GENERAL_SPECTROSCOPY,LAMOST_DR5_PIPELINE_SUBCLASS,LAMTRD000991
116813245,134.299012,16.077809,K5,NORMAL_STAR,LAMOST_DR5_GENERAL_SPECTROSCOPY,LAMOST_DR5_PIPELINE_SUBCLASS,LAMTRD000992
116813250,134.408015,15.800057,K3,NORMAL_STAR,LAMOST_DR5_GENERAL_SPECTROSCOPY,LAMOST_DR5_PIPELINE_SUBCLASS,LAMTRD000993
116814012,130.608793,16.129055,K1,NORMAL_STAR,LAMOST_DR5_GENERAL_SPECTROSCOPY,LAMOST_DR5_PIPELINE_SUBCLASS,LAMTRD000994
116814044,130.256873,15.411369,K3,NORMAL_STAR,LAMOST_DR5_GENERAL_SPECTROSCOPY,LAMOST_DR5_PIPELINE_SUBCLASS,LAMTRD000995
116814064,131.149315,15.561479,K7,NORMAL_STAR,LAMOST_DR5_GENERAL_SPECTROSCOPY,LAMOST_DR5_PIPELINE_SUBCLASS,LAMTRD000996
116814082,131.264287,16.276248,K4,NORMAL_STAR,LAMOST_DR5_GENERAL_SPECTROSCOPY,LAMOST_DR5_PIPELINE_SUBCLASS,LAMTRD000997
116814102,130.276543,16.042987,K3,NORMAL_STAR,LAMOST_DR5_GENERAL_SPECTROSCOPY,LAMOST_DR5_PIPELINE_SUBCLASS,LAMTRD000998
116814106,130.513974,16.099501,K1,NORMAL_STAR,LAMOST_DR5_GENERAL_SPECTROSCOPY,LAMOST_DR5_PIPELINE_SUBCLASS,LAMTRD000999
116814133,130.853353,16.15568,K7,NORMAL_STAR,LAMOST_DR5_GENERAL_SPECTROSCOPY,LAMOST_DR5_PIPELINE_SUBCLASS,LAMTRD001000
