specobjid,bestobjid,ra,dec,class,subclass,z,zerr,zwarning,plate,mjd,fiberid,star_truth_class,benchmark_id,truth_source,truth_quality
299496549392607232,1237650795683643399,147.25534,-0.31933693,STAR,WD,-0.0002443073,1.780399e-05,0,266,51630,26,WHITE_DWARF,STARTRD000001,SDSS_DR18_SPECTROSCOPY,ZWARNING_0_SCIENCEPRIMARY
299497923782141952,1237648721216274522,147.01792,-0.1272663,STAR,WD,-6.583336e-05,5.039021e-05,0,266,51630,31,WHITE_DWARF,STARTRD000002,SDSS_DR18_SPECTROSCOPY,ZWARNING_0_SCIENCEPRIMARY
299498198660048896,1237648721216340121,147.09176,-0.07734624,STAR,WD,-0.0002587513,0.0001898356,0,266,51630,32,WHITE_DWARF,STARTRD000003,SDSS_DR18_SPECTROSCOPY,ZWARNING_0_SCIENCEPRIMARY
299499573049583616,1237648721216405598,147.32107,-0.0065757249,STAR,WD,-0.0002599027,7.338508e-05,0,266,51630,37,WHITE_DWARF,STARTRD000004,SDSS_DR18_SPECTROSCOPY,ZWARNING_0_SCIENCEPRIMARY
299575714229807104,1237650795682726190,145.28112,-0.3304716,STAR,WD,0.0001110906,7.460005e-05,0,266,51630,314,WHITE_DWARF,STARTRD000005,SDSS_DR18_SPECTROSCOPY,ZWARNING_0_SCIENCEPRIMARY
299646082973984768,1237651752921989167,146.66811,1.2221831,STAR,WD,-3.489032e-05,2.4882e-05,0,266,51630,570,WHITE_DWARF,STARTRD000006,SDSS_DR18_SPECTROSCOPY,ZWARNING_0_SCIENCEPRIMARY
299662300770494464,1237651801769705649,147.18683,0.58795241,STAR,WD,0.0001449878,2.623872e-05,0,266,51630,629,WHITE_DWARF,STARTRD000007,SDSS_DR18_SPECTROSCOPY,ZWARNING_0_SCIENCEPRIMARY
300642515017558016,1237648720143122475,148.37166,-0.8501361,STAR,WD,0.0001417175,7.577005e-05,0,267,51608,99,WHITE_DWARF,STARTRD000008,SDSS_DR18_SPECTROSCOPY,ZWARNING_0_SCIENCEPRIMARY
300729926191966208,1237651752922447882,147.67551,1.2573303,STAR,WD,0.0001760774,4.078669e-05,0,267,51608,417,WHITE_DWARF,STARTRD000009,SDSS_DR18_SPECTROSCOPY,ZWARNING_0_SCIENCEPRIMARY
301879466018236416,1237651801770950678,149.91764,0.60949123,STAR,WD,-8.633265e-05,6.325628e-05,0,268,51633,503,WHITE_DWARF,STARTRD000010,SDSS_DR18_SPECTROSCOPY,ZWARNING_0_SCIENCEPRIMARY
303995205898496000,1237654669200326851,153.64691,-0.78733235,STAR,WD,-0.0001265908,7.53796e-05,0,270,51909,8,WHITE_DWARF,STARTRD000011,SDSS_DR18_SPECTROSCOPY,ZWARNING_0_SCIENCEPRIMARY
304121649735690240,1237651801235193888,152.48074,0.16218438,STAR,WD,-0.0001347541,2.900609e-05,0,270,51909,468,WHITE_DWARF,STARTRD000012,SDSS_DR18_SPECTROSCOPY,ZWARNING_0_SCIENCEPRIMARY
305168659247032320,1237648720682680354,154.42373,-0.49280509,STAR,WD,4.413373e-05,1.710529e-05,0,271,51883,181,WHITE_DWARF,STARTRD000013,SDSS_DR18_SPECTROSCOPY,ZWARNING_0_SCIENCEPRIMARY
306324246940903424,1237654668664111232,155.1739,-1.1836469,STAR,WD,2.591361e-05,8.707205e-05,0,272,51941,289,WHITE_DWARF,STARTRD000014,SDSS_DR18_SPECTROSCOPY,ZWARNING_0_SCIENCEPRIMARY
306329194743228416,1237654670274592772,154.79795,0.0047906305,STAR,WD,0.0003305406,3.988963e-05,0,272,51941,307,WHITE_DWARF,STARTRD000015,SDSS_DR18_SPECTROSCOPY,ZWARNING_0_SCIENCEPRIMARY
306387193981593600,1237654670812184582,156.44465,0.48261839,STAR,WD,-7.965641e-05,3.862909e-05,0,272,51941,518,WHITE_DWARF,STARTRD000016,SDSS_DR18_SPECTROSCOPY,ZWARNING_0_SCIENCEPRIMARY
307411939087116288,1237654669739294972,158.46513,-0.33577403,STAR,WD,-0.000667044,0.0002641173,0,273,51957,150,WHITE_DWARF,STARTRD000017,SDSS_DR18_SPECTROSCOPY,ZWARNING_0_SCIENCEPRIMARY
307444374680135680,1237648720683925726,157.2985,-0.50195519,STAR,WD,0.000291756,0.0001746378,0,273,51957,268,WHITE_DWARF,STARTRD000018,SDSS_DR18_SPECTROSCOPY,ZWARNING_0_SCIENCEPRIMARY
307460042720831488,1237648722294276267,156.77214,0.83202188,STAR,WD,2.478561e-05,7.079732e-05,0,273,51957,325,WHITE_DWARF,STARTRD000019,SDSS_DR18_SPECTROSCOPY,ZWARNING_0_SCIENCEPRIMARY
307463341255714816,1237654671349121276,156.72135,0.85292824,STAR,WD,-2.743366e-05,0.000108092,0,273,51957,337,WHITE_DWARF,STARTRD000020,SDSS_DR18_SPECTROSCOPY,ZWARNING_0_SCIENCEPRIMARY
307463616133621760,1237648722294276378,156.70584,0.65155366,STAR,WD,-0.0004874079,0.0002549386,0,273,51957,338,WHITE_DWARF,STARTRD000021,SDSS_DR18_SPECTROSCOPY,ZWARNING_0_SCIENCEPRIMARY
307487805389432832,1237648721757798638,157.58796,0.37012764,STAR,WD,-4.461481e-05,0.0001835821,0,273,51957,426,WHITE_DWARF,STARTRD000022,SDSS_DR18_SPECTROSCOPY,ZWARNING_0_SCIENCEPRIMARY
307505672453384192,1237654670276034657,158.14749,0.13776324,STAR,WD,-0.0001503483,0.0001487348,0,273,51957,491,WHITE_DWARF,STARTRD000023,SDSS_DR18_SPECTROSCOPY,ZWARNING_0_SCIENCEPRIMARY
307539757313845248,1237654671350038597,158.7039,0.86703743,STAR,WD,0.0004983441,0.0001008165,0,273,51957,615,WHITE_DWARF,STARTRD000024,SDSS_DR18_SPECTROSCOPY,ZWARNING_0_SCIENCEPRIMARY
308557629465061376,1237654669739819022,159.6396,-0.33325298,STAR,WD,-3.976291e-05,3.513347e-05,0,274,51913,222,WHITE_DWARF,STARTRD000025,SDSS_DR18_SPECTROSCOPY,ZWARNING_0_SCIENCEPRIMARY
308579894575523840,1237648721221582928,159.1486,-0.010115702,STAR,WD,-6.491982e-05,4.678345e-05,0,274,51913,303,WHITE_DWARF,STARTRD000026,SDSS_DR18_SPECTROSCOPY,ZWARNING_0_SCIENCEPRIMARY
309685728344827904,1237654669740539943,161.32408,-0.30936475,STAR,WD,-3.616222e-05,4.463715e-05,0,275,51910,230,WHITE_DWARF,STARTRD000027,SDSS_DR18_SPECTROSCOPY,ZWARNING_0_SCIENCEPRIMARY
310768472403503104,1237648721223745571,164.05133,-0.10601633,STAR,WD,-4.939166e-05,2.170899e-05,0,276,51909,73,WHITE_DWARF,STARTRD000028,SDSS_DR18_SPECTROSCOPY,ZWARNING_0_SCIENCEPRIMARY
310775069473269760,1237674648847712446,163.52396,-1.192494,STAR,WD,0.0002336376,6.211118e-05,0,276,51909,97,WHITE_DWARF,STARTRD000029,SDSS_DR18_SPECTROSCOPY,ZWARNING_0_SCIENCEPRIMARY
310830319932565504,1237674649384255616,162.68729,-0.79122453,STAR,WD,0.000206253,0.0002018888,0,276,51909,298,WHITE_DWARF,STARTRD000030,SDSS_DR18_SPECTROSCOPY,ZWARNING_0_SCIENCEPRIMARY
310911408915113984,1237648721760747592,164.36589,0.35519549,STAR,WD,2.275848e-05,4.013436e-05,0,276,51909,593,WHITE_DWARF,STARTRD000031,SDSS_DR18_SPECTROSCOPY,ZWARNING_0_SCIENCEPRIMARY
311881178154035200,1237648721224859802,166.65299,-0.1895481,STAR,WD,-0.0002513423,6.075291e-05,0,277,51908,25,WHITE_DWARF,STARTRD000032,SDSS_DR18_SPECTROSCOPY,ZWARNING_0_SCIENCEPRIMARY
311892448148219904,1237648720687792145,166.08348,-0.60783666,STAR,WD,-0.0001045878,5.03748e-05,0,277,51908,66,WHITE_DWARF,STARTRD000033,SDSS_DR18_SPECTROSCOPY,ZWARNING_0_SCIENCEPRIMARY
311938077880772608,1237648721224270006,165.25928,-0.092776727,STAR,WD,0.0004505486,0.0001532776,0,277,51908,232,WHITE_DWARF,STARTRD000034,SDSS_DR18_SPECTROSCOPY,ZWARNING_0_SCIENCEPRIMARY
311948798119143424,1237648721224007820,164.66699,-0.084146857,STAR,WD,0.0007755868,0.0002838063,0,277,51908,271,WHITE_DWARF,STARTRD000035,SDSS_DR18_SPECTROSCOPY,ZWARNING_0_SCIENCEPRIMARY
311988105659836416,1237648722834817085,165.06524,1.1279296,STAR,WD,-0.0002235725,7.372878e-05,0,277,51908,414,WHITE_DWARF,STARTRD000036,SDSS_DR18_SPECTROSCOPY,ZWARNING_0_SCIENCEPRIMARY
312015318572623872,1237674650996244523,165.86131,0.62383406,STAR,WD,-0.0001790459,2.864545e-05,0,277,51908,513,WHITE_DWARF,STARTRD000037,SDSS_DR18_SPECTROSCOPY,ZWARNING_0_SCIENCEPRIMARY
312018617107507200,1237648722298273933,165.88354,0.74490429,STAR,WD,-0.0005682295,0.0002469818,0,277,51908,525,WHITE_DWARF,STARTRD000038,SDSS_DR18_SPECTROSCOPY,ZWARNING_0_SCIENCEPRIMARY
312038133438900224,1237648721761599561,166.31383,0.27392367,STAR,WD,-8.843772e-05,1.083286e-05,0,277,51908,596,WHITE_DWARF,STARTRD000039,SDSS_DR18_SPECTROSCOPY,ZWARNING_0_SCIENCEPRIMARY
313101086170834944,1237648722835472491,166.59748,1.2558195,STAR,WD,-0.0001607864,4.34389e-05,0,278,51900,367,WHITE_DWARF,STARTRD000040,SDSS_DR18_SPECTROSCOPY,ZWARNING_0_SCIENCEPRIMARY
313163208577804288,1237674650997227631,168.12557,0.50070854,STAR,WD,5.136375e-05,4.067179e-05,0,278,51900,593,WHITE_DWARF,STARTRD000041,SDSS_DR18_SPECTROSCOPY,ZWARNING_0_SCIENCEPRIMARY
314210769690454016,1237648720688447521,167.61959,-0.56207204,STAR,WD,-0.0001337834,5.435855e-05,0,279,51984,308,WHITE_DWARF,STARTRD000042,SDSS_DR18_SPECTROSCOPY,ZWARNING_0_SCIENCEPRIMARY
314214343103244288,1237674651533901889,167.69799,0.9059306,STAR,WD,1.920226e-06,2.819037e-05,0,279,51984,321,WHITE_DWARF,STARTRD000043,SDSS_DR18_SPECTROSCOPY,ZWARNING_0_SCIENCEPRIMARY
315320995315476480,1237674649924338013,170.01664,-0.38968843,STAR,WD,-0.0001940905,0.0001558606,0,280,51612,251,WHITE_DWARF,STARTRD000044,SDSS_DR18_SPECTROSCOPY,ZWARNING_0_SCIENCEPRIMARY
316508742784935936,1237648721764024448,171.80071,0.2789693,STAR,WD,9.193089e-05,0.0001156019,0,281,51614,476,WHITE_DWARF,STARTRD000045,SDSS_DR18_SPECTROSCOPY,ZWARNING_0_SCIENCEPRIMARY
317620074900908032,1237648721764745517,173.47551,0.3126886,STAR,WD,-5.612037e-05,0.0002420382,0,282,51658,423,WHITE_DWARF,STARTRD000046,SDSS_DR18_SPECTROSCOPY,ZWARNING_0_SCIENCEPRIMARY
317651410982299648,1237674651536719954,174.06205,0.8519236,STAR,WD,0.0001123371,7.724278e-05,0,282,51658,537,WHITE_DWARF,STARTRD000047,SDSS_DR18_SPECTROSCOPY,ZWARNING_0_SCIENCEPRIMARY
318661867218167808,1237671140407246904,176.83503,-0.4015726,STAR,WD,1.629282e-05,4.674166e-05,0,283,51959,117,WHITE_DWARF,STARTRD000048,SDSS_DR18_SPECTROSCOPY,ZWARNING_0_SCIENCEPRIMARY
318668739165841408,1237674649927155762,176.53637,-0.41087837,STAR,WD,-0.0001500587,5.520091e-05,0,283,51959,142,WHITE_DWARF,STARTRD000049,SDSS_DR18_SPECTROSCOPY,ZWARNING_0_SCIENCEPRIMARY
318669563799562240,1237671128051875924,176.60193,-0.47301868,STAR,WD,0.0001486625,0.0001431309,0,283,51959,145,WHITE_DWARF,STARTRD000050,SDSS_DR18_SPECTROSCOPY,ZWARNING_0_SCIENCEPRIMARY
318726738404206592,1237671142554599626,175.10886,0.20518285,STAR,WD,-0.0001551533,8.490739e-05,0,283,51959,353,WHITE_DWARF,STARTRD000051,SDSS_DR18_SPECTROSCOPY,ZWARNING_0_SCIENCEPRIMARY
318749553270482944,1237671129125683203,175.80239,0.1573648,STAR,WD,-0.0001090226,6.023035e-05,0,283,51959,436,WHITE_DWARF,STARTRD000052,SDSS_DR18_SPECTROSCOPY,ZWARNING_0_SCIENCEPRIMARY
318795457880942592,1237671140944576553,176.98338,0.72801556,STAR,WD,-6.738894e-05,4.831864e-05,0,283,51959,603,WHITE_DWARF,STARTRD000053,SDSS_DR18_SPECTROSCOPY,ZWARNING_0_SCIENCEPRIMARY
319876552420517888,1237648721229840476,177.98727,-0.12374827,STAR,WD,-0.0003466416,3.782068e-05,0,284,51943,440,WHITE_DWARF,STARTRD000054,SDSS_DR18_SPECTROSCOPY,ZWARNING_0_SCIENCEPRIMARY
319884523879819264,1237648721766776942,178.15413,0.36162097,STAR,WD,-7.940002e-05,2.11341e-05,0,284,51943,469,WHITE_DWARF,STARTRD000055,SDSS_DR18_SPECTROSCOPY,ZWARNING_0_SCIENCEPRIMARY
322046714435364864,1237648720694607998,181.70135,-0.53389197,STAR,WD,0.0009708635,0.0004742818,0,286,51999,143,WHITE_DWARF,STARTRD000056,SDSS_DR18_SPECTROSCOPY,ZWARNING_0_SCIENCEPRIMARY
323186908396021760,1237648721232068855,183.11383,-0.17313944,STAR,WD,-4.518365e-05,0.0001221842,0,287,52023,195,WHITE_DWARF,STARTRD000057,SDSS_DR18_SPECTROSCOPY,ZWARNING_0_SCIENCEPRIMARY
323202851314624512,1237674649393037397,182.77187,-0.7745704,STAR,WD,0.0002980354,8.403995e-05,0,287,52023,253,WHITE_DWARF,STARTRD000058,SDSS_DR18_SPECTROSCOPY,ZWARNING_0_SCIENCEPRIMARY
323207249361135616,1237648720694935574,182.46017,-0.62686381,STAR,WD,0.0001511944,6.569819e-05,0,287,52023,269,WHITE_DWARF,STARTRD000059,SDSS_DR18_SPECTROSCOPY,ZWARNING_0_SCIENCEPRIMARY
323220993256482816,1237648721231806575,182.44135,-0.20622421,STAR,WD,0.0001835698,0.000202647,0,287,52023,319,WHITE_DWARF,STARTRD000060,SDSS_DR18_SPECTROSCOPY,ZWARNING_0_SCIENCEPRIMARY
324311158649546752,1237648703503925332,184.68037,-0.704855,STAR,WD,-4.617564e-05,7.046868e-05,0,288,52000,189,WHITE_DWARF,STARTRD000061,SDSS_DR18_SPECTROSCOPY,ZWARNING_0_SCIENCEPRIMARY
324343319364659200,1237648704040403135,183.87986,-0.38193194,STAR,WD,-0.0001402037,0.0001245809,0,288,52000,306,WHITE_DWARF,STARTRD000062,SDSS_DR18_SPECTROSCOPY,ZWARNING_0_SCIENCEPRIMARY
324372456422795264,1237648722306531342,184.62785,0.70451502,STAR,WD,0.0001037468,4.814369e-05,0,288,52000,412,WHITE_DWARF,STARTRD000063,SDSS_DR18_SPECTROSCOPY,ZWARNING_0_SCIENCEPRIMARY
324381802271631360,1237648722306727949,185.08634,0.73294697,STAR,WD,-2.317063e-05,5.945017e-05,0,288,52000,446,WHITE_DWARF,STARTRD000064,SDSS_DR18_SPECTROSCOPY,ZWARNING_0_SCIENCEPRIMARY
325388954754902016,1237648702968299825,187.58881,-1.1827939,STAR,WD,-0.0002105203,0.0001497633,0,289,51990,14,WHITE_DWARF,STARTRD000065,SDSS_DR18_SPECTROSCOPY,ZWARNING_0_SCIENCEPRIMARY
325414243522340864,1237648704041975853,187.42854,-0.27713664,STAR,WD,-0.0002104298,0.0001226652,0,289,51990,106,WHITE_DWARF,STARTRD000066,SDSS_DR18_SPECTROSCOPY,ZWARNING_0_SCIENCEPRIMARY
325415068156061696,1237648704041975873,187.49679,-0.28736731,STAR,WD,-0.0001327211,3.373373e-05,0,289,51990,109,WHITE_DWARF,STARTRD000067,SDSS_DR18_SPECTROSCOPY,ZWARNING_0_SCIENCEPRIMARY
325451352039778304,1237648720159768895,186.41065,-1.0406521,STAR,WD,5.161808e-05,0.0002219243,0,289,51990,241,WHITE_DWARF,STARTRD000068,SDSS_DR18_SPECTROSCOPY,ZWARNING_0_SCIENCEPRIMARY
325473617150240768,1237648722306990280,185.72922,0.67970537,STAR,WD,-0.0008143683,0.0003516701,0,289,51990,322,WHITE_DWARF,STARTRD000069,SDSS_DR18_SPECTROSCOPY,ZWARNING_0_SCIENCEPRIMARY
325544260772325376,1237648722307711140,187.44021,0.7304088,STAR,WD,-5.424875e-05,0.0002322803,0,289,51990,579,WHITE_DWARF,STARTRD000070,SDSS_DR18_SPECTROSCOPY,ZWARNING_0_SCIENCEPRIMARY
326574777223374848,1237648703505694733,188.72031,-0.63868563,STAR,WD,-0.0001512737,5.749405e-05,0,290,51941,232,WHITE_DWARF,STARTRD000071,SDSS_DR18_SPECTROSCOPY,ZWARNING_0_SCIENCEPRIMARY
328777093443774464,1237648720162717785,193.05947,-0.84931847,STAR,WD,-0.0001136686,2.421297e-05,0,292,51609,52,WHITE_DWARF,STARTRD000072,SDSS_DR18_SPECTROSCOPY,ZWARNING_0_SCIENCEPRIMARY
328789462949586944,1237648720162652200,192.91577,-1.0483631,STAR,WD,-8.675647e-05,5.023018e-05,0,292,51609,97,WHITE_DWARF,STARTRD000073,SDSS_DR18_SPECTROSCOPY,ZWARNING_0_SCIENCEPRIMARY
328863405106554880,1237671265497120869,191.79095,0.92583757,STAR,WD,0.0001017898,0.0001268558,0,292,51609,366,WHITE_DWARF,STARTRD000074,SDSS_DR18_SPECTROSCOPY,ZWARNING_0_SCIENCEPRIMARY
328898589478643712,1237671264959987855,192.33372,0.31989814,STAR,WD,0.0002206916,0.0001650924,0,292,51609,494,WHITE_DWARF,STARTRD000075,SDSS_DR18_SPECTROSCOPY,ZWARNING_0_SCIENCEPRIMARY
328909034839107584,1237671264423313548,192.78852,0.72252035,STAR,WD,-0.0004938501,0.0002753559,0,292,51609,532,WHITE_DWARF,STARTRD000076,SDSS_DR18_SPECTROSCOPY,ZWARNING_0_SCIENCEPRIMARY
328912058496083968,1237648705118077166,192.85811,0.44449037,STAR,WD,0.0002584288,0.0002039194,0,292,51609,543,WHITE_DWARF,STARTRD000077,SDSS_DR18_SPECTROSCOPY,ZWARNING_0_SCIENCEPRIMARY
329941477599766528,1237648721236983935,194.22016,-0.01959599,STAR,WD,0.00027118,9.358711e-05,0,293,51689,192,WHITE_DWARF,STARTRD000078,SDSS_DR18_SPECTROSCOPY,ZWARNING_0_SCIENCEPRIMARY
329946700279998464,1237648702971248723,194.33657,-1.0525089,STAR,WD,1.120877e-06,3.827826e-05,0,293,51689,211,WHITE_DWARF,STARTRD000079,SDSS_DR18_SPECTROSCOPY,ZWARNING_0_SCIENCEPRIMARY
329977761483483136,1237648705655275684,193.61452,1.0310894,STAR,WD,0.0001342912,0.0001351557,0,293,51689,324,WHITE_DWARF,STARTRD000080,SDSS_DR18_SPECTROSCOPY,ZWARNING_0_SCIENCEPRIMARY
329980235384645632,1237648705655144716,193.30048,0.92851896,STAR,WD,0.0003374637,0.0003077433,0,293,51689,333,WHITE_DWARF,STARTRD000081,SDSS_DR18_SPECTROSCOPY,ZWARNING_0_SCIENCEPRIMARY
329987107332319232,1237648704581402787,193.32879,0.073214876,STAR,WD,2.208539e-05,0.0001750125,0,293,51689,358,WHITE_DWARF,STARTRD000082,SDSS_DR18_SPECTROSCOPY,ZWARNING_0_SCIENCEPRIMARY
329997002936969216,1237648721773527056,193.48034,0.2414979,STAR,WD,0.0001679244,9.575431e-05,0,293,51689,394,WHITE_DWARF,STARTRD000083,SDSS_DR18_SPECTROSCOPY,ZWARNING_0_SCIENCEPRIMARY
330004424640456704,1237648705118404850,193.60278,0.47193231,STAR,WD,-0.0004058222,0.0001595817,0,293,51689,421,WHITE_DWARF,STARTRD000084,SDSS_DR18_SPECTROSCOPY,ZWARNING_0_SCIENCEPRIMARY
330021192192780288,1237648704581992460,194.5708,0.11950944,STAR,WD,-0.0001252306,3.75498e-05,0,293,51689,482,WHITE_DWARF,STARTRD000085,SDSS_DR18_SPECTROSCOPY,ZWARNING_0_SCIENCEPRIMARY
330054452419520512,1237648722848055314,195.2938,1.127755,STAR,WD,-3.648797e-05,1.420216e-05,0,293,51689,603,WHITE_DWARF,STARTRD000086,SDSS_DR18_SPECTROSCOPY,ZWARNING_0_SCIENCEPRIMARY
330058025832310784,1237648722311315530,195.54903,0.7907526,STAR,WD,-0.0002110219,8.352538e-05,0,293,51689,616,WHITE_DWARF,STARTRD000087,SDSS_DR18_SPECTROSCOPY,ZWARNING_0_SCIENCEPRIMARY
331095145158043648,1197132662085648417,195.69993,-0.83407393,STAR,WD,-6.982693e-05,1.626293e-05,0,294,51986,293,WHITE_DWARF,STARTRD000088,SDSS_DR18_SPECTROSCOPY,ZWARNING_0_SCIENCEPRIMARY
331155618297571328,1237648704583172110,197.27981,0.10733476,STAR,WD,-5.440615e-05,3.44852e-05,0,294,51986,513,WHITE_DWARF,STARTRD000089,SDSS_DR18_SPECTROSCOPY,ZWARNING_0_SCIENCEPRIMARY
334393404710479872,1237648720166780995,202.3676,-0.91679569,STAR,WD,2.220574e-05,5.161774e-05,0,297,51959,4,WHITE_DWARF,STARTRD000090,SDSS_DR18_SPECTROSCOPY,ZWARNING_0_SCIENCEPRIMARY
334491261245351936,1237648705121615996,200.91811,0.56075646,STAR,WD,-9.015246e-05,0.0001163686,0,297,51959,360,WHITE_DWARF,STARTRD000091,SDSS_DR18_SPECTROSCOPY,ZWARNING_0_SCIENCEPRIMARY
335524802108352512,1237648704049512586,204.6323,-0.39110289,STAR,WD,1.08958e-05,2.06446e-05,0,298,51955,24,WHITE_DWARF,STARTRD000092,SDSS_DR18_SPECTROSCOPY,ZWARNING_0_SCIENCEPRIMARY
335527550887421952,1237651504343941159,204.66034,-0.12011295,STAR,WD,0.0001170088,7.528655e-05,0,298,51955,34,WHITE_DWARF,STARTRD000093,SDSS_DR18_SPECTROSCOPY,ZWARNING_0_SCIENCEPRIMARY
335595445730437120,1237648702974918683,202.66873,-1.2510204,STAR,WD,-7.204848e-05,2.570548e-05,0,298,51955,281,WHITE_DWARF,STARTRD000094,SDSS_DR18_SPECTROSCOPY,ZWARNING_0_SCIENCEPRIMARY
335605616212994048,1237651504343023765,202.50056,-0.038409651,STAR,WD,0.0002158947,9.040222e-05,0,298,51955,318,WHITE_DWARF,STARTRD000095,SDSS_DR18_SPECTROSCOPY,ZWARNING_0_SCIENCEPRIMARY
335608914747877376,1237651505953636503,202.57999,1.1593673,STAR,WD,0.0008484313,0.0001872597,0,298,51955,330,WHITE_DWARF,STARTRD000096,SDSS_DR18_SPECTROSCOPY,ZWARNING_0_SCIENCEPRIMARY
335610289137412096,1237648722314330227,202.44395,0.7083264,STAR,WD,-1.166818e-05,0.0001059219,0,298,51955,335,WHITE_DWARF,STARTRD000097,SDSS_DR18_SPECTROSCOPY,ZWARNING_0_SCIENCEPRIMARY
335685330806007808,1237651505954422789,204.31018,1.0788329,STAR,WD,-5.073024e-05,6.021749e-05,0,298,51955,608,WHITE_DWARF,STARTRD000098,SDSS_DR18_SPECTROSCOPY,ZWARNING_0_SCIENCEPRIMARY
336650147494651904,1237648703513493526,206.52459,-0.69890783,STAR,WD,5.591051e-05,5.499411e-05,0,299,51671,22,WHITE_DWARF,STARTRD000099,SDSS_DR18_SPECTROSCOPY,ZWARNING_0_SCIENCEPRIMARY
336749928174872576,1237671990268002606,204.85876,0.44487803,STAR,WD,-0.0003570361,6.80315e-05,0,299,51671,385,WHITE_DWARF,STARTRD000100,SDSS_DR18_SPECTROSCOPY,ZWARNING_0_SCIENCEPRIMARY
336790060349286400,1237671957519335577,205.65201,0.79530402,STAR,WD,-0.0002621135,6.370909e-05,0,299,51671,531,WHITE_DWARF,STARTRD000101,SDSS_DR18_SPECTROSCOPY,ZWARNING_0_SCIENCEPRIMARY
337786772203268096,1237648720706076999,207.90872,-0.44684573,STAR,WD,-2.008624e-05,0.0001165583,0,300,51943,61,WHITE_DWARF,STARTRD000102,SDSS_DR18_SPECTROSCOPY,ZWARNING_0_SCIENCEPRIMARY
337847520220702720,1237671957520187426,206.46222,-0.92679223,STAR,WD,-0.0001929595,1.77422e-05,0,300,51943,282,WHITE_DWARF,STARTRD000103,SDSS_DR18_SPECTROSCOPY,ZWARNING_0_SCIENCEPRIMARY
338937411104958464,1237651709968777255,209.8555,-0.5740127,STAR,WD,1.11085e-05,1.554561e-05,0,301,51942,151,WHITE_DWARF,STARTRD000104,SDSS_DR18_SPECTROSCOPY,ZWARNING_0_SCIENCEPRIMARY
338957477192165376,1237651709968449883,209.17632,-0.59721304,STAR,WD,-0.001043859,0.0002835567,0,301,51942,224,WHITE_DWARF,STARTRD000105,SDSS_DR18_SPECTROSCOPY,ZWARNING_0_SCIENCEPRIMARY
338984964982859776,1237674601603792933,208.74955,1.138689,STAR,WD,1.043275e-05,1.419756e-05,0,301,51942,324,WHITE_DWARF,STARTRD000106,SDSS_DR18_SPECTROSCOPY,ZWARNING_0_SCIENCEPRIMARY
339019599599134720,1237674602140991714,209.70094,1.0168122,STAR,WD,2.017061e-05,9.653015e-05,0,301,51942,450,WHITE_DWARF,STARTRD000107,SDSS_DR18_SPECTROSCOPY,ZWARNING_0_SCIENCEPRIMARY
339067153477036032,1237674602678452411,210.92229,0.59473646,STAR,WD,-0.0001869477,0.0001925608,0,301,51942,623,WHITE_DWARF,STARTRD000108,SDSS_DR18_SPECTROSCOPY,ZWARNING_0_SCIENCEPRIMARY
340153466703865856,1237648705126334670,211.75672,0.50240981,STAR,WD,-0.0001439157,2.359312e-05,0,302,51688,479,WHITE_DWARF,STARTRD000109,SDSS_DR18_SPECTROSCOPY,ZWARNING_0_SCIENCEPRIMARY
341210371031328768,1237648720708501579,213.4855,-0.44533194,STAR,WD,-7.350708e-05,2.636157e-05,0,303,51615,228,WHITE_DWARF,STARTRD000110,SDSS_DR18_SPECTROSCOPY,ZWARNING_0_SCIENCEPRIMARY
341309327077828608,1237648705127645237,214.66522,0.53176624,STAR,WD,-0.0003243316,6.44774e-05,0,303,51615,588,WHITE_DWARF,STARTRD000111,SDSS_DR18_SPECTROSCOPY,ZWARNING_0_SCIENCEPRIMARY
342293664761931776,1237648703517294657,215.33411,-0.7739581,STAR,WD,-0.0001852475,3.226219e-05,0,304,51609,73,WHITE_DWARF,STARTRD000112,SDSS_DR18_SPECTROSCOPY,ZWARNING_0_SCIENCEPRIMARY
342323076697974784,1237674604290638024,214.66834,-0.42127819,STAR,WD,-0.0001880261,8.247028e-05,0,304,51609,180,WHITE_DWARF,STARTRD000113,SDSS_DR18_SPECTROSCOPY,ZWARNING_0_SCIENCEPRIMARY
342331872790996992,1237648721245831220,214.44984,-0.097046955,STAR,WD,-0.0001383952,5.794951e-05,0,304,51609,212,WHITE_DWARF,STARTRD000114,SDSS_DR18_SPECTROSCOPY,ZWARNING_0_SCIENCEPRIMARY
342368431552620544,1237651752414740600,214.28674,0.97425828,STAR,WD,-9.764997e-05,3.736118e-05,0,304,51609,345,WHITE_DWARF,STARTRD000115,SDSS_DR18_SPECTROSCOPY,ZWARNING_0_SCIENCEPRIMARY
343436332288206848,1237648721246879879,216.90555,-0.013874871,STAR,WD,-0.0001822726,9.056719e-05,0,305,51613,134,WHITE_DWARF,STARTRD000116,SDSS_DR18_SPECTROSCOPY,ZWARNING_0_SCIENCEPRIMARY
343457223009134592,1237648704054624442,216.25667,-0.22077676,STAR,WD,-0.0002234206,5.461026e-05,0,305,51613,210,WHITE_DWARF,STARTRD000117,SDSS_DR18_SPECTROSCOPY,ZWARNING_0_SCIENCEPRIMARY
343540236137031680,1237651752415658059,216.50616,1.0000579,STAR,WD,-0.0001541578,7.201726e-05,0,305,51613,512,WHITE_DWARF,STARTRD000118,SDSS_DR18_SPECTROSCOPY,ZWARNING_0_SCIENCEPRIMARY
343540785892845568,1237651735236051118,216.41559,1.1574694,STAR,WD,2.569777e-05,8.366293e-05,0,305,51613,514,WHITE_DWARF,STARTRD000119,SDSS_DR18_SPECTROSCOPY,ZWARNING_0_SCIENCEPRIMARY
344579275027933184,1237648704055345237,217.97739,-0.20868045,STAR,WD,-0.0002581945,4.58546e-05,0,306,51637,196,WHITE_DWARF,STARTRD000120,SDSS_DR18_SPECTROSCOPY,ZWARNING_0_SCIENCEPRIMARY
344632051586066432,1237648722320752797,217.19336,0.75731968,STAR,WD,-7.420316e-05,4.689241e-05,0,306,51637,388,WHITE_DWARF,STARTRD000121,SDSS_DR18_SPECTROSCOPY,ZWARNING_0_SCIENCEPRIMARY
344658164987226112,1237648704592216182,217.99886,0.037812143,STAR,WD,-0.0001066727,3.112952e-05,0,306,51637,483,WHITE_DWARF,STARTRD000122,SDSS_DR18_SPECTROSCOPY,ZWARNING_0_SCIENCEPRIMARY
345664493440755712,1237648702982586622,220.21182,-1.1202127,STAR,WD,-4.388546e-05,0.0001989123,0,307,51663,48,WHITE_DWARF,STARTRD000123,SDSS_DR18_SPECTROSCOPY,ZWARNING_0_SCIENCEPRIMARY
345686758551218176,1237648703519195487,219.64373,-0.82452232,STAR,WD,-0.0003764707,0.0001334128,0,307,51663,129,WHITE_DWARF,STARTRD000124,SDSS_DR18_SPECTROSCOPY,ZWARNING_0_SCIENCEPRIMARY
345761525341906944,1237648705666613472,219.44071,1.0065954,STAR,WD,0.0001954386,0.0001802616,0,307,51663,401,WHITE_DWARF,STARTRD000125,SDSS_DR18_SPECTROSCOPY,ZWARNING_0_SCIENCEPRIMARY
345762899731441664,1237648705666547970,219.3517,0.93544645,STAR,WD,0.0003036658,0.0001944975,0,307,51663,406,WHITE_DWARF,STARTRD000126,SDSS_DR18_SPECTROSCOPY,ZWARNING_0_SCIENCEPRIMARY
345769221923301376,1237648704592806031,219.37403,0.19001084,STAR,WD,-0.0001684501,4.297973e-05,0,307,51663,429,WHITE_DWARF,STARTRD000127,SDSS_DR18_SPECTROSCOPY,ZWARNING_0_SCIENCEPRIMARY
345801657516320768,1237648722322063499,220.11981,0.66101361,STAR,WD,-0.0001256153,0.0001278668,0,307,51663,547,WHITE_DWARF,STARTRD000128,SDSS_DR18_SPECTROSCOPY,ZWARNING_0_SCIENCEPRIMARY
345804131417483264,1237648721785127087,220.06493,0.41155541,STAR,WD,-0.0001457227,4.364753e-05,0,307,51663,556,WHITE_DWARF,STARTRD000129,SDSS_DR18_SPECTROSCOPY,ZWARNING_0_SCIENCEPRIMARY
345814851655854080,1237648705130135699,220.30921,0.61733355,STAR,WD,-8.059421e-05,0.0001740813,0,307,51663,595,WHITE_DWARF,STARTRD000130,SDSS_DR18_SPECTROSCOPY,ZWARNING_0_SCIENCEPRIMARY
346802213080819712,1237655693550747908,221.85876,-1.0235098,STAR,WD,0.0003600718,0.0001529689,0,308,51662,91,WHITE_DWARF,STARTRD000131,SDSS_DR18_SPECTROSCOPY,ZWARNING_0_SCIENCEPRIMARY
346872032069183488,1237648721248452626,220.40577,-0.091290791,STAR,WD,-0.0001728978,4.768636e-05,0,308,51662,345,WHITE_DWARF,STARTRD000132,SDSS_DR18_SPECTROSCOPY,ZWARNING_0_SCIENCEPRIMARY
346874231092439040,1237648721248321799,220.20932,-0.016372659,STAR,WD,1.108878e-05,0.0001173758,0,308,51662,353,WHITE_DWARF,STARTRD000133,SDSS_DR18_SPECTROSCOPY,ZWARNING_0_SCIENCEPRIMARY
346875330604066816,1237648721248583783,220.80289,-0.11608814,STAR,WD,-0.0001320647,4.629054e-05,0,308,51662,357,WHITE_DWARF,STARTRD000134,SDSS_DR18_SPECTROSCOPY,ZWARNING_0_SCIENCEPRIMARY
346933329842432000,1237651752955084932,222.24748,1.2121246,STAR,WD,0.0003971519,0.0001464637,0,308,51662,568,WHITE_DWARF,STARTRD000135,SDSS_DR18_SPECTROSCOPY,ZWARNING_0_SCIENCEPRIMARY
348028723871639552,1237648705668317306,223.36041,0.85983494,STAR,WD,-0.000206417,4.77862e-05,0,309,51994,457,WHITE_DWARF,STARTRD000136,SDSS_DR18_SPECTROSCOPY,ZWARNING_0_SCIENCEPRIMARY
348048515080939520,1237648705668579451,223.89791,1.0462122,STAR,WD,-0.000259071,5.978229e-05,0,309,51994,529,WHITE_DWARF,STARTRD000137,SDSS_DR18_SPECTROSCOPY,ZWARNING_0_SCIENCEPRIMARY
349065563269523456,1237655693552517138,225.87705,-0.86978447,STAR,WD,-3.192818e-06,4.759919e-05,0,310,51990,133,WHITE_DWARF,STARTRD000138,SDSS_DR18_SPECTROSCOPY,ZWARNING_0_SCIENCEPRIMARY
349077383019522048,1237648721251074194,226.48708,-0.060777247,STAR,WD,0.0001802003,0.0002009968,0,310,51990,176,WHITE_DWARF,STARTRD000139,SDSS_DR18_SPECTROSCOPY,ZWARNING_0_SCIENCEPRIMARY
349080956432312320,1237648721250812139,225.82623,-0.17040338,STAR,WD,6.033336e-05,0.0001661442,0,310,51990,189,WHITE_DWARF,STARTRD000140,SDSS_DR18_SPECTROSCOPY,ZWARNING_0_SCIENCEPRIMARY
349125761531144192,1237648704595100051,224.5617,0.21186323,STAR,WD,-7.941988e-05,0.0001287414,0,310,51990,352,WHITE_DWARF,STARTRD000141,SDSS_DR18_SPECTROSCOPY,ZWARNING_0_SCIENCEPRIMARY
349132633478817792,1237648705669169253,225.35259,0.90843191,STAR,WD,-0.0001197328,3.769199e-05,0,310,51990,377,WHITE_DWARF,STARTRD000142,SDSS_DR18_SPECTROSCOPY,ZWARNING_0_SCIENCEPRIMARY
349143353717188608,1237648705669366108,225.81473,0.97316494,STAR,WD,0.0004463064,0.0003011436,0,310,51990,416,WHITE_DWARF,STARTRD000143,SDSS_DR18_SPECTROSCOPY,ZWARNING_0_SCIENCEPRIMARY
350281617677248512,1237655467524882704,227.74485,0.68686295,STAR,WD,0.0007026776,0.0001532485,0,311,51665,461,WHITE_DWARF,STARTRD000144,SDSS_DR18_SPECTROSCOPY,ZWARNING_0_SCIENCEPRIMARY
351296192434432000,1237648720178708764,229.63836,-0.94487643,STAR,WD,-5.216634e-05,0.0001024074,0,312,51689,56,WHITE_DWARF,STARTRD000145,SDSS_DR18_SPECTROSCOPY,ZWARNING_0_SCIENCEPRIMARY
351441877725112320,1237648704597524530,230.03468,0.19059356,STAR,WD,-0.0001612398,3.632683e-05,0,312,51689,586,WHITE_DWARF,STARTRD000146,SDSS_DR18_SPECTROSCOPY,ZWARNING_0_SCIENCEPRIMARY
352555957613520896,1237648721790304523,231.82187,0.40371501,STAR,WD,-0.0003765434,9.422344e-05,0,313,51673,543,WHITE_DWARF,STARTRD000147,SDSS_DR18_SPECTROSCOPY,ZWARNING_0_SCIENCEPRIMARY
354674991230380032,1237655693556515023,235.14429,-0.76092496,STAR,WD,-0.0002394138,5.512013e-05,0,315,51663,60,WHITE_DWARF,STARTRD000148,SDSS_DR18_SPECTROSCOPY,ZWARNING_0_SCIENCEPRIMARY
354679664154798080,1237648721255137311,235.68361,-0.082921639,STAR,WD,-0.0001275392,5.095829e-05,0,315,51663,77,WHITE_DWARF,STARTRD000149,SDSS_DR18_SPECTROSCOPY,ZWARNING_0_SCIENCEPRIMARY
354707151945492480,1237648704599621723,234.8814,0.021788895,STAR,WD,-5.455466e-05,5.082479e-05,0,315,51663,177,WHITE_DWARF,STARTRD000150,SDSS_DR18_SPECTROSCOPY,ZWARNING_0_SCIENCEPRIMARY
367050006546376704,1237650369942061147,173.05649,-3.0489721,STAR,WD,-0.0001928307,0.0001091037,0,326,52375,24,WHITE_DWARF,STARTRD000151,SDSS_DR18_SPECTROSCOPY,ZWARNING_0_SCIENCEPRIMARY
367056328738236416,1237650760776548427,172.24864,-3.1642845,STAR,WD,-7.272344e-05,4.051305e-05,0,326,52375,47,WHITE_DWARF,STARTRD000152,SDSS_DR18_SPECTROSCOPY,ZWARNING_0_SCIENCEPRIMARY
367057428249864192,1237650760239743290,172.42325,-3.5229028,STAR,WD,-0.0005813313,0.0002486501,0,326,52375,51,WHITE_DWARF,STARTRD000153,SDSS_DR18_SPECTROSCOPY,ZWARNING_0_SCIENCEPRIMARY
367059627273119744,1237650760776548525,172.26908,-3.1291511,STAR,WD,0.0002110122,8.633018e-05,0,326,52375,59,WHITE_DWARF,STARTRD000154,SDSS_DR18_SPECTROSCOPY,ZWARNING_0_SCIENCEPRIMARY
367061276540561408,1237650761313681570,172.90925,-2.827732,STAR,WD,0.000371492,0.0001913174,0,326,52375,65,WHITE_DWARF,STARTRD000155,SDSS_DR18_SPECTROSCOPY,ZWARNING_0_SCIENCEPRIMARY
367065949464979456,1237650760239546514,171.97638,-3.5020173,STAR,WD,5.655362e-06,0.0001176851,0,326,52375,82,WHITE_DWARF,STARTRD000156,SDSS_DR18_SPECTROSCOPY,ZWARNING_0_SCIENCEPRIMARY
367067873610328064,1237650760239546429,172.00037,-3.5176499,STAR,WD,0.000322377,5.584928e-05,0,326,52375,89,WHITE_DWARF,STARTRD000157,SDSS_DR18_SPECTROSCOPY,ZWARNING_0_SCIENCEPRIMARY
367088764331255808,1237650370478407710,171.90955,-2.4767384,STAR,WD,-8.011728e-05,6.928802e-05,0,326,52375,165,WHITE_DWARF,STARTRD000158,SDSS_DR18_SPECTROSCOPY,ZWARNING_0_SCIENCEPRIMARY
367095361401022464,1237650761313157197,171.58658,-2.694332,STAR,WD,6.780768e-05,0.000146994,0,326,52375,189,WHITE_DWARF,STARTRD000159,SDSS_DR18_SPECTROSCOPY,ZWARNING_0_SCIENCEPRIMARY
367104707249858560,1237650369941340272,171.42484,-2.9076936,STAR,WD,0.0001120969,0.0001878586,0,326,52375,223,WHITE_DWARF,STARTRD000160,SDSS_DR18_SPECTROSCOPY,ZWARNING_0_SCIENCEPRIMARY
367106356517300224,1237650760776155286,171.33161,-3.0597704,STAR,WD,-0.00018674,0.000151241,0,326,52375,229,WHITE_DWARF,STARTRD000161,SDSS_DR18_SPECTROSCOPY,ZWARNING_0_SCIENCEPRIMARY
367107730906834944,1237650370478145695,171.33855,-2.5759207,STAR,WD,0.0002745453,0.0001769533,0,326,52375,234,WHITE_DWARF,STARTRD000162,SDSS_DR18_SPECTROSCOPY,ZWARNING_0_SCIENCEPRIMARY
367128071871948800,1237650369941078237,170.86124,-2.9987465,STAR,WD,-0.000172866,0.0007462461,0,326,52375,308,WHITE_DWARF,STARTRD000163,SDSS_DR18_SPECTROSCOPY,ZWARNING_0_SCIENCEPRIMARY
367163805999851520,1237650371015016768,171.3272,-2.0917641,STAR,WD,4.358498e-05,0.0002000652,0,326,52375,438,WHITE_DWARF,STARTRD000164,SDSS_DR18_SPECTROSCOPY,ZWARNING_0_SCIENCEPRIMARY
367173976482408448,1237650371015147622,171.55785,-2.0934073,STAR,WD,-0.0006746041,0.0002849166,0,326,52375,475,WHITE_DWARF,STARTRD000165,SDSS_DR18_SPECTROSCOPY,ZWARNING_0_SCIENCEPRIMARY
367198715494033408,1237674648851579135,172.22033,-1.0946714,STAR,WD,0.000723355,0.0002786896,0,326,52375,565,WHITE_DWARF,STARTRD000166,SDSS_DR18_SPECTROSCOPY,ZWARNING_0_SCIENCEPRIMARY
367217956947519488,1237650371015868509,173.20703,-2.1538417,STAR,WD,-0.0006476372,0.000286099,0,326,52375,635,WHITE_DWARF,STARTRD000167,SDSS_DR18_SPECTROSCOPY,ZWARNING_0_SCIENCEPRIMARY
368205317030307840,1237671142016090318,173.63322,-3.2580528,STAR,WD,0.0002794848,0.0001469219,0,327,52294,131,WHITE_DWARF,STARTRD000168,SDSS_DR18_SPECTROSCOPY,ZWARNING_0_SCIENCEPRIMARY
368219610681468928,1237650370478997578,173.33441,-2.5775866,STAR,WD,4.348829e-05,3.964674e-05,0,327,52294,183,WHITE_DWARF,STARTRD000169,SDSS_DR18_SPECTROSCOPY,ZWARNING_0_SCIENCEPRIMARY
368250397007046656,1237650369405124646,172.91276,-3.357558,STAR,WD,1.544699e-05,6.044577e-05,0,327,52294,295,WHITE_DWARF,STARTRD000170,SDSS_DR18_SPECTROSCOPY,ZWARNING_0_SCIENCEPRIMARY
368251496518674432,1237650760776810623,172.86115,-3.1290555,STAR,WD,-0.0003167559,0.0001224768,0,327,52294,299,WHITE_DWARF,STARTRD000171,SDSS_DR18_SPECTROSCOPY,ZWARNING_0_SCIENCEPRIMARY
368278984309368832,1237650761850486850,172.6595,-2.3232388,STAR,WD,-1.029209e-05,0.0001584601,0,327,52294,399,WHITE_DWARF,STARTRD000172,SDSS_DR18_SPECTROSCOPY,ZWARNING_0_SCIENCEPRIMARY
368316367704713216,1237650371553067049,174.01669,-1.6161529,STAR,WD,-3.148089e-05,2.604522e-05,0,327,52294,535,WHITE_DWARF,STARTRD000173,SDSS_DR18_SPECTROSCOPY,ZWARNING_0_SCIENCEPRIMARY
369357330136983552,1237671128050630773,175.20588,-2.9534324,STAR,WD,-0.0001094162,7.212129e-05,0,328,52282,226,WHITE_DWARF,STARTRD000174,SDSS_DR18_SPECTROSCOPY,ZWARNING_0_SCIENCEPRIMARY
369357879892797440,1237671140405936304,175.22732,-3.0149622,STAR,WD,0.0001299254,0.0001586319,0,328,52282,228,WHITE_DWARF,STARTRD000175,SDSS_DR18_SPECTROSCOPY,ZWARNING_0_SCIENCEPRIMARY
369390865241630720,1237671129661374620,174.2839,-1.989897,STAR,WD,-3.538017e-05,5.717641e-05,0,328,52282,348,WHITE_DWARF,STARTRD000176,SDSS_DR18_SPECTROSCOPY,ZWARNING_0_SCIENCEPRIMARY
370516211601008640,1237671140406329604,175.75202,-2.126777,STAR,WD,0.0001257037,0.0002097242,0,329,52056,346,WHITE_DWARF,STARTRD000177,SDSS_DR18_SPECTROSCOPY,ZWARNING_0_SCIENCEPRIMARY
372727609596864512,1237650761316892834,180.22728,-2.8519463,STAR,WD,-0.0001761465,3.996763e-05,0,331,52368,199,WHITE_DWARF,STARTRD000178,SDSS_DR18_SPECTROSCOPY,ZWARNING_0_SCIENCEPRIMARY
372740253980583936,1237650760243019944,179.82449,-3.5893273,STAR,WD,-0.0001277358,6.914615e-05,0,331,52368,245,WHITE_DWARF,STARTRD000179,SDSS_DR18_SPECTROSCOPY,ZWARNING_0_SCIENCEPRIMARY
372764992992208896,1237650372092362784,179.56884,-1.3860306,STAR,WD,-0.0001751547,0.0001671921,0,331,52368,335,WHITE_DWARF,STARTRD000180,SDSS_DR18_SPECTROSCOPY,ZWARNING_0_SCIENCEPRIMARY
372765817625929728,1237650762927243500,179.64885,-1.6254595,STAR,WD,-0.0004166779,0.0001887996,0,331,52368,338,WHITE_DWARF,STARTRD000181,SDSS_DR18_SPECTROSCOPY,ZWARNING_0_SCIENCEPRIMARY
372773239329417216,1237650372092494000,179.85383,-1.3115402,STAR,WD,-0.0003815135,0.0001614169,0,331,52368,365,WHITE_DWARF,STARTRD000182,SDSS_DR18_SPECTROSCOPY,ZWARNING_0_SCIENCEPRIMARY
372839484904990720,1237650762928029822,181.4185,-1.4471481,STAR,WD,-0.0001349808,8.805188e-05,0,331,52368,606,WHITE_DWARF,STARTRD000183,SDSS_DR18_SPECTROSCOPY,ZWARNING_0_SCIENCEPRIMARY
373828220719491072,1237650369946517510,183.24255,-3.1205185,STAR,WD,-0.0001590523,7.366893e-05,0,332,52367,107,WHITE_DWARF,STARTRD000184,SDSS_DR18_SPECTROSCOPY,ZWARNING_0_SCIENCEPRIMARY
373829320231118848,1237650370483257424,183.03808,-2.5764547,STAR,WD,-1.789152e-05,5.792995e-05,0,332,52367,111,WHITE_DWARF,STARTRD000185,SDSS_DR18_SPECTROSCOPY,ZWARNING_0_SCIENCEPRIMARY
373882646545065984,1237650761317548179,181.74515,-2.9095429,STAR,WD,1.152961e-05,0.0002463698,0,332,52367,305,WHITE_DWARF,STARTRD000186,SDSS_DR18_SPECTROSCOPY,ZWARNING_0_SCIENCEPRIMARY
373882921422972928,1237650761317416962,181.31585,-2.7062928,STAR,WD,-0.0001276492,8.732464e-05,0,332,52367,306,WHITE_DWARF,STARTRD000187,SDSS_DR18_SPECTROSCOPY,ZWARNING_0_SCIENCEPRIMARY
373917006283433984,1237650371019669605,182.03174,-2.0817192,STAR,WD,-3.859756e-06,7.587814e-05,0,332,52367,430,WHITE_DWARF,STARTRD000188,SDSS_DR18_SPECTROSCOPY,ZWARNING_0_SCIENCEPRIMARY
373941470417152000,1237650761854877844,182.77324,-2.3122013,STAR,WD,-9.107689e-05,0.0001196194,0,332,52367,519,WHITE_DWARF,STARTRD000189,SDSS_DR18_SPECTROSCOPY,ZWARNING_0_SCIENCEPRIMARY
373942020172965888,1237650372093870418,183.00502,-1.3378517,STAR,WD,-0.0008180727,0.0001444631,0,332,52367,521,WHITE_DWARF,STARTRD000190,SDSS_DR18_SPECTROSCOPY,ZWARNING_0_SCIENCEPRIMARY
374940925580830720,1237650369410564219,185.47843,-3.4101755,STAR,WD,-6.252894e-05,4.970421e-05,0,333,52313,59,WHITE_DWARF,STARTRD000191,SDSS_DR18_SPECTROSCOPY,ZWARNING_0_SCIENCEPRIMARY
374944773871527936,1237650761319252216,185.63001,-2.8233496,STAR,WD,8.739816e-05,8.265119e-05,0,333,52313,73,WHITE_DWARF,STARTRD000192,SDSS_DR18_SPECTROSCOPY,ZWARNING_0_SCIENCEPRIMARY
374945873383155712,1237650761319252055,185.62324,-2.725706,STAR,WD,-1.678744e-05,1.799754e-05,0,333,52313,77,WHITE_DWARF,STARTRD000193,SDSS_DR18_SPECTROSCOPY,ZWARNING_0_SCIENCEPRIMARY
375025313098262528,1237650371557523547,184.15475,-1.7207418,STAR,WD,-0.0007343547,0.0001384806,0,333,52313,366,WHITE_DWARF,STARTRD000194,SDSS_DR18_SPECTROSCOPY,ZWARNING_0_SCIENCEPRIMARY
375029161388959744,1237650371557523460,184.14103,-1.6891725,STAR,WD,0.0001526796,0.0001717307,0,333,52313,380,WHITE_DWARF,STARTRD000195,SDSS_DR18_SPECTROSCOPY,ZWARNING_0_SCIENCEPRIMARY
376185567374764032,0,187.21298,-2.3635366,STAR,WD,-0.0001696153,4.527369e-05,0,334,51993,491,WHITE_DWARF,STARTRD000196,SDSS_DR18_SPECTROSCOPY,ZWARNING_0_SCIENCEPRIMARY
376207007851505664,1237650372095901731,187.63948,-1.2616498,STAR,WD,8.065083e-05,8.643747e-05,0,334,51993,569,WHITE_DWARF,STARTRD000197,SDSS_DR18_SPECTROSCOPY,ZWARNING_0_SCIENCEPRIMARY
376222126136387584,1237650761857171467,187.93749,-2.3370517,STAR,WD,-2.288462e-05,4.809891e-05,0,334,51993,624,WHITE_DWARF,STARTRD000198,SDSS_DR18_SPECTROSCOPY,ZWARNING_0_SCIENCEPRIMARY
377249070114170880,1237650761857433633,188.54319,-2.4674657,STAR,WD,0.0003598926,3.902811e-05,0,335,52000,264,WHITE_DWARF,STARTRD000199,SDSS_DR18_SPECTROSCOPY,ZWARNING_0_SCIENCEPRIMARY
377275733271144448,1237650371559489601,188.7577,-1.8017019,STAR,WD,-1.299253e-05,0.0001141452,0,335,52000,361,WHITE_DWARF,STARTRD000200,SDSS_DR18_SPECTROSCOPY,ZWARNING_0_SCIENCEPRIMARY
377285903753701376,1237650371022487710,188.45909,-2.2356174,STAR,WD,-0.0001408636,7.552106e-05,0,335,52000,398,WHITE_DWARF,STARTRD000201,SDSS_DR18_SPECTROSCOPY,ZWARNING_0_SCIENCEPRIMARY
377303770817652736,1237650762394763364,189.55597,-2.0321151,STAR,WD,-0.0002456499,0.0001388151,0,335,52000,463,WHITE_DWARF,STARTRD000202,SDSS_DR18_SPECTROSCOPY,ZWARNING_0_SCIENCEPRIMARY
377310917643233280,1237650371559882858,189.65307,-1.6600647,STAR,WD,-0.0002786715,6.273298e-05,0,335,52000,489,WHITE_DWARF,STARTRD000203,SDSS_DR18_SPECTROSCOPY,ZWARNING_0_SCIENCEPRIMARY
378305151015872512,1237671264958415115,192.10784,-3.2033127,STAR,WD,2.991526e-05,0.0001122368,0,336,51999,10,WHITE_DWARF,STARTRD000204,SDSS_DR18_SPECTROSCOPY,ZWARNING_0_SCIENCEPRIMARY
379442320883345408,1237650369414037646,193.42748,-3.478527,STAR,WD,-0.0001708934,3.873602e-05,0,337,51997,51,WHITE_DWARF,STARTRD000205,SDSS_DR18_SPECTROSCOPY,ZWARNING_0_SCIENCEPRIMARY
379491249150781440,1237650369950646419,192.71382,-3.0786583,STAR,WD,0.0001604184,0.0001769325,0,337,51997,229,WHITE_DWARF,STARTRD000206,SDSS_DR18_SPECTROSCOPY,ZWARNING_0_SCIENCEPRIMARY
380650129322960896,1237650371561521299,193.33545,-1.7984407,STAR,WD,-4.065699e-06,0.0001038731,0,338,51694,349,WHITE_DWARF,STARTRD000207,SDSS_DR18_SPECTROSCOPY,ZWARNING_0_SCIENCEPRIMARY
380675143212492800,1237650371025109035,194.41232,-2.1800002,STAR,WD,3.661769e-05,4.024353e-05,0,338,51694,440,WHITE_DWARF,STARTRD000208,SDSS_DR18_SPECTROSCOPY,ZWARNING_0_SCIENCEPRIMARY
381711707766024192,1237650369952350403,196.73106,-2.9339772,STAR,WD,-3.665396e-05,9.238146e-05,0,339,51692,115,WHITE_DWARF,STARTRD000209,SDSS_DR18_SPECTROSCOPY,ZWARNING_0_SCIENCEPRIMARY
381771081393924096,1237650762397319289,195.5086,-1.8597194,STAR,WD,4.807282e-06,2.359342e-05,0,339,51692,331,WHITE_DWARF,STARTRD000210,SDSS_DR18_SPECTROSCOPY,ZWARNING_0_SCIENCEPRIMARY
381852995010193408,1237650762398236714,197.53282,-1.9988784,STAR,WD,-7.066326e-05,3.205991e-05,0,339,51692,629,WHITE_DWARF,STARTRD000211,SDSS_DR18_SPECTROSCOPY,ZWARNING_0_SCIENCEPRIMARY
382837337794570240,1237655498662346763,198.82751,-2.4740868,STAR,WD,-3.122045e-05,4.036293e-05,0,340,51990,114,WHITE_DWARF,STARTRD000212,SDSS_DR18_SPECTROSCOPY,ZWARNING_0_SCIENCEPRIMARY
382888190207354880,1237650760787624154,197.54552,-3.0964396,STAR,WD,4.045483e-05,0.0001012496,0,340,51990,299,WHITE_DWARF,STARTRD000213,SDSS_DR18_SPECTROSCOPY,ZWARNING_0_SCIENCEPRIMARY
382975876259670016,1237655495977599040,198.98825,-1.5237629,STAR,WD,3.091188e-05,3.934356e-05,0,340,51990,618,WHITE_DWARF,STARTRD000214,SDSS_DR18_SPECTROSCOPY,ZWARNING_0_SCIENCEPRIMARY
384005014110103552,1237655498662740024,199.78053,-2.5684535,STAR,WD,-2.861559e-05,0.0001130148,0,341,51690,266,WHITE_DWARF,STARTRD000215,SDSS_DR18_SPECTROSCOPY,ZWARNING_0_SCIENCEPRIMARY
384022881174054912,1237655495977664760,199.17897,-1.4727517,STAR,WD,0.0003342436,0.0001506968,0,341,51690,331,WHITE_DWARF,STARTRD000216,SDSS_DR18_SPECTROSCOPY,ZWARNING_0_SCIENCEPRIMARY
384041847749634048,1237655494904119607,199.63264,-2.2965215,STAR,WD,-6.236005e-05,0.0001397773,0,341,51690,400,WHITE_DWARF,STARTRD000217,SDSS_DR18_SPECTROSCOPY,ZWARNING_0_SCIENCEPRIMARY
384066311883352064,1237655499736809646,200.49912,-1.756217,STAR,WD,-0.0002840979,0.0001518155,0,341,51690,489,WHITE_DWARF,STARTRD000218,SDSS_DR18_SPECTROSCOPY,ZWARNING_0_SCIENCEPRIMARY
384107543569393664,1237655499200200958,201.16878,-2.113098,STAR,WD,-7.546818e-05,4.567697e-05,0,341,51690,639,WHITE_DWARF,STARTRD000219,SDSS_DR18_SPECTROSCOPY,ZWARNING_0_SCIENCEPRIMARY
385059995533731840,1237655499216191869,237.68021,-1.1100877,STAR,WD,-0.0003816867,0.0001416061,0,342,51691,8,WHITE_DWARF,STARTRD000220,SDSS_DR18_SPECTROSCOPY,ZWARNING_0_SCIENCEPRIMARY
385065767969777664,1237648673992802312,238.17939,-0.090141739,STAR,WD,4.647072e-06,8.347583e-05,0,342,51691,29,WHITE_DWARF,STARTRD000221,SDSS_DR18_SPECTROSCOPY,ZWARNING_0_SCIENCEPRIMARY
385084459667449856,1237648703526928829,237.28108,-0.73439056,STAR,WD,-0.0003962757,7.883704e-05,0,342,51691,97,WHITE_DWARF,STARTRD000222,SDSS_DR18_SPECTROSCOPY,ZWARNING_0_SCIENCEPRIMARY
385100402586052608,1237648704063733940,237.13651,-0.28831429,STAR,WD,8.012831e-06,4.585369e-05,0,342,51691,155,WHITE_DWARF,STARTRD000223,SDSS_DR18_SPECTROSCOPY,ZWARNING_0_SCIENCEPRIMARY
385115245993027584,1237655499752604080,236.64616,-0.88659257,STAR,WD,-9.183882e-06,0.0001289172,0,342,51691,209,WHITE_DWARF,STARTRD000224,SDSS_DR18_SPECTROSCOPY,ZWARNING_0_SCIENCEPRIMARY
385115795748841472,1237655499752669300,236.69707,-0.83430794,STAR,WD,7.611739e-05,4.537117e-05,0,342,51691,211,WHITE_DWARF,STARTRD000225,SDSS_DR18_SPECTROSCOPY,ZWARNING_0_SCIENCEPRIMARY
385170496452323328,1237655468602491158,236.58546,1.146849,STAR,WD,-0.000323197,9.420745e-05,0,342,51691,410,WHITE_DWARF,STARTRD000226,SDSS_DR18_SPECTROSCOPY,ZWARNING_0_SCIENCEPRIMARY
385172970353485824,1237651735781769517,236.66598,0.98796201,STAR,WD,-0.0003583284,6.257634e-05,0,342,51691,419,WHITE_DWARF,STARTRD000227,SDSS_DR18_SPECTROSCOPY,ZWARNING_0_SCIENCEPRIMARY
385185339859298304,1237648705137344786,236.76464,0.47199742,STAR,WD,-0.0001223417,0.0001579871,0,342,51691,464,WHITE_DWARF,STARTRD000228,SDSS_DR18_SPECTROSCOPY,ZWARNING_0_SCIENCEPRIMARY
385208154725574656,1237648721792729496,237.38482,0.37923855,STAR,WD,-0.0001202848,0.0001111897,0,342,51691,547,WHITE_DWARF,STARTRD000229,SDSS_DR18_SPECTROSCOPY,ZWARNING_0_SCIENCEPRIMARY
385213102527899648,1237648722866471329,237.45804,1.1465347,STAR,WD,0.0001185138,0.0001243803,0,342,51691,565,WHITE_DWARF,STARTRD000230,SDSS_DR18_SPECTROSCOPY,ZWARNING_0_SCIENCEPRIMARY
385233443493013504,1237651735245553762,238.15921,0.65288534,STAR,WD,0.0001368942,6.706451e-05,0,342,51691,639,WHITE_DWARF,STARTRD000231,SDSS_DR18_SPECTROSCOPY,ZWARNING_0_SCIENCEPRIMARY
385233718370920448,1237648705137869008,238.09394,0.62348302,STAR,WD,-6.619107e-05,6.359717e-05,0,342,51691,640,WHITE_DWARF,STARTRD000232,SDSS_DR18_SPECTROSCOPY,ZWARNING_0_SCIENCEPRIMARY
386205136910837760,1237668649851945218,240.03364,-0.14456297,STAR,WD,-6.483998e-05,6.032513e-05,0,343,51692,78,WHITE_DWARF,STARTRD000233,SDSS_DR18_SPECTROSCOPY,ZWARNING_0_SCIENCEPRIMARY
386236198114322432,1237648673993130428,239.01093,-0.12270452,STAR,WD,-5.821546e-05,0.0001205908,0,343,51692,191,WHITE_DWARF,STARTRD000234,SDSS_DR18_SPECTROSCOPY,ZWARNING_0_SCIENCEPRIMARY
386266984439900160,1237648673992605755,237.77718,-0.19579812,STAR,WD,0.0005334903,4.728196e-05,0,343,51692,303,WHITE_DWARF,STARTRD000235,SDSS_DR18_SPECTROSCOPY,ZWARNING_0_SCIENCEPRIMARY
386285126381758464,1237648705138065826,238.52744,0.58146071,STAR,WD,-7.338493e-05,0.0001361022,0,343,51692,369,WHITE_DWARF,STARTRD000236,SDSS_DR18_SPECTROSCOPY,ZWARNING_0_SCIENCEPRIMARY
386289524428269568,1237648705138000209,238.3176,0.53146625,STAR,WD,-0.0005507963,0.0001792348,0,343,51692,385,WHITE_DWARF,STARTRD000237,SDSS_DR18_SPECTROSCOPY,ZWARNING_0_SCIENCEPRIMARY
386294197352687616,1237648675603546198,238.55353,1.1888375,STAR,WD,-9.847474e-05,7.229612e-05,0,343,51692,402,WHITE_DWARF,STARTRD000238,SDSS_DR18_SPECTROSCOPY,ZWARNING_0_SCIENCEPRIMARY
386310690027104256,1237648704601325917,238.70601,0.19756403,STAR,WD,-2.470456e-05,0.0001474006,0,343,51692,462,WHITE_DWARF,STARTRD000239,SDSS_DR18_SPECTROSCOPY,ZWARNING_0_SCIENCEPRIMARY
387340107805386752,1237668569321504963,241.47719,-0.46978019,STAR,WD,-0.0001725115,1.829153e-05,0,344,51693,111,WHITE_DWARF,STARTRD000240,SDSS_DR18_SPECTROSCOPY,ZWARNING_0_SCIENCEPRIMARY
387397557287938048,1237655549666525522,239.60809,-0.53791983,STAR,WD,0.0008779379,0.0001268277,0,344,51693,320,WHITE_DWARF,STARTRD000241,SDSS_DR18_SPECTROSCOPY,ZWARNING_0_SCIENCEPRIMARY
387415974107703296,1237648705138917814,240.39479,0.51304417,STAR,WD,-0.0004185219,0.0001750284,0,344,51693,387,WHITE_DWARF,STARTRD000242,SDSS_DR18_SPECTROSCOPY,ZWARNING_0_SCIENCEPRIMARY
387465727008860160,1237648675604791614,241.34295,1.174312,STAR,WD,-0.0002759885,0.0002768198,0,344,51693,568,WHITE_DWARF,STARTRD000243,SDSS_DR18_SPECTROSCOPY,ZWARNING_0_SCIENCEPRIMARY
388489922039801856,1237668651463344184,242.31974,-0.11694508,STAR,WD,5.265234e-05,3.98682e-05,0,345,51690,198,WHITE_DWARF,STARTRD000244,SDSS_DR18_SPECTROSCOPY,ZWARNING_0_SCIENCEPRIMARY
388508888615380992,1237668650389471491,241.56891,-0.59778858,STAR,WD,3.95287e-06,5.620579e-05,0,345,51690,267,WHITE_DWARF,STARTRD000245,SDSS_DR18_SPECTROSCOPY,ZWARNING_0_SCIENCEPRIMARY
388558091760723968,1237648705676705958,242.53327,0.86038437,STAR,WD,-0.0004100931,9.878504e-05,0,345,51690,446,WHITE_DWARF,STARTRD000246,SDSS_DR18_SPECTROSCOPY,ZWARNING_0_SCIENCEPRIMARY
389591357863258112,1237648704067011221,244.6552,-0.38409042,STAR,WD,-0.0002162935,0.0001007259,0,346,51693,109,WHITE_DWARF,STARTRD000247,SDSS_DR18_SPECTROSCOPY,ZWARNING_0_SCIENCEPRIMARY
389629016136509440,1237648703529746656,243.7257,-0.66648417,STAR,WD,-5.143422e-05,2.987289e-05,0,346,51693,246,WHITE_DWARF,STARTRD000248,SDSS_DR18_SPECTROSCOPY,ZWARNING_0_SCIENCEPRIMARY
389658977828366336,1237648704603226301,243.10705,0.17438511,STAR,WD,-0.0006505872,0.0001904723,0,346,51693,355,WHITE_DWARF,STARTRD000249,SDSS_DR18_SPECTROSCOPY,ZWARNING_0_SCIENCEPRIMARY
389662551241156608,1237655551815778839,243.67295,1.099169,STAR,WD,-0.0002267663,7.088945e-05,0,346,51693,368,WHITE_DWARF,STARTRD000250,SDSS_DR18_SPECTROSCOPY,ZWARNING_0_SCIENCEPRIMARY
389678769037666304,1237648675068969398,243.77308,0.77418698,STAR,WD,-0.0003553386,0.0001641848,0,346,51693,427,WHITE_DWARF,STARTRD000251,SDSS_DR18_SPECTROSCOPY,ZWARNING_0_SCIENCEPRIMARY
389719725845800960,1237648705677754492,244.88229,0.95859758,STAR,WD,-0.0003644033,6.773217e-05,0,346,51693,576,WHITE_DWARF,STARTRD000252,SDSS_DR18_SPECTROSCOPY,ZWARNING_0_SCIENCEPRIMARY
391852778034587648,1237655559329939782,249.11533,-0.49729989,STAR,WD,-1.469912e-05,6.462714e-05,0,348,51671,144,WHITE_DWARF,STARTRD000253,SDSS_DR18_SPECTROSCOPY,ZWARNING_0_SCIENCEPRIMARY
391874218511329280,1237655560403550568,248.32998,-0.10249374,STAR,WD,-0.001113999,0.0003045316,0,348,51671,222,WHITE_DWARF,STARTRD000254,SDSS_DR18_SPECTROSCOPY,ZWARNING_0_SCIENCEPRIMARY
391900331912488960,1237648673996931921,247.69956,-0.058267468,STAR,WD,-0.0001826981,0.0001643884,0,348,51671,317,WHITE_DWARF,STARTRD000255,SDSS_DR18_SPECTROSCOPY,ZWARNING_0_SCIENCEPRIMARY
391933042383415296,1237648705142260369,248.03752,0.44163711,STAR,WD,0.0005571903,0.0003123127,0,348,51671,436,WHITE_DWARF,STARTRD000256,SDSS_DR18_SPECTROSCOPY,ZWARNING_0_SCIENCEPRIMARY
392947342329800704,1237671767468474507,256.72492,63.283212,STAR,WD,-0.0003947239,2.776693e-05,0,349,51699,30,WHITE_DWARF,STARTRD000257,SDSS_DR18_SPECTROSCOPY,ZWARNING_0_SCIENCEPRIMARY
392954764033288192,1237671766931341317,255.43639,62.71789,STAR,WD,-1.290076e-05,1.138185e-05,0,349,51699,57,WHITE_DWARF,STARTRD000258,SDSS_DR18_SPECTROSCOPY,ZWARNING_0_SCIENCEPRIMARY
392965759149565952,1237671938730033393,254.44595,62.738183,STAR,WD,-0.000127723,4.318444e-05,0,349,51699,97,WHITE_DWARF,STARTRD000259,SDSS_DR18_SPECTROSCOPY,ZWARNING_0_SCIENCEPRIMARY
392987749382121472,1237671768004952284,254.57821,63.471872,STAR,WD,-0.0005881243,9.645525e-05,0,349,51699,177,WHITE_DWARF,STARTRD000260,SDSS_DR18_SPECTROSCOPY,ZWARNING_0_SCIENCEPRIMARY
392996270597236736,1237671767467819208,253.48454,62.914265,STAR,WD,-2.329692e-05,4.275731e-05,0,349,51699,208,WHITE_DWARF,STARTRD000261,SDSS_DR18_SPECTROSCOPY,ZWARNING_0_SCIENCEPRIMARY
393011938637932544,1237671939803512964,252.87016,63.577311,STAR,WD,-0.0002204982,3.238289e-05,0,349,51699,265,WHITE_DWARF,STARTRD000262,SDSS_DR18_SPECTROSCOPY,ZWARNING_0_SCIENCEPRIMARY
393029805701883904,1237671940877123602,251.48984,64.246768,STAR,WD,-0.0001430661,6.197347e-05,0,349,51699,330,WHITE_DWARF,STARTRD000263,SDSS_DR18_SPECTROSCOPY,ZWARNING_0_SCIENCEPRIMARY
393075160556529664,1237671768541626569,253.1465,63.810032,STAR,WD,-0.0003891013,0.0001640378,0,349,51699,495,WHITE_DWARF,STARTRD000264,SDSS_DR18_SPECTROSCOPY,ZWARNING_0_SCIENCEPRIMARY
393082032504203264,1237671768541954050,254.86076,63.870245,STAR,WD,-0.0001721229,1.840597e-05,0,349,51699,520,WHITE_DWARF,STARTRD000265,SDSS_DR18_SPECTROSCOPY,ZWARNING_0_SCIENCEPRIMARY
393084781283272704,1237671940877778962,254.84944,64.635941,STAR,WD,-0.0001917761,3.093881e-05,0,349,51699,530,WHITE_DWARF,STARTRD000266,SDSS_DR18_SPECTROSCOPY,ZWARNING_0_SCIENCEPRIMARY
393090828597225472,1237671768005214229,255.67289,63.688719,STAR,WD,-0.0001275545,4.468819e-05,0,349,51699,552,WHITE_DWARF,STARTRD000267,SDSS_DR18_SPECTROSCOPY,ZWARNING_0_SCIENCEPRIMARY
393108695661176832,1237671769079152976,256.4162,64.475891,STAR,WD,-0.001111502,5.73294e-05,0,349,51699,617,WHITE_DWARF,STARTRD000268,SDSS_DR18_SPECTROSCOPY,ZWARNING_0_SCIENCEPRIMARY
394082313073354752,1237671768542937392,260.10583,64.330281,STAR,WD,-2.792263e-05,0.0001219148,0,350,51691,63,WHITE_DWARF,STARTRD000269,SDSS_DR18_SPECTROSCOPY,ZWARNING_0_SCIENCEPRIMARY
394130691584976896,1237671940341432439,257.92678,64.479799,STAR,WD,-4.556755e-05,1.557634e-05,0,350,51691,239,WHITE_DWARF,STARTRD000270,SDSS_DR18_SPECTROSCOPY,ZWARNING_0_SCIENCEPRIMARY
394164501567531008,1237651298184397016,257.80424,65.699554,STAR,WD,-4.035384e-05,2.007001e-05,0,350,51691,362,WHITE_DWARF,STARTRD000271,SDSS_DR18_SPECTROSCOPY,ZWARNING_0_SCIENCEPRIMARY
394207382521014272,1237651311606300860,258.4487,65.489873,STAR,WD,-0.0001474014,0.0001129613,0,350,51691,518,WHITE_DWARF,STARTRD000272,SDSS_DR18_SPECTROSCOPY,ZWARNING_0_SCIENCEPRIMARY
395244496931022848,1237651225170870354,255.49509,61.188357,STAR,WD,-0.0001000636,2.032397e-05,0,351,51695,195,WHITE_DWARF,STARTRD000273,SDSS_DR18_SPECTROSCOPY,ZWARNING_0_SCIENCEPRIMARY
395293150320551936,1237651225170411660,254.89823,62.159425,STAR,WD,-0.0001112579,1.380332e-05,0,351,51695,372,WHITE_DWARF,STARTRD000274,SDSS_DR18_SPECTROSCOPY,ZWARNING_0_SCIENCEPRIMARY
395298098122876928,1237651211748638815,254.40797,62.017252,STAR,WD,-0.0001202009,8.780197e-05,0,351,51695,390,WHITE_DWARF,STARTRD000275,SDSS_DR18_SPECTROSCOPY,ZWARNING_0_SCIENCEPRIMARY
395329709082175488,1237651212822511787,256.40924,62.052285,STAR,WD,8.22151e-06,8.023735e-05,0,351,51695,505,WHITE_DWARF,STARTRD000276,SDSS_DR18_SPECTROSCOPY,ZWARNING_0_SCIENCEPRIMARY
395365718087985152,1237651213896515840,258.233,61.734861,STAR,WD,0.0002257186,9.035381e-05,0,351,51695,636,WHITE_DWARF,STARTRD000277,SDSS_DR18_SPECTROSCOPY,ZWARNING_0_SCIENCEPRIMARY
396333013425743872,1237651298722775153,261.14043,62.569451,STAR,WD,-0.0003374152,4.1944e-05,0,352,51694,59,WHITE_DWARF,STARTRD000278,SDSS_DR18_SPECTROSCOPY,ZWARNING_0_SCIENCEPRIMARY
396340160251324416,1237651311607873703,261.02239,62.083768,STAR,WD,-0.0001817705,7.251748e-05,0,352,51694,85,WHITE_DWARF,STARTRD000279,SDSS_DR18_SPECTROSCOPY,ZWARNING_0_SCIENCEPRIMARY
396351430245509120,1237651298185838867,260.01548,62.629643,STAR,WD,-0.0003109375,0.0001821667,0,352,51694,126,WHITE_DWARF,STARTRD000280,SDSS_DR18_SPECTROSCOPY,ZWARNING_0_SCIENCEPRIMARY
396356103169927168,1237651298722709715,261.01862,62.803046,STAR,WD,-4.26306e-05,0.0001657902,0,352,51694,143,WHITE_DWARF,STARTRD000281,SDSS_DR18_SPECTROSCOPY,ZWARNING_0_SCIENCEPRIMARY
396447912390846464,1237671939267756102,258.56511,63.616162,STAR,WD,-0.0003374729,0.0001341916,0,352,51694,477,WHITE_DWARF,STARTRD000282,SDSS_DR18_SPECTROSCOPY,ZWARNING_0_SCIENCEPRIMARY
396459457262938112,1237671938731016576,259.50043,63.322349,STAR,WD,-0.0001394274,0.0001041002,0,352,51694,519,WHITE_DWARF,STARTRD000283,SDSS_DR18_SPECTROSCOPY,ZWARNING_0_SCIENCEPRIMARY
396464130187356160,1237671768542806253,259.24578,64.192386,STAR,WD,0.0004126428,0.0001521651,0,352,51694,536,WHITE_DWARF,STARTRD000284,SDSS_DR18_SPECTROSCOPY,ZWARNING_0_SCIENCEPRIMARY
396481447495493632,1237671938731343884,260.90567,63.331183,STAR,WD,4.104763e-05,5.339612e-05,0,352,51694,599,WHITE_DWARF,STARTRD000285,SDSS_DR18_SPECTROSCOPY,ZWARNING_0_SCIENCEPRIMARY
397444619832420352,1237651212824281130,259.1657,58.359492,STAR,WD,-0.0001775755,0.0001073301,0,353,51703,7,WHITE_DWARF,STARTRD000286,SDSS_DR18_SPECTROSCOPY,ZWARNING_0_SCIENCEPRIMARY
397506742239389696,1237651211750080627,256.65621,58.982723,STAR,WD,-0.0001314068,3.562385e-05,0,353,51703,233,WHITE_DWARF,STARTRD000287,SDSS_DR18_SPECTROSCOPY,ZWARNING_0_SCIENCEPRIMARY
397550172948686848,1237651211212881933,255.51999,59.609853,STAR,WD,-0.0006398432,0.000103364,0,353,51703,391,WHITE_DWARF,STARTRD000288,SDSS_DR18_SPECTROSCOPY,ZWARNING_0_SCIENCEPRIMARY
397559793675429888,1237651211749752843,256.14369,59.716052,STAR,WD,-0.0001280534,9.41362e-05,0,353,51703,426,WHITE_DWARF,STARTRD000289,SDSS_DR18_SPECTROSCOPY,ZWARNING_0_SCIENCEPRIMARY
397603774140540928,1237651226782335148,259.28002,59.763907,STAR,WD,0.0001225169,0.0001013815,0,353,51703,586,WHITE_DWARF,STARTRD000290,SDSS_DR18_SPECTROSCOPY,ZWARNING_0_SCIENCEPRIMARY
398579867081271296,1237656529992679764,262.27262,59.89941,STAR,WD,0.0001259136,8.989999e-05,0,354,51792,41,WHITE_DWARF,STARTRD000291,SDSS_DR18_SPECTROSCOPY,ZWARNING_0_SCIENCEPRIMARY
398583440494061568,1237656529992810685,262.19569,59.630585,STAR,WD,-6.151516e-05,0.0002150996,0,354,51792,54,WHITE_DWARF,STARTRD000292,SDSS_DR18_SPECTROSCOPY,ZWARNING_0_SCIENCEPRIMARY
398588663174293504,1237651299260694692,263.17458,60.458983,STAR,WD,8.625223e-05,0.0001314154,0,354,51792,73,WHITE_DWARF,STARTRD000293,SDSS_DR18_SPECTROSCOPY,ZWARNING_0_SCIENCEPRIMARY
398589212930107392,1237651299260694702,263.29545,60.459021,STAR,WD,0.0002661711,0.0003113543,0,354,51792,75,WHITE_DWARF,STARTRD000294,SDSS_DR18_SPECTROSCOPY,ZWARNING_0_SCIENCEPRIMARY
398606255360337920,1237656529455808682,261.28101,59.808086,STAR,WD,-0.0001184092,0.0001503547,0,354,51792,137,WHITE_DWARF,STARTRD000295,SDSS_DR18_SPECTROSCOPY,ZWARNING_0_SCIENCEPRIMARY
398613402185918464,1237656529455611967,261.19568,60.25025,STAR,WD,2.091939e-05,0.0001323714,0,354,51792,163,WHITE_DWARF,STARTRD000296,SDSS_DR18_SPECTROSCOPY,ZWARNING_0_SCIENCEPRIMARY
398623572668475392,1237651298186691037,261.08998,60.763707,STAR,WD,9.573394e-05,0.0002877282,0,354,51792,200,WHITE_DWARF,STARTRD000297,SDSS_DR18_SPECTROSCOPY,ZWARNING_0_SCIENCEPRIMARY
398631544127776768,1237651297650016504,260.71108,60.183991,STAR,WD,1.947199e-05,9.307006e-05,0,354,51792,229,WHITE_DWARF,STARTRD000298,SDSS_DR18_SPECTROSCOPY,ZWARNING_0_SCIENCEPRIMARY
398641164854519808,1237651213897105757,259.25025,60.528268,STAR,WD,3.548242e-05,0.0001426802,0,354,51792,264,WHITE_DWARF,STARTRD000299,SDSS_DR18_SPECTROSCOPY,ZWARNING_0_SCIENCEPRIMARY
398647212168472576,1237656528381805042,259.47344,60.065626,STAR,WD,-0.0002106887,9.557098e-05,0,354,51792,286,WHITE_DWARF,STARTRD000300,SDSS_DR18_SPECTROSCOPY,ZWARNING_0_SCIENCEPRIMARY
398656008261494784,1237651226782204220,258.98454,60.112193,STAR,WD,-0.0001544489,0.0001610647,0,354,51792,318,WHITE_DWARF,STARTRD000301,SDSS_DR18_SPECTROSCOPY,ZWARNING_0_SCIENCEPRIMARY
398662330453354496,1237651226781680016,258.53863,61.267284,STAR,WD,-0.0006614237,0.0002072119,0,354,51792,341,WHITE_DWARF,STARTRD000302,SDSS_DR18_SPECTROSCOPY,ZWARNING_0_SCIENCEPRIMARY
398680472395212800,1237651311071199409,260.32251,61.509167,STAR,WD,0.0004032894,0.0001288167,0,354,51792,407,WHITE_DWARF,STARTRD000303,SDSS_DR18_SPECTROSCOPY,ZWARNING_0_SCIENCEPRIMARY
398698889214978048,1237651297649557860,260.00675,61.188037,STAR,WD,0.0001216572,0.0002492321,0,354,51792,474,WHITE_DWARF,STARTRD000304,SDSS_DR18_SPECTROSCOPY,ZWARNING_0_SCIENCEPRIMARY
398719505057998848,1237651298723430803,262.0442,61.151276,STAR,WD,-2.990458e-05,0.000233716,0,354,51792,549,WHITE_DWARF,STARTRD000305,SDSS_DR18_SPECTROSCOPY,ZWARNING_0_SCIENCEPRIMARY
398723903104509952,1237651299260104933,262.58382,61.660413,STAR,WD,-0.0003157208,5.026483e-05,0,354,51792,565,WHITE_DWARF,STARTRD000306,SDSS_DR18_SPECTROSCOPY,ZWARNING_0_SCIENCEPRIMARY
398728850906834944,1237651312145072390,262.3247,61.393189,STAR,WD,-0.0001410414,0.0001478169,0,354,51792,583,WHITE_DWARF,STARTRD000307,SDSS_DR18_SPECTROSCOPY,ZWARNING_0_SCIENCEPRIMARY
398732149441718272,1237651312145334318,262.58829,60.882798,STAR,WD,-0.0003069288,0.0001370038,0,354,51792,595,WHITE_DWARF,STARTRD000308,SDSS_DR18_SPECTROSCOPY,ZWARNING_0_SCIENCEPRIMARY
398734348464973824,1237655746703655090,262.85579,62.200356,STAR,WD,-0.0001151636,7.425973e-05,0,354,51792,603,WHITE_DWARF,STARTRD000309,SDSS_DR18_SPECTROSCOPY,ZWARNING_0_SCIENCEPRIMARY
398739021389391872,1237655746703917500,263.34594,61.520422,STAR,WD,1.101419e-05,0.0001662287,0,354,51792,620,WHITE_DWARF,STARTRD000310,SDSS_DR18_SPECTROSCOPY,ZWARNING_0_SCIENCEPRIMARY
399731605444257792,1237651211751129160,258.52304,56.784822,STAR,WD,-0.0001680198,3.968505e-05,0,355,51788,135,WHITE_DWARF,STARTRD000311,SDSS_DR18_SPECTROSCOPY,ZWARNING_0_SCIENCEPRIMARY
399754145432627200,1237651211751063591,258.27803,56.923768,STAR,WD,-0.0001446985,3.448607e-05,0,355,51788,217,WHITE_DWARF,STARTRD000312,SDSS_DR18_SPECTROSCOPY,ZWARNING_0_SCIENCEPRIMARY
403084841534384128,1237656529994645862,264.23885,55.470409,STAR,WD,-7.767886e-05,0.0002192799,0,358,51818,46,WHITE_DWARF,STARTRD000313,SDSS_DR18_SPECTROSCOPY,ZWARNING_0_SCIENCEPRIMARY
403086490801825792,1237659897248284766,264.24362,55.866065,STAR,WD,3.392393e-05,0.0001559189,0,358,51818,52,WHITE_DWARF,STARTRD000314,SDSS_DR18_SPECTROSCOPY,ZWARNING_0_SCIENCEPRIMARY
403100784452986880,1237659897247957257,264.07748,56.586808,STAR,WD,-0.0004202121,0.0001541848,0,358,51818,104,WHITE_DWARF,STARTRD000315,SDSS_DR18_SPECTROSCOPY,ZWARNING_0_SCIENCEPRIMARY
403102158842521600,1237659897248153625,264.39342,56.206912,STAR,WD,-0.000690934,7.85827e-05,0,358,51818,109,WHITE_DWARF,STARTRD000316,SDSS_DR18_SPECTROSCOPY,ZWARNING_0_SCIENCEPRIMARY
403110954935543808,1237656529994318379,263.7524,56.2104,STAR,WD,-2.024132e-05,0.0002157589,0,358,51818,141,WHITE_DWARF,STARTRD000317,SDSS_DR18_SPECTROSCOPY,ZWARNING_0_SCIENCEPRIMARY
403167304906467328,1237651226783645827,261.17093,57.043285,STAR,WD,-1.999243e-05,8.767813e-05,0,358,51818,346,WHITE_DWARF,STARTRD000318,SDSS_DR18_SPECTROSCOPY,ZWARNING_0_SCIENCEPRIMARY
403176375877396480,1237656528920052145,261.81136,57.152797,STAR,WD,4.098134e-05,8.796514e-05,0,358,51818,379,WHITE_DWARF,STARTRD000319,SDSS_DR18_SPECTROSCOPY,ZWARNING_0_SCIENCEPRIMARY
403179949290186752,1237659895637148298,261.74766,56.668171,STAR,WD,1.355782e-05,0.0001996328,0,358,51818,392,WHITE_DWARF,STARTRD000320,SDSS_DR18_SPECTROSCOPY,ZWARNING_0_SCIENCEPRIMARY
403183522702977024,0,262.6504,57.831732,STAR,WD,6.26706e-05,0.0003386209,0,358,51818,405,WHITE_DWARF,STARTRD000321,SDSS_DR18_SPECTROSCOPY,ZWARNING_0_SCIENCEPRIMARY
403195067575068672,1237656529993662589,263.25833,57.689961,STAR,WD,3.934689e-07,5.824599e-05,0,358,51818,447,WHITE_DWARF,STARTRD000322,SDSS_DR18_SPECTROSCOPY,ZWARNING_0_SCIENCEPRIMARY
403198366109952000,1237656529993793885,263.33598,57.347084,STAR,WD,-1.159544e-05,9.168684e-05,0,358,51818,459,WHITE_DWARF,STARTRD000323,SDSS_DR18_SPECTROSCOPY,ZWARNING_0_SCIENCEPRIMARY
403200290255300608,1237656529457053856,262.5137,57.050413,STAR,WD,-0.0003280728,0.0001641052,0,358,51818,466,WHITE_DWARF,STARTRD000324,SDSS_DR18_SPECTROSCOPY,ZWARNING_0_SCIENCEPRIMARY
403222005609949184,1237656530530992639,264.38212,56.835717,STAR,WD,-0.0001114008,8.094331e-05,0,358,51818,545,WHITE_DWARF,STARTRD000325,SDSS_DR18_SPECTROSCOPY,ZWARNING_0_SCIENCEPRIMARY
403225029266925568,1237659897784631802,264.66503,57.045391,STAR,WD,-0.0002203472,0.0001063437,0,358,51818,556,WHITE_DWARF,STARTRD000326,SDSS_DR18_SPECTROSCOPY,ZWARNING_0_SCIENCEPRIMARY
403236849016924160,1237659897784828183,264.75098,56.710224,STAR,WD,-0.0003291911,0.0001384722,0,358,51818,599,WHITE_DWARF,STARTRD000327,SDSS_DR18_SPECTROSCOPY,ZWARNING_0_SCIENCEPRIMARY
403248119011108864,1237655746705948804,265.14966,56.986428,STAR,WD,-0.0001450408,5.628308e-05,0,358,51818,640,WHITE_DWARF,STARTRD000328,SDSS_DR18_SPECTROSCOPY,ZWARNING_0_SCIENCEPRIMARY
404213215392720896,1237651225711542392,261.70601,53.111339,STAR,WD,-0.0002893196,0.0001107205,0,359,51821,55,WHITE_DWARF,STARTRD000329,SDSS_DR18_SPECTROSCOPY,ZWARNING_0_SCIENCEPRIMARY
404220087340394496,1237659895638524520,263.05625,53.603404,STAR,WD,-0.00108267,0.0002921429,0,359,51821,80,WHITE_DWARF,STARTRD000330,SDSS_DR18_SPECTROSCOPY,ZWARNING_0_SCIENCEPRIMARY
404233006602020864,1237651225174802605,261.23624,52.708029,STAR,WD,-0.0009925911,1.640111e-05,0,359,51821,127,WHITE_DWARF,STARTRD000331,SDSS_DR18_SPECTROSCOPY,ZWARNING_0_SCIENCEPRIMARY
404245101229926400,1237651225711280657,261.26713,53.664137,STAR,WD,-0.0004528204,0.0001855038,0,359,51821,171,WHITE_DWARF,STARTRD000332,SDSS_DR18_SPECTROSCOPY,ZWARNING_0_SCIENCEPRIMARY
404247025375275008,1237651225711411432,261.50067,53.517769,STAR,WD,-0.0001239321,5.996209e-05,0,359,51821,178,WHITE_DWARF,STARTRD000333,SDSS_DR18_SPECTROSCOPY,ZWARNING_0_SCIENCEPRIMARY
404251423421786112,1237651212289638832,261.24127,53.315414,STAR,WD,-0.0004363069,0.0001337545,0,359,51821,194,WHITE_DWARF,STARTRD000334,SDSS_DR18_SPECTROSCOPY,ZWARNING_0_SCIENCEPRIMARY
404252248055506944,1237651225711345774,261.2308,53.564929,STAR,WD,-0.0002995968,4.631014e-05,0,359,51821,197,WHITE_DWARF,STARTRD000335,SDSS_DR18_SPECTROSCOPY,ZWARNING_0_SCIENCEPRIMARY
404254721956669440,1237651211753029932,260.59223,52.611581,STAR,WD,-0.000886846,9.339426e-05,0,359,51821,206,WHITE_DWARF,STARTRD000336,SDSS_DR18_SPECTROSCOPY,ZWARNING_0_SCIENCEPRIMARY
404264067805505536,1237651225174475057,260.6164,53.500594,STAR,WD,-0.0009409168,4.741665e-05,0,359,51821,240,WHITE_DWARF,STARTRD000337,SDSS_DR18_SPECTROSCOPY,ZWARNING_0_SCIENCEPRIMARY
404270389997365248,1237651211752702058,260.25127,53.251154,STAR,WD,-0.0005611076,3.579323e-05,0,359,51821,263,WHITE_DWARF,STARTRD000338,SDSS_DR18_SPECTROSCOPY,ZWARNING_0_SCIENCEPRIMARY
404274788043876352,1237651211752636643,260.25413,53.409365,STAR,WD,-0.0005070417,0.0001103075,0,359,51821,279,WHITE_DWARF,STARTRD000339,SDSS_DR18_SPECTROSCOPY,ZWARNING_0_SCIENCEPRIMARY
404280835357829120,1237651211215765963,259.74142,53.455067,STAR,WD,0.0001902501,1.968895e-05,0,359,51821,301,WHITE_DWARF,STARTRD000340,SDSS_DR18_SPECTROSCOPY,ZWARNING_0_SCIENCEPRIMARY
404294579253176320,1237651211215568995,259.35728,53.744881,STAR,WD,-0.0006252058,5.064368e-05,0,359,51821,351,WHITE_DWARF,STARTRD000341,SDSS_DR18_SPECTROSCOPY,ZWARNING_0_SCIENCEPRIMARY
404302550712477696,1237651225710821584,260.612,54.720587,STAR,WD,-9.695376e-05,5.022431e-05,0,359,51821,380,WHITE_DWARF,STARTRD000342,SDSS_DR18_SPECTROSCOPY,ZWARNING_0_SCIENCEPRIMARY
404305024613640192,1237651211752374677,260.17343,54.048209,STAR,WD,5.753679e-05,0.0003139267,0,359,51821,389,WHITE_DWARF,STARTRD000343,SDSS_DR18_SPECTROSCOPY,ZWARNING_0_SCIENCEPRIMARY
404310797049686016,1237651212825920134,261.12766,54.670481,STAR,WD,4.04695e-05,0.0002952776,0,359,51821,410,WHITE_DWARF,STARTRD000344,SDSS_DR18_SPECTROSCOPY,ZWARNING_0_SCIENCEPRIMARY
404318218753173504,1237651225174147447,260.33604,54.105501,STAR,WD,0.0003958336,0.0001414649,0,359,51821,437,WHITE_DWARF,STARTRD000345,SDSS_DR18_SPECTROSCOPY,ZWARNING_0_SCIENCEPRIMARY
404324540945033216,1237651212826116432,261.45248,54.271144,STAR,WD,-0.000272304,0.0001904441,0,359,51821,460,WHITE_DWARF,STARTRD000346,SDSS_DR18_SPECTROSCOPY,ZWARNING_0_SCIENCEPRIMARY
404333062160148480,1237651212826247458,261.45552,54.016373,STAR,WD,-0.0001837616,0.0001087095,0,359,51821,491,WHITE_DWARF,STARTRD000347,SDSS_DR18_SPECTROSCOPY,ZWARNING_0_SCIENCEPRIMARY
404349005078751232,1237651213363249397,262.42331,53.904806,STAR,WD,1.675148e-05,0.0001254743,0,359,51821,549,WHITE_DWARF,STARTRD000348,SDSS_DR18_SPECTROSCOPY,ZWARNING_0_SCIENCEPRIMARY
404354502636890112,1237651226784694907,262.31316,54.632784,STAR,WD,-0.0003607998,0.0002325198,0,359,51821,569,WHITE_DWARF,STARTRD000349,SDSS_DR18_SPECTROSCOPY,ZWARNING_0_SCIENCEPRIMARY
405474355145893888,1237659897248743743,264.81517,54.849794,STAR,WD,0.0001743763,0.0001312859,0,360,51816,547,WHITE_DWARF,STARTRD000350,SDSS_DR18_SPECTROSCOPY,ZWARNING_0_SCIENCEPRIMARY
407587069808896000,1237659897249267855,265.26102,53.600119,STAR,WD,-0.0001053415,0.0001707873,0,362,51999,41,WHITE_DWARF,STARTRD000351,SDSS_DR18_SPECTROSCOPY,ZWARNING_0_SCIENCEPRIMARY
407587344686802944,1237659897249267969,265.32952,53.676914,STAR,WD,-0.0002625695,0.0001781804,0,362,51999,42,WHITE_DWARF,STARTRD000352,SDSS_DR18_SPECTROSCOPY,ZWARNING_0_SCIENCEPRIMARY
407605486628661248,1237656530532172320,265.47029,54.174246,STAR,WD,-0.0005829858,0.0001831274,0,362,51999,108,WHITE_DWARF,STARTRD000353,SDSS_DR18_SPECTROSCOPY,ZWARNING_0_SCIENCEPRIMARY
407612358576334848,1237659896712266276,264.4884,53.820319,STAR,WD,0.0002834803,0.0001346648,0,362,51999,133,WHITE_DWARF,STARTRD000354,SDSS_DR18_SPECTROSCOPY,ZWARNING_0_SCIENCEPRIMARY
407620330035636224,1237659896712135130,264.36363,54.064512,STAR,WD,-8.721468e-05,0.0001339471,0,362,51999,162,WHITE_DWARF,STARTRD000355,SDSS_DR18_SPECTROSCOPY,ZWARNING_0_SCIENCEPRIMARY
407623353692612608,1237659896712069511,264.40214,54.301934,STAR,WD,-0.0001334486,9.613982e-05,0,362,51999,173,WHITE_DWARF,STARTRD000356,SDSS_DR18_SPECTROSCOPY,ZWARNING_0_SCIENCEPRIMARY
407625277837961216,1237656529995170291,264.43168,54.38218,STAR,WD,-2.566261e-05,0.0002152952,0,362,51999,180,WHITE_DWARF,STARTRD000357,SDSS_DR18_SPECTROSCOPY,ZWARNING_0_SCIENCEPRIMARY
407626927105402880,1237659896712069528,264.25458,54.253657,STAR,WD,-1.994285e-06,8.758237e-05,0,362,51999,186,WHITE_DWARF,STARTRD000358,SDSS_DR18_SPECTROSCOPY,ZWARNING_0_SCIENCEPRIMARY
407627201983309824,1237656529458299187,263.9515,54.240114,STAR,WD,-4.926609e-05,0.000146682,0,362,51999,187,WHITE_DWARF,STARTRD000359,SDSS_DR18_SPECTROSCOPY,ZWARNING_0_SCIENCEPRIMARY
407635173442611200,1237656529458430523,263.94294,53.939359,STAR,WD,-0.000227231,0.000188783,0,362,51999,216,WHITE_DWARF,STARTRD000360,SDSS_DR18_SPECTROSCOPY,ZWARNING_0_SCIENCEPRIMARY
407636272954238976,1237656529458430239,263.90201,53.949511,STAR,WD,5.87283e-05,4.990375e-05,0,362,51999,220,WHITE_DWARF,STARTRD000361,SDSS_DR18_SPECTROSCOPY,ZWARNING_0_SCIENCEPRIMARY
407641495634470912,1237659896175133069,263.37113,54.239243,STAR,WD,-0.0004048003,0.0001897269,0,362,51999,239,WHITE_DWARF,STARTRD000362,SDSS_DR18_SPECTROSCOPY,ZWARNING_0_SCIENCEPRIMARY
407668433669351424,1237659896174805597,263.2124,55.119898,STAR,WD,-2.847521e-05,0.000181223,0,362,51999,337,WHITE_DWARF,STARTRD000363,SDSS_DR18_SPECTROSCOPY,ZWARNING_0_SCIENCEPRIMARY
407690149024000000,1237659896711676256,264.09082,55.168875,STAR,WD,0.0003160515,0.0001248707,0,362,51999,416,WHITE_DWARF,STARTRD000364,SDSS_DR18_SPECTROSCOPY,ZWARNING_0_SCIENCEPRIMARY
407698670239115264,1237659897248284905,264.41532,55.838865,STAR,WD,-0.0001509633,5.466053e-05,0,362,51999,447,WHITE_DWARF,STARTRD000365,SDSS_DR18_SPECTROSCOPY,ZWARNING_0_SCIENCEPRIMARY
407741001436784640,0,265.73108,55.628076,STAR,WD,-0.0001382561,9.892853e-05,0,362,51999,601,WHITE_DWARF,STARTRD000366,SDSS_DR18_SPECTROSCOPY,ZWARNING_0_SCIENCEPRIMARY
408703073943316480,1237648703525355558,233.65709,-0.78870602,STAR,WD,-0.0001301931,4.621733e-05,0,363,51989,5,WHITE_DWARF,STARTRD000367,SDSS_DR18_SPECTROSCOPY,ZWARNING_0_SCIENCEPRIMARY
408797906821212160,1237648721790566415,232.38858,0.34201432,STAR,WD,0.0002787696,3.117048e-05,0,363,51989,350,WHITE_DWARF,STARTRD000368,SDSS_DR18_SPECTROSCOPY,ZWARNING_0_SCIENCEPRIMARY
408801755111909376,1237651735779999954,232.57146,1.1699546,STAR,WD,3.901161e-06,6.269386e-05,0,363,51989,364,WHITE_DWARF,STARTRD000369,SDSS_DR18_SPECTROSCOPY,ZWARNING_0_SCIENCEPRIMARY
408863877518878720,1237648705135902900,233.60356,0.63223655,STAR,WD,-7.036309e-05,2.329014e-05,0,363,51989,590,WHITE_DWARF,STARTRD000370,SDSS_DR18_SPECTROSCOPY,ZWARNING_0_SCIENCEPRIMARY
409866907185866752,1237655549669605639,246.62858,-0.55419336,STAR,WD,-0.0001154535,2.254469e-05,0,364,52000,143,WHITE_DWARF,STARTRD000371,SDSS_DR18_SPECTROSCOPY,ZWARNING_0_SCIENCEPRIMARY
409889447174236160,1237655549669278648,245.90211,-0.59146641,STAR,WD,-0.0003270428,0.0002438735,0,364,52000,225,WHITE_DWARF,STARTRD000372,SDSS_DR18_SPECTROSCOPY,ZWARNING_0_SCIENCEPRIMARY
409898518145165312,1237648702993793243,245.85373,-1.1899499,STAR,WD,4.881893e-05,3.345664e-05,0,364,52000,258,WHITE_DWARF,STARTRD000373,SDSS_DR18_SPECTROSCOPY,ZWARNING_0_SCIENCEPRIMARY
409910063017256960,1237648703530598987,245.64037,-0.72368817,STAR,WD,-0.0001910127,8.687878e-05,0,364,52000,300,WHITE_DWARF,STARTRD000374,SDSS_DR18_SPECTROSCOPY,ZWARNING_0_SCIENCEPRIMARY
409913361552140288,1237648673995817081,245.1017,-0.096081457,STAR,WD,-0.0001309863,2.126972e-05,0,364,52000,312,WHITE_DWARF,STARTRD000375,SDSS_DR18_SPECTROSCOPY,ZWARNING_0_SCIENCEPRIMARY
409935626662602752,1237655551279825285,245.65851,0.66034839,STAR,WD,-0.0001432735,5.810814e-05,0,364,52000,393,WHITE_DWARF,STARTRD000376,SDSS_DR18_SPECTROSCOPY,ZWARNING_0_SCIENCEPRIMARY
409955967627716608,1237655551279956542,246.01962,0.71812567,STAR,WD,0.0002792353,0.0001069235,0,364,52000,467,WHITE_DWARF,STARTRD000377,SDSS_DR18_SPECTROSCOPY,ZWARNING_0_SCIENCEPRIMARY
409995550046316544,1237648675070541876,247.32914,0.76433093,STAR,WD,-8.90823e-05,2.167355e-05,0,364,52000,611,WHITE_DWARF,STARTRD000378,SDSS_DR18_SPECTROSCOPY,ZWARNING_0_SCIENCEPRIMARY
412087920959186944,1237655746705424886,264.56999,58.232287,STAR,WD,-0.0003058422,0.0001989055,0,366,52017,31,WHITE_DWARF,STARTRD000379,SDSS_DR18_SPECTROSCOPY,ZWARNING_0_SCIENCEPRIMARY
412093968273139712,1237659897247563820,263.80538,57.503202,STAR,WD,-0.0002215346,1.933144e-05,0,366,52017,53,WHITE_DWARF,STARTRD000380,SDSS_DR18_SPECTROSCOPY,ZWARNING_0_SCIENCEPRIMARY
412097266808023040,1237656530530271267,263.61064,58.408855,STAR,WD,4.53001e-05,3.842651e-05,0,366,52017,65,WHITE_DWARF,STARTRD000381,SDSS_DR18_SPECTROSCOPY,ZWARNING_0_SCIENCEPRIMARY
412097541685929984,1237659897784042045,263.91734,58.352367,STAR,WDmagnetic,0.001965013,1.275934,0,366,52017,66,WHITE_DWARF,STARTRD000382,SDSS_DR18_SPECTROSCOPY,ZWARNING_0_SCIENCEPRIMARY
412099465831278592,1237659897784041567,264.23395,58.395737,STAR,WD,0.0005651143,4.231759,0,366,52017,73,WHITE_DWARF,STARTRD000383,SDSS_DR18_SPECTROSCOPY,ZWARNING_0_SCIENCEPRIMARY
412104138755696640,1237656529456857194,262.51622,57.494407,STAR,WD,-0.0008330764,0.0002312227,0,366,52017,90,WHITE_DWARF,STARTRD000384,SDSS_DR18_SPECTROSCOPY,ZWARNING_0_SCIENCEPRIMARY
412116233383602176,1237656529456529664,262.14884,58.17509,STAR,WD,-0.0002239435,0.000261147,0,366,52017,134,WHITE_DWARF,STARTRD000385,SDSS_DR18_SPECTROSCOPY,ZWARNING_0_SCIENCEPRIMARY
412117607773136896,1237656529456529428,262.20859,58.221211,STAR,WD,-0.0003928565,7.91381e-05,0,366,52017,139,WHITE_DWARF,STARTRD000386,SDSS_DR18_SPECTROSCOPY,ZWARNING_0_SCIENCEPRIMARY
412133275813832704,1237659896173232153,261.68076,58.625611,STAR,WD,-0.0001234646,8.685149e-05,0,366,52017,196,WHITE_DWARF,STARTRD000387,SDSS_DR18_SPECTROSCOPY,ZWARNING_0_SCIENCEPRIMARY
412151142877784064,1237659895636361273,260.66898,58.462347,STAR,WD,-0.001182286,5.183972e-05,0,366,52017,261,WHITE_DWARF,STARTRD000388,SDSS_DR18_SPECTROSCOPY,ZWARNING_0_SCIENCEPRIMARY
412151967511504896,1237656528919396544,261.11841,58.594178,STAR,WD,-0.000174049,2.781671e-05,0,366,52017,264,WHITE_DWARF,STARTRD000389,SDSS_DR18_SPECTROSCOPY,ZWARNING_0_SCIENCEPRIMARY
412152517267318784,1237659895636361487,260.896,58.403835,STAR,WD,-0.0001869348,0.0001216922,0,366,52017,266,WHITE_DWARF,STARTRD000390,SDSS_DR18_SPECTROSCOPY,ZWARNING_0_SCIENCEPRIMARY
412173407988246528,1237651226782662679,259.72195,59.157626,STAR,WD,-0.0002483935,6.756681e-05,0,366,52017,342,WHITE_DWARF,STARTRD000391,SDSS_DR18_SPECTROSCOPY,ZWARNING_0_SCIENCEPRIMARY
412219862354520064,1237656529456202001,261.93575,58.904286,STAR,WD,-0.0006505293,0.0002271777,0,366,52017,511,WHITE_DWARF,STARTRD000392,SDSS_DR18_SPECTROSCOPY,ZWARNING_0_SCIENCEPRIMARY
412241577709168640,1237659897783779895,263.84559,58.976138,STAR,WD,4.487964e-05,0.0006226925,0,366,52017,590,WHITE_DWARF,STARTRD000393,SDSS_DR18_SPECTROSCOPY,ZWARNING_0_SCIENCEPRIMARY
412241852587075584,1237656530529943771,263.14666,59.092628,STAR,WD,-0.0001313654,6.056152e-05,0,366,52017,591,WHITE_DWARF,STARTRD000394,SDSS_DR18_SPECTROSCOPY,ZWARNING_0_SCIENCEPRIMARY
412242952098703360,1237656530529943780,263.28109,59.101787,STAR,WD,0.0001065641,0.0001914202,0,366,52017,595,WHITE_DWARF,STARTRD000395,SDSS_DR18_SPECTROSCOPY,ZWARNING_0_SCIENCEPRIMARY
412246250633586688,1237651299260957163,263.52836,59.819469,STAR,WD,0.0007096481,0.0005193342,0,366,52017,607,WHITE_DWARF,STARTRD000396,SDSS_DR18_SPECTROSCOPY,ZWARNING_0_SCIENCEPRIMARY
412252297947539456,1237655746705162542,264.30396,58.741321,STAR,WD,1.262726e-05,0.0001138911,0,366,52017,629,WHITE_DWARF,STARTRD000397,SDSS_DR18_SPECTROSCOPY,ZWARNING_0_SCIENCEPRIMARY
413237734908389376,1237651213362594104,261.51698,55.307957,STAR,WD,-0.0001458446,7.762158e-05,0,367,51997,118,WHITE_DWARF,STARTRD000398,SDSS_DR18_SPECTROSCOPY,ZWARNING_0_SCIENCEPRIMARY
413295184390940672,1237651212288065889,259.09903,56.663852,STAR,WD,-0.0002499052,5.113597e-05,0,367,51997,327,WHITE_DWARF,STARTRD000399,SDSS_DR18_SPECTROSCOPY,ZWARNING_0_SCIENCEPRIMARY
413301506582800384,1237651211214520386,258.14737,56.098367,STAR,WD,-2.720239e-05,5.120297e-05,0,367,51997,350,WHITE_DWARF,STARTRD000400,SDSS_DR18_SPECTROSCOPY,ZWARNING_0_SCIENCEPRIMARY
413319648524658688,1237651225710035090,259.74095,56.363932,STAR,WD,-0.0001870156,1.717302e-05,0,367,51997,416,WHITE_DWARF,STARTRD000401,SDSS_DR18_SPECTROSCOPY,ZWARNING_0_SCIENCEPRIMARY
413328444617680896,1237651225709969823,259.88894,56.607844,STAR,WD,-0.0003211533,0.0001233838,0,367,51997,448,WHITE_DWARF,STARTRD000402,SDSS_DR18_SPECTROSCOPY,ZWARNING_0_SCIENCEPRIMARY
413332018030471168,1237651212825264391,260.18904,56.204138,STAR,WDmagnetic,-0.001306139,0.0001296033,0,367,51997,461,WHITE_DWARF,STARTRD000403,SDSS_DR18_SPECTROSCOPY,ZWARNING_0_SCIENCEPRIMARY
413340264367679488,1237651225710428478,260.24605,55.584958,STAR,WD,-4.45603e-05,0.0001128171,0,367,51997,491,WHITE_DWARF,STARTRD000404,SDSS_DR18_SPECTROSCOPY,ZWARNING_0_SCIENCEPRIMARY
413343013146748928,1237651226247102722,260.68535,56.138621,STAR,WD,-0.0005401731,0.0001292771,0,367,51997,501,WHITE_DWARF,STARTRD000405,SDSS_DR18_SPECTROSCOPY,ZWARNING_0_SCIENCEPRIMARY
413346036803725312,1237651226247299094,260.94452,55.771931,STAR,WD,-9.311938e-05,4.272191e-05,0,367,51997,512,WHITE_DWARF,STARTRD000406,SDSS_DR18_SPECTROSCOPY,ZWARNING_0_SCIENCEPRIMARY
417711374202857472,1237657189817778675,328.80546,-0.88584467,STAR,WD,-5.063858e-05,6.166594e-05,0,371,52078,9,WHITE_DWARF,STARTRD000407,SDSS_DR18_SPECTROSCOPY,ZWARNING_0_SCIENCEPRIMARY
417723743708669952,1237678881543749650,328.53659,-1.2636274,STAR,WD,-0.0006166329,1.753042e-05,0,371,52078,54,WHITE_DWARF,STARTRD000408,SDSS_DR18_SPECTROSCOPY,ZWARNING_0_SCIENCEPRIMARY
417747658086574080,1237663542608331207,328.21987,-0.44411804,STAR,WD,0.0002666714,0.0004324542,0,371,52078,141,WHITE_DWARF,STARTRD000409,SDSS_DR18_SPECTROSCOPY,ZWARNING_0_SCIENCEPRIMARY
417758103447037952,1237663542608200014,327.93349,-0.53894761,STAR,WD,0.0002649694,0.0001060062,0,371,52078,179,WHITE_DWARF,STARTRD000410,SDSS_DR18_SPECTROSCOPY,ZWARNING_0_SCIENCEPRIMARY
417764150760990720,1237656567044899014,327.46681,-1.1974591,STAR,WD,-0.0002567262,0.0001299765,0,371,52078,201,WHITE_DWARF,STARTRD000411,SDSS_DR18_SPECTROSCOPY,ZWARNING_0_SCIENCEPRIMARY
417837818040051712,1237656238473019703,327.61292,0.57839475,STAR,WD,-3.378479e-05,8.431695e-05,0,371,52078,469,WHITE_DWARF,STARTRD000412,SDSS_DR18_SPECTROSCOPY,ZWARNING_0_SCIENCEPRIMARY
417841116574935040,1237663479793254956,327.90862,0.53949782,STAR,WD,0.0005449442,0.000229975,0,371,52078,481,WHITE_DWARF,STARTRD000413,SDSS_DR18_SPECTROSCOPY,ZWARNING_0_SCIENCEPRIMARY
417851561935398912,1237663543682138454,328.29985,0.32589761,STAR,WD,-1.886358e-05,0.0002006665,0,371,52078,519,WHITE_DWARF,STARTRD000414,SDSS_DR18_SPECTROSCOPY,ZWARNING_0_SCIENCEPRIMARY
417878774848186368,1237678617404244599,328.92692,0.85774796,STAR,WD,-0.0003554513,0.0001493306,0,371,52078,618,WHITE_DWARF,STARTRD000415,SDSS_DR18_SPECTROSCOPY,ZWARNING_0_SCIENCEPRIMARY
418894450308179968,1237657189818171667,329.63012,-1.0357946,STAR,WD,3.957815e-05,0.000141674,0,372,52173,217,WHITE_DWARF,STARTRD000416,SDSS_DR18_SPECTROSCOPY,ZWARNING_0_SCIENCEPRIMARY
418903796157016064,1237656567582621797,329.42383,-0.83249433,STAR,WD,-2.678738e-05,3.987563e-05,0,372,52173,251,WHITE_DWARF,STARTRD000417,SDSS_DR18_SPECTROSCOPY,ZWARNING_0_SCIENCEPRIMARY
418910942982596608,1237663542608724256,329.1322,-0.43393673,STAR,WD,-0.0001886785,0.0002560372,0,372,52173,277,WHITE_DWARF,STARTRD000418,SDSS_DR18_SPECTROSCOPY,ZWARNING_0_SCIENCEPRIMARY
418945852476778496,1237678617404441231,329.41304,0.87009311,STAR,WD,-1.760111e-05,0.0003007585,0,372,52173,404,WHITE_DWARF,STARTRD000419,SDSS_DR18_SPECTROSCOPY,ZWARNING_0_SCIENCEPRIMARY
418998354157004800,1237663543683187206,330.80074,0.26321431,STAR,WD,-0.00100891,0.000269417,0,372,52173,595,WHITE_DWARF,STARTRD000420,SDSS_DR18_SPECTROSCOPY,ZWARNING_0_SCIENCEPRIMARY
419006875372120064,1237663543683383524,331.14604,0.21193044,STAR,WD,-2.562022e-05,0.0001572941,0,372,52173,626,WHITE_DWARF,STARTRD000421,SDSS_DR18_SPECTROSCOPY,ZWARNING_0_SCIENCEPRIMARY
419961245005801472,1237656567583998138,332.63017,-0.6674047,STAR,WD,0.0002193053,0.0001927985,0,373,51788,2,WHITE_DWARF,STARTRD000422,SDSS_DR18_SPECTROSCOPY,ZWARNING_0_SCIENCEPRIMARY
419975813534869504,1237656567046996184,332.37541,-1.0774068,STAR,WD,-9.280414e-05,9.321375e-05,0,373,51788,55,WHITE_DWARF,STARTRD000423,SDSS_DR18_SPECTROSCOPY,ZWARNING_0_SCIENCEPRIMARY
419984334749984768,1237679998767267911,332.09859,-1.2594572,STAR,WD,-0.0004569927,8.387911e-05,0,373,51788,86,WHITE_DWARF,STARTRD000424,SDSS_DR18_SPECTROSCOPY,ZWARNING_0_SCIENCEPRIMARY
419998353523238912,1237656906342662636,331.66892,-0.86526184,STAR,WD,0.0001765137,0.0002435841,0,373,51788,137,WHITE_DWARF,STARTRD000425,SDSS_DR18_SPECTROSCOPY,ZWARNING_0_SCIENCEPRIMARY
420002476691843072,1237663543146971291,332.17353,-0.087337623,STAR,WD,8.595697e-06,8.412495e-05,0,373,51788,152,WHITE_DWARF,STARTRD000426,SDSS_DR18_SPECTROSCOPY,ZWARNING_0_SCIENCEPRIMARY
420027490581374976,1237656906342531091,331.30867,-0.97824229,STAR,WD,-2.454674e-05,0.0001241612,0,373,51788,243,WHITE_DWARF,STARTRD000427,SDSS_DR18_SPECTROSCOPY,ZWARNING_0_SCIENCEPRIMARY
420051404959279104,1237678617405096508,330.95291,0.92199443,STAR,WD,-0.001042151,0.0003426544,0,373,51788,330,WHITE_DWARF,STARTRD000428,SDSS_DR18_SPECTROSCOPY,ZWARNING_0_SCIENCEPRIMARY
420074769581369344,1237663544220385672,331.52003,0.77650276,STAR,WD,0.0001375321,0.0001357015,0,373,51788,415,WHITE_DWARF,STARTRD000429,SDSS_DR18_SPECTROSCOPY,ZWARNING_0_SCIENCEPRIMARY
420076418848811008,1237663479794827514,331.44782,0.55188525,STAR,WD,0.0003659738,5.235772e-05,0,373,51788,421,WHITE_DWARF,STARTRD000430,SDSS_DR18_SPECTROSCOPY,ZWARNING_0_SCIENCEPRIMARY
420110778587179008,1237663543683842349,332.21058,0.23030151,STAR,WD,-5.277096e-05,0.000240009,0,373,51788,546,WHITE_DWARF,STARTRD000431,SDSS_DR18_SPECTROSCOPY,ZWARNING_0_SCIENCEPRIMARY
421089618864138240,1237656567584850128,334.63427,-0.79495146,STAR,WD,-0.001592544,6.737847e-05,0,374,51791,11,WHITE_DWARF,STARTRD000432,SDSS_DR18_SPECTROSCOPY,ZWARNING_0_SCIENCEPRIMARY
421089893742045184,1237656567584981144,334.93442,-0.72169748,STAR,WD,-0.0009463874,2.607696e-05,0,374,51791,12,WHITE_DWARF,STARTRD000433,SDSS_DR18_SPECTROSCOPY,ZWARNING_0_SCIENCEPRIMARY
421090443497859072,1237656567584981187,334.81775,-0.80148481,STAR,WD,0.000606928,0.0002086007,0,374,51791,14,WHITE_DWARF,STARTRD000434,SDSS_DR18_SPECTROSCOPY,ZWARNING_0_SCIENCEPRIMARY
421096490811811840,1237663543148150992,334.99261,-0.11327147,STAR,WD,0.0003085098,0.0002328198,0,374,51791,36,WHITE_DWARF,STARTRD000435,SDSS_DR18_SPECTROSCOPY,ZWARNING_0_SCIENCEPRIMARY
421141295910643712,1237663542610559455,333.35989,-0.45341457,STAR,WD,0.0005740438,0.0002951608,0,374,51791,199,WHITE_DWARF,STARTRD000436,SDSS_DR18_SPECTROSCOPY,ZWARNING_0_SCIENCEPRIMARY
421219910992029696,1237663543684432105,333.54051,0.34179006,STAR,WD,-0.00018,0.0001122354,0,374,51791,485,WHITE_DWARF,STARTRD000437,SDSS_DR18_SPECTROSCOPY,ZWARNING_0_SCIENCEPRIMARY
421236403666446336,1237663479796138389,334.50432,0.57626887,STAR,WD,5.070116e-05,0.000161808,0,374,51791,545,WHITE_DWARF,STARTRD000438,SDSS_DR18_SPECTROSCOPY,ZWARNING_0_SCIENCEPRIMARY
421241351468771328,1237663480333009011,334.3679,0.88663966,STAR,WD,7.290022e-06,0.0001752568,0,374,51791,563,WHITE_DWARF,STARTRD000439,SDSS_DR18_SPECTROSCOPY,ZWARNING_0_SCIENCEPRIMARY
421260043166443520,1237663543685021945,334.9849,0.21533566,STAR,WD,0.0002659429,0.0002442327,0,374,51791,631,WHITE_DWARF,STARTRD000440,SDSS_DR18_SPECTROSCOPY,ZWARNING_0_SCIENCEPRIMARY
422300736777381888,1237678617406866024,334.9557,0.95865681,STAR,WD,0.0009011832,0.0003470884,0,375,52140,321,WHITE_DWARF,STARTRD000441,SDSS_DR18_SPECTROSCOPY,ZWARNING_0_SCIENCEPRIMARY
422385948928534528,1237663544222613738,336.64565,0.65151896,STAR,WD,0.001077714,0.0003123067,0,375,52140,631,WHITE_DWARF,STARTRD000442,SDSS_DR18_SPECTROSCOPY,ZWARNING_0_SCIENCEPRIMARY
427843643932436480,1237656906349150337,346.39528,-0.9230603,STAR,WD,7.652804e-05,0.0001566876,0,380,51792,6,WHITE_DWARF,STARTRD000443,SDSS_DR18_SPECTROSCOPY,ZWARNING_0_SCIENCEPRIMARY
427846942467319808,1237663783117652311,346.26308,-0.79247625,STAR,WD,0.0002790636,0.0003493371,0,380,51792,18,WHITE_DWARF,STARTRD000444,SDSS_DR18_SPECTROSCOPY,ZWARNING_0_SCIENCEPRIMARY
427853264659179520,1237663275774181667,346.01923,-1.2507431,STAR,WD,9.6442e-05,0.0001782298,0,380,51792,41,WHITE_DWARF,STARTRD000445,SDSS_DR18_SPECTROSCOPY,ZWARNING_0_SCIENCEPRIMARY
427887074641733632,1237663783654064374,345.28881,-0.40797487,STAR,WD,1.806439e-05,0.0001353407,0,380,51792,164,WHITE_DWARF,STARTRD000446,SDSS_DR18_SPECTROSCOPY,ZWARNING_0_SCIENCEPRIMARY
427915387066148864,1237666407361806465,344.23184,-0.42220741,STAR,WD,5.432728e-05,9.467195e-05,0,380,51792,267,WHITE_DWARF,STARTRD000447,SDSS_DR18_SPECTROSCOPY,ZWARNING_0_SCIENCEPRIMARY
427937652176611328,1237663444905951368,344.08487,0.33040468,STAR,WD,-9.037477e-05,8.413747e-05,0,380,51792,348,WHITE_DWARF,STARTRD000448,SDSS_DR18_SPECTROSCOPY,ZWARNING_0_SCIENCEPRIMARY
427967338990561280,1237663278458142779,345.20028,1.0102524,STAR,WD,3.245469e-05,0.0001280677,0,380,51792,456,WHITE_DWARF,STARTRD000449,SDSS_DR18_SPECTROSCOPY,ZWARNING_0_SCIENCEPRIMARY
428009120432416768,1237663278458601703,346.29816,1.0192474,STAR,WD,-0.0001115278,0.0002521665,0,380,51792,608,WHITE_DWARF,STARTRD000450,SDSS_DR18_SPECTROSCOPY,ZWARNING_0_SCIENCEPRIMARY
428010494821951488,1237678617411715221,346.02515,1.2586792,STAR,WD,-3.903474e-05,0.0001956126,0,380,51792,613,WHITE_DWARF,STARTRD000451,SDSS_DR18_SPECTROSCOPY,ZWARNING_0_SCIENCEPRIMARY
428013793356834816,1237663462605455502,346.55139,0.72128018,STAR,WD,-6.155523e-05,0.0001222256,0,380,51792,625,WHITE_DWARF,STARTRD000452,SDSS_DR18_SPECTROSCOPY,ZWARNING_0_SCIENCEPRIMARY
428970918547580928,1237656906349936741,348.23538,-1.0067765,STAR,WD,-0.0009136332,3.738681e-05,0,381,51811,11,WHITE_DWARF,STARTRD000453,SDSS_DR18_SPECTROSCOPY,ZWARNING_0_SCIENCEPRIMARY
428992359024322560,1237663275774902516,347.71049,-1.2412727,STAR,WD,9.186667e-05,0.0001764182,0,381,51811,89,WHITE_DWARF,STARTRD000454,SDSS_DR18_SPECTROSCOPY,ZWARNING_0_SCIENCEPRIMARY
429008027065018368,1237663783118241976,347.7186,-0.68086363,STAR,WD,-0.0007447806,0.000140142,0,381,51811,146,WHITE_DWARF,STARTRD000455,SDSS_DR18_SPECTROSCOPY,ZWARNING_0_SCIENCEPRIMARY
429052007530129408,1237666407899398237,345.90873,-0.14646544,STAR,WD,9.041435e-05,0.0001734123,0,381,51811,306,WHITE_DWARF,STARTRD000456,SDSS_DR18_SPECTROSCOPY,ZWARNING_0_SCIENCEPRIMARY
429083343611521024,1237663278458994857,347.09025,0.98818313,STAR,WD,-2.581987e-05,9.776899e-05,0,381,51811,420,WHITE_DWARF,STARTRD000457,SDSS_DR18_SPECTROSCOPY,ZWARNING_0_SCIENCEPRIMARY
429115779204540416,1237678617412436437,347.71021,1.1932116,STAR,WD,-1.920311e-05,0.0003493998,0,381,51811,538,WHITE_DWARF,STARTRD000458,SDSS_DR18_SPECTROSCOPY,ZWARNING_0_SCIENCEPRIMARY
429123200908027904,1237663278459453456,348.13485,0.86926937,STAR,WD,-0.0001012987,0.0003396376,0,381,51811,565,WHITE_DWARF,STARTRD000459,SDSS_DR18_SPECTROSCOPY,ZWARNING_0_SCIENCEPRIMARY
429123475785934848,1237678617412632802,348.17717,1.1334882,STAR,WD,-0.0002104244,0.0002291219,0,381,51811,566,WHITE_DWARF,STARTRD000460,SDSS_DR18_SPECTROSCOPY,ZWARNING_0_SCIENCEPRIMARY
429124025541748736,1237663278459322503,347.90281,0.88780967,STAR,WD,-0.0009563836,0.0001168565,0,381,51811,568,WHITE_DWARF,STARTRD000461,SDSS_DR18_SPECTROSCOPY,ZWARNING_0_SCIENCEPRIMARY
429134470902212608,1237663278459453627,348.23504,0.84323944,STAR,WD,-2.41668e-05,0.0001042952,0,381,51811,606,WHITE_DWARF,STARTRD000462,SDSS_DR18_SPECTROSCOPY,ZWARNING_0_SCIENCEPRIMARY
429140793094072320,1237663277922779237,348.64337,0.50542318,STAR,WD,-0.0001922084,0.000123296,0,381,51811,629,WHITE_DWARF,STARTRD000463,SDSS_DR18_SPECTROSCOPY,ZWARNING_0_SCIENCEPRIMARY
430094619515054080,1237656906350854267,350.3139,-0.97653594,STAR,WD,0.0005501039,0.0001380924,0,382,51816,3,WHITE_DWARF,STARTRD000464,SDSS_DR18_SPECTROSCOPY,ZWARNING_0_SCIENCEPRIMARY
430110012677842944,1237663783119159440,349.75522,-0.83042236,STAR,WD,-0.0001274089,0.0001073159,0,382,51816,59,WHITE_DWARF,STARTRD000465,SDSS_DR18_SPECTROSCOPY,ZWARNING_0_SCIENCEPRIMARY
430128979253422080,1237663275775557791,349.18954,-1.0808865,STAR,WD,3.724289e-05,0.0001509319,0,382,51816,128,WHITE_DWARF,STARTRD000466,SDSS_DR18_SPECTROSCOPY,ZWARNING_0_SCIENCEPRIMARY
430142173392955392,1237657190900564099,349.33868,-0.109125,STAR,WD,-7.010954e-05,0.0001748136,0,382,51816,176,WHITE_DWARF,STARTRD000467,SDSS_DR18_SPECTROSCOPY,ZWARNING_0_SCIENCEPRIMARY
430150969485977600,1237656906350264646,348.94955,-0.87671736,STAR,WD,0.0008370317,0.0003563841,0,382,51816,208,WHITE_DWARF,STARTRD000468,SDSS_DR18_SPECTROSCOPY,ZWARNING_0_SCIENCEPRIMARY
430153718265047040,1237663783118831854,348.9467,-0.78314637,STAR,WD,-3.826097e-05,0.0001653321,0,382,51816,218,WHITE_DWARF,STARTRD000469,SDSS_DR18_SPECTROSCOPY,ZWARNING_0_SCIENCEPRIMARY
430161139968534528,1237656906350198963,348.85102,-1.0250295,STAR,WD,-0.0001375959,0.0001641374,0,382,51816,245,WHITE_DWARF,STARTRD000470,SDSS_DR18_SPECTROSCOPY,ZWARNING_0_SCIENCEPRIMARY
430173234596440064,1237663275775295849,348.637,-1.2223677,STAR,WDmagnetic,0.002191676,0.30986,0,382,51816,289,WHITE_DWARF,STARTRD000471,SDSS_DR18_SPECTROSCOPY,ZWARNING_0_SCIENCEPRIMARY
430182855323183104,1237678617412829471,348.60735,1.1608025,STAR,WD,-0.0001685097,4.014268e-05,0,382,51816,324,WHITE_DWARF,STARTRD000472,SDSS_DR18_SPECTROSCOPY,ZWARNING_0_SCIENCEPRIMARY
430185604102252544,1237678617412829457,348.6005,1.1882072,STAR,WD,-0.0001324132,3.808407e-05,0,382,51816,334,WHITE_DWARF,STARTRD000473,SDSS_DR18_SPECTROSCOPY,ZWARNING_0_SCIENCEPRIMARY
430196874096437248,1237678617412894832,348.68158,1.2176894,STAR,WD,-0.0005549944,0.0003520747,0,382,51816,375,WHITE_DWARF,STARTRD000474,SDSS_DR18_SPECTROSCOPY,ZWARNING_0_SCIENCEPRIMARY
430231508712712192,1237663277923303537,349.77528,0.56705463,STAR,WD,3.03573e-05,0.0001557967,0,382,51816,501,WHITE_DWARF,STARTRD000475,SDSS_DR18_SPECTROSCOPY,ZWARNING_0_SCIENCEPRIMARY
430231783590619136,1237663462606831810,349.75553,0.75034858,STAR,WD,-0.0003875305,0.0001949276,0,382,51816,502,WHITE_DWARF,STARTRD000476,SDSS_DR18_SPECTROSCOPY,ZWARNING_0_SCIENCEPRIMARY
430241129439455232,1237663462606831820,349.77256,0.81533805,STAR,WD,-0.0002151973,6.923926e-05,0,382,51816,536,WHITE_DWARF,STARTRD000477,SDSS_DR18_SPECTROSCOPY,ZWARNING_0_SCIENCEPRIMARY
431276869426374656,1237656906351181971,351.08685,-0.91979596,STAR,WD,-9.217044e-05,0.0001787407,0,383,51818,208,WHITE_DWARF,STARTRD000478,SDSS_DR18_SPECTROSCOPY,ZWARNING_0_SCIENCEPRIMARY
431308480385673216,1237663462606962714,349.98067,0.79184032,STAR,WD,-9.806741e-05,8.560263e-05,0,383,51818,323,WHITE_DWARF,STARTRD000479,SDSS_DR18_SPECTROSCOPY,ZWARNING_0_SCIENCEPRIMARY
431321949403113472,1237663278460502191,350.59258,1.0225644,STAR,WD,-7.881774e-05,0.0001166722,0,383,51818,372,WHITE_DWARF,STARTRD000480,SDSS_DR18_SPECTROSCOPY,ZWARNING_0_SCIENCEPRIMARY
431335418420553728,1237663462607290379,350.7009,0.65024413,STAR,WDmagnetic,-0.001785955,0.0003273441,0,383,51818,421,WHITE_DWARF,STARTRD000481,SDSS_DR18_SPECTROSCOPY,ZWARNING_0_SCIENCEPRIMARY
431388469856593920,1237678617414336662,352.07855,1.273633,STAR,WD,8.609596e-05,6.084406e-05,0,383,51818,614,WHITE_DWARF,STARTRD000482,SDSS_DR18_SPECTROSCOPY,ZWARNING_0_SCIENCEPRIMARY
432387101342853120,1237663783657799690,353.72574,-0.24340247,STAR,WD,-0.0001487004,5.042798e-05,0,384,51821,151,WHITE_DWARF,STARTRD000483,SDSS_DR18_SPECTROSCOPY,ZWARNING_0_SCIENCEPRIMARY
432510246645164032,1237663784194801898,354.12504,0.050332524,STAR,WD,-1.073155e-05,0.0002083304,0,384,51821,599,WHITE_DWARF,STARTRD000484,SDSS_DR18_SPECTROSCOPY,ZWARNING_0_SCIENCEPRIMARY
433505029152860160,1237663275778244679,355.4235,-1.154778,STAR,WD,-8.112327e-06,4.461984e-05,0,385,51783,122,WHITE_DWARF,STARTRD000485,SDSS_DR18_SPECTROSCOPY,ZWARNING_0_SCIENCEPRIMARY
433574298385410048,1237663278462468251,355.02975,1.0439125,STAR,WD,-0.0003422661,0.0001297176,0,385,51783,374,WHITE_DWARF,STARTRD000486,SDSS_DR18_SPECTROSCOPY,ZWARNING_0_SCIENCEPRIMARY
433604534955173888,1237663277925728406,355.29219,0.55001007,STAR,WD,-0.000748775,9.305447e-05,0,385,51783,484,WHITE_DWARF,STARTRD000487,SDSS_DR18_SPECTROSCOPY,ZWARNING_0_SCIENCEPRIMARY
434607014765684736,1237657190904693008,358.874,-0.0039148765,STAR,WD,-0.0006289528,0.0001461632,0,386,51788,35,WHITE_DWARF,STARTRD000488,SDSS_DR18_SPECTROSCOPY,ZWARNING_0_SCIENCEPRIMARY
434627630608705536,1237663783659897129,358.59147,-0.35810631,STAR,WD,-8.172666e-05,0.000232283,0,386,51788,110,WHITE_DWARF,STARTRD000489,SDSS_DR18_SPECTROSCOPY,ZWARNING_0_SCIENCEPRIMARY
434644123283122176,1237663783659765913,358.2236,-0.310387,STAR,WD,4.771912e-05,0.0002615543,0,386,51788,170,WHITE_DWARF,STARTRD000490,SDSS_DR18_SPECTROSCOPY,ZWARNING_0_SCIENCEPRIMARY
434688928381954048,1237663278463058106,356.47969,0.83992441,STAR,WD,-0.0005848606,7.337682e-05,0,386,51788,333,WHITE_DWARF,STARTRD000491,SDSS_DR18_SPECTROSCOPY,ZWARNING_0_SCIENCEPRIMARY
434745828108691456,1237657191978106974,358.05753,0.82994023,STAR,WD,0.0002352399,0.0001677142,0,386,51788,540,WHITE_DWARF,STARTRD000492,SDSS_DR18_SPECTROSCOPY,ZWARNING_0_SCIENCEPRIMARY
435724668385650688,1237663783124074548,0.99009915,-0.8275131,STAR,WD,0.0001246132,5.166224e-05,0,387,51791,5,WHITE_DWARF,STARTRD000493,SDSS_DR18_SPECTROSCOPY,ZWARNING_0_SCIENCEPRIMARY
439226064993019904,1237657191981252635,5.2057727,0.74307731,STAR,WD,3.986065e-05,1.440865e-05,0,390,51900,455,WHITE_DWARF,STARTRD000494,SDSS_DR18_SPECTROSCOPY,ZWARNING_0_SCIENCEPRIMARY
445875085274802176,1237663783667761267,16.595811,-0.24897072,STAR,WD,3.288369e-05,4.093981e-05,0,396,51816,68,WHITE_DWARF,STARTRD000495,SDSS_DR18_SPECTROSCOPY,ZWARNING_0_SCIENCEPRIMARY
445928411588749312,0,15.529881,-0.54985051,STAR,WD,-0.0001216234,5.074045e-05,0,396,51816,262,WHITE_DWARF,STARTRD000496,SDSS_DR18_SPECTROSCOPY,ZWARNING_0_SCIENCEPRIMARY
450376485946025984,1237657069546963045,23.940092,-0.96115202,STAR,WD,0.000105152,5.657656e-05,0,400,51820,60,WHITE_DWARF,STARTRD000497,SDSS_DR18_SPECTROSCOPY,ZWARNING_0_SCIENCEPRIMARY
451605189653194752,1237657071158100009,25.099964,0.26183711,STAR,WD,2.066588e-05,0.0001055762,0,401,51788,434,WHITE_DWARF,STARTRD000498,SDSS_DR18_SPECTROSCOPY,ZWARNING_0_SCIENCEPRIMARY
455998013953828864,1237663783675756699,34.779209,-0.33399241,STAR,WD,0.0001319799,0.0001255826,0,405,51816,31,WHITE_DWARF,STARTRD000499,SDSS_DR18_SPECTROSCOPY,ZWARNING_0_SCIENCEPRIMARY
456082951227074560,1237657071698313362,32.751438,0.72564204,STAR,WD,-0.001298907,0.0003797185,0,405,51816,340,WHITE_DWARF,STARTRD000500,SDSS_DR18_SPECTROSCOPY,ZWARNING_0_SCIENCEPRIMARY
299493525735630848,1237650795146576079,146.91375,-0.64448137,STAR,A0,0.0006005246,2.033313e-05,0,266,51630,15,NORMAL_STAR,STARTRD000501,SDSS_DR18_SPECTROSCOPY,ZWARNING_0_SCIENCEPRIMARY
299495175003072512,0,147.0479,-0.32770152,STAR,F2,-4.950318e-05,9.545094e-06,0,266,51630,21,NORMAL_STAR,STARTRD000502,SDSS_DR18_SPECTROSCOPY,ZWARNING_0_SCIENCEPRIMARY
299499847927490560,1237650796220383236,146.94386,0.039168534,STAR,G2,0.0001605878,9.64798e-06,0,266,51630,38,NORMAL_STAR,STARTRD000503,SDSS_DR18_SPECTROSCOPY,ZWARNING_0_SCIENCEPRIMARY
299501222317025280,0,146.54425,-1.1064971,STAR,F9,0.0002576545,7.442234e-05,0,266,51630,43,NORMAL_STAR,STARTRD000504,SDSS_DR18_SPECTROSCOPY,ZWARNING_0_SCIENCEPRIMARY
299506994753071104,1237650795683446879,146.83368,-0.3359704,STAR,M6,-6.372974e-05,3.557372e-05,0,266,51630,64,NORMAL_STAR,STARTRD000505,SDSS_DR18_SPECTROSCOPY,ZWARNING_0_SCIENCEPRIMARY
299511942555396096,1237648720142204988,146.17616,-0.98244054,STAR,A0,0.0002256552,1.829432e-05,0,266,51630,82,NORMAL_STAR,STARTRD000506,SDSS_DR18_SPECTROSCOPY,ZWARNING_0_SCIENCEPRIMARY
299515515968186368,0,146.03,-0.65827367,STAR,A0p,0.004153254,-1.0,0,266,51630,95,NORMAL_STAR,STARTRD000507,SDSS_DR18_SPECTROSCOPY,ZWARNING_0_SCIENCEPRIMARY
299525136694929408,1237648720142008421,145.83254,-1.0027092,STAR,F5,1.640591e-05,8.813818e-06,0,266,51630,130,NORMAL_STAR,STARTRD000508,SDSS_DR18_SPECTROSCOPY,ZWARNING_0_SCIENCEPRIMARY
299527885473998848,1237650794609246297,145.8232,-1.1725503,STAR,A0,0.0004925642,7.709806e-06,0,266,51630,140,NORMAL_STAR,STARTRD000509,SDSS_DR18_SPECTROSCOPY,ZWARNING_0_SCIENCEPRIMARY
299530359375161344,1237648720679142200,146.40564,-0.50711993,STAR,M8,2.843799e-05,4.08538e-05,0,266,51630,149,NORMAL_STAR,STARTRD000510,SDSS_DR18_SPECTROSCOPY,ZWARNING_0_SCIENCEPRIMARY
299536956444928000,1237648721215816394,145.97827,-0.030849846,STAR,K5,0.000385456,5.692773e-05,0,266,51630,173,NORMAL_STAR,STARTRD000511,SDSS_DR18_SPECTROSCOPY,ZWARNING_0_SCIENCEPRIMARY
299540804735625216,1237650795682988170,145.87459,-0.33551457,STAR,F9,0.0003758192,9.830715e-06,0,266,51630,187,NORMAL_STAR,STARTRD000512,SDSS_DR18_SPECTROSCOPY,ZWARNING_0_SCIENCEPRIMARY
299543553514694656,1237650795682988135,145.84176,-0.27778925,STAR,A0,0.0006633649,1.228166e-05,0,266,51630,197,NORMAL_STAR,STARTRD000513,SDSS_DR18_SPECTROSCOPY,ZWARNING_0_SCIENCEPRIMARY
299553449119344640,1237648720678813718,145.57595,-0.42212484,STAR,A0,-0.0003828644,5.416867e-06,0,266,51630,233,NORMAL_STAR,STARTRD000514,SDSS_DR18_SPECTROSCOPY,ZWARNING_0_SCIENCEPRIMARY
299553723997251584,1237650795682922628,145.67423,-0.38081052,STAR,G0,-0.0001019948,9.332035e-06,0,266,51630,234,NORMAL_STAR,STARTRD000515,SDSS_DR18_SPECTROSCOPY,ZWARNING_0_SCIENCEPRIMARY
299560595944925184,1237650795145920645,145.44053,-0.72903632,STAR,F2,-1.068308e-05,1.049109e-05,0,266,51630,259,NORMAL_STAR,STARTRD000516,SDSS_DR18_SPECTROSCOPY,ZWARNING_0_SCIENCEPRIMARY
299571316183296000,1237650795145855903,145.29542,-0.74985409,STAR,M8,0.0001377936,4.748072e-05,0,266,51630,298,NORMAL_STAR,STARTRD000517,SDSS_DR18_SPECTROSCOPY,ZWARNING_0_SCIENCEPRIMARY
299572140817016832,1237650796219597133,145.24573,0.044365969,STAR,M2,-6.119941e-05,0.000127596,0,266,51630,301,NORMAL_STAR,STARTRD000518,SDSS_DR18_SPECTROSCOPY,ZWARNING_0_SCIENCEPRIMARY
299583960567015424,1237648722289295504,145.28412,0.706299,STAR,K1,0.0001784339,8.602095e-06,0,266,51630,344,NORMAL_STAR,STARTRD000519,SDSS_DR18_SPECTROSCOPY,ZWARNING_0_SCIENCEPRIMARY
299584510322829312,1237648721752424633,145.2928,0.37633508,STAR,F2,0.0002133724,1.336234e-05,0,266,51630,346,NORMAL_STAR,STARTRD000520,SDSS_DR18_SPECTROSCOPY,ZWARNING_0_SCIENCEPRIMARY
299584785200736256,1237648721752424612,145.26257,0.31093104,STAR,M3,6.569824e-05,2.397361e-05,0,266,51630,347,NORMAL_STAR,STARTRD000521,SDSS_DR18_SPECTROSCOPY,ZWARNING_0_SCIENCEPRIMARY
299589458125154304,1237651752921595910,145.7304,1.1649383,STAR,G2,0.0002861073,1.017449e-05,0,266,51630,364,NORMAL_STAR,STARTRD000522,SDSS_DR18_SPECTROSCOPY,ZWARNING_0_SCIENCEPRIMARY
299593306415851520,1237650797293469748,145.56677,0.99523194,STAR,F5,0.0001012022,1.618991e-05,0,266,51630,378,NORMAL_STAR,STARTRD000523,SDSS_DR18_SPECTROSCOPY,ZWARNING_0_SCIENCEPRIMARY
299596604950734848,1237648721752555568,145.63729,0.37329958,STAR,F9,-3.48146e-05,1.007914e-05,0,266,51630,390,NORMAL_STAR,STARTRD000524,SDSS_DR18_SPECTROSCOPY,ZWARNING_0_SCIENCEPRIMARY
299597704462362624,1197132650278879267,145.40905,0.30596715,STAR,A0,-0.0002228576,2.777784e-05,0,266,51630,394,NORMAL_STAR,STARTRD000525,SDSS_DR18_SPECTROSCOPY,ZWARNING_0_SCIENCEPRIMARY
299601827630966784,1237650797293600829,145.87385,0.94870332,STAR,M4,9.570571e-05,2.460136e-05,0,266,51630,409,NORMAL_STAR,STARTRD000526,SDSS_DR18_SPECTROSCOPY,ZWARNING_0_SCIENCEPRIMARY
299607874944919552,1237648721752621131,145.76527,0.30018593,STAR,F9,0.0001260678,8.465737e-06,0,266,51630,431,NORMAL_STAR,STARTRD000527,SDSS_DR18_SPECTROSCOPY,ZWARNING_0_SCIENCEPRIMARY
299611723235616768,1237651752921858234,146.33534,1.2198521,STAR,M0,-3.042288e-05,2.108187e-05,0,266,51630,445,NORMAL_STAR,STARTRD000528,SDSS_DR18_SPECTROSCOPY,ZWARNING_0_SCIENCEPRIMARY
299618870061197312,1237650796756795662,146.02863,0.55695456,STAR,K5,0.000189626,1.112506e-05,0,266,51630,471,NORMAL_STAR,STARTRD000529,SDSS_DR18_SPECTROSCOPY,ZWARNING_0_SCIENCEPRIMARY
299623268107708416,1237648721752817789,146.18598,0.27795367,STAR,A0,-5.65732e-06,4.962093e-05,0,266,51630,487,NORMAL_STAR,STARTRD000530,SDSS_DR18_SPECTROSCOPY,ZWARNING_0_SCIENCEPRIMARY
299626016886777856,1237648721752752179,146.08468,0.25722726,STAR,F9,0.0003433451,9.787325e-06,0,266,51630,497,NORMAL_STAR,STARTRD000531,SDSS_DR18_SPECTROSCOPY,ZWARNING_0_SCIENCEPRIMARY
299637561758869504,1237648722289819691,146.49713,0.7424233,STAR,F5,0.0005075927,1.058176e-05,0,266,51630,539,NORMAL_STAR,STARTRD000532,SDSS_DR18_SPECTROSCOPY,ZWARNING_0_SCIENCEPRIMARY
299641135171659776,1237650796220252547,146.7187,0.12311831,STAR,M4,0.0003283003,6.772573e-05,0,266,51630,552,NORMAL_STAR,STARTRD000533,SDSS_DR18_SPECTROSCOPY,ZWARNING_0_SCIENCEPRIMARY
299643059317008384,1237648721753079825,146.78593,0.28355444,STAR,F5,0.0008870953,9.866083e-06,0,266,51630,559,NORMAL_STAR,STARTRD000534,SDSS_DR18_SPECTROSCOPY,ZWARNING_0_SCIENCEPRIMARY
299646357851891712,1237650797294059539,146.8094,0.97601012,STAR,A0,0.000312962,9.149279e-06,0,266,51630,571,NORMAL_STAR,STARTRD000535,SDSS_DR18_SPECTROSCOPY,ZWARNING_0_SCIENCEPRIMARY
299651855410030592,1237650796220383270,147.01354,0.15538982,STAR,G2,0.001112312,1.34747e-05,0,266,51630,591,NORMAL_STAR,STARTRD000536,SDSS_DR18_SPECTROSCOPY,ZWARNING_0_SCIENCEPRIMARY
299659826869331968,1237651752385249327,146.98697,0.90994195,STAR,G2,-0.0001887061,1.243863e-05,0,266,51630,620,NORMAL_STAR,STARTRD000537,SDSS_DR18_SPECTROSCOPY,ZWARNING_0_SCIENCEPRIMARY
299661751014680576,1237650796757319859,147.16763,0.47167291,STAR,A0,1.36942e-05,2.515826e-05,0,266,51630,627,NORMAL_STAR,STARTRD000538,SDSS_DR18_SPECTROSCOPY,ZWARNING_0_SCIENCEPRIMARY
300618050883840000,1237654669198295120,148.96675,-0.77607839,STAR,K7,0.0001006776,1.666907e-05,0,267,51608,10,NORMAL_STAR,STARTRD000539,SDSS_DR18_SPECTROSCOPY,ZWARNING_0_SCIENCEPRIMARY
300628771122210816,1237648720143188043,148.5264,-0.97168901,STAR,G0,0.0004589118,1.017801e-05,0,267,51608,49,NORMAL_STAR,STARTRD000540,SDSS_DR18_SPECTROSCOPY,ZWARNING_0_SCIENCEPRIMARY
300635917947791360,1237654670272036870,148.98573,0.005366197,STAR,G2,3.180645e-05,1.079627e-05,0,267,51608,75,NORMAL_STAR,STARTRD000541,SDSS_DR18_SPECTROSCOPY,ZWARNING_0_SCIENCEPRIMARY
300643064773371904,1237651800696684677,148.76817,-0.22083189,STAR,F9,-1.568407e-05,7.747117e-06,0,267,51608,101,NORMAL_STAR,STARTRD000542,SDSS_DR18_SPECTROSCOPY,ZWARNING_0_SCIENCEPRIMARY
300650486476859392,1237651799622680623,148.1694,-1.1243151,STAR,G2,0.0002441445,1.751179e-05,0,267,51608,128,NORMAL_STAR,STARTRD000543,SDSS_DR18_SPECTROSCOPY,ZWARNING_0_SCIENCEPRIMARY
300656533790812160,1237650795684167831,148.53234,-0.38237117,STAR,G2,0.0003602553,9.117093e-06,0,267,51608,150,NORMAL_STAR,STARTRD000544,SDSS_DR18_SPECTROSCOPY,ZWARNING_0_SCIENCEPRIMARY
300663955494299648,1237648721216864346,148.38949,-0.034760168,STAR,F9,6.80852e-05,8.36428e-06,0,267,51608,177,NORMAL_STAR,STARTRD000545,SDSS_DR18_SPECTROSCOPY,ZWARNING_0_SCIENCEPRIMARY
300671926953601024,1237651799622549759,147.85068,-1.0771943,STAR,K7,6.838652e-05,1.865045e-05,0,267,51608,206,NORMAL_STAR,STARTRD000546,SDSS_DR18_SPECTROSCOPY,ZWARNING_0_SCIENCEPRIMARY
300674950610577408,1237650795147034650,147.86705,-0.71049327,STAR,F5,0.0003561869,1.424398e-05,0,267,51608,217,NORMAL_STAR,STARTRD000547,SDSS_DR18_SPECTROSCOPY,ZWARNING_0_SCIENCEPRIMARY
300676050122205184,1237648720679731356,147.76419,-0.58103041,STAR,A0,0.0002325052,4.073521e-05,0,267,51608,221,NORMAL_STAR,STARTRD000548,SDSS_DR18_SPECTROSCOPY,ZWARNING_0_SCIENCEPRIMARY
300678524023367680,1237648720679731206,147.65636,-0.54811511,STAR,G0,0.0002479524,9.314385e-06,0,267,51608,230,NORMAL_STAR,STARTRD000549,SDSS_DR18_SPECTROSCOPY,ZWARNING_0_SCIENCEPRIMARY
300682097436157952,1237650794609967319,147.47546,-1.1815886,STAR,M1,0.0001258202,1.407556e-05,0,267,51608,243,NORMAL_STAR,STARTRD000550,SDSS_DR18_SPECTROSCOPY,ZWARNING_0_SCIENCEPRIMARY
300684296459413504,1237650795146772611,147.28951,-0.79756098,STAR,F9,-0.000107002,1.189009e-05,0,267,51608,251,NORMAL_STAR,STARTRD000551,SDSS_DR18_SPECTROSCOPY,ZWARNING_0_SCIENCEPRIMARY
300685121093134336,1237648720142729345,147.4488,-0.96330768,STAR,F5,0.0004456736,9.896408e-06,0,267,51608,254,NORMAL_STAR,STARTRD000552,SDSS_DR18_SPECTROSCOPY,ZWARNING_0_SCIENCEPRIMARY
300689794017552384,1237650796220645482,147.61614,0.093248577,STAR,OB,-0.0001549117,4.541897e-05,0,267,51608,271,NORMAL_STAR,STARTRD000553,SDSS_DR18_SPECTROSCOPY,ZWARNING_0_SCIENCEPRIMARY
300695016697784320,1237650794609770746,147.08272,-1.2156437,STAR,M0,0.0001186718,1.232801e-05,0,267,51608,290,NORMAL_STAR,STARTRD000554,SDSS_DR18_SPECTROSCOPY,ZWARNING_0_SCIENCEPRIMARY
300695841331505152,1237650795146707159,147.21337,-0.8131697,STAR,G2,9.934753e-05,1.359476e-05,0,267,51608,293,NORMAL_STAR,STARTRD000555,SDSS_DR18_SPECTROSCOPY,ZWARNING_0_SCIENCEPRIMARY
300699964500109312,1237650795683577872,147.10709,-0.34790731,STAR,G0,-9.755677e-05,9.016946e-06,0,267,51608,308,NORMAL_STAR,STARTRD000556,SDSS_DR18_SPECTROSCOPY,ZWARNING_0_SCIENCEPRIMARY
300703812790806528,1237648722289819705,146.52448,0.83016299,STAR,F9,-3.738093e-05,9.22375e-06,0,267,51608,322,NORMAL_STAR,STARTRD000557,SDSS_DR18_SPECTROSCOPY,ZWARNING_0_SCIENCEPRIMARY
300704637424527360,1237650797294190659,147.18509,1.0136953,STAR,F9,0.0001322047,9.613366e-06,0,267,51608,325,NORMAL_STAR,STARTRD000558,SDSS_DR18_SPECTROSCOPY,ZWARNING_0_SCIENCEPRIMARY
300709585226852352,1237648721752948868,146.50391,0.41384664,STAR,F9,-5.466048e-05,1.185237e-05,0,267,51608,343,NORMAL_STAR,STARTRD000559,SDSS_DR18_SPECTROSCOPY,ZWARNING_0_SCIENCEPRIMARY
300711784250107904,1237650796757319805,147.09942,0.47544679,STAR,F9,-0.0001056808,1.200314e-05,0,267,51608,351,NORMAL_STAR,STARTRD000560,SDSS_DR18_SPECTROSCOPY,ZWARNING_0_SCIENCEPRIMARY
300713983273363456,1237648721753342016,147.39408,0.28653246,STAR,F5,0.0009098107,1.085128e-05,0,267,51608,359,NORMAL_STAR,STARTRD000561,SDSS_DR18_SPECTROSCOPY,ZWARNING_0_SCIENCEPRIMARY
300718381319874560,1237650797294321708,147.50014,1.0065357,STAR,K7,0.0001808972,1.546841e-05,0,267,51608,375,NORMAL_STAR,STARTRD000562,SDSS_DR18_SPECTROSCOPY,ZWARNING_0_SCIENCEPRIMARY
300731300581500928,1237651801769967698,147.73122,0.54832364,STAR,A0,0.001209172,1.821622e-05,0,267,51608,422,NORMAL_STAR,STARTRD000563,SDSS_DR18_SPECTROSCOPY,ZWARNING_0_SCIENCEPRIMARY
300732674971035648,1237651801769967640,147.65394,0.52316504,STAR,F9,-1.182113e-05,8.2495e-06,0,267,51608,427,NORMAL_STAR,STARTRD000564,SDSS_DR18_SPECTROSCOPY,ZWARNING_0_SCIENCEPRIMARY
300746968622196736,1237648721753669788,148.10993,0.37240762,STAR,A0,1.521532e-05,2.744704e-05,0,267,51608,479,NORMAL_STAR,STARTRD000565,SDSS_DR18_SPECTROSCOPY,ZWARNING_0_SCIENCEPRIMARY
300749167645452288,1237648722290540752,148.16678,0.72642294,STAR,K7,7.043976e-05,1.045255e-05,0,267,51608,487,NORMAL_STAR,STARTRD000566,SDSS_DR18_SPECTROSCOPY,ZWARNING_0_SCIENCEPRIMARY
300753015936149504,1237651801770230027,148.36464,0.62225381,STAR,M1,-4.179206e-05,1.379143e-05,0,267,51608,501,NORMAL_STAR,STARTRD000567,SDSS_DR18_SPECTROSCOPY,ZWARNING_0_SCIENCEPRIMARY
300754390325684224,1237648721753735225,148.32412,0.41432082,STAR,F5,0.0006163775,1.285965e-05,0,267,51608,506,NORMAL_STAR,STARTRD000568,SDSS_DR18_SPECTROSCOPY,ZWARNING_0_SCIENCEPRIMARY
300768409098938368,1237648721753800838,148.54058,0.25761725,STAR,G0,-0.0001195583,1.124645e-05,0,267,51608,557,NORMAL_STAR,STARTRD000569,SDSS_DR18_SPECTROSCOPY,ZWARNING_0_SCIENCEPRIMARY
300780778604750848,1237651752386035760,148.76657,0.92770885,STAR,F5,8.181729e-05,1.674055e-05,0,267,51608,602,NORMAL_STAR,STARTRD000570,SDSS_DR18_SPECTROSCOPY,ZWARNING_0_SCIENCEPRIMARY
300781603238471680,1237648722827542622,148.49046,1.088089,STAR,A0,0.0004529761,3.294102e-05,0,267,51608,605,NORMAL_STAR,STARTRD000571,SDSS_DR18_SPECTROSCOPY,ZWARNING_0_SCIENCEPRIMARY
301745875355461632,1237651800160469042,150.24775,-0.70635261,STAR,F5,0.0003859657,9.411415e-06,0,268,51633,17,NORMAL_STAR,STARTRD000572,SDSS_DR18_SPECTROSCOPY,ZWARNING_0_SCIENCEPRIMARY
301746150233368576,1237648720680845348,150.21882,-0.5674201,STAR,G2,-6.401377e-05,9.467484e-06,0,268,51633,18,NORMAL_STAR,STARTRD000573,SDSS_DR18_SPECTROSCOPY,ZWARNING_0_SCIENCEPRIMARY
301752472425228288,1237654669198622795,149.81852,-0.82974198,STAR,M2,-0.0001557162,5.329775e-05,0,268,51633,41,NORMAL_STAR,STARTRD000574,SDSS_DR18_SPECTROSCOPY,ZWARNING_0_SCIENCEPRIMARY
301753846814763008,1237651800160206926,149.6984,-0.66619961,STAR,G0,0.000518739,1.180289e-05,0,268,51633,46,NORMAL_STAR,STARTRD000575,SDSS_DR18_SPECTROSCOPY,ZWARNING_0_SCIENCEPRIMARY
301755496082204672,1237654669198688808,149.93783,-0.81879212,STAR,K5,1.193515e-05,5.988037e-05,0,268,51633,52,NORMAL_STAR,STARTRD000576,SDSS_DR18_SPECTROSCOPY,ZWARNING_0_SCIENCEPRIMARY
301756870471739392,1237648720680714347,149.98047,-0.49724368,STAR,G0,0.0005194137,1.266701e-05,0,268,51633,57,NORMAL_STAR,STARTRD000577,SDSS_DR18_SPECTROSCOPY,ZWARNING_0_SCIENCEPRIMARY
301759344372901888,1237654669735690484,150.30047,-0.3368643,STAR,F9,0.0002399448,1.12468e-05,0,268,51633,66,NORMAL_STAR,STARTRD000578,SDSS_DR18_SPECTROSCOPY,ZWARNING_0_SCIENCEPRIMARY
301760443884529664,1237654669735690489,150.3032,-0.40868281,STAR,A0,0.0004102931,6.342235e-05,0,268,51633,70,NORMAL_STAR,STARTRD000579,SDSS_DR18_SPECTROSCOPY,ZWARNING_0_SCIENCEPRIMARY
301769789733365760,1237654669735690438,150.25163,-0.40262853,STAR,F9,0.0001131323,9.281056e-06,0,268,51633,104,NORMAL_STAR,STARTRD000580,SDSS_DR18_SPECTROSCOPY,ZWARNING_0_SCIENCEPRIMARY
301792329721735168,1237654669735428421,149.65236,-0.38533516,STAR,M3,-2.547461e-05,2.645456e-05,0,268,51633,186,NORMAL_STAR,STARTRD000581,SDSS_DR18_SPECTROSCOPY,ZWARNING_0_SCIENCEPRIMARY
301800301181036544,1237651800160010291,149.21152,-0.63278803,STAR,F5,0.0002515242,1.400962e-05,0,268,51633,215,NORMAL_STAR,STARTRD000582,SDSS_DR18_SPECTROSCOPY,ZWARNING_0_SCIENCEPRIMARY
301814319954290688,1237648721217192123,149.14113,-0.16971801,STAR,F5,-7.009811e-05,1.262144e-05,0,268,51633,266,NORMAL_STAR,STARTRD000583,SDSS_DR18_SPECTROSCOPY,ZWARNING_0_SCIENCEPRIMARY
301817618489174016,1237651800696815710,149.09645,-0.28140122,STAR,G2,-3.127029e-05,1.114862e-05,0,268,51633,278,NORMAL_STAR,STARTRD000584,SDSS_DR18_SPECTROSCOPY,ZWARNING_0_SCIENCEPRIMARY
301820642146150400,1237654668661227698,148.64859,-1.2369798,STAR,F2,1.175856e-05,8.354628e-06,0,268,51633,289,NORMAL_STAR,STARTRD000585,SDSS_DR18_SPECTROSCOPY,ZWARNING_0_SCIENCEPRIMARY
301820917024057344,1237651799622746339,148.34904,-1.0635568,STAR,M1,0.0001166087,1.698585e-05,0,268,51633,290,NORMAL_STAR,STARTRD000586,SDSS_DR18_SPECTROSCOPY,ZWARNING_0_SCIENCEPRIMARY
301821741657778176,1237650795146969228,147.83633,-0.74426931,STAR,F9,0.0001508287,9.20183e-06,0,268,51633,293,NORMAL_STAR,STARTRD000587,SDSS_DR18_SPECTROSCOPY,ZWARNING_0_SCIENCEPRIMARY
301822291413592064,1237654669198164195,148.72993,-0.76054033,STAR,K1,0.0005035414,2.570864e-05,0,268,51633,295,NORMAL_STAR,STARTRD000588,SDSS_DR18_SPECTROSCOPY,ZWARNING_0_SCIENCEPRIMARY
301823116047312896,1237650795147100191,148.00729,-0.77663315,STAR,A0,0.0009542352,9.433258e-06,0,268,51633,298,NORMAL_STAR,STARTRD000589,SDSS_DR18_SPECTROSCOPY,ZWARNING_0_SCIENCEPRIMARY
301824215558940672,1237648721216602187,147.75936,-0.079764558,STAR,F5,0.000308713,1.150911e-05,0,268,51633,302,NORMAL_STAR,STARTRD000590,SDSS_DR18_SPECTROSCOPY,ZWARNING_0_SCIENCEPRIMARY
301824765314754560,1237650796220907539,148.15135,0.079704841,STAR,G2,0.0002862855,1.159631e-05,0,268,51633,304,NORMAL_STAR,STARTRD000591,SDSS_DR18_SPECTROSCOPY,ZWARNING_0_SCIENCEPRIMARY
301827514093824000,1237648721216864268,148.24913,-0.079779342,STAR,F2,0.0003747845,1.225706e-05,0,268,51633,314,NORMAL_STAR,STARTRD000592,SDSS_DR18_SPECTROSCOPY,ZWARNING_0_SCIENCEPRIMARY
301830262872893440,1237648722827673731,148.77811,1.1167403,STAR,K3,0.0001013369,1.195896e-05,0,268,51633,324,NORMAL_STAR,STARTRD000593,SDSS_DR18_SPECTROSCOPY,ZWARNING_0_SCIENCEPRIMARY
301830537750800384,1237650797294518292,147.92671,1.0015873,STAR,G2,0.0002941015,1.24639e-05,0,268,51633,325,NORMAL_STAR,STARTRD000594,SDSS_DR18_SPECTROSCOPY,ZWARNING_0_SCIENCEPRIMARY
301833286529869824,1237648722290737292,148.64941,0.82692182,STAR,F5,0.0001101891,1.284253e-05,0,268,51633,335,NORMAL_STAR,STARTRD000595,SDSS_DR18_SPECTROSCOPY,ZWARNING_0_SCIENCEPRIMARY
301834111163590656,1237648722290802731,148.8052,0.82585887,STAR,F5,0.0007196802,1.110099e-05,0,268,51633,338,NORMAL_STAR,STARTRD000596,SDSS_DR18_SPECTROSCOPY,ZWARNING_0_SCIENCEPRIMARY
301835760431032320,1237654670808711328,148.62824,0.50453457,STAR,G2,0.0001790935,8.366717e-06,0,268,51633,344,NORMAL_STAR,STARTRD000597,SDSS_DR18_SPECTROSCOPY,ZWARNING_0_SCIENCEPRIMARY
301837134820567040,1237651801770098842,147.94903,0.60333151,STAR,M2,3.267267e-05,1.066064e-05,0,268,51633,349,NORMAL_STAR,STARTRD000598,SDSS_DR18_SPECTROSCOPY,ZWARNING_0_SCIENCEPRIMARY
301840158477543424,1237648721753669734,148.21301,0.25800234,STAR,F2,-0.0002504624,9.573865e-06,0,268,51633,360,NORMAL_STAR,STARTRD000599,SDSS_DR18_SPECTROSCOPY,ZWARNING_0_SCIENCEPRIMARY
301861873832192000,1237651801233752349,149.24111,0.14031858,STAR,M7,3.392488e-05,2.044236e-05,0,268,51633,439,NORMAL_STAR,STARTRD000600,SDSS_DR18_SPECTROSCOPY,ZWARNING_0_SCIENCEPRIMARY
301869570413586432,1237648721754194301,149.41611,0.40912052,STAR,M1,0.0001790763,2.407999e-05,0,268,51633,467,NORMAL_STAR,STARTRD000601,SDSS_DR18_SPECTROSCOPY,ZWARNING_0_SCIENCEPRIMARY
301880565529864192,1237648722291327202,149.99838,0.63627988,STAR,K3,0.0003275427,2.752595e-05,0,268,51633,507,NORMAL_STAR,STARTRD000602,SDSS_DR18_SPECTROSCOPY,ZWARNING_0_SCIENCEPRIMARY
301886337965910016,1237648722828066974,149.66589,1.0547394,STAR,K7,0.0001775536,3.151159e-05,0,268,51633,528,NORMAL_STAR,STARTRD000603,SDSS_DR18_SPECTROSCOPY,ZWARNING_0_SCIENCEPRIMARY
301893209913583616,1237651801234145506,150.10747,0.19635549,STAR,K3,8.620636e-05,9.995051e-06,0,268,51633,553,NORMAL_STAR,STARTRD000604,SDSS_DR18_SPECTROSCOPY,ZWARNING_0_SCIENCEPRIMARY
301894034547304448,1237648721754521967,150.12601,0.40909457,STAR,M4,-3.478145e-05,3.433288e-05,0,268,51633,556,NORMAL_STAR,STARTRD000605,SDSS_DR18_SPECTROSCOPY,ZWARNING_0_SCIENCEPRIMARY
301909702588000256,1237651752386560073,150.0278,0.9245107,STAR,M0,1.743968e-05,2.588655e-05,0,268,51633,613,NORMAL_STAR,STARTRD000606,SDSS_DR18_SPECTROSCOPY,ZWARNING_0_SCIENCEPRIMARY
302878376979359744,1237654668662407366,151.28348,-1.2585743,STAR,K5,0.0001074115,1.032408e-05,0,269,51910,41,NORMAL_STAR,STARTRD000607,SDSS_DR18_SPECTROSCOPY,ZWARNING_0_SCIENCEPRIMARY
302879751368894464,1237654668662407388,151.29969,-1.2486452,STAR,M0,-4.148703e-05,1.133207e-05,0,269,51910,46,NORMAL_STAR,STARTRD000608,SDSS_DR18_SPECTROSCOPY,ZWARNING_0_SCIENCEPRIMARY
302880026246801408,1237651799624056909,151.31993,-1.1349967,STAR,F9,8.272319e-05,1.098231e-05,0,269,51910,47,NORMAL_STAR,STARTRD000609,SDSS_DR18_SPECTROSCOPY,ZWARNING_0_SCIENCEPRIMARY
302880576002615296,1237651799624057030,151.34413,-1.146497,STAR,K1,0.000176206,1.00892e-05,0,269,51910,49,NORMAL_STAR,STARTRD000610,SDSS_DR18_SPECTROSCOPY,ZWARNING_0_SCIENCEPRIMARY
302882225270056960,1237648720144498702,151.4004,-1.044536,STAR,A0,-9.158445e-05,2.175885e-05,0,269,51910,55,NORMAL_STAR,STARTRD000611,SDSS_DR18_SPECTROSCOPY,ZWARNING_0_SCIENCEPRIMARY
302890471607265280,1237651799623991540,151.08873,-1.1110137,STAR,M0,0.000347448,1.659175e-05,0,269,51910,85,NORMAL_STAR,STARTRD000612,SDSS_DR18_SPECTROSCOPY,ZWARNING_0_SCIENCEPRIMARY
302895694287497216,1237651800161124476,151.72321,-0.68248075,STAR,A0,0.0008516544,3.459844e-05,0,269,51910,104,NORMAL_STAR,STARTRD000613,SDSS_DR18_SPECTROSCOPY,ZWARNING_0_SCIENCEPRIMARY
302899817456101376,1237654670273151049,151.63655,0.061524437,STAR,F2,0.0001241142,1.08272e-05,0,269,51910,119,NORMAL_STAR,STARTRD000614,SDSS_DR18_SPECTROSCOPY,ZWARNING_0_SCIENCEPRIMARY
302900916967729152,1237654668662145183,150.66008,-1.1994978,STAR,M0,0.000121686,9.623082e-06,0,269,51910,123,NORMAL_STAR,STARTRD000615,SDSS_DR18_SPECTROSCOPY,ZWARNING_0_SCIENCEPRIMARY
302901191845636096,1237651799623794870,150.68226,-1.1214575,STAR,K7,-7.087144e-05,9.563787e-06,0,269,51910,124,NORMAL_STAR,STARTRD000616,SDSS_DR18_SPECTROSCOPY,ZWARNING_0_SCIENCEPRIMARY
302901466723543040,1237651799623729327,150.60043,-1.0595924,STAR,F9,0.0003097295,1.256201e-05,0,269,51910,125,NORMAL_STAR,STARTRD000617,SDSS_DR18_SPECTROSCOPY,ZWARNING_0_SCIENCEPRIMARY
302901741601449984,1237651799623860377,150.86966,-1.0554253,STAR,F9,0.0004209092,1.103777e-05,0,269,51910,126,NORMAL_STAR,STARTRD000618,SDSS_DR18_SPECTROSCOPY,ZWARNING_0_SCIENCEPRIMARY
302902566235170816,1237654668662145164,150.61191,-1.2451664,STAR,K7,0.0001255962,9.419357e-06,0,269,51910,129,NORMAL_STAR,STARTRD000619,SDSS_DR18_SPECTROSCOPY,ZWARNING_0_SCIENCEPRIMARY
302902841113077760,1237654668662145187,150.67978,-1.1888915,STAR,K7,9.73081e-05,1.065765e-05,0,269,51910,130,NORMAL_STAR,STARTRD000620,SDSS_DR18_SPECTROSCOPY,ZWARNING_0_SCIENCEPRIMARY
302903390868891648,1237651799623860427,150.8299,-1.0856019,STAR,M8,5.73147e-05,2.939442e-05,0,269,51910,132,NORMAL_STAR,STARTRD000621,SDSS_DR18_SPECTROSCOPY,ZWARNING_0_SCIENCEPRIMARY
302905315014240256,1237648720144171043,150.71811,-0.9837803,STAR,F9,0.0004653288,1.553123e-05,0,269,51910,139,NORMAL_STAR,STARTRD000622,SDSS_DR18_SPECTROSCOPY,ZWARNING_0_SCIENCEPRIMARY
302905589892147200,0,150.64445,-1.163734,STAR,M1,-4.247161e-05,1.152813e-05,0,269,51910,140,NORMAL_STAR,STARTRD000623,SDSS_DR18_SPECTROSCOPY,ZWARNING_0_SCIENCEPRIMARY
302908613549123584,1237654670273085621,151.49645,0.039025737,STAR,F9,0.0003949045,1.930637e-05,0,269,51910,151,NORMAL_STAR,STARTRD000624,SDSS_DR18_SPECTROSCOPY,ZWARNING_0_SCIENCEPRIMARY
302922357444470784,1237654668662079698,150.55252,-1.1922472,STAR,K5,-0.0001110211,1.123976e-05,0,269,51910,201,NORMAL_STAR,STARTRD000625,SDSS_DR18_SPECTROSCOPY,ZWARNING_0_SCIENCEPRIMARY
302922907200284672,1237651799623729211,150.56324,-1.111372,STAR,F9,3.429675e-06,8.198285e-06,0,269,51910,203,NORMAL_STAR,STARTRD000626,SDSS_DR18_SPECTROSCOPY,ZWARNING_0_SCIENCEPRIMARY
302923182078191616,1237654668662079740,150.59915,-1.1929492,STAR,K3,0.0001463483,8.164552e-06,0,269,51910,204,NORMAL_STAR,STARTRD000627,SDSS_DR18_SPECTROSCOPY,ZWARNING_0_SCIENCEPRIMARY
302923456956098560,1237651799623729253,150.5856,-1.1451054,STAR,F9,0.0001663387,8.360425e-06,0,269,51910,205,NORMAL_STAR,STARTRD000628,SDSS_DR18_SPECTROSCOPY,ZWARNING_0_SCIENCEPRIMARY
302923731834005504,1237654668662079710,150.56749,-1.1994403,STAR,K5,0.00014273,9.187565e-06,0,269,51910,206,NORMAL_STAR,STARTRD000629,SDSS_DR18_SPECTROSCOPY,ZWARNING_0_SCIENCEPRIMARY
302924556467726336,1237654668662079597,150.57614,-1.1743091,STAR,K3,0.000208775,8.161065e-06,0,269,51910,209,NORMAL_STAR,STARTRD000630,SDSS_DR18_SPECTROSCOPY,ZWARNING_0_SCIENCEPRIMARY
302925106223540224,1237651799623729305,150.54669,-1.1562122,STAR,F9,0.0003990555,1.237793e-05,0,269,51910,211,NORMAL_STAR,STARTRD000631,SDSS_DR18_SPECTROSCOPY,ZWARNING_0_SCIENCEPRIMARY
302925381101447168,1237651799623729309,150.55177,-1.0905185,STAR,K3,0.0002241512,7.872442e-06,0,269,51910,212,NORMAL_STAR,STARTRD000632,SDSS_DR18_SPECTROSCOPY,ZWARNING_0_SCIENCEPRIMARY
302926480613074944,1237651799623729215,150.56785,-1.0585291,STAR,F9,0.0001125997,1.0795e-05,0,269,51910,216,NORMAL_STAR,STARTRD000633,SDSS_DR18_SPECTROSCOPY,ZWARNING_0_SCIENCEPRIMARY
302928404758423552,1237648721217912990,150.79104,-0.040892645,STAR,F2,0.0001981233,1.407458e-05,0,269,51910,223,NORMAL_STAR,STARTRD000634,SDSS_DR18_SPECTROSCOPY,ZWARNING_0_SCIENCEPRIMARY
302942423531677696,1237648721217847549,150.57756,-0.069016835,STAR,M6,-4.053389e-05,2.982267e-05,0,269,51910,274,NORMAL_STAR,STARTRD000635,SDSS_DR18_SPECTROSCOPY,ZWARNING_0_SCIENCEPRIMARY
302946821578188800,1237651799623532547,150.0371,-1.0789458,STAR,F9,-7.321851e-05,8.325827e-06,0,269,51910,290,NORMAL_STAR,STARTRD000636,SDSS_DR18_SPECTROSCOPY,ZWARNING_0_SCIENCEPRIMARY
302950394990979072,1237648720680648799,149.87701,-0.51284792,STAR,F9,0.0001018505,1.094051e-05,0,269,51910,303,NORMAL_STAR,STARTRD000637,SDSS_DR18_SPECTROSCOPY,ZWARNING_0_SCIENCEPRIMARY
302951494502606848,1237648721217454458,149.73618,-0.20105045,STAR,M1,6.128928e-05,3.526536e-05,0,269,51910,307,NORMAL_STAR,STARTRD000638,SDSS_DR18_SPECTROSCOPY,ZWARNING_0_SCIENCEPRIMARY
302953143770048512,0,150.07596,0.090938378,STAR,F9,2.251535e-05,1.095713e-05,0,269,51910,313,NORMAL_STAR,STARTRD000639,SDSS_DR18_SPECTROSCOPY,ZWARNING_0_SCIENCEPRIMARY
302953968403769344,1237648720680976395,150.53805,-0.47204098,STAR,F9,0.0006346286,9.223093e-06,0,269,51910,316,NORMAL_STAR,STARTRD000640,SDSS_DR18_SPECTROSCOPY,ZWARNING_0_SCIENCEPRIMARY
302954243281676288,1237654669735362869,149.48749,-0.39972091,STAR,M2,8.115198e-05,1.376872e-05,0,269,51910,317,NORMAL_STAR,STARTRD000641,SDSS_DR18_SPECTROSCOPY,ZWARNING_0_SCIENCEPRIMARY
302955342793304064,1237651752923365433,149.78613,1.2159955,STAR,F5,0.0009693949,1.365469e-05,0,269,51910,321,NORMAL_STAR,STARTRD000642,SDSS_DR18_SPECTROSCOPY,ZWARNING_0_SCIENCEPRIMARY
302960290595629056,1237648722291261897,149.75677,0.79320029,STAR,M3,-0.0001425511,6.531668e-05,0,269,51910,339,NORMAL_STAR,STARTRD000643,SDSS_DR18_SPECTROSCOPY,ZWARNING_0_SCIENCEPRIMARY
302963039374698496,1237648721754718224,150.49963,0.36268506,STAR,F5,0.0004329855,1.486499e-05,0,269,51910,349,NORMAL_STAR,STARTRD000644,SDSS_DR18_SPECTROSCOPY,ZWARNING_0_SCIENCEPRIMARY
302965788153767936,1237648721754521615,150.05524,0.31283612,STAR,F9,4.658951e-05,1.075866e-05,0,269,51910,359,NORMAL_STAR,STARTRD000645,SDSS_DR18_SPECTROSCOPY,ZWARNING_0_SCIENCEPRIMARY
302974584246790144,1237648721754915264,150.94769,0.3143437,STAR,M4,-4.047444e-05,8.955887e-05,0,269,51910,391,NORMAL_STAR,STARTRD000646,SDSS_DR18_SPECTROSCOPY,ZWARNING_0_SCIENCEPRIMARY
302976508392138752,1237651801771343962,150.91338,0.5826408,STAR,F5,0.0004835316,8.749629e-06,0,269,51910,398,NORMAL_STAR,STARTRD000647,SDSS_DR18_SPECTROSCOPY,ZWARNING_0_SCIENCEPRIMARY
302983105461905408,1237648721754914828,150.9641,0.33904684,STAR,G0,-0.0001214392,1.24927e-05,0,269,51910,422,NORMAL_STAR,STARTRD000648,SDSS_DR18_SPECTROSCOPY,ZWARNING_0_SCIENCEPRIMARY
302986403996788736,1237648721754914965,150.96499,0.23675472,STAR,K7,8.311631e-05,9.843526e-06,0,269,51910,434,NORMAL_STAR,STARTRD000649,SDSS_DR18_SPECTROSCOPY,ZWARNING_0_SCIENCEPRIMARY
302988877897951232,1237648722828591174,150.93541,1.1979132,STAR,F2,0.0004934645,1.065648e-05,0,269,51910,443,NORMAL_STAR,STARTRD000650,SDSS_DR18_SPECTROSCOPY,ZWARNING_0_SCIENCEPRIMARY
303008119351437312,1237648721755177052,151.5945,0.30655272,STAR,K7,-3.243158e-05,1.201755e-05,0,269,51910,513,NORMAL_STAR,STARTRD000651,SDSS_DR18_SPECTROSCOPY,ZWARNING_0_SCIENCEPRIMARY
303010043496785920,1237651801234800708,151.65164,0.2047929,STAR,M3,-0.0001545064,1.248299e-05,0,269,51910,520,NORMAL_STAR,STARTRD000652,SDSS_DR18_SPECTROSCOPY,ZWARNING_0_SCIENCEPRIMARY
303014716421203968,1237648722291785790,151.05187,0.66619933,STAR,F5,0.0004850904,3.525945e-05,0,269,51910,537,NORMAL_STAR,STARTRD000653,SDSS_DR18_SPECTROSCOPY,ZWARNING_0_SCIENCEPRIMARY
303016090810738688,1237651801771737302,151.82023,0.62532314,STAR,A0,0.0005617921,4.45995e-05,0,269,51910,542,NORMAL_STAR,STARTRD000654,SDSS_DR18_SPECTROSCOPY,ZWARNING_0_SCIENCEPRIMARY
303025161781667840,1237648722828787737,151.2808,1.2022459,STAR,G0,0.0001573145,9.691404e-06,0,269,51910,575,NORMAL_STAR,STARTRD000655,SDSS_DR18_SPECTROSCOPY,ZWARNING_0_SCIENCEPRIMARY
303034232752596992,1237648722291982465,151.53825,0.73807449,STAR,M7,-0.0004552307,2.420413e-05,0,269,51910,608,NORMAL_STAR,STARTRD000656,SDSS_DR18_SPECTROSCOPY,ZWARNING_0_SCIENCEPRIMARY
303998504433379328,1237648720145416494,153.57418,-0.95260259,STAR,F5,0.000373751,3.765373e-05,0,270,51909,20,NORMAL_STAR,STARTRD000657,SDSS_DR18_SPECTROSCOPY,ZWARNING_0_SCIENCEPRIMARY
304000978334541824,1237651800161976470,153.67598,-0.67460004,STAR,A0,0.0009420697,4.764206e-05,0,270,51909,29,NORMAL_STAR,STARTRD000658,SDSS_DR18_SPECTROSCOPY,ZWARNING_0_SCIENCEPRIMARY
304001253212448768,1237648720682352701,153.71476,-0.5181401,STAR,K3,2.272785e-05,7.627598e-06,0,270,51909,30,NORMAL_STAR,STARTRD000659,SDSS_DR18_SPECTROSCOPY,ZWARNING_0_SCIENCEPRIMARY
304013072962447360,0,153.54676,-0.39691753,STAR,G2,-0.0001317827,1.103285e-05,0,270,51909,73,NORMAL_STAR,STARTRD000660,SDSS_DR18_SPECTROSCOPY,ZWARNING_0_SCIENCEPRIMARY
304029015881050112,1237648720145219648,153.12794,-0.93070054,STAR,G0,9.600662e-05,1.003551e-05,0,270,51909,131,NORMAL_STAR,STARTRD000661,SDSS_DR18_SPECTROSCOPY,ZWARNING_0_SCIENCEPRIMARY
304032864171747328,1237654669736804509,152.74977,-0.3803511,STAR,F5,0.0002157916,4.237302e-05,0,270,51909,145,NORMAL_STAR,STARTRD000662,SDSS_DR18_SPECTROSCOPY,ZWARNING_0_SCIENCEPRIMARY
304035612950816768,1237648721218830636,152.7555,-0.12160573,STAR,M5,-0.0002592223,3.262191e-05,0,270,51909,155,NORMAL_STAR,STARTRD000663,SDSS_DR18_SPECTROSCOPY,ZWARNING_0_SCIENCEPRIMARY
304035887828723712,1237651800698454172,152.7811,-0.2218184,STAR,M2,-4.268627e-05,1.447449e-05,0,270,51909,156,NORMAL_STAR,STARTRD000664,SDSS_DR18_SPECTROSCOPY,ZWARNING_0_SCIENCEPRIMARY
304037262218258432,1237651800161517665,152.72457,-0.70503555,STAR,A0,0.001070089,1.798385e-05,0,270,51909,161,NORMAL_STAR,STARTRD000665,SDSS_DR18_SPECTROSCOPY,ZWARNING_0_SCIENCEPRIMARY
304040835631048704,1237648720681893894,152.62681,-0.61516081,STAR,G2,0.0003615868,1.406116e-05,0,270,51909,174,NORMAL_STAR,STARTRD000666,SDSS_DR18_SPECTROSCOPY,ZWARNING_0_SCIENCEPRIMARY
304042759776397312,1237648720681828474,152.47374,-0.48152095,STAR,M4,-0.0002274239,3.723374e-05,0,270,51909,181,NORMAL_STAR,STARTRD000667,SDSS_DR18_SPECTROSCOPY,ZWARNING_0_SCIENCEPRIMARY
304050731235698688,1237651799624581237,152.44337,-1.1378482,STAR,F5,7.50634e-06,3.12848e-05,0,270,51909,210,NORMAL_STAR,STARTRD000668,SDSS_DR18_SPECTROSCOPY,ZWARNING_0_SCIENCEPRIMARY
304053754892675072,1237651800161386669,152.34893,-0.71374768,STAR,M0,0.000123401,1.148603e-05,0,270,51909,221,NORMAL_STAR,STARTRD000669,SDSS_DR18_SPECTROSCOPY,ZWARNING_0_SCIENCEPRIMARY
304060901718255616,1237651799624515608,152.30435,-1.0986817,STAR,F9,-0.0001302904,1.116341e-05,0,270,51909,247,NORMAL_STAR,STARTRD000670,SDSS_DR18_SPECTROSCOPY,ZWARNING_0_SCIENCEPRIMARY
304061176596162560,1237648720144826581,152.27703,-0.97052993,STAR,F9,-3.088805e-05,9.001864e-06,0,270,51909,248,NORMAL_STAR,STARTRD000671,SDSS_DR18_SPECTROSCOPY,ZWARNING_0_SCIENCEPRIMARY
304061451474069504,1237648720144826415,152.18151,-0.91937689,STAR,M4,4.949112e-05,3.689517e-05,0,270,51909,249,NORMAL_STAR,STARTRD000672,SDSS_DR18_SPECTROSCOPY,ZWARNING_0_SCIENCEPRIMARY
304077944148486144,1237654669736542424,152.17106,-0.37915232,STAR,A0,0.0004500978,2.713659e-05,0,270,51909,309,NORMAL_STAR,STARTRD000673,SDSS_DR18_SPECTROSCOPY,ZWARNING_0_SCIENCEPRIMARY
304078493904300032,1237651800161255431,151.98541,-0.72817649,STAR,M3,0.0001244297,2.900651e-05,0,270,51909,311,NORMAL_STAR,STARTRD000674,SDSS_DR18_SPECTROSCOPY,ZWARNING_0_SCIENCEPRIMARY
304081517561276416,1237648722292113454,151.77897,0.64313756,STAR,F5,0.0002319074,9.74448e-06,0,270,51909,322,NORMAL_STAR,STARTRD000675,SDSS_DR18_SPECTROSCOPY,ZWARNING_0_SCIENCEPRIMARY
304084266340345856,1237651752387346781,151.71853,1.0412559,STAR,M2V,0.0005374405,3.713902e-05,0,270,51909,332,NORMAL_STAR,STARTRD000676,SDSS_DR18_SPECTROSCOPY,ZWARNING_0_SCIENCEPRIMARY
304084541218252800,1237651752387412273,151.87289,0.86423138,STAR,K5,-0.0001882265,3.230175e-05,0,270,51909,333,NORMAL_STAR,STARTRD000677,SDSS_DR18_SPECTROSCOPY,ZWARNING_0_SCIENCEPRIMARY
304088114631043072,1237651801234538568,150.99527,0.16545354,STAR,F9,-0.0001498473,1.107719e-05,0,270,51909,346,NORMAL_STAR,STARTRD000678,SDSS_DR18_SPECTROSCOPY,ZWARNING_0_SCIENCEPRIMARY
304089214142670848,1237651801771737156,151.79119,0.61472251,STAR,F5,-4.465931e-05,1.442186e-05,0,270,51909,350,NORMAL_STAR,STARTRD000679,SDSS_DR18_SPECTROSCOPY,ZWARNING_0_SCIENCEPRIMARY
304090588532205568,1237648721755111513,151.50631,0.21698552,STAR,F9,-0.0001510239,1.172681e-05,0,270,51909,355,NORMAL_STAR,STARTRD000680,SDSS_DR18_SPECTROSCOPY,ZWARNING_0_SCIENCEPRIMARY
304091413165926400,1237651801234997404,152.05816,0.12715943,STAR,F9,-3.480097e-05,1.055509e-05,0,270,51909,358,NORMAL_STAR,STARTRD000681,SDSS_DR18_SPECTROSCOPY,ZWARNING_0_SCIENCEPRIMARY
304091688043833344,1237654670272954398,151.13819,0.058669893,STAR,F9,-6.490764e-05,8.244891e-06,0,270,51909,359,NORMAL_STAR,STARTRD000682,SDSS_DR18_SPECTROSCOPY,ZWARNING_0_SCIENCEPRIMARY
304103782671738880,1237648722292375670,152.35066,0.82319226,STAR,A0,0.0003381599,6.411653e-06,0,270,51909,403,NORMAL_STAR,STARTRD000683,SDSS_DR18_SPECTROSCOPY,ZWARNING_0_SCIENCEPRIMARY
304114777788016640,1237648722829377610,152.66939,1.2575476,STAR,G2,-0.0002738982,1.325574e-05,0,270,51909,443,NORMAL_STAR,STARTRD000684,SDSS_DR18_SPECTROSCOPY,ZWARNING_0_SCIENCEPRIMARY
304117801444993024,1237651752387674306,152.55093,0.95665642,STAR,M2V,-0.0001174547,1.701362e-05,0,270,51909,454,NORMAL_STAR,STARTRD000685,SDSS_DR18_SPECTROSCOPY,ZWARNING_0_SCIENCEPRIMARY
304127422171736064,1237648721218961430,153.07842,-0.060250912,STAR,F5,-8.446973e-05,8.733857e-06,0,270,51909,489,NORMAL_STAR,STARTRD000686,SDSS_DR18_SPECTROSCOPY,ZWARNING_0_SCIENCEPRIMARY
304135393631037440,1237648721219092504,153.36426,-0.029091154,STAR,F9,-0.0001454137,1.008311e-05,0,270,51909,518,NORMAL_STAR,STARTRD000687,SDSS_DR18_SPECTROSCOPY,ZWARNING_0_SCIENCEPRIMARY
304148862648477696,1237651752387870895,152.98267,0.95873718,STAR,K1,-0.0002217037,9.312131e-06,0,270,51909,567,NORMAL_STAR,STARTRD000688,SDSS_DR18_SPECTROSCOPY,ZWARNING_0_SCIENCEPRIMARY
304151611427547136,1237651752387936565,153.05827,0.99776492,STAR,F5,0.0007342679,7.022709e-05,0,270,51909,577,NORMAL_STAR,STARTRD000689,SDSS_DR18_SPECTROSCOPY,ZWARNING_0_SCIENCEPRIMARY
304152436061267968,1237648722829443211,152.88637,1.1320091,STAR,F9,0.0002088621,1.399766e-05,0,270,51909,580,NORMAL_STAR,STARTRD000690,SDSS_DR18_SPECTROSCOPY,ZWARNING_0_SCIENCEPRIMARY
304156559229872128,1237651801235718170,153.70336,0.11905441,STAR,F5,0.0008099145,1.326702e-05,0,270,51909,595,NORMAL_STAR,STARTRD000691,SDSS_DR18_SPECTROSCOPY,ZWARNING_0_SCIENCEPRIMARY
304158483375220736,1237651752388067339,153.34306,0.8739991,STAR,G2,0.0005308411,2.332729e-05,0,270,51909,602,NORMAL_STAR,STARTRD000692,SDSS_DR18_SPECTROSCOPY,ZWARNING_0_SCIENCEPRIMARY
304159857764755456,1237651752388132923,153.57225,0.93874027,STAR,G2,1.12422e-05,1.177949e-05,0,270,51909,607,NORMAL_STAR,STARTRD000693,SDSS_DR18_SPECTROSCOPY,ZWARNING_0_SCIENCEPRIMARY
304160682398476288,1237654671347679384,153.36742,0.84611976,STAR,G0,0.0002309681,4.96283e-05,0,270,51909,610,NORMAL_STAR,STARTRD000694,SDSS_DR18_SPECTROSCOPY,ZWARNING_0_SCIENCEPRIMARY
304167279468242944,1237654670811005004,153.83801,0.43836874,STAR,F5,-0.0001201667,1.828345e-05,0,270,51909,634,NORMAL_STAR,STARTRD000695,SDSS_DR18_SPECTROSCOPY,ZWARNING_0_SCIENCEPRIMARY
305121930002851840,1237651799625695343,155.10076,-1.0792522,STAR,F9,0.0001219649,9.528929e-06,0,271,51883,11,NORMAL_STAR,STARTRD000696,SDSS_DR18_SPECTROSCOPY,ZWARNING_0_SCIENCEPRIMARY
305122754636572672,1237648720146071630,155.03585,-0.98831675,STAR,F9,0.0001067419,9.947913e-06,0,271,51883,14,NORMAL_STAR,STARTRD000697,SDSS_DR18_SPECTROSCOPY,ZWARNING_0_SCIENCEPRIMARY
305126053171456000,1237654669737984215,155.54324,-0.34289179,STAR,M1,5.919856e-05,1.092371e-05,0,271,51883,26,NORMAL_STAR,STARTRD000698,SDSS_DR18_SPECTROSCOPY,ZWARNING_0_SCIENCEPRIMARY
305127427560990720,1237648721220009986,155.44024,-0.18141384,STAR,F9,1.212332e-05,1.03891e-05,0,271,51883,31,NORMAL_STAR,STARTRD000699,SDSS_DR18_SPECTROSCOPY,ZWARNING_0_SCIENCEPRIMARY
305133199997036544,1237654669200785552,154.76597,-0.83534002,STAR,K5,0.0001157494,9.999082e-06,0,271,51883,52,NORMAL_STAR,STARTRD000700,SDSS_DR18_SPECTROSCOPY,ZWARNING_0_SCIENCEPRIMARY
305136223654012928,1237648720682942495,155.0319,-0.54633242,STAR,A0,3.180137e-05,1.849067e-05,0,271,51883,63,NORMAL_STAR,STARTRD000701,SDSS_DR18_SPECTROSCOPY,ZWARNING_0_SCIENCEPRIMARY
305137323165640704,1237648721219879128,155.27889,-0.049187334,STAR,K5,5.331401e-05,1.023267e-05,0,271,51883,67,NORMAL_STAR,STARTRD000702,SDSS_DR18_SPECTROSCOPY,ZWARNING_0_SCIENCEPRIMARY
305140346822617088,1237651800699437193,155.08075,-0.21568499,STAR,A0,0.0008087558,2.51446e-05,0,271,51883,78,NORMAL_STAR,STARTRD000703,SDSS_DR18_SPECTROSCOPY,ZWARNING_0_SCIENCEPRIMARY
305141721212151808,1237654668663849097,154.58967,-1.2084097,STAR,F5,0.0002359598,9.58888e-06,0,271,51883,83,NORMAL_STAR,STARTRD000704,SDSS_DR18_SPECTROSCOPY,ZWARNING_0_SCIENCEPRIMARY
305148868037732352,1237648720682876963,154.91948,-0.54356129,STAR,F5,0.0002425401,1.398359e-05,0,271,51883,109,NORMAL_STAR,STARTRD000705,SDSS_DR18_SPECTROSCOPY,ZWARNING_0_SCIENCEPRIMARY
305152166572615680,1237651799625302189,154.17018,-1.150176,STAR,A0,1.268413e-05,1.313657e-05,0,271,51883,121,NORMAL_STAR,STARTRD000706,SDSS_DR18_SPECTROSCOPY,ZWARNING_0_SCIENCEPRIMARY
305154365595871232,1237654668663718103,154.27754,-1.2444646,STAR,K5,-2.368781e-05,2.77329e-05,0,271,51883,129,NORMAL_STAR,STARTRD000707,SDSS_DR18_SPECTROSCOPY,ZWARNING_0_SCIENCEPRIMARY
305155190229592064,1237651799625368137,154.26953,-1.0505229,STAR,K7,-1.68782e-05,6.49322e-05,0,271,51883,132,NORMAL_STAR,STARTRD000708,SDSS_DR18_SPECTROSCOPY,ZWARNING_0_SCIENCEPRIMARY
305158213886568448,1237648720682811680,154.71632,-0.51845556,STAR,M4,7.104503e-05,2.743097e-05,0,271,51883,143,NORMAL_STAR,STARTRD000709,SDSS_DR18_SPECTROSCOPY,ZWARNING_0_SCIENCEPRIMARY
305170858270287872,1237651800162304187,154.4048,-0.71507502,STAR,K3,8.398107e-05,1.191166e-05,0,271,51883,189,NORMAL_STAR,STARTRD000710,SDSS_DR18_SPECTROSCOPY,ZWARNING_0_SCIENCEPRIMARY
305177180462147584,1237651799625302278,154.12108,-1.0911703,STAR,F5,0.0008304379,2.858848e-05,0,271,51883,212,NORMAL_STAR,STARTRD000711,SDSS_DR18_SPECTROSCOPY,ZWARNING_0_SCIENCEPRIMARY
305184602165635072,1237654669737459741,154.23726,-0.37125591,STAR,M4,8.322686e-05,4.016103e-05,0,271,51883,239,NORMAL_STAR,STARTRD000712,SDSS_DR18_SPECTROSCOPY,ZWARNING_0_SCIENCEPRIMARY
305196147037726720,1237654668663390361,153.48913,-1.2409264,STAR,F5,0.0006176486,2.028382e-05,0,271,51883,281,NORMAL_STAR,STARTRD000713,SDSS_DR18_SPECTROSCOPY,ZWARNING_0_SCIENCEPRIMARY
305206867276097536,1237648720682352779,153.78315,-0.53540694,STAR,G2,0.0002631134,7.87909e-06,0,271,51883,320,NORMAL_STAR,STARTRD000714,SDSS_DR18_SPECTROSCOPY,ZWARNING_0_SCIENCEPRIMARY
305207142154004480,1237648722829836309,153.69063,1.1328313,STAR,F5,0.00127836,1.771194e-05,0,271,51883,321,NORMAL_STAR,STARTRD000715,SDSS_DR18_SPECTROSCOPY,ZWARNING_0_SCIENCEPRIMARY
305210440688887808,1237651752388198450,153.76942,0.9180957,STAR,F5,0.0004991611,8.684535e-06,0,271,51883,333,NORMAL_STAR,STARTRD000716,SDSS_DR18_SPECTROSCOPY,ZWARNING_0_SCIENCEPRIMARY
305215388491212800,1237654670811070745,153.93606,0.47194036,STAR,M3,0.0001551585,2.138753e-05,0,271,51883,351,NORMAL_STAR,STARTRD000717,SDSS_DR18_SPECTROSCOPY,ZWARNING_0_SCIENCEPRIMARY
305223359950514176,1237648722293096513,153.98605,0.66610109,STAR,F5,0.0001177119,7.092286e-05,0,271,51883,380,NORMAL_STAR,STARTRD000718,SDSS_DR18_SPECTROSCOPY,ZWARNING_0_SCIENCEPRIMARY
305229682142373888,1237651801772786240,154.15487,0.61152482,STAR,K7,0.0003071862,4.398695e-05,0,271,51883,403,NORMAL_STAR,STARTRD000719,SDSS_DR18_SPECTROSCOPY,ZWARNING_0_SCIENCEPRIMARY
305231056531908608,1237648722293162173,154.17439,0.74609341,STAR,M0,0.0002100094,1.596216e-05,0,271,51883,408,NORMAL_STAR,STARTRD000720,SDSS_DR18_SPECTROSCOPY,ZWARNING_0_SCIENCEPRIMARY
305239852624930816,1237651801235915034,154.1951,0.15417696,STAR,K7,0.0001488837,9.970865e-06,0,271,51883,440,NORMAL_STAR,STARTRD000721,SDSS_DR18_SPECTROSCOPY,ZWARNING_0_SCIENCEPRIMARY
305242326526093312,1237648722830032922,154.10359,1.168794,STAR,A0,0.0001144283,1.908826e-05,0,271,51883,449,NORMAL_STAR,STARTRD000722,SDSS_DR18_SPECTROSCOPY,ZWARNING_0_SCIENCEPRIMARY
305252771886557184,1237651801772982372,154.65141,0.53143234,STAR,F9,0.0001579174,9.441306e-06,0,271,51883,487,NORMAL_STAR,STARTRD000723,SDSS_DR18_SPECTROSCOPY,ZWARNING_0_SCIENCEPRIMARY
305254970909812736,1237654670274461896,154.51194,0.052566017,STAR,G2,0.0002765472,1.059517e-05,0,271,51883,495,NORMAL_STAR,STARTRD000724,SDSS_DR18_SPECTROSCOPY,ZWARNING_0_SCIENCEPRIMARY
305267340415625216,1237651801773048019,154.78985,0.62515271,STAR,K5,4.394279e-05,9.57849e-06,0,271,51883,540,NORMAL_STAR,STARTRD000725,SDSS_DR18_SPECTROSCOPY,ZWARNING_0_SCIENCEPRIMARY
305269814316787712,1237648721756684332,155.04141,0.32924739,STAR,G0,-0.0002936691,8.339794e-06,0,271,51883,549,NORMAL_STAR,STARTRD000726,SDSS_DR18_SPECTROSCOPY,ZWARNING_0_SCIENCEPRIMARY
305272837973764096,1237651801236308238,155.09689,0.20773628,STAR,M1,-9.174069e-05,1.378122e-05,0,271,51883,560,NORMAL_STAR,STARTRD000727,SDSS_DR18_SPECTROSCOPY,ZWARNING_0_SCIENCEPRIMARY
305276686264461312,1237651801773113380,154.90817,0.60798499,STAR,F2,0.0003217566,1.086352e-05,0,271,51883,574,NORMAL_STAR,STARTRD000728,SDSS_DR18_SPECTROSCOPY,ZWARNING_0_SCIENCEPRIMARY
305277510898182144,1237651752388788278,155.11954,0.93427783,STAR,A0,-0.0001881254,2.584782e-05,0,271,51883,577,NORMAL_STAR,STARTRD000729,SDSS_DR18_SPECTROSCOPY,ZWARNING_0_SCIENCEPRIMARY
305279435043530752,1237651801236439218,155.35172,0.17120119,STAR,M2,9.230407e-06,1.369504e-05,0,271,51883,584,NORMAL_STAR,STARTRD000730,SDSS_DR18_SPECTROSCOPY,ZWARNING_0_SCIENCEPRIMARY
305283283334227968,1237651801236373735,155.25599,0.14500774,STAR,M2,2.222752e-05,1.614631e-05,0,271,51883,598,NORMAL_STAR,STARTRD000731,SDSS_DR18_SPECTROSCOPY,ZWARNING_0_SCIENCEPRIMARY
305283558212134912,1237654670274789596,155.30574,0.068172763,STAR,A0,5.347733e-05,3.766936e-05,0,271,51883,599,NORMAL_STAR,STARTRD000732,SDSS_DR18_SPECTROSCOPY,ZWARNING_0_SCIENCEPRIMARY
305294553328412672,1237654670274920456,155.55133,0.0053898192,STAR,G2,0.0002441718,9.132294e-06,0,271,51883,639,NORMAL_STAR,STARTRD000733,SDSS_DR18_SPECTROSCOPY,ZWARNING_0_SCIENCEPRIMARY
306248930394400768,1237651800163418114,156.92181,-0.70499763,STAR,F5,0.001050828,2.211681e-05,0,272,51941,15,NORMAL_STAR,STARTRD000734,SDSS_DR18_SPECTROSCOPY,ZWARNING_0_SCIENCEPRIMARY
306250029906028544,1237648720146989155,157.20617,-0.83961385,STAR,G0,6.26846e-05,1.26439e-05,0,272,51941,19,NORMAL_STAR,STARTRD000735,SDSS_DR18_SPECTROSCOPY,ZWARNING_0_SCIENCEPRIMARY
306256352097888256,1237651799626350747,156.51305,-1.0696484,STAR,F9,0.000211615,1.070976e-05,0,272,51941,42,NORMAL_STAR,STARTRD000736,SDSS_DR18_SPECTROSCOPY,ZWARNING_0_SCIENCEPRIMARY
306256626975795200,1237651799626285251,156.43695,-1.0753926,STAR,K3,0.0001783984,2.043612e-05,0,272,51941,43,NORMAL_STAR,STARTRD000737,SDSS_DR18_SPECTROSCOPY,ZWARNING_0_SCIENCEPRIMARY
306256901853702144,1237651799626350611,156.50252,-1.1340382,STAR,G0,9.422343e-05,1.125067e-05,0,272,51941,44,NORMAL_STAR,STARTRD000738,SDSS_DR18_SPECTROSCOPY,ZWARNING_0_SCIENCEPRIMARY
306265423068817408,1237651800700223614,156.81504,-0.25788834,STAR,F5,0.0009084994,1.7989e-05,0,272,51941,75,NORMAL_STAR,STARTRD000739,SDSS_DR18_SPECTROSCOPY,ZWARNING_0_SCIENCEPRIMARY
306268446725793792,1237654668664569929,156.19845,-1.2273457,STAR,F5,0.0006503264,1.755955e-05,0,272,51941,86,NORMAL_STAR,STARTRD000740,SDSS_DR18_SPECTROSCOPY,ZWARNING_0_SCIENCEPRIMARY
306269271359514624,1237654668664569879,156.20303,-1.2099214,STAR,F5,0.000824061,1.449132e-05,0,272,51941,89,NORMAL_STAR,STARTRD000741,SDSS_DR18_SPECTROSCOPY,ZWARNING_0_SCIENCEPRIMARY
306269821115328512,1237651799626219617,156.19528,-1.0653714,STAR,F5,0.0009197053,5.380095e-05,0,272,51941,91,NORMAL_STAR,STARTRD000742,SDSS_DR18_SPECTROSCOPY,ZWARNING_0_SCIENCEPRIMARY
306270920626956288,1237648720146596052,156.28041,-0.84991659,STAR,F9,-0.0001585595,1.071554e-05,0,272,51941,95,NORMAL_STAR,STARTRD000743,SDSS_DR18_SPECTROSCOPY,ZWARNING_0_SCIENCEPRIMARY
306277792574629888,1237651800700223583,156.77149,-0.3133401,STAR,G2,-3.953706e-05,1.210975e-05,0,272,51941,120,NORMAL_STAR,STARTRD000744,SDSS_DR18_SPECTROSCOPY,ZWARNING_0_SCIENCEPRIMARY
306278342330443776,1237654668664504329,155.9947,-1.2363021,STAR,F9,0.0004760411,8.738369e-06,0,272,51941,122,NORMAL_STAR,STARTRD000745,SDSS_DR18_SPECTROSCOPY,ZWARNING_0_SCIENCEPRIMARY
306279991597885440,1237654668664439040,155.93894,-1.2346038,STAR,K1,0.0002404387,1.227607e-05,0,272,51941,128,NORMAL_STAR,STARTRD000746,SDSS_DR18_SPECTROSCOPY,ZWARNING_0_SCIENCEPRIMARY
306281365987420160,1237648720146399490,155.83915,-0.95969484,STAR,K7,-0.0001092642,9.225291e-06,0,272,51941,133,NORMAL_STAR,STARTRD000747,SDSS_DR18_SPECTROSCOPY,ZWARNING_0_SCIENCEPRIMARY
306283565010675712,1237648720683532302,156.36304,-0.62362668,STAR,F5,0.0008591572,3.768447e-05,0,272,51941,141,NORMAL_STAR,STARTRD000748,SDSS_DR18_SPECTROSCOPY,ZWARNING_0_SCIENCEPRIMARY
306289337446721536,1237654669738311919,156.28679,-0.4163458,STAR,F5,0.0005513447,4.996359e-05,0,272,51941,162,NORMAL_STAR,STARTRD000749,SDSS_DR18_SPECTROSCOPY,ZWARNING_0_SCIENCEPRIMARY
306291811347884032,1237651800699961479,156.2148,-0.26282603,STAR,K3,0.0003809686,1.02831e-05,0,272,51941,171,NORMAL_STAR,STARTRD000750,SDSS_DR18_SPECTROSCOPY,ZWARNING_0_SCIENCEPRIMARY
306296209394395136,1237648720683335739,155.99482,-0.54656501,STAR,F5,0.0006438958,8.434905e-06,0,272,51941,187,NORMAL_STAR,STARTRD000751,SDSS_DR18_SPECTROSCOPY,ZWARNING_0_SCIENCEPRIMARY
306298958173464576,1237648720683270838,155.85958,-0.47513018,STAR,M6,0.0001386708,4.003977e-05,0,272,51941,197,NORMAL_STAR,STARTRD000752,SDSS_DR18_SPECTROSCOPY,ZWARNING_0_SCIENCEPRIMARY
306302806464161792,1237654669201178809,155.62605,-0.8317055,STAR,G2,0.0007171294,1.60614e-05,0,272,51941,211,NORMAL_STAR,STARTRD000753,SDSS_DR18_SPECTROSCOPY,ZWARNING_0_SCIENCEPRIMARY
306305280365324288,1237651800162893888,155.75661,-0.73005913,STAR,F5,0.0004349816,8.274917e-06,0,272,51941,220,NORMAL_STAR,STARTRD000754,SDSS_DR18_SPECTROSCOPY,ZWARNING_0_SCIENCEPRIMARY
306319848894392320,1237651800699502614,155.15432,-0.2506409,STAR,F5,8.981232e-06,9.042195e-06,0,272,51941,273,NORMAL_STAR,STARTRD000755,SDSS_DR18_SPECTROSCOPY,ZWARNING_0_SCIENCEPRIMARY
306320123772299264,1237648720683008160,155.16431,-0.43681458,STAR,K3,8.310878e-06,8.08663e-06,0,272,51941,274,NORMAL_STAR,STARTRD000756,SDSS_DR18_SPECTROSCOPY,ZWARNING_0_SCIENCEPRIMARY
306321773039740928,1237651800699633749,155.4388,-0.3182466,STAR,K5,3.901864e-05,1.167675e-05,0,272,51941,280,NORMAL_STAR,STARTRD000757,SDSS_DR18_SPECTROSCOPY,ZWARNING_0_SCIENCEPRIMARY
306330569132763136,1237648720682876959,154.9122,-0.61022366,STAR,F5,0.0009398519,1.82442e-05,0,272,51941,312,NORMAL_STAR,STARTRD000758,SDSS_DR18_SPECTROSCOPY,ZWARNING_0_SCIENCEPRIMARY
306332493278111744,1237651800162500707,154.84223,-0.64647973,STAR,K7,0.0003794937,1.594958e-05,0,272,51941,319,NORMAL_STAR,STARTRD000759,SDSS_DR18_SPECTROSCOPY,ZWARNING_0_SCIENCEPRIMARY
306333592789739520,1237651752388788260,155.09146,0.91910251,STAR,F9,-3.586274e-05,9.009789e-06,0,272,51941,323,NORMAL_STAR,STARTRD000760,SDSS_DR18_SPECTROSCOPY,ZWARNING_0_SCIENCEPRIMARY
306349810586249216,1237648722293620969,155.279,0.64062915,STAR,M1,0.0001528032,1.564494e-05,0,272,51941,382,NORMAL_STAR,STARTRD000761,SDSS_DR18_SPECTROSCOPY,ZWARNING_0_SCIENCEPRIMARY
306357507167643648,1237648722830754122,155.86154,1.2461861,STAR,M6,-0.0004407459,0.0001155465,0,272,51941,410,NORMAL_STAR,STARTRD000762,SDSS_DR18_SPECTROSCOPY,ZWARNING_0_SCIENCEPRIMARY
306372900330432512,1237648721757077512,155.88717,0.37688648,STAR,G0,0.000271729,9.368763e-06,0,272,51941,466,NORMAL_STAR,STARTRD000763,SDSS_DR18_SPECTROSCOPY,ZWARNING_0_SCIENCEPRIMARY
306379222522292224,1237648722294013956,156.03779,0.70492538,STAR,F2,0.0003122729,1.172311e-05,0,272,51941,489,NORMAL_STAR,STARTRD000764,SDSS_DR18_SPECTROSCOPY,ZWARNING_0_SCIENCEPRIMARY
306385544714151936,1237648721757274313,156.39277,0.22382429,STAR,K1,0.0001484774,8.23729e-06,0,272,51941,512,NORMAL_STAR,STARTRD000765,SDSS_DR18_SPECTROSCOPY,ZWARNING_0_SCIENCEPRIMARY
306386919103686656,1237648721757274196,156.42392,0.36756155,STAR,G2,-9.529464e-05,1.085869e-05,0,272,51941,517,NORMAL_STAR,STARTRD000766,SDSS_DR18_SPECTROSCOPY,ZWARNING_0_SCIENCEPRIMARY
306391042272290816,1237648722294145060,156.37773,0.76205521,STAR,F5,0.0008453068,1.576306e-05,0,272,51941,532,NORMAL_STAR,STARTRD000767,SDSS_DR18_SPECTROSCOPY,ZWARNING_0_SCIENCEPRIMARY
306397089586243584,1237654670812184637,156.54192,0.46662828,STAR,F2,0.0002740393,1.009875e-05,0,272,51941,554,NORMAL_STAR,STARTRD000768,SDSS_DR18_SPECTROSCOPY,ZWARNING_0_SCIENCEPRIMARY
306397639342057472,1237651801773834436,156.55476,0.53179785,STAR,K1,0.0002877181,1.429373e-05,0,272,51941,556,NORMAL_STAR,STARTRD000769,SDSS_DR18_SPECTROSCOPY,ZWARNING_0_SCIENCEPRIMARY
306397914219964416,1237648721757339662,156.50471,0.31903505,STAR,F2,0.0006507252,1.291831e-05,0,272,51941,557,NORMAL_STAR,STARTRD000770,SDSS_DR18_SPECTROSCOPY,ZWARNING_0_SCIENCEPRIMARY
306402037388568576,1237648722294210643,156.62716,0.75941061,STAR,F5,0.0007953417,1.453863e-05,0,272,51941,572,NORMAL_STAR,STARTRD000771,SDSS_DR18_SPECTROSCOPY,ZWARNING_0_SCIENCEPRIMARY
306404786167638016,1237648721757470741,156.82132,0.31424416,STAR,A0,0.0001230919,1.349754e-05,0,272,51941,582,NORMAL_STAR,STARTRD000772,SDSS_DR18_SPECTROSCOPY,ZWARNING_0_SCIENCEPRIMARY
306415231528101888,1237651752389509188,156.73173,0.94981417,STAR,G2,1.922032e-05,8.713865e-06,0,272,51941,620,NORMAL_STAR,STARTRD000773,SDSS_DR18_SPECTROSCOPY,ZWARNING_0_SCIENCEPRIMARY
306418255185078272,1237648721757733169,157.3826,0.30628514,STAR,M2,-3.871967e-05,1.489011e-05,0,272,51941,631,NORMAL_STAR,STARTRD000774,SDSS_DR18_SPECTROSCOPY,ZWARNING_0_SCIENCEPRIMARY
306419629574612992,1237648721757667661,157.3555,0.34497431,STAR,M6,-2.873677e-05,2.015972e-05,0,272,51941,636,NORMAL_STAR,STARTRD000775,SDSS_DR18_SPECTROSCOPY,ZWARNING_0_SCIENCEPRIMARY
307370982278981632,1237654668665683983,158.71222,-1.088171,STAR,A0,0.0005101933,1.865938e-05,0,273,51957,1,NORMAL_STAR,STARTRD000776,SDSS_DR18_SPECTROSCOPY,ZWARNING_0_SCIENCEPRIMARY
307371257156888576,1237654669202620546,158.92061,-0.70791104,STAR,A0,0.0006900309,2.618438e-05,0,273,51957,2,NORMAL_STAR,STARTRD000777,SDSS_DR18_SPECTROSCOPY,ZWARNING_0_SCIENCEPRIMARY
307373456180144128,1237648720147775596,158.95576,-1.0399466,STAR,G0,3.794945e-05,1.504022e-05,0,273,51957,10,NORMAL_STAR,STARTRD000778,SDSS_DR18_SPECTROSCOPY,ZWARNING_0_SCIENCEPRIMARY
307380603005724672,1237648721221713944,159.34072,-0.0015361063,STAR,A0,0.000760672,1.761918e-05,0,273,51957,36,NORMAL_STAR,STARTRD000779,SDSS_DR18_SPECTROSCOPY,ZWARNING_0_SCIENCEPRIMARY
307382802028980224,1237654668665618549,158.594,-1.2564526,STAR,F5,0.0005043119,3.518098e-05,0,273,51957,44,NORMAL_STAR,STARTRD000780,SDSS_DR18_SPECTROSCOPY,ZWARNING_0_SCIENCEPRIMARY
307385275930142720,1237648720147513427,158.36864,-0.98857783,STAR,F5,0.0005787901,1.739836e-05,0,273,51957,53,NORMAL_STAR,STARTRD000781,SDSS_DR18_SPECTROSCOPY,ZWARNING_0_SCIENCEPRIMARY
307395721290606592,1237648720147513422,158.35012,-1.0496768,STAR,A0,0.0007854304,2.234725e-05,0,273,51957,91,NORMAL_STAR,STARTRD000782,SDSS_DR18_SPECTROSCOPY,ZWARNING_0_SCIENCEPRIMARY
307397645435955200,1237654669202358298,158.30978,-0.74001589,STAR,F5,6.958512e-06,8.822143e-06,0,273,51957,98,NORMAL_STAR,STARTRD000783,SDSS_DR18_SPECTROSCOPY,ZWARNING_0_SCIENCEPRIMARY
307399019825489920,1237654669739426110,158.83511,-0.33533095,STAR,A0,0.0009452825,6.14083e-05,0,273,51957,103,NORMAL_STAR,STARTRD000784,SDSS_DR18_SPECTROSCOPY,ZWARNING_0_SCIENCEPRIMARY
307399844459210752,1237648720684515393,158.66294,-0.58748365,STAR,F2,0.0001278066,1.427974e-05,0,273,51957,106,NORMAL_STAR,STARTRD000785,SDSS_DR18_SPECTROSCOPY,ZWARNING_0_SCIENCEPRIMARY
307406166651070464,1237648720147316901,157.91717,-0.86108099,STAR,A0,0.0006058473,1.856002e-05,0,273,51957,129,NORMAL_STAR,STARTRD000786,SDSS_DR18_SPECTROSCOPY,ZWARNING_0_SCIENCEPRIMARY
307407541040605184,1237654669202292738,158.09055,-0.77472172,STAR,F5,0.0001597219,1.055061e-05,0,273,51957,134,NORMAL_STAR,STARTRD000787,SDSS_DR18_SPECTROSCOPY,ZWARNING_0_SCIENCEPRIMARY
307409190308046848,1237654668665356420,158.05081,-1.184143,STAR,K5,0.0001021835,8.79988e-06,0,273,51957,140,NORMAL_STAR,STARTRD000788,SDSS_DR18_SPECTROSCOPY,ZWARNING_0_SCIENCEPRIMARY
307409465185953792,1237648720684449967,158.49678,-0.47169443,STAR,A0,0.0008872196,0.0001046497,0,273,51957,141,NORMAL_STAR,STARTRD000789,SDSS_DR18_SPECTROSCOPY,ZWARNING_0_SCIENCEPRIMARY
307411114453395456,1237654669739360266,158.54133,-0.29014613,STAR,F5,0.000660442,8.979601e-06,0,273,51957,147,NORMAL_STAR,STARTRD000790,SDSS_DR18_SPECTROSCOPY,ZWARNING_0_SCIENCEPRIMARY
307413863232464896,1237648721221320726,158.43926,-0.071608321,STAR,A0,0.0003593343,2.939153e-05,0,273,51957,157,NORMAL_STAR,STARTRD000791,SDSS_DR18_SPECTROSCOPY,ZWARNING_0_SCIENCEPRIMARY
307416062255720448,1237648720684384273,158.29246,-0.47252463,STAR,A0,0.000608434,9.699629e-06,0,273,51957,165,NORMAL_STAR,STARTRD000792,SDSS_DR18_SPECTROSCOPY,ZWARNING_0_SCIENCEPRIMARY
307416612011534336,1237648721221189754,158.19104,-0.073699209,STAR,M0,4.529007e-05,1.387706e-05,0,273,51957,167,NORMAL_STAR,STARTRD000793,SDSS_DR18_SPECTROSCOPY,ZWARNING_0_SCIENCEPRIMARY
307425682982463488,1237648721221058714,157.94824,-0.13448395,STAR,A0,0.0009707541,3.358299e-05,0,273,51957,200,NORMAL_STAR,STARTRD000794,SDSS_DR18_SPECTROSCOPY,ZWARNING_0_SCIENCEPRIMARY
307429531273160704,1237648720147185909,157.58075,-0.96087289,STAR,A0,0.0008961207,4.997298e-05,0,273,51957,214,NORMAL_STAR,STARTRD000795,SDSS_DR18_SPECTROSCOPY,ZWARNING_0_SCIENCEPRIMARY
307430355906881536,1237654669202096253,157.65614,-0.78709053,STAR,A0,0.0006699813,4.136561e-05,0,273,51957,217,NORMAL_STAR,STARTRD000796,SDSS_DR18_SPECTROSCOPY,ZWARNING_0_SCIENCEPRIMARY
307431180540602368,1237654669202030754,157.57201,-0.65650218,STAR,A0,3.913881e-05,2.412347e-05,0,273,51957,220,NORMAL_STAR,STARTRD000797,SDSS_DR18_SPECTROSCOPY,ZWARNING_0_SCIENCEPRIMARY
307433379563857920,1237648721220993138,157.69156,-0.071730996,STAR,A0,0.0001730157,8.565326e-05,0,273,51957,228,NORMAL_STAR,STARTRD000798,SDSS_DR18_SPECTROSCOPY,ZWARNING_0_SCIENCEPRIMARY
307436128342927360,1237654669738967087,157.709,-0.39241376,STAR,F9,0.0002178805,1.133823e-05,0,273,51957,238,NORMAL_STAR,STARTRD000799,SDSS_DR18_SPECTROSCOPY,ZWARNING_0_SCIENCEPRIMARY
307436952976648192,1237648720147054969,157.31195,-0.87010608,STAR,F5,-0.0001395935,8.108466e-05,0,273,51957,241,NORMAL_STAR,STARTRD000800,SDSS_DR18_SPECTROSCOPY,ZWARNING_0_SCIENCEPRIMARY
307438052488275968,1237648720147054822,157.22871,-0.93284185,STAR,M0,9.572506e-05,1.743164e-05,0,273,51957,245,NORMAL_STAR,STARTRD000801,SDSS_DR18_SPECTROSCOPY,ZWARNING_0_SCIENCEPRIMARY
307439151999903744,1237648720147120407,157.3973,-1.0133235,STAR,F9,0.0003876297,1.34395e-05,0,273,51957,249,NORMAL_STAR,STARTRD000802,SDSS_DR18_SPECTROSCOPY,ZWARNING_0_SCIENCEPRIMARY
307443550046414848,1237648720683860157,157.2276,-0.5636103,STAR,F9,0.0002949261,1.452934e-05,0,273,51957,265,NORMAL_STAR,STARTRD000803,SDSS_DR18_SPECTROSCOPY,ZWARNING_0_SCIENCEPRIMARY
307443824924321792,1237648721220862115,157.43915,-0.1715844,STAR,F9,0.0004416356,2.688743e-05,0,273,51957,266,NORMAL_STAR,STARTRD000804,SDSS_DR18_SPECTROSCOPY,ZWARNING_0_SCIENCEPRIMARY
307445474191763456,1237654669738836014,157.47538,-0.35813765,STAR,A0p,8.477456e-05,8.55604e-06,0,273,51957,272,NORMAL_STAR,STARTRD000805,SDSS_DR18_SPECTROSCOPY,ZWARNING_0_SCIENCEPRIMARY
307446848581298176,1237648721220730896,157.10264,-0.14373363,STAR,F9,6.658377e-05,8.576929e-06,0,273,51957,277,NORMAL_STAR,STARTRD000806,SDSS_DR18_SPECTROSCOPY,ZWARNING_0_SCIENCEPRIMARY
307447398337112064,1237648721220796501,157.36332,-0.19797231,STAR,A0,0.0006352317,4.951826e-05,0,273,51957,279,NORMAL_STAR,STARTRD000807,SDSS_DR18_SPECTROSCOPY,ZWARNING_0_SCIENCEPRIMARY
307448497848739840,1237648720146923697,157.02786,-0.94258058,STAR,F9,0.0003451772,1.233451e-05,0,273,51957,283,NORMAL_STAR,STARTRD000808,SDSS_DR18_SPECTROSCOPY,ZWARNING_0_SCIENCEPRIMARY
307454270284785664,1237648721220599866,156.856,-0.09321643,STAR,F2,0.0008336598,9.475302e-06,0,273,51957,304,NORMAL_STAR,STARTRD000809,SDSS_DR18_SPECTROSCOPY,ZWARNING_0_SCIENCEPRIMARY
307455644674320384,1237648721220600129,156.85427,-0.065693556,STAR,M6,9.535844e-05,2.164086e-05,0,273,51957,309,NORMAL_STAR,STARTRD000810,SDSS_DR18_SPECTROSCOPY,ZWARNING_0_SCIENCEPRIMARY
307460317598738432,1237654671349186617,156.82549,0.86823435,STAR,A0,0.0001640582,1.295457e-05,0,273,51957,326,NORMAL_STAR,STARTRD000811,SDSS_DR18_SPECTROSCOPY,ZWARNING_0_SCIENCEPRIMARY
307461142232459264,1237648722831278124,157.05548,1.1696859,STAR,F5,0.0001883379,1.112548e-05,0,273,51957,329,NORMAL_STAR,STARTRD000812,SDSS_DR18_SPECTROSCOPY,ZWARNING_0_SCIENCEPRIMARY
307462241744087040,1237648722294407263,156.98123,0.71661942,STAR,A0,0.001016737,5.818185e-05,0,273,51957,333,NORMAL_STAR,STARTRD000813,SDSS_DR18_SPECTROSCOPY,ZWARNING_0_SCIENCEPRIMARY
307464165889435648,1237648722294341762,156.89526,0.79608691,STAR,G2,0.0003505428,1.010166e-05,0,273,51957,340,NORMAL_STAR,STARTRD000814,SDSS_DR18_SPECTROSCOPY,ZWARNING_0_SCIENCEPRIMARY
307465265401063424,1237651801773834280,156.5641,0.53718268,STAR,F5,0.0001720708,1.241721e-05,0,273,51957,344,NORMAL_STAR,STARTRD000815,SDSS_DR18_SPECTROSCOPY,ZWARNING_0_SCIENCEPRIMARY
307466364912691200,1237651801773899857,156.63731,0.57597833,STAR,F9,0.0006598831,1.521894e-05,0,273,51957,348,NORMAL_STAR,STARTRD000816,SDSS_DR18_SPECTROSCOPY,ZWARNING_0_SCIENCEPRIMARY
307466914668505088,1237654670812315650,156.74412,0.43210462,STAR,A0,0.0007222801,2.440188e-05,0,273,51957,350,NORMAL_STAR,STARTRD000817,SDSS_DR18_SPECTROSCOPY,ZWARNING_0_SCIENCEPRIMARY
307471312715016192,1237648722831409163,157.26465,1.1696654,STAR,A0,1.214256e-05,7.302072e-06,0,273,51957,366,NORMAL_STAR,STARTRD000818,SDSS_DR18_SPECTROSCOPY,ZWARNING_0_SCIENCEPRIMARY
307472137348737024,1237648722294538285,157.23379,0.77092847,STAR,F5,0.0006448092,2.143306e-05,0,273,51957,369,NORMAL_STAR,STARTRD000819,SDSS_DR18_SPECTROSCOPY,ZWARNING_0_SCIENCEPRIMARY
307473236860364800,1237648722831409318,157.37348,1.2113091,STAR,A0,0.000212831,4.116129e-05,0,273,51957,373,NORMAL_STAR,STARTRD000820,SDSS_DR18_SPECTROSCOPY,ZWARNING_0_SCIENCEPRIMARY
307474336371992576,1237648722294603787,157.3832,0.75737794,STAR,A0,0.0005986699,2.11676e-05,0,273,51957,377,NORMAL_STAR,STARTRD000821,SDSS_DR18_SPECTROSCOPY,ZWARNING_0_SCIENCEPRIMARY
307475435883620352,1237651801774227499,157.39366,0.57066453,STAR,F2,0.0002603146,9.730631e-06,0,273,51957,381,NORMAL_STAR,STARTRD000822,SDSS_DR18_SPECTROSCOPY,ZWARNING_0_SCIENCEPRIMARY
307475985639434240,0,157.15945,0.51747906,STAR,A0,0.0002064975,8.514223e-06,0,273,51957,383,NORMAL_STAR,STARTRD000823,SDSS_DR18_SPECTROSCOPY,ZWARNING_0_SCIENCEPRIMARY
307477085151062016,1237651801773965429,156.8855,0.58474407,STAR,A0,0.0007372067,1.202886e-05,0,273,51957,387,NORMAL_STAR,STARTRD000824,SDSS_DR18_SPECTROSCOPY,ZWARNING_0_SCIENCEPRIMARY
307478184662689792,1237648721757470750,156.82452,0.28337427,STAR,A0,0.0001130103,8.332455e-06,0,273,51957,391,NORMAL_STAR,STARTRD000825,SDSS_DR18_SPECTROSCOPY,ZWARNING_0_SCIENCEPRIMARY
307479284174317568,1237651801237356780,157.48782,0.11245288,STAR,M7,3.919627e-05,1.523685e-05,0,273,51957,395,NORMAL_STAR,STARTRD000826,SDSS_DR18_SPECTROSCOPY,ZWARNING_0_SCIENCEPRIMARY
307483682220828672,1237648722294669422,157.6447,0.8160882,STAR,F5,6.464647e-05,1.845091e-05,0,273,51957,411,NORMAL_STAR,STARTRD000827,SDSS_DR18_SPECTROSCOPY,ZWARNING_0_SCIENCEPRIMARY
307484506854549504,1237648722831605885,157.69737,1.0782044,STAR,A0,0.0003163106,6.505387e-05,0,273,51957,414,NORMAL_STAR,STARTRD000828,SDSS_DR18_SPECTROSCOPY,ZWARNING_0_SCIENCEPRIMARY
307487255633618944,1237648721757864089,157.78998,0.32672549,STAR,F5,0.000441906,1.772122e-05,0,273,51957,424,NORMAL_STAR,STARTRD000829,SDSS_DR18_SPECTROSCOPY,ZWARNING_0_SCIENCEPRIMARY
307490279290595328,1237648721757798676,157.64476,0.30780064,STAR,A0,0.001332167,4.521278e-05,0,273,51957,435,NORMAL_STAR,STARTRD000830,SDSS_DR18_SPECTROSCOPY,ZWARNING_0_SCIENCEPRIMARY
307496051726641152,1237648722294734948,157.80582,0.79008763,STAR,A0,0.0005603804,1.968596e-05,0,273,51957,456,NORMAL_STAR,STARTRD000831,SDSS_DR18_SPECTROSCOPY,ZWARNING_0_SCIENCEPRIMARY
307496876360361984,1237648722831736979,158.0296,1.238785,STAR,K7,0.0001426127,1.031019e-05,0,273,51957,459,NORMAL_STAR,STARTRD000832,SDSS_DR18_SPECTROSCOPY,ZWARNING_0_SCIENCEPRIMARY
307500449773152256,1237654670275969120,157.98838,0.16827284,STAR,A0,0.0003442843,5.352029e-05,0,273,51957,472,NORMAL_STAR,STARTRD000833,SDSS_DR18_SPECTROSCOPY,ZWARNING_0_SCIENCEPRIMARY
307500999528966144,1237648721757929573,157.97038,0.21308152,STAR,A0,6.467065e-05,1.873578e-05,0,273,51957,474,NORMAL_STAR,STARTRD000834,SDSS_DR18_SPECTROSCOPY,ZWARNING_0_SCIENCEPRIMARY
307504023185942528,1237654670812971019,158.24508,0.4817772,STAR,F2,0.0003201954,1.041933e-05,0,273,51957,485,NORMAL_STAR,STARTRD000835,SDSS_DR18_SPECTROSCOPY,ZWARNING_0_SCIENCEPRIMARY
307508421232453632,1237654670812971804,158.34284,0.46395321,STAR,M7,3.928592e-05,3.607509e-05,0,273,51957,501,NORMAL_STAR,STARTRD000836,SDSS_DR18_SPECTROSCOPY,ZWARNING_0_SCIENCEPRIMARY
307509245866174464,1237654670813036569,158.4359,0.56482449,STAR,A0,0.001061064,1.630962e-05,0,273,51957,504,NORMAL_STAR,STARTRD000837,SDSS_DR18_SPECTROSCOPY,ZWARNING_0_SCIENCEPRIMARY
307509795621988352,1237654670812971179,158.38725,0.53001536,STAR,A0,0.0002866423,4.426374e-05,0,273,51957,506,NORMAL_STAR,STARTRD000838,SDSS_DR18_SPECTROSCOPY,ZWARNING_0_SCIENCEPRIMARY
307514468546406400,1237651752390164526,158.18047,1.0419894,STAR,A0,-0.0002876279,6.949987e-06,0,273,51957,523,NORMAL_STAR,STARTRD000839,SDSS_DR18_SPECTROSCOPY,ZWARNING_0_SCIENCEPRIMARY
307514743424313344,1237648722831868017,158.30218,1.1207954,STAR,A0,0.0002798447,6.669564e-05,0,273,51957,524,NORMAL_STAR,STARTRD000840,SDSS_DR18_SPECTROSCOPY,ZWARNING_0_SCIENCEPRIMARY
307516942447568896,1237648722294931610,158.21839,0.73909099,STAR,A0,6.82246e-05,4.253106e-05,0,273,51957,532,NORMAL_STAR,STARTRD000841,SDSS_DR18_SPECTROSCOPY,ZWARNING_0_SCIENCEPRIMARY
307517217325475840,1237651752390164564,158.13105,0.97467068,STAR,A0,0.0006278482,4.411484e-05,0,273,51957,533,NORMAL_STAR,STARTRD000842,SDSS_DR18_SPECTROSCOPY,ZWARNING_0_SCIENCEPRIMARY
307518041959196672,0,158.33104,0.8888829,STAR,K1,3.190494e-05,6.59716e-06,0,273,51957,536,NORMAL_STAR,STARTRD000843,SDSS_DR18_SPECTROSCOPY,ZWARNING_0_SCIENCEPRIMARY
307519691226638336,1237654670813102165,158.65123,0.47073924,STAR,A0,0.0007962735,2.543322e-05,0,273,51957,542,NORMAL_STAR,STARTRD000844,SDSS_DR18_SPECTROSCOPY,ZWARNING_0_SCIENCEPRIMARY
307525188784777216,1237651752390361275,158.59034,1.0452611,STAR,M3,1.72398e-05,4.732095e-05,0,273,51957,562,NORMAL_STAR,STARTRD000845,SDSS_DR18_SPECTROSCOPY,ZWARNING_0_SCIENCEPRIMARY
307528487319660544,1237648722295062633,158.50758,0.80329615,STAR,A0,-2.80691e-06,1.371289e-05,0,273,51957,574,NORMAL_STAR,STARTRD000846,SDSS_DR18_SPECTROSCOPY,ZWARNING_0_SCIENCEPRIMARY
307532610488264704,1237648721758388525,158.99202,0.2940101,STAR,F2,9.681891e-05,2.340889e-05,0,273,51957,589,NORMAL_STAR,STARTRD000847,SDSS_DR18_SPECTROSCOPY,ZWARNING_0_SCIENCEPRIMARY
307534534633613312,1237648721758323027,158.80328,0.3267077,STAR,A0,0.0001323612,2.679428e-05,0,273,51957,596,NORMAL_STAR,STARTRD000848,SDSS_DR18_SPECTROSCOPY,ZWARNING_0_SCIENCEPRIMARY
307537558290589696,1237654671350038627,158.72795,0.97017738,STAR,A0,0.0008300918,2.419066e-05,0,273,51957,607,NORMAL_STAR,STARTRD000849,SDSS_DR18_SPECTROSCOPY,ZWARNING_0_SCIENCEPRIMARY
307539207558031360,1237648722295259148,158.90247,0.68802812,STAR,F5,0.0003574246,1.206045e-05,0,273,51957,613,NORMAL_STAR,STARTRD000850,SDSS_DR18_SPECTROSCOPY,ZWARNING_0_SCIENCEPRIMARY
307546354383611904,1237654670276558877,159.31444,0.10789235,STAR,A0,-2.774213e-05,1.089071e-05,0,273,51957,639,NORMAL_STAR,STARTRD000851,SDSS_DR18_SPECTROSCOPY,ZWARNING_0_SCIENCEPRIMARY
308509250953439232,1237654669203210947,160.29229,-0.7586184,STAR,M3,0.0004848106,6.906054e-05,0,274,51913,46,NORMAL_STAR,STARTRD000852,SDSS_DR18_SPECTROSCOPY,ZWARNING_0_SCIENCEPRIMARY
308509525831346176,1237654669203341319,160.49545,-0.68513941,STAR,G0,0.0003900467,9.431301e-06,0,274,51913,47,NORMAL_STAR,STARTRD000853,SDSS_DR18_SPECTROSCOPY,ZWARNING_0_SCIENCEPRIMARY
308511724854601728,1237654668666404896,160.36294,-1.0551706,STAR,A0,0.0005643345,5.427805e-06,0,274,51913,55,NORMAL_STAR,STARTRD000854,SDSS_DR18_SPECTROSCOPY,ZWARNING_0_SCIENCEPRIMARY
308514198755764224,1237654669203472388,160.7916,-0.6391045,STAR,F2,6.622531e-05,1.077928e-05,0,274,51913,64,NORMAL_STAR,STARTRD000855,SDSS_DR18_SPECTROSCOPY,ZWARNING_0_SCIENCEPRIMARY
308521620459251712,1237654669203079215,159.98624,-0.75477885,STAR,K7,-2.411012e-05,9.291446e-06,0,274,51913,91,NORMAL_STAR,STARTRD000856,SDSS_DR18_SPECTROSCOPY,ZWARNING_0_SCIENCEPRIMARY
308524369238321152,1237654669740212263,160.57541,-0.37040509,STAR,M1,0.0001853075,1.733964e-05,0,274,51913,101,NORMAL_STAR,STARTRD000857,SDSS_DR18_SPECTROSCOPY,ZWARNING_0_SCIENCEPRIMARY
308532340697622528,1237648720148168875,159.86004,-1.0215766,STAR,F9,-0.0002425783,8.484403e-06,0,274,51913,130,NORMAL_STAR,STARTRD000858,SDSS_DR18_SPECTROSCOPY,ZWARNING_0_SCIENCEPRIMARY
308541686546458624,1237648720685170714,160.14422,-0.48934308,STAR,F2,0.0001067668,1.126521e-05,0,274,51913,164,NORMAL_STAR,STARTRD000859,SDSS_DR18_SPECTROSCOPY,ZWARNING_0_SCIENCEPRIMARY
308561477755758592,1237648721221845071,159.7671,-0.12989191,STAR,G2,0.00023589,9.056742e-06,0,274,51913,236,NORMAL_STAR,STARTRD000860,SDSS_DR18_SPECTROSCOPY,ZWARNING_0_SCIENCEPRIMARY
308570823604594688,1237654669739688010,159.40951,-0.39134672,STAR,K7,-5.532447e-05,8.77966e-06,0,274,51913,270,NORMAL_STAR,STARTRD000861,SDSS_DR18_SPECTROSCOPY,ZWARNING_0_SCIENCEPRIMARY
308574122139478016,1237648720147906676,159.26155,-1.0467336,STAR,F5,0.0001712706,8.035334e-06,0,274,51913,282,NORMAL_STAR,STARTRD000862,SDSS_DR18_SPECTROSCOPY,ZWARNING_0_SCIENCEPRIMARY
308574671895291904,1237654668665815184,159.09844,-1.0948778,STAR,A0,0.001114639,3.15387e-05,0,274,51913,284,NORMAL_STAR,STARTRD000863,SDSS_DR18_SPECTROSCOPY,ZWARNING_0_SCIENCEPRIMARY
308580169453430784,1237654669202489404,158.67499,-0.64885941,STAR,G2,0.0002291757,7.95108e-06,0,274,51913,304,NORMAL_STAR,STARTRD000864,SDSS_DR18_SPECTROSCOPY,ZWARNING_0_SCIENCEPRIMARY
308592813837150208,1237648722295259145,158.89146,0.82083055,STAR,F5,0.0002985956,1.149898e-05,0,274,51913,350,NORMAL_STAR,STARTRD000865,SDSS_DR18_SPECTROSCOPY,ZWARNING_0_SCIENCEPRIMARY
308594463104591872,1237648721758519338,159.27889,0.27089999,STAR,G2,-4.373598e-05,7.81173e-06,0,274,51913,356,NORMAL_STAR,STARTRD000866,SDSS_DR18_SPECTROSCOPY,ZWARNING_0_SCIENCEPRIMARY
308595287738312704,1237654670813298803,159.02711,0.43308577,STAR,F9,-0.0004647541,1.061761e-05,0,274,51913,359,NORMAL_STAR,STARTRD000867,SDSS_DR18_SPECTROSCOPY,ZWARNING_0_SCIENCEPRIMARY
308595562616219648,1237648722295390377,159.32242,0.6667663,STAR,A0,0.0004108995,3.321193e-05,0,274,51913,360,NORMAL_STAR,STARTRD000868,SDSS_DR18_SPECTROSCOPY,ZWARNING_0_SCIENCEPRIMARY
308599410906916864,1237654671350300704,159.37033,0.9549642,STAR,G0,0.0001634962,8.289816e-06,0,274,51913,374,NORMAL_STAR,STARTRD000869,SDSS_DR18_SPECTROSCOPY,ZWARNING_0_SCIENCEPRIMARY
308605733098776576,1237654671350431859,159.64189,0.84741681,STAR,A0,-0.0001454253,3.424206e-05,0,274,51913,397,NORMAL_STAR,STARTRD000870,SDSS_DR18_SPECTROSCOPY,ZWARNING_0_SCIENCEPRIMARY
308612605046450176,1237654670813691951,159.95679,0.52669989,STAR,G2,0.000230163,8.813226e-06,0,274,51913,422,NORMAL_STAR,STARTRD000871,SDSS_DR18_SPECTROSCOPY,ZWARNING_0_SCIENCEPRIMARY
308616178459240448,1237648722295652498,159.81525,0.66594401,STAR,F5,0.000691875,6.119278e-05,0,274,51913,435,NORMAL_STAR,STARTRD000872,SDSS_DR18_SPECTROSCOPY,ZWARNING_0_SCIENCEPRIMARY
308624974552262656,1237648721758912682,160.13887,0.26191101,STAR,M0,0.0002337067,8.054836e-06,0,274,51913,467,NORMAL_STAR,STARTRD000873,SDSS_DR18_SPECTROSCOPY,ZWARNING_0_SCIENCEPRIMARY
308627173575518208,1237654670813757499,160.12027,0.58266446,STAR,M0,0.0001994025,9.477135e-06,0,274,51913,475,NORMAL_STAR,STARTRD000874,SDSS_DR18_SPECTROSCOPY,ZWARNING_0_SCIENCEPRIMARY
308631571622029312,1237654670276952080,160.20329,0.096851916,STAR,F5,-6.53915e-05,9.174682e-06,0,274,51913,491,NORMAL_STAR,STARTRD000875,SDSS_DR18_SPECTROSCOPY,ZWARNING_0_SCIENCEPRIMARY
308633770645284864,1237648721758978154,160.22881,0.39006045,STAR,K5,0.0002121614,1.087914e-05,0,274,51913,499,NORMAL_STAR,STARTRD000876,SDSS_DR18_SPECTROSCOPY,ZWARNING_0_SCIENCEPRIMARY
308635419912726528,1237648722295849013,160.36774,0.78062633,STAR,A0,0.0006222444,1.212657e-05,0,274,51913,505,NORMAL_STAR,STARTRD000877,SDSS_DR18_SPECTROSCOPY,ZWARNING_0_SCIENCEPRIMARY
308642841616214016,1237648722832719886,160.2655,1.2445884,STAR,F5,0.0001628912,8.050822e-06,0,274,51913,532,NORMAL_STAR,STARTRD000878,SDSS_DR18_SPECTROSCOPY,ZWARNING_0_SCIENCEPRIMARY
308652737220864000,1237648722832785420,160.38447,1.141918,STAR,K5,0.0001550601,9.011561e-06,0,274,51913,568,NORMAL_STAR,STARTRD000879,SDSS_DR18_SPECTROSCOPY,ZWARNING_0_SCIENCEPRIMARY
308668680139466752,1237648722296111352,160.94876,0.75241255,STAR,K1,-8.42123e-05,8.601112e-06,0,274,51913,626,NORMAL_STAR,STARTRD000880,SDSS_DR18_SPECTROSCOPY,ZWARNING_0_SCIENCEPRIMARY
309634051298322432,1237654668667191412,162.1492,-1.0535091,STAR,G2,0.0003140794,3.077334e-05,0,275,51910,42,NORMAL_STAR,STARTRD000881,SDSS_DR18_SPECTROSCOPY,ZWARNING_0_SCIENCEPRIMARY
309635700565764096,1237654668667191426,162.18006,-1.0520082,STAR,F5,0.0005653448,2.81142e-05,0,275,51910,48,NORMAL_STAR,STARTRD000882,SDSS_DR18_SPECTROSCOPY,ZWARNING_0_SCIENCEPRIMARY
309642297635530752,1237648721223090217,162.50801,-0.10340415,STAR,F5,0.00018669,1.310786e-05,0,275,51910,72,NORMAL_STAR,STARTRD000883,SDSS_DR18_SPECTROSCOPY,ZWARNING_0_SCIENCEPRIMARY
309644221780879360,1237648721223090261,162.54538,-0.11877666,STAR,F5,0.0006612261,1.561719e-05,0,275,51910,79,NORMAL_STAR,STARTRD000884,SDSS_DR18_SPECTROSCOPY,ZWARNING_0_SCIENCEPRIMARY
309654667141343232,1237674650457800895,162.30576,0.067733806,STAR,F2,0.0006253539,1.359395e-05,0,275,51910,117,NORMAL_STAR,STARTRD000885,SDSS_DR18_SPECTROSCOPY,ZWARNING_0_SCIENCEPRIMARY
309655766652971008,1237654669203800171,161.64687,-0.83224627,STAR,F5,0.0007440937,1.295491e-05,0,275,51910,121,NORMAL_STAR,STARTRD000886,SDSS_DR18_SPECTROSCOPY,ZWARNING_0_SCIENCEPRIMARY
309659614943668224,1237654669203734615,161.50096,-0.70700927,STAR,F5,4.724936e-05,9.098013e-06,0,275,51910,135,NORMAL_STAR,STARTRD000887,SDSS_DR18_SPECTROSCOPY,ZWARNING_0_SCIENCEPRIMARY
309681330298316800,1237648720148889610,161.43971,-0.9741342,STAR,M4,-3.562616e-05,3.263296e-05,0,275,51910,214,NORMAL_STAR,STARTRD000888,SDSS_DR18_SPECTROSCOPY,ZWARNING_0_SCIENCEPRIMARY
309687927368083456,1237648721222566009,161.30324,-0.092310023,STAR,M2,5.995927e-05,9.326555e-06,0,275,51910,238,NORMAL_STAR,STARTRD000889,SDSS_DR18_SPECTROSCOPY,ZWARNING_0_SCIENCEPRIMARY
309690401269245952,1237648720148627466,160.86426,-0.98028289,STAR,F2,-0.0002170395,8.788289e-06,0,275,51910,247,NORMAL_STAR,STARTRD000890,SDSS_DR18_SPECTROSCOPY,ZWARNING_0_SCIENCEPRIMARY
309696173705291776,1237648720685563944,160.99532,-0.47853899,STAR,G0,6.10283e-05,1.082817e-05,0,275,51910,268,NORMAL_STAR,STARTRD000891,SDSS_DR18_SPECTROSCOPY,ZWARNING_0_SCIENCEPRIMARY
309697273216919552,1237654670277149493,160.71367,0.072842565,STAR,M8,3.934705e-05,4.622095e-05,0,275,51910,272,NORMAL_STAR,STARTRD000892,SDSS_DR18_SPECTROSCOPY,ZWARNING_0_SCIENCEPRIMARY
309704694920407040,1237654669203210536,160.29026,-0.75533448,STAR,F9,7.951858e-05,1.359491e-05,0,275,51910,299,NORMAL_STAR,STARTRD000893,SDSS_DR18_SPECTROSCOPY,ZWARNING_0_SCIENCEPRIMARY
309707168821569536,1237648721222238918,160.58211,-0.14014307,STAR,M0,-5.502226e-05,4.69152e-05,0,275,51910,308,NORMAL_STAR,STARTRD000894,SDSS_DR18_SPECTROSCOPY,ZWARNING_0_SCIENCEPRIMARY
309711841745987584,1237651752391213210,160.59926,1.0356062,STAR,F5,0.0003393554,2.129634e-05,0,275,51910,325,NORMAL_STAR,STARTRD000895,SDSS_DR18_SPECTROSCOPY,ZWARNING_0_SCIENCEPRIMARY
309715140280870912,1237648722832982331,160.8353,1.0776131,STAR,M2V,0.0005669235,2.275568e-05,0,275,51910,337,NORMAL_STAR,STARTRD000896,SDSS_DR18_SPECTROSCOPY,ZWARNING_0_SCIENCEPRIMARY
309717339304126464,1237648721758912629,160.21413,0.2686448,STAR,A0,0.0001512999,7.124092e-06,0,275,51910,345,NORMAL_STAR,STARTRD000897,SDSS_DR18_SPECTROSCOPY,ZWARNING_0_SCIENCEPRIMARY
309721737350637568,1237648722832982262,160.91454,1.0762572,STAR,A0,0.0008601388,2.068157e-05,0,275,51910,361,NORMAL_STAR,STARTRD000898,SDSS_DR18_SPECTROSCOPY,ZWARNING_0_SCIENCEPRIMARY
309727509786683392,1237654670813888640,160.48149,0.58896729,STAR,A0,0.0006783394,1.229469e-05,0,275,51910,382,NORMAL_STAR,STARTRD000899,SDSS_DR18_SPECTROSCOPY,ZWARNING_0_SCIENCEPRIMARY
309732182711101440,1237648721759240361,160.83969,0.22381158,STAR,F9,0.0003738052,9.680582e-06,0,275,51910,399,NORMAL_STAR,STARTRD000900,SDSS_DR18_SPECTROSCOPY,ZWARNING_0_SCIENCEPRIMARY
309736031001798656,1237654671351021738,161.04519,0.87661692,STAR,A0,0.0008635902,2.70245e-05,0,275,51910,413,NORMAL_STAR,STARTRD000901,SDSS_DR18_SPECTROSCOPY,ZWARNING_0_SCIENCEPRIMARY
309749774897145856,1237648721759436834,161.31435,0.25713116,STAR,F2,-3.347722e-05,9.179851e-06,0,275,51910,463,NORMAL_STAR,STARTRD000902,SDSS_DR18_SPECTROSCOPY,ZWARNING_0_SCIENCEPRIMARY
309756371966912512,1237648721759567898,161.61253,0.30634278,STAR,A0,0.000211516,5.938683e-06,0,275,51910,487,NORMAL_STAR,STARTRD000903,SDSS_DR18_SPECTROSCOPY,ZWARNING_0_SCIENCEPRIMARY
309758021234354176,1237654670814347310,161.51924,0.60491603,STAR,A0,0.0006531103,5.697829e-06,0,275,51910,493,NORMAL_STAR,STARTRD000904,SDSS_DR18_SPECTROSCOPY,ZWARNING_0_SCIENCEPRIMARY
309758845868075008,1237654670814412924,161.62239,0.49131168,STAR,A0,0.0006842613,1.814986e-05,0,275,51910,496,NORMAL_STAR,STARTRD000905,SDSS_DR18_SPECTROSCOPY,ZWARNING_0_SCIENCEPRIMARY
309763518792493056,1237654670814478466,161.7576,0.52245694,STAR,K5,0.0001088934,9.191515e-06,0,275,51910,513,NORMAL_STAR,STARTRD000906,SDSS_DR18_SPECTROSCOPY,ZWARNING_0_SCIENCEPRIMARY
309765992693655552,1237654671351349403,161.77676,0.86222623,STAR,K7,0.0002333385,9.259478e-06,0,275,51910,522,NORMAL_STAR,STARTRD000907,SDSS_DR18_SPECTROSCOPY,ZWARNING_0_SCIENCEPRIMARY
309768466594818048,1237648722833375273,161.8289,1.2361111,STAR,F2,6.930115e-05,1.08452e-05,0,275,51910,531,NORMAL_STAR,STARTRD000908,SDSS_DR18_SPECTROSCOPY,ZWARNING_0_SCIENCEPRIMARY
309770940495980544,1237648722833310158,161.62831,1.0778518,STAR,M5,0.000182628,5.082762e-05,0,275,51910,540,NORMAL_STAR,STARTRD000909,SDSS_DR18_SPECTROSCOPY,ZWARNING_0_SCIENCEPRIMARY
309771490251794432,1237654671351480480,162.0881,0.84392736,STAR,A0,0.0002701314,2.676831e-05,0,275,51910,542,NORMAL_STAR,STARTRD000910,SDSS_DR18_SPECTROSCOPY,ZWARNING_0_SCIENCEPRIMARY
309773139519236096,1237648721759764545,162.13094,0.32272741,STAR,F9,5.917569e-05,9.992498e-06,0,275,51910,548,NORMAL_STAR,STARTRD000911,SDSS_DR18_SPECTROSCOPY,ZWARNING_0_SCIENCEPRIMARY
309798428286674944,1237648721760026835,162.65471,0.37841672,STAR,M5,-0.0001756822,1.738639e-05,0,275,51910,640,NORMAL_STAR,STARTRD000912,SDSS_DR18_SPECTROSCOPY,ZWARNING_0_SCIENCEPRIMARY
310751429973272576,1237648720150004059,164.10519,-0.98670102,STAR,A0,0.0007909887,3.968609e-05,0,276,51909,11,NORMAL_STAR,STARTRD000913,SDSS_DR18_SPECTROSCOPY,ZWARNING_0_SCIENCEPRIMARY
310751704851179520,1237674649384910985,164.17259,-0.72597182,STAR,A0,0.0006919173,1.290448e-05,0,276,51909,12,NORMAL_STAR,STARTRD000914,SDSS_DR18_SPECTROSCOPY,ZWARNING_0_SCIENCEPRIMARY
310757477287225344,1237648721223876839,164.38551,-0.11758569,STAR,F9,0.0001450647,1.07303e-05,0,276,51909,33,NORMAL_STAR,STARTRD000915,SDSS_DR18_SPECTROSCOPY,ZWARNING_0_SCIENCEPRIMARY
310759401432573952,1237674649921847459,164.40165,-0.29609692,STAR,G0,1.847737e-05,8.989168e-06,0,276,51909,40,NORMAL_STAR,STARTRD000916,SDSS_DR18_SPECTROSCOPY,ZWARNING_0_SCIENCEPRIMARY
310760500944201728,1237674649384779924,163.88732,-0.77180398,STAR,A0,0.0004014864,6.936764e-05,0,276,51909,44,NORMAL_STAR,STARTRD000917,SDSS_DR18_SPECTROSCOPY,ZWARNING_0_SCIENCEPRIMARY
310761325577922560,1237674649384779886,163.95283,-0.77088245,STAR,G2,0.000248427,8.174614e-06,0,276,51909,47,NORMAL_STAR,STARTRD000918,SDSS_DR18_SPECTROSCOPY,ZWARNING_0_SCIENCEPRIMARY
310762150211643392,1237648720149938191,163.86121,-0.84138528,STAR,M6,-3.104192e-05,1.758795e-05,0,276,51909,50,NORMAL_STAR,STARTRD000919,SDSS_DR18_SPECTROSCOPY,ZWARNING_0_SCIENCEPRIMARY
310773145327921152,1237648720149807161,163.59294,-0.90622619,STAR,K3,-2.909322e-06,7.40018e-06,0,276,51909,90,NORMAL_STAR,STARTRD000920,SDSS_DR18_SPECTROSCOPY,ZWARNING_0_SCIENCEPRIMARY
310776993618618368,1237648720686743667,163.80513,-0.57217542,STAR,F5,0.0009475232,1.333458e-05,0,276,51909,104,NORMAL_STAR,STARTRD000921,SDSS_DR18_SPECTROSCOPY,ZWARNING_0_SCIENCEPRIMARY
310778368008153088,1237648720686743624,163.7131,-0.46996523,STAR,A0,0.0006882805,8.716686e-06,0,276,51909,109,NORMAL_STAR,STARTRD000922,SDSS_DR18_SPECTROSCOPY,ZWARNING_0_SCIENCEPRIMARY
310780017275594752,1237648721223614545,163.75158,-0.13615648,STAR,F5,0.001062651,9.479597e-06,0,276,51909,115,NORMAL_STAR,STARTRD000923,SDSS_DR18_SPECTROSCOPY,ZWARNING_0_SCIENCEPRIMARY
310782216298850304,1237674648847646846,163.26918,-1.137142,STAR,M1,9.074779e-06,1.112523e-05,0,276,51909,123,NORMAL_STAR,STARTRD000924,SDSS_DR18_SPECTROSCOPY,ZWARNING_0_SCIENCEPRIMARY
310791837025593344,1237648721223483596,163.48437,-0.19239848,STAR,A0,0.0005739756,3.259368e-05,0,276,51909,158,NORMAL_STAR,STARTRD000925,SDSS_DR18_SPECTROSCOPY,ZWARNING_0_SCIENCEPRIMARY
310795960194197504,1237674649921388628,163.27656,-0.34693483,STAR,K5,6.723034e-05,8.146364e-06,0,276,51909,173,NORMAL_STAR,STARTRD000926,SDSS_DR18_SPECTROSCOPY,ZWARNING_0_SCIENCEPRIMARY
310802282386057216,0,163.19587,-0.17149766,STAR,M8,3.782247e-05,2.277183e-05,0,276,51909,196,NORMAL_STAR,STARTRD000927,SDSS_DR18_SPECTROSCOPY,ZWARNING_0_SCIENCEPRIMARY
310804756287219712,1237674648847515743,163.05513,-1.0785515,STAR,K3,2.768746e-05,6.291366e-06,0,276,51909,205,NORMAL_STAR,STARTRD000928,SDSS_DR18_SPECTROSCOPY,ZWARNING_0_SCIENCEPRIMARY
310805031165126656,1237674648847515829,163.07272,-1.1024443,STAR,K1,0.0001335367,8.768156e-06,0,276,51909,206,NORMAL_STAR,STARTRD000929,SDSS_DR18_SPECTROSCOPY,ZWARNING_0_SCIENCEPRIMARY
310805306043033600,1237674648847515785,163.02936,-1.1754112,STAR,K3,8.276736e-05,9.710954e-06,0,276,51909,207,NORMAL_STAR,STARTRD000930,SDSS_DR18_SPECTROSCOPY,ZWARNING_0_SCIENCEPRIMARY
310806680432568320,1237648720149610681,163.1627,-0.94347255,STAR,G2,0.0001149775,9.782229e-06,0,276,51909,212,NORMAL_STAR,STARTRD000931,SDSS_DR18_SPECTROSCOPY,ZWARNING_0_SCIENCEPRIMARY
310812727746521088,1237648720686350601,162.90778,-0.49890247,STAR,K7,-1.49972e-05,8.648366e-06,0,276,51909,234,NORMAL_STAR,STARTRD000932,SDSS_DR18_SPECTROSCOPY,ZWARNING_0_SCIENCEPRIMARY
310841315048843264,1237674651531608309,162.40941,0.87976137,STAR,K5,-0.000122927,1.701836e-05,0,276,51909,338,NORMAL_STAR,STARTRD000933,SDSS_DR18_SPECTROSCOPY,ZWARNING_0_SCIENCEPRIMARY
310850660897679360,1237674651531739176,162.67467,0.88554138,STAR,F2,0.0002787977,1.200328e-05,0,276,51909,372,NORMAL_STAR,STARTRD000934,SDSS_DR18_SPECTROSCOPY,ZWARNING_0_SCIENCEPRIMARY
310858907234887680,1237674651531870451,163.02668,0.90937862,STAR,M0,2.589576e-05,1.779958e-05,0,276,51909,402,NORMAL_STAR,STARTRD000935,SDSS_DR18_SPECTROSCOPY,ZWARNING_0_SCIENCEPRIMARY
310860006746515456,1237674651531870387,162.99228,0.88793376,STAR,M3,-0.0001112539,1.745809e-05,0,276,51909,406,NORMAL_STAR,STARTRD000936,SDSS_DR18_SPECTROSCOPY,ZWARNING_0_SCIENCEPRIMARY
310860556502329344,1237674651531870381,162.97825,0.86590657,STAR,K5,-5.960034e-05,7.704784e-06,0,276,51909,408,NORMAL_STAR,STARTRD000937,SDSS_DR18_SPECTROSCOPY,ZWARNING_0_SCIENCEPRIMARY
310861381136050176,1237674651531870326,163.05526,0.91958472,STAR,F5,6.982259e-05,1.167503e-05,0,276,51909,411,NORMAL_STAR,STARTRD000938,SDSS_DR18_SPECTROSCOPY,ZWARNING_0_SCIENCEPRIMARY
310861930891864064,1237648722833834031,162.86271,1.1521278,STAR,A0,0.0007807559,4.650264e-06,0,276,51909,413,NORMAL_STAR,STARTRD000939,SDSS_DR18_SPECTROSCOPY,ZWARNING_0_SCIENCEPRIMARY
310862480647677952,0,163.06089,0.97112309,STAR,F5,-0.0001528769,2.443033e-05,0,276,51909,415,NORMAL_STAR,STARTRD000940,SDSS_DR18_SPECTROSCOPY,ZWARNING_0_SCIENCEPRIMARY
310862755525584896,1237674651531870289,163.01556,0.97625529,STAR,M0,0.0001673682,1.165483e-05,0,276,51909,416,NORMAL_STAR,STARTRD000941,SDSS_DR18_SPECTROSCOPY,ZWARNING_0_SCIENCEPRIMARY
310863855037212672,1237674651531870328,163.05637,0.95054406,STAR,F9,0.0001042712,1.007183e-05,0,276,51909,420,NORMAL_STAR,STARTRD000942,SDSS_DR18_SPECTROSCOPY,ZWARNING_0_SCIENCEPRIMARY
310870177229072384,1237648722833899646,163.06506,1.0703926,STAR,M2,-0.0002313576,3.178512e-05,0,276,51909,443,NORMAL_STAR,STARTRD000943,SDSS_DR18_SPECTROSCOPY,ZWARNING_0_SCIENCEPRIMARY
310871276740700160,1237648722833965187,163.19063,1.2282466,STAR,A0,0.0003633985,3.726718e-05,0,276,51909,447,NORMAL_STAR,STARTRD000944,SDSS_DR18_SPECTROSCOPY,ZWARNING_0_SCIENCEPRIMARY
310872376252327936,1237674651531935813,163.08279,0.83971466,STAR,F9,5.570632e-06,8.128977e-06,0,276,51909,451,NORMAL_STAR,STARTRD000945,SDSS_DR18_SPECTROSCOPY,ZWARNING_0_SCIENCEPRIMARY
310872651130234880,1237674651531935751,163.0932,0.96880015,STAR,G2,0.0002101316,7.922955e-06,0,276,51909,452,NORMAL_STAR,STARTRD000946,SDSS_DR18_SPECTROSCOPY,ZWARNING_0_SCIENCEPRIMARY
310872926008141824,1237674651532001343,163.36648,0.87176665,STAR,F9,7.678021e-05,9.287877e-06,0,276,51909,453,NORMAL_STAR,STARTRD000947,SDSS_DR18_SPECTROSCOPY,ZWARNING_0_SCIENCEPRIMARY
310873475763955712,1237674651531935873,163.08937,0.85806642,STAR,K3,0.001060861,1.37565e-05,0,276,51909,455,NORMAL_STAR,STARTRD000948,SDSS_DR18_SPECTROSCOPY,ZWARNING_0_SCIENCEPRIMARY
310874300397676544,1237674651531935871,163.08935,0.94213278,STAR,K1,0.0001858662,7.77388e-06,0,276,51909,458,NORMAL_STAR,STARTRD000949,SDSS_DR18_SPECTROSCOPY,ZWARNING_0_SCIENCEPRIMARY
310874850153490432,1237674651531935886,163.10556,0.86815031,STAR,F2,0.0002806911,1.13107e-05,0,276,51909,460,NORMAL_STAR,STARTRD000950,SDSS_DR18_SPECTROSCOPY,ZWARNING_0_SCIENCEPRIMARY
310879248200001536,1237674650994999385,163.00934,0.54048627,STAR,M0,0.0004381942,0.00011367,0,276,51909,476,NORMAL_STAR,STARTRD000951,SDSS_DR18_SPECTROSCOPY,ZWARNING_0_SCIENCEPRIMARY
310884196002326528,1237648721760288936,163.26171,0.29368876,STAR,F5,-0.0001593016,4.784768e-05,0,276,51909,494,NORMAL_STAR,STARTRD000952,SDSS_DR18_SPECTROSCOPY,ZWARNING_0_SCIENCEPRIMARY
310890518194186240,1237674650458325190,163.5229,0.058820917,STAR,K1,0.000643102,1.978427e-05,0,276,51909,517,NORMAL_STAR,STARTRD000953,SDSS_DR18_SPECTROSCOPY,ZWARNING_0_SCIENCEPRIMARY
310895465996511232,1237648722297225308,163.45646,0.72958611,STAR,F5,0.0002895729,1.528982e-05,0,276,51909,535,NORMAL_STAR,STARTRD000954,SDSS_DR18_SPECTROSCOPY,ZWARNING_0_SCIENCEPRIMARY
310902612822091776,1237674651532328978,164.02345,0.85701494,STAR,M3,8.906711e-05,2.464973e-05,0,276,51909,561,NORMAL_STAR,STARTRD000955,SDSS_DR18_SPECTROSCOPY,ZWARNING_0_SCIENCEPRIMARY
310903437455812608,1237674651532263549,163.96554,1.0204259,STAR,F9,0.000499865,1.868122e-05,0,276,51909,564,NORMAL_STAR,STARTRD000956,SDSS_DR18_SPECTROSCOPY,ZWARNING_0_SCIENCEPRIMARY
310906735990695936,1237648722834292791,163.8697,1.0867901,STAR,G2,3.311198e-05,1.117407e-05,0,276,51909,576,NORMAL_STAR,STARTRD000957,SDSS_DR18_SPECTROSCOPY,ZWARNING_0_SCIENCEPRIMARY
310908385258137600,1237674650995589148,164.36843,0.55558857,STAR,F2,5.307151e-05,7.533074e-06,0,276,51909,582,NORMAL_STAR,STARTRD000958,SDSS_DR18_SPECTROSCOPY,ZWARNING_0_SCIENCEPRIMARY
310910859159300096,1237648721760813905,164.42736,0.32510967,STAR,M7,0.0001984032,6.427848e-05,0,276,51909,591,NORMAL_STAR,STARTRD000959,SDSS_DR18_SPECTROSCOPY,ZWARNING_0_SCIENCEPRIMARY
310913058182555648,1237648721760813278,164.46828,0.22398423,STAR,A0,0.0007008861,3.909384e-05,0,276,51909,599,NORMAL_STAR,STARTRD000960,SDSS_DR18_SPECTROSCOPY,ZWARNING_0_SCIENCEPRIMARY
310918280862787584,1237648722297618533,164.3792,0.77828294,STAR,F5,0.0002416256,1.195079e-05,0,276,51909,618,NORMAL_STAR,STARTRD000961,SDSS_DR18_SPECTROSCOPY,ZWARNING_0_SCIENCEPRIMARY
310918555740694528,1237648722297683975,164.41576,0.75764454,STAR,F2,-0.0001438042,1.112283e-05,0,276,51909,619,NORMAL_STAR,STARTRD000962,SDSS_DR18_SPECTROSCOPY,ZWARNING_0_SCIENCEPRIMARY
310920205008136192,1237648721760944140,164.74916,0.40929658,STAR,G0,0.0001268155,9.652299e-06,0,276,51909,625,NORMAL_STAR,STARTRD000963,SDSS_DR18_SPECTROSCOPY,ZWARNING_0_SCIENCEPRIMARY
311875680595896320,1237648720150921307,166.1899,-1.0302826,STAR,A0,-0.0002518295,6.755462e-06,0,277,51908,5,NORMAL_STAR,STARTRD000964,SDSS_DR18_SPECTROSCOPY,ZWARNING_0_SCIENCEPRIMARY
311877054985431040,1237674648848826415,165.97221,-1.2120107,STAR,M0,0.0001162055,9.884702e-06,0,277,51908,10,NORMAL_STAR,STARTRD000965,SDSS_DR18_SPECTROSCOPY,ZWARNING_0_SCIENCEPRIMARY
311877329863337984,1237674648848892149,166.19465,-1.0734164,STAR,F5,0.001169342,1.857036e-05,0,277,51908,11,NORMAL_STAR,STARTRD000966,SDSS_DR18_SPECTROSCOPY,ZWARNING_0_SCIENCEPRIMARY
311889699369150464,1237674648848695380,165.70658,-1.1220208,STAR,A0,0.0004024435,9.683348e-06,0,277,51908,56,NORMAL_STAR,STARTRD000967,SDSS_DR18_SPECTROSCOPY,ZWARNING_0_SCIENCEPRIMARY
311893822537754624,1237674649922699746,166.29229,-0.29198888,STAR,M2,0.0002177516,7.050826e-05,0,277,51908,71,NORMAL_STAR,STARTRD000968,SDSS_DR18_SPECTROSCOPY,ZWARNING_0_SCIENCEPRIMARY
311895196927289344,1237674649385697523,166.04396,-0.64859044,STAR,G0,0.0001887084,1.357006e-05,0,277,51908,76,NORMAL_STAR,STARTRD000969,SDSS_DR18_SPECTROSCOPY,ZWARNING_0_SCIENCEPRIMARY
311900419607521280,1237674649385500695,165.50963,-0.80991027,STAR,K7,0.0002588941,1.393548e-05,0,277,51908,95,NORMAL_STAR,STARTRD000970,SDSS_DR18_SPECTROSCOPY,ZWARNING_0_SCIENCEPRIMARY
311901244241242112,1237648720150659220,165.49326,-0.90728755,STAR,A0,0.001119854,4.966934e-05,0,277,51908,98,NORMAL_STAR,STARTRD000971,SDSS_DR18_SPECTROSCOPY,ZWARNING_0_SCIENCEPRIMARY
311907566433101824,1237648720150528151,165.30323,-0.9570523,STAR,F5,-0.0001597975,1.139466e-05,0,277,51908,121,NORMAL_STAR,STARTRD000972,SDSS_DR18_SPECTROSCOPY,ZWARNING_0_SCIENCEPRIMARY
311913063991240704,1237648720687595593,165.72502,-0.5707671,STAR,A0,0.0004759739,1.874884e-05,0,277,51908,141,NORMAL_STAR,STARTRD000973,SDSS_DR18_SPECTROSCOPY,ZWARNING_0_SCIENCEPRIMARY
311913613747054592,1237648721224531977,165.78237,-0.045366985,STAR,A0,6.769891e-05,2.012267e-05,0,277,51908,143,NORMAL_STAR,STARTRD000974,SDSS_DR18_SPECTROSCOPY,ZWARNING_0_SCIENCEPRIMARY
311913888624961536,1237648703495667864,165.81359,-0.65640289,STAR,M3,-2.617539e-05,2.684716e-05,0,277,51908,144,NORMAL_STAR,STARTRD000975,SDSS_DR18_SPECTROSCOPY,ZWARNING_0_SCIENCEPRIMARY
311918561549379584,1237648720687595633,165.62385,-0.55661559,STAR,A0,-7.391172e-05,5.34315e-05,0,277,51908,161,NORMAL_STAR,STARTRD000976,SDSS_DR18_SPECTROSCOPY,ZWARNING_0_SCIENCEPRIMARY
311924608863332352,1237648720687464613,165.37722,-0.52798743,STAR,A0,0.0001997594,4.767754e-05,0,277,51908,183,NORMAL_STAR,STARTRD000977,SDSS_DR18_SPECTROSCOPY,ZWARNING_0_SCIENCEPRIMARY
311925983252867072,1237674649385500708,165.51308,-0.66084446,STAR,F9,2.906769e-05,8.622491e-06,0,277,51908,188,NORMAL_STAR,STARTRD000978,SDSS_DR18_SPECTROSCOPY,ZWARNING_0_SCIENCEPRIMARY
311930931055192064,1237674648848433211,165.09176,-1.1002128,STAR,A0,0.0002458207,1.185176e-05,0,277,51908,206,NORMAL_STAR,STARTRD000979,SDSS_DR18_SPECTROSCOPY,ZWARNING_0_SCIENCEPRIMARY
311931480811005952,1237674648848433237,165.14383,-1.1558327,STAR,F2,0.0002484476,9.794072e-06,0,277,51908,208,NORMAL_STAR,STARTRD000980,SDSS_DR18_SPECTROSCOPY,ZWARNING_0_SCIENCEPRIMARY
311938627636586496,1237674649385369707,165.19289,-0.63638646,STAR,A0,0.0006077061,6.472463e-05,0,277,51908,234,NORMAL_STAR,STARTRD000981,SDSS_DR18_SPECTROSCOPY,ZWARNING_0_SCIENCEPRIMARY
311942475927283712,1237674648848302240,164.8607,-1.0719424,STAR,A0,0.0006882963,3.558234e-05,0,277,51908,248,NORMAL_STAR,STARTRD000982,SDSS_DR18_SPECTROSCOPY,ZWARNING_0_SCIENCEPRIMARY
311944674950539264,1237674648848367730,164.99074,-1.1628828,STAR,A0,0.0008226468,3.871437e-05,0,277,51908,256,NORMAL_STAR,STARTRD000983,SDSS_DR18_SPECTROSCOPY,ZWARNING_0_SCIENCEPRIMARY
311945224706353152,1237674649385238654,164.91413,-0.81000856,STAR,A0,0.0009095123,3.938058e-05,0,277,51908,258,NORMAL_STAR,STARTRD000984,SDSS_DR18_SPECTROSCOPY,ZWARNING_0_SCIENCEPRIMARY
311949622752864256,1237674649922109446,164.88118,-0.39585736,STAR,F5,0.0005510377,1.50972e-05,0,277,51908,274,NORMAL_STAR,STARTRD000985,SDSS_DR18_SPECTROSCOPY,ZWARNING_0_SCIENCEPRIMARY
311950172508678144,1237648720687202335,164.74341,-0.60596878,STAR,F5,0.0001248483,9.243256e-06,0,277,51908,276,NORMAL_STAR,STARTRD000986,SDSS_DR18_SPECTROSCOPY,ZWARNING_0_SCIENCEPRIMARY
311953471043561472,1237674648848040157,164.2525,-1.0926065,STAR,A0,-0.0002485958,3.630874e-05,0,277,51908,288,NORMAL_STAR,STARTRD000987,SDSS_DR18_SPECTROSCOPY,ZWARNING_0_SCIENCEPRIMARY
311957319334258688,1237648720686874655,164.0138,-0.57187823,STAR,F5,0.000655093,1.653042e-05,0,277,51908,302,NORMAL_STAR,STARTRD000988,SDSS_DR18_SPECTROSCOPY,ZWARNING_0_SCIENCEPRIMARY
311957594212165632,1237648721223942323,164.44781,-0.13269439,STAR,F9,0.0003549579,1.572941e-05,0,277,51908,303,NORMAL_STAR,STARTRD000989,SDSS_DR18_SPECTROSCOPY,ZWARNING_0_SCIENCEPRIMARY
311957869090072576,1237674649384976451,164.41831,-0.78338225,STAR,A0,0.0002072095,1.509656e-05,0,277,51908,304,NORMAL_STAR,STARTRD000990,SDSS_DR18_SPECTROSCOPY,ZWARNING_0_SCIENCEPRIMARY
311958968601700352,1237674649921716230,163.98245,-0.40251167,STAR,F9,-0.0002256504,9.750303e-06,0,277,51908,308,NORMAL_STAR,STARTRD000991,SDSS_DR18_SPECTROSCOPY,ZWARNING_0_SCIENCEPRIMARY
311959243479607296,1237648720686809202,163.85487,-0.46702722,STAR,A0,0.0005096729,3.793381e-05,0,277,51908,309,NORMAL_STAR,STARTRD000992,SDSS_DR18_SPECTROSCOPY,ZWARNING_0_SCIENCEPRIMARY
311960342991235072,1237674649384910878,164.16242,-0.65293949,STAR,G0,0.000257865,9.346126e-06,0,277,51908,313,NORMAL_STAR,STARTRD000993,SDSS_DR18_SPECTROSCOPY,ZWARNING_0_SCIENCEPRIMARY
311960892747048960,1237648720687005745,164.28628,-0.4748282,STAR,F5,2.190592e-05,9.482239e-06,0,277,51908,315,NORMAL_STAR,STARTRD000994,SDSS_DR18_SPECTROSCOPY,ZWARNING_0_SCIENCEPRIMARY
311961167624955904,1237674649921781917,164.25915,-0.25863739,STAR,F5,0.0004163441,1.189849e-05,0,277,51908,316,NORMAL_STAR,STARTRD000995,SDSS_DR18_SPECTROSCOPY,ZWARNING_0_SCIENCEPRIMARY
311961992258676736,1237674649921781986,164.16477,-0.38891502,STAR,A0,-0.0001154011,2.395366e-05,0,277,51908,319,NORMAL_STAR,STARTRD000996,SDSS_DR18_SPECTROSCOPY,ZWARNING_0_SCIENCEPRIMARY
311963091770304512,1237674651532328989,164.0388,0.86127494,STAR,A0,0.0004793005,8.761977e-06,0,277,51908,323,NORMAL_STAR,STARTRD000997,SDSS_DR18_SPECTROSCOPY,ZWARNING_0_SCIENCEPRIMARY
311963641526118400,1237648722834620495,164.58128,1.1123557,STAR,A0,0.0006134459,4.651113e-05,0,277,51908,325,NORMAL_STAR,STARTRD000998,SDSS_DR18_SPECTROSCOPY,ZWARNING_0_SCIENCEPRIMARY
311966115427280896,1237648722297487589,164.10381,0.77061352,STAR,A0,0.0004667305,5.471178e-05,0,277,51908,334,NORMAL_STAR,STARTRD000999,SDSS_DR18_SPECTROSCOPY,ZWARNING_0_SCIENCEPRIMARY
311969688840071168,1237674650458849297,164.579,0.004881332,STAR,A0,0.0008286923,9.84112e-06,0,277,51908,347,NORMAL_STAR,STARTRD001000,SDSS_DR18_SPECTROSCOPY,ZWARNING_0_SCIENCEPRIMARY
