benchmark_id,ra,dec,truth_class,truth_subclass,z,r_mag,r_bin,desi_targetid,desi_program,truth_source,truth_quality
DESI000001,5.035697014412,29.127848123504,STAR,K,-0.000307632036,18.571024864815378,18-20,39628462381599570,bright,DESI_DR1_V161,ZWARN0_DELTACHI2_GT25_ZCAT_PRIMARY
DESI000002,5.094906421267,4.283661967214,STAR,F,-0.000229883615,18.161190375794767,18-20,39627887455767055,dark,DESI_DR1_V161,ZWARN0_DELTACHI2_GT25_ZCAT_PRIMARY
DESI000003,5.091035730545,11.749942379143,STAR,F,0.000211579814,18.745418421976307,18-20,39628066984563651,bright,DESI_DR1_V161,ZWARN0_DELTACHI2_GT25_ZCAT_PRIMARY
DESI000004,5.104055519755,28.104565274943,STAR,K,-0.000326355341,18.022908359225674,18-20,39628435802292553,bright,DESI_DR1_V161,ZWARN0_DELTACHI2_GT25_ZCAT_PRIMARY
DESI000005,5.118440975992,2.31451271122,STAR,K,-9.81737366e-06,19.45372688200267,18-20,39627839170940785,bright,DESI_DR1_V161,ZWARN0_DELTACHI2_GT25_ZCAT_PRIMARY
DESI000006,5.058818286406,10.386629392058,STAR,K,3.11709994e-05,18.34510643439387,18-20,39628037305668204,bright,DESI_DR1_V161,ZWARN0_DELTACHI2_GT25_ZCAT_PRIMARY
DESI000007,5.048658086142,17.718753262789,STAR,G,-0.000653507931,18.47626743388812,18-20,39628207351137813,dark,DESI_DR1_V161,ZWARN0_DELTACHI2_GT25_ZCAT_PRIMARY
DESI000008,5.088463748399,10.912576693147,STAR,K,8.84046397e-05,18.592356841121507,18-20,39628049196515405,bright,DESI_DR1_V161,ZWARN0_DELTACHI2_GT25_ZCAT_PRIMARY
DESI000009,5.091881097858,10.766882123605,STAR,F,-0.000658406889,19.186708670318026,18-20,39628043257381036,bright,DESI_DR1_V161,ZWARN0_DELTACHI2_GT25_ZCAT_PRIMARY
DESI000010,5.007629644205,26.958972372238,STAR,M,-6.42331333e-05,19.189757070780963,18-20,39628414306488494,bright,DESI_DR1_V161,ZWARN0_DELTACHI2_GT25_ZCAT_PRIMARY
DESI000011,5.132863735137,28.036526875167,STAR,M,-2.49497763e-05,18.307696970716734,18-20,39628435802293035,bright,DESI_DR1_V161,ZWARN0_DELTACHI2_GT25_ZCAT_PRIMARY
DESI000012,5.014649881905,28.763957771643,STAR,F,-0.000727996331,18.235477513570935,18-20,39628451786788256,bright,DESI_DR1_V161,ZWARN0_DELTACHI2_GT25_ZCAT_PRIMARY
DESI000013,5.034603438049,19.963543390463,STAR,F,-0.00018756983,18.255281843744065,18-20,39628258911719277,dark,DESI_DR1_V161,ZWARN0_DELTACHI2_GT25_ZCAT_PRIMARY
DESI000014,5.015552702675,3.056701941466,STAR,M,-0.000180009082,18.767809303696588,18-20,39627857290330650,bright,DESI_DR1_V161,ZWARN0_DELTACHI2_GT25_ZCAT_PRIMARY
DESI000015,5.016633208227,26.740288297189,STAR,K,-0.000204861503,18.241500691934725,18-20,39628408904224935,bright,DESI_DR1_V161,ZWARN0_DELTACHI2_GT25_ZCAT_PRIMARY
DESI000016,5.110407230558,5.196986552011,STAR,K,-0.000341136399,18.963820125926745,18-20,39627911556237544,bright,DESI_DR1_V161,ZWARN0_DELTACHI2_GT25_ZCAT_PRIMARY
DESI000017,5.025266493175,-5.350862662894,STAR,F,-0.000389070712,18.776510195682178,18-20,39627658086056388,dark,DESI_DR1_V161,ZWARN0_DELTACHI2_GT25_ZCAT_PRIMARY
DESI000018,5.008541300307,11.02699714887,STAR,K,-0.000271785848,18.2861987362863,18-20,39628049192324199,bright,DESI_DR1_V161,ZWARN0_DELTACHI2_GT25_ZCAT_PRIMARY
DESI000019,5.098190208221,4.133374982763,STAR,K,4.67413808e-05,19.01953311678234,18-20,39627887455767140,bright,DESI_DR1_V161,ZWARN0_DELTACHI2_GT25_ZCAT_PRIMARY
DESI000020,5.061556224365,-3.860685207305,STAR,K,0.000158429374,18.294445459950957,18-20,39627694240958095,bright,DESI_DR1_V161,ZWARN0_DELTACHI2_GT25_ZCAT_PRIMARY
DESI000021,5.0627051687,19.861632932978,STAR,K,-0.000728751647,18.369667104484254,18-20,39628253220045238,bright,DESI_DR1_V161,ZWARN0_DELTACHI2_GT25_ZCAT_PRIMARY
DESI000022,5.089680994301,23.180086705473,STAR,K,5.32366822e-05,18.439147770447523,18-20,39628332068769636,bright,DESI_DR1_V161,ZWARN0_DELTACHI2_GT25_ZCAT_PRIMARY
DESI000023,5.016439357951,4.713366364213,STAR,M,0.000224420585,19.00786771742294,18-20,39627899510194280,bright,DESI_DR1_V161,ZWARN0_DELTACHI2_GT25_ZCAT_PRIMARY
DESI000024,5.016664425288,-0.499995112433,STAR,F,-0.000233381339,18.7342787308299,18-20,39627772733162059,dark,DESI_DR1_V161,ZWARN0_DELTACHI2_GT25_ZCAT_PRIMARY
DESI000025,5.085326406616,9.719353560357,STAR,M,-0.000173178912,19.07321777647558,18-20,39628019450511678,bright,DESI_DR1_V161,ZWARN0_DELTACHI2_GT25_ZCAT_PRIMARY
DESI000026,5.058929998695,-0.827464814327,STAR,G,5.29606923e-05,18.39165458606763,18-20,39627766693365826,dark,DESI_DR1_V161,ZWARN0_DELTACHI2_GT25_ZCAT_PRIMARY
DESI000027,5.121340320939,19.368257569599,STAR,K,-0.000571247038,19.64986178476269,18-20,39628241803151253,dark,DESI_DR1_V161,ZWARN0_DELTACHI2_GT25_ZCAT_PRIMARY
DESI000028,5.029693220965,4.23652878229,STAR,K,-0.000105593179,18.173225954760852,18-20,39627887455765114,bright,DESI_DR1_V161,ZWARN0_DELTACHI2_GT25_ZCAT_PRIMARY
DESI000029,5.047976031218,29.266752873008,STAR,K,-0.000109109846,18.5446739134284,18-20,39628462381599719,bright,DESI_DR1_V161,ZWARN0_DELTACHI2_GT25_ZCAT_PRIMARY
DESI000030,5.041503520667,12.704719933139,STAR,M,-9.58080454e-05,18.79665862442672,18-20,39628090632047477,bright,DESI_DR1_V161,ZWARN0_DELTACHI2_GT25_ZCAT_PRIMARY
DESI000031,5.082173539119,5.601647759829,STAR,G,-0.000956836455,19.021709321181035,18-20,39627917579257335,bright,DESI_DR1_V161,ZWARN0_DELTACHI2_GT25_ZCAT_PRIMARY
DESI000032,5.012560293929,27.811594476223,STAR,G,-0.000374722926,19.679987839907852,18-20,39628430446169626,bright,DESI_DR1_V161,ZWARN0_DELTACHI2_GT25_ZCAT_PRIMARY
DESI000033,5.008805398016,-3.153536093203,STAR,K,-7.13609788e-05,18.180860212115377,18-20,39627706303774808,bright,DESI_DR1_V161,ZWARN0_DELTACHI2_GT25_ZCAT_PRIMARY
DESI000034,5.035174409708,29.193614576627,STAR,K,-0.000362159446,18.587849768621165,18-20,39628462381599563,bright,DESI_DR1_V161,ZWARN0_DELTACHI2_GT25_ZCAT_PRIMARY
DESI000035,5.090672798605,2.678694401772,STAR,M,-3.69535331e-05,18.950940729204806,18-20,39627851250535334,bright,DESI_DR1_V161,ZWARN0_DELTACHI2_GT25_ZCAT_PRIMARY
DESI000036,5.085007320462,-0.532760556095,STAR,G,0.000163311049,19.86666032696894,18-20,39627772733164336,dark,DESI_DR1_V161,ZWARN0_DELTACHI2_GT25_ZCAT_PRIMARY
DESI000037,5.052259167176,23.900871545289,STAR,F,-0.0005928268,18.5499982760274,18-20,39628348711766730,dark,DESI_DR1_V161,ZWARN0_DELTACHI2_GT25_ZCAT_PRIMARY
DESI000038,5.119930595729,2.885657048627,STAR,K,0.000109031844,19.170071012511908,18-20,39627857290333518,bright,DESI_DR1_V161,ZWARN0_DELTACHI2_GT25_ZCAT_PRIMARY
DESI000039,5.054487357765,6.276966340071,STAR,M,-3.90349979e-05,19.609210274677288,18-20,39627935623152198,dark,DESI_DR1_V161,ZWARN0_DELTACHI2_GT25_ZCAT_PRIMARY
DESI000040,5.076567035341,8.944185231142,STAR,K,6.12841283e-05,18.061622056808655,18-20,39628001549222258,bright,DESI_DR1_V161,ZWARN0_DELTACHI2_GT25_ZCAT_PRIMARY
DESI000041,5.013962527066,23.713235029977,STAR,K,-0.000486027217,18.869625035592822,18-20,39628343175284645,bright,DESI_DR1_V161,ZWARN0_DELTACHI2_GT25_ZCAT_PRIMARY
DESI000042,5.043900531474,29.211666910418,STAR,K,-0.000168644484,18.174233621132224,18-20,39628462381599668,bright,DESI_DR1_V161,ZWARN0_DELTACHI2_GT25_ZCAT_PRIMARY
DESI000043,5.030692337697,2.48134790111,STAR,M,5.43039186e-06,18.636645600854706,18-20,39627845210735683,bright,DESI_DR1_V161,ZWARN0_DELTACHI2_GT25_ZCAT_PRIMARY
DESI000044,5.074735727936,29.432388770383,STAR,G,-0.000301357927,18.234225634031446,18-20,39628467658034771,bright,DESI_DR1_V161,ZWARN0_DELTACHI2_GT25_ZCAT_PRIMARY
DESI000045,5.0748083851,29.313060761926,STAR,K,-7.85379634e-05,18.26677330722807,18-20,39628462381600148,bright,DESI_DR1_V161,ZWARN0_DELTACHI2_GT25_ZCAT_PRIMARY
DESI000046,5.008344514402,7.482529920359,STAR,K,9.98927585e-05,18.444198076030503,18-20,39627965633401198,bright,DESI_DR1_V161,ZWARN0_DELTACHI2_GT25_ZCAT_PRIMARY
DESI000047,5.017567324933,2.387502673824,STAR,M,-5.04857988e-05,18.762037948743252,18-20,39627845210735241,bright,DESI_DR1_V161,ZWARN0_DELTACHI2_GT25_ZCAT_PRIMARY
DESI000048,5.103768074938,23.771351357023,STAR,K,-4.98506488e-05,18.88167459008408,18-20,39628343175286300,bright,DESI_DR1_V161,ZWARN0_DELTACHI2_GT25_ZCAT_PRIMARY
DESI000049,5.014628960766,7.858235773871,STAR,WD,4.17480132e-05,19.58814410936319,18-20,39627971631256721,bright,DESI_DR1_V161,ZWARN0_DELTACHI2_GT25_ZCAT_PRIMARY
DESI000050,5.126893556279,3.903049927333,STAR,G,-0.000625132834,18.50192761096979,18-20,39627881424359092,bright,DESI_DR1_V161,ZWARN0_DELTACHI2_GT25_ZCAT_PRIMARY
DESI000051,35.029910515988,0.104471564881,STAR,G,-0.00050760367,18.989215950507187,18-20,39627785316074745,bright,DESI_DR1_V161,ZWARN0_DELTACHI2_GT25_ZCAT_PRIMARY
DESI000052,35.033070467713,1.578899773974,STAR,M,4.94621059e-05,18.97461812544483,18-20,39627821554861349,bright,DESI_DR1_V161,ZWARN0_DELTACHI2_GT25_ZCAT_PRIMARY
DESI000053,35.03287150931,12.346116406036,STAR,G,-0.000869922829,18.79551229758286,18-20,39628079315812459,dark,DESI_DR1_V161,ZWARN0_DELTACHI2_GT25_ZCAT_PRIMARY
DESI000054,35.003939796479,-2.948148293085,STAR,M,2.80338772e-05,18.095343840210738,18-20,39627712838500457,bright,DESI_DR1_V161,ZWARN0_DELTACHI2_GT25_ZCAT_PRIMARY
DESI000055,35.049163839014,3.059250936586,STAR,K,-0.000127097422,18.554875450483717,18-20,39627857793648299,bright,DESI_DR1_V161,ZWARN0_DELTACHI2_GT25_ZCAT_PRIMARY
DESI000056,35.009506211898,-6.14046247365,STAR,M,6.08441693e-05,19.210304945396295,18-20,39627634535041064,bright,DESI_DR1_V161,ZWARN0_DELTACHI2_GT25_ZCAT_PRIMARY
DESI000057,35.008711323221,30.217929561328,STAR,K,-8.36526156e-05,18.839666994234573,18-20,39628483856434029,bright,DESI_DR1_V161,ZWARN0_DELTACHI2_GT25_ZCAT_PRIMARY
DESI000058,35.02496542598,6.987702204203,STAR,K,0.000153646291,18.810531570063397,18-20,39627954141004365,bright,DESI_DR1_V161,ZWARN0_DELTACHI2_GT25_ZCAT_PRIMARY
DESI000059,35.030967389427,-5.474740881432,STAR,K,0.000219525423,18.882081656117908,18-20,39627652570551018,bright,DESI_DR1_V161,ZWARN0_DELTACHI2_GT25_ZCAT_PRIMARY
DESI000060,35.05940081526,8.127421176808,STAR,G,-0.000719501928,18.110469065684285,18-20,39627984109310279,dark,DESI_DR1_V161,ZWARN0_DELTACHI2_GT25_ZCAT_PRIMARY
DESI000061,35.008726990084,-1.524691299545,STAR,F,0.000206475273,18.790251163935466,18-20,39627749077287307,bright,DESI_DR1_V161,ZWARN0_DELTACHI2_GT25_ZCAT_PRIMARY
DESI000062,35.020736776061,-7.230005911128,STAR,K,1.09603179e-05,19.132636691040936,18-20,39627610526843786,bright,DESI_DR1_V161,ZWARN0_DELTACHI2_GT25_ZCAT_PRIMARY
DESI000063,35.0513144051,23.231646346702,STAR,M,-3.8533711e-05,18.811341418542035,18-20,39628332534333922,bright,DESI_DR1_V161,ZWARN0_DELTACHI2_GT25_ZCAT_PRIMARY
DESI000064,35.064798365444,-0.800471207562,STAR,K,3.36678265e-05,18.10826142528688,18-20,39627767196682801,bright,DESI_DR1_V161,ZWARN0_DELTACHI2_GT25_ZCAT_PRIMARY
DESI000065,35.005718736527,9.874357691427,STAR,K,2.08535884e-05,18.23091916157663,18-20,39628019945439597,bright,DESI_DR1_V161,ZWARN0_DELTACHI2_GT25_ZCAT_PRIMARY
DESI000066,35.061531076241,20.991178197653,STAR,G,-0.000153335823,18.468217797883856,18-20,39628282068468175,dark,DESI_DR1_V161,ZWARN0_DELTACHI2_GT25_ZCAT_PRIMARY
DESI000067,35.031305770931,9.586961738709,STAR,G,5.92134393e-05,18.111097922324948,18-20,39628013981140514,dark,DESI_DR1_V161,ZWARN0_DELTACHI2_GT25_ZCAT_PRIMARY
DESI000068,35.051469334469,12.406734642579,STAR,K,-6.82117601e-05,18.108067519718823,18-20,39628085221392754,bright,DESI_DR1_V161,ZWARN0_DELTACHI2_GT25_ZCAT_PRIMARY
DESI000069,35.020773163316,30.968220901352,STAR,K,-4.83003533e-05,18.864695104010607,18-20,39628499496994192,bright,DESI_DR1_V161,ZWARN0_DELTACHI2_GT25_ZCAT_PRIMARY
DESI000070,35.062033708594,-0.616482328799,STAR,K,0.000248539917,18.342206520193724,18-20,39627773236480225,bright,DESI_DR1_V161,ZWARN0_DELTACHI2_GT25_ZCAT_PRIMARY
DESI000071,35.037303936277,0.562149038444,STAR,M,-1.37718916e-05,18.36639222207706,18-20,39627797395670404,bright,DESI_DR1_V161,ZWARN0_DELTACHI2_GT25_ZCAT_PRIMARY
DESI000072,35.018611567928,-3.036047426255,STAR,G,-0.000208017822,18.747009394932277,18-20,39627712838500746,bright,DESI_DR1_V161,ZWARN0_DELTACHI2_GT25_ZCAT_PRIMARY
DESI000073,35.001983733941,21.32353077212,STAR,F,-0.00104265737,18.811533982617668,18-20,39628287709810157,bright,DESI_DR1_V161,ZWARN0_DELTACHI2_GT25_ZCAT_PRIMARY
DESI000074,35.058482816661,0.947590537153,STAR,G,3.21911477e-05,18.69479620520157,18-20,39627809475266609,bright,DESI_DR1_V161,ZWARN0_DELTACHI2_GT25_ZCAT_PRIMARY
DESI000075,35.067323060745,-17.659832483116,STAR,K,-7.43671137e-05,19.512403727829557,18-20,39627363020970334,bright,DESI_DR1_V161,ZWARN0_DELTACHI2_GT25_ZCAT_PRIMARY
DESI000076,35.015682932173,4.990091539174,STAR,K,0.000272280225,18.02143835329363,18-20,39627906032341010,bright,DESI_DR1_V161,ZWARN0_DELTACHI2_GT25_ZCAT_PRIMARY
DESI000077,35.061095055287,26.769754495102,STAR,K,-0.000146488648,18.48342058817936,18-20,39628409357208084,bright,DESI_DR1_V161,ZWARN0_DELTACHI2_GT25_ZCAT_PRIMARY
DESI000078,35.027199030953,11.135075815572,STAR,M,-4.19733862e-05,18.608022981404005,18-20,39628055626387284,bright,DESI_DR1_V161,ZWARN0_DELTACHI2_GT25_ZCAT_PRIMARY
DESI000079,35.046290769403,-6.393761338371,STAR,K,-7.79046438e-05,18.02880836694933,18-20,39627628528799011,bright,DESI_DR1_V161,ZWARN0_DELTACHI2_GT25_ZCAT_PRIMARY
DESI000080,35.004471418302,-2.687492906433,STAR,K,0.000618622919,18.14675849449892,18-20,39627718878298317,bright,DESI_DR1_V161,ZWARN0_DELTACHI2_GT25_ZCAT_PRIMARY
DESI000081,35.012484021183,3.219790712812,STAR,K,-9.4663785e-05,18.30247561228591,18-20,39627863829257583,bright,DESI_DR1_V161,ZWARN0_DELTACHI2_GT25_ZCAT_PRIMARY
DESI000082,35.033059647255,-6.878428583336,STAR,A,-0.000346137279,18.028221866370508,18-20,39627616524698915,bright,DESI_DR1_V161,ZWARN0_DELTACHI2_GT25_ZCAT_PRIMARY
DESI000083,35.041960974611,12.190519213469,STAR,M,5.29531549e-05,19.25604733063,18-20,39628079315812584,bright,DESI_DR1_V161,ZWARN0_DELTACHI2_GT25_ZCAT_PRIMARY
DESI000084,35.015650140608,-5.005968046355,STAR,M,4.33704649e-05,18.01864083506853,18-20,39627664608203962,bright,DESI_DR1_V161,ZWARN0_DELTACHI2_GT25_ZCAT_PRIMARY
DESI000085,35.004071777921,31.843234430285,STAR,K,7.46723512e-05,18.729537900538805,18-20,39628515011725336,bright,DESI_DR1_V161,ZWARN0_DELTACHI2_GT25_ZCAT_PRIMARY
DESI000086,35.061626284216,-0.411673956126,STAR,K,-9.31852643e-05,18.909231530635132,18-20,39627773236480211,bright,DESI_DR1_V161,ZWARN0_DELTACHI2_GT25_ZCAT_PRIMARY
DESI000087,35.065432374668,5.503954770173,STAR,G,5.12607801e-05,18.141872519048537,18-20,39627918078381578,dark,DESI_DR1_V161,ZWARN0_DELTACHI2_GT25_ZCAT_PRIMARY
DESI000088,35.014402819536,-6.559513302202,STAR,F,-1.80848792e-06,18.4936428115385,18-20,39627628528797990,bright,DESI_DR1_V161,ZWARN0_DELTACHI2_GT25_ZCAT_PRIMARY
DESI000089,35.014503364035,22.287263826868,STAR,M,7.08009614e-05,18.811777461562286,18-20,39628310203861834,bright,DESI_DR1_V161,ZWARN0_DELTACHI2_GT25_ZCAT_PRIMARY
DESI000090,35.00342562122,26.462258734695,STAR,F,-0.000316742699,18.067009956311225,18-20,39628403938167971,dark,DESI_DR1_V161,ZWARN0_DELTACHI2_GT25_ZCAT_PRIMARY
DESI000091,35.063904607264,-6.719066115152,STAR,M,1.92546925e-05,18.79772723074469,18-20,39627622522556467,bright,DESI_DR1_V161,ZWARN0_DELTACHI2_GT25_ZCAT_PRIMARY
DESI000092,35.009932894705,7.875262009394,STAR,K,-6.65501533e-05,18.586974823250472,18-20,39627978119844647,bright,DESI_DR1_V161,ZWARN0_DELTACHI2_GT25_ZCAT_PRIMARY
DESI000093,35.039859133112,0.53167450495,STAR,M,-0.000153879243,19.235074698514875,18-20,39627797395670490,bright,DESI_DR1_V161,ZWARN0_DELTACHI2_GT25_ZCAT_PRIMARY
DESI000094,35.059722799029,-0.999277961346,STAR,M,3.56131716e-05,18.960218135379286,18-20,39627761156884589,bright,DESI_DR1_V161,ZWARN0_DELTACHI2_GT25_ZCAT_PRIMARY
DESI000095,35.037302108676,26.076080986481,STAR,M,-9.20501775e-05,18.722649368135247,18-20,39628393079112550,bright,DESI_DR1_V161,ZWARN0_DELTACHI2_GT25_ZCAT_PRIMARY
DESI000096,35.041469372297,3.578968714354,STAR,K,-0.000114961429,18.487122714250148,18-20,39627869860666552,bright,DESI_DR1_V161,ZWARN0_DELTACHI2_GT25_ZCAT_PRIMARY
DESI000097,35.03429765978,30.35429711251,STAR,G,-3.20018185e-05,18.84452178889798,18-20,39628483856434447,bright,DESI_DR1_V161,ZWARN0_DELTACHI2_GT25_ZCAT_PRIMARY
DESI000098,35.041381831845,31.559425359072,STAR,K,-0.00019310891,18.19022026733785,18-20,39628509852733547,bright,DESI_DR1_V161,ZWARN0_DELTACHI2_GT25_ZCAT_PRIMARY
DESI000099,35.022711233206,0.591973314815,STAR,G,0.000229501038,18.38425786233874,18-20,39627797395669879,bright,DESI_DR1_V161,ZWARN0_DELTACHI2_GT25_ZCAT_PRIMARY
DESI000100,35.038042450993,23.395622242868,STAR,M,0.000157838409,18.237223153090202,18-20,39628338091789819,bright,DESI_DR1_V161,ZWARN0_DELTACHI2_GT25_ZCAT_PRIMARY
DESI000101,125.001985025866,54.170232348256,STAR,K,6.59928858e-05,19.01023442440469,18-20,39633310804082900,bright,DESI_DR1_V161,ZWARN0_DELTACHI2_GT25_ZCAT_PRIMARY
DESI000102,125.002549286787,32.106042736051,STAR,G,-0.000313921205,18.124863553726875,18-20,39628521445785689,dark,DESI_DR1_V161,ZWARN0_DELTACHI2_GT25_ZCAT_PRIMARY
DESI000103,125.000859009237,7.068168843486,STAR,F,0.000719958304,18.148047525157182,18-20,39627955638373384,bright,DESI_DR1_V161,ZWARN0_DELTACHI2_GT25_ZCAT_PRIMARY
DESI000104,125.03099863872,32.175860031637,STAR,G,-0.000499588821,18.10750500935035,18-20,39628526571228794,dark,DESI_DR1_V161,ZWARN0_DELTACHI2_GT25_ZCAT_PRIMARY
DESI000105,125.007794359886,71.342515083365,STAR,K,-6.93554212e-05,19.945280638881666,18-20,39633499472267908,bright,DESI_DR1_V161,ZWARN0_DELTACHI2_GT25_ZCAT_PRIMARY
DESI000106,125.00213994226,15.615186437181,STAR,K,0.000238102817,18.504093587114557,18-20,39628157107572738,bright,DESI_DR1_V161,ZWARN0_DELTACHI2_GT25_ZCAT_PRIMARY
DESI000107,125.043794458521,16.734665219018,STAR,K,8.97522034e-05,18.745449192887182,18-20,39628186161514106,bright,DESI_DR1_V161,ZWARN0_DELTACHI2_GT25_ZCAT_PRIMARY
DESI000108,125.025764294268,15.174168391237,STAR,M,0.000184710298,18.6937394450145,18-20,39628151273294747,bright,DESI_DR1_V161,ZWARN0_DELTACHI2_GT25_ZCAT_PRIMARY
DESI000109,125.026004316728,0.804231103101,STAR,K,0.000170077071,19.991359440972168,18-20,39627804945416795,dark,DESI_DR1_V161,ZWARN0_DELTACHI2_GT25_ZCAT_PRIMARY
DESI000110,125.032801134286,52.198939034278,STAR,K,-5.73122045e-05,18.194830863372065,18-20,39633281737558908,bright,DESI_DR1_V161,ZWARN0_DELTACHI2_GT25_ZCAT_PRIMARY
DESI000111,125.036537495281,4.564729084888,STAR,K,6.97133316e-06,18.931885375281297,18-20,39627895492055617,bright,DESI_DR1_V161,ZWARN0_DELTACHI2_GT25_ZCAT_PRIMARY
DESI000112,125.029706481769,29.760374160158,STAR,K,6.75446935e-05,19.702239855803978,18-20,39628474675106624,dark,DESI_DR1_V161,ZWARN0_DELTACHI2_GT25_ZCAT_PRIMARY
DESI000113,125.016395510636,20.497003550717,STAR,G,0.000302711988,18.212225961406837,18-20,39628272165719829,bright,DESI_DR1_V161,ZWARN0_DELTACHI2_GT25_ZCAT_PRIMARY
DESI000114,125.026275221427,6.179080805573,STAR,G,0.000375642387,18.06336458371895,18-20,39627937623836544,bright,DESI_DR1_V161,ZWARN0_DELTACHI2_GT25_ZCAT_PRIMARY
DESI000115,125.000666326108,2.044275971489,STAR,F,6.91704247e-05,19.69024845303526,18-20,39627835144405068,bright,DESI_DR1_V161,ZWARN0_DELTACHI2_GT25_ZCAT_PRIMARY
DESI000116,125.021186561081,7.017403476807,STAR,K,5.30119119e-05,18.77315544193764,18-20,39627955638373823,bright,DESI_DR1_V161,ZWARN0_DELTACHI2_GT25_ZCAT_PRIMARY
DESI000117,125.032524626382,2.012609335246,STAR,K,0.000549342843,18.456000083247297,18-20,39627835144405800,bright,DESI_DR1_V161,ZWARN0_DELTACHI2_GT25_ZCAT_PRIMARY
DESI000118,125.037689319866,7.105926929819,STAR,G,5.11253344e-05,18.423716745993172,18-20,39627955638374241,bright,DESI_DR1_V161,ZWARN0_DELTACHI2_GT25_ZCAT_PRIMARY
DESI000119,125.041970015404,33.15129095771,STAR,G,6.19895606e-05,18.58987726569095,18-20,39632944989474064,dark,DESI_DR1_V161,ZWARN0_DELTACHI2_GT25_ZCAT_PRIMARY
DESI000120,125.041188274224,62.184594580612,STAR,G,-5.07657577e-05,19.445486705008626,18-20,39633413023465918,bright,DESI_DR1_V161,ZWARN0_DELTACHI2_GT25_ZCAT_PRIMARY
DESI000121,125.040660726274,14.30502089622,STAR,K,-3.76414135e-05,19.91354916828277,18-20,39628127877467433,bright,DESI_DR1_V161,ZWARN0_DELTACHI2_GT25_ZCAT_PRIMARY
DESI000122,125.02954675882,12.289929904813,STAR,K,0.000208081727,18.54637464263839,18-20,39628080792207430,bright,DESI_DR1_V161,ZWARN0_DELTACHI2_GT25_ZCAT_PRIMARY
DESI000123,125.042368828181,33.262519911406,STAR,M,-8.50238921e-05,18.408722588748212,18-20,39632944989474069,bright,DESI_DR1_V161,ZWARN0_DELTACHI2_GT25_ZCAT_PRIMARY
DESI000124,125.024224011584,6.402539300151,STAR,G,3.68967229e-05,18.19282930098335,18-20,39627943630079711,bright,DESI_DR1_V161,ZWARN0_DELTACHI2_GT25_ZCAT_PRIMARY
DESI000125,125.042295065146,9.092020317403,STAR,K,7.62223992e-05,18.79300177489873,18-20,39628003537325479,bright,DESI_DR1_V161,ZWARN0_DELTACHI2_GT25_ZCAT_PRIMARY
DESI000126,125.015463438203,12.552781238866,STAR,G,8.66335045e-05,18.04213738802285,18-20,39628086693598517,bright,DESI_DR1_V161,ZWARN0_DELTACHI2_GT25_ZCAT_PRIMARY
DESI000127,125.001516982123,10.170692723509,STAR,G,0.000156261363,18.787479071506162,18-20,39628033342048137,bright,DESI_DR1_V161,ZWARN0_DELTACHI2_GT25_ZCAT_PRIMARY
DESI000128,125.006473468175,9.011763682919,STAR,K,0.000123638619,18.056326006995853,18-20,39628003537324699,bright,DESI_DR1_V161,ZWARN0_DELTACHI2_GT25_ZCAT_PRIMARY
DESI000129,125.028174270585,68.134098130495,STAR,G,-0.000230571894,18.21652567991972,18-20,39633474159643904,bright,DESI_DR1_V161,ZWARN0_DELTACHI2_GT25_ZCAT_PRIMARY
DESI000130,125.020055960377,1.299360009248,STAR,K,1.85762175e-05,18.33675359777582,18-20,39627817025012289,bright,DESI_DR1_V161,ZWARN0_DELTACHI2_GT25_ZCAT_PRIMARY
DESI000131,125.000895848543,10.085574706112,STAR,K,6.62312628e-05,18.478695613018132,18-20,39628027390329262,bright,DESI_DR1_V161,ZWARN0_DELTACHI2_GT25_ZCAT_PRIMARY
DESI000132,125.043306793034,4.108852286985,STAR,K,0.000174566808,18.63980507258039,18-20,39627883433430489,bright,DESI_DR1_V161,ZWARN0_DELTACHI2_GT25_ZCAT_PRIMARY
DESI000133,125.026695907671,19.421619265198,STAR,M,-3.19429993e-05,19.328689625681513,18-20,39628249415812757,dark,DESI_DR1_V161,ZWARN0_DELTACHI2_GT25_ZCAT_PRIMARY
DESI000134,125.011600280306,5.8503560069,STAR,G,-0.000302522105,18.591199396679002,18-20,39627925594576383,dark,DESI_DR1_V161,ZWARN0_DELTACHI2_GT25_ZCAT_PRIMARY
DESI000135,125.002676081696,2.3908657646,STAR,WD,0.000347364343,18.600837789361705,18-20,39627847224000613,bright,DESI_DR1_V161,ZWARN0_DELTACHI2_GT25_ZCAT_PRIMARY
DESI000136,125.004462496804,14.658157691149,STAR,K,0.000261420665,18.30043129572495,18-20,39628139592155398,bright,DESI_DR1_V161,ZWARN0_DELTACHI2_GT25_ZCAT_PRIMARY
DESI000137,125.019720971346,10.422349108534,STAR,K,4.3124286e-05,18.057589987200284,18-20,39628039289571692,bright,DESI_DR1_V161,ZWARN0_DELTACHI2_GT25_ZCAT_PRIMARY
DESI000138,125.028284879485,71.575595043938,STAR,G,3.83159699e-05,18.85978745630242,18-20,39633501418424847,bright,DESI_DR1_V161,ZWARN0_DELTACHI2_GT25_ZCAT_PRIMARY
DESI000139,125.021509292685,0.199548137853,STAR,K,0.000248091492,19.746053291309842,18-20,39627792865821164,dark,DESI_DR1_V161,ZWARN0_DELTACHI2_GT25_ZCAT_PRIMARY
DESI000140,125.022713627293,62.414660909551,STAR,K,1.35711231e-05,18.22452882040721,18-20,39633415837847291,bright,DESI_DR1_V161,ZWARN0_DELTACHI2_GT25_ZCAT_PRIMARY
DESI000141,125.039397624608,53.617605755995,STAR,M,-1.57238745e-05,18.02458628049579,18-20,39633300062473066,bright,DESI_DR1_V161,ZWARN0_DELTACHI2_GT25_ZCAT_PRIMARY
DESI000142,125.02874831578,8.721939294199,STAR,G,0.000704712905,18.802696777552736,18-20,39627997564636047,bright,DESI_DR1_V161,ZWARN0_DELTACHI2_GT25_ZCAT_PRIMARY
DESI000143,125.027460237904,9.574261406027,STAR,K,0.000318680066,18.855491994743254,18-20,39628015470122014,bright,DESI_DR1_V161,ZWARN0_DELTACHI2_GT25_ZCAT_PRIMARY
DESI000144,125.03690393561,6.769338594383,STAR,K,0.00032770402,18.901163022147443,18-20,39627949636323537,bright,DESI_DR1_V161,ZWARN0_DELTACHI2_GT25_ZCAT_PRIMARY
DESI000145,125.021597604583,10.033668647181,STAR,G,0.000521017824,18.14761964959185,18-20,39628027390329757,bright,DESI_DR1_V161,ZWARN0_DELTACHI2_GT25_ZCAT_PRIMARY
DESI000146,125.009894265958,9.143783233259,STAR,K,0.000102164769,18.239814694108723,18-20,39628009505820937,bright,DESI_DR1_V161,ZWARN0_DELTACHI2_GT25_ZCAT_PRIMARY
DESI000147,125.025224716991,14.436829117857,STAR,K,-4.56089924e-05,18.012179471853273,18-20,39628133736910913,bright,DESI_DR1_V161,ZWARN0_DELTACHI2_GT25_ZCAT_PRIMARY
DESI000148,125.010862903491,62.775238306777,STAR,K,1.2629588e-05,18.293804703943707,18-20,39633418635446351,bright,DESI_DR1_V161,ZWARN0_DELTACHI2_GT25_ZCAT_PRIMARY
DESI000149,125.007299362453,5.665443659742,STAR,K,-1.85258765e-05,18.008727213086715,18-20,39627925594576261,bright,DESI_DR1_V161,ZWARN0_DELTACHI2_GT25_ZCAT_PRIMARY
DESI000150,125.027054734474,7.88795024435,STAR,K,1.82595088e-05,18.128520279647216,18-20,39627979617213153,bright,DESI_DR1_V161,ZWARN0_DELTACHI2_GT25_ZCAT_PRIMARY
DESI000151,150.034551810853,0.662936318475,STAR,K,0.000940229233,18.964966251328782,18-20,39627805364847338,bright,DESI_DR1_V161,ZWARN0_DELTACHI2_GT25_ZCAT_PRIMARY
DESI000152,150.013033072475,-5.71437689963,STAR,K,0.000114498743,18.914252543022492,18-20,39627648476908223,bright,DESI_DR1_V161,ZWARN0_DELTACHI2_GT25_ZCAT_PRIMARY
DESI000153,150.027968339205,-6.307517718543,STAR,G,0.000225056451,18.138561554170085,18-20,39627636451840041,bright,DESI_DR1_V161,ZWARN0_DELTACHI2_GT25_ZCAT_PRIMARY
DESI000154,150.00949139955,58.758345395339,STAR,G,-0.000165120688,18.90290868706643,18-20,39633371340474381,bright,DESI_DR1_V161,ZWARN0_DELTACHI2_GT25_ZCAT_PRIMARY
DESI000155,150.034835816218,75.972396747261,STAR,WD,8.736375e-05,19.72851979565965,18-20,39633532275919130,bright,DESI_DR1_V161,ZWARN0_DELTACHI2_GT25_ZCAT_PRIMARY
DESI000156,150.020581714899,-1.533418644868,STAR,M,2.90398496e-05,19.000962778095847,18-20,39627751006667114,bright,DESI_DR1_V161,ZWARN0_DELTACHI2_GT25_ZCAT_PRIMARY
DESI000157,150.004360212468,-0.730592294824,STAR,G,0.00111284146,18.075988114743467,18-20,39627769126060169,dark,DESI_DR1_V161,ZWARN0_DELTACHI2_GT25_ZCAT_PRIMARY
DESI000158,150.034575237527,74.986820150947,STAR,F,-0.000914601672,18.40669854523567,18-20,39633526160624481,bright,DESI_DR1_V161,ZWARN0_DELTACHI2_GT25_ZCAT_PRIMARY
DESI000159,150.012556776076,1.301795178952,STAR,K,0.000243802644,18.490688779135965,18-20,39627817444442474,bright,DESI_DR1_V161,ZWARN0_DELTACHI2_GT25_ZCAT_PRIMARY
DESI000160,150.008974678151,56.654565857776,STAR,K,-0.000213620924,18.781708541124793,18-20,39633345419676807,bright,DESI_DR1_V161,ZWARN0_DELTACHI2_GT25_ZCAT_PRIMARY
DESI000161,150.023230788547,2.915578731383,STAR,M,7.29979714e-05,18.209903950376226,18-20,39627859723027091,bright,DESI_DR1_V161,ZWARN0_DELTACHI2_GT25_ZCAT_PRIMARY
DESI000162,150.016961839618,34.785966672013,STAR,M,8.55726879e-05,18.615240877308587,18-20,39632975465284526,bright,DESI_DR1_V161,ZWARN0_DELTACHI2_GT25_ZCAT_PRIMARY
DESI000163,150.014486137465,-5.449650938214,STAR,WD,0.000123895384,19.837704382096263,18-20,39627654491540619,bright,DESI_DR1_V161,ZWARN0_DELTACHI2_GT25_ZCAT_PRIMARY
DESI000164,150.00936670029,35.467042234728,STAR,G,0.000116145636,18.017246522689742,18-20,39632990321508458,bright,DESI_DR1_V161,ZWARN0_DELTACHI2_GT25_ZCAT_PRIMARY
DESI000165,150.025560545971,-1.792617834929,STAR,M,-6.0755924e-06,19.608611979011783,18-20,39627744966869401,bright,DESI_DR1_V161,ZWARN0_DELTACHI2_GT25_ZCAT_PRIMARY
DESI000166,150.015343493902,3.108218807859,STAR,K,0.000166029484,18.51197340011702,18-20,39627859723026876,bright,DESI_DR1_V161,ZWARN0_DELTACHI2_GT25_ZCAT_PRIMARY
DESI000167,150.028651296343,3.430596303033,STAR,M,6.33235359e-05,18.37864869286812,18-20,39627871790040415,bright,DESI_DR1_V161,ZWARN0_DELTACHI2_GT25_ZCAT_PRIMARY
DESI000168,150.034028380688,1.205487824339,STAR,K,0.000855908306,19.55580531220011,18-20,39627817444442972,dark,DESI_DR1_V161,ZWARN0_DELTACHI2_GT25_ZCAT_PRIMARY
DESI000169,150.015012052465,1.462713801251,STAR,G,0.000229488546,18.920726365927337,18-20,39627823484240230,bright,DESI_DR1_V161,ZWARN0_DELTACHI2_GT25_ZCAT_PRIMARY
DESI000170,150.031744032227,-3.708497448922,STAR,G,0.000457074323,18.88542536689065,18-20,39627696669460419,bright,DESI_DR1_V161,ZWARN0_DELTACHI2_GT25_ZCAT_PRIMARY
DESI000171,150.031869428735,2.723349531828,STAR,K,0.000274291919,18.100160271025292,18-20,39627853683229448,bright,DESI_DR1_V161,ZWARN0_DELTACHI2_GT25_ZCAT_PRIMARY
DESI000172,150.028548260843,-6.267719325445,STAR,K,6.64394493e-05,18.762277520988896,18-20,39627636451840050,bright,DESI_DR1_V161,ZWARN0_DELTACHI2_GT25_ZCAT_PRIMARY
DESI000173,150.010844647688,3.632249393337,STAR,K,0.000217973837,18.71127576503234,18-20,39627877821449450,bright,DESI_DR1_V161,ZWARN0_DELTACHI2_GT25_ZCAT_PRIMARY
DESI000174,150.001754425621,1.474250837704,STAR,K,0.000248275524,18.093476122058767,18-20,39627823484239934,bright,DESI_DR1_V161,ZWARN0_DELTACHI2_GT25_ZCAT_PRIMARY
DESI000175,150.030254649741,68.739750745601,STAR,K,-4.60672879e-05,18.965330420271172,18-20,39633478785958698,bright,DESI_DR1_V161,ZWARN0_DELTACHI2_GT25_ZCAT_PRIMARY
DESI000176,150.021445672301,59.92762845304,STAR,K,-2.60921945e-05,18.140283327288092,18-20,39633386813262459,bright,DESI_DR1_V161,ZWARN0_DELTACHI2_GT25_ZCAT_PRIMARY
DESI000177,150.027203047657,3.270459389822,STAR,K,5.90163245e-05,19.006705866847376,18-20,39627865758631539,bright,DESI_DR1_V161,ZWARN0_DELTACHI2_GT25_ZCAT_PRIMARY
DESI000178,150.033689637818,41.817730365764,STAR,G,0.000149500602,18.300980611489443,18-20,39633108579910797,bright,DESI_DR1_V161,ZWARN0_DELTACHI2_GT25_ZCAT_PRIMARY
DESI000179,150.005259346956,67.07001870502,STAR,K,-3.46942944e-05,18.843424852997636,18-20,39633462730165465,bright,DESI_DR1_V161,ZWARN0_DELTACHI2_GT25_ZCAT_PRIMARY
DESI000180,150.033860748579,3.574769932852,STAR,M,0.000160011541,19.976595879907705,18-20,39627871790040514,bright,DESI_DR1_V161,ZWARN0_DELTACHI2_GT25_ZCAT_PRIMARY
DESI000181,150.036057068444,1.549020415435,STAR,K,8.66945432e-05,18.358789026584983,18-20,39627823484240645,bright,DESI_DR1_V161,ZWARN0_DELTACHI2_GT25_ZCAT_PRIMARY
DESI000182,150.034611197052,3.495121917003,STAR,M,0.000129305371,18.524961334529767,18-20,39627871790040526,bright,DESI_DR1_V161,ZWARN0_DELTACHI2_GT25_ZCAT_PRIMARY
DESI000183,150.020424813043,3.277705836469,STAR,K,5.35362693e-05,18.081527719912604,18-20,39627865758631377,bright,DESI_DR1_V161,ZWARN0_DELTACHI2_GT25_ZCAT_PRIMARY
DESI000184,150.01485403035,1.309460710694,STAR,K,0.000118202837,18.273986999808592,18-20,39627817444442523,bright,DESI_DR1_V161,ZWARN0_DELTACHI2_GT25_ZCAT_PRIMARY
DESI000185,150.02838782263,3.594871483133,STAR,M,1.03742393e-05,18.855359571970432,18-20,39627871790040405,bright,DESI_DR1_V161,ZWARN0_DELTACHI2_GT25_ZCAT_PRIMARY
DESI000186,150.011757176603,1.898564051542,STAR,K,0.000400346673,19.017721474684844,18-20,39627835563835663,bright,DESI_DR1_V161,ZWARN0_DELTACHI2_GT25_ZCAT_PRIMARY
DESI000187,150.011831995517,77.618767824187,STAR,K,8.20460979e-07,18.98364954891511,18-20,39633540693887536,bright,DESI_DR1_V161,ZWARN0_DELTACHI2_GT25_ZCAT_PRIMARY
DESI000188,150.015276281253,1.428004708606,STAR,G,0.00070301663,18.114096665582885,18-20,39627823484240243,bright,DESI_DR1_V161,ZWARN0_DELTACHI2_GT25_ZCAT_PRIMARY
DESI000189,150.014193822152,2.107042969215,STAR,K,-9.41799149e-05,18.88906815937928,18-20,39627835563835717,bright,DESI_DR1_V161,ZWARN0_DELTACHI2_GT25_ZCAT_PRIMARY
DESI000190,150.02996365452,56.894326774464,STAR,G,-4.11422961e-05,18.762093497020153,18-20,39633348741563977,bright,DESI_DR1_V161,ZWARN0_DELTACHI2_GT25_ZCAT_PRIMARY
DESI000191,150.008004254144,-8.412466033206,STAR,F,0.000389105735,18.215962876379795,18-20,39627582496310175,dark,DESI_DR1_V161,ZWARN0_DELTACHI2_GT25_ZCAT_PRIMARY
DESI000192,150.00891832302,1.57566562299,STAR,K,0.000295878887,18.546465726696567,18-20,39627823484240099,bright,DESI_DR1_V161,ZWARN0_DELTACHI2_GT25_ZCAT_PRIMARY
DESI000193,150.0001747838,-1.299914572413,STAR,K,0.000135803958,18.096919349392202,18-20,39627757046464544,bright,DESI_DR1_V161,ZWARN0_DELTACHI2_GT25_ZCAT_PRIMARY
DESI000194,150.000206008792,13.895172080646,STAR,K,0.000565958233,18.41734690025446,18-20,39628122420676919,bright,DESI_DR1_V161,ZWARN0_DELTACHI2_GT25_ZCAT_PRIMARY
DESI000195,150.021086409924,8.594584122078,STAR,K,-0.000105551722,18.026245644119847,18-20,39627992002987309,bright,DESI_DR1_V161,ZWARN0_DELTACHI2_GT25_ZCAT_PRIMARY
DESI000196,150.030101108186,70.137887595041,STAR,M,-4.66141424e-05,18.292206718568004,18-20,39633491582780084,bright,DESI_DR1_V161,ZWARN0_DELTACHI2_GT25_ZCAT_PRIMARY
DESI000197,150.030386058649,37.816550566731,STAR,K,-0.000113918132,19.848982613799947,18-20,39633034063908176,bright,DESI_DR1_V161,ZWARN0_DELTACHI2_GT25_ZCAT_PRIMARY
DESI000198,150.019689119898,13.132930662013,STAR,G,-0.000154751926,18.764042957402744,18-20,39628104792015214,bright,DESI_DR1_V161,ZWARN0_DELTACHI2_GT25_ZCAT_PRIMARY
DESI000199,150.001995493126,-5.895255661148,STAR,K,8.81126203e-05,19.80818959052378,18-20,39627642462276110,bright,DESI_DR1_V161,ZWARN0_DELTACHI2_GT25_ZCAT_PRIMARY
DESI000200,150.02319369098,42.940017720686,STAR,K,6.24467586e-05,18.56212279469437,18-20,39633130964910307,bright,DESI_DR1_V161,ZWARN0_DELTACHI2_GT25_ZCAT_PRIMARY
DESI000201,175.04046712978,-0.841659322519,STAR,K,0.00038566845,18.7663095618342,18-20,39627769545491424,bright,DESI_DR1_V161,ZWARN0_DELTACHI2_GT25_ZCAT_PRIMARY
DESI000202,175.029634012795,15.351819246588,STAR,F,0.000106248627,18.70820555267727,18-20,39628152082796493,dark,DESI_DR1_V161,ZWARN0_DELTACHI2_GT25_ZCAT_PRIMARY
DESI000203,175.005412669516,66.160089336332,STAR,F,3.03875294e-05,18.643823427537136,18-20,39633455658568748,bright,DESI_DR1_V161,ZWARN0_DELTACHI2_GT25_ZCAT_PRIMARY
DESI000204,175.016873647876,-6.857868703689,STAR,K,0.000413918957,18.545916491869573,18-20,39627624858780470,bright,DESI_DR1_V161,ZWARN0_DELTACHI2_GT25_ZCAT_PRIMARY
DESI000205,175.021168168606,3.132192340135,STAR,K,-4.02980311e-06,18.95344726809419,18-20,39627866178060816,bright,DESI_DR1_V161,ZWARN0_DELTACHI2_GT25_ZCAT_PRIMARY
DESI000206,175.033305069857,-4.393233633873,STAR,M,0.000133811445,18.6638305123535,18-20,39627678998856644,bright,DESI_DR1_V161,ZWARN0_DELTACHI2_GT25_ZCAT_PRIMARY
DESI000207,175.013215064158,-2.326989525298,STAR,K,0.000175847138,18.61536825560514,18-20,39627733306704188,bright,DESI_DR1_V161,ZWARN0_DELTACHI2_GT25_ZCAT_PRIMARY
DESI000208,175.021423445867,18.88558955499,STAR,K,0.000606155382,18.707376629148257,18-20,39628238783251333,bright,DESI_DR1_V161,ZWARN0_DELTACHI2_GT25_ZCAT_PRIMARY
DESI000209,175.030115177076,52.48491060842,STAR,M,-0.000138352152,18.321514748526237,18-20,39633285957028943,bright,DESI_DR1_V161,ZWARN0_DELTACHI2_GT25_ZCAT_PRIMARY
DESI000210,175.030317890985,51.853825277236,STAR,F,7.54187014e-05,18.51420926623822,18-20,39633274787596698,dark,DESI_DR1_V161,ZWARN0_DELTACHI2_GT25_ZCAT_PRIMARY
DESI000211,175.006066630458,-7.73155769662,STAR,M,0.000110664159,19.024102007599286,18-20,39627600867361887,bright,DESI_DR1_V161,ZWARN0_DELTACHI2_GT25_ZCAT_PRIMARY
DESI000212,175.019111759077,0.544194209365,STAR,K,0.000706798934,18.511934795966983,18-20,39627799744479537,bright,DESI_DR1_V161,ZWARN0_DELTACHI2_GT25_ZCAT_PRIMARY
DESI000213,175.00911154952,-0.698985144624,STAR,K,0.000227874093,18.816461416706744,18-20,39627769545490665,bright,DESI_DR1_V161,ZWARN0_DELTACHI2_GT25_ZCAT_PRIMARY
DESI000214,175.023467163602,37.822522373512,STAR,K,-2.68343892e-05,18.29262120252418,18-20,39633034399449922,bright,DESI_DR1_V161,ZWARN0_DELTACHI2_GT25_ZCAT_PRIMARY
DESI000215,175.020341275107,-4.598120313737,STAR,M,0.000122561352,18.330030534227767,18-20,39627678998856373,bright,DESI_DR1_V161,ZWARN0_DELTACHI2_GT25_ZCAT_PRIMARY
DESI000216,175.001368318181,-5.167408856203,STAR,G,8.18142546e-05,18.787518166077234,18-20,39627660929794361,bright,DESI_DR1_V161,ZWARN0_DELTACHI2_GT25_ZCAT_PRIMARY
DESI000217,175.039788513781,47.563241855745,STAR,F,-0.000955571537,18.594592120832967,18-20,39633208047831676,bright,DESI_DR1_V161,ZWARN0_DELTACHI2_GT25_ZCAT_PRIMARY
DESI000218,175.015498028406,-2.5055442243,STAR,K,0.000684563314,19.01934389628588,18-20,39627727266906430,bright,DESI_DR1_V161,ZWARN0_DELTACHI2_GT25_ZCAT_PRIMARY
DESI000219,175.03423467499,33.445661193972,STAR,M,-3.07785048e-05,18.175242223582575,18-20,39632950748251881,bright,DESI_DR1_V161,ZWARN0_DELTACHI2_GT25_ZCAT_PRIMARY
DESI000220,175.005412390227,63.900484259338,STAR,K,-0.000256138754,18.979370399026912,18-20,39633432640225848,bright,DESI_DR1_V161,ZWARN0_DELTACHI2_GT25_ZCAT_PRIMARY
DESI000221,175.026054364376,64.976245323951,STAR,M,3.17831607e-05,18.33507009646237,18-20,39633443109210199,bright,DESI_DR1_V161,ZWARN0_DELTACHI2_GT25_ZCAT_PRIMARY
DESI000222,175.002472405036,0.798773684617,STAR,K,4.96453453e-05,18.698231249529357,18-20,39627805784277066,bright,DESI_DR1_V161,ZWARN0_DELTACHI2_GT25_ZCAT_PRIMARY
DESI000223,175.029652377767,-0.925052270011,STAR,K,0.000318857489,18.860775577599377,18-20,39627763505693220,bright,DESI_DR1_V161,ZWARN0_DELTACHI2_GT25_ZCAT_PRIMARY
DESI000224,175.014803129935,70.696801060068,STAR,M,0.000103393355,18.020778639511914,18-20,39633495785473500,bright,DESI_DR1_V161,ZWARN0_DELTACHI2_GT25_ZCAT_PRIMARY
DESI000225,175.015760905862,73.902450071324,STAR,K,-0.000107025163,18.279373252469085,18-20,39633519760115280,bright,DESI_DR1_V161,ZWARN0_DELTACHI2_GT25_ZCAT_PRIMARY
DESI000226,175.014085633641,40.599366939622,STAR,F,0.000250363665,18.23437723544203,18-20,39633086073277439,dark,DESI_DR1_V161,ZWARN0_DELTACHI2_GT25_ZCAT_PRIMARY
DESI000227,175.018769453558,33.721551337721,STAR,G,-0.000269096883,18.3609295472418,18-20,39632955789805357,dark,DESI_DR1_V161,ZWARN0_DELTACHI2_GT25_ZCAT_PRIMARY
DESI000228,175.031142403144,1.746667619827,STAR,M,8.03974669e-06,18.510413782434945,18-20,39627829943468635,bright,DESI_DR1_V161,ZWARN0_DELTACHI2_GT25_ZCAT_PRIMARY
DESI000229,175.014294218317,0.015442731251,STAR,K,0.000800829987,18.911950355840517,18-20,39627787664883980,bright,DESI_DR1_V161,ZWARN0_DELTACHI2_GT25_ZCAT_PRIMARY
DESI000230,175.020877973472,0.497154871094,STAR,K,0.000227239144,18.94184024779804,18-20,39627799744479573,bright,DESI_DR1_V161,ZWARN0_DELTACHI2_GT25_ZCAT_PRIMARY
DESI000231,175.009937844179,-5.633130505183,STAR,G,0.000789013502,18.731517482271858,18-20,39627648896336548,bright,DESI_DR1_V161,ZWARN0_DELTACHI2_GT25_ZCAT_PRIMARY
DESI000232,175.017414865025,63.414582028984,STAR,WD,8.19375824e-05,18.879769225317606,18-20,39633427267322078,bright,DESI_DR1_V161,ZWARN0_DELTACHI2_GT25_ZCAT_PRIMARY
DESI000233,175.022467782975,-5.789057582297,STAR,A,0.000221432157,19.41134301805169,18-20,39627648896336808,bright,DESI_DR1_V161,ZWARN0_DELTACHI2_GT25_ZCAT_PRIMARY
DESI000234,175.01308730486,52.511606024384,STAR,K,-2.8861242e-06,18.453292865757724,18-20,39633285957028824,other,DESI_DR1_V161,ZWARN0_DELTACHI2_GT25_ZCAT_PRIMARY
DESI000235,175.01423582838,-6.966312253507,STAR,M,5.04716032e-05,18.711216130858887,18-20,39627618856731388,bright,DESI_DR1_V161,ZWARN0_DELTACHI2_GT25_ZCAT_PRIMARY
DESI000236,175.036839923993,49.510086355019,STAR,F,-0.000602568291,18.646432588527052,18-20,39633240176197882,dark,DESI_DR1_V161,ZWARN0_DELTACHI2_GT25_ZCAT_PRIMARY
DESI000237,175.031329640134,2.371248688349,STAR,K,-5.91486794e-05,18.875328627632243,18-20,39627842023064188,bright,DESI_DR1_V161,ZWARN0_DELTACHI2_GT25_ZCAT_PRIMARY
DESI000238,175.028182874834,-6.910852097179,STAR,M,-2.87803615e-05,18.362954097492057,18-20,39627618856731615,bright,DESI_DR1_V161,ZWARN0_DELTACHI2_GT25_ZCAT_PRIMARY
DESI000239,175.01220037482,-7.170686311813,STAR,K,0.000362026291,18.083754102473087,18-20,39627612858876606,bright,DESI_DR1_V161,ZWARN0_DELTACHI2_GT25_ZCAT_PRIMARY
DESI000240,175.035977372647,53.911908940087,STAR,M,-0.00022490915,18.20919224879451,18-20,39633307742241755,bright,DESI_DR1_V161,ZWARN0_DELTACHI2_GT25_ZCAT_PRIMARY
DESI000241,175.032544992712,-5.4331921841,STAR,M,0.000221651561,18.113978162138174,18-20,39627654910968761,bright,DESI_DR1_V161,ZWARN0_DELTACHI2_GT25_ZCAT_PRIMARY
DESI000242,175.009464938561,38.895978157197,STAR,M,7.18930012e-05,18.516782062717173,18-20,39633058139211438,bright,DESI_DR1_V161,ZWARN0_DELTACHI2_GT25_ZCAT_PRIMARY
DESI000243,175.027098519444,-4.673403627906,STAR,F,0.000590331433,18.61751470302727,18-20,39627672975836016,bright,DESI_DR1_V161,ZWARN0_DELTACHI2_GT25_ZCAT_PRIMARY
DESI000244,175.014485295357,-0.46239795648,STAR,G,0.00113437294,18.077291836716512,18-20,39627775585288481,dark,DESI_DR1_V161,ZWARN0_DELTACHI2_GT25_ZCAT_PRIMARY
DESI000245,175.011020378376,2.708265466069,STAR,K,0.000166518744,18.212102525353128,18-20,39627854102659333,bright,DESI_DR1_V161,ZWARN0_DELTACHI2_GT25_ZCAT_PRIMARY
DESI000246,175.008001408832,-0.201929403451,STAR,M,0.000368096929,18.000093518700336,18-20,39627781625086128,bright,DESI_DR1_V161,ZWARN0_DELTACHI2_GT25_ZCAT_PRIMARY
DESI000247,175.022097468146,0.832036347576,STAR,K,0.000334575885,18.717282435855406,18-20,39627805784277488,bright,DESI_DR1_V161,ZWARN0_DELTACHI2_GT25_ZCAT_PRIMARY
DESI000248,175.012832637045,10.940588871095,STAR,G,0.000198217576,18.261884805279088,18-20,39628051998312201,dark,DESI_DR1_V161,ZWARN0_DELTACHI2_GT25_ZCAT_PRIMARY
DESI000249,175.030123411948,0.699741796636,STAR,M,3.37825889e-05,18.87153186584375,18-20,39627805784277663,bright,DESI_DR1_V161,ZWARN0_DELTACHI2_GT25_ZCAT_PRIMARY
DESI000250,175.034719124222,-0.177632611702,STAR,K,0.00052952581,19.004937194875872,18-20,39627781625086662,bright,DESI_DR1_V161,ZWARN0_DELTACHI2_GT25_ZCAT_PRIMARY
DESI000251,200.016629784267,-8.606709970277,STAR,G,-0.000117455036,18.758637562487497,18-20,39627583326783476,bright,DESI_DR1_V161,ZWARN0_DELTACHI2_GT25_ZCAT_PRIMARY
DESI000252,200.014480707473,55.610871343533,STAR,K,-0.000126627759,18.58522999486555,18-20,39633328982198988,bright,DESI_DR1_V161,ZWARN0_DELTACHI2_GT25_ZCAT_PRIMARY
DESI000253,200.038892681406,-7.459394110369,STAR,G,0.000114257021,18.681286145941378,18-20,39627607276260596,bright,DESI_DR1_V161,ZWARN0_DELTACHI2_GT25_ZCAT_PRIMARY
DESI000254,200.000663475263,47.644668989565,STAR,M,3.30207288e-05,18.87769726067062,18-20,39633212418293783,bright,DESI_DR1_V161,ZWARN0_DELTACHI2_GT25_ZCAT_PRIMARY
DESI000255,200.016424159245,51.196490981338,STAR,M,-0.000122141339,18.986305397109447,18-20,39633267506283427,bright,DESI_DR1_V161,ZWARN0_DELTACHI2_GT25_ZCAT_PRIMARY
DESI000256,200.037542163487,74.491835378288,STAR,K,-0.000154013194,18.686318977659436,18-20,39633523178472910,backup,DESI_DR1_V161,ZWARN0_DELTACHI2_GT25_ZCAT_PRIMARY
DESI000257,200.038077972156,79.143347493932,STAR,M,-3.24498215e-05,18.50442488097091,18-20,39633549518701007,backup,DESI_DR1_V161,ZWARN0_DELTACHI2_GT25_ZCAT_PRIMARY
DESI000258,200.017530702078,80.73513625261,STAR,K,-0.000304342236,19.010771246720463,18-20,39633555902431756,backup,DESI_DR1_V161,ZWARN0_DELTACHI2_GT25_ZCAT_PRIMARY
DESI000259,200.0111484835,6.656619212996,STAR,G,0.000270590428,18.424986049266174,18-20,39627950886226854,dark,DESI_DR1_V161,ZWARN0_DELTACHI2_GT25_ZCAT_PRIMARY
DESI000260,200.0130819789,5.75078694155,STAR,WD,0.000112833667,19.401050649602894,18-20,39627926848670960,bright,DESI_DR1_V161,ZWARN0_DELTACHI2_GT25_ZCAT_PRIMARY
DESI000261,200.000227201106,47.021409442637,STAR,K,-0.000280368396,18.43423122074158,18-20,39633200108014346,bright,DESI_DR1_V161,ZWARN0_DELTACHI2_GT25_ZCAT_PRIMARY
DESI000262,200.022106959603,-4.412517372423,STAR,G,0.000387868785,18.58993355683631,18-20,39627679414096547,bright,DESI_DR1_V161,ZWARN0_DELTACHI2_GT25_ZCAT_PRIMARY
DESI000263,200.020433984166,49.326141059929,STAR,M,5.80218172e-05,18.986074937858504,18-20,39633236501989177,bright,DESI_DR1_V161,ZWARN0_DELTACHI2_GT25_ZCAT_PRIMARY
DESI000264,200.007294667508,3.666266875445,STAR,M,-0.000117538143,18.450707048350957,18-20,39627878656119155,bright,DESI_DR1_V161,ZWARN0_DELTACHI2_GT25_ZCAT_PRIMARY
DESI000265,200.039018274425,-2.74953903162,STAR,M,-1.78218277e-05,19.03435916261162,18-20,39627721646539684,bright,DESI_DR1_V161,ZWARN0_DELTACHI2_GT25_ZCAT_PRIMARY
DESI000266,200.025911374079,58.709312173156,STAR,G,-0.000865428764,18.841245503548077,18-20,39633371776682771,bright,DESI_DR1_V161,ZWARN0_DELTACHI2_GT25_ZCAT_PRIMARY
DESI000267,200.017344706191,17.003820516049,STAR,M,3.41175657e-05,18.308915326041113,18-20,39628193149226459,other,DESI_DR1_V161,ZWARN0_DELTACHI2_GT25_ZCAT_PRIMARY
DESI000268,200.030954234672,-4.145343896315,STAR,K,-2.35508127e-05,18.296281830300156,18-20,39627685445501016,bright,DESI_DR1_V161,ZWARN0_DELTACHI2_GT25_ZCAT_PRIMARY
DESI000269,200.024332566209,67.310520207076,STAR,K,-0.000184931107,18.913326293368037,18-20,39633465422905873,bright,DESI_DR1_V161,ZWARN0_DELTACHI2_GT25_ZCAT_PRIMARY
DESI000270,200.012833786303,13.753681475529,STAR,M,-5.74075558e-05,18.416856707635294,18-20,39628117366542563,bright,DESI_DR1_V161,ZWARN0_DELTACHI2_GT25_ZCAT_PRIMARY
DESI000271,200.008003524238,1.189497511169,STAR,K,0.000540380352,19.00668412120097,18-20,39627818283303112,bright,DESI_DR1_V161,ZWARN0_DELTACHI2_GT25_ZCAT_PRIMARY
DESI000272,200.017414567532,74.236893076875,STAR,K,-0.000193699552,18.525522404623395,18-20,39633521538501137,backup,DESI_DR1_V161,ZWARN0_DELTACHI2_GT25_ZCAT_PRIMARY
DESI000273,200.001502999585,1.70989916183,STAR,K,0.000231750065,18.30745026596078,18-20,39627830362898477,bright,DESI_DR1_V161,ZWARN0_DELTACHI2_GT25_ZCAT_PRIMARY
DESI000274,200.019714114713,37.385636685497,STAR,F,-0.000865912805,18.820399745927173,18-20,39633029932517802,bright,DESI_DR1_V161,ZWARN0_DELTACHI2_GT25_ZCAT_PRIMARY
DESI000275,200.007066144665,52.907069727028,STAR,K,-0.000646700331,18.9882791061772,18-20,39633293557105865,bright,DESI_DR1_V161,ZWARN0_DELTACHI2_GT25_ZCAT_PRIMARY
DESI000276,200.019100116246,-4.917985144344,STAR,K,0.000148826537,18.82285333009449,18-20,39627667368055002,bright,DESI_DR1_V161,ZWARN0_DELTACHI2_GT25_ZCAT_PRIMARY
DESI000277,200.023619804528,-9.458078232094,STAR,K,-7.05973783e-05,18.269427616006475,18-20,39627559444415034,bright,DESI_DR1_V161,ZWARN0_DELTACHI2_GT25_ZCAT_PRIMARY
DESI000278,200.009819029518,-3.551273865596,STAR,G,5.65639366e-05,18.11522309386777,18-20,39627703535538020,bright,DESI_DR1_V161,ZWARN0_DELTACHI2_GT25_ZCAT_PRIMARY
DESI000279,200.014847239982,-5.341336475025,STAR,K,0.000148145854,18.427001156594,18-20,39627661345035312,bright,DESI_DR1_V161,ZWARN0_DELTACHI2_GT25_ZCAT_PRIMARY
DESI000280,200.034136880343,-0.492274073399,STAR,K,7.39480176e-05,18.886842071022038,18-20,39627776004719335,bright,DESI_DR1_V161,ZWARN0_DELTACHI2_GT25_ZCAT_PRIMARY
DESI000281,200.034331317642,0.12106210597,STAR,K,7.11836423e-05,18.38344427754751,18-20,39627788084314943,bright,DESI_DR1_V161,ZWARN0_DELTACHI2_GT25_ZCAT_PRIMARY
DESI000282,200.002544073659,5.031046546275,STAR,G,-0.000575999909,18.072551657622316,18-20,39627908792193226,bright,DESI_DR1_V161,ZWARN0_DELTACHI2_GT25_ZCAT_PRIMARY
DESI000283,200.04007623983,-2.007065143693,STAR,G,0.000306247284,18.939711922397738,18-20,39627739765932843,dark,DESI_DR1_V161,ZWARN0_DELTACHI2_GT25_ZCAT_PRIMARY
DESI000284,200.021197762443,-8.515062799921,STAR,K,-5.82574278e-05,18.105959606846895,18-20,39627583326783592,bright,DESI_DR1_V161,ZWARN0_DELTACHI2_GT25_ZCAT_PRIMARY
DESI000285,200.004740718645,39.059916981685,STAR,K,-0.000127936631,18.177300737464396,18-20,39633058466366674,bright,DESI_DR1_V161,ZWARN0_DELTACHI2_GT25_ZCAT_PRIMARY
DESI000286,200.025512148851,37.26683094287,STAR,G,-0.000189661163,18.219592620483887,18-20,39633025117457540,bright,DESI_DR1_V161,ZWARN0_DELTACHI2_GT25_ZCAT_PRIMARY
DESI000287,200.000427919526,51.517676173202,STAR,G,-8.14985662e-05,18.263247947679613,18-20,39633271289544728,bright,DESI_DR1_V161,ZWARN0_DELTACHI2_GT25_ZCAT_PRIMARY
DESI000288,200.021509369867,69.213779743627,STAR,K,-0.000322546207,18.787887857063488,18-20,39633483450025905,bright,DESI_DR1_V161,ZWARN0_DELTACHI2_GT25_ZCAT_PRIMARY
DESI000289,200.037966242064,1.581352210957,STAR,K,8.28017961e-05,18.332294975581604,18-20,39627824323101523,bright,DESI_DR1_V161,ZWARN0_DELTACHI2_GT25_ZCAT_PRIMARY
DESI000290,200.010160227367,53.703602645864,STAR,F,-0.000433326881,18.99757630193586,18-20,39633304411965513,bright,DESI_DR1_V161,ZWARN0_DELTACHI2_GT25_ZCAT_PRIMARY
DESI000291,200.012669566348,67.351869700415,STAR,M,-0.000102622005,18.83999892500104,18-20,39633465422905801,bright,DESI_DR1_V161,ZWARN0_DELTACHI2_GT25_ZCAT_PRIMARY
DESI000292,200.029431776833,7.949751168611,STAR,G,4.19513251e-05,18.498509684851477,18-20,39627980867111265,bright,DESI_DR1_V161,ZWARN0_DELTACHI2_GT25_ZCAT_PRIMARY
DESI000293,200.03815358067,51.579218775018,STAR,K,-0.000167007835,18.267418114933122,18-20,39633271289545076,bright,DESI_DR1_V161,ZWARN0_DELTACHI2_GT25_ZCAT_PRIMARY
DESI000294,200.034619627108,2.162872782936,STAR,K,0.000106773559,18.445390415246404,18-20,39627842442494953,bright,DESI_DR1_V161,ZWARN0_DELTACHI2_GT25_ZCAT_PRIMARY
DESI000295,200.028154687207,-0.84641421614,STAR,G,-0.000433469044,19.925647980851437,18-20,39627769964921509,dark,DESI_DR1_V161,ZWARN0_DELTACHI2_GT25_ZCAT_PRIMARY
DESI000296,200.016735383705,-5.402722689113,STAR,K,0.000362977995,18.68470127635778,18-20,39627655326208205,bright,DESI_DR1_V161,ZWARN0_DELTACHI2_GT25_ZCAT_PRIMARY
DESI000297,200.031756301584,-4.46485319938,STAR,K,9.93156455e-05,18.24167266046397,18-20,39627679414096765,bright,DESI_DR1_V161,ZWARN0_DELTACHI2_GT25_ZCAT_PRIMARY
DESI000298,200.023955470035,75.363691482849,STAR,G,-0.000286054382,18.3547639258951,18-20,39633527943202384,backup,DESI_DR1_V161,ZWARN0_DELTACHI2_GT25_ZCAT_PRIMARY
DESI000299,200.021406222374,3.809520995537,STAR,K,0.000108292673,18.09610498819218,18-20,39627878656119435,bright,DESI_DR1_V161,ZWARN0_DELTACHI2_GT25_ZCAT_PRIMARY
DESI000300,200.035556305703,-2.489176811009,STAR,K,-4.49429186e-05,18.592128222260353,18-20,39627727686337323,bright,DESI_DR1_V161,ZWARN0_DELTACHI2_GT25_ZCAT_PRIMARY
DESI000301,225.012991732062,-3.346779958346,STAR,K,-1.70913795e-05,18.494638323760043,18-20,39627709986379385,bright,DESI_DR1_V161,ZWARN0_DELTACHI2_GT25_ZCAT_PRIMARY
DESI000302,225.000124983882,-0.75870664938,STAR,G,-0.00040160351,18.988621238711318,18-20,39627770384351282,bright,DESI_DR1_V161,ZWARN0_DELTACHI2_GT25_ZCAT_PRIMARY
DESI000303,225.024872553767,2.93365929279,STAR,M,-4.52251967e-05,18.171551945141257,18-20,39627860981318182,bright,DESI_DR1_V161,ZWARN0_DELTACHI2_GT25_ZCAT_PRIMARY
DESI000304,225.009354421952,20.660310214485,STAR,G,-0.000709202086,19.060772394450222,18-20,39628279396698832,bright,DESI_DR1_V161,ZWARN0_DELTACHI2_GT25_ZCAT_PRIMARY
DESI000305,225.003230465477,57.981656590736,STAR,M,9.4392733e-05,18.182227031133475,18-20,39633362456939411,bright,DESI_DR1_V161,ZWARN0_DELTACHI2_GT25_ZCAT_PRIMARY
DESI000306,225.001324875128,33.116302471407,STAR,K,-8.4960279e-05,18.92194451686055,18-20,39632941332038824,bright,DESI_DR1_V161,ZWARN0_DELTACHI2_GT25_ZCAT_PRIMARY
DESI000307,225.022541294955,70.755459960261,STAR,M,-7.80856002e-05,18.458026407997643,18-20,39633496062298799,backup,DESI_DR1_V161,ZWARN0_DELTACHI2_GT25_ZCAT_PRIMARY
DESI000308,225.025807653822,50.326615875611,STAR,F,-0.000281166257,19.575498083548784,18-20,39633252436150168,other,DESI_DR1_V161,ZWARN0_DELTACHI2_GT25_ZCAT_PRIMARY
DESI000309,225.003279350236,-1.831762627287,STAR,M,-6.79997878e-05,19.056201654315654,18-20,39627746225160362,bright,DESI_DR1_V161,ZWARN0_DELTACHI2_GT25_ZCAT_PRIMARY
DESI000310,225.013297274253,42.25824442503,STAR,M,0.000112444045,18.3123720990426,18-20,39633118524607805,bright,DESI_DR1_V161,ZWARN0_DELTACHI2_GT25_ZCAT_PRIMARY
DESI000311,225.00927323382,34.462436200018,STAR,G,-0.000284001352,19.005827689179462,18-20,39632971518446739,bright,DESI_DR1_V161,ZWARN0_DELTACHI2_GT25_ZCAT_PRIMARY
DESI000312,225.026850031199,-5.931198609071,STAR,K,-0.00018678803,18.5414334156466,18-20,39627643716373026,bright,DESI_DR1_V161,ZWARN0_DELTACHI2_GT25_ZCAT_PRIMARY
DESI000313,225.020395546062,69.657059810708,STAR,F,-0.000613219168,18.949371918989968,18-20,39633487854045469,backup,DESI_DR1_V161,ZWARN0_DELTACHI2_GT25_ZCAT_PRIMARY
DESI000314,225.001320004562,30.722813746649,STAR,F,-0.000578177374,18.989524130777106,18-20,39628497043324991,bright,DESI_DR1_V161,ZWARN0_DELTACHI2_GT25_ZCAT_PRIMARY
DESI000315,225.004618727121,34.139197363473,STAR,K,-0.00010352618,18.54554669748836,18-20,39632966523028511,bright,DESI_DR1_V161,ZWARN0_DELTACHI2_GT25_ZCAT_PRIMARY
DESI000316,225.02724862685,35.162224058759,STAR,G,-0.000573672867,18.85998120921003,18-20,39632986412418356,bright,DESI_DR1_V161,ZWARN0_DELTACHI2_GT25_ZCAT_PRIMARY
DESI000317,225.004793797416,2.777980105123,STAR,K,-0.000109000513,18.649551848694315,18-20,39627854941519979,bright,DESI_DR1_V161,ZWARN0_DELTACHI2_GT25_ZCAT_PRIMARY
DESI000318,225.019258200903,-0.360920786622,STAR,M,-9.75190997e-05,18.19407135752531,18-20,39627782463947343,bright,DESI_DR1_V161,ZWARN0_DELTACHI2_GT25_ZCAT_PRIMARY
DESI000319,225.008109126648,48.97522414052,STAR,F,-0.000266202246,18.705967920844706,18-20,39633232811001559,bright,DESI_DR1_V161,ZWARN0_DELTACHI2_GT25_ZCAT_PRIMARY
DESI000320,225.01411033751,-2.230026008802,STAR,K,8.68998756e-05,18.961393833437285,18-20,39627734145565038,bright,DESI_DR1_V161,ZWARN0_DELTACHI2_GT25_ZCAT_PRIMARY
DESI000321,225.012043310829,-0.080616604928,STAR,K,0.000171969766,19.090147834247947,18-20,39627788503744899,bright,DESI_DR1_V161,ZWARN0_DELTACHI2_GT25_ZCAT_PRIMARY
DESI000322,225.000390770852,12.053843668196,STAR,WD,-1.5330875e-05,19.308259694751882,18-20,39628076522407305,bright,DESI_DR1_V161,ZWARN0_DELTACHI2_GT25_ZCAT_PRIMARY
DESI000323,225.007047929567,-2.01257559915,STAR,G,0.000301677634,19.05028650339063,18-20,39627740185362621,bright,DESI_DR1_V161,ZWARN0_DELTACHI2_GT25_ZCAT_PRIMARY
DESI000324,225.022515444092,-2.438772505985,STAR,G,0.00029618465,18.835097425123013,18-20,39627728105767651,bright,DESI_DR1_V161,ZWARN0_DELTACHI2_GT25_ZCAT_PRIMARY
DESI000325,225.005844096415,40.848022810001,STAR,M,-4.25455829e-05,18.468480037971084,18-20,39633091307768613,bright,DESI_DR1_V161,ZWARN0_DELTACHI2_GT25_ZCAT_PRIMARY
DESI000326,225.024647836146,36.136022938351,STAR,G,-0.000164869266,18.920887099650276,18-20,39633006062733547,bright,DESI_DR1_V161,ZWARN0_DELTACHI2_GT25_ZCAT_PRIMARY
DESI000327,225.012437612115,11.525580789964,STAR,M,-0.00027652792,18.776770578422614,18-20,39628064681888429,bright,DESI_DR1_V161,ZWARN0_DELTACHI2_GT25_ZCAT_PRIMARY
DESI000328,225.025314972011,46.041183637335,STAR,K,-4.27402911e-05,18.180785005665633,18-20,39633183716673711,bright,DESI_DR1_V161,ZWARN0_DELTACHI2_GT25_ZCAT_PRIMARY
DESI000329,225.02069893692,30.757410193487,STAR,K,-0.000109616421,18.546095745234254,18-20,39628497043325356,bright,DESI_DR1_V161,ZWARN0_DELTACHI2_GT25_ZCAT_PRIMARY
DESI000330,225.006943198307,4.016074022772,STAR,K,-0.000272810473,18.979107486314643,18-20,39627885106958197,bright,DESI_DR1_V161,ZWARN0_DELTACHI2_GT25_ZCAT_PRIMARY
DESI000331,225.000245342454,-0.801311873108,STAR,K,3.36267274e-05,18.252831253144617,18-20,39627770384351286,bright,DESI_DR1_V161,ZWARN0_DELTACHI2_GT25_ZCAT_PRIMARY
DESI000332,225.006874328723,21.813401331059,STAR,G,-0.00036021732,18.666421496630075,18-20,39628301941083271,bright,DESI_DR1_V161,ZWARN0_DELTACHI2_GT25_ZCAT_PRIMARY
DESI000333,225.006774045001,5.035075760322,STAR,G,0.000528291528,18.383187095948184,18-20,39627909211622549,dark,DESI_DR1_V161,ZWARN0_DELTACHI2_GT25_ZCAT_PRIMARY
DESI000334,225.000687444263,34.375708704855,STAR,G,-0.000374512161,18.639572445062914,18-20,39632971518446614,bright,DESI_DR1_V161,ZWARN0_DELTACHI2_GT25_ZCAT_PRIMARY
DESI000335,225.016925646617,31.361803763166,STAR,M,3.41416321e-05,18.438085908019502,18-20,39628507411645585,bright,DESI_DR1_V161,ZWARN0_DELTACHI2_GT25_ZCAT_PRIMARY
DESI000336,225.022973590488,32.355220492839,STAR,M,-5.88230153e-05,18.02297866026006,18-20,39628527993096302,bright,DESI_DR1_V161,ZWARN0_DELTACHI2_GT25_ZCAT_PRIMARY
DESI000337,225.019868332085,-0.271670164333,STAR,K,0.0001714627,19.08877729281899,18-20,39627782463947361,bright,DESI_DR1_V161,ZWARN0_DELTACHI2_GT25_ZCAT_PRIMARY
DESI000338,225.019805283959,41.671567678464,STAR,K,-0.000317903153,18.54462844554115,18-20,39633109519436822,bright,DESI_DR1_V161,ZWARN0_DELTACHI2_GT25_ZCAT_PRIMARY
DESI000339,225.004450986374,2.679487807897,STAR,K,0.000236574103,18.254435362476833,18-20,39627854941519974,bright,DESI_DR1_V161,ZWARN0_DELTACHI2_GT25_ZCAT_PRIMARY
DESI000340,225.013141912372,-1.503036773672,STAR,G,-5.751687e-05,18.00697834701971,18-20,39627752264958367,bright,DESI_DR1_V161,ZWARN0_DELTACHI2_GT25_ZCAT_PRIMARY
DESI000341,225.018380212089,4.241863373353,STAR,K,-9.25601006e-05,18.558308886129208,18-20,39627891138367940,bright,DESI_DR1_V161,ZWARN0_DELTACHI2_GT25_ZCAT_PRIMARY
DESI000342,225.01938354979,31.083813413752,STAR,M,-0.000124796751,18.712439286567754,18-20,39628502231681529,bright,DESI_DR1_V161,ZWARN0_DELTACHI2_GT25_ZCAT_PRIMARY
DESI000343,225.000753648828,-0.82001708844,STAR,G,-0.000270571543,19.074110562297005,18-20,39627770384351303,bright,DESI_DR1_V161,ZWARN0_DELTACHI2_GT25_ZCAT_PRIMARY
DESI000344,225.009661201057,4.65091200644,STAR,K,7.27120289e-05,18.38382648844844,18-20,39627903188601736,bright,DESI_DR1_V161,ZWARN0_DELTACHI2_GT25_ZCAT_PRIMARY
DESI000345,225.001100072308,40.456103142747,STAR,K,-2.56679653e-05,18.65597480024179,18-20,39633086715003713,bright,DESI_DR1_V161,ZWARN0_DELTACHI2_GT25_ZCAT_PRIMARY
DESI000346,225.001420554043,33.269227729565,STAR,F,-0.000807441041,18.776925430201164,18-20,39632946394565595,dark,DESI_DR1_V161,ZWARN0_DELTACHI2_GT25_ZCAT_PRIMARY
DESI000347,225.007384277859,35.145277226009,STAR,M,-0.00027833257,18.62639745931383,18-20,39632986412418147,bright,DESI_DR1_V161,ZWARN0_DELTACHI2_GT25_ZCAT_PRIMARY
DESI000348,225.00652364364,2.47593067446,STAR,K,-0.000267098715,18.222076916959097,18-20,39627848901722292,bright,DESI_DR1_V161,ZWARN0_DELTACHI2_GT25_ZCAT_PRIMARY
DESI000349,225.016667969934,-3.543772242352,STAR,K,3.33388359e-05,18.15776235748318,18-20,39627703954969814,bright,DESI_DR1_V161,ZWARN0_DELTACHI2_GT25_ZCAT_PRIMARY
DESI000350,225.003499966968,75.743871936679,STAR,K,-0.000355050387,18.27996545968334,18-20,39633531097320470,backup,DESI_DR1_V161,ZWARN0_DELTACHI2_GT25_ZCAT_PRIMARY
DESI000351,330.040513926715,-12.830545175028,STAR,G,8.31821013e-05,18.443682665199688,18-20,39627484450264857,bright,DESI_DR1_V161,ZWARN0_DELTACHI2_GT25_ZCAT_PRIMARY
DESI000352,330.045650750636,4.106184255864,STAR,K,8.17262156e-05,18.16577930488017,18-20,39627886868564196,bright,DESI_DR1_V161,ZWARN0_DELTACHI2_GT25_ZCAT_PRIMARY
DESI000353,330.044862369167,21.744566354285,STAR,G,-6.88431194e-05,18.519002884711092,18-20,39628303581056193,bright,DESI_DR1_V161,ZWARN0_DELTACHI2_GT25_ZCAT_PRIMARY
DESI000354,330.047951259041,2.122441168124,STAR,K,-0.00015974325,18.23475312742069,18-20,39627838583735704,bright,DESI_DR1_V161,ZWARN0_DELTACHI2_GT25_ZCAT_PRIMARY
DESI000355,330.011123719201,19.541414830924,STAR,G,-0.000489558915,18.804218795768026,18-20,39628252662206973,dark,DESI_DR1_V161,ZWARN0_DELTACHI2_GT25_ZCAT_PRIMARY
DESI000356,330.026165676743,5.006348011046,STAR,K,8.25188165e-05,18.722070320415586,18-20,39627910969035415,bright,DESI_DR1_V161,ZWARN0_DELTACHI2_GT25_ZCAT_PRIMARY
DESI000357,330.05473712021,24.296343318265,STAR,M,-0.000326977667,19.509884408415175,18-20,39628359222693969,bright,DESI_DR1_V161,ZWARN0_DELTACHI2_GT25_ZCAT_PRIMARY
DESI000358,330.00892478246,2.465937810946,STAR,G,-9.64394597e-08,18.235567294185067,18-20,39627850663330033,bright,DESI_DR1_V161,ZWARN0_DELTACHI2_GT25_ZCAT_PRIMARY
DESI000359,330.012444072588,2.322912547111,STAR,G,9.61500092e-05,18.358777053459328,18-20,39627844623532399,bright,DESI_DR1_V161,ZWARN0_DELTACHI2_GT25_ZCAT_PRIMARY
DESI000360,330.038600946911,-0.536109816823,STAR,G,-6.40525051e-05,18.195150055520813,18-20,39627778185758311,bright,DESI_DR1_V161,ZWARN0_DELTACHI2_GT25_ZCAT_PRIMARY
DESI000361,330.017309204222,0.620798004586,STAR,WD,0.00039614041,19.965548289335757,18-20,39627802344948474,bright,DESI_DR1_V161,ZWARN0_DELTACHI2_GT25_ZCAT_PRIMARY
DESI000362,330.032358668055,25.181864904325,STAR,K,-0.000286481379,18.341421475932414,18-20,39628381179874222,bright,DESI_DR1_V161,ZWARN0_DELTACHI2_GT25_ZCAT_PRIMARY
DESI000363,330.039884656769,-8.256009780575,STAR,K,-0.000166294487,19.04104947741772,18-20,39627591467927265,bright,DESI_DR1_V161,ZWARN0_DELTACHI2_GT25_ZCAT_PRIMARY
DESI000364,330.027480870381,15.47567201023,STAR,K,-5.32894456e-05,18.781397492563176,18-20,39628160429459160,bright,DESI_DR1_V161,ZWARN0_DELTACHI2_GT25_ZCAT_PRIMARY
DESI000365,330.033357602235,17.308321498023,STAR,G,-0.00026212354,18.568573141801885,18-20,39628201017739205,bright,DESI_DR1_V161,ZWARN0_DELTACHI2_GT25_ZCAT_PRIMARY
DESI000366,330.002524705923,-5.157175415544,STAR,K,-0.000313732179,18.894710311430558,18-20,39627663521875782,bright,DESI_DR1_V161,ZWARN0_DELTACHI2_GT25_ZCAT_PRIMARY
DESI000367,330.001961948196,-9.296346209505,STAR,M,6.31417425e-05,18.329526929776584,18-20,39627567560394943,bright,DESI_DR1_V161,ZWARN0_DELTACHI2_GT25_ZCAT_PRIMARY
DESI000368,330.052074113523,20.192670240166,STAR,G,-0.000469270616,18.233529820286464,18-20,39628269728828247,bright,DESI_DR1_V161,ZWARN0_DELTACHI2_GT25_ZCAT_PRIMARY
DESI000369,330.007085218644,1.535616386104,STAR,WD,1.26903898e-05,19.51349910063399,18-20,39627826504139143,bright,DESI_DR1_V161,ZWARN0_DELTACHI2_GT25_ZCAT_PRIMARY
DESI000370,330.028279051699,22.284951849354,STAR,G,-0.000662415593,18.778573858224814,18-20,39628314788238501,bright,DESI_DR1_V161,ZWARN0_DELTACHI2_GT25_ZCAT_PRIMARY
DESI000371,330.002332426996,12.973193662198,STAR,WD,0.000206163711,19.92582035292564,18-20,39628101847613511,bright,DESI_DR1_V161,ZWARN0_DELTACHI2_GT25_ZCAT_PRIMARY
DESI000372,330.010912911151,6.758315048164,STAR,K,-0.00101521333,18.693801387137647,18-20,39627953054682902,bright,DESI_DR1_V161,ZWARN0_DELTACHI2_GT25_ZCAT_PRIMARY
DESI000373,330.033608367365,2.911660073772,STAR,G,-0.000939193621,18.733477008824654,18-20,39627862742926008,dark,DESI_DR1_V161,ZWARN0_DELTACHI2_GT25_ZCAT_PRIMARY
DESI000374,330.044749703267,2.871285287876,STAR,K,-0.00012019056,18.029066386209344,18-20,39627856703128627,bright,DESI_DR1_V161,ZWARN0_DELTACHI2_GT25_ZCAT_PRIMARY
DESI000375,330.008179987535,23.016321456177,STAR,K,-0.000267354021,19.16057820948479,18-20,39628331527703083,bright,DESI_DR1_V161,ZWARN0_DELTACHI2_GT25_ZCAT_PRIMARY
DESI000376,330.021112017377,24.471158212955,STAR,K,-0.000793736485,18.848052226622933,18-20,39628364725621593,bright,DESI_DR1_V161,ZWARN0_DELTACHI2_GT25_ZCAT_PRIMARY
DESI000377,330.027784553633,10.716060121487,STAR,G,-7.62342827e-05,18.50046146777663,18-20,39628048617702173,dark,DESI_DR1_V161,ZWARN0_DELTACHI2_GT25_ZCAT_PRIMARY
DESI000378,330.003649801992,9.020790666782,STAR,K,-0.000191292138,19.18234888505191,18-20,39628006938904139,bright,DESI_DR1_V161,ZWARN0_DELTACHI2_GT25_ZCAT_PRIMARY
DESI000379,330.044797865246,0.656876332724,STAR,G,-0.000548386412,18.18560058513657,18-20,39627808384747214,dark,DESI_DR1_V161,ZWARN0_DELTACHI2_GT25_ZCAT_PRIMARY
DESI000380,330.024004980483,5.001360908794,STAR,G,-0.000943674705,18.592006509777207,18-20,39627910969035355,dark,DESI_DR1_V161,ZWARN0_DELTACHI2_GT25_ZCAT_PRIMARY
DESI000381,330.049321324884,3.125549970803,STAR,K,1.36419276e-05,18.700249621208574,18-20,39627868774336466,bright,DESI_DR1_V161,ZWARN0_DELTACHI2_GT25_ZCAT_PRIMARY
DESI000382,330.004912584599,6.37366965339,STAR,G,-2.97279141e-05,18.493366291689405,18-20,39627941042195893,bright,DESI_DR1_V161,ZWARN0_DELTACHI2_GT25_ZCAT_PRIMARY
DESI000383,330.048682464656,2.128973855973,STAR,G,-0.000444668847,18.25385256629943,18-20,39627844623533295,bright,DESI_DR1_V161,ZWARN0_DELTACHI2_GT25_ZCAT_PRIMARY
DESI000384,330.012279903557,13.404579420183,STAR,K,7.6548465e-05,18.372806339710507,18-20,39628113616831722,bright,DESI_DR1_V161,ZWARN0_DELTACHI2_GT25_ZCAT_PRIMARY
DESI000385,330.025590621637,7.960797180325,STAR,K,-0.000181375953,18.271133761426615,18-20,39627983031370216,bright,DESI_DR1_V161,ZWARN0_DELTACHI2_GT25_ZCAT_PRIMARY
DESI000386,330.036403567151,-4.879155233331,STAR,K,-5.89999776e-05,18.234355881849883,18-20,39627669544897141,bright,DESI_DR1_V161,ZWARN0_DELTACHI2_GT25_ZCAT_PRIMARY
DESI000387,330.014877438453,25.785210482244,STAR,K,-9.16882984e-05,18.880152353260712,18-20,39628392093455440,bright,DESI_DR1_V161,ZWARN0_DELTACHI2_GT25_ZCAT_PRIMARY
DESI000388,330.040997988576,17.022264677166,STAR,G,-0.000182652023,19.055764747489157,18-20,39628195237988608,bright,DESI_DR1_V161,ZWARN0_DELTACHI2_GT25_ZCAT_PRIMARY
DESI000389,330.036050104302,0.45208169636,STAR,K,-0.000376405157,19.049928905876452,18-20,39627802344949151,bright,DESI_DR1_V161,ZWARN0_DELTACHI2_GT25_ZCAT_PRIMARY
DESI000390,330.009864750598,1.614826795536,STAR,K,-0.000279905553,18.05540026394401,18-20,39627826504139267,bright,DESI_DR1_V161,ZWARN0_DELTACHI2_GT25_ZCAT_PRIMARY
DESI000391,330.049348740989,27.040278111887,STAR,K,-4.92496936e-05,18.371526296163626,18-20,39628419180265572,bright,DESI_DR1_V161,ZWARN0_DELTACHI2_GT25_ZCAT_PRIMARY
DESI000392,330.004367087707,4.677699588981,STAR,G,-0.000659827017,18.249610636801854,18-20,39627904946014099,bright,DESI_DR1_V161,ZWARN0_DELTACHI2_GT25_ZCAT_PRIMARY
DESI000393,330.049051558591,3.640318454719,STAR,WD,0.000186660534,19.615584753206093,18-20,39627880837154679,bright,DESI_DR1_V161,ZWARN0_DELTACHI2_GT25_ZCAT_PRIMARY
DESI000394,330.032213043308,25.013247276233,STAR,K,-0.000197759175,18.30066279162746,18-20,39628375710499727,bright,DESI_DR1_V161,ZWARN0_DELTACHI2_GT25_ZCAT_PRIMARY
DESI000395,330.027406910995,12.030437842282,STAR,K,-0.000115385876,19.19786945042061,18-20,39628078246269034,bright,DESI_DR1_V161,ZWARN0_DELTACHI2_GT25_ZCAT_PRIMARY
DESI000396,330.032733221541,24.879855862885,STAR,G,-7.21029253e-05,18.56760909340573,18-20,39628375710499739,bright,DESI_DR1_V161,ZWARN0_DELTACHI2_GT25_ZCAT_PRIMARY
DESI000397,330.046765018372,0.025445327961,STAR,WD,0.00010280948,19.048549411947025,18-20,39627790265353910,bright,DESI_DR1_V161,ZWARN0_DELTACHI2_GT25_ZCAT_PRIMARY
DESI000398,330.041829537883,4.554166722824,STAR,G,-0.000347542706,18.806205676706792,18-20,39627898922994403,bright,DESI_DR1_V161,ZWARN0_DELTACHI2_GT25_ZCAT_PRIMARY
DESI000399,330.003218897118,11.902702659519,STAR,K,-0.000411668227,18.663640242615223,18-20,39628078246268405,bright,DESI_DR1_V161,ZWARN0_DELTACHI2_GT25_ZCAT_PRIMARY
DESI000400,330.05279937689,-5.356197761973,STAR,K,-0.00013680198,19.927271390550956,18-20,39627663521876929,bright,DESI_DR1_V161,ZWARN0_DELTACHI2_GT25_ZCAT_PRIMARY
DESI000401,5.654868958046,11.08268971415,STAR,K,-0.000400402968,20.044542479969316,20-21,39628049204904943,dark,DESI_DR1_V161,ZWARN0_DELTACHI2_GT25_ZCAT_PRIMARY
DESI000402,5.339282279174,-3.289287398994,STAR,M,0.000118132132,20.35483511239219,20-21,39627706307971759,bright,DESI_DR1_V161,ZWARN0_DELTACHI2_GT25_ZCAT_PRIMARY
DESI000403,5.149035742447,10.908842891149,STAR,K,-2.76576175e-05,20.99201452729985,20-21,39628049196516479,dark,DESI_DR1_V161,ZWARN0_DELTACHI2_GT25_ZCAT_PRIMARY
DESI000404,5.317263800617,27.767726369413,STAR,K,-0.000256084189,20.41096220460087,20-21,39628430450364371,bright,DESI_DR1_V161,ZWARN0_DELTACHI2_GT25_ZCAT_PRIMARY
DESI000405,5.474473994643,1.757741521131,STAR,F,-0.000764771596,20.016281567934385,20-21,39627827095543339,dark,DESI_DR1_V161,ZWARN0_DELTACHI2_GT25_ZCAT_PRIMARY
DESI000406,5.395694004665,0.530458018865,STAR,G,0.000171925194,20.900880436010674,20-21,39627796896551546,dark,DESI_DR1_V161,ZWARN0_DELTACHI2_GT25_ZCAT_PRIMARY
DESI000407,5.875233021999,17.795563745592,STAR,K,-0.000140410207,20.874952827130954,20-21,39628207363721059,dark,DESI_DR1_V161,ZWARN0_DELTACHI2_GT25_ZCAT_PRIMARY
DESI000408,5.694200945346,25.464065916329,STAR,G,-0.00115521052,20.848502648886463,20-21,39628381720939147,dark,DESI_DR1_V161,ZWARN0_DELTACHI2_GT25_ZCAT_PRIMARY
DESI000409,6.740905021421,-3.098775280769,STAR,F,-0.000476904279,20.644709840328996,20-21,39627712360357727,dark,DESI_DR1_V161,ZWARN0_DELTACHI2_GT25_ZCAT_PRIMARY
DESI000410,6.808296807883,20.44499106735,STAR,WD,-1.10442318e-07,20.000684229363884,20-21,39628270307642292,dark,DESI_DR1_V161,ZWARN0_DELTACHI2_GT25_ZCAT_PRIMARY
DESI000411,5.159425023235,7.637742616498,STAR,G,-0.000549742459,20.881850732769024,20-21,39627971635448430,dark,DESI_DR1_V161,ZWARN0_DELTACHI2_GT25_ZCAT_PRIMARY
DESI000412,5.340037034171,19.585462816104,STAR,G,-0.000867495328,20.42964940857693,20-21,39628247519986463,dark,DESI_DR1_V161,ZWARN0_DELTACHI2_GT25_ZCAT_PRIMARY
DESI000413,6.1985826657,-2.189967714071,STAR,F,-0.000563974556,20.617287737883487,20-21,39627730471361360,dark,DESI_DR1_V161,ZWARN0_DELTACHI2_GT25_ZCAT_PRIMARY
DESI000414,6.553260999467,25.089466781539,STAR,K,-0.000948444793,20.698177776158914,20-21,39628370778001507,dark,DESI_DR1_V161,ZWARN0_DELTACHI2_GT25_ZCAT_PRIMARY
DESI000415,6.86674825832,-1.141293317758,STAR,CV,0.0011271121,20.8227695656747,20-21,39627754643131970,dark,DESI_DR1_V161,ZWARN0_DELTACHI2_GT25_ZCAT_PRIMARY
DESI000416,6.193702289465,5.57431994164,STAR,G,-0.000122695651,20.41103671587021,20-21,39627917596036639,dark,DESI_DR1_V161,ZWARN0_DELTACHI2_GT25_ZCAT_PRIMARY
DESI000417,5.098492630004,6.263573103628,STAR,G,-6.26487765e-05,20.74129221662137,20-21,39627935623153075,dark,DESI_DR1_V161,ZWARN0_DELTACHI2_GT25_ZCAT_PRIMARY
DESI000418,5.05635318913,24.848751806036,STAR,K,7.47735151e-05,20.46498399480571,20-21,39628365262489824,dark,DESI_DR1_V161,ZWARN0_DELTACHI2_GT25_ZCAT_PRIMARY
DESI000419,7.03020165284,1.783565048529,STAR,K,-0.000369696222,20.94467485459929,20-21,39627827124896697,dark,DESI_DR1_V161,ZWARN0_DELTACHI2_GT25_ZCAT_PRIMARY
DESI000420,5.656371004764,18.854073617296,STAR,K,-0.000554059047,20.936922145557208,20-21,39628230361090400,dark,DESI_DR1_V161,ZWARN0_DELTACHI2_GT25_ZCAT_PRIMARY
DESI000421,6.619294618696,26.408547935445,STAR,K,3.93430117e-05,20.23763259222286,20-21,39628403510350262,bright,DESI_DR1_V161,ZWARN0_DELTACHI2_GT25_ZCAT_PRIMARY
DESI000422,5.111967134736,11.553831289644,STAR,G,-0.000897744353,20.799768854739163,20-21,39628061066395882,dark,DESI_DR1_V161,ZWARN0_DELTACHI2_GT25_ZCAT_PRIMARY
DESI000423,5.494969955246,14.83617179677,STAR,WD,1.26557649e-05,20.40311018068451,20-21,39628137650193668,dark,DESI_DR1_V161,ZWARN0_DELTACHI2_GT25_ZCAT_PRIMARY
DESI000424,6.110797766967,-10.995806977817,STAR,G,-0.000363879644,20.728034500647496,20-21,39627520546439410,dark,DESI_DR1_V161,ZWARN0_DELTACHI2_GT25_ZCAT_PRIMARY
DESI000425,5.818181015505,24.804259694827,STAR,K,-0.000113038564,20.156008451094817,20-21,39628365275071494,bright,DESI_DR1_V161,ZWARN0_DELTACHI2_GT25_ZCAT_PRIMARY
DESI000426,5.706489603777,27.21016338414,STAR,M,-0.000391603016,20.577173587743218,20-21,39628419712943868,bright,DESI_DR1_V161,ZWARN0_DELTACHI2_GT25_ZCAT_PRIMARY
DESI000427,6.498000404065,26.117676020671,STAR,K,-0.000188859564,20.74313118839706,20-21,39628392647100717,dark,DESI_DR1_V161,ZWARN0_DELTACHI2_GT25_ZCAT_PRIMARY
DESI000428,6.472774010891,24.146055043084,STAR,K,-0.000475896135,20.283348845850043,20-21,39628354260831488,dark,DESI_DR1_V161,ZWARN0_DELTACHI2_GT25_ZCAT_PRIMARY
DESI000429,6.296697257737,-12.140910625278,STAR,F,-0.000263644485,20.258914579578356,20-21,39627490951433516,dark,DESI_DR1_V161,ZWARN0_DELTACHI2_GT25_ZCAT_PRIMARY
DESI000430,6.594320014521,-0.134056930518,STAR,G,-0.000437593631,20.736608864265797,20-21,39627778798128524,dark,DESI_DR1_V161,ZWARN0_DELTACHI2_GT25_ZCAT_PRIMARY
DESI000431,7.007288046078,6.921412335305,STAR,WD,6.33206496e-05,20.533912972216847,20-21,39627953671245688,dark,DESI_DR1_V161,ZWARN0_DELTACHI2_GT25_ZCAT_PRIMARY
DESI000432,5.803429652643,17.894890982379,STAR,G,0.000132533054,20.734180798233727,20-21,39628213126693404,dark,DESI_DR1_V161,ZWARN0_DELTACHI2_GT25_ZCAT_PRIMARY
DESI000433,5.90016532845,10.112331082301,STAR,K,-0.000446087515,20.6521870930313,20-21,39628025419007190,dark,DESI_DR1_V161,ZWARN0_DELTACHI2_GT25_ZCAT_PRIMARY
DESI000434,5.980994693802,-0.094200172608,STAR,K,0.000352491727,20.207541995024023,20-21,39627784825350103,dark,DESI_DR1_V161,ZWARN0_DELTACHI2_GT25_ZCAT_PRIMARY
DESI000435,5.203550827948,2.879851758554,STAR,G,-0.000936933498,20.473461124878405,20-21,39627857290335801,dark,DESI_DR1_V161,ZWARN0_DELTACHI2_GT25_ZCAT_PRIMARY
DESI000436,6.756086911422,19.320684683651,STAR,WD,0.000132455284,20.329564897850904,20-21,39628241828318178,dark,DESI_DR1_V161,ZWARN0_DELTACHI2_GT25_ZCAT_PRIMARY
DESI000437,5.5518788257,3.136456158342,STAR,G,-0.00033175459,20.72379901181298,20-21,39627863338517794,dark,DESI_DR1_V161,ZWARN0_DELTACHI2_GT25_ZCAT_PRIMARY
DESI000438,5.729554189853,-6.451893881974,STAR,K,6.33359497e-05,20.37311339465982,20-21,39627628038068313,dark,DESI_DR1_V161,ZWARN0_DELTACHI2_GT25_ZCAT_PRIMARY
DESI000439,6.65799226411,24.28618186094,STAR,K,-0.000322074871,20.81301931870922,20-21,39628354265023845,dark,DESI_DR1_V161,ZWARN0_DELTACHI2_GT25_ZCAT_PRIMARY
DESI000440,7.069462773866,23.864503776298,STAR,K,-0.000902997694,20.47864549438758,20-21,39628343204647556,dark,DESI_DR1_V161,ZWARN0_DELTACHI2_GT25_ZCAT_PRIMARY
DESI000441,5.103379536272,10.926636291961,STAR,G,-0.00167680224,20.68404805989889,20-21,39628049196515628,dark,DESI_DR1_V161,ZWARN0_DELTACHI2_GT25_ZCAT_PRIMARY
DESI000442,6.738262341389,25.984732486325,STAR,K,-0.000153550207,20.1427015929958,20-21,39628392651294125,bright,DESI_DR1_V161,ZWARN0_DELTACHI2_GT25_ZCAT_PRIMARY
DESI000443,5.027602062239,-0.866535654455,STAR,K,7.08968084e-06,20.05500319078785,20-21,39627766693364765,dark,DESI_DR1_V161,ZWARN0_DELTACHI2_GT25_ZCAT_PRIMARY
DESI000444,6.706828828804,24.660056171391,STAR,G,-0.00037018603,20.162794807792345,20-21,39628365287655411,dark,DESI_DR1_V161,ZWARN0_DELTACHI2_GT25_ZCAT_PRIMARY
DESI000445,5.027220191069,11.042619101392,STAR,M,-9.5667954e-05,20.044358109211103,20-21,39628049192324550,dark,DESI_DR1_V161,ZWARN0_DELTACHI2_GT25_ZCAT_PRIMARY
DESI000446,7.011739909909,7.043168784645,STAR,M,-3.800462e-05,20.13766991728252,20-21,39627953671245765,bright,DESI_DR1_V161,ZWARN0_DELTACHI2_GT25_ZCAT_PRIMARY
DESI000447,5.594238845677,10.196071724053,STAR,G,-0.000533936992,20.205531448452824,20-21,39628031370723502,dark,DESI_DR1_V161,ZWARN0_DELTACHI2_GT25_ZCAT_PRIMARY
DESI000448,5.211294449562,14.65132339895,STAR,K,-0.000328193076,20.988889435375018,20-21,39628137645999257,dark,DESI_DR1_V161,ZWARN0_DELTACHI2_GT25_ZCAT_PRIMARY
DESI000449,5.012953018235,2.961810875929,STAR,K,-0.000506550255,20.85244266202524,20-21,39627857290330560,dark,DESI_DR1_V161,ZWARN0_DELTACHI2_GT25_ZCAT_PRIMARY
DESI000450,5.608008255641,29.197367329461,STAR,K,-0.000666348741,20.238818399442287,20-21,39628462389988413,bright,DESI_DR1_V161,ZWARN0_DELTACHI2_GT25_ZCAT_PRIMARY
DESI000451,35.631789619599,-6.44711162829,STAR,M,-3.76078318e-05,20.447897669445595,20-21,39627628537191118,bright,DESI_DR1_V161,ZWARN0_DELTACHI2_GT25_ZCAT_PRIMARY
DESI000452,35.649861303887,-0.368055496522,STAR,G,-0.000493757927,20.54397969951053,20-21,39627779284669764,dark,DESI_DR1_V161,ZWARN0_DELTACHI2_GT25_ZCAT_PRIMARY
DESI000453,35.084912085185,-3.098562901503,STAR,M,-0.000102905523,20.32774852323352,20-21,39627712838502278,dark,DESI_DR1_V161,ZWARN0_DELTACHI2_GT25_ZCAT_PRIMARY
DESI000454,35.55228940193,2.536558216177,STAR,A,-0.000545941337,20.181116023766982,20-21,39627845722441363,bright,DESI_DR1_V161,ZWARN0_DELTACHI2_GT25_ZCAT_PRIMARY
DESI000455,35.191457629424,25.595757874064,STAR,WD,-0.000232770341,20.10662958668854,20-21,39628382169728175,dark,DESI_DR1_V161,ZWARN0_DELTACHI2_GT25_ZCAT_PRIMARY
DESI000456,35.538670101751,-0.847229873736,STAR,G,-0.000485723973,20.970444879153007,20-21,39627767205070289,dark,DESI_DR1_V161,ZWARN0_DELTACHI2_GT25_ZCAT_PRIMARY
DESI000457,35.448083431895,31.865660150104,STAR,K,-5.1922332e-05,20.04604236210371,20-21,39628515015922438,bright,DESI_DR1_V161,ZWARN0_DELTACHI2_GT25_ZCAT_PRIMARY
DESI000458,35.786005599047,28.773987426153,STAR,K,-1.240837e-05,20.86626201070172,20-21,39628452239772626,dark,DESI_DR1_V161,ZWARN0_DELTACHI2_GT25_ZCAT_PRIMARY
DESI000459,35.001205367221,10.779251148329,STAR,K,0.000320605204,20.685845601337903,20-21,39628043748117761,dark,DESI_DR1_V161,ZWARN0_DELTACHI2_GT25_ZCAT_PRIMARY
DESI000460,35.902756163741,28.698328773865,STAR,M,-2.80233618e-05,20.584983446020264,20-21,39628452243964161,dark,DESI_DR1_V161,ZWARN0_DELTACHI2_GT25_ZCAT_PRIMARY
DESI000461,35.254630874943,-17.823122627286,STAR,G,0.000248262529,20.899474894088716,20-21,39627363025162986,dark,DESI_DR1_V161,ZWARN0_DELTACHI2_GT25_ZCAT_PRIMARY
DESI000462,35.446938179969,-1.700246080482,STAR,F,-0.00058562487,20.364445989209116,20-21,39627743041690657,dark,DESI_DR1_V161,ZWARN0_DELTACHI2_GT25_ZCAT_PRIMARY
DESI000463,35.543427065951,3.216229776053,STAR,F,-0.000518511761,20.178126008258914,20-21,39627863837646695,bright,DESI_DR1_V161,ZWARN0_DELTACHI2_GT25_ZCAT_PRIMARY
DESI000464,35.696860823259,2.002161111856,STAR,WD,0.000136252946,20.65542277842133,20-21,39627833642850681,bright,DESI_DR1_V161,ZWARN0_DELTACHI2_GT25_ZCAT_PRIMARY
DESI000465,35.726336984018,25.37505187625,STAR,K,0.000167737261,20.098570975818223,20-21,39628382178116593,dark,DESI_DR1_V161,ZWARN0_DELTACHI2_GT25_ZCAT_PRIMARY
DESI000466,35.99685634453,28.202778888018,STAR,G,-0.000944190651,20.71311134635971,20-21,39628441598825108,dark,DESI_DR1_V161,ZWARN0_DELTACHI2_GT25_ZCAT_PRIMARY
DESI000467,35.588059586388,28.904367305089,STAR,K,-6.31237289e-05,20.65536122632981,20-21,39628457537179705,dark,DESI_DR1_V161,ZWARN0_DELTACHI2_GT25_ZCAT_PRIMARY
DESI000468,35.607221082964,3.426536959446,STAR,M,4.45213484e-05,20.120655940607648,20-21,39627869873244157,bright,DESI_DR1_V161,ZWARN0_DELTACHI2_GT25_ZCAT_PRIMARY
DESI000469,36.070598151343,2.98991484215,STAR,K,0.000333355662,20.071038109802714,20-21,39627857810426046,dark,DESI_DR1_V161,ZWARN0_DELTACHI2_GT25_ZCAT_PRIMARY
DESI000470,35.306245855653,2.945464845506,STAR,M,-8.32983754e-05,20.072579713804995,20-21,39636653890864938,bright,DESI_DR1_V161,ZWARN0_DELTACHI2_GT25_ZCAT_PRIMARY
DESI000471,35.409168927702,28.754711153812,STAR,G,-0.000234213344,20.276649082491172,20-21,39628452235576820,dark,DESI_DR1_V161,ZWARN0_DELTACHI2_GT25_ZCAT_PRIMARY
DESI000472,35.502573868892,6.363819746301,STAR,G,-0.000592294062,20.885533378268278,20-21,39627936130663730,dark,DESI_DR1_V161,ZWARN0_DELTACHI2_GT25_ZCAT_PRIMARY
DESI000473,35.65224176919,-8.015189391155,STAR,M,6.78223354e-05,20.07155521373373,20-21,39627592558448069,bright,DESI_DR1_V161,ZWARN0_DELTACHI2_GT25_ZCAT_PRIMARY
DESI000474,35.401286113984,0.386276919073,STAR,F,-0.000470521784,20.281356238555897,20-21,39627797399868243,dark,DESI_DR1_V161,ZWARN0_DELTACHI2_GT25_ZCAT_PRIMARY
DESI000475,35.273508797558,29.838089863276,STAR,K,9.89333789e-05,20.581232820742017,20-21,39628473366482850,bright,DESI_DR1_V161,ZWARN0_DELTACHI2_GT25_ZCAT_PRIMARY
DESI000476,36.036845910889,6.518541863922,STAR,M,0.000204753056,20.17737914999605,20-21,39627942145296097,dark,DESI_DR1_V161,ZWARN0_DELTACHI2_GT25_ZCAT_PRIMARY
DESI000477,35.032485968892,30.139579252375,STAR,G,-0.000208048097,20.760254351906852,20-21,39628483856434405,dark,DESI_DR1_V161,ZWARN0_DELTACHI2_GT25_ZCAT_PRIMARY
DESI000478,35.1597424315,31.15684929738,STAR,K,-0.00116158175,20.221543938765606,20-21,39628504681155434,dark,DESI_DR1_V161,ZWARN0_DELTACHI2_GT25_ZCAT_PRIMARY
DESI000479,35.519297323289,-2.116774961137,STAR,F,-0.000411057084,20.864931856030655,20-21,39627737006080810,dark,DESI_DR1_V161,ZWARN0_DELTACHI2_GT25_ZCAT_PRIMARY
DESI000480,35.797548976323,26.895198160131,STAR,M,8.57324212e-05,20.011389184254924,20-21,39628414767861250,bright,DESI_DR1_V161,ZWARN0_DELTACHI2_GT25_ZCAT_PRIMARY
DESI000481,35.076173881402,-2.970367963734,STAR,G,-0.000517062994,20.673726641992488,20-21,39627712838502054,dark,DESI_DR1_V161,ZWARN0_DELTACHI2_GT25_ZCAT_PRIMARY
DESI000482,35.798548796757,30.547200502818,STAR,K,-0.000660612509,20.325432501808447,20-21,39628489090928698,bright,DESI_DR1_V161,ZWARN0_DELTACHI2_GT25_ZCAT_PRIMARY
DESI000483,35.566142119852,30.344144439403,STAR,K,-0.000414646798,20.531557833613803,20-21,39628483864822267,dark,DESI_DR1_V161,ZWARN0_DELTACHI2_GT25_ZCAT_PRIMARY
DESI000484,35.104591816662,-3.058638465124,STAR,G,1.64447549e-05,20.34065223163696,20-21,39627712838502787,dark,DESI_DR1_V161,ZWARN0_DELTACHI2_GT25_ZCAT_PRIMARY
DESI000485,35.630860320733,-5.289308018985,STAR,G,-0.00041254634,20.20579256969254,20-21,39627658597762064,dark,DESI_DR1_V161,ZWARN0_DELTACHI2_GT25_ZCAT_PRIMARY
DESI000486,35.726180852768,-7.254313984375,STAR,M,0.000144631307,20.34196654920994,20-21,39627610535237873,bright,DESI_DR1_V161,ZWARN0_DELTACHI2_GT25_ZCAT_PRIMARY
DESI000487,35.857743971337,0.365509076578,STAR,M,-2.02330242e-05,20.242530210512847,20-21,39627791368458008,bright,DESI_DR1_V161,ZWARN0_DELTACHI2_GT25_ZCAT_PRIMARY
DESI000488,35.283598065829,28.388337317109,STAR,G,-0.000347401623,20.50938484962688,20-21,39628446917199128,dark,DESI_DR1_V161,ZWARN0_DELTACHI2_GT25_ZCAT_PRIMARY
DESI000489,35.145501805734,-6.849383686003,STAR,G,-0.000403201021,20.95531152230816,20-21,39627622522559403,dark,DESI_DR1_V161,ZWARN0_DELTACHI2_GT25_ZCAT_PRIMARY
DESI000490,35.513517700716,-7.919413072848,STAR,M,6.3594043e-05,20.829976898566112,20-21,39627592554257165,bright,DESI_DR1_V161,ZWARN0_DELTACHI2_GT25_ZCAT_PRIMARY
DESI000491,35.769103062522,31.440900874789,STAR,M,-5.47324422e-05,20.351664809697457,20-21,39628509865313304,bright,DESI_DR1_V161,ZWARN0_DELTACHI2_GT25_ZCAT_PRIMARY
DESI000492,35.685971170535,3.92025287517,STAR,G,-0.000508129799,20.470722408265573,20-21,39627881936065321,dark,DESI_DR1_V161,ZWARN0_DELTACHI2_GT25_ZCAT_PRIMARY
DESI000493,35.962684073147,-4.04159679765,STAR,K,-0.000109885751,20.094345464128015,20-21,39627688725452160,dark,DESI_DR1_V161,ZWARN0_DELTACHI2_GT25_ZCAT_PRIMARY
DESI000494,35.480865552903,10.486610584576,STAR,F,-0.000738553801,20.547091326068728,20-21,39628037808983762,dark,DESI_DR1_V161,ZWARN0_DELTACHI2_GT25_ZCAT_PRIMARY
DESI000495,35.804873652797,-5.575436077919,STAR,F,-0.000448821626,20.729876653216735,20-21,39627652583134240,dark,DESI_DR1_V161,ZWARN0_DELTACHI2_GT25_ZCAT_PRIMARY
DESI000496,35.144423102926,-3.81005251536,STAR,F,-0.00042544729,20.528682913985893,20-21,39627694744276151,dark,DESI_DR1_V161,ZWARN0_DELTACHI2_GT25_ZCAT_PRIMARY
DESI000497,35.047790695646,6.681655585064,STAR,F,-0.000160000694,20.672695236168448,20-21,39627948134762244,dark,DESI_DR1_V161,ZWARN0_DELTACHI2_GT25_ZCAT_PRIMARY
DESI000498,35.416430523304,31.806766794613,STAR,M,-1.6609161e-05,20.401067648197714,20-21,39628515015921878,bright,DESI_DR1_V161,ZWARN0_DELTACHI2_GT25_ZCAT_PRIMARY
DESI000499,35.879972721227,29.357452503995,STAR,K,3.87323064e-05,20.6773209978948,20-21,39628462834583532,bright,DESI_DR1_V161,ZWARN0_DELTACHI2_GT25_ZCAT_PRIMARY
DESI000500,35.301867897358,22.37454178301,STAR,M,4.55529603e-05,20.320666421499205,20-21,39628310208057212,bright,DESI_DR1_V161,ZWARN0_DELTACHI2_GT25_ZCAT_PRIMARY
DESI000501,125.01769496041,9.564530301504,STAR,G,0.000678410887,20.488457254951726,20-21,39628015470121803,dark,DESI_DR1_V161,ZWARN0_DELTACHI2_GT25_ZCAT_PRIMARY
DESI000502,125.339968055161,32.466103951997,STAR,M,0.000177271635,20.319916865494346,20-21,39632929738981750,dark,DESI_DR1_V161,ZWARN0_DELTACHI2_GT25_ZCAT_PRIMARY
DESI000503,125.141961813098,36.522691408614,STAR,G,0.000194330944,20.075369206486243,20-21,39633009585947576,dark,DESI_DR1_V161,ZWARN0_DELTACHI2_GT25_ZCAT_PRIMARY
DESI000504,125.38983059809,12.804361846392,STAR,M,2.40656754e-05,20.626789969945964,20-21,39628092603371015,dark,DESI_DR1_V161,ZWARN0_DELTACHI2_GT25_ZCAT_PRIMARY
DESI000505,125.19133090844,2.492719752862,STAR,F,0.00058021925,20.536454727870773,20-21,39627847224005372,dark,DESI_DR1_V161,ZWARN0_DELTACHI2_GT25_ZCAT_PRIMARY
DESI000506,125.080975841243,8.037231459537,STAR,M,3.32492233e-05,20.906315704097757,20-21,39627979621401750,dark,DESI_DR1_V161,ZWARN0_DELTACHI2_GT25_ZCAT_PRIMARY
DESI000507,125.369375543845,13.971011085106,STAR,K,-8.04928105e-05,20.831064121043394,20-21,39628122018026109,dark,DESI_DR1_V161,ZWARN0_DELTACHI2_GT25_ZCAT_PRIMARY
DESI000508,125.208653832709,4.850700610965,STAR,M,0.000294711406,20.27729645670547,20-21,39627901519268427,dark,DESI_DR1_V161,ZWARN0_DELTACHI2_GT25_ZCAT_PRIMARY
DESI000509,125.206191877321,28.498830929711,STAR,G,-0.000217513127,20.425682691718027,20-21,39628448246792271,dark,DESI_DR1_V161,ZWARN0_DELTACHI2_GT25_ZCAT_PRIMARY
DESI000510,125.185137145853,39.353661329239,STAR,G,0.000154805546,20.830562370242617,20-21,39633062186716930,dark,DESI_DR1_V161,ZWARN0_DELTACHI2_GT25_ZCAT_PRIMARY
DESI000511,125.259049706552,7.22004159447,STAR,WD,0.000191189314,20.50023464365146,20-21,39627961640422635,dark,DESI_DR1_V161,ZWARN0_DELTACHI2_GT25_ZCAT_PRIMARY
DESI000512,125.388364676194,3.391818343819,STAR,WD,0.000186975204,20.792010794822495,20-21,39627871374808995,dark,DESI_DR1_V161,ZWARN0_DELTACHI2_GT25_ZCAT_PRIMARY
DESI000513,125.170591844677,1.245004607206,STAR,K,0.000156638112,20.101854979287793,20-21,39627817025016161,dark,DESI_DR1_V161,ZWARN0_DELTACHI2_GT25_ZCAT_PRIMARY
DESI000514,125.032251650139,16.190724104158,STAR,G,-0.00029690209,20.473059864372566,20-21,39628174564265496,dark,DESI_DR1_V161,ZWARN0_DELTACHI2_GT25_ZCAT_PRIMARY
DESI000515,125.396845885237,7.30921365678,STAR,K,0.000331312633,20.959147359773308,20-21,39627961644614360,dark,DESI_DR1_V161,ZWARN0_DELTACHI2_GT25_ZCAT_PRIMARY
DESI000516,125.392504835685,12.786234892995,STAR,K,0.00110295661,20.6777810113934,20-21,39628092603371052,dark,DESI_DR1_V161,ZWARN0_DELTACHI2_GT25_ZCAT_PRIMARY
DESI000517,125.194073312899,19.256494630319,STAR,F,0.000365207048,20.98657305487909,20-21,39628243707366452,dark,DESI_DR1_V161,ZWARN0_DELTACHI2_GT25_ZCAT_PRIMARY
DESI000518,125.429356548325,1.582981595696,STAR,G,0.000407722847,20.887267538242575,20-21,39627823069009247,dark,DESI_DR1_V161,ZWARN0_DELTACHI2_GT25_ZCAT_PRIMARY
DESI000519,125.425970900566,13.086802089319,STAR,K,0.000372908429,20.937982869866136,20-21,39628098500559648,dark,DESI_DR1_V161,ZWARN0_DELTACHI2_GT25_ZCAT_PRIMARY
DESI000520,125.324534294529,-0.206053084988,STAR,K,0.000407499761,20.57728259805169,20-21,39627780790421348,dark,DESI_DR1_V161,ZWARN0_DELTACHI2_GT25_ZCAT_PRIMARY
DESI000521,125.108913664638,11.821072656661,STAR,K,0.000235942805,20.819157210002523,20-21,39628068960079379,dark,DESI_DR1_V161,ZWARN0_DELTACHI2_GT25_ZCAT_PRIMARY
DESI000522,125.133640955766,20.678799877299,STAR,K,5.07428893e-05,20.677302763490424,20-21,39628277828028889,dark,DESI_DR1_V161,ZWARN0_DELTACHI2_GT25_ZCAT_PRIMARY
DESI000523,125.020386327066,18.70552549962,STAR,G,0.000546626565,20.967807347142372,20-21,39628232261109746,dark,DESI_DR1_V161,ZWARN0_DELTACHI2_GT25_ZCAT_PRIMARY
DESI000524,125.442010117471,17.344311951705,STAR,K,0.000373233628,20.911743117322157,20-21,39628197733598132,dark,DESI_DR1_V161,ZWARN0_DELTACHI2_GT25_ZCAT_PRIMARY
DESI000525,125.27155493363,9.07387089614,STAR,G,0.00032909043,20.450732264171506,20-21,39628003541519628,dark,DESI_DR1_V161,ZWARN0_DELTACHI2_GT25_ZCAT_PRIMARY
DESI000526,125.437992415208,5.001945929872,STAR,K,0.00028672766,20.476654664332823,20-21,39627907546482627,dark,DESI_DR1_V161,ZWARN0_DELTACHI2_GT25_ZCAT_PRIMARY
DESI000527,125.043439339377,34.369037343321,STAR,K,3.64103869e-05,20.393735886184253,20-21,39632965130521757,dark,DESI_DR1_V161,ZWARN0_DELTACHI2_GT25_ZCAT_PRIMARY
DESI000528,125.302424970004,6.851701978355,STAR,M,9.30007576e-05,20.74852840045953,20-21,39627949640518080,bright,DESI_DR1_V161,ZWARN0_DELTACHI2_GT25_ZCAT_PRIMARY
DESI000529,125.132189868135,5.590863170957,STAR,M,0.000315176529,20.77784302505617,20-21,39627919584135861,dark,DESI_DR1_V161,ZWARN0_DELTACHI2_GT25_ZCAT_PRIMARY
DESI000530,125.110823248514,4.905282054937,STAR,WD,0.000120494836,20.971841785746168,20-21,39627907542286689,dark,DESI_DR1_V161,ZWARN0_DELTACHI2_GT25_ZCAT_PRIMARY
DESI000531,125.008418120711,3.748649334811,STAR,G,0.00039842685,20.295387602660355,20-21,39627877402020316,dark,DESI_DR1_V161,ZWARN0_DELTACHI2_GT25_ZCAT_PRIMARY
DESI000532,125.406539960132,31.747248709736,STAR,K,7.61150709e-05,20.996091184443344,20-21,39628516303573098,dark,DESI_DR1_V161,ZWARN0_DELTACHI2_GT25_ZCAT_PRIMARY
DESI000533,125.376093669969,17.288652485409,STAR,G,0.000405300902,20.40413052664938,20-21,39628197729407688,dark,DESI_DR1_V161,ZWARN0_DELTACHI2_GT25_ZCAT_PRIMARY
DESI000534,125.068451179561,76.899487709434,STAR,G,-0.000315341418,20.74066917854215,20-21,39633537892093289,dark,DESI_DR1_V161,ZWARN0_DELTACHI2_GT25_ZCAT_PRIMARY
DESI000535,125.182356645068,15.652222510474,STAR,G,0.000265227015,20.601389450301816,20-21,39628162937654873,dark,DESI_DR1_V161,ZWARN0_DELTACHI2_GT25_ZCAT_PRIMARY
DESI000536,125.363706632006,-0.152411853468,STAR,K,0.000294687369,20.34254838986028,20-21,39627780790422310,dark,DESI_DR1_V161,ZWARN0_DELTACHI2_GT25_ZCAT_PRIMARY
DESI000537,125.427891264906,14.036898033768,STAR,K,0.000262704809,20.561294278590136,20-21,39628122022216172,dark,DESI_DR1_V161,ZWARN0_DELTACHI2_GT25_ZCAT_PRIMARY
DESI000538,125.245662270394,21.249837877523,STAR,K,0.000225674075,20.95381547366841,20-21,39628289123290344,dark,DESI_DR1_V161,ZWARN0_DELTACHI2_GT25_ZCAT_PRIMARY
DESI000539,125.425467374357,17.315618065957,STAR,G,0.000328976532,20.323917076450343,20-21,39628197733597817,dark,DESI_DR1_V161,ZWARN0_DELTACHI2_GT25_ZCAT_PRIMARY
DESI000540,125.329467760799,44.321300732444,STAR,G,0.000128988709,20.453116023755708,20-21,39633152603328549,dark,DESI_DR1_V161,ZWARN0_DELTACHI2_GT25_ZCAT_PRIMARY
DESI000541,125.104572959919,0.832227300586,STAR,M,9.64746308e-05,20.714567626364527,20-21,39627804945418723,dark,DESI_DR1_V161,ZWARN0_DELTACHI2_GT25_ZCAT_PRIMARY
DESI000542,125.340893825181,72.292264478311,STAR,K,-0.000216136182,20.83331902570594,20-21,39633507105901414,dark,DESI_DR1_V161,ZWARN0_DELTACHI2_GT25_ZCAT_PRIMARY
DESI000543,125.050924747317,19.109375621039,STAR,K,9.77832641e-05,20.99454334451836,20-21,39628237986336502,dark,DESI_DR1_V161,ZWARN0_DELTACHI2_GT25_ZCAT_PRIMARY
DESI000544,125.311692804535,3.000600297994,STAR,WD,-0.000124656709,20.82163275993575,20-21,39627859307791848,dark,DESI_DR1_V161,ZWARN0_DELTACHI2_GT25_ZCAT_PRIMARY
DESI000545,125.392961810797,2.086150979491,STAR,K,0.00020515823,20.08405659601074,20-21,39627835148603411,dark,DESI_DR1_V161,ZWARN0_DELTACHI2_GT25_ZCAT_PRIMARY
DESI000546,125.390092754996,0.601556337682,STAR,G,0.000337866479,20.134542604361435,20-21,39627798909815931,dark,DESI_DR1_V161,ZWARN0_DELTACHI2_GT25_ZCAT_PRIMARY
DESI000547,125.290867204117,7.478717824097,STAR,G,0.000345961662,20.213553773804616,20-21,39627967638279124,dark,DESI_DR1_V161,ZWARN0_DELTACHI2_GT25_ZCAT_PRIMARY
DESI000548,125.359724203027,5.050517727665,STAR,G,0.000374772296,20.184143883435862,20-21,39627907546480971,dark,DESI_DR1_V161,ZWARN0_DELTACHI2_GT25_ZCAT_PRIMARY
DESI000549,125.393625847448,1.493458066359,STAR,K,-3.17966329e-05,20.21593948908335,20-21,39627823069008186,bright,DESI_DR1_V161,ZWARN0_DELTACHI2_GT25_ZCAT_PRIMARY
DESI000550,125.0790311462,39.250145603473,STAR,K,-0.000411686854,20.462584039804337,20-21,39633062186715355,dark,DESI_DR1_V161,ZWARN0_DELTACHI2_GT25_ZCAT_PRIMARY
DESI000551,150.167204119634,-3.161136490153,STAR,K,0.000265348359,20.22570485706236,20-21,39627708732281748,dark,DESI_DR1_V161,ZWARN0_DELTACHI2_GT25_ZCAT_PRIMARY
DESI000552,150.483229954846,-5.434580394054,STAR,M,0.000190025626,20.107022528808987,20-21,39627654499928388,bright,DESI_DR1_V161,ZWARN0_DELTACHI2_GT25_ZCAT_PRIMARY
DESI000553,150.447738621879,-7.723559583814,STAR,G,0.000906265363,20.340035764386204,20-21,39627600456323120,dark,DESI_DR1_V161,ZWARN0_DELTACHI2_GT25_ZCAT_PRIMARY
DESI000554,150.410284235787,-3.794643889353,STAR,K,0.000341552817,20.04580224168014,20-21,39627696673657279,dark,DESI_DR1_V161,ZWARN0_DELTACHI2_GT25_ZCAT_PRIMARY
DESI000555,150.309501803066,-5.569154311363,STAR,WD,0.000425818227,20.49982164672737,20-21,39627654495736262,bright,DESI_DR1_V161,ZWARN0_DELTACHI2_GT25_ZCAT_PRIMARY
DESI000556,150.358748857963,9.572976779199,STAR,M,0.000162567054,20.14462628523207,20-21,39628015889551443,bright,DESI_DR1_V161,ZWARN0_DELTACHI2_GT25_ZCAT_PRIMARY
DESI000557,150.419119571066,7.222058556761,STAR,WD,0.000416539693,20.72334445154816,20-21,39627962059851702,dark,DESI_DR1_V161,ZWARN0_DELTACHI2_GT25_ZCAT_PRIMARY
DESI000558,150.8503016,-1.3432271,STAR,G,0.000396051552,20.49684754998414,20-21,39627757059049713,dark,DESI_DR1_V161,ZWARN0_DELTACHI2_GT25_ZCAT_PRIMARY
DESI000559,150.799559260554,2.240698899098,STAR,G,0.000617683887,20.31950585021318,20-21,39627841616217150,bright,DESI_DR1_V161,ZWARN0_DELTACHI2_GT25_ZCAT_PRIMARY
DESI000560,150.221234289366,1.276499086305,STAR,A,-6.78277467e-05,20.624832666170818,20-21,39627817444446829,dark,DESI_DR1_V161,ZWARN0_DELTACHI2_GT25_ZCAT_PRIMARY
DESI000561,150.450289136135,-8.646214271422,STAR,K,1.7664706e-05,20.024925809263834,20-21,39627576527814924,bright,DESI_DR1_V161,ZWARN0_DELTACHI2_GT25_ZCAT_PRIMARY
DESI000562,150.179823230997,4.256117846401,STAR,F,0.000137957931,20.515644488359342,20-21,39627889884270198,dark,DESI_DR1_V161,ZWARN0_DELTACHI2_GT25_ZCAT_PRIMARY
DESI000563,150.260903065276,2.732853298146,STAR,WD,0.000209623511,20.83301030616762,20-21,39627853687423316,dark,DESI_DR1_V161,ZWARN0_DELTACHI2_GT25_ZCAT_PRIMARY
DESI000564,150.699511389582,5.408186811836,STAR,G,0.000902010255,20.9684455987913,20-21,39627920011953796,dark,DESI_DR1_V161,ZWARN0_DELTACHI2_GT25_ZCAT_PRIMARY
DESI000565,150.298821201684,7.515427168168,STAR,G,0.00110358949,20.28491310325083,20-21,39627968057704621,dark,DESI_DR1_V161,ZWARN0_DELTACHI2_GT25_ZCAT_PRIMARY
DESI000566,150.276086534768,-2.858213202212,STAR,M,8.00636627e-05,20.18016457735741,20-21,39627720811872736,bright,DESI_DR1_V161,ZWARN0_DELTACHI2_GT25_ZCAT_PRIMARY
DESI000567,150.378204073917,3.034383284951,STAR,K,0.000574340089,20.03608580622473,20-21,39627859727223712,dark,DESI_DR1_V161,ZWARN0_DELTACHI2_GT25_ZCAT_PRIMARY
DESI000568,150.440288069221,37.024259172493,STAR,M,-0.000177046377,20.961550671099708,20-21,39633019627111978,dark,DESI_DR1_V161,ZWARN0_DELTACHI2_GT25_ZCAT_PRIMARY
DESI000569,150.516554196547,-1.811343676975,STAR,A,0.000200366839,20.922659702339523,20-21,39627744975257979,dark,DESI_DR1_V161,ZWARN0_DELTACHI2_GT25_ZCAT_PRIMARY
DESI000570,150.503655165787,-3.572342018015,STAR,M,6.80897622e-05,20.89832445094632,20-21,39627702709256990,dark,DESI_DR1_V161,ZWARN0_DELTACHI2_GT25_ZCAT_PRIMARY
DESI000571,150.597323733455,-0.847621738181,STAR,M,0.000184351813,20.083349427637955,20-21,39627769134451112,bright,DESI_DR1_V161,ZWARN0_DELTACHI2_GT25_ZCAT_PRIMARY
DESI000572,150.847527308965,12.411706596268,STAR,F,-0.000148096674,20.999607812552565,20-21,39628087117222424,dark,DESI_DR1_V161,ZWARN0_DELTACHI2_GT25_ZCAT_PRIMARY
DESI000573,150.8385402,-1.8024969,STAR,G,0.000510456541,20.62224702096186,20-21,39627744979453698,dark,DESI_DR1_V161,ZWARN0_DELTACHI2_GT25_ZCAT_PRIMARY
DESI000574,150.187402385247,44.679499825435,STAR,WD,8.05448984e-05,20.40528902534422,20-21,39633161549774992,bright,DESI_DR1_V161,ZWARN0_DELTACHI2_GT25_ZCAT_PRIMARY
DESI000575,150.702299044133,7.14285637322,STAR,K,0.000136195697,20.49628148790459,20-21,39627962064047162,dark,DESI_DR1_V161,ZWARN0_DELTACHI2_GT25_ZCAT_PRIMARY
DESI000576,150.365784608748,1.514243246774,STAR,K,0.000158682756,20.041386484567667,20-21,39627823488436940,dark,DESI_DR1_V161,ZWARN0_DELTACHI2_GT25_ZCAT_PRIMARY
DESI000577,150.442706783548,-3.497462647058,STAR,K,0.000172262233,20.472220886583226,20-21,39627702705067090,dark,DESI_DR1_V161,ZWARN0_DELTACHI2_GT25_ZCAT_PRIMARY
DESI000578,150.245810638553,-0.088708872592,STAR,K,-1.60915835e-05,20.125839600045452,20-21,39627787245459930,dark,DESI_DR1_V161,ZWARN0_DELTACHI2_GT25_ZCAT_PRIMARY
DESI000579,150.02690597504,1.166793708101,STAR,WD,1.96847633e-05,20.416905849484834,20-21,39627817444442804,dark,DESI_DR1_V161,ZWARN0_DELTACHI2_GT25_ZCAT_PRIMARY
DESI000580,150.120889767547,0.521550330059,STAR,F,0.000995936208,20.621526990754788,20-21,39627799325051266,dark,DESI_DR1_V161,ZWARN0_DELTACHI2_GT25_ZCAT_PRIMARY
DESI000581,150.659694674812,-1.08773520978,STAR,K,0.000473451503,20.633500119639223,20-21,39627763094654485,dark,DESI_DR1_V161,ZWARN0_DELTACHI2_GT25_ZCAT_PRIMARY
DESI000582,150.162236932467,38.174065963712,STAR,G,-3.29688081e-05,20.99678979256661,20-21,39633043618529363,dark,DESI_DR1_V161,ZWARN0_DELTACHI2_GT25_ZCAT_PRIMARY
DESI000583,150.01272653297,-8.182409061408,STAR,M,0.000153051394,20.310080743170857,20-21,39627588477387853,bright,DESI_DR1_V161,ZWARN0_DELTACHI2_GT25_ZCAT_PRIMARY
DESI000584,150.129104506855,-8.194134947162,STAR,G,0.000694626081,20.723086599633923,20-21,39627588477389971,dark,DESI_DR1_V161,ZWARN0_DELTACHI2_GT25_ZCAT_PRIMARY
DESI000585,150.757115952411,4.297059151846,STAR,WD,0.000427666462,20.15842288635948,20-21,39627889896850442,dark,DESI_DR1_V161,ZWARN0_DELTACHI2_GT25_ZCAT_PRIMARY
DESI000586,150.228191089527,-3.148942611522,STAR,G,0.000962017906,20.1844063442864,20-21,39627708736471525,dark,DESI_DR1_V161,ZWARN0_DELTACHI2_GT25_ZCAT_PRIMARY
DESI000587,150.324760657334,2.103413655547,STAR,G,0.000373853175,20.414309153071855,20-21,39627835568031375,dark,DESI_DR1_V161,ZWARN0_DELTACHI2_GT25_ZCAT_PRIMARY
DESI000588,150.258613709572,1.725141741295,STAR,K,0.00023386777,20.220293047538135,20-21,39627829528232148,bright,DESI_DR1_V161,ZWARN0_DELTACHI2_GT25_ZCAT_PRIMARY
DESI000589,150.202300918125,7.722219110054,STAR,K,3.43476257e-05,20.69458586983541,20-21,39627974047174630,dark,DESI_DR1_V161,ZWARN0_DELTACHI2_GT25_ZCAT_PRIMARY
DESI000590,150.794244059852,-8.224786016462,STAR,K,-0.00118835791,20.387396054846242,20-21,39627588489971125,dark,DESI_DR1_V161,ZWARN0_DELTACHI2_GT25_ZCAT_PRIMARY
DESI000591,150.248254803882,-8.569571402877,STAR,K,0.000352880997,20.79166182285676,20-21,39627582500504249,dark,DESI_DR1_V161,ZWARN0_DELTACHI2_GT25_ZCAT_PRIMARY
DESI000592,150.267254369294,-8.5218781301,STAR,K,0.000365680816,20.90860976427767,20-21,39627582500504539,dark,DESI_DR1_V161,ZWARN0_DELTACHI2_GT25_ZCAT_PRIMARY
DESI000593,150.166008208226,12.340020849655,STAR,WD,0.000319979826,20.643422800097717,20-21,39628081203250636,dark,DESI_DR1_V161,ZWARN0_DELTACHI2_GT25_ZCAT_PRIMARY
DESI000594,150.324471937725,12.488147736609,STAR,K,-0.00155952721,20.27105600999786,20-21,39628087108832967,dark,DESI_DR1_V161,ZWARN0_DELTACHI2_GT25_ZCAT_PRIMARY
DESI000595,150.318775426098,-1.945481341216,STAR,F,0.000823921005,20.71488638261395,20-21,39627738931266756,dark,DESI_DR1_V161,ZWARN0_DELTACHI2_GT25_ZCAT_PRIMARY
DESI000596,150.292513592021,-4.528635998248,STAR,G,0.000836851643,20.200644731559997,20-21,39627678583622203,dark,DESI_DR1_V161,ZWARN0_DELTACHI2_GT25_ZCAT_PRIMARY
DESI000597,150.613661988804,5.25471832054,STAR,K,0.000232161881,20.90221053432759,20-21,39627913988935547,dark,DESI_DR1_V161,ZWARN0_DELTACHI2_GT25_ZCAT_PRIMARY
DESI000598,150.108418454838,7.933926850692,STAR,K,0.00116598347,20.51369971959337,20-21,39627980036638894,dark,DESI_DR1_V161,ZWARN0_DELTACHI2_GT25_ZCAT_PRIMARY
DESI000599,150.655591299189,-1.557844407658,STAR,M,-3.03770464e-05,20.942823328042152,20-21,39627751015058803,dark,DESI_DR1_V161,ZWARN0_DELTACHI2_GT25_ZCAT_PRIMARY
DESI000600,150.194819905501,14.014358589722,STAR,M,-8.91019949e-06,20.217998617024858,20-21,39628122424870070,bright,DESI_DR1_V161,ZWARN0_DELTACHI2_GT25_ZCAT_PRIMARY
DESI000601,175.597964175349,3.143332723028,STAR,WD,-4.6870724e-05,20.734287553177076,20-21,39627866186451058,dark,DESI_DR1_V161,ZWARN0_DELTACHI2_GT25_ZCAT_PRIMARY
DESI000602,175.297142488333,-6.708699646246,STAR,G,0.000563246276,20.719449387963497,20-21,39627624862975425,dark,DESI_DR1_V161,ZWARN0_DELTACHI2_GT25_ZCAT_PRIMARY
DESI000603,175.805232586882,-7.079213153542,STAR,F,0.000861357598,20.95637989492691,20-21,39627618869315265,dark,DESI_DR1_V161,ZWARN0_DELTACHI2_GT25_ZCAT_PRIMARY
DESI000604,175.635271551898,51.725143874756,STAR,M,-0.000133919416,20.683420335933455,20-21,39633274795983475,bright,DESI_DR1_V161,ZWARN0_DELTACHI2_GT25_ZCAT_PRIMARY
DESI000605,175.806423607266,0.774390644431,STAR,M,0.000198556314,20.529717008309287,20-21,39627805796861296,dark,DESI_DR1_V161,ZWARN0_DELTACHI2_GT25_ZCAT_PRIMARY
DESI000606,175.073975411579,25.511392732373,STAR,G,5.55436029e-06,20.25510797498262,20-21,39628384292045669,dark,DESI_DR1_V161,ZWARN0_DELTACHI2_GT25_ZCAT_PRIMARY
DESI000607,175.149612808262,3.315651822034,STAR,G,-0.000207259562,20.521794695254624,20-21,39627866178063336,dark,DESI_DR1_V161,ZWARN0_DELTACHI2_GT25_ZCAT_PRIMARY
DESI000608,175.832133792478,-6.997308906145,STAR,F,0.000579290993,20.542335970978336,20-21,39627618869315887,dark,DESI_DR1_V161,ZWARN0_DELTACHI2_GT25_ZCAT_PRIMARY
DESI000609,175.418583516387,8.847299399673,STAR,G,0.000607299787,20.762322928083954,20-21,39627998399303937,dark,DESI_DR1_V161,ZWARN0_DELTACHI2_GT25_ZCAT_PRIMARY
DESI000610,175.923872090629,-4.293841776432,STAR,K,0.000234916798,20.171657947669416,20-21,39627685038657414,dark,DESI_DR1_V161,ZWARN0_DELTACHI2_GT25_ZCAT_PRIMARY
DESI000611,175.223244177173,36.831896435176,STAR,WD,0.000231089709,20.12037205343144,20-21,39633015118236532,bright,DESI_DR1_V161,ZWARN0_DELTACHI2_GT25_ZCAT_PRIMARY
DESI000612,175.535974383546,24.253710049294,STAR,K,-0.000159186615,20.81659745658501,20-21,39628356852910985,dark,DESI_DR1_V161,ZWARN0_DELTACHI2_GT25_ZCAT_PRIMARY
DESI000613,175.837078075899,11.702626151929,STAR,WD,0.000364447057,20.759911065146653,20-21,39628069794746337,dark,DESI_DR1_V161,ZWARN0_DELTACHI2_GT25_ZCAT_PRIMARY
DESI000614,175.074382811008,40.982218180772,STAR,G,-0.000268760171,20.722260617772374,20-21,39633095254606181,dark,DESI_DR1_V161,ZWARN0_DELTACHI2_GT25_ZCAT_PRIMARY
DESI000615,175.721026810341,0.268553062169,STAR,G,0.000970437283,20.59354364180066,20-21,39627793713073811,dark,DESI_DR1_V161,ZWARN0_DELTACHI2_GT25_ZCAT_PRIMARY
DESI000616,175.720054588219,6.612101902698,STAR,G,0.000378830689,20.9615401417276,20-21,39627944473138410,dark,DESI_DR1_V161,ZWARN0_DELTACHI2_GT25_ZCAT_PRIMARY
DESI000617,175.147821855438,15.189583343538,STAR,G,-6.8973588e-05,20.218935997558642,20-21,39628152086988092,dark,DESI_DR1_V161,ZWARN0_DELTACHI2_GT25_ZCAT_PRIMARY
DESI000618,175.271397908246,0.330565925455,STAR,M,-3.92146192e-05,20.2773749525432,20-21,39627793708876191,bright,DESI_DR1_V161,ZWARN0_DELTACHI2_GT25_ZCAT_PRIMARY
DESI000619,175.832012829705,6.652185159926,STAR,F,0.000306917021,20.226493746320827,20-21,39627950483572739,dark,DESI_DR1_V161,ZWARN0_DELTACHI2_GT25_ZCAT_PRIMARY
DESI000620,175.544851817623,-5.364979592292,STAR,F,0.000550760092,20.963471356331773,20-21,39627660938183815,dark,DESI_DR1_V161,ZWARN0_DELTACHI2_GT25_ZCAT_PRIMARY
DESI000621,175.465620769184,39.981874071168,STAR,WD,6.28127896e-05,20.726672426641052,20-21,39633076837417286,dark,DESI_DR1_V161,ZWARN0_DELTACHI2_GT25_ZCAT_PRIMARY
DESI000622,175.983411969239,-5.422845902227,STAR,G,0.000342848415,20.590795607382987,20-21,39627654927745065,dark,DESI_DR1_V161,ZWARN0_DELTACHI2_GT25_ZCAT_PRIMARY
DESI000623,175.038595654963,3.351487787534,STAR,G,0.000365769534,20.542189266551308,20-21,39627866178061135,dark,DESI_DR1_V161,ZWARN0_DELTACHI2_GT25_ZCAT_PRIMARY
DESI000624,175.470820134217,-6.995388849175,STAR,K,0.000788410409,20.38774359122028,20-21,39627618865119321,dark,DESI_DR1_V161,ZWARN0_DELTACHI2_GT25_ZCAT_PRIMARY
DESI000625,175.808688185074,7.716642033502,STAR,G,0.000653640448,20.987429998083734,20-21,39627974474991257,dark,DESI_DR1_V161,ZWARN0_DELTACHI2_GT25_ZCAT_PRIMARY
DESI000626,175.322405916428,24.451166847319,STAR,K,0.000208308712,20.20006105400243,20-21,39628362360034133,dark,DESI_DR1_V161,ZWARN0_DELTACHI2_GT25_ZCAT_PRIMARY
DESI000627,175.481805227412,39.22218167931,STAR,F,0.000324535823,20.255847065440562,20-21,39633062841028932,dark,DESI_DR1_V161,ZWARN0_DELTACHI2_GT25_ZCAT_PRIMARY
DESI000628,175.038986451789,25.473191192405,STAR,G,-0.000400331679,20.98161446924478,20-21,39628384292045117,dark,DESI_DR1_V161,ZWARN0_DELTACHI2_GT25_ZCAT_PRIMARY
DESI000629,175.178626309779,38.028391221721,STAR,G,0.000549402959,20.91649804708266,20-21,39633039180958430,dark,DESI_DR1_V161,ZWARN0_DELTACHI2_GT25_ZCAT_PRIMARY
DESI000630,175.037270685364,36.467371853433,STAR,M,4.79527607e-06,20.234945323778796,20-21,39633010261229636,dark,DESI_DR1_V161,ZWARN0_DELTACHI2_GT25_ZCAT_PRIMARY
DESI000631,175.608751121131,3.211978127831,STAR,M,0.000226976471,20.371935179141367,20-21,39627866186451271,bright,DESI_DR1_V161,ZWARN0_DELTACHI2_GT25_ZCAT_PRIMARY
DESI000632,175.377109346232,-4.875828607749,STAR,F,0.000475725655,20.759744927096065,20-21,39627666957012334,dark,DESI_DR1_V161,ZWARN0_DELTACHI2_GT25_ZCAT_PRIMARY
DESI000633,175.546087455074,5.24025355887,STAR,G,-0.000120250214,20.405459357934816,20-21,39627914408363095,dark,DESI_DR1_V161,ZWARN0_DELTACHI2_GT25_ZCAT_PRIMARY
DESI000634,175.289335647011,-5.537724390803,STAR,K,5.83313479e-05,20.73037225175664,20-21,39627654915163204,dark,DESI_DR1_V161,ZWARN0_DELTACHI2_GT25_ZCAT_PRIMARY
DESI000635,175.001712702614,-0.812210598989,STAR,K,2.2805278e-05,20.665418529917822,20-21,39627769545490507,dark,DESI_DR1_V161,ZWARN0_DELTACHI2_GT25_ZCAT_PRIMARY
DESI000636,175.14115146956,0.89053952175,STAR,K,0.000492828296,20.678184443524966,20-21,39627811824077560,dark,DESI_DR1_V161,ZWARN0_DELTACHI2_GT25_ZCAT_PRIMARY
DESI000637,175.000942511257,43.002381164816,STAR,G,-3.26949836e-05,20.03393624028886,20-21,39633131271095406,dark,DESI_DR1_V161,ZWARN0_DELTACHI2_GT25_ZCAT_PRIMARY
DESI000638,175.767794335049,4.590249571658,STAR,K,0.00065704554,20.12091077436444,20-21,39627896343495318,dark,DESI_DR1_V161,ZWARN0_DELTACHI2_GT25_ZCAT_PRIMARY
DESI000639,175.765995953173,36.312165171357,STAR,WD,-3.87129872e-05,20.00486739209997,20-21,39633005395838133,bright,DESI_DR1_V161,ZWARN0_DELTACHI2_GT25_ZCAT_PRIMARY
DESI000640,175.980071848005,-2.161208928275,STAR,G,0.00047568396,20.8723479688693,20-21,39627733319291888,dark,DESI_DR1_V161,ZWARN0_DELTACHI2_GT25_ZCAT_PRIMARY
DESI000641,175.30714627349,1.841435394297,STAR,WD,0.000413935602,20.44199607904686,20-21,39627829947663514,bright,DESI_DR1_V161,ZWARN0_DELTACHI2_GT25_ZCAT_PRIMARY
DESI000642,175.147773343457,-4.050779076579,STAR,K,0.000368965814,20.202743076348977,20-21,39627691057482902,dark,DESI_DR1_V161,ZWARN0_DELTACHI2_GT25_ZCAT_PRIMARY
DESI000643,175.900679210027,-4.813270925933,STAR,G,-0.000122810851,20.142253442486286,20-21,39627672988422246,dark,DESI_DR1_V161,ZWARN0_DELTACHI2_GT25_ZCAT_PRIMARY
DESI000644,175.932526020486,-3.130194433193,STAR,K,9.61661663e-05,20.055199659471942,20-21,39627709164294358,bright,DESI_DR1_V161,ZWARN0_DELTACHI2_GT25_ZCAT_PRIMARY
DESI000645,175.446201319676,1.355440118621,STAR,M,0.000128376546,20.087356935366188,20-21,39627817868070613,dark,DESI_DR1_V161,ZWARN0_DELTACHI2_GT25_ZCAT_PRIMARY
DESI000646,175.140282118444,4.847733411636,STAR,G,-0.000143815955,20.07072170801472,20-21,39627902353935896,dark,DESI_DR1_V161,ZWARN0_DELTACHI2_GT25_ZCAT_PRIMARY
DESI000647,175.235078192372,1.61488538959,STAR,G,0.000272455554,20.092845989260464,20-21,39627823903674476,dark,DESI_DR1_V161,ZWARN0_DELTACHI2_GT25_ZCAT_PRIMARY
DESI000648,175.768497719806,-1.320756580498,STAR,K,0.000222623221,20.75778597919753,20-21,39627757478478268,dark,DESI_DR1_V161,ZWARN0_DELTACHI2_GT25_ZCAT_PRIMARY
DESI000649,175.236829523375,25.963616338115,STAR,K,0.000578178474,20.190580863101122,20-21,39628395193044812,dark,DESI_DR1_V161,ZWARN0_DELTACHI2_GT25_ZCAT_PRIMARY
DESI000650,175.444532464578,2.556377498258,STAR,G,0.000481984969,20.947508748298695,20-21,39627848067059307,dark,DESI_DR1_V161,ZWARN0_DELTACHI2_GT25_ZCAT_PRIMARY
DESI000651,200.052181718237,-5.127604923944,STAR,G,0.000409489688,20.11510813453637,20-21,39627661345036093,dark,DESI_DR1_V161,ZWARN0_DELTACHI2_GT25_ZCAT_PRIMARY
DESI000652,200.625882014207,4.261091758231,STAR,A,6.16935683e-05,20.768173444948776,20-21,39627890731518434,dark,DESI_DR1_V161,ZWARN0_DELTACHI2_GT25_ZCAT_PRIMARY
DESI000653,200.474530310355,39.622944959113,STAR,M,-7.27423686e-05,20.228045116687618,20-21,39633067849024821,bright,DESI_DR1_V161,ZWARN0_DELTACHI2_GT25_ZCAT_PRIMARY
DESI000654,200.261854200615,8.636815824945,STAR,G,0.000732014679,20.40022125755121,20-21,39627998814536464,dark,DESI_DR1_V161,ZWARN0_DELTACHI2_GT25_ZCAT_PRIMARY
DESI000655,200.688019152294,-3.78798087897,STAR,K,-0.000475977607,20.95128577816284,20-21,39627697516712009,dark,DESI_DR1_V161,ZWARN0_DELTACHI2_GT25_ZCAT_PRIMARY
DESI000656,200.562848561641,-2.772789713827,STAR,G,0.00010404487,20.60967684382242,20-21,39627721654928991,dark,DESI_DR1_V161,ZWARN0_DELTACHI2_GT25_ZCAT_PRIMARY
DESI000657,200.347467515866,37.944087961093,STAR,G,-2.71590215e-05,20.021142955327445,20-21,39633039516501077,dark,DESI_DR1_V161,ZWARN0_DELTACHI2_GT25_ZCAT_PRIMARY
DESI000658,200.781940291495,7.073638201286,STAR,G,0.000744155721,20.077450880992053,20-21,39627956900859407,bright,DESI_DR1_V161,ZWARN0_DELTACHI2_GT25_ZCAT_PRIMARY
DESI000659,200.653222056988,7.287665527366,STAR,F,-0.000498946144,20.015823174281245,20-21,39627962898710705,bright,DESI_DR1_V161,ZWARN0_DELTACHI2_GT25_ZCAT_PRIMARY
DESI000660,200.186959550246,36.909149903726,STAR,K,0.000238451976,20.680443593242696,20-21,39633020294006876,dark,DESI_DR1_V161,ZWARN0_DELTACHI2_GT25_ZCAT_PRIMARY
DESI000661,200.07444786153,3.451094370564,STAR,G,0.00023570233,20.56570388985738,20-21,39627872628900867,dark,DESI_DR1_V161,ZWARN0_DELTACHI2_GT25_ZCAT_PRIMARY
DESI000662,200.824908551972,-1.067616932394,STAR,G,-0.000491048016,20.04316441600706,20-21,39627763937707473,dark,DESI_DR1_V161,ZWARN0_DELTACHI2_GT25_ZCAT_PRIMARY
DESI000663,200.103026729533,59.507191578669,STAR,WD,-0.00037957276,20.058032986682935,20-21,39633381117398613,bright,DESI_DR1_V161,ZWARN0_DELTACHI2_GT25_ZCAT_PRIMARY
DESI000664,200.742831379362,-9.37377462173,STAR,G,-0.000272834346,20.976956068296783,20-21,39627565417109339,dark,DESI_DR1_V161,ZWARN0_DELTACHI2_GT25_ZCAT_PRIMARY
DESI000665,200.254393241969,4.946148005838,STAR,G,-9.24286436e-06,20.881415423864823,20-21,39627908796388096,dark,DESI_DR1_V161,ZWARN0_DELTACHI2_GT25_ZCAT_PRIMARY
DESI000666,200.541515275857,-3.814283448223,STAR,K,0.000241542595,20.298543327262845,20-21,39627697516708268,dark,DESI_DR1_V161,ZWARN0_DELTACHI2_GT25_ZCAT_PRIMARY
DESI000667,200.411953552731,2.616464239626,STAR,G,0.000613457559,20.654942367677172,20-21,39627848486489706,dark,DESI_DR1_V161,ZWARN0_DELTACHI2_GT25_ZCAT_PRIMARY
DESI000668,200.544036052823,-1.215252930325,STAR,G,-0.000646424336,20.72974694159963,20-21,39627757893714941,dark,DESI_DR1_V161,ZWARN0_DELTACHI2_GT25_ZCAT_PRIMARY
DESI000669,200.666834452117,5.119714083009,STAR,G,-0.000164473176,20.56483222425108,20-21,39627908804774442,dark,DESI_DR1_V161,ZWARN0_DELTACHI2_GT25_ZCAT_PRIMARY
DESI000670,200.248648726952,-2.728148130957,STAR,F,0.000162767632,20.338398997825692,20-21,39627721646543831,dark,DESI_DR1_V161,ZWARN0_DELTACHI2_GT25_ZCAT_PRIMARY
DESI000671,200.660788281829,-7.974904389022,STAR,F,-0.000193451742,20.701363096093242,20-21,39627595301524516,dark,DESI_DR1_V161,ZWARN0_DELTACHI2_GT25_ZCAT_PRIMARY
DESI000672,200.124136844578,-3.72453607524,STAR,G,0.000418619647,20.98036830925101,20-21,39627697508321304,dark,DESI_DR1_V161,ZWARN0_DELTACHI2_GT25_ZCAT_PRIMARY
DESI000673,200.685949305343,0.502334649869,STAR,G,0.000231193907,20.731962671900277,20-21,39627800172302107,dark,DESI_DR1_V161,ZWARN0_DELTACHI2_GT25_ZCAT_PRIMARY
DESI000674,200.686060177193,0.090123325128,STAR,F,8.81726575e-05,20.956141514829245,20-21,39627788092706829,dark,DESI_DR1_V161,ZWARN0_DELTACHI2_GT25_ZCAT_PRIMARY
DESI000675,200.536734927752,1.423132584717,STAR,K,-5.54927288e-05,20.68357315737136,20-21,39627824331490058,dark,DESI_DR1_V161,ZWARN0_DELTACHI2_GT25_ZCAT_PRIMARY
DESI000676,200.744488312688,36.802843776557,STAR,F,-5.36445824e-05,20.31093630110731,20-21,39633015462168891,dark,DESI_DR1_V161,ZWARN0_DELTACHI2_GT25_ZCAT_PRIMARY
DESI000677,200.665632581323,-0.453497106522,STAR,G,-3.78524885e-05,20.56739622366911,20-21,39627776013110718,dark,DESI_DR1_V161,ZWARN0_DELTACHI2_GT25_ZCAT_PRIMARY
DESI000678,200.171740544446,-9.31657857601,STAR,F,0.000263461331,20.298108888724474,20-21,39627565408718110,bright,DESI_DR1_V161,ZWARN0_DELTACHI2_GT25_ZCAT_PRIMARY
DESI000679,200.826146548413,0.78089096331,STAR,G,0.000467370903,20.682976257043084,20-21,39627806216292370,dark,DESI_DR1_V161,ZWARN0_DELTACHI2_GT25_ZCAT_PRIMARY
DESI000680,200.692376512973,9.672898278231,STAR,F,0.00030077786,20.976769186323835,20-21,39628022684323846,dark,DESI_DR1_V161,ZWARN0_DELTACHI2_GT25_ZCAT_PRIMARY
DESI000681,200.158553007369,0.550682559176,STAR,G,0.000948296936,20.657161576684054,20-21,39627800163913516,dark,DESI_DR1_V161,ZWARN0_DELTACHI2_GT25_ZCAT_PRIMARY
DESI000682,200.424223556539,-8.474655326995,STAR,G,0.00030529777,20.899556937673136,20-21,39627583330981421,dark,DESI_DR1_V161,ZWARN0_DELTACHI2_GT25_ZCAT_PRIMARY
DESI000683,200.274173275404,32.709717168388,STAR,WD,-4.58359609e-05,20.8847286475883,20-21,39632935900415414,dark,DESI_DR1_V161,ZWARN0_DELTACHI2_GT25_ZCAT_PRIMARY
DESI000684,200.389451846418,8.699388414078,STAR,G,0.000860690126,20.007907916344134,20-21,39627998814539067,dark,DESI_DR1_V161,ZWARN0_DELTACHI2_GT25_ZCAT_PRIMARY
DESI000685,200.72396967356,3.444047341497,STAR,G,0.000226127056,20.69103453235439,20-21,39627872637292795,dark,DESI_DR1_V161,ZWARN0_DELTACHI2_GT25_ZCAT_PRIMARY
DESI000686,200.704017497122,1.822922265151,STAR,K,-0.000251351706,20.545306523323177,20-21,39627830371291280,dark,DESI_DR1_V161,ZWARN0_DELTACHI2_GT25_ZCAT_PRIMARY
DESI000687,200.228957745358,-8.366847757117,STAR,G,0.000873556366,20.328153858018673,20-21,39627589312054024,dark,DESI_DR1_V161,ZWARN0_DELTACHI2_GT25_ZCAT_PRIMARY
DESI000688,200.588845017055,33.424578382245,STAR,M,-0.000127820935,20.770709733710273,20-21,39632951104769123,dark,DESI_DR1_V161,ZWARN0_DELTACHI2_GT25_ZCAT_PRIMARY
DESI000689,200.020479486949,33.395731387297,STAR,G,-0.000403052782,20.827547418158133,20-21,39632951096380872,dark,DESI_DR1_V161,ZWARN0_DELTACHI2_GT25_ZCAT_PRIMARY
DESI000690,200.520034808909,47.255296011967,STAR,K,-0.000660899316,20.04832956410905,20-21,39633204235210065,bright,DESI_DR1_V161,ZWARN0_DELTACHI2_GT25_ZCAT_PRIMARY
DESI000691,200.613010077707,0.164057318261,STAR,K,0.000160534102,20.670518575323296,20-21,39627794132503027,dark,DESI_DR1_V161,ZWARN0_DELTACHI2_GT25_ZCAT_PRIMARY
DESI000692,200.395275968694,-1.946857096303,STAR,G,0.000265078994,20.871681372605316,20-21,39627739770129333,dark,DESI_DR1_V161,ZWARN0_DELTACHI2_GT25_ZCAT_PRIMARY
DESI000693,200.242105980536,47.264684729839,STAR,G,-0.000542322205,20.06209625818522,20-21,39633204235207119,dark,DESI_DR1_V161,ZWARN0_DELTACHI2_GT25_ZCAT_PRIMARY
DESI000694,200.02458685063,3.297528756876,STAR,G,-0.000219170778,20.654648667477975,20-21,39627866593300831,dark,DESI_DR1_V161,ZWARN0_DELTACHI2_GT25_ZCAT_PRIMARY
DESI000695,200.191615026317,7.992163755732,STAR,F,8.88617317e-05,20.143211867916854,20-21,39627980871303645,bright,DESI_DR1_V161,ZWARN0_DELTACHI2_GT25_ZCAT_PRIMARY
DESI000696,200.143282314039,-1.612962168414,STAR,K,0.000816752146,20.49508001324357,20-21,39627751845530326,dark,DESI_DR1_V161,ZWARN0_DELTACHI2_GT25_ZCAT_PRIMARY
DESI000697,200.740065459608,0.834968043676,STAR,K,0.000392834092,20.89632959694032,20-21,39627806212102034,dark,DESI_DR1_V161,ZWARN0_DELTACHI2_GT25_ZCAT_PRIMARY
DESI000698,200.536287760632,2.73063985378,STAR,G,0.000107216616,20.191019640365266,20-21,39627854530478842,dark,DESI_DR1_V161,ZWARN0_DELTACHI2_GT25_ZCAT_PRIMARY
DESI000699,200.814960285127,-4.973058249441,STAR,G,0.00102938073,20.281025664656102,20-21,39627667384828102,dark,DESI_DR1_V161,ZWARN0_DELTACHI2_GT25_ZCAT_PRIMARY
DESI000700,200.103112646982,-2.019547257384,STAR,K,-0.00019026444,20.71787086975233,20-21,39627739765934159,dark,DESI_DR1_V161,ZWARN0_DELTACHI2_GT25_ZCAT_PRIMARY
DESI000701,225.114405250529,50.635038528071,STAR,F,-0.000369273798,20.56694589681265,20-21,39633260145281075,other,DESI_DR1_V161,ZWARN0_DELTACHI2_GT25_ZCAT_PRIMARY
DESI000702,225.379206581582,52.711666144241,STAR,K,-0.00041475427,20.79888018542765,20-21,39633290155526058,other,DESI_DR1_V161,ZWARN0_DELTACHI2_GT25_ZCAT_PRIMARY
DESI000703,225.249032415353,4.265537187413,STAR,K,8.97220259e-05,20.05213332139355,20-21,39627891142561666,bright,DESI_DR1_V161,ZWARN0_DELTACHI2_GT25_ZCAT_PRIMARY
DESI000704,225.275430781947,1.496126160355,STAR,K,-0.000211553596,20.987481220512198,20-21,39627824746725894,dark,DESI_DR1_V161,ZWARN0_DELTACHI2_GT25_ZCAT_PRIMARY
DESI000705,225.127567598898,0.754074370999,STAR,K,-4.97605661e-05,20.19098080336631,20-21,39627806623140610,dark,DESI_DR1_V161,ZWARN0_DELTACHI2_GT25_ZCAT_PRIMARY
DESI000706,225.195999704318,50.443894965907,STAR,K,-0.000416080184,20.551311810292002,20-21,39633256303298443,other,DESI_DR1_V161,ZWARN0_DELTACHI2_GT25_ZCAT_PRIMARY
DESI000707,225.090680427299,-4.414856011273,STAR,K,3.90364416e-05,20.38796396208422,20-21,39627679833528109,bright,DESI_DR1_V161,ZWARN0_DELTACHI2_GT25_ZCAT_PRIMARY
DESI000708,225.254907894149,-6.530969365392,STAR,K,0.000431258801,20.939031739794736,20-21,39627631703883938,dark,DESI_DR1_V161,ZWARN0_DELTACHI2_GT25_ZCAT_PRIMARY
DESI000709,225.274294562564,31.263059816075,STAR,F,-0.000541143704,20.92205541388788,20-21,39628507415839641,dark,DESI_DR1_V161,ZWARN0_DELTACHI2_GT25_ZCAT_PRIMARY
DESI000710,225.358571653673,50.241884687935,STAR,F,-0.0003181298,20.25313632468632,20-21,39633252440344069,other,DESI_DR1_V161,ZWARN0_DELTACHI2_GT25_ZCAT_PRIMARY
DESI000711,225.076196031428,4.542415005656,STAR,M,-0.000159257023,20.623661518047445,20-21,39627897165582764,dark,DESI_DR1_V161,ZWARN0_DELTACHI2_GT25_ZCAT_PRIMARY
DESI000712,225.362288659521,-7.767423772963,STAR,K,-0.00012512142,20.092933510193614,20-21,39627601702034337,dark,DESI_DR1_V161,ZWARN0_DELTACHI2_GT25_ZCAT_PRIMARY
DESI000713,225.042971410213,-1.492315436875,STAR,K,-1.0656535e-05,20.451661768809483,20-21,39627752264959062,dark,DESI_DR1_V161,ZWARN0_DELTACHI2_GT25_ZCAT_PRIMARY
DESI000714,225.145064998561,32.670419557755,STAR,K,-0.000215407983,20.210316378460874,20-21,39632936252736468,dark,DESI_DR1_V161,ZWARN0_DELTACHI2_GT25_ZCAT_PRIMARY
DESI000715,225.138928209519,25.354692745886,STAR,K,-0.00037880944,20.86887162688479,20-21,39628379586038663,dark,DESI_DR1_V161,ZWARN0_DELTACHI2_GT25_ZCAT_PRIMARY
DESI000716,225.077813260523,51.254928330701,STAR,G,-0.00073798621,20.47209677292648,20-21,39633267770524392,other,DESI_DR1_V161,ZWARN0_DELTACHI2_GT25_ZCAT_PRIMARY
DESI000717,225.297955591959,51.962470553942,STAR,G,0.000288514868,20.57898198666507,20-21,39633279049010529,other,DESI_DR1_V161,ZWARN0_DELTACHI2_GT25_ZCAT_PRIMARY
DESI000718,225.117730813318,7.573904684139,STAR,G,3.78995221e-05,20.030416655339675,20-21,39627969303413964,dark,DESI_DR1_V161,ZWARN0_DELTACHI2_GT25_ZCAT_PRIMARY
DESI000719,225.156883463309,0.869397562135,STAR,K,-0.000485017342,20.911019232835134,20-21,39627806623141312,dark,DESI_DR1_V161,ZWARN0_DELTACHI2_GT25_ZCAT_PRIMARY
DESI000720,225.112340620909,50.793451428193,STAR,F,-0.000195360421,20.309604119915065,20-21,39633260145281044,other,DESI_DR1_V161,ZWARN0_DELTACHI2_GT25_ZCAT_PRIMARY
DESI000721,225.320090102351,-2.02131083686,STAR,G,0.000770435301,20.776718970949524,20-21,39627740189558236,dark,DESI_DR1_V161,ZWARN0_DELTACHI2_GT25_ZCAT_PRIMARY
DESI000722,225.271583758352,-0.765498277142,STAR,K,0.000248497173,20.72052620103814,20-21,39627770388546036,dark,DESI_DR1_V161,ZWARN0_DELTACHI2_GT25_ZCAT_PRIMARY
DESI000723,225.103036515388,11.150488181421,STAR,G,-0.000167783188,20.664735390294624,20-21,39628058759529451,dark,DESI_DR1_V161,ZWARN0_DELTACHI2_GT25_ZCAT_PRIMARY
DESI000724,225.37747196284,-0.107241123098,STAR,K,0.000384045809,20.04942327152242,20-21,39627788507942411,dark,DESI_DR1_V161,ZWARN0_DELTACHI2_GT25_ZCAT_PRIMARY
DESI000725,225.293499846781,41.356752506434,STAR,G,-7.11731385e-05,20.394382058345535,20-21,39633100451350941,dark,DESI_DR1_V161,ZWARN0_DELTACHI2_GT25_ZCAT_PRIMARY
DESI000726,225.260887763909,31.887335083974,STAR,K,0.00010473141,20.949042964759705,20-21,39628522871853162,dark,DESI_DR1_V161,ZWARN0_DELTACHI2_GT25_ZCAT_PRIMARY
DESI000727,225.248714151805,45.72336637867,STAR,M,9.5079465e-06,20.35126110687962,20-21,39633179501398784,dark,DESI_DR1_V161,ZWARN0_DELTACHI2_GT25_ZCAT_PRIMARY
DESI000728,225.215942336057,41.51883278986,STAR,K,-0.000152337857,20.1094047876112,20-21,39633104993783264,bright,DESI_DR1_V161,ZWARN0_DELTACHI2_GT25_ZCAT_PRIMARY
DESI000729,225.354968686238,-3.089395331898,STAR,K,-1.13718998e-05,20.739183923617638,20-21,39627716030369355,dark,DESI_DR1_V161,ZWARN0_DELTACHI2_GT25_ZCAT_PRIMARY
DESI000730,225.274019516133,0.229804516351,STAR,K,0.000286918618,20.714586497483566,20-21,39627794547737301,dark,DESI_DR1_V161,ZWARN0_DELTACHI2_GT25_ZCAT_PRIMARY
DESI000731,225.230012534366,3.94975473225,STAR,K,-0.000352078476,20.48756546999981,20-21,39627885111152143,dark,DESI_DR1_V161,ZWARN0_DELTACHI2_GT25_ZCAT_PRIMARY
DESI000732,225.097525427936,3.151656514283,STAR,WD,6.54109076e-05,20.11744168111109,20-21,39627867016921931,dark,DESI_DR1_V161,ZWARN0_DELTACHI2_GT25_ZCAT_PRIMARY
DESI000733,225.163692242107,31.953489954785,STAR,WD,0.000378886343,20.338903268469494,20-21,39628522871851666,bright,DESI_DR1_V161,ZWARN0_DELTACHI2_GT25_ZCAT_PRIMARY
DESI000734,225.216105288166,51.250133621063,STAR,F,-0.000514176918,20.28664925878489,20-21,39633267770525512,other,DESI_DR1_V161,ZWARN0_DELTACHI2_GT25_ZCAT_PRIMARY
DESI000735,225.090738950635,3.1916312451,STAR,K,4.81211119e-06,20.946189496622882,20-21,39627867016921789,dark,DESI_DR1_V161,ZWARN0_DELTACHI2_GT25_ZCAT_PRIMARY
DESI000736,225.249434290308,16.178972126516,STAR,K,-0.00020045116,20.681594256646477,20-21,39628176179074541,dark,DESI_DR1_V161,ZWARN0_DELTACHI2_GT25_ZCAT_PRIMARY
DESI000737,225.05669808256,3.66242551061,STAR,K,-9.3770557e-05,20.104914526807693,20-21,39627879075550521,dark,DESI_DR1_V161,ZWARN0_DELTACHI2_GT25_ZCAT_PRIMARY
DESI000738,225.238263477734,50.20511485986,STAR,K,-0.000782981213,20.752201560131628,20-21,39633252440342931,other,DESI_DR1_V161,ZWARN0_DELTACHI2_GT25_ZCAT_PRIMARY
DESI000739,225.025304467876,-3.394103194751,STAR,A,0.000105446471,20.02000104290662,20-21,39627703954970066,dark,DESI_DR1_V161,ZWARN0_DELTACHI2_GT25_ZCAT_PRIMARY
DESI000740,225.205971580844,-0.441947392079,STAR,K,-7.11801737e-05,20.750785000756764,20-21,39627776424153901,dark,DESI_DR1_V161,ZWARN0_DELTACHI2_GT25_ZCAT_PRIMARY
DESI000741,225.070313847083,10.062898563371,STAR,F,-6.85112012e-05,20.661256251850048,20-21,39628029042888782,dark,DESI_DR1_V161,ZWARN0_DELTACHI2_GT25_ZCAT_PRIMARY
DESI000742,225.330238325682,-2.18987564335,STAR,K,0.000409666821,20.859514844552034,20-21,39627734149760858,dark,DESI_DR1_V161,ZWARN0_DELTACHI2_GT25_ZCAT_PRIMARY
DESI000743,225.022122289026,-0.685418849335,STAR,K,0.000230339171,20.78323955420976,20-21,39627770384351813,dark,DESI_DR1_V161,ZWARN0_DELTACHI2_GT25_ZCAT_PRIMARY
DESI000744,225.324822529852,-1.270380587645,STAR,K,-4.09658084e-05,20.884351022384546,20-21,39627758308951755,dark,DESI_DR1_V161,ZWARN0_DELTACHI2_GT25_ZCAT_PRIMARY
DESI000745,225.348394746025,52.677248245252,STAR,G,-0.000115034058,20.29194263638242,20-21,39633290155525738,other,DESI_DR1_V161,ZWARN0_DELTACHI2_GT25_ZCAT_PRIMARY
DESI000746,225.107569707392,29.433142090588,STAR,WD,0.00015576314,20.52947651559043,20-21,39628470879258325,dark,DESI_DR1_V161,ZWARN0_DELTACHI2_GT25_ZCAT_PRIMARY
DESI000747,225.171360417029,0.188124633575,STAR,K,0.000134840801,20.088899512426444,20-21,39627794543546233,dark,DESI_DR1_V161,ZWARN0_DELTACHI2_GT25_ZCAT_PRIMARY
DESI000748,225.20109995413,50.256820256587,STAR,F,-0.000584751118,20.250856313353747,20-21,39633252440342607,other,DESI_DR1_V161,ZWARN0_DELTACHI2_GT25_ZCAT_PRIMARY
DESI000749,225.30623221704,-1.979664508883,STAR,G,-4.9324672e-05,20.566107980659567,20-21,39627740189557970,dark,DESI_DR1_V161,ZWARN0_DELTACHI2_GT25_ZCAT_PRIMARY
DESI000750,225.318677680933,52.581267957166,STAR,K,-0.000345736089,20.52430116762508,20-21,39633286472928518,other,DESI_DR1_V161,ZWARN0_DELTACHI2_GT25_ZCAT_PRIMARY
DESI000751,330.871347225254,26.645569854827,STAR,WD,0.000347876873,20.486509550264262,20-21,39628413794784813,dark,DESI_DR1_V161,ZWARN0_DELTACHI2_GT25_ZCAT_PRIMARY
DESI000752,330.498251840258,3.541425527404,STAR,M,5.30746606e-05,20.21877395610109,20-21,39627874814132935,dark,DESI_DR1_V161,ZWARN0_DELTACHI2_GT25_ZCAT_PRIMARY
DESI000753,330.00611922956,25.544062709467,STAR,WD,6.85445642e-05,20.051344183231596,20-21,39628386640858213,bright,DESI_DR1_V161,ZWARN0_DELTACHI2_GT25_ZCAT_PRIMARY
DESI000754,330.267262485099,4.438040738401,STAR,F,-0.00124695606,20.229055568919012,20-21,39627898927188099,dark,DESI_DR1_V161,ZWARN0_DELTACHI2_GT25_ZCAT_PRIMARY
DESI000755,330.210128819279,12.839764022749,STAR,M,8.46402448e-05,20.15382703007389,20-21,39628095958814338,bright,DESI_DR1_V161,ZWARN0_DELTACHI2_GT25_ZCAT_PRIMARY
DESI000756,330.783365490604,0.034047167669,STAR,G,-7.08203965e-05,20.908817871876792,20-21,39627790277936414,dark,DESI_DR1_V161,ZWARN0_DELTACHI2_GT25_ZCAT_PRIMARY
DESI000757,330.207168507713,18.831312588961,STAR,G,-0.000426698993,20.302238787535526,20-21,39628235524281982,dark,DESI_DR1_V161,ZWARN0_DELTACHI2_GT25_ZCAT_PRIMARY
DESI000758,330.457824243858,11.183191477308,STAR,K,-0.00081403671,20.39585376873217,20-21,39628060491782750,dark,DESI_DR1_V161,ZWARN0_DELTACHI2_GT25_ZCAT_PRIMARY
DESI000759,330.751125079298,26.243676400354,STAR,K,-3.85381771e-05,20.038446593016413,20-21,39628402969285582,bright,DESI_DR1_V161,ZWARN0_DELTACHI2_GT25_ZCAT_PRIMARY
DESI000760,330.77862509673,2.15722450033,STAR,G,-0.000301479824,20.967637915958218,20-21,39627844636115547,dark,DESI_DR1_V161,ZWARN0_DELTACHI2_GT25_ZCAT_PRIMARY
DESI000761,330.801539010715,0.317072111413,STAR,G,-0.000998942406,20.900347857366587,20-21,39627796317734583,dark,DESI_DR1_V161,ZWARN0_DELTACHI2_GT25_ZCAT_PRIMARY
DESI000762,330.239330238009,7.793976979133,STAR,F,-0.00101332201,20.513697976968693,20-21,39627977041908806,dark,DESI_DR1_V161,ZWARN0_DELTACHI2_GT25_ZCAT_PRIMARY
DESI000763,330.30510314185,1.242285224392,STAR,G,-0.000208206759,20.86838592265712,20-21,39627820468537637,dark,DESI_DR1_V161,ZWARN0_DELTACHI2_GT25_ZCAT_PRIMARY
DESI000764,330.44072620555,4.96534742383,STAR,F,-0.000431189108,20.662892457630168,20-21,39627910977421904,dark,DESI_DR1_V161,ZWARN0_DELTACHI2_GT25_ZCAT_PRIMARY
DESI000765,330.151346231684,19.796334677684,STAR,K,5.12289734e-05,20.282927488307543,20-21,39628258362264295,bright,DESI_DR1_V161,ZWARN0_DELTACHI2_GT25_ZCAT_PRIMARY
DESI000766,330.049180274251,27.558406897797,STAR,K,-0.000196842839,20.791353470022784,20-21,39628429926075730,dark,DESI_DR1_V161,ZWARN0_DELTACHI2_GT25_ZCAT_PRIMARY
DESI000767,330.463447696632,-7.71656307416,STAR,G,-3.84027309e-05,20.946319273129067,20-21,39627603451057097,dark,DESI_DR1_V161,ZWARN0_DELTACHI2_GT25_ZCAT_PRIMARY
DESI000768,330.255927534439,26.264974589529,STAR,K,-0.000107111089,20.834196549074957,20-21,39628402965086829,dark,DESI_DR1_V161,ZWARN0_DELTACHI2_GT25_ZCAT_PRIMARY
DESI000769,330.253200978813,14.784761996197,STAR,K,-0.000185161899,20.634407295963044,20-21,39628142922437244,dark,DESI_DR1_V161,ZWARN0_DELTACHI2_GT25_ZCAT_PRIMARY
DESI000770,330.218096736884,18.84935246595,STAR,M,7.79646959e-05,20.17852906471859,20-21,39628235524282249,bright,DESI_DR1_V161,ZWARN0_DELTACHI2_GT25_ZCAT_PRIMARY
DESI000771,330.375489938324,12.904864600711,STAR,K,-0.000582404999,20.526968665318098,20-21,39628101851810611,dark,DESI_DR1_V161,ZWARN0_DELTACHI2_GT25_ZCAT_PRIMARY
DESI000772,330.208516985699,26.49598500791,STAR,K,-0.00020942075,20.465172287738284,20-21,39628408384127519,dark,DESI_DR1_V161,ZWARN0_DELTACHI2_GT25_ZCAT_PRIMARY
DESI000773,330.029269925501,12.832221799711,STAR,M,-1.57047417e-05,20.51468823844385,20-21,39628095954622594,dark,DESI_DR1_V161,ZWARN0_DELTACHI2_GT25_ZCAT_PRIMARY
DESI000774,330.225597661157,-11.942727503476,STAR,K,-0.000279387164,20.021992422789754,20-21,39627502179584053,bright,DESI_DR1_V161,ZWARN0_DELTACHI2_GT25_ZCAT_PRIMARY
DESI000775,330.879944904451,-7.417065995699,STAR,K,-2.88615187e-05,20.89266209244347,20-21,39627609457297136,dark,DESI_DR1_V161,ZWARN0_DELTACHI2_GT25_ZCAT_PRIMARY
DESI000776,330.846547439974,9.781902045166,STAR,M,-3.77462757e-05,20.556077736200905,20-21,39628024840192083,dark,DESI_DR1_V161,ZWARN0_DELTACHI2_GT25_ZCAT_PRIMARY
DESI000777,330.829718641691,28.539894927384,STAR,K,-0.000246577534,20.634426771575928,20-21,39628451283470024,dark,DESI_DR1_V161,ZWARN0_DELTACHI2_GT25_ZCAT_PRIMARY
DESI000778,330.636107515315,12.33850095457,STAR,K,-0.000635889644,20.540273195800044,20-21,39628084164428604,dark,DESI_DR1_V161,ZWARN0_DELTACHI2_GT25_ZCAT_PRIMARY
DESI000779,330.507936494933,5.1786255074,STAR,K,-0.000689533151,20.347169528406017,20-21,39627917000443647,dark,DESI_DR1_V161,ZWARN0_DELTACHI2_GT25_ZCAT_PRIMARY
DESI000780,330.182864570689,5.498334379914,STAR,M,-9.85694603e-05,20.144673422874558,20-21,39627923010880976,bright,DESI_DR1_V161,ZWARN0_DELTACHI2_GT25_ZCAT_PRIMARY
DESI000781,330.24324561513,6.049650412239,STAR,G,-0.00011120973,20.88699716111874,20-21,39627935040146095,dark,DESI_DR1_V161,ZWARN0_DELTACHI2_GT25_ZCAT_PRIMARY
DESI000782,330.746254564801,-10.442720397643,STAR,K,-0.000289209379,20.891738509232997,20-21,39627537785032812,dark,DESI_DR1_V161,ZWARN0_DELTACHI2_GT25_ZCAT_PRIMARY
DESI000783,330.056277284421,1.431409834995,STAR,K,-0.000696570518,20.46267880562864,20-21,39627826504141061,dark,DESI_DR1_V161,ZWARN0_DELTACHI2_GT25_ZCAT_PRIMARY
DESI000784,330.041054002457,6.584238220846,STAR,K,7.62352794e-05,20.232216281427778,20-21,39627947048440545,bright,DESI_DR1_V161,ZWARN0_DELTACHI2_GT25_ZCAT_PRIMARY
DESI000785,330.857827473464,29.171191886188,STAR,K,-0.000274336628,20.10840974485642,20-21,39628467158910095,dark,DESI_DR1_V161,ZWARN0_DELTACHI2_GT25_ZCAT_PRIMARY
DESI000786,330.197032201626,6.143415228129,STAR,G,-0.000512491902,20.559805954072193,20-21,39627941046389678,dark,DESI_DR1_V161,ZWARN0_DELTACHI2_GT25_ZCAT_PRIMARY
DESI000787,330.532909545863,27.827703519936,STAR,G,-0.000336304638,20.79997979379489,20-21,39628435286396626,dark,DESI_DR1_V161,ZWARN0_DELTACHI2_GT25_ZCAT_PRIMARY
DESI000788,330.534698645994,-10.177049333359,STAR,G,-0.000612385251,20.761376804214045,20-21,39627543728362904,dark,DESI_DR1_V161,ZWARN0_DELTACHI2_GT25_ZCAT_PRIMARY
DESI000789,330.68739680375,-8.86698933296,STAR,G,-0.000360337858,20.06661800790571,20-21,39627579518353714,dark,DESI_DR1_V161,ZWARN0_DELTACHI2_GT25_ZCAT_PRIMARY
DESI000790,330.756609174909,-8.081582097601,STAR,G,-1.61800792e-05,20.218289304297905,20-21,39627597469974581,dark,DESI_DR1_V161,ZWARN0_DELTACHI2_GT25_ZCAT_PRIMARY
DESI000791,330.034641583461,4.221435497059,STAR,F,-0.00106033458,20.424656347665888,20-21,39627892899972981,dark,DESI_DR1_V161,ZWARN0_DELTACHI2_GT25_ZCAT_PRIMARY
DESI000792,330.205698895579,25.276753345791,STAR,M,-0.000156954056,20.237123241610096,20-21,39628381184066026,bright,DESI_DR1_V161,ZWARN0_DELTACHI2_GT25_ZCAT_PRIMARY
DESI000793,330.495599633247,15.132780170424,STAR,F,-0.000240758339,20.293900700319078,20-21,39628154603574737,dark,DESI_DR1_V161,ZWARN0_DELTACHI2_GT25_ZCAT_PRIMARY
DESI000794,330.7027421132,3.489403091967,STAR,G,-0.000804599001,20.220653528990514,20-21,39627874814136802,dark,DESI_DR1_V161,ZWARN0_DELTACHI2_GT25_ZCAT_PRIMARY
DESI000795,330.264842140921,23.826453025568,STAR,K,-0.000181221216,20.306013071273426,20-21,39628348174899909,bright,DESI_DR1_V161,ZWARN0_DELTACHI2_GT25_ZCAT_PRIMARY
DESI000796,330.692572164043,18.46024320102,STAR,K,-0.00045497023,20.5187843916862,20-21,39628229803249832,dark,DESI_DR1_V161,ZWARN0_DELTACHI2_GT25_ZCAT_PRIMARY
DESI000797,330.069678841836,19.522173382675,STAR,M,-0.000119921802,20.177899594556724,20-21,39628252662208573,bright,DESI_DR1_V161,ZWARN0_DELTACHI2_GT25_ZCAT_PRIMARY
DESI000798,330.622533545098,0.120110485418,STAR,K,-0.000165040961,20.88043050934975,20-21,39627790273745246,dark,DESI_DR1_V161,ZWARN0_DELTACHI2_GT25_ZCAT_PRIMARY
DESI000799,330.87274951017,26.910095413737,STAR,K,-7.33809742e-05,20.651666557002724,20-21,39628419188659781,dark,DESI_DR1_V161,ZWARN0_DELTACHI2_GT25_ZCAT_PRIMARY
DESI000800,330.075993632976,26.156999452169,STAR,K,-0.000392010567,20.759911065146653,20-21,39628402960894580,dark,DESI_DR1_V161,ZWARN0_DELTACHI2_GT25_ZCAT_PRIMARY
DESI000801,5.256570550417,19.865422396923,STAR,M,-0.000187127303,21.22160864239886,21-22,39628253220048352,dark,DESI_DR1_V161,ZWARN0_DELTACHI2_GT25_ZCAT_PRIMARY
DESI000802,6.878727743259,-8.472766492121,STAR,K,-5.97824612e-06,21.534622415197646,21-22,39627580118139903,dark,DESI_DR1_V161,ZWARN0_DELTACHI2_GT25_ZCAT_PRIMARY
DESI000803,6.644875114709,17.154400911801,STAR,K,-0.000637883037,21.192599037577388,21-22,39628195825190816,dark,DESI_DR1_V161,ZWARN0_DELTACHI2_GT25_ZCAT_PRIMARY
DESI000804,5.699197406456,-12.060481712945,STAR,G,-0.00044258509,21.639741742603327,21-22,39627496848623516,dark,DESI_DR1_V161,ZWARN0_DELTACHI2_GT25_ZCAT_PRIMARY
DESI000805,6.961293148538,-8.503848766864,STAR,G,2.06255124e-05,21.187618118051596,21-22,39627580118141281,dark,DESI_DR1_V161,ZWARN0_DELTACHI2_GT25_ZCAT_PRIMARY
DESI000806,7.227936900571,8.420065969083,STAR,M,0.000141772768,21.21679614859858,21-22,39627989629012257,dark,DESI_DR1_V161,ZWARN0_DELTACHI2_GT25_ZCAT_PRIMARY
DESI000807,5.262319632429,-12.287043398814,STAR,G,-0.000472071472,21.614166962904296,21-22,39627490934655919,dark,DESI_DR1_V161,ZWARN0_DELTACHI2_GT25_ZCAT_PRIMARY
DESI000808,7.484952199179,-7.220918618292,STAR,F,-0.000416613225,21.57832069852473,21-22,39627610065473515,dark,DESI_DR1_V161,ZWARN0_DELTACHI2_GT25_ZCAT_PRIMARY
DESI000809,7.275970847718,-2.619149288896,STAR,G,-0.000241720484,21.28641339828868,21-22,39627724452529075,dark,DESI_DR1_V161,ZWARN0_DELTACHI2_GT25_ZCAT_PRIMARY
DESI000810,6.948982378972,17.814388349629,STAR,K,-0.000859619975,21.289531661536056,21-22,39628207380498825,dark,DESI_DR1_V161,ZWARN0_DELTACHI2_GT25_ZCAT_PRIMARY
DESI000811,6.262719544997,24.911775131022,STAR,WD,0.000222138571,21.31158485430269,21-22,39628370773806701,dark,DESI_DR1_V161,ZWARN0_DELTACHI2_GT25_ZCAT_PRIMARY
DESI000812,6.576772494075,7.209625969378,STAR,WD,-0.00148115895,21.896121347476758,21-22,39627959664902799,dark,DESI_DR1_V161,ZWARN0_DELTACHI2_GT25_ZCAT_PRIMARY
DESI000813,5.42229539234,-0.158147033176,STAR,G,-0.000645849714,21.29114942994685,21-22,39627778777159255,dark,DESI_DR1_V161,ZWARN0_DELTACHI2_GT25_ZCAT_PRIMARY
DESI000814,5.100704944458,7.216719979226,STAR,K,-0.00016381601,21.016278089178275,21-22,39627959639737582,dark,DESI_DR1_V161,ZWARN0_DELTACHI2_GT25_ZCAT_PRIMARY
DESI000815,7.170380034106,-2.741320513434,STAR,WD,8.10175911e-05,21.099393289068345,21-22,39627718408542057,dark,DESI_DR1_V161,ZWARN0_DELTACHI2_GT25_ZCAT_PRIMARY
DESI000816,5.790221269123,11.16334417328,STAR,K,-7.15663156e-05,21.356676951291202,21-22,39628055144041829,dark,DESI_DR1_V161,ZWARN0_DELTACHI2_GT25_ZCAT_PRIMARY
DESI000817,7.437586431724,-5.330591233333,STAR,K,-0.000831930949,21.76606330674292,21-22,39627658123809925,dark,DESI_DR1_V161,ZWARN0_DELTACHI2_GT25_ZCAT_PRIMARY
DESI000818,6.174780549876,12.923692690317,STAR,A,-0.000698928862,21.787136696301904,21-22,39628096550207919,dark,DESI_DR1_V161,ZWARN0_DELTACHI2_GT25_ZCAT_PRIMARY
DESI000819,7.31030233753,17.248813583183,STAR,M,-0.000156807123,21.296877280394582,21-22,39628195833581330,dark,DESI_DR1_V161,ZWARN0_DELTACHI2_GT25_ZCAT_PRIMARY
DESI000820,6.003088206583,-0.172427031025,STAR,G,-0.00097109998,21.421618738683847,21-22,39627778789736677,dark,DESI_DR1_V161,ZWARN0_DELTACHI2_GT25_ZCAT_PRIMARY
DESI000821,7.52132443885,8.666241909067,STAR,G,-0.000442095737,21.029292714256876,21-22,39627995614284982,dark,DESI_DR1_V161,ZWARN0_DELTACHI2_GT25_ZCAT_PRIMARY
DESI000822,5.28038452693,22.251900164094,STAR,K,9.04080437e-06,21.132132998145444,21-22,39628309742487787,dark,DESI_DR1_V161,ZWARN0_DELTACHI2_GT25_ZCAT_PRIMARY
DESI000823,6.207070390612,-10.657916156989,STAR,F,-0.000476871161,21.185412767998418,21-22,39627526485575914,dark,DESI_DR1_V161,ZWARN0_DELTACHI2_GT25_ZCAT_PRIMARY
DESI000824,5.624208088941,-0.101222666589,STAR,G,-0.000848223409,21.05625039436709,21-22,39627784821149633,dark,DESI_DR1_V161,ZWARN0_DELTACHI2_GT25_ZCAT_PRIMARY
DESI000825,5.057148595988,21.531881274986,STAR,K,-0.000627247231,21.562863459887765,21-22,39628292877192928,dark,DESI_DR1_V161,ZWARN0_DELTACHI2_GT25_ZCAT_PRIMARY
DESI000826,7.486379571655,-9.354788851387,STAR,G,8.22650156e-05,21.371862160520838,21-22,39627562216852583,dark,DESI_DR1_V161,ZWARN0_DELTACHI2_GT25_ZCAT_PRIMARY
DESI000827,5.609337524201,24.640445663164,STAR,F,-0.00111429319,21.515781272090837,21-22,39628365270878292,dark,DESI_DR1_V161,ZWARN0_DELTACHI2_GT25_ZCAT_PRIMARY
DESI000828,7.223695598979,2.47683329549,STAR,F,0.000198249376,21.523708750586568,21-22,39627845244295988,dark,DESI_DR1_V161,ZWARN0_DELTACHI2_GT25_ZCAT_PRIMARY
DESI000829,6.668725188322,24.193585185626,STAR,K,-0.000374371439,21.672718194155365,21-22,39628354265024029,dark,DESI_DR1_V161,ZWARN0_DELTACHI2_GT25_ZCAT_PRIMARY
DESI000830,5.083043470466,19.554575896137,STAR,K,-9.72568065e-05,21.92591696251937,21-22,39628247515792297,dark,DESI_DR1_V161,ZWARN0_DELTACHI2_GT25_ZCAT_PRIMARY
DESI000831,6.213937442378,26.342070825288,STAR,K,-0.000452956807,21.753773376433266,21-22,39628398078724207,dark,DESI_DR1_V161,ZWARN0_DELTACHI2_GT25_ZCAT_PRIMARY
DESI000832,6.032780228357,19.709863437508,STAR,K,-0.00118522364,21.40287706636805,21-22,39628253232631465,dark,DESI_DR1_V161,ZWARN0_DELTACHI2_GT25_ZCAT_PRIMARY
DESI000833,6.286795965651,2.169480509495,STAR,K,-0.00122855255,21.18908110574797,21-22,39627839191909627,dark,DESI_DR1_V161,ZWARN0_DELTACHI2_GT25_ZCAT_PRIMARY
DESI000834,6.877031717659,10.347134842837,STAR,K,-0.000644813791,21.065509735020015,21-22,39628031391695204,dark,DESI_DR1_V161,ZWARN0_DELTACHI2_GT25_ZCAT_PRIMARY
DESI000835,7.521377174201,-2.593609030041,STAR,F,-0.00053497929,21.407765476340373,21-22,39627724456723239,dark,DESI_DR1_V161,ZWARN0_DELTACHI2_GT25_ZCAT_PRIMARY
DESI000836,7.091699189389,18.69875012232,STAR,K,0.000130321532,21.44474476833369,21-22,39628230382064413,dark,DESI_DR1_V161,ZWARN0_DELTACHI2_GT25_ZCAT_PRIMARY
DESI000837,5.183907617511,9.042587734864,STAR,G,-0.000809629629,21.038309912776914,21-22,39628001549223911,dark,DESI_DR1_V161,ZWARN0_DELTACHI2_GT25_ZCAT_PRIMARY
DESI000838,6.962325963681,29.448904819138,STAR,K,-0.00056069624,21.306346702776494,21-22,39628467687392626,dark,DESI_DR1_V161,ZWARN0_DELTACHI2_GT25_ZCAT_PRIMARY
DESI000839,7.471648296506,-3.875224542232,STAR,G,-0.000140426648,21.652659142606154,21-22,39627688247303243,dark,DESI_DR1_V161,ZWARN0_DELTACHI2_GT25_ZCAT_PRIMARY
DESI000840,7.291297162964,28.830566983173,STAR,K,-0.000364341696,21.937709573098882,21-22,39628451820341410,dark,DESI_DR1_V161,ZWARN0_DELTACHI2_GT25_ZCAT_PRIMARY
DESI000841,7.40878424891,-0.300275445642,STAR,K,4.84060641e-05,21.413521857871505,21-22,39627778810714269,dark,DESI_DR1_V161,ZWARN0_DELTACHI2_GT25_ZCAT_PRIMARY
DESI000842,6.303722865784,15.805684873106,STAR,F,0.000464060374,21.356896669999433,21-22,39628161016661363,dark,DESI_DR1_V161,ZWARN0_DELTACHI2_GT25_ZCAT_PRIMARY
DESI000843,7.308629457964,-3.877554766647,STAR,K,-0.000462783218,21.297221483911986,21-22,39627688247297755,dark,DESI_DR1_V161,ZWARN0_DELTACHI2_GT25_ZCAT_PRIMARY
DESI000844,7.65787491233,21.857351478854,STAR,K,-0.000539832386,21.582929725748354,21-22,39628298547890840,dark,DESI_DR1_V161,ZWARN0_DELTACHI2_GT25_ZCAT_PRIMARY
DESI000845,5.702589456079,23.43185882852,STAR,K,-0.000248343898,21.669479695575777,21-22,39628337638806338,dark,DESI_DR1_V161,ZWARN0_DELTACHI2_GT25_ZCAT_PRIMARY
DESI000846,7.659958772797,16.740560459714,STAR,K,3.98907765e-05,21.26160754593013,21-22,39628184274076965,dark,DESI_DR1_V161,ZWARN0_DELTACHI2_GT25_ZCAT_PRIMARY
DESI000847,6.151882815674,16.608560006949,STAR,K,-9.04177112e-05,21.32473486320496,21-22,39628178452384641,dark,DESI_DR1_V161,ZWARN0_DELTACHI2_GT25_ZCAT_PRIMARY
DESI000848,7.377450735571,2.716277670632,STAR,WD,-0.000116217242,21.737261381732566,21-22,39627851288284939,dark,DESI_DR1_V161,ZWARN0_DELTACHI2_GT25_ZCAT_PRIMARY
DESI000849,5.178878387771,12.118727886317,STAR,M,8.41842247e-05,21.01330056280046,21-22,39628072911111954,bright,DESI_DR1_V161,ZWARN0_DELTACHI2_GT25_ZCAT_PRIMARY
DESI000850,7.439590028851,29.155677576234,STAR,G,-0.000910191987,21.195808266674433,21-22,39628462415155735,dark,DESI_DR1_V161,ZWARN0_DELTACHI2_GT25_ZCAT_PRIMARY
DESI000851,35.258356958908,23.373672187468,STAR,K,-0.000487738962,21.5196915593076,21-22,39628332534337878,dark,DESI_DR1_V161,ZWARN0_DELTACHI2_GT25_ZCAT_PRIMARY
DESI000852,36.01421158435,13.415808812107,STAR,K,-0.000125199024,21.622409000291494,21-22,39628108814353743,dark,DESI_DR1_V161,ZWARN0_DELTACHI2_GT25_ZCAT_PRIMARY
DESI000853,35.140840768249,7.389879957364,STAR,G,-0.000501882385,21.541615231637607,21-22,39627966136715802,dark,DESI_DR1_V161,ZWARN0_DELTACHI2_GT25_ZCAT_PRIMARY
DESI000854,35.616892122981,0.44849301818,STAR,K,-0.000589632791,21.271081038341258,21-22,39627797404061739,dark,DESI_DR1_V161,ZWARN0_DELTACHI2_GT25_ZCAT_PRIMARY
DESI000855,35.417436770791,-4.827804267575,STAR,G,-0.000439961373,21.18908110574797,21-22,39627670639610236,dark,DESI_DR1_V161,ZWARN0_DELTACHI2_GT25_ZCAT_PRIMARY
DESI000856,35.539534452098,-4.315711048526,STAR,G,0.000135942648,21.352306979364183,21-22,39627682685657917,dark,DESI_DR1_V161,ZWARN0_DELTACHI2_GT25_ZCAT_PRIMARY
DESI000857,36.029058974654,-4.832902608777,STAR,F,-0.000414389769,21.008949891726676,21-22,39627670648002848,dark,DESI_DR1_V161,ZWARN0_DELTACHI2_GT25_ZCAT_PRIMARY
DESI000858,35.968764774646,6.536982287611,STAR,G,-0.000614191032,21.619596786455833,21-22,39627942145294813,dark,DESI_DR1_V161,ZWARN0_DELTACHI2_GT25_ZCAT_PRIMARY
DESI000859,36.025781017138,6.545934328252,STAR,M,-3.23710652e-05,21.299206367135376,21-22,39627942145295885,dark,DESI_DR1_V161,ZWARN0_DELTACHI2_GT25_ZCAT_PRIMARY
DESI000860,35.450716137769,29.161966836711,STAR,K,-2.51822843e-05,21.64252290006143,21-22,39628462826196890,dark,DESI_DR1_V161,ZWARN0_DELTACHI2_GT25_ZCAT_PRIMARY
DESI000861,35.885284852362,-3.440882231389,STAR,G,-0.000516090975,21.117219960376122,21-22,39627700788268211,dark,DESI_DR1_V161,ZWARN0_DELTACHI2_GT25_ZCAT_PRIMARY
DESI000862,35.780233407074,-4.257791534681,STAR,F,-0.000351422977,21.110487024415573,21-22,39627682689852423,dark,DESI_DR1_V161,ZWARN0_DELTACHI2_GT25_ZCAT_PRIMARY
DESI000863,35.442182517806,7.745170791628,STAR,G,-0.000531905311,21.375216881778066,21-22,39627972138765317,dark,DESI_DR1_V161,ZWARN0_DELTACHI2_GT25_ZCAT_PRIMARY
DESI000864,35.431053403915,-4.260395309207,STAR,WD,-6.08522082e-05,21.010904021459368,21-22,39627682685654025,dark,DESI_DR1_V161,ZWARN0_DELTACHI2_GT25_ZCAT_PRIMARY
DESI000865,35.923180658416,17.63921335577,STAR,K,-0.000783989184,21.61150530859988,21-22,39628207846064745,dark,DESI_DR1_V161,ZWARN0_DELTACHI2_GT25_ZCAT_PRIMARY
DESI000866,35.479621067338,4.23606284892,STAR,F,-0.000585207998,21.278154469312838,21-22,39627887963281570,dark,DESI_DR1_V161,ZWARN0_DELTACHI2_GT25_ZCAT_PRIMARY
DESI000867,35.698749734717,4.187064671026,STAR,F,-0.000535974785,21.19778286800661,21-22,39627887967475152,dark,DESI_DR1_V161,ZWARN0_DELTACHI2_GT25_ZCAT_PRIMARY
DESI000868,35.10878384333,0.469559572807,STAR,G,-0.00042230958,21.103594546436625,21-22,39627797395672852,dark,DESI_DR1_V161,ZWARN0_DELTACHI2_GT25_ZCAT_PRIMARY
DESI000869,35.603352356797,3.873333497498,STAR,K,-0.000196838803,21.853736035449355,21-22,39627875904652890,dark,DESI_DR1_V161,ZWARN0_DELTACHI2_GT25_ZCAT_PRIMARY
DESI000870,35.28380999394,23.354706750557,STAR,F,-0.000595922803,21.183780263962685,21-22,39628332534338324,dark,DESI_DR1_V161,ZWARN0_DELTACHI2_GT25_ZCAT_PRIMARY
DESI000871,36.039570367767,-5.628487927823,STAR,G,-0.000518738104,21.85310756865856,21-22,39627646572695870,dark,DESI_DR1_V161,ZWARN0_DELTACHI2_GT25_ZCAT_PRIMARY
DESI000872,35.925493618679,-2.096017507191,STAR,K,9.13370715e-05,21.884621745408143,21-22,39627737010280363,dark,DESI_DR1_V161,ZWARN0_DELTACHI2_GT25_ZCAT_PRIMARY
DESI000873,36.022173586243,2.99717856938,STAR,K,7.08084538e-05,21.767538863713284,21-22,39627857810424521,dark,DESI_DR1_V161,ZWARN0_DELTACHI2_GT25_ZCAT_PRIMARY
DESI000874,35.475318712075,5.215999431539,STAR,G,-0.000541265117,21.027736014634247,21-22,39627912063749220,dark,DESI_DR1_V161,ZWARN0_DELTACHI2_GT25_ZCAT_PRIMARY
DESI000875,35.231486971431,24.25859011487,STAR,WD,0.000167307683,21.66017737468303,21-22,39628354701234744,dark,DESI_DR1_V161,ZWARN0_DELTACHI2_GT25_ZCAT_PRIMARY
DESI000876,35.755584993457,28.689107498021,STAR,K,-6.69237324e-05,21.21739238028309,21-22,39628452239772081,dark,DESI_DR1_V161,ZWARN0_DELTACHI2_GT25_ZCAT_PRIMARY
DESI000877,35.281644362936,5.917324706814,STAR,G,-0.000158204372,21.65065609001968,21-22,39627930111839057,dark,DESI_DR1_V161,ZWARN0_DELTACHI2_GT25_ZCAT_PRIMARY
DESI000878,35.688161974264,-9.980056610406,STAR,G,0.00013762364,21.321829412382385,21-22,39627544806299382,dark,DESI_DR1_V161,ZWARN0_DELTACHI2_GT25_ZCAT_PRIMARY
DESI000879,35.793670870877,8.986162008104,STAR,G,-0.000698259671,21.063272764622415,21-22,39628002056736039,dark,DESI_DR1_V161,ZWARN0_DELTACHI2_GT25_ZCAT_PRIMARY
DESI000880,35.827426666904,-1.454468269817,STAR,G,-0.000537789371,21.72030820690587,21-22,39627749089872440,dark,DESI_DR1_V161,ZWARN0_DELTACHI2_GT25_ZCAT_PRIMARY
DESI000881,35.133754735117,6.082724779151,STAR,G,-0.000717070139,21.462929994907824,21-22,39627930107646665,dark,DESI_DR1_V161,ZWARN0_DELTACHI2_GT25_ZCAT_PRIMARY
DESI000882,35.503357346955,-3.31524580303,STAR,G,-0.000372044799,21.00287332665599,21-22,39627706811291993,dark,DESI_DR1_V161,ZWARN0_DELTACHI2_GT25_ZCAT_PRIMARY
DESI000883,35.350477034741,-5.867683499326,STAR,F,-0.000411410693,21.002777624316515,21-22,39627646560116199,dark,DESI_DR1_V161,ZWARN0_DELTACHI2_GT25_ZCAT_PRIMARY
DESI000884,36.038578019395,6.598046658256,STAR,M,-5.63528536e-05,21.898639359091714,21-22,39627942145296134,dark,DESI_DR1_V161,ZWARN0_DELTACHI2_GT25_ZCAT_PRIMARY
DESI000885,35.082721875145,5.86819181005,STAR,G,-0.00064716699,21.421707211976578,21-22,39627924093013842,dark,DESI_DR1_V161,ZWARN0_DELTACHI2_GT25_ZCAT_PRIMARY
DESI000886,35.225974782506,-17.202986698255,STAR,G,0.00105808409,21.003245278697975,21-22,39627374559500642,dark,DESI_DR1_V161,ZWARN0_DELTACHI2_GT25_ZCAT_PRIMARY
DESI000887,35.386854942003,8.390240845113,STAR,G,-0.000551264805,21.419132372466542,21-22,39627990098772773,dark,DESI_DR1_V161,ZWARN0_DELTACHI2_GT25_ZCAT_PRIMARY
DESI000888,35.993638519026,6.473525460838,STAR,G,-0.000590890464,21.110722562337536,21-22,39627942145295301,dark,DESI_DR1_V161,ZWARN0_DELTACHI2_GT25_ZCAT_PRIMARY
DESI000889,35.260008337087,-2.591355373824,STAR,G,-0.000496044242,21.11632103380571,21-22,39627724922290599,dark,DESI_DR1_V161,ZWARN0_DELTACHI2_GT25_ZCAT_PRIMARY
DESI000890,35.945034370925,13.830108560726,STAR,G,-0.000268062529,21.1321699610557,21-22,39628114690575880,dark,DESI_DR1_V161,ZWARN0_DELTACHI2_GT25_ZCAT_PRIMARY
DESI000891,35.256073230007,-3.523968533823,STAR,M,-1.32216136e-05,21.909576710811255,21-22,39627700775688940,dark,DESI_DR1_V161,ZWARN0_DELTACHI2_GT25_ZCAT_PRIMARY
DESI000892,35.009511821058,9.676285525138,STAR,K,0.000273704714,21.53858336151416,21-22,39628019945439664,dark,DESI_DR1_V161,ZWARN0_DELTACHI2_GT25_ZCAT_PRIMARY
DESI000893,35.613885797143,8.198671225141,STAR,G,-0.000632755079,21.448266856467438,21-22,39627984121889221,dark,DESI_DR1_V161,ZWARN0_DELTACHI2_GT25_ZCAT_PRIMARY
DESI000894,35.531835540937,-3.797950869783,STAR,G,-0.000453603349,21.33593324551273,21-22,39627694748476221,dark,DESI_DR1_V161,ZWARN0_DELTACHI2_GT25_ZCAT_PRIMARY
DESI000895,35.909139466698,2.599826200853,STAR,K,0.000139726787,21.046514118210617,21-22,39627845726639535,dark,DESI_DR1_V161,ZWARN0_DELTACHI2_GT25_ZCAT_PRIMARY
DESI000896,35.928496943531,-2.500028987933,STAR,M,2.56019374e-05,21.083906269512326,21-22,39627724930685429,bright,DESI_DR1_V161,ZWARN0_DELTACHI2_GT25_ZCAT_PRIMARY
DESI000897,35.660772205006,27.831132383779,STAR,G,-0.000287956546,21.068608002958744,21-22,39628430903346942,dark,DESI_DR1_V161,ZWARN0_DELTACHI2_GT25_ZCAT_PRIMARY
DESI000898,35.233319542836,-3.85816359581,STAR,G,-0.000394923883,21.85845214800258,21-22,39627694744279536,dark,DESI_DR1_V161,ZWARN0_DELTACHI2_GT25_ZCAT_PRIMARY
DESI000899,35.288338544352,21.841320914097,STAR,A,0.000304495314,21.35694971221205,21-22,39628298979903213,dark,DESI_DR1_V161,ZWARN0_DELTACHI2_GT25_ZCAT_PRIMARY
DESI000900,35.047038658531,8.015624500199,STAR,K,-0.000126140172,21.302368849299253,21-22,39627978124034162,dark,DESI_DR1_V161,ZWARN0_DELTACHI2_GT25_ZCAT_PRIMARY
DESI000901,125.356404651394,39.746398126234,STAR,K,5.72708276e-05,21.56003210727373,21-22,39633071540013081,dark,DESI_DR1_V161,ZWARN0_DELTACHI2_GT25_ZCAT_PRIMARY
DESI000902,125.420136157382,33.389573793377,STAR,K,0.000602302519,21.741507617072102,21-22,39632950051997565,dark,DESI_DR1_V161,ZWARN0_DELTACHI2_GT25_ZCAT_PRIMARY
DESI000903,125.391913492865,30.150061167722,STAR,F,0.000213293269,21.27146618527757,21-22,39628485165061785,dark,DESI_DR1_V161,ZWARN0_DELTACHI2_GT25_ZCAT_PRIMARY
DESI000904,125.029431792963,3.413271108313,STAR,WD,0.000360387659,21.952854127393405,21-22,39627871370611301,dark,DESI_DR1_V161,ZWARN0_DELTACHI2_GT25_ZCAT_PRIMARY
DESI000905,125.030313903193,19.997399906547,STAR,K,-0.000192992336,21.38189554985088,21-22,39628260807545937,dark,DESI_DR1_V161,ZWARN0_DELTACHI2_GT25_ZCAT_PRIMARY
DESI000906,125.129134236945,34.764188689487,STAR,K,-0.000386496269,21.43229546781251,21-22,39632975121351497,dark,DESI_DR1_V161,ZWARN0_DELTACHI2_GT25_ZCAT_PRIMARY
DESI000907,125.161221331453,5.173938736998,STAR,K,0.000105752793,21.246855327878393,21-22,39627913565308504,dark,DESI_DR1_V161,ZWARN0_DELTACHI2_GT25_ZCAT_PRIMARY
DESI000908,125.034084551767,4.742540168206,STAR,G,0.000249734646,21.693816018123865,21-22,39636697608097861,dark,DESI_DR1_V161,ZWARN0_DELTACHI2_GT25_ZCAT_PRIMARY
DESI000909,125.466400138197,14.801501808221,STAR,K,0.000533835385,21.879012280703915,21-22,39628139596354004,dark,DESI_DR1_V161,ZWARN0_DELTACHI2_GT25_ZCAT_PRIMARY
DESI000910,125.323147916155,5.066933333106,STAR,K,0.000141402226,21.61629618324227,21-22,39627907542291203,dark,DESI_DR1_V161,ZWARN0_DELTACHI2_GT25_ZCAT_PRIMARY
DESI000911,125.441432600526,14.083445530818,STAR,F,0.000688609616,21.123343923663967,21-22,39628122022216488,dark,DESI_DR1_V161,ZWARN0_DELTACHI2_GT25_ZCAT_PRIMARY
DESI000912,125.302640057551,25.516781262696,STAR,G,0.000496836921,21.370438002333177,21-22,39628383537071283,dark,DESI_DR1_V161,ZWARN0_DELTACHI2_GT25_ZCAT_PRIMARY
DESI000913,125.013536063257,33.177059308591,STAR,G,-0.000131540226,21.741615605932985,21-22,39632944989473662,dark,DESI_DR1_V161,ZWARN0_DELTACHI2_GT25_ZCAT_PRIMARY
DESI000914,125.027862556326,14.608157750369,STAR,K,0.000239018227,21.249408812935904,21-22,39628133736910975,dark,DESI_DR1_V161,ZWARN0_DELTACHI2_GT25_ZCAT_PRIMARY
DESI000915,125.214306560644,25.360127805077,STAR,M,0.000274493848,21.366272235130392,21-22,39628378067700478,dark,DESI_DR1_V161,ZWARN0_DELTACHI2_GT25_ZCAT_PRIMARY
DESI000916,125.322859760855,9.869471950121,STAR,K,0.000346566689,21.600970900664613,21-22,39628021438613581,dark,DESI_DR1_V161,ZWARN0_DELTACHI2_GT25_ZCAT_PRIMARY
DESI000917,125.331895164596,13.992837626586,STAR,M,6.35515953e-06,21.723866827211854,21-22,39628122018025225,dark,DESI_DR1_V161,ZWARN0_DELTACHI2_GT25_ZCAT_PRIMARY
DESI000918,125.266458623051,31.919485237513,STAR,K,0.000171191436,21.397023368076034,21-22,39628521445791142,dark,DESI_DR1_V161,ZWARN0_DELTACHI2_GT25_ZCAT_PRIMARY
DESI000919,125.231125070352,33.723906629815,STAR,K,-0.000497942766,21.83298073115805,21-22,39632955093551036,dark,DESI_DR1_V161,ZWARN0_DELTACHI2_GT25_ZCAT_PRIMARY
DESI000920,125.169442598926,9.396646314088,STAR,K,0.000162752487,21.044384088264067,21-22,39628015474313614,dark,DESI_DR1_V161,ZWARN0_DELTACHI2_GT25_ZCAT_PRIMARY
DESI000921,125.357638273522,12.824121594574,STAR,M,2.76487028e-05,21.873431648444274,21-22,39628092603370432,dark,DESI_DR1_V161,ZWARN0_DELTACHI2_GT25_ZCAT_PRIMARY
DESI000922,125.184541544803,7.282759982945,STAR,M,1.01754484e-05,21.50350524862384,21-22,39627961640421045,dark,DESI_DR1_V161,ZWARN0_DELTACHI2_GT25_ZCAT_PRIMARY
DESI000923,125.191255862535,0.485575198601,STAR,K,0.000310768454,21.697838332030084,21-22,39627798905622663,dark,DESI_DR1_V161,ZWARN0_DELTACHI2_GT25_ZCAT_PRIMARY
DESI000924,125.004667815719,2.86028660037,STAR,K,0.000366382896,21.631421246263567,21-22,39627853263798456,dark,DESI_DR1_V161,ZWARN0_DELTACHI2_GT25_ZCAT_PRIMARY
DESI000925,125.214915383906,5.215179234051,STAR,M,0.000177363227,21.806779387697436,21-22,39627913565309831,dark,DESI_DR1_V161,ZWARN0_DELTACHI2_GT25_ZCAT_PRIMARY
DESI000926,125.420362610408,4.499260441917,STAR,K,0.000409114643,21.450151912305895,21-22,39627895500440946,dark,DESI_DR1_V161,ZWARN0_DELTACHI2_GT25_ZCAT_PRIMARY
DESI000927,125.238530982752,13.591117555947,STAR,K,0.000187701732,21.64430362474268,21-22,39628110269779739,dark,DESI_DR1_V161,ZWARN0_DELTACHI2_GT25_ZCAT_PRIMARY
DESI000928,125.122137418769,22.474182140679,STAR,K,0.000292907447,21.187715373126522,21-22,39628317195768455,dark,DESI_DR1_V161,ZWARN0_DELTACHI2_GT25_ZCAT_PRIMARY
DESI000929,125.107231539749,13.058311514839,STAR,K,0.000189611765,21.166342024101223,21-22,39628098492174627,dark,DESI_DR1_V161,ZWARN0_DELTACHI2_GT25_ZCAT_PRIMARY
DESI000930,125.187523853303,5.166617157171,STAR,M,8.67063595e-05,21.317173426377103,21-22,39627913565309157,dark,DESI_DR1_V161,ZWARN0_DELTACHI2_GT25_ZCAT_PRIMARY
DESI000931,125.034051717392,7.528798305463,STAR,K,0.000189895129,21.02539676672366,21-22,39627967634083962,dark,DESI_DR1_V161,ZWARN0_DELTACHI2_GT25_ZCAT_PRIMARY
DESI000932,125.459772551127,43.081297050258,STAR,M,4.86371494e-05,21.989225137648656,21-22,39633130662920303,dark,DESI_DR1_V161,ZWARN0_DELTACHI2_GT25_ZCAT_PRIMARY
DESI000933,125.162034340093,8.12011894431,STAR,G,0.000327307106,21.05840385489805,21-22,39627979621403986,dark,DESI_DR1_V161,ZWARN0_DELTACHI2_GT25_ZCAT_PRIMARY
DESI000934,125.137781999002,5.563263568886,STAR,K,0.000153036818,21.95980967496231,21-22,39627919584136004,dark,DESI_DR1_V161,ZWARN0_DELTACHI2_GT25_ZCAT_PRIMARY
DESI000935,125.151483762871,26.915987352796,STAR,K,0.000242293261,21.07836945604029,21-22,39628416110035339,dark,DESI_DR1_V161,ZWARN0_DELTACHI2_GT25_ZCAT_PRIMARY
DESI000936,125.143913577193,-0.005761826436,STAR,B,-0.000727553887,21.375020391100588,21-22,39627786826026594,dark,DESI_DR1_V161,ZWARN0_DELTACHI2_GT25_ZCAT_PRIMARY
DESI000937,125.153890141863,27.476656083044,STAR,M,6.74130988e-05,21.339670723230107,21-22,39628426868429322,dark,DESI_DR1_V161,ZWARN0_DELTACHI2_GT25_ZCAT_PRIMARY
DESI000938,125.269640506182,2.9135795674,STAR,M,7.23131562e-05,21.979635913661625,21-22,39627859307790830,dark,DESI_DR1_V161,ZWARN0_DELTACHI2_GT25_ZCAT_PRIMARY
DESI000939,125.291502449713,19.674273663853,STAR,F,0.000733070968,21.250833832788228,21-22,39628255120068671,dark,DESI_DR1_V161,ZWARN0_DELTACHI2_GT25_ZCAT_PRIMARY
DESI000940,125.112333221507,12.734983368826,STAR,WD,9.45278802e-05,21.951457867406592,21-22,39628092599176448,dark,DESI_DR1_V161,ZWARN0_DELTACHI2_GT25_ZCAT_PRIMARY
DESI000941,125.225052068356,13.938334064596,STAR,WD,0.000258423163,21.746882278409473,21-22,39628122018023004,dark,DESI_DR1_V161,ZWARN0_DELTACHI2_GT25_ZCAT_PRIMARY
DESI000942,125.438601600713,23.925558898331,STAR,M,6.87447634e-05,21.44182386013095,21-22,39628350561453569,dark,DESI_DR1_V161,ZWARN0_DELTACHI2_GT25_ZCAT_PRIMARY
DESI000943,125.264411675629,35.348264425745,STAR,M,1.56934272e-05,21.993969943134662,21-22,39632985040882722,dark,DESI_DR1_V161,ZWARN0_DELTACHI2_GT25_ZCAT_PRIMARY
DESI000944,125.239607731411,20.776405539684,STAR,K,-0.000135366327,21.665540757020192,21-22,39628277828030555,dark,DESI_DR1_V161,ZWARN0_DELTACHI2_GT25_ZCAT_PRIMARY
DESI000945,125.376179537615,3.688207824213,STAR,K,0.000134176402,21.289606439086548,21-22,39627877406218225,dark,DESI_DR1_V161,ZWARN0_DELTACHI2_GT25_ZCAT_PRIMARY
DESI000946,125.325305409158,3.859244175318,STAR,K,1.95599672e-06,21.061530948411594,21-22,39627877406216728,dark,DESI_DR1_V161,ZWARN0_DELTACHI2_GT25_ZCAT_PRIMARY
DESI000947,125.023228560384,16.24474853748,STAR,M,0.000126403676,21.87519503470063,21-22,39628174564265269,dark,DESI_DR1_V161,ZWARN0_DELTACHI2_GT25_ZCAT_PRIMARY
DESI000948,125.084271411102,12.525151708408,STAR,WD,-0.000422539957,21.906360588764016,21-22,39628086697788583,dark,DESI_DR1_V161,ZWARN0_DELTACHI2_GT25_ZCAT_PRIMARY
DESI000949,125.419372066913,5.45613553617,STAR,M,0.000273496008,21.205911874253925,21-22,39627919588331443,dark,DESI_DR1_V161,ZWARN0_DELTACHI2_GT25_ZCAT_PRIMARY
DESI000950,125.039979685326,14.12641497754,STAR,K,0.000193823239,21.52591105601663,21-22,39628127877467416,dark,DESI_DR1_V161,ZWARN0_DELTACHI2_GT25_ZCAT_PRIMARY
DESI000951,150.282706072112,31.779412748578,STAR,K,0.000371550196,21.310484377794054,21-22,39628516660087199,dark,DESI_DR1_V161,ZWARN0_DELTACHI2_GT25_ZCAT_PRIMARY
DESI000952,150.974534778058,8.57526401407,STAR,K,7.10671872e-07,21.078011886581454,21-22,39627992019763362,dark,DESI_DR1_V161,ZWARN0_DELTACHI2_GT25_ZCAT_PRIMARY
DESI000953,150.138421978248,6.88444751393,STAR,K,0.000908706492,21.62202684614313,21-22,39627956057802530,dark,DESI_DR1_V161,ZWARN0_DELTACHI2_GT25_ZCAT_PRIMARY
DESI000954,150.124262599725,31.50291941171,STAR,G,-0.000116784575,21.641399734769095,21-22,39628511501095114,dark,DESI_DR1_V161,ZWARN0_DELTACHI2_GT25_ZCAT_PRIMARY
DESI000955,150.355207275473,32.892800707954,STAR,G,-0.000124371899,21.589528060146815,21-22,39632940279268776,dark,DESI_DR1_V161,ZWARN0_DELTACHI2_GT25_ZCAT_PRIMARY
DESI000956,150.748210890785,14.425577821349,STAR,G,-0.00027947768,21.25087162985498,21-22,39628134156339401,dark,DESI_DR1_V161,ZWARN0_DELTACHI2_GT25_ZCAT_PRIMARY
DESI000957,150.679607654452,-2.776676603272,STAR,CV,0.00133105359,21.15831987183278,21-22,39627720816070056,dark,DESI_DR1_V161,ZWARN0_DELTACHI2_GT25_ZCAT_PRIMARY
DESI000958,150.910227710683,6.658057397514,STAR,K,0.000532658195,21.413098844278675,21-22,39627950068336085,dark,DESI_DR1_V161,ZWARN0_DELTACHI2_GT25_ZCAT_PRIMARY
DESI000959,150.924942314916,7.283604887646,STAR,K,0.000260893556,21.078747669911905,21-22,39627962068240948,dark,DESI_DR1_V161,ZWARN0_DELTACHI2_GT25_ZCAT_PRIMARY
DESI000960,150.932729313296,-3.265337480915,STAR,F,-0.000112845043,21.071412178968725,21-22,39627708744864310,dark,DESI_DR1_V161,ZWARN0_DELTACHI2_GT25_ZCAT_PRIMARY
DESI000961,150.536918332602,-2.093432935676,STAR,G,0.000606680917,21.33673623888016,21-22,39627738935460613,dark,DESI_DR1_V161,ZWARN0_DELTACHI2_GT25_ZCAT_PRIMARY
DESI000962,150.147801051818,2.907106618694,STAR,K,0.000221775646,21.57343512302867,21-22,39627859723030364,dark,DESI_DR1_V161,ZWARN0_DELTACHI2_GT25_ZCAT_PRIMARY
DESI000963,150.187662118475,2.086791284755,STAR,WD,0.000311147158,21.22911008393575,21-22,39627835563839449,dark,DESI_DR1_V161,ZWARN0_DELTACHI2_GT25_ZCAT_PRIMARY
DESI000964,150.175140794361,3.725380378726,STAR,K,0.000266256489,21.50285065398935,21-22,39627877821452541,other,DESI_DR1_V161,ZWARN0_DELTACHI2_GT25_ZCAT_PRIMARY
DESI000965,150.9407995,-1.6290888,STAR,K,0.000636244511,21.069398489559774,21-22,39627744979455548,dark,DESI_DR1_V161,ZWARN0_DELTACHI2_GT25_ZCAT_PRIMARY
DESI000966,150.58378841482,0.636667306195,STAR,WD,-3.61921402e-05,21.606911944894783,21-22,39627805373237104,dark,DESI_DR1_V161,ZWARN0_DELTACHI2_GT25_ZCAT_PRIMARY
DESI000967,150.560835866103,68.356116621762,STAR,M,-4.49513398e-05,21.12467687698827,21-22,39633474323218460,bright,DESI_DR1_V161,ZWARN0_DELTACHI2_GT25_ZCAT_PRIMARY
DESI000968,150.989307333905,-0.031201278414,STAR,A,0.00012280831,21.13271531019999,21-22,39627787258040583,dark,DESI_DR1_V161,ZWARN0_DELTACHI2_GT25_ZCAT_PRIMARY
DESI000969,150.626153031766,3.752124567894,STAR,F,0.000788980216,21.23339247349998,21-22,39627877829840524,dark,DESI_DR1_V161,ZWARN0_DELTACHI2_GT25_ZCAT_PRIMARY
DESI000970,150.32103837786,14.2624267508,STAR,F,0.000162664267,21.317250132198755,21-22,39628128288509111,dark,DESI_DR1_V161,ZWARN0_DELTACHI2_GT25_ZCAT_PRIMARY
DESI000971,150.2669178707,2.578364107219,STAR,WD,0.000294026304,21.314677966424476,21-22,39627847647625647,dark,DESI_DR1_V161,ZWARN0_DELTACHI2_GT25_ZCAT_PRIMARY
DESI000972,150.684594818215,-2.086028994611,STAR,G,0.000210880295,21.120295904934668,21-22,39627738935463366,dark,DESI_DR1_V161,ZWARN0_DELTACHI2_GT25_ZCAT_PRIMARY
DESI000973,150.473828607733,13.24334915222,STAR,M,0.000131991074,21.50846871218473,21-22,39628104796214105,dark,DESI_DR1_V161,ZWARN0_DELTACHI2_GT25_ZCAT_PRIMARY
DESI000974,150.819052737556,5.928825549523,STAR,G,0.000761189424,21.387862931982397,21-22,39627932041219570,dark,DESI_DR1_V161,ZWARN0_DELTACHI2_GT25_ZCAT_PRIMARY
DESI000975,150.479761168058,2.760540542896,STAR,M,0.000649454689,21.493620096177676,21-22,39627853687428217,bright,DESI_DR1_V161,ZWARN0_DELTACHI2_GT25_ZCAT_PRIMARY
DESI000976,150.192550188013,32.710204768118,STAR,G,0.000612516593,21.19448624608527,21-22,39632935191578589,dark,DESI_DR1_V161,ZWARN0_DELTACHI2_GT25_ZCAT_PRIMARY
DESI000977,150.212846351703,15.222492969084,STAR,M,-0.000181083197,21.284104478732775,21-22,39628151680142991,dark,DESI_DR1_V161,ZWARN0_DELTACHI2_GT25_ZCAT_PRIMARY
DESI000978,150.868289006299,1.260903851142,STAR,F,-0.000119386334,21.815136824603723,21-22,39627817457027715,dark,DESI_DR1_V161,ZWARN0_DELTACHI2_GT25_ZCAT_PRIMARY
DESI000979,150.39133631352,-2.992555346161,STAR,F,0.000446526281,21.047171887350828,21-22,39627714772077615,dark,DESI_DR1_V161,ZWARN0_DELTACHI2_GT25_ZCAT_PRIMARY
DESI000980,150.173565870491,-3.175604612555,STAR,F,-4.26475478e-05,21.167381984633863,21-22,39627708732281898,dark,DESI_DR1_V161,ZWARN0_DELTACHI2_GT25_ZCAT_PRIMARY
DESI000981,150.911884928056,-5.342997131498,STAR,M,4.71044176e-05,21.627676090269254,21-22,39627660522951432,dark,DESI_DR1_V161,ZWARN0_DELTACHI2_GT25_ZCAT_PRIMARY
DESI000982,150.377790815221,1.698915596789,STAR,WD,0.000249611029,21.545976030518222,21-22,39627829528234687,dark,DESI_DR1_V161,ZWARN0_DELTACHI2_GT25_ZCAT_PRIMARY
DESI000983,150.109114106386,-6.926123477107,STAR,G,0.00038601611,21.104546052780453,21-22,39627618441495996,dark,DESI_DR1_V161,ZWARN0_DELTACHI2_GT25_ZCAT_PRIMARY
DESI000984,150.128800971428,3.340964305515,STAR,F,0.000858419431,21.509580122052235,21-22,39627865758633821,other,DESI_DR1_V161,ZWARN0_DELTACHI2_GT25_ZCAT_PRIMARY
DESI000985,150.22995053587,-2.032037647904,STAR,K,0.000257701432,21.35738930454542,21-22,39627738927075882,dark,DESI_DR1_V161,ZWARN0_DELTACHI2_GT25_ZCAT_PRIMARY
DESI000986,150.451218265827,-6.305019628393,STAR,K,5.62411684e-05,21.544187289600554,21-22,39627636460226633,dark,DESI_DR1_V161,ZWARN0_DELTACHI2_GT25_ZCAT_PRIMARY
DESI000987,150.601537159203,-7.875326067578,STAR,G,0.00093513511,21.026111700756097,21-22,39627594471049402,dark,DESI_DR1_V161,ZWARN0_DELTACHI2_GT25_ZCAT_PRIMARY
DESI000988,150.744398425237,-6.256179832093,STAR,F,0.000144003598,21.1433969570706,21-22,39627636464421958,dark,DESI_DR1_V161,ZWARN0_DELTACHI2_GT25_ZCAT_PRIMARY
DESI000989,150.084358500893,1.207335038885,STAR,K,0.00143387665,21.243457720923935,21-22,39627817444444137,dark,DESI_DR1_V161,ZWARN0_DELTACHI2_GT25_ZCAT_PRIMARY
DESI000990,150.963635084103,38.357824931949,STAR,K,-0.000393821122,21.008020850138656,21-22,39633043626920152,dark,DESI_DR1_V161,ZWARN0_DELTACHI2_GT25_ZCAT_PRIMARY
DESI000991,150.465243234382,1.215649860468,STAR,G,0.00053751089,21.96300293154043,21-22,39627817448640441,dark,DESI_DR1_V161,ZWARN0_DELTACHI2_GT25_ZCAT_PRIMARY
DESI000992,150.110372205154,-5.425297430796,STAR,K,0.000370854227,21.60551532776348,21-22,39627654491542860,dark,DESI_DR1_V161,ZWARN0_DELTACHI2_GT25_ZCAT_PRIMARY
DESI000993,150.89308,-2.3695002,STAR,G,6.49350705e-05,21.001700870987722,21-22,39627732899859709,dark,DESI_DR1_V161,ZWARN0_DELTACHI2_GT25_ZCAT_PRIMARY
DESI000994,150.694713197982,9.056669452615,STAR,G,0.000504784848,21.096587543928308,21-22,39628003965141430,dark,DESI_DR1_V161,ZWARN0_DELTACHI2_GT25_ZCAT_PRIMARY
DESI000995,150.019147583155,31.26412885628,STAR,G,0.000157249131,21.147931715380505,21-22,39628506333709528,dark,DESI_DR1_V161,ZWARN0_DELTACHI2_GT25_ZCAT_PRIMARY
DESI000996,150.076226351596,3.482099695547,STAR,M,0.000203928112,21.77377821820855,21-22,39627871790041285,dark,DESI_DR1_V161,ZWARN0_DELTACHI2_GT25_ZCAT_PRIMARY
DESI000997,150.531085790527,-4.880686963554,STAR,G,0.00131377962,21.161182420310734,21-22,39627666541775123,dark,DESI_DR1_V161,ZWARN0_DELTACHI2_GT25_ZCAT_PRIMARY
DESI000998,150.451929999752,32.409100013645,STAR,K,-0.000657780155,21.667208396245105,21-22,39632930095497323,dark,DESI_DR1_V161,ZWARN0_DELTACHI2_GT25_ZCAT_PRIMARY
DESI000999,150.9644252,-1.9712248,STAR,K,0.00113378404,21.007726910843438,21-22,39627738939658610,dark,DESI_DR1_V161,ZWARN0_DELTACHI2_GT25_ZCAT_PRIMARY
DESI001000,150.971374940643,38.524550207283,STAR,K,-0.000222565733,21.649499681254735,21-22,39633048374873392,dark,DESI_DR1_V161,ZWARN0_DELTACHI2_GT25_ZCAT_PRIMARY
DESI001001,176.214360354466,24.041035002568,STAR,F,0.00039697551,21.432856042784206,21-22,39628351341593153,dark,DESI_DR1_V161,ZWARN0_DELTACHI2_GT25_ZCAT_PRIMARY
DESI001002,175.371434090687,-4.840333039261,STAR,G,0.000452501899,21.065049231203037,21-22,39627672980031957,dark,DESI_DR1_V161,ZWARN0_DELTACHI2_GT25_ZCAT_PRIMARY
DESI001003,175.025364989679,11.430149171728,STAR,K,0.000662421249,21.340692950827513,21-22,39628063859804429,dark,DESI_DR1_V161,ZWARN0_DELTACHI2_GT25_ZCAT_PRIMARY
DESI001004,175.027584522149,36.495786649843,STAR,K,0.000516020076,21.03858116528812,21-22,39633010257039207,dark,DESI_DR1_V161,ZWARN0_DELTACHI2_GT25_ZCAT_PRIMARY
DESI001005,175.017934983376,-4.69779597464,STAR,A,-6.34368206e-05,21.228167461338607,21-22,39627672975835820,dark,DESI_DR1_V161,ZWARN0_DELTACHI2_GT25_ZCAT_PRIMARY
DESI001006,175.092916670403,-1.938684340223,STAR,F,0.000363101962,21.264432573997762,21-22,39627739346504023,dark,DESI_DR1_V161,ZWARN0_DELTACHI2_GT25_ZCAT_PRIMARY
DESI001007,176.010036862936,8.595335639092,STAR,G,0.000988048833,21.140686407431684,21-22,39627992435000109,dark,DESI_DR1_V161,ZWARN0_DELTACHI2_GT25_ZCAT_PRIMARY
DESI001008,176.216236586953,1.753650912959,STAR,M,-8.472155e-05,21.660753621254447,21-22,39627829960249856,dark,DESI_DR1_V161,ZWARN0_DELTACHI2_GT25_ZCAT_PRIMARY
DESI001009,175.505835463373,27.273731311106,STAR,G,0.000576935299,21.380841549812025,21-22,39628422246306877,dark,DESI_DR1_V161,ZWARN0_DELTACHI2_GT25_ZCAT_PRIMARY
DESI001010,175.959816534751,4.223415756601,STAR,M,0.000100065019,21.325121127722035,21-22,39627890316283897,dark,DESI_DR1_V161,ZWARN0_DELTACHI2_GT25_ZCAT_PRIMARY
DESI001011,176.001875445888,55.33866158599,STAR,G,0.000398059921,21.122726917004176,21-22,39633325303794699,dark,DESI_DR1_V161,ZWARN0_DELTACHI2_GT25_ZCAT_PRIMARY
DESI001012,175.615855667058,24.251368392644,STAR,K,-0.000513683422,21.84084474547633,21-22,39628356852912534,dark,DESI_DR1_V161,ZWARN0_DELTACHI2_GT25_ZCAT_PRIMARY
DESI001013,175.70153364739,2.204455459346,STAR,F,0.000229265515,21.059235906199664,21-22,39627842031455993,dark,DESI_DR1_V161,ZWARN0_DELTACHI2_GT25_ZCAT_PRIMARY
DESI001014,175.020530849503,67.864876603556,STAR,M,-8.96058769e-05,21.135770629188386,21-22,39633469910811858,bright,DESI_DR1_V161,ZWARN0_DELTACHI2_GT25_ZCAT_PRIMARY
DESI001015,175.041292362927,3.954894328027,STAR,F,0.000215970388,21.350689715395394,21-22,39627884272288830,dark,DESI_DR1_V161,ZWARN0_DELTACHI2_GT25_ZCAT_PRIMARY
DESI001016,175.035705661317,25.878738656794,STAR,F,0.000544550258,21.306328621487435,21-22,39628395193041418,dark,DESI_DR1_V161,ZWARN0_DELTACHI2_GT25_ZCAT_PRIMARY
DESI001017,175.36035098647,-5.420460460336,STAR,F,0.000229088768,21.65875060213684,21-22,39627654915164460,dark,DESI_DR1_V161,ZWARN0_DELTACHI2_GT25_ZCAT_PRIMARY
DESI001018,175.873757842258,56.385944391022,STAR,G,-0.000688204373,21.251308109490388,21-22,39633342320085720,dark,DESI_DR1_V161,ZWARN0_DELTACHI2_GT25_ZCAT_PRIMARY
DESI001019,176.081433548415,8.110896180354,STAR,F,0.000591346558,21.06940721137165,21-22,39627980468652367,dark,DESI_DR1_V161,ZWARN0_DELTACHI2_GT25_ZCAT_PRIMARY
DESI001020,175.259925062949,0.069154414959,STAR,A,-7.28785482e-05,21.24890449511792,21-22,39627787669078231,dark,DESI_DR1_V161,ZWARN0_DELTACHI2_GT25_ZCAT_PRIMARY
DESI001021,176.00171669824,14.550633759319,STAR,F,-5.99013701e-05,21.333839336178084,21-22,39628134567382109,dark,DESI_DR1_V161,ZWARN0_DELTACHI2_GT25_ZCAT_PRIMARY
DESI001022,175.970145503459,-3.329152633439,STAR,G,0.000193099812,21.019963597785527,21-22,39627709164295149,dark,DESI_DR1_V161,ZWARN0_DELTACHI2_GT25_ZCAT_PRIMARY
DESI001023,175.32998036906,24.808052382369,STAR,M,0.000374190116,21.962592505323787,21-22,39628367862956094,dark,DESI_DR1_V161,ZWARN0_DELTACHI2_GT25_ZCAT_PRIMARY
DESI001024,175.174432006172,26.210033679734,STAR,F,-6.53059894e-05,21.382640166398662,21-22,39628400624667386,dark,DESI_DR1_V161,ZWARN0_DELTACHI2_GT25_ZCAT_PRIMARY
DESI001025,175.959901518224,14.86565127957,STAR,G,8.70331381e-06,21.136760048582225,21-22,39628140418435397,dark,DESI_DR1_V161,ZWARN0_DELTACHI2_GT25_ZCAT_PRIMARY
DESI001026,175.210511407966,-4.979223664282,STAR,WD,0.000220885143,21.420015404674118,21-22,39627666952820043,dark,DESI_DR1_V161,ZWARN0_DELTACHI2_GT25_ZCAT_PRIMARY
DESI001027,175.434826469787,2.396083349973,STAR,K,0.000550804159,21.047248795475316,21-22,39627848067059155,dark,DESI_DR1_V161,ZWARN0_DELTACHI2_GT25_ZCAT_PRIMARY
DESI001028,175.011975725461,-3.805413627387,STAR,F,-2.84673894e-05,21.695729547355086,21-22,39627697088889243,dark,DESI_DR1_V161,ZWARN0_DELTACHI2_GT25_ZCAT_PRIMARY
DESI001029,176.216741744223,-6.949653719642,STAR,F,0.000243702677,21.467899814475093,21-22,39627618873512756,dark,DESI_DR1_V161,ZWARN0_DELTACHI2_GT25_ZCAT_PRIMARY
DESI001030,176.113644558378,-4.839216005874,STAR,G,0.000525451804,21.168604495751907,21-22,39627672992615349,dark,DESI_DR1_V161,ZWARN0_DELTACHI2_GT25_ZCAT_PRIMARY
DESI001031,176.106678628928,6.314926194614,STAR,K,0.000728026232,21.06847437460229,21-22,39627938475281212,dark,DESI_DR1_V161,ZWARN0_DELTACHI2_GT25_ZCAT_PRIMARY
DESI001032,175.494258065367,4.672178965142,STAR,G,0.00081504654,21.4243446112234,21-22,39627902362321097,dark,DESI_DR1_V161,ZWARN0_DELTACHI2_GT25_ZCAT_PRIMARY
DESI001033,175.77329499865,0.521879305999,STAR,F,0.0002005085,21.171743478016385,21-22,39627799757062647,dark,DESI_DR1_V161,ZWARN0_DELTACHI2_GT25_ZCAT_PRIMARY
DESI001034,175.579927287135,15.38588331424,STAR,F,-6.12349224e-05,21.372599925366764,21-22,39628157925463082,dark,DESI_DR1_V161,ZWARN0_DELTACHI2_GT25_ZCAT_PRIMARY
DESI001035,175.006062773129,9.165052465379,STAR,K,-0.000234504047,21.450523534734092,21-22,39628010336290088,dark,DESI_DR1_V161,ZWARN0_DELTACHI2_GT25_ZCAT_PRIMARY
DESI001036,175.764431199708,-6.238991126901,STAR,K,0.000833856331,21.407844886558347,21-22,39627636883850136,dark,DESI_DR1_V161,ZWARN0_DELTACHI2_GT25_ZCAT_PRIMARY
DESI001037,175.911223263258,-2.933129350066,STAR,K,0.000888290373,21.011672875486664,21-22,39627715199896401,dark,DESI_DR1_V161,ZWARN0_DELTACHI2_GT25_ZCAT_PRIMARY
DESI001038,175.819553819571,1.456124097078,STAR,K,-5.35780632e-05,21.325919843453324,21-22,39627823916254737,dark,DESI_DR1_V161,ZWARN0_DELTACHI2_GT25_ZCAT_PRIMARY
DESI001039,175.44979486047,-0.199655039098,STAR,K,0.000133565083,21.71611754727436,21-22,39627781629283698,dark,DESI_DR1_V161,ZWARN0_DELTACHI2_GT25_ZCAT_PRIMARY
DESI001040,175.483396749446,11.192570232758,STAR,G,6.15317093e-05,21.159285849033754,21-22,39628057941640310,dark,DESI_DR1_V161,ZWARN0_DELTACHI2_GT25_ZCAT_PRIMARY
DESI001041,175.979485127985,-0.804114089228,STAR,A,0.000593345188,21.696221403511537,21-22,39627769558078563,dark,DESI_DR1_V161,ZWARN0_DELTACHI2_GT25_ZCAT_PRIMARY
DESI001042,175.633828686886,-2.595716576527,STAR,G,0.000581456656,21.045208303779912,21-22,39627727275297399,dark,DESI_DR1_V161,ZWARN0_DELTACHI2_GT25_ZCAT_PRIMARY
DESI001043,175.230685169235,3.53128127054,STAR,G,0.000515162888,21.398652137926117,21-22,39627872209474774,dark,DESI_DR1_V161,ZWARN0_DELTACHI2_GT25_ZCAT_PRIMARY
DESI001044,176.005543117465,23.54191765182,STAR,G,0.000153137793,21.046807359985184,21-22,39628340264437252,dark,DESI_DR1_V161,ZWARN0_DELTACHI2_GT25_ZCAT_PRIMARY
DESI001045,175.057987520818,4.030585712946,STAR,G,0.000703812326,21.816738517015217,21-22,39627884272289220,dark,DESI_DR1_V161,ZWARN0_DELTACHI2_GT25_ZCAT_PRIMARY
DESI001046,175.145513640064,-2.974784671214,STAR,F,0.000397718182,21.600842829655953,21-22,39627715187313851,dark,DESI_DR1_V161,ZWARN0_DELTACHI2_GT25_ZCAT_PRIMARY
DESI001047,176.099941105471,2.326972881527,STAR,F,0.000763465864,21.184895273297805,21-22,39627842039843034,dark,DESI_DR1_V161,ZWARN0_DELTACHI2_GT25_ZCAT_PRIMARY
DESI001048,175.323623534461,-1.853487984519,STAR,K,0.000892227224,21.326335997314956,21-22,39627745390495026,dark,DESI_DR1_V161,ZWARN0_DELTACHI2_GT25_ZCAT_PRIMARY
DESI001049,175.36891040872,-0.637462943279,STAR,K,0.000957621932,21.07948395220726,21-22,39627769549687038,dark,DESI_DR1_V161,ZWARN0_DELTACHI2_GT25_ZCAT_PRIMARY
DESI001050,176.042723048929,-4.418793918584,STAR,F,0.000700110786,21.61922044473472,21-22,39627679015634307,dark,DESI_DR1_V161,ZWARN0_DELTACHI2_GT25_ZCAT_PRIMARY
DESI001051,200.322463575671,-0.952113659887,STAR,G,-0.000206197119,21.495146628422063,21-22,39627763929318994,dark,DESI_DR1_V161,ZWARN0_DELTACHI2_GT25_ZCAT_PRIMARY
DESI001052,200.119273162385,-1.777469775267,STAR,F,0.000766208535,21.309816645561583,21-22,39627745805732331,dark,DESI_DR1_V161,ZWARN0_DELTACHI2_GT25_ZCAT_PRIMARY
DESI001053,200.420101272631,1.851979028687,STAR,M,0.000169799735,21.402556958652333,21-22,39627830367096212,dark,DESI_DR1_V161,ZWARN0_DELTACHI2_GT25_ZCAT_PRIMARY
DESI001054,200.438492727025,-1.284680071727,STAR,G,0.00082097512,21.029320732894178,21-22,39627757889523816,dark,DESI_DR1_V161,ZWARN0_DELTACHI2_GT25_ZCAT_PRIMARY
DESI001055,200.307234930093,3.437204818526,STAR,G,-1.88202379e-06,21.363874985173148,21-22,39627872633094816,dark,DESI_DR1_V161,ZWARN0_DELTACHI2_GT25_ZCAT_PRIMARY
DESI001056,200.108041263337,37.707914514399,STAR,G,-0.000965249712,21.08287258694688,21-22,39633034730801646,dark,DESI_DR1_V161,ZWARN0_DELTACHI2_GT25_ZCAT_PRIMARY
DESI001057,200.450901876502,55.650819780704,STAR,K,-0.00014147872,21.399136518992737,21-22,39633332413137951,dark,DESI_DR1_V161,ZWARN0_DELTACHI2_GT25_ZCAT_PRIMARY
DESI001058,200.483588160679,2.407048902946,STAR,M,-7.98290728e-05,21.995729015760162,21-22,39627848486491159,dark,DESI_DR1_V161,ZWARN0_DELTACHI2_GT25_ZCAT_PRIMARY
DESI001059,200.538593315875,-5.248751181596,STAR,G,0.00103724337,21.384542807784836,21-22,39627661353423437,dark,DESI_DR1_V161,ZWARN0_DELTACHI2_GT25_ZCAT_PRIMARY
DESI001060,200.753137509265,6.041141023461,STAR,K,0.000397585291,21.346148641082642,21-22,39627932875886110,dark,DESI_DR1_V161,ZWARN0_DELTACHI2_GT25_ZCAT_PRIMARY
DESI001061,200.346568091781,-1.539099217354,STAR,G,0.000236344294,21.297443840024965,21-22,39627751849723701,dark,DESI_DR1_V161,ZWARN0_DELTACHI2_GT25_ZCAT_PRIMARY
DESI001062,200.5148692381,-5.057022990997,STAR,G,0.000557180941,21.304576166107736,21-22,39627667376443428,dark,DESI_DR1_V161,ZWARN0_DELTACHI2_GT25_ZCAT_PRIMARY
DESI001063,200.50279783221,-3.361039888808,STAR,G,1.40951684e-05,21.637492498614126,21-22,39627709575336698,dark,DESI_DR1_V161,ZWARN0_DELTACHI2_GT25_ZCAT_PRIMARY
DESI001064,200.123181969246,4.952584298666,STAR,F,0.000112263948,21.690926265441682,21-22,39627908796384984,dark,DESI_DR1_V161,ZWARN0_DELTACHI2_GT25_ZCAT_PRIMARY
DESI001065,200.736451194445,2.30910349332,STAR,G,7.42356372e-05,21.62266061822216,21-22,39627842450888387,dark,DESI_DR1_V161,ZWARN0_DELTACHI2_GT25_ZCAT_PRIMARY
DESI001066,200.410782256064,5.679924745009,STAR,G,-3.53015707e-05,21.528725711712802,21-22,39627926857058196,dark,DESI_DR1_V161,ZWARN0_DELTACHI2_GT25_ZCAT_PRIMARY
DESI001067,200.701391262739,4.16366341599,STAR,K,-0.000411421309,21.348890561877454,21-22,39627890731520133,dark,DESI_DR1_V161,ZWARN0_DELTACHI2_GT25_ZCAT_PRIMARY
DESI001068,200.76721336555,-7.884413284855,STAR,F,-0.000272363357,21.115395552898754,21-22,39627595305715724,dark,DESI_DR1_V161,ZWARN0_DELTACHI2_GT25_ZCAT_PRIMARY
DESI001069,200.286011178115,10.175156608852,STAR,G,-0.000187970589,21.459214380082216,21-22,39628034583564889,dark,DESI_DR1_V161,ZWARN0_DELTACHI2_GT25_ZCAT_PRIMARY
DESI001070,200.207750424705,3.783249621983,STAR,K,0.000617057579,21.97401640535323,21-22,39627878660313022,dark,DESI_DR1_V161,ZWARN0_DELTACHI2_GT25_ZCAT_PRIMARY
DESI001071,200.103824844738,0.00719415033,STAR,K,0.000341940521,21.138540180396102,21-22,39627788084316436,dark,DESI_DR1_V161,ZWARN0_DELTACHI2_GT25_ZCAT_PRIMARY
DESI001072,200.562080592531,-2.946291395814,STAR,G,-0.000361315082,21.407872681506838,21-22,39627715615131157,dark,DESI_DR1_V161,ZWARN0_DELTACHI2_GT25_ZCAT_PRIMARY
DESI001073,200.332507190935,6.224336695034,STAR,G,-2.49388894e-05,21.72437691426119,21-22,39627938877936888,dark,DESI_DR1_V161,ZWARN0_DELTACHI2_GT25_ZCAT_PRIMARY
DESI001074,200.025778295102,5.963447860166,STAR,F,-7.10415218e-05,21.71168557805988,21-22,39627932863303964,dark,DESI_DR1_V161,ZWARN0_DELTACHI2_GT25_ZCAT_PRIMARY
DESI001075,200.582248640207,-3.861788049452,STAR,K,0.000141583867,21.0483488928892,21-22,39627697516709310,dark,DESI_DR1_V161,ZWARN0_DELTACHI2_GT25_ZCAT_PRIMARY
DESI001076,200.152713564784,-1.817722814959,STAR,K,0.000706380434,21.613653307161943,21-22,39627745805732973,dark,DESI_DR1_V161,ZWARN0_DELTACHI2_GT25_ZCAT_PRIMARY
DESI001077,200.732278426517,-9.525788927071,STAR,F,3.86027142e-05,21.194567805694984,21-22,39627559452807990,dark,DESI_DR1_V161,ZWARN0_DELTACHI2_GT25_ZCAT_PRIMARY
DESI001078,200.111444887304,1.503850053798,STAR,F,-9.12165939e-05,21.35764328812528,21-22,39627824323103243,dark,DESI_DR1_V161,ZWARN0_DELTACHI2_GT25_ZCAT_PRIMARY
DESI001079,200.020203116549,3.318291311745,STAR,K,0.000212369211,21.07375064555741,21-22,39627866593300743,dark,DESI_DR1_V161,ZWARN0_DELTACHI2_GT25_ZCAT_PRIMARY
DESI001080,200.142670496918,33.742168161475,STAR,K,-0.000296931425,21.26032429263984,21-22,39632956142125498,dark,DESI_DR1_V161,ZWARN0_DELTACHI2_GT25_ZCAT_PRIMARY
DESI001081,200.243269931665,-2.581511920048,STAR,K,-7.01661048e-05,21.039067328913674,21-22,39627727686341658,dark,DESI_DR1_V161,ZWARN0_DELTACHI2_GT25_ZCAT_PRIMARY
DESI001082,200.369395205472,-4.198596256319,STAR,G,-0.000269905208,21.3560899900815,21-22,39627685449697048,dark,DESI_DR1_V161,ZWARN0_DELTACHI2_GT25_ZCAT_PRIMARY
DESI001083,200.329600599599,3.852511263921,STAR,G,0.000175318574,21.43891078884008,21-22,39627878664504594,dark,DESI_DR1_V161,ZWARN0_DELTACHI2_GT25_ZCAT_PRIMARY
DESI001084,200.267016035503,-8.143309489204,STAR,F,0.000345667114,21.704993049829174,21-22,39627589312054984,dark,DESI_DR1_V161,ZWARN0_DELTACHI2_GT25_ZCAT_PRIMARY
DESI001085,200.340385932185,-1.468399757698,STAR,G,0.000846578515,21.25359303764289,21-22,39627751849723607,dark,DESI_DR1_V161,ZWARN0_DELTACHI2_GT25_ZCAT_PRIMARY
DESI001086,200.847239069139,31.357526010234,STAR,G,-0.000478033422,21.651599996841018,21-22,39628507063519581,dark,DESI_DR1_V161,ZWARN0_DELTACHI2_GT25_ZCAT_PRIMARY
DESI001087,200.565912637542,2.707153449555,STAR,K,0.000251855601,21.084012343902398,21-22,39627854530479416,dark,DESI_DR1_V161,ZWARN0_DELTACHI2_GT25_ZCAT_PRIMARY
DESI001088,200.193409933103,33.649628137306,STAR,K,-0.000221839234,21.06150785851073,21-22,39632956142126091,dark,DESI_DR1_V161,ZWARN0_DELTACHI2_GT25_ZCAT_PRIMARY
DESI001089,200.602604036772,3.973716143952,STAR,G,4.50974999e-05,21.435378145381964,21-22,39627884700108560,dark,DESI_DR1_V161,ZWARN0_DELTACHI2_GT25_ZCAT_PRIMARY
DESI001090,200.261424472914,1.514987493826,STAR,F,0.00113140616,21.42964275884451,21-22,39627824327295308,dark,DESI_DR1_V161,ZWARN0_DELTACHI2_GT25_ZCAT_PRIMARY
DESI001091,200.335692640338,33.815429577107,STAR,G,0.000487192777,21.00293622135825,21-22,39632956142127719,dark,DESI_DR1_V161,ZWARN0_DELTACHI2_GT25_ZCAT_PRIMARY
DESI001092,200.42372120298,4.666270567665,STAR,F,-0.000366831326,21.876307012453303,21-22,39627902777559476,dark,DESI_DR1_V161,ZWARN0_DELTACHI2_GT25_ZCAT_PRIMARY
DESI001093,200.501935654411,37.221659841662,STAR,F,0.000346980933,21.879668190602892,21-22,39633025125844987,dark,DESI_DR1_V161,ZWARN0_DELTACHI2_GT25_ZCAT_PRIMARY
DESI001094,200.17509758415,3.786745063376,STAR,G,-2.19666886e-05,21.443525400371296,21-22,39627878660312399,dark,DESI_DR1_V161,ZWARN0_DELTACHI2_GT25_ZCAT_PRIMARY
DESI001095,200.47426156217,2.761247288687,STAR,M,-5.66125772e-05,21.446998246753854,21-22,39627854526288670,dark,DESI_DR1_V161,ZWARN0_DELTACHI2_GT25_ZCAT_PRIMARY
DESI001096,200.355716673019,2.850558871848,STAR,K,-0.000395175599,21.103810588264277,21-22,39627854526286127,dark,DESI_DR1_V161,ZWARN0_DELTACHI2_GT25_ZCAT_PRIMARY
DESI001097,200.468801770102,10.527739352915,STAR,F,-0.000678539025,21.340483950134338,21-22,39628040535280468,dark,DESI_DR1_V161,ZWARN0_DELTACHI2_GT25_ZCAT_PRIMARY
DESI001098,200.431312554446,2.841658400684,STAR,K,-0.000144294031,21.547090413684344,21-22,39627854526287835,dark,DESI_DR1_V161,ZWARN0_DELTACHI2_GT25_ZCAT_PRIMARY
DESI001099,200.722779446672,-4.970134868411,STAR,M,8.12732616e-06,21.61876707797508,21-22,39627667380636708,dark,DESI_DR1_V161,ZWARN0_DELTACHI2_GT25_ZCAT_PRIMARY
DESI001100,200.513593343749,0.681308340352,STAR,G,0.000115688327,21.08470208015777,21-22,39627806212096385,dark,DESI_DR1_V161,ZWARN0_DELTACHI2_GT25_ZCAT_PRIMARY
DESI001101,225.074386590959,3.270377575797,STAR,M,-0.000131723409,21.50175043728043,21-22,39627867016921405,dark,DESI_DR1_V161,ZWARN0_DELTACHI2_GT25_ZCAT_PRIMARY
DESI001102,225.361385786891,-8.289165731869,STAR,K,0.000398910099,21.337145399031094,21-22,39627589727294335,dark,DESI_DR1_V161,ZWARN0_DELTACHI2_GT25_ZCAT_PRIMARY
DESI001103,225.603004934515,9.126645677092,STAR,K,-0.000199578212,21.629568969378763,21-22,39628011175150200,dark,DESI_DR1_V161,ZWARN0_DELTACHI2_GT25_ZCAT_PRIMARY
DESI001104,225.491849337637,14.502952017926,STAR,G,-0.000636518809,21.226701290671212,21-22,39628135372687156,dark,DESI_DR1_V161,ZWARN0_DELTACHI2_GT25_ZCAT_PRIMARY
DESI001105,225.024842934938,7.658059958075,STAR,G,0.000647902123,21.067963252679107,21-22,39627975292882350,dark,DESI_DR1_V161,ZWARN0_DELTACHI2_GT25_ZCAT_PRIMARY
DESI001106,225.416768433693,-6.68156736766,STAR,K,-0.000869824258,21.08975580526756,21-22,39627625697645416,dark,DESI_DR1_V161,ZWARN0_DELTACHI2_GT25_ZCAT_PRIMARY
DESI001107,225.132114354986,-0.825467503223,STAR,A,8.44133036e-06,21.622796128957035,21-22,39627770384354178,dark,DESI_DR1_V161,ZWARN0_DELTACHI2_GT25_ZCAT_PRIMARY
DESI001108,225.019782125601,6.773139610353,STAR,K,0.000485209593,21.301839328180172,21-22,39627951305654688,dark,DESI_DR1_V161,ZWARN0_DELTACHI2_GT25_ZCAT_PRIMARY
DESI001109,225.05412871889,0.895251228646,STAR,K,-0.000143503544,21.702115088869625,21-22,39627812662936708,dark,DESI_DR1_V161,ZWARN0_DELTACHI2_GT25_ZCAT_PRIMARY
DESI001110,225.373576431151,-2.226795478705,STAR,M,-1.89992025e-05,21.91694478025116,21-22,39627734149762010,dark,DESI_DR1_V161,ZWARN0_DELTACHI2_GT25_ZCAT_PRIMARY
DESI001111,225.028907219166,27.460664196204,STAR,G,-0.000351688702,21.249968296511135,21-22,39628428361597493,dark,DESI_DR1_V161,ZWARN0_DELTACHI2_GT25_ZCAT_PRIMARY
DESI001112,225.670074689699,31.734987174858,STAR,K,-0.000242066653,21.06467865300572,21-22,39628517738024470,dark,DESI_DR1_V161,ZWARN0_DELTACHI2_GT25_ZCAT_PRIMARY
DESI001113,225.427160410121,-4.962899103398,STAR,F,0.00020868384,21.331075921362046,21-22,39627667795871155,dark,DESI_DR1_V161,ZWARN0_DELTACHI2_GT25_ZCAT_PRIMARY
DESI001114,225.073582003595,33.83579942891,STAR,WD,0.000910397491,21.70936103665541,21-22,39632956490253211,dark,DESI_DR1_V161,ZWARN0_DELTACHI2_GT25_ZCAT_PRIMARY
DESI001115,225.327202101708,15.064732541244,STAR,G,-0.000413245109,21.110707462219946,21-22,39628147062211965,dark,DESI_DR1_V161,ZWARN0_DELTACHI2_GT25_ZCAT_PRIMARY
DESI001116,225.585958420774,-5.143623361308,STAR,K,4.52158372e-05,21.36156672263156,21-22,39627661772854752,dark,DESI_DR1_V161,ZWARN0_DELTACHI2_GT25_ZCAT_PRIMARY
DESI001117,225.675474922918,31.607926160591,STAR,M,-0.00011169973,21.444112332520614,21-22,39628512587415845,dark,DESI_DR1_V161,ZWARN0_DELTACHI2_GT25_ZCAT_PRIMARY
DESI001118,225.407111381091,-2.777276701433,STAR,K,-0.000116839935,21.127657478345906,21-22,39627722070167611,dark,DESI_DR1_V161,ZWARN0_DELTACHI2_GT25_ZCAT_PRIMARY
DESI001119,225.34762243644,-6.031295744517,STAR,G,0.000603832939,21.057857178753267,21-22,39627643720569731,dark,DESI_DR1_V161,ZWARN0_DELTACHI2_GT25_ZCAT_PRIMARY
DESI001120,225.404512355477,1.396007314196,STAR,K,7.04859762e-05,21.08631612370198,21-22,39627824746728700,dark,DESI_DR1_V161,ZWARN0_DELTACHI2_GT25_ZCAT_PRIMARY
DESI001121,225.172882013203,-2.86603442973,STAR,M,0.000222425863,21.600857059022026,21-22,39627722065973990,dark,DESI_DR1_V161,ZWARN0_DELTACHI2_GT25_ZCAT_PRIMARY
DESI001122,225.522870020537,-4.362483716286,STAR,K,0.000209829612,21.287582142048308,21-22,39627685869131607,dark,DESI_DR1_V161,ZWARN0_DELTACHI2_GT25_ZCAT_PRIMARY
DESI001123,225.16738614756,32.935448633381,STAR,K,-0.00114220431,21.803098854550033,21-22,39632941332041121,dark,DESI_DR1_V161,ZWARN0_DELTACHI2_GT25_ZCAT_PRIMARY
DESI001124,225.388271771453,40.346163297576,STAR,K,-0.000187758856,21.202820609072578,21-22,39633082105466487,dark,DESI_DR1_V161,ZWARN0_DELTACHI2_GT25_ZCAT_PRIMARY
DESI001125,225.260603701618,-1.199280518668,STAR,K,-0.0002391949,21.331860519837086,21-22,39627758308950281,dark,DESI_DR1_V161,ZWARN0_DELTACHI2_GT25_ZCAT_PRIMARY
DESI001126,225.284029515632,16.103734478511,STAR,F,-0.000624585368,21.157950754613964,21-22,39628170374153996,dark,DESI_DR1_V161,ZWARN0_DELTACHI2_GT25_ZCAT_PRIMARY
DESI001127,225.140607309006,32.834182794343,STAR,WD,0.000407731709,21.527603407364346,21-22,39632936252736400,dark,DESI_DR1_V161,ZWARN0_DELTACHI2_GT25_ZCAT_PRIMARY
DESI001128,225.082593305993,3.272925399143,STAR,K,-0.000132953369,21.25074449949707,21-22,39627867016921578,dark,DESI_DR1_V161,ZWARN0_DELTACHI2_GT25_ZCAT_PRIMARY
DESI001129,225.343959378631,-6.449340927756,STAR,G,0.000257307674,21.54858557301963,21-22,39627631703886870,dark,DESI_DR1_V161,ZWARN0_DELTACHI2_GT25_ZCAT_PRIMARY
DESI001130,225.037166592632,6.546291387933,STAR,G,-0.000714741024,21.28304919000131,21-22,39627945299411711,dark,DESI_DR1_V161,ZWARN0_DELTACHI2_GT25_ZCAT_PRIMARY
DESI001131,225.452817045341,-0.19313919939,STAR,G,0.000518811001,21.254382179057647,21-22,39627782468146187,dark,DESI_DR1_V161,ZWARN0_DELTACHI2_GT25_ZCAT_PRIMARY
DESI001132,225.365533435338,16.566822543679,STAR,G,0.000312304575,21.215817573004816,21-22,39628181983986509,dark,DESI_DR1_V161,ZWARN0_DELTACHI2_GT25_ZCAT_PRIMARY
DESI001133,225.582168210025,40.434112392562,STAR,M,-0.000140257329,21.84234264362679,21-22,39633086723391619,dark,DESI_DR1_V161,ZWARN0_DELTACHI2_GT25_ZCAT_PRIMARY
DESI001134,225.435048050614,-6.112944758178,STAR,G,0.000262405357,21.90565067596087,21-22,39627643720572315,dark,DESI_DR1_V161,ZWARN0_DELTACHI2_GT25_ZCAT_PRIMARY
DESI001135,225.149831128796,25.596037047739,STAR,K,-1.43838764e-05,21.127878362206243,21-22,39628385051215596,dark,DESI_DR1_V161,ZWARN0_DELTACHI2_GT25_ZCAT_PRIMARY
DESI001136,225.649336516865,30.40756981398,STAR,K,-0.000283321233,21.78251231507787,21-22,39628491842391214,dark,DESI_DR1_V161,ZWARN0_DELTACHI2_GT25_ZCAT_PRIMARY
DESI001137,225.156841301908,30.534811915891,STAR,K,-0.00057405792,21.698689222516233,21-22,39628491838193907,dark,DESI_DR1_V161,ZWARN0_DELTACHI2_GT25_ZCAT_PRIMARY
DESI001138,225.532433486442,35.150745671941,STAR,K,-1.74883938e-05,21.20041689496077,21-22,39632986416614877,dark,DESI_DR1_V161,ZWARN0_DELTACHI2_GT25_ZCAT_PRIMARY
DESI001139,225.090235438352,0.962527226019,STAR,F,9.68347576e-05,21.16657092073432,21-22,39627812662937584,dark,DESI_DR1_V161,ZWARN0_DELTACHI2_GT25_ZCAT_PRIMARY
DESI001140,225.393231421059,-6.622793685041,STAR,F,0.000278012363,21.877603720786272,21-22,39627631703888541,dark,DESI_DR1_V161,ZWARN0_DELTACHI2_GT25_ZCAT_PRIMARY
DESI001141,225.48841694292,31.607107485454,STAR,G,-0.000827054882,21.948115457471186,21-22,39628512583223628,dark,DESI_DR1_V161,ZWARN0_DELTACHI2_GT25_ZCAT_PRIMARY
DESI001142,225.271410886544,-2.69582516749,STAR,K,0.000159770163,21.277502799662177,21-22,39627722070164055,dark,DESI_DR1_V161,ZWARN0_DELTACHI2_GT25_ZCAT_PRIMARY
DESI001143,225.43168727035,41.900951451013,STAR,G,-0.00081232717,21.58070191411027,21-22,39633114036701373,dark,DESI_DR1_V161,ZWARN0_DELTACHI2_GT25_ZCAT_PRIMARY
DESI001144,225.294924924215,31.3767980471,STAR,K,-0.00051022935,21.34727837508241,21-22,39628512579031000,dark,DESI_DR1_V161,ZWARN0_DELTACHI2_GT25_ZCAT_PRIMARY
DESI001145,225.55895912087,0.018564681526,STAR,M,-0.000121505684,21.185532473770518,21-22,39627788512134655,dark,DESI_DR1_V161,ZWARN0_DELTACHI2_GT25_ZCAT_PRIMARY
DESI001146,225.365648428922,-5.25078669227,STAR,K,0.000226903346,21.391494369083603,21-22,39627661768661306,dark,DESI_DR1_V161,ZWARN0_DELTACHI2_GT25_ZCAT_PRIMARY
DESI001147,225.021973995958,32.341947904561,STAR,K,0.000101235853,21.591562431590923,21-22,39628527993096291,dark,DESI_DR1_V161,ZWARN0_DELTACHI2_GT25_ZCAT_PRIMARY
DESI001148,225.127978204276,0.922722571175,STAR,M,-0.000118921251,21.18771861511239,21-22,39627812662938314,dark,DESI_DR1_V161,ZWARN0_DELTACHI2_GT25_ZCAT_PRIMARY
DESI001149,225.351454048968,-6.990507743841,STAR,F,0.000197977246,21.51101137512368,21-22,39627619695592569,dark,DESI_DR1_V161,ZWARN0_DELTACHI2_GT25_ZCAT_PRIMARY
DESI001150,225.015331669382,-7.474195258233,STAR,K,1.53525519e-06,21.945975445149564,21-22,39627607691498330,dark,DESI_DR1_V161,ZWARN0_DELTACHI2_GT25_ZCAT_PRIMARY
DESI001151,330.500051948136,8.588126495416,STAR,K,-0.000685885364,21.060607735176358,21-22,39627995001914265,dark,DESI_DR1_V161,ZWARN0_DELTACHI2_GT25_ZCAT_PRIMARY
DESI001152,330.659996711504,13.150939694423,STAR,K,-0.000454182522,21.060255966723126,21-22,39628107744808816,dark,DESI_DR1_V161,ZWARN0_DELTACHI2_GT25_ZCAT_PRIMARY
DESI001153,330.28484897653,-0.606449632068,STAR,K,-0.000959735855,21.721818267727215,21-22,39627778189952336,dark,DESI_DR1_V161,ZWARN0_DELTACHI2_GT25_ZCAT_PRIMARY
DESI001154,330.903460924579,-11.893224610215,STAR,G,-0.000655717951,21.48331749215269,21-22,39627502192165037,dark,DESI_DR1_V161,ZWARN0_DELTACHI2_GT25_ZCAT_PRIMARY
DESI001155,330.868121653044,16.020473269736,STAR,M,-5.07157777e-05,21.07460038837939,21-22,39628172077044993,dark,DESI_DR1_V161,ZWARN0_DELTACHI2_GT25_ZCAT_PRIMARY
DESI001156,330.5772670484,-1.466759680058,STAR,K,-0.000863780198,21.391040752075014,21-22,39627754034957346,dark,DESI_DR1_V161,ZWARN0_DELTACHI2_GT25_ZCAT_PRIMARY
DESI001157,330.914130535587,15.919351235641,STAR,K,-0.000550147698,21.39639847486434,21-22,39628172081234121,dark,DESI_DR1_V161,ZWARN0_DELTACHI2_GT25_ZCAT_PRIMARY
DESI001158,330.7864729923,19.693795117743,STAR,F,-0.000638701218,21.295347612549065,21-22,39628258370655123,dark,DESI_DR1_V161,ZWARN0_DELTACHI2_GT25_ZCAT_PRIMARY
DESI001159,330.8047363054,7.608665269347,STAR,G,-0.000441437389,21.18942524281508,21-22,39627971065020566,dark,DESI_DR1_V161,ZWARN0_DELTACHI2_GT25_ZCAT_PRIMARY
DESI001160,330.260947817031,5.118258686675,STAR,M,-0.000318863102,21.245852714412223,21-22,39627910973228920,dark,DESI_DR1_V161,ZWARN0_DELTACHI2_GT25_ZCAT_PRIMARY
DESI001161,330.544039258886,18.575408384357,STAR,K,-0.000833918302,21.552352915703306,21-22,39628229803246045,dark,DESI_DR1_V161,ZWARN0_DELTACHI2_GT25_ZCAT_PRIMARY
DESI001162,330.633058005965,2.373541367673,STAR,F,-0.000263570468,21.26409165183173,21-22,39627844631923624,dark,DESI_DR1_V161,ZWARN0_DELTACHI2_GT25_ZCAT_PRIMARY
DESI001163,330.195413069264,1.825072621683,STAR,G,-1.75161209e-05,21.361098812407263,21-22,39627832543942506,dark,DESI_DR1_V161,ZWARN0_DELTACHI2_GT25_ZCAT_PRIMARY
DESI001164,330.193409683356,26.702221664328,STAR,K,-0.000306479601,21.35677544038605,21-22,39628413786392412,dark,DESI_DR1_V161,ZWARN0_DELTACHI2_GT25_ZCAT_PRIMARY
DESI001165,330.755090738619,29.095994260502,STAR,M,6.22569618e-05,21.351975036456743,21-22,39628461878283237,dark,DESI_DR1_V161,ZWARN0_DELTACHI2_GT25_ZCAT_PRIMARY
DESI001166,330.395825863558,15.759598071763,STAR,K,-0.00135811246,21.522918249008438,21-22,39628166255350384,dark,DESI_DR1_V161,ZWARN0_DELTACHI2_GT25_ZCAT_PRIMARY
DESI001167,330.672707798154,27.42299267876,STAR,K,0.000638713731,21.681612882775955,21-22,39628429934466600,dark,DESI_DR1_V161,ZWARN0_DELTACHI2_GT25_ZCAT_PRIMARY
DESI001168,330.212750492446,27.441459753957,STAR,F,-0.00104864361,21.289314479758918,21-22,39628429930267372,dark,DESI_DR1_V161,ZWARN0_DELTACHI2_GT25_ZCAT_PRIMARY
DESI001169,330.429097984403,5.322879271589,STAR,G,-0.00091033005,21.103936632518877,21-22,39627917000442144,dark,DESI_DR1_V161,ZWARN0_DELTACHI2_GT25_ZCAT_PRIMARY
DESI001170,330.717080660941,0.020445655184,STAR,K,-0.000116527218,21.745011931340986,21-22,39627790273748563,dark,DESI_DR1_V161,ZWARN0_DELTACHI2_GT25_ZCAT_PRIMARY
DESI001171,330.204658895016,1.055930712897,STAR,K,-0.000883428842,21.078557080563115,21-22,39627814424551081,dark,DESI_DR1_V161,ZWARN0_DELTACHI2_GT25_ZCAT_PRIMARY
DESI001172,330.493690227491,18.407298764168,STAR,G,-0.000563703689,21.440808307540003,21-22,39628229799056897,dark,DESI_DR1_V161,ZWARN0_DELTACHI2_GT25_ZCAT_PRIMARY
DESI001173,331.005549133599,-5.111383443121,STAR,G,-0.00113432885,21.77756144003163,21-22,39627669561673354,dark,DESI_DR1_V161,ZWARN0_DELTACHI2_GT25_ZCAT_PRIMARY
DESI001174,330.873507710623,6.765152245712,STAR,G,-0.00141478712,21.087214180804825,21-22,39627953071457072,dark,DESI_DR1_V161,ZWARN0_DELTACHI2_GT25_ZCAT_PRIMARY
DESI001175,330.047966526463,-0.734754803138,STAR,K,-0.000108344601,21.49605065887368,21-22,39627772145960796,dark,DESI_DR1_V161,ZWARN0_DELTACHI2_GT25_ZCAT_PRIMARY
DESI001176,330.953491462597,12.904111134913,STAR,G,-0.000133027489,21.8030188571453,21-22,39628101860200448,dark,DESI_DR1_V161,ZWARN0_DELTACHI2_GT25_ZCAT_PRIMARY
DESI001177,330.020761322366,27.70379192447,STAR,F,-0.00115783177,21.261472212565774,21-22,39628435278008744,dark,DESI_DR1_V161,ZWARN0_DELTACHI2_GT25_ZCAT_PRIMARY
DESI001178,330.883186356249,-9.818807527526,STAR,M,-4.67710058e-05,21.878344517981922,21-22,39627555648570058,dark,DESI_DR1_V161,ZWARN0_DELTACHI2_GT25_ZCAT_PRIMARY
DESI001179,330.878345211525,5.394613082909,STAR,G,-0.00109518908,21.15897954752776,21-22,39627923019273472,dark,DESI_DR1_V161,ZWARN0_DELTACHI2_GT25_ZCAT_PRIMARY
DESI001180,330.798475469319,2.149382468313,STAR,G,-0.000657794243,21.40953372820152,21-22,39627844636115964,dark,DESI_DR1_V161,ZWARN0_DELTACHI2_GT25_ZCAT_PRIMARY
DESI001181,331.020292100305,1.948415325514,STAR,K,-0.00109980178,21.388498532454424,21-22,39627838600512063,dark,DESI_DR1_V161,ZWARN0_DELTACHI2_GT25_ZCAT_PRIMARY
DESI001182,330.999081704938,-9.815256806076,STAR,WD,0.00044924372,21.515540086543243,21-22,39627555648572362,dark,DESI_DR1_V161,ZWARN0_DELTACHI2_GT25_ZCAT_PRIMARY
DESI001183,330.936689164783,-9.815607312786,STAR,M,9.02391694e-05,21.314641525597985,21-22,39627555648571069,dark,DESI_DR1_V161,ZWARN0_DELTACHI2_GT25_ZCAT_PRIMARY
DESI001184,330.718265213418,29.355426814054,STAR,K,-0.000454322025,21.302080642512106,21-22,39628467154718445,dark,DESI_DR1_V161,ZWARN0_DELTACHI2_GT25_ZCAT_PRIMARY
DESI001185,330.306550912324,5.718173926836,STAR,K,-0.000981060037,21.362110969440458,21-22,39627929025515617,dark,DESI_DR1_V161,ZWARN0_DELTACHI2_GT25_ZCAT_PRIMARY
DESI001186,330.068288322133,-7.384040583966,STAR,K,-7.94814814e-05,21.156412540596456,21-22,39627609444713057,dark,DESI_DR1_V161,ZWARN0_DELTACHI2_GT25_ZCAT_PRIMARY
DESI001187,330.199627758674,7.089232295376,STAR,G,-0.000283152338,21.05429040766374,21-22,39627959056731558,dark,DESI_DR1_V161,ZWARN0_DELTACHI2_GT25_ZCAT_PRIMARY
DESI001188,330.435103535332,7.978340218583,STAR,K,-0.000579581581,21.14065225790111,21-22,39627983035568114,dark,DESI_DR1_V161,ZWARN0_DELTACHI2_GT25_ZCAT_PRIMARY
DESI001189,330.827124203524,3.196050409911,STAR,F,-0.000108212579,21.253582703351025,21-22,39627868786919608,dark,DESI_DR1_V161,ZWARN0_DELTACHI2_GT25_ZCAT_PRIMARY
DESI001190,330.479867091379,19.689450847367,STAR,G,-0.000244821677,21.499976845836425,21-22,39628258366460426,dark,DESI_DR1_V161,ZWARN0_DELTACHI2_GT25_ZCAT_PRIMARY
DESI001191,330.053424829463,-11.05744728219,STAR,G,0.000123605051,21.09063299548431,21-22,39627525889983972,dark,DESI_DR1_V161,ZWARN0_DELTACHI2_GT25_ZCAT_PRIMARY
DESI001192,330.335611708562,0.000217925017,STAR,F,4.82723306e-05,21.05117263346477,21-22,39627790269549624,dark,DESI_DR1_V161,ZWARN0_DELTACHI2_GT25_ZCAT_PRIMARY
DESI001193,330.514965808885,-0.695648770307,STAR,M,-0.000111859055,21.568612871578367,21-22,39627772154348076,dark,DESI_DR1_V161,ZWARN0_DELTACHI2_GT25_ZCAT_PRIMARY
DESI001194,330.996901389664,1.069620741824,STAR,K,-0.000450879518,21.44328333198381,21-22,39627814437135077,dark,DESI_DR1_V161,ZWARN0_DELTACHI2_GT25_ZCAT_PRIMARY
DESI001195,330.425942444382,8.992409977767,STAR,F,-0.000627703302,21.461498123449864,21-22,39628006947291288,dark,DESI_DR1_V161,ZWARN0_DELTACHI2_GT25_ZCAT_PRIMARY
DESI001196,330.923004767394,3.370137122035,STAR,K,-0.000768518055,21.01822605088296,21-22,39627868786921311,dark,DESI_DR1_V161,ZWARN0_DELTACHI2_GT25_ZCAT_PRIMARY
DESI001197,330.323896630504,-3.945403237576,STAR,G,6.94062275e-05,21.616387597655713,21-22,39627693657950562,dark,DESI_DR1_V161,ZWARN0_DELTACHI2_GT25_ZCAT_PRIMARY
DESI001198,330.502731816465,15.27453723634,STAR,G,-0.00101272568,21.12739677050413,21-22,39628154603574864,dark,DESI_DR1_V161,ZWARN0_DELTACHI2_GT25_ZCAT_PRIMARY
DESI001199,330.19535801248,10.928915332125,STAR,G,-0.00128116258,21.594684821605213,21-22,39628054556841033,dark,DESI_DR1_V161,ZWARN0_DELTACHI2_GT25_ZCAT_PRIMARY
DESI001200,330.543222628189,2.122402488829,STAR,K,-0.000348205403,21.69457585439395,21-22,39627838592124149,dark,DESI_DR1_V161,ZWARN0_DELTACHI2_GT25_ZCAT_PRIMARY
DESI001201,5.878224663644,12.167736840662,STAR,M,7.27846927e-05,22.960423297313977,22-23,39628078833472130,dark,DESI_DR1_V161,ZWARN0_DELTACHI2_GT25_ZCAT_PRIMARY
DESI001202,7.378745775595,28.829565107595,STAR,M,-0.000190944027,22.833910940363396,22-23,39628451820342524,dark,DESI_DR1_V161,ZWARN0_DELTACHI2_GT25_ZCAT_PRIMARY
DESI001203,8.570087666408,12.85207691638,STAR,K,-0.000223327262,22.311570628882638,22-23,39628090690767096,dark,DESI_DR1_V161,ZWARN0_DELTACHI2_GT25_ZCAT_PRIMARY
DESI001204,6.779009045044,-6.554126671361,STAR,M,0.000156609029,22.29895693778346,22-23,39627628054847265,dark,DESI_DR1_V161,ZWARN0_DELTACHI2_GT25_ZCAT_PRIMARY
DESI001205,10.597596445333,13.499161021477,STAR,K,-3.7101701e-05,22.18893508368557,22-23,39628108399117485,dark,DESI_DR1_V161,ZWARN0_DELTACHI2_GT25_ZCAT_PRIMARY
DESI001206,7.307789313486,17.251830170188,STAR,K,0.000321082559,22.188063101278118,22-23,39628195833581290,dark,DESI_DR1_V161,ZWARN0_DELTACHI2_GT25_ZCAT_PRIMARY
DESI001207,9.43163946242,-8.412223918413,STAR,M,-8.5711236e-05,22.47955388511762,22-23,39627580160083852,dark,DESI_DR1_V161,ZWARN0_DELTACHI2_GT25_ZCAT_PRIMARY
DESI001208,8.63840695226,21.50349433387,STAR,M,-4.55916601e-06,22.12014348434607,22-23,39628292935910413,dark,DESI_DR1_V161,ZWARN0_DELTACHI2_GT25_ZCAT_PRIMARY
DESI001209,9.8604957005,29.537422943755,STAR,M,-8.68547888e-05,22.91258834580683,22-23,39628467729336125,dark,DESI_DR1_V161,ZWARN0_DELTACHI2_GT25_ZCAT_PRIMARY
DESI001210,10.406477231456,0.489926623968,STAR,M,-6.06809888e-05,22.12529792408815,22-23,39627796980439356,bright,DESI_DR1_V161,ZWARN0_DELTACHI2_GT25_ZCAT_PRIMARY
DESI001211,9.5938330035,3.842101203978,STAR,M,-0.00010396468,22.403141698966706,22-23,39627875468446198,bright,DESI_DR1_V161,ZWARN0_DELTACHI2_GT25_ZCAT_PRIMARY
DESI001212,8.088123496366,29.22645743291,STAR,M,-0.000224124557,22.898217049633164,22-23,39628462427735192,dark,DESI_DR1_V161,ZWARN0_DELTACHI2_GT25_ZCAT_PRIMARY
DESI001213,5.883380737892,24.526376233654,STAR,WD,0.00124559912,22.0339442089994,22-23,39628359772145438,dark,DESI_DR1_V161,ZWARN0_DELTACHI2_GT25_ZCAT_PRIMARY
DESI001214,7.597048943426,15.843682358832,STAR,M,-0.000512255752,22.851529725130128,22-23,39628161037632555,dark,DESI_DR1_V161,ZWARN0_DELTACHI2_GT25_ZCAT_PRIMARY
DESI001215,5.004470769188,19.18125188108,STAR,G,-0.000108659018,22.58894900537342,22-23,39628241798959551,dark,DESI_DR1_V161,ZWARN0_DELTACHI2_GT25_ZCAT_PRIMARY
DESI001216,7.579189993135,10.946563134986,STAR,K,-0.000113649329,22.545446689167346,22-23,39628049234268200,dark,DESI_DR1_V161,ZWARN0_DELTACHI2_GT25_ZCAT_PRIMARY
DESI001217,8.587830001937,3.480845780412,STAR,WD,-0.000136780378,22.06632045533112,22-23,39627869420260414,dark,DESI_DR1_V161,ZWARN0_DELTACHI2_GT25_ZCAT_PRIMARY
DESI001218,10.261986989817,10.727898523062,STAR,M,4.89206742e-05,22.50595527961948,22-23,39628043341268978,dark,DESI_DR1_V161,ZWARN0_DELTACHI2_GT25_ZCAT_PRIMARY
DESI001219,10.823051749796,13.085065722755,STAR,M,-5.62872394e-05,22.540674999207628,22-23,39628096625705967,dark,DESI_DR1_V161,ZWARN0_DELTACHI2_GT25_ZCAT_PRIMARY
DESI001220,9.535821594937,5.970635647423,STAR,M,-8.19058021e-05,22.02181271641043,22-23,39627929679827032,dark,DESI_DR1_V161,ZWARN0_DELTACHI2_GT25_ZCAT_PRIMARY
DESI001221,6.030012394577,-6.624465472123,STAR,M,5.5883366e-05,22.86610123160655,22-23,39627628042264103,dark,DESI_DR1_V161,ZWARN0_DELTACHI2_GT25_ZCAT_PRIMARY
DESI001222,8.60556137765,21.978976339144,STAR,K,-0.00028367608,22.261579651130663,22-23,39628304180843895,dark,DESI_DR1_V161,ZWARN0_DELTACHI2_GT25_ZCAT_PRIMARY
DESI001223,10.597335161215,7.065555172916,STAR,M,0.000109326185,22.64390830945107,22-23,39627953734156730,dark,DESI_DR1_V161,ZWARN0_DELTACHI2_GT25_ZCAT_PRIMARY
DESI001224,9.891300485436,31.003735697953,STAR,M,-0.000188733045,22.03822884590046,22-23,39628499132092304,dark,DESI_DR1_V161,ZWARN0_DELTACHI2_GT25_ZCAT_PRIMARY
DESI001225,7.03641199085,28.66177150317,STAR,M,-0.00026475407,22.721200465527065,22-23,39628451816147714,dark,DESI_DR1_V161,ZWARN0_DELTACHI2_GT25_ZCAT_PRIMARY
DESI001226,7.638732009937,-9.371988008749,STAR,M,2.99055007e-05,22.598320142630175,22-23,39627562221044659,dark,DESI_DR1_V161,ZWARN0_DELTACHI2_GT25_ZCAT_PRIMARY
DESI001227,7.897673292927,17.63437833168,STAR,K,-0.000189725199,22.630339071099694,22-23,39628207397274572,dark,DESI_DR1_V161,ZWARN0_DELTACHI2_GT25_ZCAT_PRIMARY
DESI001228,9.874616391603,21.532441958416,STAR,M,-0.000173482811,22.42900909727483,22-23,39628292952690504,dark,DESI_DR1_V161,ZWARN0_DELTACHI2_GT25_ZCAT_PRIMARY
DESI001229,8.46440673097,22.23456561331,STAR,M,-5.30494825e-05,22.07286483868014,22-23,39628309792818978,dark,DESI_DR1_V161,ZWARN0_DELTACHI2_GT25_ZCAT_PRIMARY
DESI001230,6.991948939079,7.812500901506,STAR,WD,0.000757113764,22.62176915459788,22-23,39627971664809849,dark,DESI_DR1_V161,ZWARN0_DELTACHI2_GT25_ZCAT_PRIMARY
DESI001231,8.140894283416,10.814463685852,STAR,M,-3.86636198e-05,22.04486971621365,22-23,39628043307712673,dark,DESI_DR1_V161,ZWARN0_DELTACHI2_GT25_ZCAT_PRIMARY
DESI001232,7.250888794483,22.978028667032,STAR,WD,-0.00117945126,22.543048055919638,22-23,39628326532288293,dark,DESI_DR1_V161,ZWARN0_DELTACHI2_GT25_ZCAT_PRIMARY
DESI001233,8.327087009822,1.643205925441,STAR,M,-0.000173471491,22.653406777525007,22-23,39627827145870372,dark,DESI_DR1_V161,ZWARN0_DELTACHI2_GT25_ZCAT_PRIMARY
DESI001234,7.662112275619,-10.887650114774,STAR,M,-0.000265970116,22.255165648846152,22-23,39627520571605788,dark,DESI_DR1_V161,ZWARN0_DELTACHI2_GT25_ZCAT_PRIMARY
DESI001235,5.201452718115,8.324264987356,STAR,B,-0.000399773733,22.733839147470768,22-23,39627983614380980,dark,DESI_DR1_V161,ZWARN0_DELTACHI2_GT25_ZCAT_PRIMARY
DESI001236,8.23032725432,31.484665700492,STAR,WD,9.7041269e-05,22.326745713687504,22-23,39628509471048247,dark,DESI_DR1_V161,ZWARN0_DELTACHI2_GT25_ZCAT_PRIMARY
DESI001237,7.402480736217,17.590650528616,STAR,M,-0.000124215843,22.86102344091289,22-23,39628201617523821,dark,DESI_DR1_V161,ZWARN0_DELTACHI2_GT25_ZCAT_PRIMARY
DESI001238,7.679042045079,7.175565340439,STAR,A,-0.00126016248,22.873741278210026,22-23,39627959681681550,dark,DESI_DR1_V161,ZWARN0_DELTACHI2_GT25_ZCAT_PRIMARY
DESI001239,8.660635656426,-14.557936428809,STAR,K,3.5764633e-05,22.03895998380955,22-23,39627438073842341,dark,DESI_DR1_V161,ZWARN0_DELTACHI2_GT25_ZCAT_PRIMARY
DESI001240,10.956185817802,23.849053237636,STAR,M,-0.000173902616,22.97310350895498,22-23,39628343267558156,dark,DESI_DR1_V161,ZWARN0_DELTACHI2_GT25_ZCAT_PRIMARY
DESI001241,7.395199396447,17.626413128621,STAR,M,-0.00014091401,22.753128099827435,22-23,39628207388886009,dark,DESI_DR1_V161,ZWARN0_DELTACHI2_GT25_ZCAT_PRIMARY
DESI001242,10.802390037368,20.284675344387,STAR,K,-0.00124589088,22.282810765378706,22-23,39628264691469341,dark,DESI_DR1_V161,ZWARN0_DELTACHI2_GT25_ZCAT_PRIMARY
DESI001243,5.233225137494,18.202442316852,STAR,WD,-0.000547237802,22.12443714968079,22-23,39628218868699847,dark,DESI_DR1_V161,ZWARN0_DELTACHI2_GT25_ZCAT_PRIMARY
DESI001244,8.745697425802,9.673189756347,STAR,M,-0.000130917392,22.131481704039395,22-23,39628019509233849,dark,DESI_DR1_V161,ZWARN0_DELTACHI2_GT25_ZCAT_PRIMARY
DESI001245,10.180654622657,30.232176583175,STAR,K,-0.000387452664,22.347651331387887,22-23,39628483495724040,dark,DESI_DR1_V161,ZWARN0_DELTACHI2_GT25_ZCAT_PRIMARY
DESI001246,8.494545483849,3.183127151658,STAR,K,-0.000365717995,22.041092321414197,22-23,39627863384662073,dark,DESI_DR1_V161,ZWARN0_DELTACHI2_GT25_ZCAT_PRIMARY
DESI001247,8.025978450929,2.989103404547,STAR,M,-0.000488000693,22.50205942202726,22-23,39627857340662673,dark,DESI_DR1_V161,ZWARN0_DELTACHI2_GT25_ZCAT_PRIMARY
DESI001248,8.322898523572,-2.144509137591,STAR,G,-0.000499362502,22.80040165545105,22-23,39627730509105597,dark,DESI_DR1_V161,ZWARN0_DELTACHI2_GT25_ZCAT_PRIMARY
DESI001249,5.552250301472,3.283875717921,STAR,M,-5.60195065e-08,22.665326803241207,22-23,39627863338517807,dark,DESI_DR1_V161,ZWARN0_DELTACHI2_GT25_ZCAT_PRIMARY
DESI001250,5.465946131786,16.609910563554,STAR,M,3.54003064e-05,22.547825671099787,22-23,39628178439802985,dark,DESI_DR1_V161,ZWARN0_DELTACHI2_GT25_ZCAT_PRIMARY
DESI001251,37.322441827187,-3.830959219283,STAR,F,-0.000451184964,22.289828973518894,22-23,39627694782022435,dark,DESI_DR1_V161,ZWARN0_DELTACHI2_GT25_ZCAT_PRIMARY
DESI001252,37.877043949616,3.416769473372,STAR,M,-0.000148474536,22.17259039383407,22-23,39627869910993521,dark,DESI_DR1_V161,ZWARN0_DELTACHI2_GT25_ZCAT_PRIMARY
DESI001253,37.683980526822,22.43591932718,STAR,M,-4.27814382e-05,22.02868417683405,22-23,39628315841005873,dark,DESI_DR1_V161,ZWARN0_DELTACHI2_GT25_ZCAT_PRIMARY
DESI001254,36.304638966932,1.678415928507,STAR,M,0.00015652876,22.48230631300394,22-23,39627827615631183,dark,DESI_DR1_V161,ZWARN0_DELTACHI2_GT25_ZCAT_PRIMARY
DESI001255,37.781444334867,19.035601982147,STAR,M,-7.81901031e-05,22.91804296240036,22-23,39628236602212956,dark,DESI_DR1_V161,ZWARN0_DELTACHI2_GT25_ZCAT_PRIMARY
DESI001256,36.863559575691,-1.696538182765,STAR,M,8.41111484e-05,22.91067847445226,22-23,39627743066852677,dark,DESI_DR1_V161,ZWARN0_DELTACHI2_GT25_ZCAT_PRIMARY
DESI001257,36.12243992815,6.410290042713,STAR,WD,0.00045085722,22.477276145792928,22-23,39627942145297599,dark,DESI_DR1_V161,ZWARN0_DELTACHI2_GT25_ZCAT_PRIMARY
DESI001258,36.605213664106,-3.41122955187,STAR,M,-0.000132121753,22.35095894104207,22-23,39627700800849811,dark,DESI_DR1_V161,ZWARN0_DELTACHI2_GT25_ZCAT_PRIMARY
DESI001259,37.601647872463,-5.126373808139,STAR,M,-7.52424916e-05,22.606054805652658,22-23,39627658627129869,dark,DESI_DR1_V161,ZWARN0_DELTACHI2_GT25_ZCAT_PRIMARY
DESI001260,37.105051351883,-5.279721284324,STAR,G,-0.000396767997,22.234072231541873,22-23,39627658622927004,dark,DESI_DR1_V161,ZWARN0_DELTACHI2_GT25_ZCAT_PRIMARY
DESI001261,36.319313957691,21.388568299299,STAR,M,0.00012686121,22.958352956025777,22-23,39628293367924333,dark,DESI_DR1_V161,ZWARN0_DELTACHI2_GT25_ZCAT_PRIMARY
DESI001262,37.933281454672,21.718501646373,STAR,M,3.14215436e-05,22.9223774486679,22-23,39628299021845388,dark,DESI_DR1_V161,ZWARN0_DELTACHI2_GT25_ZCAT_PRIMARY
DESI001263,35.978259169632,24.33060921474,STAR,M,-0.000216830297,22.328236950770147,22-23,39628354713815610,dark,DESI_DR1_V161,ZWARN0_DELTACHI2_GT25_ZCAT_PRIMARY
DESI001264,36.491429684215,-5.140663578117,STAR,K,-0.000290294585,22.254879727003672,22-23,39627658610348821,dark,DESI_DR1_V161,ZWARN0_DELTACHI2_GT25_ZCAT_PRIMARY
DESI001265,36.872560006097,-6.843440410188,STAR,K,-1.87611983e-05,22.844277894576674,22-23,39627622551918915,dark,DESI_DR1_V161,ZWARN0_DELTACHI2_GT25_ZCAT_PRIMARY
DESI001266,36.82169470907,24.84984348441,STAR,M,-5.31479418e-05,22.62608833686321,22-23,39628365744836735,dark,DESI_DR1_V161,ZWARN0_DELTACHI2_GT25_ZCAT_PRIMARY
DESI001267,35.866026221939,-5.491184081931,STAR,G,-0.000475700135,22.995647162992363,22-23,39627652583136157,dark,DESI_DR1_V161,ZWARN0_DELTACHI2_GT25_ZCAT_PRIMARY
DESI001268,37.645267548386,-0.602518764182,STAR,K,5.06861255e-05,22.463415180660153,22-23,39627773278425953,dark,DESI_DR1_V161,ZWARN0_DELTACHI2_GT25_ZCAT_PRIMARY
DESI001269,35.014841342346,29.257591632571,STAR,WD,-0.000470544987,22.298920850028196,22-23,39628462822000270,dark,DESI_DR1_V161,ZWARN0_DELTACHI2_GT25_ZCAT_PRIMARY
DESI001270,36.178571369752,22.772253405879,STAR,F,0.000415279974,22.401682862756942,22-23,39628321402654342,dark,DESI_DR1_V161,ZWARN0_DELTACHI2_GT25_ZCAT_PRIMARY
DESI001271,37.884963788295,27.62587104301,STAR,M,6.2430112e-05,22.879601132503133,22-23,39628430936901037,dark,DESI_DR1_V161,ZWARN0_DELTACHI2_GT25_ZCAT_PRIMARY
DESI001272,36.463557291921,8.290638654482,STAR,M,0.000292443895,22.50483140241719,22-23,39627984134473927,dark,DESI_DR1_V161,ZWARN0_DELTACHI2_GT25_ZCAT_PRIMARY
DESI001273,37.222717096005,8.047280257912,STAR,K,-0.000554815208,22.155151704814987,22-23,39627978157591951,dark,DESI_DR1_V161,ZWARN0_DELTACHI2_GT25_ZCAT_PRIMARY
DESI001274,35.541888289268,-4.864791383569,STAR,K,-0.000161982239,22.467590750435555,22-23,39627670639614781,dark,DESI_DR1_V161,ZWARN0_DELTACHI2_GT25_ZCAT_PRIMARY
DESI001275,35.362937621379,23.4729677045,STAR,M,-0.000183027303,22.703461759765506,22-23,39628338095985172,dark,DESI_DR1_V161,ZWARN0_DELTACHI2_GT25_ZCAT_PRIMARY
DESI001276,37.987395212698,20.299426323203,STAR,M,0.000446575162,22.743253993485258,22-23,39628265119289767,dark,DESI_DR1_V161,ZWARN0_DELTACHI2_GT25_ZCAT_PRIMARY
DESI001277,36.575281115427,-0.167287845204,STAR,K,0.000634582871,22.065381479521896,22-23,39627779301444372,dark,DESI_DR1_V161,ZWARN0_DELTACHI2_GT25_ZCAT_PRIMARY
DESI001278,37.528521177706,7.697101105542,STAR,B,-0.000152689535,22.179308850597458,22-23,39627972172320919,dark,DESI_DR1_V161,ZWARN0_DELTACHI2_GT25_ZCAT_PRIMARY
DESI001279,37.073674771814,0.218757362848,STAR,G,-0.000183910244,22.157960855682877,22-23,39627791389428346,dark,DESI_DR1_V161,ZWARN0_DELTACHI2_GT25_ZCAT_PRIMARY
DESI001280,37.381944428629,18.057431296085,STAR,M,-7.30012053e-05,22.01908323492174,22-23,39628213630011582,dark,DESI_DR1_V161,ZWARN0_DELTACHI2_GT25_ZCAT_PRIMARY
DESI001281,35.973805868585,24.32642431922,STAR,M,-9.37127544e-05,22.98461113941953,22-23,39628354713815541,dark,DESI_DR1_V161,ZWARN0_DELTACHI2_GT25_ZCAT_PRIMARY
DESI001282,36.35025264878,29.87399105471,STAR,M,-2.60554424e-05,22.56732475541579,22-23,39628473383257783,dark,DESI_DR1_V161,ZWARN0_DELTACHI2_GT25_ZCAT_PRIMARY
DESI001283,35.059591836596,24.087013150236,STAR,M,-0.000561647057,22.831771851580424,22-23,39628349173139231,dark,DESI_DR1_V161,ZWARN0_DELTACHI2_GT25_ZCAT_PRIMARY
DESI001284,36.555390060145,29.358161474051,STAR,K,-0.00015180243,22.094328491904854,22-23,39628462842973342,dark,DESI_DR1_V161,ZWARN0_DELTACHI2_GT25_ZCAT_PRIMARY
DESI001285,36.382393738816,29.916969065831,STAR,M,1.43334984e-05,22.70114508979786,22-23,39628478634526366,dark,DESI_DR1_V161,ZWARN0_DELTACHI2_GT25_ZCAT_PRIMARY
DESI001286,36.59164446521,20.416944751656,STAR,M,6.6983223e-05,22.674977087655193,22-23,39628270777402693,dark,DESI_DR1_V161,ZWARN0_DELTACHI2_GT25_ZCAT_PRIMARY
DESI001287,35.467657460219,3.417868521658,STAR,M,0.000128086485,22.354627981179892,22-23,39627869869053704,bright,DESI_DR1_V161,ZWARN0_DELTACHI2_GT25_ZCAT_PRIMARY
DESI001288,37.431706769009,30.089991292982,STAR,G,0.000159932156,22.39768361109149,22-23,39628478647111857,dark,DESI_DR1_V161,ZWARN0_DELTACHI2_GT25_ZCAT_PRIMARY
DESI001289,37.336649253564,20.177530321437,STAR,G,0.00106014328,22.650292477342557,22-23,39628265110899060,dark,DESI_DR1_V161,ZWARN0_DELTACHI2_GT25_ZCAT_PRIMARY
DESI001290,37.573500499929,-9.121446969371,STAR,M,3.98764564e-05,22.645524733503635,22-23,39627568680276916,dark,DESI_DR1_V161,ZWARN0_DELTACHI2_GT25_ZCAT_PRIMARY
DESI001291,35.058265615372,6.875121258205,STAR,M,7.23649737e-05,22.014963634063257,22-23,39627954141004998,dark,DESI_DR1_V161,ZWARN0_DELTACHI2_GT25_ZCAT_PRIMARY
DESI001292,35.96951342812,-5.269819396267,STAR,M,-5.47614861e-05,22.683561292729983,22-23,39627658601959083,dark,DESI_DR1_V161,ZWARN0_DELTACHI2_GT25_ZCAT_PRIMARY
DESI001293,35.356649896548,6.18368594922,STAR,WD,2.51999508e-05,22.035273823517688,22-23,39627936126471500,dark,DESI_DR1_V161,ZWARN0_DELTACHI2_GT25_ZCAT_PRIMARY
DESI001294,35.340427320683,7.789687874826,STAR,M,-2.72681028e-05,22.529829491518413,22-23,39627972138763263,dark,DESI_DR1_V161,ZWARN0_DELTACHI2_GT25_ZCAT_PRIMARY
DESI001295,37.715521769975,-2.16667170268,STAR,K,-6.16851865e-05,22.23807399281421,22-23,39627730999843746,dark,DESI_DR1_V161,ZWARN0_DELTACHI2_GT25_ZCAT_PRIMARY
DESI001296,38.01574274231,-0.960292963244,STAR,K,-4.18095664e-05,22.451181168608713,22-23,39627761207214674,dark,DESI_DR1_V161,ZWARN0_DELTACHI2_GT25_ZCAT_PRIMARY
DESI001297,35.94915145688,14.506618966723,STAR,K,2.01857621e-05,22.929126982791562,22-23,39628132289873890,dark,DESI_DR1_V161,ZWARN0_DELTACHI2_GT25_ZCAT_PRIMARY
DESI001298,35.116708523216,20.09385065337,STAR,M,-0.000302011707,22.7056823400021,22-23,39628259389867477,dark,DESI_DR1_V161,ZWARN0_DELTACHI2_GT25_ZCAT_PRIMARY
DESI001299,35.588187297606,-3.97895712157,STAR,M,-0.000111676861,22.609638977253613,22-23,39627688721253930,dark,DESI_DR1_V161,ZWARN0_DELTACHI2_GT25_ZCAT_PRIMARY
DESI001300,36.345985430405,-5.329906566972,STAR,M,7.470988e-05,22.95118622365838,22-23,39627658606157931,dark,DESI_DR1_V161,ZWARN0_DELTACHI2_GT25_ZCAT_PRIMARY
DESI001301,125.38690309449,4.501437336974,STAR,M,0.000108632891,22.123039845118857,22-23,39627895500440342,dark,DESI_DR1_V161,ZWARN0_DELTACHI2_GT25_ZCAT_PRIMARY
DESI001302,125.185945051333,25.304921152025,STAR,M,0.000100977985,22.539460575677968,22-23,39628378067699928,dark,DESI_DR1_V161,ZWARN0_DELTACHI2_GT25_ZCAT_PRIMARY
DESI001303,125.031157992231,-1.331810338168,STAR,M,0.000183030865,22.529059738770993,22-23,39627756627034898,dark,DESI_DR1_V161,ZWARN0_DELTACHI2_GT25_ZCAT_PRIMARY
DESI001304,125.654678200123,14.990338842285,STAR,M,1.95900451e-05,22.80681213669002,22-23,39628145443214020,dark,DESI_DR1_V161,ZWARN0_DELTACHI2_GT25_ZCAT_PRIMARY
DESI001305,125.704021879622,13.840834368649,STAR,M,9.19874233e-05,22.917561178717005,22-23,39628116154389718,dark,DESI_DR1_V161,ZWARN0_DELTACHI2_GT25_ZCAT_PRIMARY
DESI001306,125.120096664005,9.433606256089,STAR,M,0.000230448666,22.855972301613274,22-23,39628015474312406,dark,DESI_DR1_V161,ZWARN0_DELTACHI2_GT25_ZCAT_PRIMARY
DESI001307,125.484758618974,28.523696925319,STAR,M,-2.35291599e-05,22.30855361698244,22-23,39628448246798183,bright,DESI_DR1_V161,ZWARN0_DELTACHI2_GT25_ZCAT_PRIMARY
DESI001308,125.16127781777,9.336101980671,STAR,M,0.000370786692,22.592062163613633,22-23,39628009510013122,dark,DESI_DR1_V161,ZWARN0_DELTACHI2_GT25_ZCAT_PRIMARY
DESI001309,125.079661919834,3.799447466248,STAR,K,0.000236733511,22.739496392109945,22-23,39627877402022302,dark,DESI_DR1_V161,ZWARN0_DELTACHI2_GT25_ZCAT_PRIMARY
DESI001310,125.336521077192,4.986215571934,STAR,M,0.000382541421,22.360188303268718,22-23,39627907542291468,dark,DESI_DR1_V161,ZWARN0_DELTACHI2_GT25_ZCAT_PRIMARY
DESI001311,125.513827336772,14.777460338381,STAR,M,-0.000150913395,22.477106039359395,22-23,39628139600543880,dark,DESI_DR1_V161,ZWARN0_DELTACHI2_GT25_ZCAT_PRIMARY
DESI001312,125.629704782156,6.738526067048,STAR,M,0.000482030615,22.684504140042552,22-23,39627949644714653,dark,DESI_DR1_V161,ZWARN0_DELTACHI2_GT25_ZCAT_PRIMARY
DESI001313,125.570764665737,13.934635292566,STAR,WD,-0.000186849607,22.867908309599727,22-23,39628122022219316,dark,DESI_DR1_V161,ZWARN0_DELTACHI2_GT25_ZCAT_PRIMARY
DESI001314,125.521864087906,3.513194228283,STAR,A,0.000113677964,22.354409577643082,22-23,39627871378999685,dark,DESI_DR1_V161,ZWARN0_DELTACHI2_GT25_ZCAT_PRIMARY
DESI001315,125.588687253185,-0.568946861452,STAR,M,0.000130921312,22.863779437388924,22-23,39627774754818198,dark,DESI_DR1_V161,ZWARN0_DELTACHI2_GT25_ZCAT_PRIMARY
DESI001316,125.615557506067,8.202076263779,STAR,M,5.13920748e-05,22.29556992090752,22-23,39627985615065297,dark,DESI_DR1_V161,ZWARN0_DELTACHI2_GT25_ZCAT_PRIMARY
DESI001317,125.311071315052,4.908457775116,STAR,M,0.0002813895,22.858661102170416,22-23,39627907542290955,dark,DESI_DR1_V161,ZWARN0_DELTACHI2_GT25_ZCAT_PRIMARY
DESI001318,125.480970242307,31.629557203571,STAR,K,0.000645269334,22.191898533204203,22-23,39628516307763407,dark,DESI_DR1_V161,ZWARN0_DELTACHI2_GT25_ZCAT_PRIMARY
DESI001319,125.625786433522,15.044194887862,STAR,M,0.000139153117,22.22696512254051,22-23,39628145443213379,dark,DESI_DR1_V161,ZWARN0_DELTACHI2_GT25_ZCAT_PRIMARY
DESI001320,125.090847986389,5.687766058639,STAR,K,0.0004006575,22.576156208945555,22-23,39627925598766601,dark,DESI_DR1_V161,ZWARN0_DELTACHI2_GT25_ZCAT_PRIMARY
DESI001321,125.54725588142,13.799959068497,STAR,K,0.000349401703,22.34915268230096,22-23,39628116154385844,dark,DESI_DR1_V161,ZWARN0_DELTACHI2_GT25_ZCAT_PRIMARY
DESI001322,125.277564330395,8.980304432668,STAR,M,0.000100643753,22.83732301503448,22-23,39628003541519775,dark,DESI_DR1_V161,ZWARN0_DELTACHI2_GT25_ZCAT_PRIMARY
DESI001323,125.391370997868,14.04174256323,STAR,M,0.000149320057,22.27051616222407,22-23,39628122018026650,dark,DESI_DR1_V161,ZWARN0_DELTACHI2_GT25_ZCAT_PRIMARY
DESI001324,125.226965225356,10.859089723113,STAR,K,-3.09759243e-05,22.438693475267687,22-23,39628045237094957,dark,DESI_DR1_V161,ZWARN0_DELTACHI2_GT25_ZCAT_PRIMARY
DESI001325,125.010956408795,35.612976929998,STAR,A,-0.00039791486,22.71403234891869,22-23,39632989977576830,dark,DESI_DR1_V161,ZWARN0_DELTACHI2_GT25_ZCAT_PRIMARY
DESI001326,125.664092237655,31.756506764258,STAR,M,4.22433164e-05,22.832702206112288,22-23,39628516307767522,dark,DESI_DR1_V161,ZWARN0_DELTACHI2_GT25_ZCAT_PRIMARY
DESI001327,125.447970687737,2.85005409048,STAR,M,-2.8122665e-05,22.496109186863215,22-23,39627853267997498,dark,DESI_DR1_V161,ZWARN0_DELTACHI2_GT25_ZCAT_PRIMARY
DESI001328,125.513189712512,44.748808852171,STAR,M,8.38879776e-06,22.92211154140177,22-23,39633161251981702,dark,DESI_DR1_V161,ZWARN0_DELTACHI2_GT25_ZCAT_PRIMARY
DESI001329,125.517623787762,2.137069360657,STAR,M,6.0897555e-05,22.085998993706472,22-23,39627841192591804,dark,DESI_DR1_V161,ZWARN0_DELTACHI2_GT25_ZCAT_PRIMARY
DESI001330,125.132645267726,8.030852655762,STAR,M,0.000366778753,22.669302756818773,22-23,39627979621403120,dark,DESI_DR1_V161,ZWARN0_DELTACHI2_GT25_ZCAT_PRIMARY
DESI001331,125.540263351982,5.049416667686,STAR,M,0.000519453982,22.90105036832224,22-23,39627907546484719,dark,DESI_DR1_V161,ZWARN0_DELTACHI2_GT25_ZCAT_PRIMARY
DESI001332,125.441126201926,5.372376072177,STAR,K,0.000114957203,22.88523421006456,22-23,39627913569503833,dark,DESI_DR1_V161,ZWARN0_DELTACHI2_GT25_ZCAT_PRIMARY
DESI001333,125.238457659092,4.867101229474,STAR,M,0.000125914056,22.496022642124192,22-23,39627901519269105,dark,DESI_DR1_V161,ZWARN0_DELTACHI2_GT25_ZCAT_PRIMARY
DESI001334,125.127479937173,9.28875991731,STAR,M,2.74144753e-05,22.970543198687,22-23,39628009510012415,dark,DESI_DR1_V161,ZWARN0_DELTACHI2_GT25_ZCAT_PRIMARY
DESI001335,125.755422352108,64.281513610548,STAR,M,-0.000189910456,22.81333168887803,22-23,39633434934509892,dark,DESI_DR1_V161,ZWARN0_DELTACHI2_GT25_ZCAT_PRIMARY
DESI001336,125.005632958729,9.441487930191,STAR,A,-0.000213514558,22.449614920904168,22-23,39628015470121538,dark,DESI_DR1_V161,ZWARN0_DELTACHI2_GT25_ZCAT_PRIMARY
DESI001337,125.097234907902,0.815512777179,STAR,M,7.13673123e-05,22.588508361848582,22-23,39627804945418538,dark,DESI_DR1_V161,ZWARN0_DELTACHI2_GT25_ZCAT_PRIMARY
DESI001338,125.435663393402,3.265655864343,STAR,M,0.000393144941,22.130932838995058,22-23,39627865347588441,dark,DESI_DR1_V161,ZWARN0_DELTACHI2_GT25_ZCAT_PRIMARY
DESI001339,125.544179193999,14.722048765678,STAR,M,0.000134865583,22.256735227314067,22-23,39628139600544491,dark,DESI_DR1_V161,ZWARN0_DELTACHI2_GT25_ZCAT_PRIMARY
DESI001340,125.440760207435,32.564293350418,STAR,M,9.92111226e-05,22.73808675073955,22-23,39632929738983285,dark,DESI_DR1_V161,ZWARN0_DELTACHI2_GT25_ZCAT_PRIMARY
DESI001341,125.504558878957,15.958804185053,STAR,M,4.0908802e-05,22.48598710467989,22-23,39628168763540578,dark,DESI_DR1_V161,ZWARN0_DELTACHI2_GT25_ZCAT_PRIMARY
DESI001342,125.094363268586,0.381328931573,STAR,M,0.000369658936,22.847537319149286,22-23,39627798905620548,dark,DESI_DR1_V161,ZWARN0_DELTACHI2_GT25_ZCAT_PRIMARY
DESI001343,125.388728059311,5.045808932104,STAR,M,-1.08787068e-05,22.786011827942836,22-23,39627907546481622,dark,DESI_DR1_V161,ZWARN0_DELTACHI2_GT25_ZCAT_PRIMARY
DESI001344,125.012979833706,10.536893911389,STAR,M,0.000199610651,22.644791275934978,22-23,39628039289571518,dark,DESI_DR1_V161,ZWARN0_DELTACHI2_GT25_ZCAT_PRIMARY
DESI001345,125.117008738702,7.98836172878,STAR,M,0.000114307525,22.65940575796112,22-23,39627979621402717,dark,DESI_DR1_V161,ZWARN0_DELTACHI2_GT25_ZCAT_PRIMARY
DESI001346,125.1902274831,11.998014278747,STAR,WD,7.4054452e-05,22.31270303111659,22-23,39628074882434776,dark,DESI_DR1_V161,ZWARN0_DELTACHI2_GT25_ZCAT_PRIMARY
DESI001347,125.566000450225,33.674307211397,STAR,M,-4.1029441e-05,22.497094119114696,22-23,39632955097745658,dark,DESI_DR1_V161,ZWARN0_DELTACHI2_GT25_ZCAT_PRIMARY
DESI001348,125.581834493455,14.955886574991,STAR,M,-2.58044386e-05,22.689751683044044,22-23,39628145443212337,dark,DESI_DR1_V161,ZWARN0_DELTACHI2_GT25_ZCAT_PRIMARY
DESI001349,125.099293272555,0.867908681161,STAR,M,0.000385767477,22.91057704702769,22-23,39627804945418590,dark,DESI_DR1_V161,ZWARN0_DELTACHI2_GT25_ZCAT_PRIMARY
DESI001350,125.756499310969,24.766892615923,STAR,G,0.000132722158,22.03526674679082,22-23,39628367103790026,dark,DESI_DR1_V161,ZWARN0_DELTACHI2_GT25_ZCAT_PRIMARY
DESI001351,151.003188103737,0.482201356345,STAR,M,0.000111696945,22.34783062892025,22-23,39627799341826165,dark,DESI_DR1_V161,ZWARN0_DELTACHI2_GT25_ZCAT_PRIMARY
DESI001352,150.187981224678,-1.85123053458,STAR,K,0.000318035719,22.496422969384003,22-23,39627744966872220,dark,DESI_DR1_V161,ZWARN0_DELTACHI2_GT25_ZCAT_PRIMARY
DESI001353,152.303605788915,-5.465702551555,STAR,M,0.00038207987,22.58125057349991,22-23,39627654529290393,dark,DESI_DR1_V161,ZWARN0_DELTACHI2_GT25_ZCAT_PRIMARY
DESI001354,151.22839926877,-0.364624710622,STAR,M,0.000306712968,22.836698071208062,22-23,39627781222436892,dark,DESI_DR1_V161,ZWARN0_DELTACHI2_GT25_ZCAT_PRIMARY
DESI001355,151.456609530248,-6.983351263004,STAR,WD,0.00115310051,22.147481463855293,22-23,39627618462470198,dark,DESI_DR1_V161,ZWARN0_DELTACHI2_GT25_ZCAT_PRIMARY
DESI001356,152.245218344418,6.884639888989,STAR,M,4.64944819e-05,22.747883750214662,22-23,39627956091358542,dark,DESI_DR1_V161,ZWARN0_DELTACHI2_GT25_ZCAT_PRIMARY
DESI001357,150.81211245452,-1.148297036705,STAR,K,2.59229097e-05,22.072894143301053,22-23,39627757059048896,dark,DESI_DR1_V161,ZWARN0_DELTACHI2_GT25_ZCAT_PRIMARY
DESI001358,152.169689606193,-7.319495639654,STAR,M,0.000296835262,22.40746021111084,22-23,39627612477196826,dark,DESI_DR1_V161,ZWARN0_DELTACHI2_GT25_ZCAT_PRIMARY
DESI001359,152.415924193596,-2.380559766704,STAR,G,2.81043181e-05,22.945463139055903,22-23,39627726885228412,dark,DESI_DR1_V161,ZWARN0_DELTACHI2_GT25_ZCAT_PRIMARY
DESI001360,150.054604510917,3.512296319342,STAR,M,0.000281051268,22.791804837546525,22-23,39627871790040907,other,DESI_DR1_V161,ZWARN0_DELTACHI2_GT25_ZCAT_PRIMARY
DESI001361,150.173072001922,2.583492195386,STAR,WD,-6.89203304e-05,22.177758467676874,22-23,39627847643435210,dark,DESI_DR1_V161,ZWARN0_DELTACHI2_GT25_ZCAT_PRIMARY
DESI001362,150.081819729211,31.569997096047,STAR,F,-0.000192284365,22.22772528234525,22-23,39628511501094489,dark,DESI_DR1_V161,ZWARN0_DELTACHI2_GT25_ZCAT_PRIMARY
DESI001363,150.943248620181,-6.026279728258,STAR,K,0.000198006003,22.451980721896472,22-23,39627642479052166,dark,DESI_DR1_V161,ZWARN0_DELTACHI2_GT25_ZCAT_PRIMARY
DESI001364,152.12496670625,-6.978128322886,STAR,M,0.000448666442,22.900293465514633,22-23,39627618475050538,dark,DESI_DR1_V161,ZWARN0_DELTACHI2_GT25_ZCAT_PRIMARY
DESI001365,151.404796860574,-8.847882470658,STAR,M,0.000104314256,22.68389820552857,22-23,39627576540400658,dark,DESI_DR1_V161,ZWARN0_DELTACHI2_GT25_ZCAT_PRIMARY
DESI001366,152.341406647328,24.879588413404,STAR,WD,-3.8177456e-05,22.535939900338356,22-23,39628373000980804,dark,DESI_DR1_V161,ZWARN0_DELTACHI2_GT25_ZCAT_PRIMARY
DESI001367,151.897526474113,10.167412621408,STAR,M,0.000476563012,22.581516219655196,22-23,39628033786643841,dark,DESI_DR1_V161,ZWARN0_DELTACHI2_GT25_ZCAT_PRIMARY
DESI001368,150.636014695818,1.429470922589,STAR,K,0.000109371588,22.86581986000311,22-23,39627823492631525,dark,DESI_DR1_V161,ZWARN0_DELTACHI2_GT25_ZCAT_PRIMARY
DESI001369,151.119817400875,1.753582350881,STAR,K,0.000643552176,22.081640191519195,22-23,39627829540817287,dark,DESI_DR1_V161,ZWARN0_DELTACHI2_GT25_ZCAT_PRIMARY
DESI001370,150.092491932695,1.078581122841,STAR,WD,-0.00074124139,22.086807553454417,22-23,39627811404646388,dark,DESI_DR1_V161,ZWARN0_DELTACHI2_GT25_ZCAT_PRIMARY
DESI001371,150.226443509481,-3.172102449843,STAR,M,0.00017435611,22.642437879827234,22-23,39627708736471487,dark,DESI_DR1_V161,ZWARN0_DELTACHI2_GT25_ZCAT_PRIMARY
DESI001372,150.138633768121,1.452304347859,STAR,M,0.00016472765,22.543728317711725,22-23,39627823484242665,dark,DESI_DR1_V161,ZWARN0_DELTACHI2_GT25_ZCAT_PRIMARY
DESI001373,150.542719480353,-3.792142709397,STAR,WD,0.000354058712,22.125320989932526,22-23,39627696677848827,dark,DESI_DR1_V161,ZWARN0_DELTACHI2_GT25_ZCAT_PRIMARY
DESI001374,150.205109780326,1.973329854134,STAR,F,0.000333574843,22.445332258751346,22-23,39627835563839825,dark,DESI_DR1_V161,ZWARN0_DELTACHI2_GT25_ZCAT_PRIMARY
DESI001375,150.214695687285,0.728391085944,STAR,K,5.10462041e-05,22.847046959172676,22-23,39627805364851323,dark,DESI_DR1_V161,ZWARN0_DELTACHI2_GT25_ZCAT_PRIMARY
DESI001376,150.279138663593,-3.207920302408,STAR,M,-5.42610003e-05,22.89991991963363,22-23,39627708736472762,dark,DESI_DR1_V161,ZWARN0_DELTACHI2_GT25_ZCAT_PRIMARY
DESI001377,150.936668479044,1.923245190563,STAR,WD,8.52600059e-05,22.19309272863795,22-23,39627835576422149,dark,DESI_DR1_V161,ZWARN0_DELTACHI2_GT25_ZCAT_PRIMARY
DESI001378,150.372598023599,69.864038141703,STAR,M,-0.000111940324,22.876591222726596,22-23,39633487417838353,dark,DESI_DR1_V161,ZWARN0_DELTACHI2_GT25_ZCAT_PRIMARY
DESI001379,150.917532876599,83.931191956397,STAR,M,-0.000254215063,22.703799666081395,22-23,39633566434330985,dark,DESI_DR1_V161,ZWARN0_DELTACHI2_GT25_ZCAT_PRIMARY
DESI001380,150.828228536154,1.640372154333,STAR,WD,0.000258765235,22.37496947481134,22-23,39627829536622229,dark,DESI_DR1_V161,ZWARN0_DELTACHI2_GT25_ZCAT_PRIMARY
DESI001381,151.862467866076,-3.983342344752,STAR,M,0.000110990946,22.833315998199947,22-23,39627690667412976,dark,DESI_DR1_V161,ZWARN0_DELTACHI2_GT25_ZCAT_PRIMARY
DESI001382,150.6123170516,0.744821159001,STAR,M,8.18391645e-05,22.56177440598486,22-23,39627805373237709,dark,DESI_DR1_V161,ZWARN0_DELTACHI2_GT25_ZCAT_PRIMARY
DESI001383,150.428497941588,-3.275168523999,STAR,WD,0.000484153595,22.090405146399547,22-23,39627708736475978,dark,DESI_DR1_V161,ZWARN0_DELTACHI2_GT25_ZCAT_PRIMARY
DESI001384,150.162986367897,-2.95647567505,STAR,M,9.21845688e-05,22.507985569903287,22-23,39627714767883409,dark,DESI_DR1_V161,ZWARN0_DELTACHI2_GT25_ZCAT_PRIMARY
DESI001385,151.354571941135,-6.052704777132,STAR,M,7.30757304e-05,22.789155967263174,22-23,39627642483249942,dark,DESI_DR1_V161,ZWARN0_DELTACHI2_GT25_ZCAT_PRIMARY
DESI001386,150.950109541163,-2.303484333669,STAR,K,-1.76519515e-05,22.19952795582731,22-23,39627732899861188,dark,DESI_DR1_V161,ZWARN0_DELTACHI2_GT25_ZCAT_PRIMARY
DESI001387,150.542317758193,2.433250670445,STAR,WD,0.000169966123,22.551953351963576,22-23,39627847651820546,dark,DESI_DR1_V161,ZWARN0_DELTACHI2_GT25_ZCAT_PRIMARY
DESI001388,150.480354128604,-6.266720266653,STAR,M,6.02134796e-05,22.64392566423258,22-23,39627636460227171,dark,DESI_DR1_V161,ZWARN0_DELTACHI2_GT25_ZCAT_PRIMARY
DESI001389,151.209474627416,4.504115471413,STAR,K,0.00022738366,22.12344656693622,22-23,39627895932453629,dark,DESI_DR1_V161,ZWARN0_DELTACHI2_GT25_ZCAT_PRIMARY
DESI001390,151.056099551287,44.50492546304,STAR,M,-4.54113038e-05,22.401087982255834,22-23,39633157246419612,bright,DESI_DR1_V161,ZWARN0_DELTACHI2_GT25_ZCAT_PRIMARY
DESI001391,152.105808130269,10.054625924621,STAR,M,0.00010291394,22.746636224847965,22-23,39628027834929762,dark,DESI_DR1_V161,ZWARN0_DELTACHI2_GT25_ZCAT_PRIMARY
DESI001392,150.232284191844,3.455029879053,STAR,K,0.00124304923,22.182699945356124,22-23,39627871794233989,other,DESI_DR1_V161,ZWARN0_DELTACHI2_GT25_ZCAT_PRIMARY
DESI001393,150.111724891219,-4.095012440336,STAR,WD,0.000310005219,22.47400626925336,22-23,39627690638053115,dark,DESI_DR1_V161,ZWARN0_DELTACHI2_GT25_ZCAT_PRIMARY
DESI001394,151.875353048495,0.987500975069,STAR,M,-6.16752124e-05,22.56508714521966,22-23,39627811434007364,dark,DESI_DR1_V161,ZWARN0_DELTACHI2_GT25_ZCAT_PRIMARY
DESI001395,150.746682352606,0.607055825249,STAR,K,0.000273767276,22.18685001081573,22-23,39627799333443217,dark,DESI_DR1_V161,ZWARN0_DELTACHI2_GT25_ZCAT_PRIMARY
DESI001396,150.333340419979,70.45949196631,STAR,M,-0.000136786801,22.77748990311695,22-23,39633493629600193,dark,DESI_DR1_V161,ZWARN0_DELTACHI2_GT25_ZCAT_PRIMARY
DESI001397,152.151363658816,0.648231341347,STAR,M,3.2608761e-05,22.39169256606356,22-23,39627805398404848,dark,DESI_DR1_V161,ZWARN0_DELTACHI2_GT25_ZCAT_PRIMARY
DESI001398,150.838578361756,-3.37769022696,STAR,M,7.007303e-07,22.786944780509522,22-23,39627702713453068,dark,DESI_DR1_V161,ZWARN0_DELTACHI2_GT25_ZCAT_PRIMARY
DESI001399,151.825890303543,-2.440610978863,STAR,M,0.000115141827,22.299687973023318,22-23,39627726876837490,dark,DESI_DR1_V161,ZWARN0_DELTACHI2_GT25_ZCAT_PRIMARY
DESI001400,150.96524849818,6.431734840556,STAR,K,0.000290263965,22.43253368874025,22-23,39627944062093903,dark,DESI_DR1_V161,ZWARN0_DELTACHI2_GT25_ZCAT_PRIMARY
DESI001401,177.548413218009,2.397651862787,STAR,B,0.00113933564,22.155681326458442,22-23,39627848104805266,dark,DESI_DR1_V161,ZWARN0_DELTACHI2_GT25_ZCAT_PRIMARY
DESI001402,178.238199830831,-0.472198678869,STAR,WD,0.000276399288,22.017835962939937,22-23,39627775635626010,dark,DESI_DR1_V161,ZWARN0_DELTACHI2_GT25_ZCAT_PRIMARY
DESI001403,175.662403178693,1.325978365198,STAR,M,1.22929199e-05,22.343535639156826,22-23,39627817872264377,dark,DESI_DR1_V161,ZWARN0_DELTACHI2_GT25_ZCAT_PRIMARY
DESI001404,175.001119022245,23.961313046629,STAR,M,0.00041725762,22.6672413978512,22-23,39628351320624238,dark,DESI_DR1_V161,ZWARN0_DELTACHI2_GT25_ZCAT_PRIMARY
DESI001405,175.992872753623,40.115716771172,STAR,M,-0.000212058999,22.921174977366938,22-23,39633076841614402,dark,DESI_DR1_V161,ZWARN0_DELTACHI2_GT25_ZCAT_PRIMARY
DESI001406,177.357969470089,3.744253729807,STAR,M,-5.57302806e-05,22.51705444341761,22-23,39627878278629614,dark,DESI_DR1_V161,ZWARN0_DELTACHI2_GT25_ZCAT_PRIMARY
DESI001407,176.343462542387,35.979949022795,STAR,M,0.000224436966,22.71293141296431,22-23,39633000513667583,dark,DESI_DR1_V161,ZWARN0_DELTACHI2_GT25_ZCAT_PRIMARY
DESI001408,176.361645766847,37.727871279981,STAR,M,4.53781089e-05,22.467095574604475,22-23,39633034416228092,bright,DESI_DR1_V161,ZWARN0_DELTACHI2_GT25_ZCAT_PRIMARY
DESI001409,176.92632504269,6.709073608025,STAR,M,-9.90787588e-05,22.60363926464953,22-23,39627950500351472,dark,DESI_DR1_V161,ZWARN0_DELTACHI2_GT25_ZCAT_PRIMARY
DESI001410,177.272801592155,28.111399734182,STAR,M,-8.04057409e-05,22.821536204856276,22-23,39628438356625235,dark,DESI_DR1_V161,ZWARN0_DELTACHI2_GT25_ZCAT_PRIMARY
DESI001411,176.43991549019,35.788697759979,STAR,M,0.000206151916,22.95233183459525,22-23,39632995606332793,dark,DESI_DR1_V161,ZWARN0_DELTACHI2_GT25_ZCAT_PRIMARY
DESI001412,177.421862322592,-7.723320273844,STAR,M,9.82603307e-05,22.715605729378467,22-23,39627600905114670,dark,DESI_DR1_V161,ZWARN0_DELTACHI2_GT25_ZCAT_PRIMARY
DESI001413,177.461285606761,-3.739361328061,STAR,M,0.000232526355,22.75249223271891,22-23,39627697126642871,dark,DESI_DR1_V161,ZWARN0_DELTACHI2_GT25_ZCAT_PRIMARY
DESI001414,177.300581235036,33.782313031881,STAR,WD,0.00085109396,22.182991799032482,22-23,39632955823357990,dark,DESI_DR1_V161,ZWARN0_DELTACHI2_GT25_ZCAT_PRIMARY
DESI001415,178.103740395907,46.019185482497,STAR,M,-5.88660813e-05,22.027208055599576,22-23,39633183167220272,bright,DESI_DR1_V161,ZWARN0_DELTACHI2_GT25_ZCAT_PRIMARY
DESI001416,177.206240198276,56.767736450808,STAR,M,5.5225832e-05,22.3417604473162,22-23,39633345671335055,bright,DESI_DR1_V161,ZWARN0_DELTACHI2_GT25_ZCAT_PRIMARY
DESI001417,175.997733568943,-1.495165043528,STAR,M,-7.04245876e-05,22.98044222696653,22-23,39627751438685765,dark,DESI_DR1_V161,ZWARN0_DELTACHI2_GT25_ZCAT_PRIMARY
DESI001418,176.262133926649,35.767425167538,STAR,M,0.00022409858,22.414331507404935,22-23,39632995602140587,dark,DESI_DR1_V161,ZWARN0_DELTACHI2_GT25_ZCAT_PRIMARY
DESI001419,175.231079740525,-0.701811216927,STAR,M,3.80615573e-05,22.876442251378208,22-23,39627769545495673,dark,DESI_DR1_V161,ZWARN0_DELTACHI2_GT25_ZCAT_PRIMARY
DESI001420,176.713271300341,27.088062301388,STAR,M,4.35063121e-06,22.271861685740593,22-23,39628416881788464,dark,DESI_DR1_V161,ZWARN0_DELTACHI2_GT25_ZCAT_PRIMARY
DESI001421,175.229510999248,34.140193940691,STAR,K,-1.64725958e-05,22.667131213962758,22-23,39632965830967863,dark,DESI_DR1_V161,ZWARN0_DELTACHI2_GT25_ZCAT_PRIMARY
DESI001422,178.276459760743,-0.679704808115,STAR,G,0.00047346188,22.323141867525724,22-23,39627769600016977,dark,DESI_DR1_V161,ZWARN0_DELTACHI2_GT25_ZCAT_PRIMARY
DESI001423,176.723118085883,1.573370223184,STAR,M,0.00033062206,22.621151100987717,22-23,39627823928840579,dark,DESI_DR1_V161,ZWARN0_DELTACHI2_GT25_ZCAT_PRIMARY
DESI001424,177.48762281723,5.277968906245,STAR,M,8.0583554e-06,22.094500368969346,22-23,39627914437726046,dark,DESI_DR1_V161,ZWARN0_DELTACHI2_GT25_ZCAT_PRIMARY
DESI001425,176.851475234641,-5.079057606968,STAR,M,0.000177036918,22.96989695003833,22-23,39627666982177917,dark,DESI_DR1_V161,ZWARN0_DELTACHI2_GT25_ZCAT_PRIMARY
DESI001426,175.388553944771,-7.627309569873,STAR,M,7.15648573e-05,22.59917868408813,22-23,39627600871559058,dark,DESI_DR1_V161,ZWARN0_DELTACHI2_GT25_ZCAT_PRIMARY
DESI001427,176.33360370967,6.861824973885,STAR,M,5.01770383e-05,22.12454470916904,22-23,39627950491961166,dark,DESI_DR1_V161,ZWARN0_DELTACHI2_GT25_ZCAT_PRIMARY
DESI001428,175.740380775351,3.472647121404,STAR,M,-3.51774608e-05,22.571622478533218,22-23,39627872217863868,dark,DESI_DR1_V161,ZWARN0_DELTACHI2_GT25_ZCAT_PRIMARY
DESI001429,178.045222879101,3.579905863343,STAR,K,0.00098617859,22.215291962346793,22-23,39627872259802356,dark,DESI_DR1_V161,ZWARN0_DELTACHI2_GT25_ZCAT_PRIMARY
DESI001430,175.71348558488,-5.798602690555,STAR,M,-1.17118268e-05,22.835449261663832,22-23,39627648904729267,bright,DESI_DR1_V161,ZWARN0_DELTACHI2_GT25_ZCAT_PRIMARY
DESI001431,176.807047075114,24.436561898591,STAR,M,2.45710164e-05,22.76884657266339,22-23,39628362385197155,dark,DESI_DR1_V161,ZWARN0_DELTACHI2_GT25_ZCAT_PRIMARY
DESI001432,177.800697687438,7.464423237231,STAR,WD,0.000442809297,22.631788291720458,22-23,39627968514884991,dark,DESI_DR1_V161,ZWARN0_DELTACHI2_GT25_ZCAT_PRIMARY
DESI001433,176.703264135229,1.662108625548,STAR,M,7.2073484e-07,22.951572896797405,22-23,39627829968637865,dark,DESI_DR1_V161,ZWARN0_DELTACHI2_GT25_ZCAT_PRIMARY
DESI001434,175.302520659138,-3.759716353438,STAR,M,1.94129677e-05,22.02773501140384,22-23,39627697093084404,bright,DESI_DR1_V161,ZWARN0_DELTACHI2_GT25_ZCAT_PRIMARY
DESI001435,176.035761787289,-6.617055548175,STAR,M,6.28970311e-05,22.11400854607814,22-23,39627630881801420,bright,DESI_DR1_V161,ZWARN0_DELTACHI2_GT25_ZCAT_PRIMARY
DESI001436,176.036153673943,53.506003729791,STAR,M,-6.83168808e-05,22.170480337033155,22-23,39633300574177011,dark,DESI_DR1_V161,ZWARN0_DELTACHI2_GT25_ZCAT_PRIMARY
DESI001437,175.797413432111,-2.325478194542,STAR,K,0.000103393931,22.894608465645856,22-23,39627733319287773,dark,DESI_DR1_V161,ZWARN0_DELTACHI2_GT25_ZCAT_PRIMARY
DESI001438,178.060004852728,-0.982120020611,STAR,M,3.32558084e-05,22.2339787497128,22-23,39627763556025724,dark,DESI_DR1_V161,ZWARN0_DELTACHI2_GT25_ZCAT_PRIMARY
DESI001439,177.420424429085,34.732647159665,STAR,M,-5.14498968e-05,22.36269211458894,22-23,39632975842772692,dark,DESI_DR1_V161,ZWARN0_DELTACHI2_GT25_ZCAT_PRIMARY
DESI001440,176.927774702469,-7.401740298682,STAR,K,-3.90073056e-05,22.34679300084368,22-23,39627606890385933,dark,DESI_DR1_V161,ZWARN0_DELTACHI2_GT25_ZCAT_PRIMARY
DESI001441,176.806723630392,32.674621133226,STAR,M,2.62207608e-05,22.968468532230602,22-23,39632935569064884,dark,DESI_DR1_V161,ZWARN0_DELTACHI2_GT25_ZCAT_PRIMARY
DESI001442,175.606928331121,-0.185167760573,STAR,K,2.07630308e-05,22.265299364792984,22-23,39627781633476204,dark,DESI_DR1_V161,ZWARN0_DELTACHI2_GT25_ZCAT_PRIMARY
DESI001443,176.884531434985,-3.789105927333,STAR,M,0.00117024492,22.817191330957286,22-23,39627697118252344,dark,DESI_DR1_V161,ZWARN0_DELTACHI2_GT25_ZCAT_PRIMARY
DESI001444,175.726203499649,6.770998541275,STAR,M,9.27869863e-05,22.423784055578622,22-23,39627950479381644,dark,DESI_DR1_V161,ZWARN0_DELTACHI2_GT25_ZCAT_PRIMARY
DESI001445,177.27048514679,-7.341025580606,STAR,K,7.4739714e-05,22.427403399273985,22-23,39627612896625487,dark,DESI_DR1_V161,ZWARN0_DELTACHI2_GT25_ZCAT_PRIMARY
DESI001446,176.408697897287,36.658634471487,STAR,M,1.37023783e-05,22.88983581305121,22-23,39633015135012541,dark,DESI_DR1_V161,ZWARN0_DELTACHI2_GT25_ZCAT_PRIMARY
DESI001447,175.335705112186,-4.780162344055,STAR,WD,0.000368426135,22.500383332542455,22-23,39627672980031228,dark,DESI_DR1_V161,ZWARN0_DELTACHI2_GT25_ZCAT_PRIMARY
DESI001448,177.275199652098,14.689556183396,STAR,A,0.000229233877,22.56116889282076,22-23,39628140439407515,dark,DESI_DR1_V161,ZWARN0_DELTACHI2_GT25_ZCAT_PRIMARY
DESI001449,178.022454628716,71.176682726013,STAR,M,-2.59097929e-05,22.292821242927683,22-23,39633499761673811,bright,DESI_DR1_V161,ZWARN0_DELTACHI2_GT25_ZCAT_PRIMARY
DESI001450,175.674973190076,-3.396649487087,STAR,M,2.28224136e-05,22.885528401782246,22-23,39627703128690459,bright,DESI_DR1_V161,ZWARN0_DELTACHI2_GT25_ZCAT_PRIMARY
DESI001451,200.612721170499,5.114085090244,STAR,M,-6.92228472e-05,22.799139534085793,22-23,39627908804773248,dark,DESI_DR1_V161,ZWARN0_DELTACHI2_GT25_ZCAT_PRIMARY
DESI001452,201.772292643203,6.137130134291,STAR,F,-0.000260059024,22.064748674965816,22-23,39627938903100548,dark,DESI_DR1_V161,ZWARN0_DELTACHI2_GT25_ZCAT_PRIMARY
DESI001453,200.886518929644,37.908141641181,STAR,M,-1.93636508e-06,22.944404855172536,22-23,39633039524888656,dark,DESI_DR1_V161,ZWARN0_DELTACHI2_GT25_ZCAT_PRIMARY
DESI001454,203.029982179678,-6.341829833175,STAR,M,0.000106624335,22.137389875239933,22-23,39627637336837318,dark,DESI_DR1_V161,ZWARN0_DELTACHI2_GT25_ZCAT_PRIMARY
DESI001455,201.647492392565,-2.439793817608,STAR,K,8.89483421e-05,22.51289446834177,22-23,39627727711506215,dark,DESI_DR1_V161,ZWARN0_DELTACHI2_GT25_ZCAT_PRIMARY
DESI001456,201.171063898182,-5.143125583365,STAR,F,0.000239175503,22.001242844428656,22-23,39627661366003929,dark,DESI_DR1_V161,ZWARN0_DELTACHI2_GT25_ZCAT_PRIMARY
DESI001457,200.408251495516,8.797433887694,STAR,F,7.93498878e-05,22.83495398282577,22-23,39627998814539429,dark,DESI_DR1_V161,ZWARN0_DELTACHI2_GT25_ZCAT_PRIMARY
DESI001458,200.522255538631,33.096873343419,STAR,M,2.69368363e-05,22.249220135307226,22-23,39632940983914067,bright,DESI_DR1_V161,ZWARN0_DELTACHI2_GT25_ZCAT_PRIMARY
DESI001459,202.966299256683,-9.098081873656,STAR,K,8.03172892e-05,22.073326478358283,22-23,39627571423350716,dark,DESI_DR1_V161,ZWARN0_DELTACHI2_GT25_ZCAT_PRIMARY
DESI001460,200.76480582604,-1.821999481256,STAR,WD,-0.00029188977,22.253762754435403,22-23,39627745818313001,dark,DESI_DR1_V161,ZWARN0_DELTACHI2_GT25_ZCAT_PRIMARY
DESI001461,202.733515246493,-5.114036395291,STAR,K,0.000403989296,22.63000858164006,22-23,39627667414191231,dark,DESI_DR1_V161,ZWARN0_DELTACHI2_GT25_ZCAT_PRIMARY
DESI001462,201.203437721729,4.226092012669,STAR,M,-0.000121476973,22.770126858108668,22-23,39627890739909430,dark,DESI_DR1_V161,ZWARN0_DELTACHI2_GT25_ZCAT_PRIMARY
DESI001463,203.219961266868,33.591679317088,STAR,K,-0.000194681801,22.609732667256306,22-23,39632951142517338,dark,DESI_DR1_V161,ZWARN0_DELTACHI2_GT25_ZCAT_PRIMARY
DESI001464,201.435211565529,-0.012587228813,STAR,M,-6.19056548e-05,22.685741502151068,22-23,39627788105289109,dark,DESI_DR1_V161,ZWARN0_DELTACHI2_GT25_ZCAT_PRIMARY
DESI001465,202.333297347483,-1.343294416381,STAR,M,-4.37275942e-05,22.13754537916881,22-23,39627757923075739,dark,DESI_DR1_V161,ZWARN0_DELTACHI2_GT25_ZCAT_PRIMARY
DESI001466,202.192500234181,31.5511302769,STAR,M,-0.000122151743,22.834142805109146,22-23,39628512247681685,dark,DESI_DR1_V161,ZWARN0_DELTACHI2_GT25_ZCAT_PRIMARY
DESI001467,201.613354192174,30.494713383246,STAR,M,4.06940008e-05,22.34148832004282,22-23,39628491494264106,dark,DESI_DR1_V161,ZWARN0_DELTACHI2_GT25_ZCAT_PRIMARY
DESI001468,200.856980391463,0.797638078327,STAR,M,-1.13547122e-05,22.433779197264055,22-23,39627806216293191,dark,DESI_DR1_V161,ZWARN0_DELTACHI2_GT25_ZCAT_PRIMARY
DESI001469,200.560444005701,-0.059004544787,STAR,M,5.27455023e-05,22.954750472224628,22-23,39627788092704064,dark,DESI_DR1_V161,ZWARN0_DELTACHI2_GT25_ZCAT_PRIMARY
DESI001470,201.609236910926,-0.846177877394,STAR,M,2.67879827e-06,22.136635996979145,22-23,39627769990088908,dark,DESI_DR1_V161,ZWARN0_DELTACHI2_GT25_ZCAT_PRIMARY
DESI001471,203.022002091918,31.532373650952,STAR,M,-0.000139039592,22.302906766457756,22-23,39628512260263322,bright,DESI_DR1_V161,ZWARN0_DELTACHI2_GT25_ZCAT_PRIMARY
DESI001472,200.190283903964,5.788014449639,STAR,M,2.97448904e-05,22.688812021490026,22-23,39627926852864217,dark,DESI_DR1_V161,ZWARN0_DELTACHI2_GT25_ZCAT_PRIMARY
DESI001473,202.352850029482,-1.358415595192,STAR,M,0.000209629714,22.137475399644647,22-23,39627757923076146,dark,DESI_DR1_V161,ZWARN0_DELTACHI2_GT25_ZCAT_PRIMARY
DESI001474,200.012260295715,40.149112577777,STAR,M,-0.000160252392,22.353488967511208,22-23,39633081782502259,dark,DESI_DR1_V161,ZWARN0_DELTACHI2_GT25_ZCAT_PRIMARY
DESI001475,202.870465496163,-4.145799026634,STAR,A,5.00800451e-05,22.217549610816995,22-23,39627685491639847,dark,DESI_DR1_V161,ZWARN0_DELTACHI2_GT25_ZCAT_PRIMARY
DESI001476,202.128944785787,-2.699327376927,STAR,K,3.8637887e-05,22.41580744981733,22-23,39627721680096882,dark,DESI_DR1_V161,ZWARN0_DELTACHI2_GT25_ZCAT_PRIMARY
DESI001477,202.03546489869,9.486631426894,STAR,K,0.000258463184,22.731381571689923,22-23,39628016749379887,dark,DESI_DR1_V161,ZWARN0_DELTACHI2_GT25_ZCAT_PRIMARY
DESI001478,201.655401165128,6.221083202847,STAR,K,8.57170833e-05,22.814500180801033,22-23,39627938903098097,dark,DESI_DR1_V161,ZWARN0_DELTACHI2_GT25_ZCAT_PRIMARY
DESI001479,202.523096789422,33.659039405225,STAR,A,0.000191008599,22.2545245956316,22-23,39632956175679789,dark,DESI_DR1_V161,ZWARN0_DELTACHI2_GT25_ZCAT_PRIMARY
DESI001480,202.262450768438,5.230535317664,STAR,M,2.45368808e-05,22.447430100684826,22-23,39627914852962405,dark,DESI_DR1_V161,ZWARN0_DELTACHI2_GT25_ZCAT_PRIMARY
DESI001481,200.152053526907,-1.586644608359,STAR,A,0.000644886751,22.396389980407303,22-23,39627751845530521,dark,DESI_DR1_V161,ZWARN0_DELTACHI2_GT25_ZCAT_PRIMARY
DESI001482,200.648669941939,-2.558212995339,STAR,M,-7.7975082e-05,22.862383889375764,22-23,39627727694728699,dark,DESI_DR1_V161,ZWARN0_DELTACHI2_GT25_ZCAT_PRIMARY
DESI001483,201.652415165733,1.993362887167,STAR,M,-0.000202434793,22.456759145295965,22-23,39627836427865344,dark,DESI_DR1_V161,ZWARN0_DELTACHI2_GT25_ZCAT_PRIMARY
DESI001484,203.007557939322,3.331978741626,STAR,F,6.27756271e-05,22.19238913948207,22-23,39627866643632213,dark,DESI_DR1_V161,ZWARN0_DELTACHI2_GT25_ZCAT_PRIMARY
DESI001485,201.439854207312,-2.38863122451,STAR,M,1.64735187e-05,22.97140099289204,22-23,39627727707313185,bright,DESI_DR1_V161,ZWARN0_DELTACHI2_GT25_ZCAT_PRIMARY
DESI001486,201.247996487777,-8.038792280126,STAR,M,9.01410383e-06,22.419208743098988,22-23,39627595314103899,dark,DESI_DR1_V161,ZWARN0_DELTACHI2_GT25_ZCAT_PRIMARY
DESI001487,200.012206395798,-1.418640820465,STAR,M,2.79798338e-05,22.95954594539821,22-23,39627751845527769,dark,DESI_DR1_V161,ZWARN0_DELTACHI2_GT25_ZCAT_PRIMARY
DESI001488,200.159437095602,-3.903645030957,STAR,M,0.000208241272,22.793091166587352,22-23,39627691476913205,dark,DESI_DR1_V161,ZWARN0_DELTACHI2_GT25_ZCAT_PRIMARY
DESI001489,202.443521785396,36.669014969383,STAR,M,3.44992316e-05,22.954339566991486,22-23,39633015487332588,dark,DESI_DR1_V161,ZWARN0_DELTACHI2_GT25_ZCAT_PRIMARY
DESI001490,201.515258453991,-4.157912957593,STAR,G,-4.30863275e-05,22.660676513827635,22-23,39627685466477042,dark,DESI_DR1_V161,ZWARN0_DELTACHI2_GT25_ZCAT_PRIMARY
DESI001491,201.193338200778,38.960450101663,STAR,M,-4.48158792e-05,22.881282744521457,22-23,39633058483142835,dark,DESI_DR1_V161,ZWARN0_DELTACHI2_GT25_ZCAT_PRIMARY
DESI001492,200.182378253618,35.562641070437,STAR,M,-0.000183166304,22.723973984698127,22-23,39632991005182515,dark,DESI_DR1_V161,ZWARN0_DELTACHI2_GT25_ZCAT_PRIMARY
DESI001493,201.130942148728,-5.522519457025,STAR,K,-9.57451767e-05,22.870478714429407,22-23,39627655347176285,dark,DESI_DR1_V161,ZWARN0_DELTACHI2_GT25_ZCAT_PRIMARY
DESI001494,201.548174649369,3.203690102924,STAR,M,-1.62244193e-05,22.156250760240983,22-23,39627866622656880,bright,DESI_DR1_V161,ZWARN0_DELTACHI2_GT25_ZCAT_PRIMARY
DESI001495,202.632105167107,2.915713550114,STAR,M,-0.000106078861,22.107174388615867,22-23,39627860603833076,dark,DESI_DR1_V161,ZWARN0_DELTACHI2_GT25_ZCAT_PRIMARY
DESI001496,201.39362247555,0.092719754705,STAR,F,0.000131441563,22.066021933117742,22-23,39627788105288363,dark,DESI_DR1_V161,ZWARN0_DELTACHI2_GT25_ZCAT_PRIMARY
DESI001497,203.148346405568,-4.180016592251,STAR,K,0.000135607436,22.500244318132893,22-23,39627685495835064,dark,DESI_DR1_V161,ZWARN0_DELTACHI2_GT25_ZCAT_PRIMARY
DESI001498,200.615159155673,40.271895913025,STAR,K,-0.000100452188,22.00188772349708,22-23,39633081790890426,dark,DESI_DR1_V161,ZWARN0_DELTACHI2_GT25_ZCAT_PRIMARY
DESI001499,200.758558912342,1.546205952446,STAR,M,8.11770413e-05,22.44565235673269,22-23,39627824335683817,dark,DESI_DR1_V161,ZWARN0_DELTACHI2_GT25_ZCAT_PRIMARY
DESI001500,201.891802093276,-7.884081501887,STAR,K,0.00029256484,22.778231767152437,22-23,39627595322495130,dark,DESI_DR1_V161,ZWARN0_DELTACHI2_GT25_ZCAT_PRIMARY
DESI001501,226.192578232121,-1.065121372857,STAR,B,0.000279766851,22.038406261314705,22-23,39627764361335177,dark,DESI_DR1_V161,ZWARN0_DELTACHI2_GT25_ZCAT_PRIMARY
DESI001502,226.074927669083,28.835977936717,STAR,K,0.00151498267,22.422408425397887,22-23,39628455041568327,dark,DESI_DR1_V161,ZWARN0_DELTACHI2_GT25_ZCAT_PRIMARY
DESI001503,226.512760140349,32.160214437679,STAR,K,0.000693948323,22.293943228333553,22-23,39628528014068398,dark,DESI_DR1_V161,ZWARN0_DELTACHI2_GT25_ZCAT_PRIMARY
DESI001504,225.289488254698,1.131336493128,STAR,F,0.000899555614,22.09319329226421,22-23,39627818706928322,dark,DESI_DR1_V161,ZWARN0_DELTACHI2_GT25_ZCAT_PRIMARY
DESI001505,225.416571491573,33.751175644815,STAR,M,-0.000166062047,22.93067725698883,22-23,39632956494448099,dark,DESI_DR1_V161,ZWARN0_DELTACHI2_GT25_ZCAT_PRIMARY
DESI001506,226.461860208242,-1.969219397515,STAR,M,-0.000247361397,22.643048355666544,22-23,39627740206339637,dark,DESI_DR1_V161,ZWARN0_DELTACHI2_GT25_ZCAT_PRIMARY
DESI001507,226.246665756593,-1.940484659856,STAR,M,-0.000296418357,22.33117911331313,22-23,39627740202145614,dark,DESI_DR1_V161,ZWARN0_DELTACHI2_GT25_ZCAT_PRIMARY
DESI001508,226.101731072879,8.461473231017,STAR,M,-6.6730907e-06,22.941250849788602,22-23,39627993265474704,dark,DESI_DR1_V161,ZWARN0_DELTACHI2_GT25_ZCAT_PRIMARY
DESI001509,225.318884329518,46.680252593865,STAR,M,-8.25826663e-05,22.65635823664043,22-23,39633196257642865,bright,DESI_DR1_V161,ZWARN0_DELTACHI2_GT25_ZCAT_PRIMARY
DESI001510,225.418569055095,-2.27553620826,STAR,K,5.02290622e-05,22.374737266955012,22-23,39627734149763049,dark,DESI_DR1_V161,ZWARN0_DELTACHI2_GT25_ZCAT_PRIMARY
DESI001511,226.747246675396,-3.166265943967,STAR,A,0.000177364775,22.728338506586976,22-23,39627710015738206,dark,DESI_DR1_V161,ZWARN0_DELTACHI2_GT25_ZCAT_PRIMARY
DESI001512,225.176307588567,1.115197493153,STAR,M,-8.67209823e-05,22.295488978035667,22-23,39627812662939302,dark,DESI_DR1_V161,ZWARN0_DELTACHI2_GT25_ZCAT_PRIMARY
DESI001513,226.755327187708,2.406090256215,STAR,K,-1.36378908e-05,22.27504304204707,22-23,39627848931082415,dark,DESI_DR1_V161,ZWARN0_DELTACHI2_GT25_ZCAT_PRIMARY
DESI001514,225.101740505459,3.250968868996,STAR,M,-7.4868661e-05,22.568140627525892,22-23,39627867016922027,dark,DESI_DR1_V161,ZWARN0_DELTACHI2_GT25_ZCAT_PRIMARY
DESI001515,225.230986753503,-1.412310160096,STAR,K,-0.000449934559,22.20090366643663,22-23,39627752264963498,dark,DESI_DR1_V161,ZWARN0_DELTACHI2_GT25_ZCAT_PRIMARY
DESI001516,225.843978497345,0.917193853199,STAR,M,-6.82880681e-05,22.088099530981502,22-23,39627812675520013,dark,DESI_DR1_V161,ZWARN0_DELTACHI2_GT25_ZCAT_PRIMARY
DESI001517,226.522376418064,34.783102556451,STAR,M,-0.000159018912,22.670520364919337,22-23,39632976522249233,dark,DESI_DR1_V161,ZWARN0_DELTACHI2_GT25_ZCAT_PRIMARY
DESI001518,226.270451821895,10.951109132918,STAR,M,-0.000288257362,22.830971883079762,22-23,39628052841370693,dark,DESI_DR1_V161,ZWARN0_DELTACHI2_GT25_ZCAT_PRIMARY
DESI001519,226.583668895675,0.184492803151,STAR,M,0.000117493915,22.652829195744687,22-23,39627794568710373,dark,DESI_DR1_V161,ZWARN0_DELTACHI2_GT25_ZCAT_PRIMARY
DESI001520,225.810203797906,2.133014168958,STAR,M,-0.000349708858,22.89445231762779,22-23,39627842874508356,dark,DESI_DR1_V161,ZWARN0_DELTACHI2_GT25_ZCAT_PRIMARY
DESI001521,225.407096565866,44.461228078633,STAR,M,-3.27425145e-05,22.76769699445494,22-23,39633158135614577,bright,DESI_DR1_V161,ZWARN0_DELTACHI2_GT25_ZCAT_PRIMARY
DESI001522,225.663581867996,2.110876678418,STAR,K,-0.000168942745,22.013984745861983,22-23,39627836830518307,dark,DESI_DR1_V161,ZWARN0_DELTACHI2_GT25_ZCAT_PRIMARY
DESI001523,225.266866811885,7.001921569626,STAR,M,-9.53582129e-05,22.341084946484372,22-23,39627957307708319,dark,DESI_DR1_V161,ZWARN0_DELTACHI2_GT25_ZCAT_PRIMARY
DESI001524,225.597298056326,26.12796650229,STAR,K,-0.000160158938,22.647781576503967,22-23,39628401383837006,dark,DESI_DR1_V161,ZWARN0_DELTACHI2_GT25_ZCAT_PRIMARY
DESI001525,226.377072827008,12.469424387509,STAR,K,7.61062543e-06,22.171554910592253,22-23,39628088358733977,dark,DESI_DR1_V161,ZWARN0_DELTACHI2_GT25_ZCAT_PRIMARY
DESI001526,225.827237347172,35.697900404594,STAR,M,-0.000310188328,22.32492381425415,22-23,39632996281615125,dark,DESI_DR1_V161,ZWARN0_DELTACHI2_GT25_ZCAT_PRIMARY
DESI001527,225.137551497791,5.201598815698,STAR,M,-0.00025999479,22.608135038468905,22-23,39627915238834412,dark,DESI_DR1_V161,ZWARN0_DELTACHI2_GT25_ZCAT_PRIMARY
DESI001528,226.7099053158,39.601197694837,STAR,M,-0.000216646714,22.72399133315041,22-23,39633068188764181,dark,DESI_DR1_V161,ZWARN0_DELTACHI2_GT25_ZCAT_PRIMARY
DESI001529,226.737500872559,7.530741234908,STAR,K,-0.000131595048,22.575419250307803,22-23,39627969328582572,dark,DESI_DR1_V161,ZWARN0_DELTACHI2_GT25_ZCAT_PRIMARY
DESI001530,225.395274548358,31.411575111946,STAR,K,-0.00038343246,22.35165955652678,22-23,39628512583221847,dark,DESI_DR1_V161,ZWARN0_DELTACHI2_GT25_ZCAT_PRIMARY
DESI001531,225.426866029823,1.449370032407,STAR,M,-6.06103697e-06,22.41915835038566,22-23,39627824746729138,bright,DESI_DR1_V161,ZWARN0_DELTACHI2_GT25_ZCAT_PRIMARY
DESI001532,226.049530216401,40.296620694703,STAR,M,-0.000127148365,22.23910662533345,22-23,39633082113854824,bright,DESI_DR1_V161,ZWARN0_DELTACHI2_GT25_ZCAT_PRIMARY
DESI001533,226.819027329393,2.373430060494,STAR,M,0.000220668646,22.771850668440205,22-23,39627842891286546,dark,DESI_DR1_V161,ZWARN0_DELTACHI2_GT25_ZCAT_PRIMARY
DESI001534,225.753625777851,24.875247228841,STAR,M,5.7170589e-05,22.676106582635427,22-23,39628374120858645,dark,DESI_DR1_V161,ZWARN0_DELTACHI2_GT25_ZCAT_PRIMARY
DESI001535,225.457539972566,31.339018443061,STAR,M,-4.01373109e-05,22.965894102045905,22-23,39628507415842723,dark,DESI_DR1_V161,ZWARN0_DELTACHI2_GT25_ZCAT_PRIMARY
DESI001536,225.467750265084,-1.082262342987,STAR,CV,-0.00106290127,22.619040957870393,22-23,39627764348753453,dark,DESI_DR1_V161,ZWARN0_DELTACHI2_GT25_ZCAT_PRIMARY
DESI001537,226.256055855654,-7.64277586188,STAR,G,5.66909255e-05,22.21397299400541,22-23,39627601718807397,dark,DESI_DR1_V161,ZWARN0_DELTACHI2_GT25_ZCAT_PRIMARY
DESI001538,226.074704014644,1.390423031367,STAR,M,-0.000255372512,22.1737715682339,22-23,39627824759310416,dark,DESI_DR1_V161,ZWARN0_DELTACHI2_GT25_ZCAT_PRIMARY
DESI001539,225.401660626721,-0.151367679902,STAR,M,-0.000345896893,22.25763811205765,22-23,39627782468144857,dark,DESI_DR1_V161,ZWARN0_DELTACHI2_GT25_ZCAT_PRIMARY
DESI001540,226.44953975383,31.171049692219,STAR,K,-0.000213654725,22.225792142689194,22-23,39628507432617044,dark,DESI_DR1_V161,ZWARN0_DELTACHI2_GT25_ZCAT_PRIMARY
DESI001541,225.268269644361,0.876590749447,STAR,K,-2.57894577e-06,22.418987032653195,22-23,39627812667130235,dark,DESI_DR1_V161,ZWARN0_DELTACHI2_GT25_ZCAT_PRIMARY
DESI001542,225.242008484553,31.406382526039,STAR,M,-0.000243278956,22.416249618935254,22-23,39628512579030041,dark,DESI_DR1_V161,ZWARN0_DELTACHI2_GT25_ZCAT_PRIMARY
DESI001543,225.438792964548,27.746026215222,STAR,M,3.12605739e-05,22.388915205967233,22-23,39628433726112078,dark,DESI_DR1_V161,ZWARN0_DELTACHI2_GT25_ZCAT_PRIMARY
DESI001544,225.934749787244,6.230581469245,STAR,M,-0.000176219167,22.966835014536198,22-23,39627939305755256,dark,DESI_DR1_V161,ZWARN0_DELTACHI2_GT25_ZCAT_PRIMARY
DESI001545,225.13830576046,-6.569692617276,STAR,K,0.000196276164,22.909167553077488,22-23,39627631699693747,dark,DESI_DR1_V161,ZWARN0_DELTACHI2_GT25_ZCAT_PRIMARY
DESI001546,226.521967760968,-3.880022488804,STAR,G,1.64073376e-05,22.448578912996595,22-23,39627691917316238,dark,DESI_DR1_V161,ZWARN0_DELTACHI2_GT25_ZCAT_PRIMARY
DESI001547,226.83285036602,8.926531618483,STAR,M,-0.00013470357,22.204917177928582,22-23,39628005227627726,dark,DESI_DR1_V161,ZWARN0_DELTACHI2_GT25_ZCAT_PRIMARY
DESI001548,225.400844593891,-4.158055634589,STAR,M,-3.49293662e-05,22.71045475671463,22-23,39627685869128153,dark,DESI_DR1_V161,ZWARN0_DELTACHI2_GT25_ZCAT_PRIMARY
DESI001549,225.580317375814,31.617809251098,STAR,M,-0.00128034349,22.83542116517785,22-23,39628512583225233,dark,DESI_DR1_V161,ZWARN0_DELTACHI2_GT25_ZCAT_PRIMARY
DESI001550,226.15484825563,35.059697992868,STAR,WD,0.00095092469,22.200310331924154,22-23,39632981479917670,dark,DESI_DR1_V161,ZWARN0_DELTACHI2_GT25_ZCAT_PRIMARY
DESI001551,332.242513709672,-0.618646327907,STAR,G,-0.00115108363,22.084531772381883,22-23,39627778219319679,dark,DESI_DR1_V161,ZWARN0_DELTACHI2_GT25_ZCAT_PRIMARY
DESI001552,332.498313967804,25.719428859909,STAR,M,-0.000132046775,22.630583942980817,22-23,39628392131203289,dark,DESI_DR1_V161,ZWARN0_DELTACHI2_GT25_ZCAT_PRIMARY
DESI001553,331.570961048628,28.600292885163,STAR,M,-0.000748291384,22.114952472613908,22-23,39628451291862978,dark,DESI_DR1_V161,ZWARN0_DELTACHI2_GT25_ZCAT_PRIMARY
DESI001554,332.549414809871,19.650446245864,STAR,M,3.80750912e-05,22.94654866495883,22-23,39628258400012653,bright,DESI_DR1_V161,ZWARN0_DELTACHI2_GT25_ZCAT_PRIMARY
DESI001555,330.309990022356,20.38423211676,STAR,K,-0.000109008301,22.06068425403517,22-23,39628275395334390,dark,DESI_DR1_V161,ZWARN0_DELTACHI2_GT25_ZCAT_PRIMARY
DESI001556,330.791567671142,0.014358958101,STAR,M,-0.000219158608,22.289685838050133,22-23,39627790277936692,dark,DESI_DR1_V161,ZWARN0_DELTACHI2_GT25_ZCAT_PRIMARY
DESI001557,332.890322416229,-0.990964037978,STAR,M,-0.000869469027,22.812789912284874,22-23,39627766152303110,dark,DESI_DR1_V161,ZWARN0_DELTACHI2_GT25_ZCAT_PRIMARY
DESI001558,331.371546831672,2.734665503429,STAR,M,8.00001482e-05,22.159007241522378,22-23,39627856724102239,dark,DESI_DR1_V161,ZWARN0_DELTACHI2_GT25_ZCAT_PRIMARY
DESI001559,330.276804164368,4.791152240829,STAR,M,-0.000390210802,22.069799552149355,22-23,39627904950208963,dark,DESI_DR1_V161,ZWARN0_DELTACHI2_GT25_ZCAT_PRIMARY
DESI001560,332.603118474329,25.075820219474,STAR,K,-0.000467854964,22.323529399786146,22-23,39628375748250022,dark,DESI_DR1_V161,ZWARN0_DELTACHI2_GT25_ZCAT_PRIMARY
DESI001561,330.867384762296,15.491162149595,STAR,M,-7.24383265e-05,22.015887792075404,22-23,39628160442043952,dark,DESI_DR1_V161,ZWARN0_DELTACHI2_GT25_ZCAT_PRIMARY
DESI001562,332.825207030372,-8.323137051611,STAR,M,-0.000231546454,22.8220297810604,22-23,39627591514065151,dark,DESI_DR1_V161,ZWARN0_DELTACHI2_GT25_ZCAT_PRIMARY
DESI001563,331.022484622202,29.128345849282,STAR,M,-0.000171697753,22.35790931722668,22-23,39628467158913827,dark,DESI_DR1_V161,ZWARN0_DELTACHI2_GT25_ZCAT_PRIMARY
DESI001564,332.851199521079,-11.859242757322,STAR,M,8.64164194e-05,22.72389792167949,22-23,39627508143885214,dark,DESI_DR1_V161,ZWARN0_DELTACHI2_GT25_ZCAT_PRIMARY
DESI001565,332.650846254163,-5.404958172907,STAR,K,3.33767052e-06,22.622832446915183,22-23,39627657544991165,dark,DESI_DR1_V161,ZWARN0_DELTACHI2_GT25_ZCAT_PRIMARY
DESI001566,331.557895605984,19.780608783749,STAR,WD,0.000475510273,22.119263847090828,22-23,39628258383237660,dark,DESI_DR1_V161,ZWARN0_DELTACHI2_GT25_ZCAT_PRIMARY
DESI001567,330.255382366804,4.786697725178,STAR,M,-0.000176560761,22.969746325584833,22-23,39627904950208466,dark,DESI_DR1_V161,ZWARN0_DELTACHI2_GT25_ZCAT_PRIMARY
DESI001568,330.970818203718,4.018195209305,STAR,M,-3.92371016e-05,22.9616252090207,22-23,39627886885339430,dark,DESI_DR1_V161,ZWARN0_DELTACHI2_GT25_ZCAT_PRIMARY
DESI001569,332.235467412519,12.51091980573,STAR,M,-0.000575366317,22.28032471827436,22-23,39628090095175649,dark,DESI_DR1_V161,ZWARN0_DELTACHI2_GT25_ZCAT_PRIMARY
DESI001570,332.808036999259,-0.547245876319,STAR,M,-4.08965692e-05,22.54369101656986,22-23,39627778231896219,dark,DESI_DR1_V161,ZWARN0_DELTACHI2_GT25_ZCAT_PRIMARY
DESI001571,331.236507677433,0.451656091254,STAR,WD,0.00037966969,22.015012254352442,22-23,39627802361733993,dark,DESI_DR1_V161,ZWARN0_DELTACHI2_GT25_ZCAT_PRIMARY
DESI001572,330.270285198079,4.731192673256,STAR,M,-0.000105653036,22.492782184259237,22-23,39627904950208811,dark,DESI_DR1_V161,ZWARN0_DELTACHI2_GT25_ZCAT_PRIMARY
DESI001573,332.222221995946,0.313601456432,STAR,M,2.46983517e-05,22.37410861995421,22-23,39627796338712785,dark,DESI_DR1_V161,ZWARN0_DELTACHI2_GT25_ZCAT_PRIMARY
DESI001574,330.750355880631,-5.976513188148,STAR,M,9.91584886e-05,22.349899409242965,22-23,39627645482175067,dark,DESI_DR1_V161,ZWARN0_DELTACHI2_GT25_ZCAT_PRIMARY
DESI001575,331.822023823566,13.020208552359,STAR,M,1.56503072e-05,22.886684262913885,22-23,39628101876974366,dark,DESI_DR1_V161,ZWARN0_DELTACHI2_GT25_ZCAT_PRIMARY
DESI001576,330.404425010874,4.802601500008,STAR,K,-0.000683492115,22.441858559626063,22-23,39627904950211857,dark,DESI_DR1_V161,ZWARN0_DELTACHI2_GT25_ZCAT_PRIMARY
DESI001577,332.493447563588,0.09281668581,STAR,M,-9.07324033e-06,22.635157263427967,22-23,39627790303109130,dark,DESI_DR1_V161,ZWARN0_DELTACHI2_GT25_ZCAT_PRIMARY
DESI001578,331.864041018261,29.419445583419,STAR,K,-6.26462618e-05,22.844494090110693,22-23,39628472439543227,dark,DESI_DR1_V161,ZWARN0_DELTACHI2_GT25_ZCAT_PRIMARY
DESI001579,331.250217832266,3.503541072967,STAR,M,5.48711904e-05,22.565836732905893,22-23,39627874826715809,dark,DESI_DR1_V161,ZWARN0_DELTACHI2_GT25_ZCAT_PRIMARY
DESI001580,332.321781904816,3.107189481294,STAR,M,7.93754508e-06,22.583544058230395,22-23,39627862780675242,dark,DESI_DR1_V161,ZWARN0_DELTACHI2_GT25_ZCAT_PRIMARY
DESI001581,331.342634518447,5.020722959779,STAR,M,-5.29636006e-05,22.207617706553094,22-23,39627910990008088,dark,DESI_DR1_V161,ZWARN0_DELTACHI2_GT25_ZCAT_PRIMARY
DESI001582,331.43848290537,-1.611883791287,STAR,M,5.85848696e-05,22.810322023181584,22-23,39627754047542520,dark,DESI_DR1_V161,ZWARN0_DELTACHI2_GT25_ZCAT_PRIMARY
DESI001583,331.973325064137,-4.77284949108,STAR,M,-4.54037642e-06,22.595420157854516,22-23,39627675601470590,dark,DESI_DR1_V161,ZWARN0_DELTACHI2_GT25_ZCAT_PRIMARY
DESI001584,331.275290236627,28.701562533224,STAR,K,-0.000299515299,22.3053089891018,22-23,39637252686480580,dark,DESI_DR1_V161,ZWARN0_DELTACHI2_GT25_ZCAT_PRIMARY
DESI001585,331.677909938795,-0.391235251591,STAR,M,-0.000233413527,22.318649223069748,22-23,39627778210928309,dark,DESI_DR1_V161,ZWARN0_DELTACHI2_GT25_ZCAT_PRIMARY
DESI001586,330.775219396538,0.025139677351,STAR,M,6.93764609e-05,22.338967350281056,22-23,39627790277936135,dark,DESI_DR1_V161,ZWARN0_DELTACHI2_GT25_ZCAT_PRIMARY
DESI001587,333.018449228709,24.987190866523,STAR,M,-0.000101207713,22.156662203786553,22-23,39628375752446997,dark,DESI_DR1_V161,ZWARN0_DELTACHI2_GT25_ZCAT_PRIMARY
DESI001588,332.19791484029,12.593231176335,STAR,M,-0.000210345973,22.797537523783117,22-23,39628090095174939,dark,DESI_DR1_V161,ZWARN0_DELTACHI2_GT25_ZCAT_PRIMARY
DESI001589,331.707430754466,-0.327322790377,STAR,M,0.000141350234,22.8738194061967,22-23,39627784250726209,dark,DESI_DR1_V161,ZWARN0_DELTACHI2_GT25_ZCAT_PRIMARY
DESI001590,331.818347852827,10.815164057691,STAR,M,2.72281777e-05,22.673494575258683,22-23,39628048647062288,dark,DESI_DR1_V161,ZWARN0_DELTACHI2_GT25_ZCAT_PRIMARY
DESI001591,332.874706718207,27.560031354186,STAR,K,4.28858537e-05,22.357023806388256,22-23,39628429968018973,dark,DESI_DR1_V161,ZWARN0_DELTACHI2_GT25_ZCAT_PRIMARY
DESI001592,330.188690082044,26.448664150991,STAR,M,-0.000331185555,22.743156193485515,22-23,39628408384127140,dark,DESI_DR1_V161,ZWARN0_DELTACHI2_GT25_ZCAT_PRIMARY
DESI001593,332.226860621157,-0.373017632018,STAR,K,-0.000467766338,22.163489557570287,22-23,39627784259116535,dark,DESI_DR1_V161,ZWARN0_DELTACHI2_GT25_ZCAT_PRIMARY
DESI001594,330.64766811066,0.037498953288,STAR,M,-0.000150959157,22.51954660383073,22-23,39627790273746024,dark,DESI_DR1_V161,ZWARN0_DELTACHI2_GT25_ZCAT_PRIMARY
DESI001595,332.163778028028,12.395619380754,STAR,M,-0.00061181982,22.89668893723559,22-23,39628090095174315,dark,DESI_DR1_V161,ZWARN0_DELTACHI2_GT25_ZCAT_PRIMARY
DESI001596,332.495220725599,25.296183835101,STAR,M,-7.90147426e-05,22.42818562634338,22-23,39628381217622089,dark,DESI_DR1_V161,ZWARN0_DELTACHI2_GT25_ZCAT_PRIMARY
DESI001597,331.547126667843,-0.307896225587,STAR,K,7.62377418e-05,22.70893224893795,22-23,39627784250721925,dark,DESI_DR1_V161,ZWARN0_DELTACHI2_GT25_ZCAT_PRIMARY
DESI001598,332.179406986745,27.240062703242,STAR,M,-6.85781925e-05,22.75429802626564,22-23,39628424586730191,dark,DESI_DR1_V161,ZWARN0_DELTACHI2_GT25_ZCAT_PRIMARY
DESI001599,331.57528412693,3.11447018072,STAR,M,-0.000226995795,22.860699487412187,22-23,39627862768092891,dark,DESI_DR1_V161,ZWARN0_DELTACHI2_GT25_ZCAT_PRIMARY
DESI001600,330.790598174537,17.51407464214,STAR,M,3.69129872e-05,22.878969852013125,22-23,39628206801684402,dark,DESI_DR1_V161,ZWARN0_DELTACHI2_GT25_ZCAT_PRIMARY
DESI001601,5.005834460122,-3.600766766165,GALAXY,,0.255171151,18.835242254566744,18-20,39627700268179416,bright,DESI_DR1_V161,ZWARN0_DELTACHI2_GT25_ZCAT_PRIMARY
DESI001602,5.019227358149,29.487616241161,GALAXY,,0.0736734886,18.797813338779058,18-20,39628467658033795,bright,DESI_DR1_V161,ZWARN0_DELTACHI2_GT25_ZCAT_PRIMARY
DESI001603,5.018489824503,-7.614466530732,GALAXY,,0.434356587,18.79054337528426,18-20,39627604025678303,dark,DESI_DR1_V161,ZWARN0_DELTACHI2_GT25_ZCAT_PRIMARY
DESI001604,5.000243775757,29.24391668466,GALAXY,,0.339236907,19.197179868578182,18-20,39628462381599013,bright,DESI_DR1_V161,ZWARN0_DELTACHI2_GT25_ZCAT_PRIMARY
DESI001605,5.005521938749,10.589214408187,GALAXY,,0.163518846,19.485967462659932,18-20,39628037305667150,bright,DESI_DR1_V161,ZWARN0_DELTACHI2_GT25_ZCAT_PRIMARY
DESI001606,5.001142408045,3.856342991019,GALAXY,,0.26854208,19.442019714693913,18-20,39627875388760569,bright,DESI_DR1_V161,ZWARN0_DELTACHI2_GT25_ZCAT_PRIMARY
DESI001607,5.000043749604,13.189139660463,GALAXY,,0.0911469813,19.542160062706547,18-20,39628102418041077,bright,DESI_DR1_V161,ZWARN0_DELTACHI2_GT25_ZCAT_PRIMARY
DESI001608,5.002423676031,6.751445615916,GALAXY,,0.179625926,19.066354480215693,18-20,39627947631448595,bright,DESI_DR1_V161,ZWARN0_DELTACHI2_GT25_ZCAT_PRIMARY
DESI001609,5.024277092298,28.922824163532,GALAXY,,0.0924929518,19.754654508268978,18-20,39628457088388955,bright,DESI_DR1_V161,ZWARN0_DELTACHI2_GT25_ZCAT_PRIMARY
DESI001610,5.015658348438,24.177573185131,GALAXY,,0.210393056,19.276534934245614,18-20,39628354239858214,bright,DESI_DR1_V161,ZWARN0_DELTACHI2_GT25_ZCAT_PRIMARY
DESI001611,5.009152230287,-2.412190336898,GALAXY,,0.380626617,19.259187302209167,18-20,39627724414779697,bright,DESI_DR1_V161,ZWARN0_DELTACHI2_GT25_ZCAT_PRIMARY
DESI001612,5.023988775603,2.61606844589,GALAXY,,0.263787416,19.463963405457335,18-20,39627845210735450,bright,DESI_DR1_V161,ZWARN0_DELTACHI2_GT25_ZCAT_PRIMARY
DESI001613,5.000573615081,1.348070427194,GALAXY,,0.322448838,19.407423183748683,18-20,39627815011745890,bright,DESI_DR1_V161,ZWARN0_DELTACHI2_GT25_ZCAT_PRIMARY
DESI001614,5.006191738703,23.161437666369,GALAXY,,0.100450932,18.48863031622983,18-20,39628332068768010,bright,DESI_DR1_V161,ZWARN0_DELTACHI2_GT25_ZCAT_PRIMARY
DESI001615,5.021583885258,-1.162062398025,GALAXY,,0.0578821568,18.345629147880935,18-20,39627754613769047,bright,DESI_DR1_V161,ZWARN0_DELTACHI2_GT25_ZCAT_PRIMARY
DESI001616,5.023154962695,-1.726522116299,GALAXY,,0.348615745,18.797024270630374,18-20,39627742534173458,dark,DESI_DR1_V161,ZWARN0_DELTACHI2_GT25_ZCAT_PRIMARY
DESI001617,5.006297470228,11.234778080182,GALAXY,,0.331016673,19.449343954267942,18-20,39628055131458409,bright,DESI_DR1_V161,ZWARN0_DELTACHI2_GT25_ZCAT_PRIMARY
DESI001618,5.015136442666,8.943317115779,GALAXY,,0.403194566,19.515290126352003,18-20,39628001545031452,bright,DESI_DR1_V161,ZWARN0_DELTACHI2_GT25_ZCAT_PRIMARY
DESI001619,5.022994584209,10.500092539592,GALAXY,,0.491952205,19.917074142199887,18-20,39628037305667499,dark,DESI_DR1_V161,ZWARN0_DELTACHI2_GT25_ZCAT_PRIMARY
DESI001620,5.003488302422,7.127724243961,GALAXY,,0.267518248,19.555185270523616,18-20,39627959635546232,bright,DESI_DR1_V161,ZWARN0_DELTACHI2_GT25_ZCAT_PRIMARY
DESI001621,5.007865509741,23.328733031719,GALAXY,,0.158190754,19.48302972586937,18-20,39628332068768044,bright,DESI_DR1_V161,ZWARN0_DELTACHI2_GT25_ZCAT_PRIMARY
DESI001622,5.008417411869,4.629230653754,GALAXY,,0.127611375,19.064417206212415,18-20,39627899506007023,bright,DESI_DR1_V161,ZWARN0_DELTACHI2_GT25_ZCAT_PRIMARY
DESI001623,5.022007998028,4.404895374953,GALAXY,,0.174728205,18.860581682895116,18-20,39627893487173867,bright,DESI_DR1_V161,ZWARN0_DELTACHI2_GT25_ZCAT_PRIMARY
DESI001624,5.017849348704,14.982551415641,GALAXY,,0.455052728,19.629998088158914,18-20,39628143488666178,dark,DESI_DR1_V161,ZWARN0_DELTACHI2_GT25_ZCAT_PRIMARY
DESI001625,5.005280628512,28.858371864805,GALAXY,,0.49120389,19.513360384744065,18-20,39628451786788066,bright,DESI_DR1_V161,ZWARN0_DELTACHI2_GT25_ZCAT_PRIMARY
DESI001626,5.001615834924,28.715636972492,GALAXY,,0.199675457,18.80145765681351,18-20,39628451786788002,bright,DESI_DR1_V161,ZWARN0_DELTACHI2_GT25_ZCAT_PRIMARY
DESI001627,5.026318093049,10.30993369916,GALAXY,,0.372239739,19.109643634500223,18-20,39628031358144375,bright,DESI_DR1_V161,ZWARN0_DELTACHI2_GT25_ZCAT_PRIMARY
DESI001628,5.012779025055,-9.543874012237,GALAXY,,0.359033554,19.130436221456335,18-20,39627556210610231,dark,DESI_DR1_V161,ZWARN0_DELTACHI2_GT25_ZCAT_PRIMARY
DESI001629,5.011897828682,-11.507460223667,GALAXY,,0.451637052,19.60693245530647,18-20,39627508672367815,dark,DESI_DR1_V161,ZWARN0_DELTACHI2_GT25_ZCAT_PRIMARY
DESI001630,5.021117082948,1.263615889908,GALAXY,,0.252816114,18.343133744718678,18-20,39627815011746580,bright,DESI_DR1_V161,ZWARN0_DELTACHI2_GT25_ZCAT_PRIMARY
DESI001631,5.00333798456,28.668391310355,GALAXY,,0.0971626174,18.11113032783723,18-20,39628451786788025,bright,DESI_DR1_V161,ZWARN0_DELTACHI2_GT25_ZCAT_PRIMARY
DESI001632,5.00877025352,10.27842270233,GALAXY,,0.117651377,19.831439372487328,18-20,39628031358144051,bright,DESI_DR1_V161,ZWARN0_DELTACHI2_GT25_ZCAT_PRIMARY
DESI001633,5.004366904882,28.594543344151,GALAXY,,0.1590874,18.75641107715138,18-20,39628446468410579,bright,DESI_DR1_V161,ZWARN0_DELTACHI2_GT25_ZCAT_PRIMARY
DESI001634,5.0066560233,10.553564792421,GALAXY,,0.174820713,19.37761596126073,18-20,39628037305667171,bright,DESI_DR1_V161,ZWARN0_DELTACHI2_GT25_ZCAT_PRIMARY
DESI001635,5.001212300695,8.800009327069,GALAXY,,0.301422772,19.4511434650285,18-20,39627995572341853,bright,DESI_DR1_V161,ZWARN0_DELTACHI2_GT25_ZCAT_PRIMARY
DESI001636,5.017826478593,29.776859882665,GALAXY,,0.0454119248,19.39120192880329,18-20,39628472926079483,bright,DESI_DR1_V161,ZWARN0_DELTACHI2_GT25_ZCAT_PRIMARY
DESI001637,5.016946791618,4.373029101766,GALAXY,,0.0809485169,18.718572484965808,18-20,39627887455764758,bright,DESI_DR1_V161,ZWARN0_DELTACHI2_GT25_ZCAT_PRIMARY
DESI001638,5.014702872325,-3.875769483881,GALAXY,,0.345509197,19.533513141160565,18-20,39627688209547590,bright,DESI_DR1_V161,ZWARN0_DELTACHI2_GT25_ZCAT_PRIMARY
DESI001639,5.025337888771,3.75045757517,GALAXY,,0.26864133,18.827821456840617,18-20,39627875392946878,bright,DESI_DR1_V161,ZWARN0_DELTACHI2_GT25_ZCAT_PRIMARY
DESI001640,5.014205887634,6.979732223627,GALAXY,,0.378167106,19.389845559650556,18-20,39627953637691564,bright,DESI_DR1_V161,ZWARN0_DELTACHI2_GT25_ZCAT_PRIMARY
DESI001641,5.002494820642,-3.528834029039,GALAXY,,0.2548354,19.170854877355403,18-20,39627700268179295,bright,DESI_DR1_V161,ZWARN0_DELTACHI2_GT25_ZCAT_PRIMARY
DESI001642,5.026151842774,8.96429538779,GALAXY,,0.108589831,19.76547431282065,18-20,39628001545031643,bright,DESI_DR1_V161,ZWARN0_DELTACHI2_GT25_ZCAT_PRIMARY
DESI001643,5.0056954897,2.393425305468,GALAXY,,0.20215259,19.866842791537312,18-20,39627845210734839,bright,DESI_DR1_V161,ZWARN0_DELTACHI2_GT25_ZCAT_PRIMARY
DESI001644,5.022719902653,13.150237689412,GALAXY,,0.311079317,19.096265921235812,18-20,39628102418041504,bright,DESI_DR1_V161,ZWARN0_DELTACHI2_GT25_ZCAT_PRIMARY
DESI001645,5.025824338255,6.102350785745,GALAXY,,0.23034417,18.59598555250594,18-20,39627929608519796,bright,DESI_DR1_V161,ZWARN0_DELTACHI2_GT25_ZCAT_PRIMARY
DESI001646,5.001438042885,4.291616062395,GALAXY,,0.353794339,18.016402408451217,18-20,39627887451577423,bright,DESI_DR1_V161,ZWARN0_DELTACHI2_GT25_ZCAT_PRIMARY
DESI001647,5.020248632228,-2.717572246237,GALAXY,,0.09922264,18.688464529143022,18-20,39627718374982285,bright,DESI_DR1_V161,ZWARN0_DELTACHI2_GT25_ZCAT_PRIMARY
DESI001648,5.010617079417,12.358494554044,GALAXY,,0.248345218,19.065559871574198,18-20,39628078820887306,bright,DESI_DR1_V161,ZWARN0_DELTACHI2_GT25_ZCAT_PRIMARY
DESI001649,5.002306392335,-0.844597679984,GALAXY,,0.188460953,18.957143165447857,18-20,39627766693363879,bright,DESI_DR1_V161,ZWARN0_DELTACHI2_GT25_ZCAT_PRIMARY
DESI001650,5.009218169528,28.54475318523,GALAXY,,0.238294853,19.086359598944128,18-20,39628446468410674,bright,DESI_DR1_V161,ZWARN0_DELTACHI2_GT25_ZCAT_PRIMARY
DESI001651,35.011272458751,6.558499021112,GALAXY,,0.221014457,18.199026970477867,18-20,39627942128518441,bright,DESI_DR1_V161,ZWARN0_DELTACHI2_GT25_ZCAT_PRIMARY
DESI001652,35.002169225316,-3.127029251938,GALAXY,,0.3687667,18.13234874733164,18-20,39627706802904143,bright,DESI_DR1_V161,ZWARN0_DELTACHI2_GT25_ZCAT_PRIMARY
DESI001653,35.005377451746,-5.891632452748,GALAXY,,0.342925901,19.592730590896956,18-20,39627640541286421,bright,DESI_DR1_V161,ZWARN0_DELTACHI2_GT25_ZCAT_PRIMARY
DESI001654,35.003601991616,2.327478224264,GALAXY,,0.204358135,18.78201614266655,18-20,39627839674253486,bright,DESI_DR1_V161,ZWARN0_DELTACHI2_GT25_ZCAT_PRIMARY
DESI001655,35.003466998191,30.473179440036,GALAXY,,0.420636786,19.89634063571474,18-20,39628489078346701,bright,DESI_DR1_V161,ZWARN0_DELTACHI2_GT25_ZCAT_PRIMARY
DESI001656,35.009690066954,27.678726296559,GALAXY,,-0.000143840752,18.131777404377857,18-20,39628430894957012,dark,DESI_DR1_V161,ZWARN0_DELTACHI2_GT25_ZCAT_PRIMARY
DESI001657,35.005580610058,-0.583046145275,GALAXY,,0.290702895,18.8497257812371,18-20,39627773236478179,bright,DESI_DR1_V161,ZWARN0_DELTACHI2_GT25_ZCAT_PRIMARY
DESI001658,35.004553750485,0.508863825302,GALAXY,,0.403366259,19.427094960392303,18-20,39627797395669246,bright,DESI_DR1_V161,ZWARN0_DELTACHI2_GT25_ZCAT_PRIMARY
DESI001659,35.009094658193,2.171037772689,GALAXY,,0.350840233,19.304339568641655,18-20,39627839674253688,bright,DESI_DR1_V161,ZWARN0_DELTACHI2_GT25_ZCAT_PRIMARY
DESI001660,35.00165829154,-0.145718016828,GALAXY,,0.292418609,19.48726665169229,18-20,39627779276275846,bright,DESI_DR1_V161,ZWARN0_DELTACHI2_GT25_ZCAT_PRIMARY
DESI001661,35.009071962582,8.465394597978,GALAXY,,0.240531032,19.501263419759514,18-20,39627990090386493,bright,DESI_DR1_V161,ZWARN0_DELTACHI2_GT25_ZCAT_PRIMARY
DESI001662,35.000165734516,-0.585342583384,GALAXY,,0.291564989,19.724847928889687,18-20,39627773236478019,bright,DESI_DR1_V161,ZWARN0_DELTACHI2_GT25_ZCAT_PRIMARY
DESI001663,35.000825397746,-1.283451269309,GALAXY,,0.26779609,19.071185150279458,18-20,39627755117084750,bright,DESI_DR1_V161,ZWARN0_DELTACHI2_GT25_ZCAT_PRIMARY
DESI001664,35.007282531172,-0.940804322321,GALAXY,,0.209083361,19.382726154743,18-20,39627761156882772,bright,DESI_DR1_V161,ZWARN0_DELTACHI2_GT25_ZCAT_PRIMARY
DESI001665,35.005002126585,-1.714194142153,GALAXY,,0.377439439,19.070557653092877,18-20,39627743037489390,bright,DESI_DR1_V161,ZWARN0_DELTACHI2_GT25_ZCAT_PRIMARY
DESI001666,35.005196068629,-3.552394478837,GALAXY,,0.180458253,19.244519129954742,18-20,39627700771495237,bright,DESI_DR1_V161,ZWARN0_DELTACHI2_GT25_ZCAT_PRIMARY
DESI001667,35.008071161126,-0.404400005227,GALAXY,,0.145685787,18.355627920933333,18-20,39627773236478267,bright,DESI_DR1_V161,ZWARN0_DELTACHI2_GT25_ZCAT_PRIMARY
DESI001668,35.008789270566,-6.307260940376,GALAXY,,0.236216077,18.937804071883132,18-20,39627634535041036,bright,DESI_DR1_V161,ZWARN0_DELTACHI2_GT25_ZCAT_PRIMARY
DESI001669,35.005326215665,-17.382186662841,GALAXY,,0.277329584,19.648824171710928,18-20,39627368783944292,bright,DESI_DR1_V161,ZWARN0_DELTACHI2_GT25_ZCAT_PRIMARY
DESI001670,35.010095388953,28.950834787578,GALAXY,,0.287044649,19.60254920280771,18-20,39628457528791225,bright,DESI_DR1_V161,ZWARN0_DELTACHI2_GT25_ZCAT_PRIMARY
DESI001671,35.000967575816,-0.056166685776,GALAXY,,0.28428847,19.766104359235612,18-20,39627785316073584,bright,DESI_DR1_V161,ZWARN0_DELTACHI2_GT25_ZCAT_PRIMARY
DESI001672,35.006539392052,2.645923725256,GALAXY,,0.239724551,19.98806841619769,18-20,39627851753849145,bright,DESI_DR1_V161,ZWARN0_DELTACHI2_GT25_ZCAT_PRIMARY
DESI001673,35.000408084258,0.341738622933,GALAXY,,0.272530198,19.69472255152304,18-20,39627791355871327,bright,DESI_DR1_V161,ZWARN0_DELTACHI2_GT25_ZCAT_PRIMARY
DESI001674,35.001553934523,29.037386276755,GALAXY,,0.41821315,19.57286483868014,18-20,39628457528791067,bright,DESI_DR1_V161,ZWARN0_DELTACHI2_GT25_ZCAT_PRIMARY
DESI001675,35.007886151911,31.412633134408,GALAXY,,0.207224707,19.802689468918615,18-20,39628509852732961,bright,DESI_DR1_V161,ZWARN0_DELTACHI2_GT25_ZCAT_PRIMARY
DESI001676,35.011630339546,10.144414479644,GALAXY,,0.122078935,18.411056923240658,18-20,39628031853072588,bright,DESI_DR1_V161,ZWARN0_DELTACHI2_GT25_ZCAT_PRIMARY
DESI001677,35.004750989764,2.661194413901,GALAXY,,0.319918043,18.55337046340452,18-20,39627851753849066,bright,DESI_DR1_V161,ZWARN0_DELTACHI2_GT25_ZCAT_PRIMARY
DESI001678,35.008010154758,12.197187738014,GALAXY,,0.256039408,19.002023221724293,18-20,39628079311622456,bright,DESI_DR1_V161,ZWARN0_DELTACHI2_GT25_ZCAT_PRIMARY
DESI001679,35.009556746463,-1.731220967318,GALAXY,,0.469251685,18.95049462620517,18-20,39627743037489574,bright,DESI_DR1_V161,ZWARN0_DELTACHI2_GT25_ZCAT_PRIMARY
DESI001680,35.009397294496,6.094179774892,GALAXY,,0.328520232,19.417300216195116,18-20,39627930107643988,bright,DESI_DR1_V161,ZWARN0_DELTACHI2_GT25_ZCAT_PRIMARY
DESI001681,35.010378030298,-3.204126949942,GALAXY,,0.328570771,19.3644094970797,18-20,39627706802904373,bright,DESI_DR1_V161,ZWARN0_DELTACHI2_GT25_ZCAT_PRIMARY
DESI001682,35.005575077762,2.493980555772,GALAXY,,0.193287635,19.632998322581496,18-20,39627845714051331,bright,DESI_DR1_V161,ZWARN0_DELTACHI2_GT25_ZCAT_PRIMARY
DESI001683,35.011368355645,9.691812835562,GALAXY,,0.214884761,18.927991134711966,18-20,39628019945439700,bright,DESI_DR1_V161,ZWARN0_DELTACHI2_GT25_ZCAT_PRIMARY
DESI001684,35.008515573766,3.325737525621,GALAXY,,0.232979961,19.095892857388353,18-20,39627863829257449,bright,DESI_DR1_V161,ZWARN0_DELTACHI2_GT25_ZCAT_PRIMARY
DESI001685,35.006644842411,0.383848736198,GALAXY,,0.0937836628,18.96597534077803,18-20,39627797395669332,bright,DESI_DR1_V161,ZWARN0_DELTACHI2_GT25_ZCAT_PRIMARY
DESI001686,35.005177979319,28.850087036473,GALAXY,,0.332093982,19.299499098494877,18-20,39628452227191265,bright,DESI_DR1_V161,ZWARN0_DELTACHI2_GT25_ZCAT_PRIMARY
DESI001687,35.008574292445,1.974854015772,GALAXY,,0.427438721,19.426076941567736,18-20,39627833634455883,bright,DESI_DR1_V161,ZWARN0_DELTACHI2_GT25_ZCAT_PRIMARY
DESI001688,35.002991221887,23.064628155421,GALAXY,,0.183279829,19.404000196207797,18-20,39628326964298391,bright,DESI_DR1_V161,ZWARN0_DELTACHI2_GT25_ZCAT_PRIMARY
DESI001689,35.008737119463,-0.890054806001,GALAXY,,0.247807517,19.683226960449748,18-20,39627761156882827,bright,DESI_DR1_V161,ZWARN0_DELTACHI2_GT25_ZCAT_PRIMARY
DESI001690,35.008898790153,1.661642869978,GALAXY,,0.349526586,19.515880840583097,18-20,39627827594658157,bright,DESI_DR1_V161,ZWARN0_DELTACHI2_GT25_ZCAT_PRIMARY
DESI001691,35.008696785993,2.429711027192,GALAXY,,0.318958519,19.811068731561463,18-20,39627845714051453,bright,DESI_DR1_V161,ZWARN0_DELTACHI2_GT25_ZCAT_PRIMARY
DESI001692,35.000045425558,-15.927638010143,GALAXY,,0.329901875,18.701591817047174,18-20,39627403508587155,bright,DESI_DR1_V161,ZWARN0_DELTACHI2_GT25_ZCAT_PRIMARY
DESI001693,35.007208573446,27.082035709101,GALAXY,,0.41347908,19.519738801152354,18-20,39628414759469371,bright,DESI_DR1_V161,ZWARN0_DELTACHI2_GT25_ZCAT_PRIMARY
DESI001694,35.001866359265,11.17931263726,GALAXY,,0.142548423,18.30334675148239,18-20,39628055626386673,bright,DESI_DR1_V161,ZWARN0_DELTACHI2_GT25_ZCAT_PRIMARY
DESI001695,35.003388393358,1.248182620961,GALAXY,,0.367829291,19.99594692113609,18-20,39627815515062435,bright,DESI_DR1_V161,ZWARN0_DELTACHI2_GT25_ZCAT_PRIMARY
DESI001696,35.002824942595,-7.135575597546,GALAXY,,0.429985336,19.745056958702275,18-20,39627610526843216,bright,DESI_DR1_V161,ZWARN0_DELTACHI2_GT25_ZCAT_PRIMARY
DESI001697,35.005600502648,4.275840473393,GALAXY,,0.174524962,19.084358301652568,18-20,39627887954892311,bright,DESI_DR1_V161,ZWARN0_DELTACHI2_GT25_ZCAT_PRIMARY
DESI001698,35.002094877282,22.00322301102,GALAXY,,0.0334329815,19.732212606655995,18-20,39628304596074871,bright,DESI_DR1_V161,ZWARN0_DELTACHI2_GT25_ZCAT_PRIMARY
DESI001699,35.006110551957,3.37029994472,GALAXY,,0.323712837,19.261786145224765,18-20,39627863829257357,bright,DESI_DR1_V161,ZWARN0_DELTACHI2_GT25_ZCAT_PRIMARY
DESI001700,35.00939350548,-3.673410991755,GALAXY,,0.430390509,19.392826846340075,18-20,39627694740085935,bright,DESI_DR1_V161,ZWARN0_DELTACHI2_GT25_ZCAT_PRIMARY
DESI001701,125.00208214887,9.052646334714,GALAXY,,0.379409044,18.774952722445416,18-20,39628003537324602,bright,DESI_DR1_V161,ZWARN0_DELTACHI2_GT25_ZCAT_PRIMARY
DESI001702,125.001311389204,43.425797178709,GALAXY,,0.558369162,19.81270303111659,18-20,39633139483545117,bright,DESI_DR1_V161,ZWARN0_DELTACHI2_GT25_ZCAT_PRIMARY
DESI001703,125.003731550875,57.799726469,GALAXY,,0.320769484,19.40563183504211,18-20,39633358338130292,bright,DESI_DR1_V161,ZWARN0_DELTACHI2_GT25_ZCAT_PRIMARY
DESI001704,125.00097095093,15.012762125731,GALAXY,,0.265347651,18.941774698613713,18-20,39628145434822524,bright,DESI_DR1_V161,ZWARN0_DELTACHI2_GT25_ZCAT_PRIMARY
DESI001705,125.000729412193,24.12030356176,GALAXY,,0.468453987,19.555689928795204,18-20,39628350553067625,dark,DESI_DR1_V161,ZWARN0_DELTACHI2_GT25_ZCAT_PRIMARY
DESI001706,125.000419152829,59.286110527222,GALAXY,,0.170309511,19.974589453989967,18-20,39633377380273357,bright,DESI_DR1_V161,ZWARN0_DELTACHI2_GT25_ZCAT_PRIMARY
DESI001707,125.004151836837,75.263921282565,GALAXY,,0.464357702,19.43887454010854,18-20,39633527620241260,dark,DESI_DR1_V161,ZWARN0_DELTACHI2_GT25_ZCAT_PRIMARY
DESI001708,125.011269505869,3.759210691047,GALAXY,,0.0722643172,19.3417444206341,18-20,39627877402020395,bright,DESI_DR1_V161,ZWARN0_DELTACHI2_GT25_ZCAT_PRIMARY
DESI001709,125.011327153661,3.171089708032,GALAXY,,0.256172203,19.609839219150338,18-20,39627865339201654,bright,DESI_DR1_V161,ZWARN0_DELTACHI2_GT25_ZCAT_PRIMARY
DESI001710,125.004938698914,11.449148057818,GALAXY,,0.285932009,18.76127097875516,18-20,39628063037720150,bright,DESI_DR1_V161,ZWARN0_DELTACHI2_GT25_ZCAT_PRIMARY
DESI001711,125.002124040306,9.768588362237,GALAXY,,0.321839121,19.910925430523903,18-20,39628021434417658,bright,DESI_DR1_V161,ZWARN0_DELTACHI2_GT25_ZCAT_PRIMARY
DESI001712,125.010560573684,4.51359276144,GALAXY,,0.174065356,18.07335221846202,18-20,39627895492054957,bright,DESI_DR1_V161,ZWARN0_DELTACHI2_GT25_ZCAT_PRIMARY
DESI001713,125.004547082832,82.924054182728,GALAXY,,0.170493253,19.22950168815923,18-20,39633563565426663,bright,DESI_DR1_V161,ZWARN0_DELTACHI2_GT25_ZCAT_PRIMARY
DESI001714,125.001040515807,3.026378289896,GALAXY,,0.40281651,19.84092551454347,18-20,39627859303596088,bright,DESI_DR1_V161,ZWARN0_DELTACHI2_GT25_ZCAT_PRIMARY
DESI001715,125.003684489556,8.38107313117,GALAXY,,0.200563866,19.46913140502997,18-20,39627991587750824,bright,DESI_DR1_V161,ZWARN0_DELTACHI2_GT25_ZCAT_PRIMARY
DESI001716,125.004945942099,14.324506542935,GALAXY,,0.104974965,19.47329428397009,18-20,39628127877466661,bright,DESI_DR1_V161,ZWARN0_DELTACHI2_GT25_ZCAT_PRIMARY
DESI001717,125.008906487529,31.964351753038,GALAXY,,0.380048674,19.050793679018096,18-20,39628521445785822,dark,DESI_DR1_V161,ZWARN0_DELTACHI2_GT25_ZCAT_PRIMARY
DESI001718,125.008102884373,11.582938285249,GALAXY,,0.291954514,19.91599836439153,18-20,39628063037720200,bright,DESI_DR1_V161,ZWARN0_DELTACHI2_GT25_ZCAT_PRIMARY
DESI001719,125.007933824427,11.541031160734,GALAXY,,0.292213252,19.015434858728735,18-20,39628063037720197,bright,DESI_DR1_V161,ZWARN0_DELTACHI2_GT25_ZCAT_PRIMARY
DESI001720,125.001194437715,23.76980892223,GALAXY,,0.433929609,19.352987901932465,18-20,39628345020778469,dark,DESI_DR1_V161,ZWARN0_DELTACHI2_GT25_ZCAT_PRIMARY
DESI001721,125.00605632997,20.115496675662,GALAXY,,0.335140424,19.580414888789484,18-20,39628260807545514,bright,DESI_DR1_V161,ZWARN0_DELTACHI2_GT25_ZCAT_PRIMARY
DESI001722,125.008551454549,74.754444053419,GALAXY,,0.229102057,19.395872356819726,18-20,39633524457736913,bright,DESI_DR1_V161,ZWARN0_DELTACHI2_GT25_ZCAT_PRIMARY
DESI001723,125.00474495514,14.30389585242,GALAXY,,0.173475194,19.180555752830305,18-20,39628127877466657,bright,DESI_DR1_V161,ZWARN0_DELTACHI2_GT25_ZCAT_PRIMARY
DESI001724,125.007240602646,15.931528007279,GALAXY,,0.393189641,19.230484656198126,18-20,39628168755152334,bright,DESI_DR1_V161,ZWARN0_DELTACHI2_GT25_ZCAT_PRIMARY
DESI001725,125.010775159828,53.275806984343,GALAXY,,0.269889362,19.676339225544055,18-20,39633296438594193,bright,DESI_DR1_V161,ZWARN0_DELTACHI2_GT25_ZCAT_PRIMARY
DESI001726,125.005593560713,19.31619392517,GALAXY,,0.124926482,19.443696537736198,18-20,39628243703173439,bright,DESI_DR1_V161,ZWARN0_DELTACHI2_GT25_ZCAT_PRIMARY
DESI001727,125.008019807435,31.549737365332,GALAXY,,0.137113946,18.056472821547857,18-20,39628511144575591,bright,DESI_DR1_V161,ZWARN0_DELTACHI2_GT25_ZCAT_PRIMARY
DESI001728,125.005341753879,8.571225011796,GALAXY,,0.204860778,19.541875229008518,18-20,39627991587750862,bright,DESI_DR1_V161,ZWARN0_DELTACHI2_GT25_ZCAT_PRIMARY
DESI001729,125.004617887142,14.730111561008,GALAXY,,0.0698946745,18.555716284506847,18-20,39628139592155402,bright,DESI_DR1_V161,ZWARN0_DELTACHI2_GT25_ZCAT_PRIMARY
DESI001730,125.002078886768,1.978568750904,GALAXY,,0.237545623,19.45414710429595,18-20,39627835144405108,bright,DESI_DR1_V161,ZWARN0_DELTACHI2_GT25_ZCAT_PRIMARY
DESI001731,125.010201669961,52.695526502368,GALAXY,,0.190778741,18.835442819541868,18-20,39633289132114770,bright,DESI_DR1_V161,ZWARN0_DELTACHI2_GT25_ZCAT_PRIMARY
DESI001732,125.007212549815,51.833523187129,GALAXY,,0.138280997,18.672795023109554,18-20,39633274267502306,bright,DESI_DR1_V161,ZWARN0_DELTACHI2_GT25_ZCAT_PRIMARY
DESI001733,125.002579357447,6.5381610262,GALAXY,,0.257284768,19.136354919084315,18-20,39627943630079281,bright,DESI_DR1_V161,ZWARN0_DELTACHI2_GT25_ZCAT_PRIMARY
DESI001734,125.011001740126,72.628542106987,GALAXY,,0.31086545,19.719912622066424,18-20,39633510784303183,bright,DESI_DR1_V161,ZWARN0_DELTACHI2_GT25_ZCAT_PRIMARY
DESI001735,125.00468574542,5.239961622253,GALAXY,,0.371596575,19.304036406209118,18-20,39627913561116478,dark,DESI_DR1_V161,ZWARN0_DELTACHI2_GT25_ZCAT_PRIMARY
DESI001736,125.006088647078,8.932481056337,GALAXY,,0.14236364,18.358240792842796,18-20,39628003537324687,bright,DESI_DR1_V161,ZWARN0_DELTACHI2_GT25_ZCAT_PRIMARY
DESI001737,125.002692783054,3.862898112466,GALAXY,,0.409224528,19.719954565865265,18-20,39627877402020151,bright,DESI_DR1_V161,ZWARN0_DELTACHI2_GT25_ZCAT_PRIMARY
DESI001738,125.002522548111,20.716062637938,GALAXY,,0.469480951,19.26700809545767,18-20,39628277828026705,bright,DESI_DR1_V161,ZWARN0_DELTACHI2_GT25_ZCAT_PRIMARY
DESI001739,125.005084249857,2.522657443445,GALAXY,,0.359843595,19.17040471803906,18-20,39627847224000673,bright,DESI_DR1_V161,ZWARN0_DELTACHI2_GT25_ZCAT_PRIMARY
DESI001740,125.005399336235,76.636878135193,GALAXY,,0.268002303,19.505496502345487,18-20,39633536499584613,bright,DESI_DR1_V161,ZWARN0_DELTACHI2_GT25_ZCAT_PRIMARY
DESI001741,125.004962737145,21.27387538,GALAXY,,0.22380912,18.975302389032677,18-20,39628289119096406,bright,DESI_DR1_V161,ZWARN0_DELTACHI2_GT25_ZCAT_PRIMARY
DESI001742,125.000882050588,4.16701956305,GALAXY,,0.379316199,19.780147361112245,18-20,39627889464837884,bright,DESI_DR1_V161,ZWARN0_DELTACHI2_GT25_ZCAT_PRIMARY
DESI001743,125.004421596243,45.807623137047,GALAXY,,0.385946677,19.51886712431386,18-20,39633178326990930,dark,DESI_DR1_V161,ZWARN0_DELTACHI2_GT25_ZCAT_PRIMARY
DESI001744,125.006773137277,11.761031932458,GALAXY,,0.174445944,18.436119567564784,18-20,39628068960077267,bright,DESI_DR1_V161,ZWARN0_DELTACHI2_GT25_ZCAT_PRIMARY
DESI001745,125.005804254215,26.57238434229,GALAXY,,0.336981816,19.337300657792294,18-20,39628405292927853,bright,DESI_DR1_V161,ZWARN0_DELTACHI2_GT25_ZCAT_PRIMARY
DESI001746,125.010378917522,9.842751388643,GALAXY,,0.121279105,19.953311153759984,18-20,39628021434417883,dark,DESI_DR1_V161,ZWARN0_DELTACHI2_GT25_ZCAT_PRIMARY
DESI001747,125.004358714831,5.267742362779,GALAXY,,0.0678516287,18.95445813787031,18-20,39627913561116471,bright,DESI_DR1_V161,ZWARN0_DELTACHI2_GT25_ZCAT_PRIMARY
DESI001748,125.006711530505,3.207010717187,GALAXY,,0.257193992,19.362566946595614,18-20,39627865339201520,bright,DESI_DR1_V161,ZWARN0_DELTACHI2_GT25_ZCAT_PRIMARY
DESI001749,125.001730242015,13.751102108605,GALAXY,,0.349703073,19.94647885231827,18-20,39628116145996466,dark,DESI_DR1_V161,ZWARN0_DELTACHI2_GT25_ZCAT_PRIMARY
DESI001750,125.009843951433,14.449731945418,GALAXY,,0.385106071,19.71265562602226,18-20,39628133736910610,bright,DESI_DR1_V161,ZWARN0_DELTACHI2_GT25_ZCAT_PRIMARY
DESI001751,150.004117494835,6.964512030104,GALAXY,,0.222196892,18.947039412107593,18-20,39627956053610852,bright,DESI_DR1_V161,ZWARN0_DELTACHI2_GT25_ZCAT_PRIMARY
DESI001752,150.001895015216,65.048908804111,GALAXY,,0.398166221,19.494671866822983,18-20,39633442933047323,bright,DESI_DR1_V161,ZWARN0_DELTACHI2_GT25_ZCAT_PRIMARY
DESI001753,150.008767171924,3.149998141821,GALAXY,,0.131693445,18.879571909127,18-20,39627865758631124,bright,DESI_DR1_V161,ZWARN0_DELTACHI2_GT25_ZCAT_PRIMARY
DESI001754,150.002882284339,1.434973764718,GALAXY,,0.361620013,19.475187530036983,18-20,39627823484239963,dark,DESI_DR1_V161,ZWARN0_DELTACHI2_GT25_ZCAT_PRIMARY
DESI001755,150.005564353021,4.474728758926,GALAXY,,0.250500948,19.567296686190733,18-20,39627895911482864,bright,DESI_DR1_V161,ZWARN0_DELTACHI2_GT25_ZCAT_PRIMARY
DESI001756,150.000258601281,13.859042241979,GALAXY,,0.388417526,19.300068787571433,18-20,39628116552844839,dark,DESI_DR1_V161,ZWARN0_DELTACHI2_GT25_ZCAT_PRIMARY
DESI001757,150.002593988627,-4.758808976262,GALAXY,,0.24676641,19.98320396013728,18-20,39627672556406557,bright,DESI_DR1_V161,ZWARN0_DELTACHI2_GT25_ZCAT_PRIMARY
DESI001758,150.004177005507,10.915215732338,GALAXY,,0.260581533,18.70878716758096,18-20,39628051587268714,dark,DESI_DR1_V161,ZWARN0_DELTACHI2_GT25_ZCAT_PRIMARY
DESI001759,150.008030236357,60.082539347816,GALAXY,,0.378735846,19.187550879684686,18-20,39633386813262367,bright,DESI_DR1_V161,ZWARN0_DELTACHI2_GT25_ZCAT_PRIMARY
DESI001760,150.008653386114,10.048548236256,GALAXY,,0.365156071,18.994105773621126,18-20,39628027801374087,bright,DESI_DR1_V161,ZWARN0_DELTACHI2_GT25_ZCAT_PRIMARY
DESI001761,150.004745060018,21.657956009453,GALAXY,,0.436938392,19.822063042168434,18-20,39628300770871171,bright,DESI_DR1_V161,ZWARN0_DELTACHI2_GT25_ZCAT_PRIMARY
DESI001762,150.003556747316,14.467248625084,GALAXY,,0.204112706,19.440416806909194,18-20,39628134143757209,bright,DESI_DR1_V161,ZWARN0_DELTACHI2_GT25_ZCAT_PRIMARY
DESI001763,150.004901027493,2.344818547575,GALAXY,,0.425372213,19.76639325274258,18-20,39627841603633356,bright,DESI_DR1_V161,ZWARN0_DELTACHI2_GT25_ZCAT_PRIMARY
DESI001764,150.000353093095,1.978571184961,GALAXY,,0.0802269218,18.117289654961557,18-20,39627835563835446,bright,DESI_DR1_V161,ZWARN0_DELTACHI2_GT25_ZCAT_PRIMARY
DESI001765,150.005177242142,77.773044103216,GALAXY,,0.165576822,19.22631849837133,18-20,39633542010897007,bright,DESI_DR1_V161,ZWARN0_DELTACHI2_GT25_ZCAT_PRIMARY
DESI001766,150.006331136947,27.415290900588,GALAXY,,0.612293525,19.15955136640639,18-20,39628427241719580,bright,DESI_DR1_V161,ZWARN0_DELTACHI2_GT25_ZCAT_PRIMARY
DESI001767,150.004309029718,14.300456809432,GALAXY,,0.305097596,19.958492481016965,18-20,39628128284313772,bright,DESI_DR1_V161,ZWARN0_DELTACHI2_GT25_ZCAT_PRIMARY
DESI001768,150.007611305129,20.552761141026,GALAXY,,0.412893711,19.99125173332112,18-20,39628272559983142,bright,DESI_DR1_V161,ZWARN0_DELTACHI2_GT25_ZCAT_PRIMARY
DESI001769,150.001104760444,58.978656188475,GALAXY,,0.246164698,19.369087286217372,18-20,39633374477814874,bright,DESI_DR1_V161,ZWARN0_DELTACHI2_GT25_ZCAT_PRIMARY
DESI001770,150.008984316901,-6.196384191817,GALAXY,,0.0986595694,19.088997776875786,18-20,39627636451839645,bright,DESI_DR1_V161,ZWARN0_DELTACHI2_GT25_ZCAT_PRIMARY
DESI001771,150.004010776929,-6.873590851535,GALAXY,,0.55248379,19.36048048767357,18-20,39627624439352717,dark,DESI_DR1_V161,ZWARN0_DELTACHI2_GT25_ZCAT_PRIMARY
DESI001772,150.00033573976,57.388920785352,GALAXY,,0.0792567949,19.211806401320473,18-20,39633355309843096,bright,DESI_DR1_V161,ZWARN0_DELTACHI2_GT25_ZCAT_PRIMARY
DESI001773,150.007366948108,-8.565482089745,GALAXY,,0.232580723,19.7934135067431,18-20,39627582496310162,bright,DESI_DR1_V161,ZWARN0_DELTACHI2_GT25_ZCAT_PRIMARY
DESI001774,150.004709913132,2.901036738815,GALAXY,,0.248648814,19.870199843789095,18-20,39627859723026595,bright,DESI_DR1_V161,ZWARN0_DELTACHI2_GT25_ZCAT_PRIMARY
DESI001775,150.005239103431,-6.605777716424,GALAXY,,0.156198733,19.894388386502882,18-20,39627630445596475,bright,DESI_DR1_V161,ZWARN0_DELTACHI2_GT25_ZCAT_PRIMARY
DESI001776,150.000852036534,1.005129326222,GALAXY,,0.130314877,18.909911593480327,18-20,39627811404644404,bright,DESI_DR1_V161,ZWARN0_DELTACHI2_GT25_ZCAT_PRIMARY
DESI001777,150.008876096907,42.463878689685,GALAXY,,0.291348972,19.653335563830833,18-20,39633122068792988,bright,DESI_DR1_V161,ZWARN0_DELTACHI2_GT25_ZCAT_PRIMARY
DESI001778,150.00631566067,0.132966316591,GALAXY,,0.379763441,19.028610322589262,18-20,39627793285251258,dark,DESI_DR1_V161,ZWARN0_DELTACHI2_GT25_ZCAT_PRIMARY
DESI001779,150.005727290699,-4.547465731412,GALAXY,,0.121703293,18.554046732833108,18-20,39627678579427107,bright,DESI_DR1_V161,ZWARN0_DELTACHI2_GT25_ZCAT_PRIMARY
DESI001780,150.008721021299,41.843800444654,GALAXY,,0.30335552,18.906499667841533,18-20,39633108579910456,bright,DESI_DR1_V161,ZWARN0_DELTACHI2_GT25_ZCAT_PRIMARY
DESI001781,150.007492046099,58.601222021035,GALAXY,,0.285726152,19.57016488372457,18-20,39633368182161502,bright,DESI_DR1_V161,ZWARN0_DELTACHI2_GT25_ZCAT_PRIMARY
DESI001782,150.000410951466,-6.558666474179,GALAXY,,0.0823708625,18.96986133732598,18-20,39627630445596387,bright,DESI_DR1_V161,ZWARN0_DELTACHI2_GT25_ZCAT_PRIMARY
DESI001783,150.004322510673,2.25070181148,GALAXY,,0.218069646,18.934710438460833,18-20,39627841603633332,bright,DESI_DR1_V161,ZWARN0_DELTACHI2_GT25_ZCAT_PRIMARY
DESI001784,150.006617086502,43.865027816775,GALAXY,,0.234746041,18.823382181801087,18-20,39633144181162072,bright,DESI_DR1_V161,ZWARN0_DELTACHI2_GT25_ZCAT_PRIMARY
DESI001785,150.008978303149,-3.783358574023,GALAXY,,0.222961526,19.434376912030704,18-20,39627696669459828,bright,DESI_DR1_V161,ZWARN0_DELTACHI2_GT25_ZCAT_PRIMARY
DESI001786,150.008334886607,3.387428851044,GALAXY,,0.220507042,18.949776290020623,18-20,39627871790040022,bright,DESI_DR1_V161,ZWARN0_DELTACHI2_GT25_ZCAT_PRIMARY
DESI001787,150.001928179102,54.984009368023,GALAXY,,0.31132984,19.52460513593824,18-20,39633321583447012,bright,DESI_DR1_V161,ZWARN0_DELTACHI2_GT25_ZCAT_PRIMARY
DESI001788,150.00821319813,21.712033041503,GALAXY,,0.203806518,19.347318871522944,18-20,39628300770871235,bright,DESI_DR1_V161,ZWARN0_DELTACHI2_GT25_ZCAT_PRIMARY
DESI001789,150.005022042341,3.086397309092,GALAXY,,0.130742165,19.76197197719088,18-20,39627859723026601,bright,DESI_DR1_V161,ZWARN0_DELTACHI2_GT25_ZCAT_PRIMARY
DESI001790,150.005063057701,-2.901953879028,GALAXY,,0.240206747,19.506557356778114,18-20,39627714767880351,bright,DESI_DR1_V161,ZWARN0_DELTACHI2_GT25_ZCAT_PRIMARY
DESI001791,150.005643282071,7.507011665396,GALAXY,,0.359872732,18.49213636088134,18-20,39627968049319978,bright,DESI_DR1_V161,ZWARN0_DELTACHI2_GT25_ZCAT_PRIMARY
DESI001792,150.00487101367,0.740115752857,GALAXY,,0.308233376,18.065086159386688,18-20,39627805364846722,bright,DESI_DR1_V161,ZWARN0_DELTACHI2_GT25_ZCAT_PRIMARY
DESI001793,150.007045895742,1.72083165507,GALAXY,,0.369328663,19.651231064272345,18-20,39627829524037802,bright,DESI_DR1_V161,ZWARN0_DELTACHI2_GT25_ZCAT_PRIMARY
DESI001794,150.002664342665,-7.12470349821,GALAXY,,0.157157315,18.279417768098643,18-20,39627618437304627,bright,DESI_DR1_V161,ZWARN0_DELTACHI2_GT25_ZCAT_PRIMARY
DESI001795,150.004869297233,28.195040876212,GALAXY,,0.189238027,18.562186329078653,18-20,39628443289125831,bright,DESI_DR1_V161,ZWARN0_DELTACHI2_GT25_ZCAT_PRIMARY
DESI001796,150.003166501195,13.306592910545,GALAXY,,0.218684753,18.768486610168758,18-20,39628104792014928,bright,DESI_DR1_V161,ZWARN0_DELTACHI2_GT25_ZCAT_PRIMARY
DESI001797,150.004930410802,2.50363688793,GALAXY,,0.346149633,19.270856509744547,18-20,39627847643431098,bright,DESI_DR1_V161,ZWARN0_DELTACHI2_GT25_ZCAT_PRIMARY
DESI001798,150.00058110782,3.571879553509,GALAXY,,0.139759023,19.42196975554501,18-20,39627871790039860,bright,DESI_DR1_V161,ZWARN0_DELTACHI2_GT25_ZCAT_PRIMARY
DESI001799,150.007335401171,42.379671936691,GALAXY,,0.137469398,19.864444391198305,18-20,39633122068792967,bright,DESI_DR1_V161,ZWARN0_DELTACHI2_GT25_ZCAT_PRIMARY
DESI001800,150.004981305714,13.373170174802,GALAXY,,0.0802846535,18.18557608655724,18-20,39628104792014958,bright,DESI_DR1_V161,ZWARN0_DELTACHI2_GT25_ZCAT_PRIMARY
DESI001801,175.000503339846,-8.212108298472,GALAXY,,0.231331959,19.37807507869858,18-20,39627588892623779,bright,DESI_DR1_V161,ZWARN0_DELTACHI2_GT25_ZCAT_PRIMARY
DESI001802,175.002138803443,64.915400598921,GALAXY,,0.176557202,19.67554976908011,18-20,39633443109210072,bright,DESI_DR1_V161,ZWARN0_DELTACHI2_GT25_ZCAT_PRIMARY
DESI001803,175.003242881668,-1.303629077712,GALAXY,,0.342360795,19.960333261853023,18-20,39627757465894991,bright,DESI_DR1_V161,ZWARN0_DELTACHI2_GT25_ZCAT_PRIMARY
DESI001804,175.0067766387,56.042101857556,GALAXY,,0.298227331,18.78467150018961,18-20,39633335571450419,dark,DESI_DR1_V161,ZWARN0_DELTACHI2_GT25_ZCAT_PRIMARY
DESI001805,175.00659969892,-3.78134499818,GALAXY,,0.14718806,19.767724907094326,18-20,39627697088889124,bright,DESI_DR1_V161,ZWARN0_DELTACHI2_GT25_ZCAT_PRIMARY
DESI001806,175.007049835974,49.69583638982,GALAXY,,0.374757498,19.471270892471637,18-20,39633244102066376,bright,DESI_DR1_V161,ZWARN0_DELTACHI2_GT25_ZCAT_PRIMARY
DESI001807,175.000740116341,-8.719700339966,GALAXY,,0.0655712838,19.78640783801046,18-20,39627576934663213,bright,DESI_DR1_V161,ZWARN0_DELTACHI2_GT25_ZCAT_PRIMARY
DESI001808,175.001287377246,46.952243571366,GALAXY,,0.11314182,18.59722267880541,18-20,39633199822800377,bright,DESI_DR1_V161,ZWARN0_DELTACHI2_GT25_ZCAT_PRIMARY
DESI001809,175.003268868854,-1.897729297452,GALAXY,,0.440408233,19.244659907528202,18-20,39627739346501753,dark,DESI_DR1_V161,ZWARN0_DELTACHI2_GT25_ZCAT_PRIMARY
DESI001810,175.001363869108,-6.117331339994,GALAXY,,0.375564334,19.689571176029496,18-20,39627642881704365,bright,DESI_DR1_V161,ZWARN0_DELTACHI2_GT25_ZCAT_PRIMARY
DESI001811,175.004331760006,55.09645059631,GALAXY,,0.020142956,19.35019145923045,18-20,39633321826715557,bright,DESI_DR1_V161,ZWARN0_DELTACHI2_GT25_ZCAT_PRIMARY
DESI001812,175.008665473422,70.118858118263,GALAXY,,0.119320114,19.66637628601297,18-20,39633489657594321,bright,DESI_DR1_V161,ZWARN0_DELTACHI2_GT25_ZCAT_PRIMARY
DESI001813,175.003387267092,-1.123896147787,GALAXY,,0.20816674,19.29337109186797,18-20,39627763505692781,bright,DESI_DR1_V161,ZWARN0_DELTACHI2_GT25_ZCAT_PRIMARY
DESI001814,175.002047473782,51.712281916808,GALAXY,,0.335427669,19.72496591071838,18-20,39633274787596417,bright,DESI_DR1_V161,ZWARN0_DELTACHI2_GT25_ZCAT_PRIMARY
DESI001815,175.006818530711,-5.018784829776,GALAXY,,0.230323353,19.391164745419847,18-20,39627666952815146,bright,DESI_DR1_V161,ZWARN0_DELTACHI2_GT25_ZCAT_PRIMARY
DESI001816,175.001504856301,-6.02280848907,GALAXY,,0.391532822,19.518428064282396,18-20,39627642881704368,bright,DESI_DR1_V161,ZWARN0_DELTACHI2_GT25_ZCAT_PRIMARY
DESI001817,175.005419921476,-4.624133336504,GALAXY,,0.387175208,19.37680838580608,18-20,39627678998856089,bright,DESI_DR1_V161,ZWARN0_DELTACHI2_GT25_ZCAT_PRIMARY
DESI001818,175.00099070441,-4.253093653438,GALAXY,,0.553946936,18.059520530874014,18-20,39627685026070705,bright,DESI_DR1_V161,ZWARN0_DELTACHI2_GT25_ZCAT_PRIMARY
DESI001819,175.005529414755,54.696894994779,GALAXY,,0.365269677,19.92944650242528,18-20,39633318337054298,bright,DESI_DR1_V161,ZWARN0_DELTACHI2_GT25_ZCAT_PRIMARY
DESI001820,175.001924513818,56.728567923822,GALAXY,,0.275411252,19.497955803429456,18-20,39633345650363694,bright,DESI_DR1_V161,ZWARN0_DELTACHI2_GT25_ZCAT_PRIMARY
DESI001821,175.006274016436,52.362679740289,GALAXY,,0.291644756,19.35870473150747,18-20,39633282253457846,bright,DESI_DR1_V161,ZWARN0_DELTACHI2_GT25_ZCAT_PRIMARY
DESI001822,175.000478046179,56.551465396485,GALAXY,,0.264304596,19.415346756871248,18-20,39633342311697457,bright,DESI_DR1_V161,ZWARN0_DELTACHI2_GT25_ZCAT_PRIMARY
DESI001823,175.008976460545,1.821089770191,GALAXY,,0.170843816,19.497648152930648,18-20,39627829943468194,bright,DESI_DR1_V161,ZWARN0_DELTACHI2_GT25_ZCAT_PRIMARY
DESI001824,175.005187214088,34.897740038765,GALAXY,,0.19274309,19.79459001857585,18-20,39632980775274517,bright,DESI_DR1_V161,ZWARN0_DELTACHI2_GT25_ZCAT_PRIMARY
DESI001825,175.002611502063,54.190461083427,GALAXY,,0.329371692,18.866600933388998,18-20,39633311294817414,bright,DESI_DR1_V161,ZWARN0_DELTACHI2_GT25_ZCAT_PRIMARY
DESI001826,175.00739251393,46.382307178598,GALAXY,,0.206480438,18.158839422507633,18-20,39633191518077722,bright,DESI_DR1_V161,ZWARN0_DELTACHI2_GT25_ZCAT_PRIMARY
DESI001827,175.005364910436,49.648693814442,GALAXY,,0.107654847,18.07790546003816,18-20,39633244102066362,bright,DESI_DR1_V161,ZWARN0_DELTACHI2_GT25_ZCAT_PRIMARY
DESI001828,175.001482554725,20.858961622941,GALAXY,,0.141553493,19.246074110026495,18-20,39628278612362553,bright,DESI_DR1_V161,ZWARN0_DELTACHI2_GT25_ZCAT_PRIMARY
DESI001829,175.001582440745,1.905025673739,GALAXY,,0.462594418,19.933952865204272,18-20,39627835983265860,dark,DESI_DR1_V161,ZWARN0_DELTACHI2_GT25_ZCAT_PRIMARY
DESI001830,175.005441385532,38.111006603926,GALAXY,,0.250676376,18.95364191164258,18-20,39633039180956492,bright,DESI_DR1_V161,ZWARN0_DELTACHI2_GT25_ZCAT_PRIMARY
DESI001831,175.002045995837,51.418520383637,GALAXY,,0.419285976,19.722945136890253,18-20,39633271025305315,bright,DESI_DR1_V161,ZWARN0_DELTACHI2_GT25_ZCAT_PRIMARY
DESI001832,175.008541811742,37.831131611836,GALAXY,,0.310009382,18.008113315845097,18-20,39633034399449717,bright,DESI_DR1_V161,ZWARN0_DELTACHI2_GT25_ZCAT_PRIMARY
DESI001833,175.001817328147,1.172682737621,GALAXY,,0.29909295,19.569996815932203,18-20,39627817863872566,bright,DESI_DR1_V161,ZWARN0_DELTACHI2_GT25_ZCAT_PRIMARY
DESI001834,175.007093042909,53.098742136494,GALAXY,,0.0932345146,19.197734610502582,18-20,39633293301255439,bright,DESI_DR1_V161,ZWARN0_DELTACHI2_GT25_ZCAT_PRIMARY
DESI001835,175.000433002028,56.839032966162,GALAXY,,0.1883941,19.478312242368002,18-20,39633345650363687,bright,DESI_DR1_V161,ZWARN0_DELTACHI2_GT25_ZCAT_PRIMARY
DESI001836,175.00343616657,50.860084793495,GALAXY,,0.113351135,18.739778168071574,18-20,39633259612603631,bright,DESI_DR1_V161,ZWARN0_DELTACHI2_GT25_ZCAT_PRIMARY
DESI001837,175.00032930857,1.967786390279,GALAXY,,0.463122971,19.967337866475305,18-20,39627835983265836,dark,DESI_DR1_V161,ZWARN0_DELTACHI2_GT25_ZCAT_PRIMARY
DESI001838,175.00620751548,67.439684351212,GALAXY,,0.102864807,18.81937081851765,18-20,39633467595555849,bright,DESI_DR1_V161,ZWARN0_DELTACHI2_GT25_ZCAT_PRIMARY
DESI001839,175.00746639135,53.611567637166,GALAXY,,0.388714873,19.927312006910114,18-20,39633300565786864,bright,DESI_DR1_V161,ZWARN0_DELTACHI2_GT25_ZCAT_PRIMARY
DESI001840,175.006496628998,71.93829440878,GALAXY,,0.188061985,18.162610590754838,18-20,39633505495288791,bright,DESI_DR1_V161,ZWARN0_DELTACHI2_GT25_ZCAT_PRIMARY
DESI001841,175.005491195615,18.960062660268,GALAXY,,0.125164879,19.6312420246119,18-20,39628238783250948,bright,DESI_DR1_V161,ZWARN0_DELTACHI2_GT25_ZCAT_PRIMARY
DESI001842,175.003403990214,53.504614122755,GALAXY,,0.363690935,19.45196896552868,18-20,39633300565786841,bright,DESI_DR1_V161,ZWARN0_DELTACHI2_GT25_ZCAT_PRIMARY
DESI001843,175.00043790157,-5.054530220589,GALAXY,,0.120609555,19.614373839652128,18-20,39627666952814997,bright,DESI_DR1_V161,ZWARN0_DELTACHI2_GT25_ZCAT_PRIMARY
DESI001844,175.002648018737,0.439228943239,GALAXY,,0.25075561,19.50641952489437,18-20,39627799744479279,bright,DESI_DR1_V161,ZWARN0_DELTACHI2_GT25_ZCAT_PRIMARY
DESI001845,175.005637888184,67.70397684086,GALAXY,,0.277808044,19.19803543023478,18-20,39633469910811794,bright,DESI_DR1_V161,ZWARN0_DELTACHI2_GT25_ZCAT_PRIMARY
DESI001846,175.008622802978,-0.401877875926,GALAXY,,0.264673651,19.20402766565024,18-20,39627775585288373,bright,DESI_DR1_V161,ZWARN0_DELTACHI2_GT25_ZCAT_PRIMARY
DESI001847,175.003162648291,35.087974319365,GALAXY,,0.343137363,19.284931618205817,18-20,39632980775274493,bright,DESI_DR1_V161,ZWARN0_DELTACHI2_GT25_ZCAT_PRIMARY
DESI001848,175.002471376287,-2.150801701359,GALAXY,,0.545817448,19.646540203242726,18-20,39627733306703931,dark,DESI_DR1_V161,ZWARN0_DELTACHI2_GT25_ZCAT_PRIMARY
DESI001849,175.003379555742,51.610058362192,GALAXY,,0.183616637,18.663047449079038,18-20,39633271025305325,bright,DESI_DR1_V161,ZWARN0_DELTACHI2_GT25_ZCAT_PRIMARY
DESI001850,175.007937144498,-1.602289388368,GALAXY,,0.347233586,19.94199235400093,18-20,39627751426097332,bright,DESI_DR1_V161,ZWARN0_DELTACHI2_GT25_ZCAT_PRIMARY
DESI001851,200.002637875173,54.951350968303,GALAXY,,0.30183121,18.946743056391192,18-20,39633322069983812,bright,DESI_DR1_V161,ZWARN0_DELTACHI2_GT25_ZCAT_PRIMARY
DESI001852,200.006858816766,52.038283218545,GALAXY,,0.20426058,19.551961000329605,18-20,39633278788962525,bright,DESI_DR1_V161,ZWARN0_DELTACHI2_GT25_ZCAT_PRIMARY
DESI001853,200.003997781654,31.981525932619,GALAXY,,0.0180684837,18.502228182721577,18-20,39628522515333229,bright,DESI_DR1_V161,ZWARN0_DELTACHI2_GT25_ZCAT_PRIMARY
DESI001854,200.005398861304,14.062870483555,GALAXY,,0.274258766,19.973624717884537,18-20,39628123234373397,bright,DESI_DR1_V161,ZWARN0_DELTACHI2_GT25_ZCAT_PRIMARY
DESI001855,200.001963198387,-3.09256460947,GALAXY,,0.318376586,19.52381357109838,18-20,39627715606741073,bright,DESI_DR1_V161,ZWARN0_DELTACHI2_GT25_ZCAT_PRIMARY
DESI001856,200.003027442408,54.42453201946,GALAXY,,0.35069375,18.43582389512053,18-20,39633315069692524,bright,DESI_DR1_V161,ZWARN0_DELTACHI2_GT25_ZCAT_PRIMARY
DESI001857,200.00734747522,58.55022928009,GALAXY,,0.334880676,19.565417858809642,18-20,39633368622563399,bright,DESI_DR1_V161,ZWARN0_DELTACHI2_GT25_ZCAT_PRIMARY
DESI001858,200.001704160979,53.413014862833,GALAXY,,0.30698906,19.172667518256304,18-20,39633300813253254,bright,DESI_DR1_V161,ZWARN0_DELTACHI2_GT25_ZCAT_PRIMARY
DESI001859,200.006029513123,-6.147556267746,GALAXY,,0.35004608,19.697225279389997,18-20,39627637286505244,bright,DESI_DR1_V161,ZWARN0_DELTACHI2_GT25_ZCAT_PRIMARY
DESI001860,200.007804869404,-9.064124067276,GALAXY,,0.0572375599,18.442709491011218,18-20,39627571377210073,bright,DESI_DR1_V161,ZWARN0_DELTACHI2_GT25_ZCAT_PRIMARY
DESI001861,200.004556617248,-3.826582562165,GALAXY,,0.28583721,19.92689576124119,18-20,39627697504129257,bright,DESI_DR1_V161,ZWARN0_DELTACHI2_GT25_ZCAT_PRIMARY
DESI001862,200.006800470027,38.918783671105,GALAXY,,0.358309807,19.307502076207292,18-20,39633058466366694,bright,DESI_DR1_V161,ZWARN0_DELTACHI2_GT25_ZCAT_PRIMARY
DESI001863,200.00403501019,3.862278447532,GALAXY,,0.265945144,19.191462352568404,18-20,39627878656119084,bright,DESI_DR1_V161,ZWARN0_DELTACHI2_GT25_ZCAT_PRIMARY
DESI001864,200.005245135952,40.752213072045,GALAXY,,0.226293453,18.604585091350472,18-20,39633090989001386,bright,DESI_DR1_V161,ZWARN0_DELTACHI2_GT25_ZCAT_PRIMARY
DESI001865,200.006757042222,0.401957935722,GALAXY,,0.139535014,18.889817713014097,18-20,39627800163909833,bright,DESI_DR1_V161,ZWARN0_DELTACHI2_GT25_ZCAT_PRIMARY
DESI001866,200.003219653108,-3.46350574752,GALAXY,,0.257947007,19.895097889221383,18-20,39627703535537902,bright,DESI_DR1_V161,ZWARN0_DELTACHI2_GT25_ZCAT_PRIMARY
DESI001867,200.004046027803,1.624667690138,GALAXY,,0.522283118,19.184646989454833,18-20,39627824323100810,dark,DESI_DR1_V161,ZWARN0_DELTACHI2_GT25_ZCAT_PRIMARY
DESI001868,200.00190338125,-9.521472487401,GALAXY,,0.32287516,19.29171299951486,18-20,39627559444414548,bright,DESI_DR1_V161,ZWARN0_DELTACHI2_GT25_ZCAT_PRIMARY
DESI001869,200.004740912203,0.092035707886,GALAXY,,0.0735624265,18.41588203368654,18-20,39627788084314278,bright,DESI_DR1_V161,ZWARN0_DELTACHI2_GT25_ZCAT_PRIMARY
DESI001870,200.000437789802,59.803085222073,GALAXY,,0.271559423,18.362502269181427,18-20,39633384187627724,bright,DESI_DR1_V161,ZWARN0_DELTACHI2_GT25_ZCAT_PRIMARY
DESI001871,200.002807050172,-5.09386457671,GALAXY,,0.352449003,19.562743594554185,18-20,39627667368054706,bright,DESI_DR1_V161,ZWARN0_DELTACHI2_GT25_ZCAT_PRIMARY
DESI001872,200.001622488249,35.638278404336,GALAXY,,0.394013216,19.150278756940633,18-20,39632995929293264,bright,DESI_DR1_V161,ZWARN0_DELTACHI2_GT25_ZCAT_PRIMARY
DESI001873,200.005511523707,6.939419348641,GALAXY,,0.15298954,18.046273974752104,18-20,39627956888275168,bright,DESI_DR1_V161,ZWARN0_DELTACHI2_GT25_ZCAT_PRIMARY
DESI001874,200.00004094671,1.344705179096,GALAXY,,0.159865601,19.976627757851624,18-20,39627818283302952,bright,DESI_DR1_V161,ZWARN0_DELTACHI2_GT25_ZCAT_PRIMARY
DESI001875,200.001694361591,55.633071737512,GALAXY,,0.309632787,19.996520368608024,18-20,39633332408943662,bright,DESI_DR1_V161,ZWARN0_DELTACHI2_GT25_ZCAT_PRIMARY
DESI001876,200.003629079975,19.764118496994,GALAXY,,0.196195348,18.68289553543597,18-20,39628256302860602,bright,DESI_DR1_V161,ZWARN0_DELTACHI2_GT25_ZCAT_PRIMARY
DESI001877,200.001559249533,50.954658527232,GALAXY,,0.341095655,19.521267668103423,18-20,39633263702051191,bright,DESI_DR1_V161,ZWARN0_DELTACHI2_GT25_ZCAT_PRIMARY
DESI001878,200.000823223909,-2.110978140708,GALAXY,,0.415441938,19.97913842686828,18-20,39627739765932073,bright,DESI_DR1_V161,ZWARN0_DELTACHI2_GT25_ZCAT_PRIMARY
DESI001879,200.000477167938,-4.517907309194,GALAXY,,0.178566855,18.879498408340837,18-20,39627679414096083,bright,DESI_DR1_V161,ZWARN0_DELTACHI2_GT25_ZCAT_PRIMARY
DESI001880,200.001810825947,54.143406433227,GALAXY,,0.151923432,18.26453376198301,18-20,39633311538089739,bright,DESI_DR1_V161,ZWARN0_DELTACHI2_GT25_ZCAT_PRIMARY
DESI001881,200.005348310014,0.927260260018,GALAXY,,0.270769756,19.32962026931351,18-20,39627812243505271,bright,DESI_DR1_V161,ZWARN0_DELTACHI2_GT25_ZCAT_PRIMARY
DESI001882,200.00302713633,18.490599729628,GALAXY,,0.358745539,19.372304338789995,18-20,39628227722870892,bright,DESI_DR1_V161,ZWARN0_DELTACHI2_GT25_ZCAT_PRIMARY
DESI001883,200.005837260305,6.902059276887,GALAXY,,0.338067358,19.49876978840643,18-20,39627956888275174,bright,DESI_DR1_V161,ZWARN0_DELTACHI2_GT25_ZCAT_PRIMARY
DESI001884,200.003000041744,13.671949292849,GALAXY,,0.27569199,19.766839875777848,18-20,39628117366542365,bright,DESI_DR1_V161,ZWARN0_DELTACHI2_GT25_ZCAT_PRIMARY
DESI001885,200.00474179038,35.82587516212,GALAXY,,0.263038099,19.751186846112688,18-20,39632995929293304,bright,DESI_DR1_V161,ZWARN0_DELTACHI2_GT25_ZCAT_PRIMARY
DESI001886,200.005873135598,7.17138184833,GALAXY,,0.13252694,18.503373850580708,18-20,39627962886130155,bright,DESI_DR1_V161,ZWARN0_DELTACHI2_GT25_ZCAT_PRIMARY
DESI001887,200.001937394993,-0.234393149604,GALAXY,,0.261853512,18.94352129706762,18-20,39627782044516427,bright,DESI_DR1_V161,ZWARN0_DELTACHI2_GT25_ZCAT_PRIMARY
DESI001888,200.00092375196,-5.1140848451,GALAXY,,0.245777099,19.005141292465012,18-20,39627667368054666,bright,DESI_DR1_V161,ZWARN0_DELTACHI2_GT25_ZCAT_PRIMARY
DESI001889,200.003926299533,54.74519589863,GALAXY,,0.371472319,19.741996383460638,18-20,39633318580323836,bright,DESI_DR1_V161,ZWARN0_DELTACHI2_GT25_ZCAT_PRIMARY
DESI001890,200.000895322115,32.351876031119,GALAXY,,0.344569386,19.77202009230697,18-20,39628527636582589,bright,DESI_DR1_V161,ZWARN0_DELTACHI2_GT25_ZCAT_PRIMARY
DESI001891,200.000042956607,-6.263658653615,GALAXY,,0.0919068889,19.527341526883184,18-20,39627637286505123,bright,DESI_DR1_V161,ZWARN0_DELTACHI2_GT25_ZCAT_PRIMARY
DESI001892,200.001153053155,52.347888225972,GALAXY,,0.202921135,19.900612312419014,18-20,39633282513503215,bright,DESI_DR1_V161,ZWARN0_DELTACHI2_GT25_ZCAT_PRIMARY
DESI001893,200.004905889837,52.757018036613,GALAXY,,0.174142644,19.243880445661237,18-20,39633289895479992,bright,DESI_DR1_V161,ZWARN0_DELTACHI2_GT25_ZCAT_PRIMARY
DESI001894,200.000776610806,33.135527235699,GALAXY,,0.255367141,19.459063952061427,18-20,39632946046435374,bright,DESI_DR1_V161,ZWARN0_DELTACHI2_GT25_ZCAT_PRIMARY
DESI001895,200.005723309076,-4.017165511225,GALAXY,,0.242817641,19.275091658309695,18-20,39627691472719473,bright,DESI_DR1_V161,ZWARN0_DELTACHI2_GT25_ZCAT_PRIMARY
DESI001896,200.001872195133,53.364892187463,GALAXY,,0.319404145,19.755815751377256,18-20,39633297197760986,bright,DESI_DR1_V161,ZWARN0_DELTACHI2_GT25_ZCAT_PRIMARY
DESI001897,200.006596378203,14.920688412655,GALAXY,,0.0720005492,18.846914179592652,18-20,39628146651170843,bright,DESI_DR1_V161,ZWARN0_DELTACHI2_GT25_ZCAT_PRIMARY
DESI001898,200.007483259397,3.389094343651,GALAXY,,0.0972262369,19.52689902718661,18-20,39627872624710035,bright,DESI_DR1_V161,ZWARN0_DELTACHI2_GT25_ZCAT_PRIMARY
DESI001899,200.003321671222,37.042617437581,GALAXY,,0.232139284,19.424855299125774,18-20,39633020294004786,bright,DESI_DR1_V161,ZWARN0_DELTACHI2_GT25_ZCAT_PRIMARY
DESI001900,200.006867466452,33.580081666961,GALAXY,,0.225585524,19.30041644474863,18-20,39632951096380704,bright,DESI_DR1_V161,ZWARN0_DELTACHI2_GT25_ZCAT_PRIMARY
DESI001901,225.002006881107,11.914730877694,GALAXY,,0.172575728,19.340974915484686,18-20,39628076522407340,bright,DESI_DR1_V161,ZWARN0_DELTACHI2_GT25_ZCAT_PRIMARY
DESI001902,225.004104652748,42.649742302502,GALAXY,,0.219335085,18.992275945862563,18-20,39633127450085559,bright,DESI_DR1_V161,ZWARN0_DELTACHI2_GT25_ZCAT_PRIMARY
DESI001903,225.005349172777,-0.487748519212,GALAXY,,0.377276067,19.89619261509137,18-20,39627776424149171,bright,DESI_DR1_V161,ZWARN0_DELTACHI2_GT25_ZCAT_PRIMARY
DESI001904,225.005319782842,-5.59177663269,GALAXY,,0.215412699,18.518961254519763,18-20,39627655745636280,bright,DESI_DR1_V161,ZWARN0_DELTACHI2_GT25_ZCAT_PRIMARY
DESI001905,225.003620728264,43.020343808834,GALAXY,,0.207722912,18.291072202578974,18-20,39633131887657026,bright,DESI_DR1_V161,ZWARN0_DELTACHI2_GT25_ZCAT_PRIMARY
DESI001906,225.003975828052,48.065676449938,GALAXY,,0.0363927268,19.51583218138311,18-20,39633216759401090,bright,DESI_DR1_V161,ZWARN0_DELTACHI2_GT25_ZCAT_PRIMARY
DESI001907,225.003097638518,33.017444672627,GALAXY,,0.374031218,18.673559550636185,18-20,39632941332038851,bright,DESI_DR1_V161,ZWARN0_DELTACHI2_GT25_ZCAT_PRIMARY
DESI001908,225.003850970754,50.666891733896,GALAXY,,0.428522315,19.84534198549708,18-20,39633260145279961,bright,DESI_DR1_V161,ZWARN0_DELTACHI2_GT25_ZCAT_PRIMARY
DESI001909,225.003316287887,41.755750934929,GALAXY,,0.313389931,19.603709306267415,18-20,39633109519436638,bright,DESI_DR1_V161,ZWARN0_DELTACHI2_GT25_ZCAT_PRIMARY
DESI001910,225.000627749496,40.907603717695,GALAXY,,0.16943888,19.737136087476053,18-20,39633095887946735,bright,DESI_DR1_V161,ZWARN0_DELTACHI2_GT25_ZCAT_PRIMARY
DESI001911,225.003545065482,-4.066700578751,GALAXY,,0.424603871,19.86139170558931,18-20,39627691892151543,bright,DESI_DR1_V161,ZWARN0_DELTACHI2_GT25_ZCAT_PRIMARY
DESI001912,225.007042442844,41.492352115202,GALAXY,,0.326167864,18.294707286003053,18-20,39633104993780724,bright,DESI_DR1_V161,ZWARN0_DELTACHI2_GT25_ZCAT_PRIMARY
DESI001913,225.00133276488,37.621004387908,GALAXY,,0.233200001,19.34584381553537,18-20,39633030268061051,bright,DESI_DR1_V161,ZWARN0_DELTACHI2_GT25_ZCAT_PRIMARY
DESI001914,225.002705467549,41.083809131613,GALAXY,,0.247020278,19.04784902878156,18-20,39633095887946754,bright,DESI_DR1_V161,ZWARN0_DELTACHI2_GT25_ZCAT_PRIMARY
DESI001915,225.003016249449,0.478930978261,GALAXY,,0.269129539,19.62776875254198,18-20,39627800583340163,bright,DESI_DR1_V161,ZWARN0_DELTACHI2_GT25_ZCAT_PRIMARY
DESI001916,225.003253817301,55.710747661914,GALAXY,,0.149148879,19.389325757747265,18-20,39633332643826459,bright,DESI_DR1_V161,ZWARN0_DELTACHI2_GT25_ZCAT_PRIMARY
DESI001917,225.007330960215,45.937778660035,GALAXY,,0.0879311236,18.86331079802739,18-20,39633183716673464,bright,DESI_DR1_V161,ZWARN0_DELTACHI2_GT25_ZCAT_PRIMARY
DESI001918,225.001941217181,-5.14290604654,GALAXY,,0.145655102,19.811890138927588,18-20,39627661764464393,bright,DESI_DR1_V161,ZWARN0_DELTACHI2_GT25_ZCAT_PRIMARY
DESI001919,225.005600591131,3.75367851668,GALAXY,,0.0828347919,19.866276291238545,18-20,39627879075549403,bright,DESI_DR1_V161,ZWARN0_DELTACHI2_GT25_ZCAT_PRIMARY
DESI001920,225.002646845559,13.236480775316,GALAXY,,0.270850152,18.948324555779884,18-20,39628106016754287,bright,DESI_DR1_V161,ZWARN0_DELTACHI2_GT25_ZCAT_PRIMARY
DESI001921,225.004709626463,37.491316953052,GALAXY,,0.156178837,18.561978412191724,18-20,39633030268061112,bright,DESI_DR1_V161,ZWARN0_DELTACHI2_GT25_ZCAT_PRIMARY
DESI001922,225.005430886796,33.012752484697,GALAXY,,0.256655339,19.671209968852367,18-20,39632941332038890,dark,DESI_DR1_V161,ZWARN0_DELTACHI2_GT25_ZCAT_PRIMARY
DESI001923,225.007207752911,41.38298406147,GALAXY,,0.279844782,19.450292415496424,18-20,39633104993780727,bright,DESI_DR1_V161,ZWARN0_DELTACHI2_GT25_ZCAT_PRIMARY
DESI001924,225.00711157381,-4.325146265829,GALAXY,,0.233764717,18.972917782579906,18-20,39627685860742117,bright,DESI_DR1_V161,ZWARN0_DELTACHI2_GT25_ZCAT_PRIMARY
DESI001925,225.004537014988,38.180210046468,GALAXY,,0.198934367,18.00834218609866,18-20,39633044604194182,bright,DESI_DR1_V161,ZWARN0_DELTACHI2_GT25_ZCAT_PRIMARY
DESI001926,225.005933434472,49.233068390363,GALAXY,,0.140478046,19.201063825685644,18-20,39633236778811465,bright,DESI_DR1_V161,ZWARN0_DELTACHI2_GT25_ZCAT_PRIMARY
DESI001927,225.007789766605,-2.330921252496,GALAXY,,0.387694238,19.80648029914439,18-20,39627734145564900,bright,DESI_DR1_V161,ZWARN0_DELTACHI2_GT25_ZCAT_PRIMARY
DESI001928,225.000064329844,-7.294433222376,GALAXY,,0.241177673,18.53543485001514,18-20,39627613689353526,bright,DESI_DR1_V161,ZWARN0_DELTACHI2_GT25_ZCAT_PRIMARY
DESI001929,225.00900146644,40.086531425113,GALAXY,,0.220490644,19.12471929975409,18-20,39633077474952140,bright,DESI_DR1_V161,ZWARN0_DELTACHI2_GT25_ZCAT_PRIMARY
DESI001930,225.00359999355,41.364205984539,GALAXY,,0.176704734,19.061032985953183,18-20,39633100447157054,bright,DESI_DR1_V161,ZWARN0_DELTACHI2_GT25_ZCAT_PRIMARY
DESI001931,225.007857605766,36.781814490558,GALAXY,,0.117679946,19.30192234418179,18-20,39633015789324291,bright,DESI_DR1_V161,ZWARN0_DELTACHI2_GT25_ZCAT_PRIMARY
DESI001932,225.002462610437,35.920985196162,GALAXY,,0.298196773,18.389144827854846,18-20,39633001176367149,bright,DESI_DR1_V161,ZWARN0_DELTACHI2_GT25_ZCAT_PRIMARY
DESI001933,225.008161158782,36.391845050995,GALAXY,,0.0729927208,19.453444636469154,18-20,39633010936512621,bright,DESI_DR1_V161,ZWARN0_DELTACHI2_GT25_ZCAT_PRIMARY
DESI001934,225.000390385639,-6.550457949385,GALAXY,,0.0675456796,19.499830936861006,18-20,39627631699689549,bright,DESI_DR1_V161,ZWARN0_DELTACHI2_GT25_ZCAT_PRIMARY
DESI001935,225.008026122559,31.118957079984,GALAXY,,0.0976081528,18.710858394585465,18-20,39628502231681339,bright,DESI_DR1_V161,ZWARN0_DELTACHI2_GT25_ZCAT_PRIMARY
DESI001936,225.005974337251,31.648489404222,GALAXY,,0.160791413,18.585864421864983,18-20,39628517729634761,bright,DESI_DR1_V161,ZWARN0_DELTACHI2_GT25_ZCAT_PRIMARY
DESI001937,225.005231536132,33.705813781584,GALAXY,,0.26052658,18.603771577531745,18-20,39632956490252383,bright,DESI_DR1_V161,ZWARN0_DELTACHI2_GT25_ZCAT_PRIMARY
DESI001938,225.001643371664,31.993831981213,GALAXY,,0.114265439,19.14684411121723,18-20,39628522871849025,bright,DESI_DR1_V161,ZWARN0_DELTACHI2_GT25_ZCAT_PRIMARY
DESI001939,225.006490290509,41.364157462796,GALAXY,,0.279991326,18.68954539181791,18-20,39633100447157085,bright,DESI_DR1_V161,ZWARN0_DELTACHI2_GT25_ZCAT_PRIMARY
DESI001940,225.000163699137,35.191570322658,GALAXY,,0.0337099417,18.66934057624046,18-20,39632986412418051,bright,DESI_DR1_V161,ZWARN0_DELTACHI2_GT25_ZCAT_PRIMARY
DESI001941,225.00066788683,41.475575937058,GALAXY,,0.285293772,19.567748672289632,18-20,39633104993780650,bright,DESI_DR1_V161,ZWARN0_DELTACHI2_GT25_ZCAT_PRIMARY
DESI001942,225.003349440928,20.386513158295,GALAXY,,0.469574748,19.30164268221727,18-20,39628273738583705,bright,DESI_DR1_V161,ZWARN0_DELTACHI2_GT25_ZCAT_PRIMARY
DESI001943,225.002708985621,-0.967935680568,GALAXY,,0.463847477,19.576659031659936,18-20,39627764344553605,dark,DESI_DR1_V161,ZWARN0_DELTACHI2_GT25_ZCAT_PRIMARY
DESI001944,225.004367092797,53.064528907098,GALAXY,,0.267254238,19.71638675365409,18-20,39633293808765522,bright,DESI_DR1_V161,ZWARN0_DELTACHI2_GT25_ZCAT_PRIMARY
DESI001945,225.004301428356,13.988508637245,GALAXY,,0.186131845,18.31381625003565,18-20,39628123641220380,bright,DESI_DR1_V161,ZWARN0_DELTACHI2_GT25_ZCAT_PRIMARY
DESI001946,225.008820134452,21.91521221342,GALAXY,,0.0944530846,19.23433963012946,18-20,39628307557254508,bright,DESI_DR1_V161,ZWARN0_DELTACHI2_GT25_ZCAT_PRIMARY
DESI001947,225.001048859577,52.374556417202,GALAXY,,0.285106181,18.579742209279562,18-20,39633282769357485,bright,DESI_DR1_V161,ZWARN0_DELTACHI2_GT25_ZCAT_PRIMARY
DESI001948,225.006269498036,43.444185374688,GALAXY,,0.296033105,19.921458639815498,18-20,39633140708278368,bright,DESI_DR1_V161,ZWARN0_DELTACHI2_GT25_ZCAT_PRIMARY
DESI001949,225.008924916445,-3.157379883525,GALAXY,,0.127617417,18.650024582380034,18-20,39627709986379263,bright,DESI_DR1_V161,ZWARN0_DELTACHI2_GT25_ZCAT_PRIMARY
DESI001950,225.008844285096,45.141604597397,GALAXY,,0.0929092808,19.58353252979834,18-20,39633171012125907,bright,DESI_DR1_V161,ZWARN0_DELTACHI2_GT25_ZCAT_PRIMARY
DESI001951,330.008256575512,-0.283526145367,GALAXY,,0.281553699,19.45028587154635,18-20,39627784225554799,bright,DESI_DR1_V161,ZWARN0_DELTACHI2_GT25_ZCAT_PRIMARY
DESI001952,330.001945779736,4.527500508482,GALAXY,,0.0963126203,18.425164226583025,18-20,39627898922993496,bright,DESI_DR1_V161,ZWARN0_DELTACHI2_GT25_ZCAT_PRIMARY
DESI001953,330.010737461667,0.205700749906,GALAXY,,0.289861716,19.41723038923653,18-20,39627796305150474,bright,DESI_DR1_V161,ZWARN0_DELTACHI2_GT25_ZCAT_PRIMARY
DESI001954,330.011999494026,-1.608127120865,GALAXY,,0.278736215,19.561437925524196,18-20,39627754026566057,bright,DESI_DR1_V161,ZWARN0_DELTACHI2_GT25_ZCAT_PRIMARY
DESI001955,330.011879067936,13.501693518058,GALAXY,,0.290899054,19.668310377267595,18-20,39628113616831715,bright,DESI_DR1_V161,ZWARN0_DELTACHI2_GT25_ZCAT_PRIMARY
DESI001956,330.007928978458,23.378856575044,GALAXY,,0.0738711421,18.97311173180732,18-20,39628342634223304,bright,DESI_DR1_V161,ZWARN0_DELTACHI2_GT25_ZCAT_PRIMARY
DESI001957,330.005309448786,-11.034621895047,GALAXY,,0.183922953,19.366358146273047,18-20,39627525889982644,bright,DESI_DR1_V161,ZWARN0_DELTACHI2_GT25_ZCAT_PRIMARY
DESI001958,330.001869058392,17.240258841653,GALAXY,,0.223258574,18.159152190493565,18-20,39628201017738421,bright,DESI_DR1_V161,ZWARN0_DELTACHI2_GT25_ZCAT_PRIMARY
DESI001959,330.009108229807,5.277311984156,GALAXY,,0.446644077,19.424018212684995,18-20,39627916992055422,bright,DESI_DR1_V161,ZWARN0_DELTACHI2_GT25_ZCAT_PRIMARY
DESI001960,330.010603643863,8.688785997957,GALAXY,,0.385931838,19.93247247106936,18-20,39628000966215706,bright,DESI_DR1_V161,ZWARN0_DELTACHI2_GT25_ZCAT_PRIMARY
DESI001961,330.010072614759,16.472338457224,GALAXY,,0.218957025,19.00097143058687,18-20,39628183665907777,bright,DESI_DR1_V161,ZWARN0_DELTACHI2_GT25_ZCAT_PRIMARY
DESI001962,330.002572470596,20.839374833424,GALAXY,,0.189614882,18.908297635738567,18-20,39628281045062284,bright,DESI_DR1_V161,ZWARN0_DELTACHI2_GT25_ZCAT_PRIMARY
DESI001963,330.010936097518,17.095155129054,GALAXY,,0.300401416,19.204638106137526,18-20,39628195237987806,bright,DESI_DR1_V161,ZWARN0_DELTACHI2_GT25_ZCAT_PRIMARY
DESI001964,330.000542560696,24.221033363986,GALAXY,,0.410814214,19.44489399556484,18-20,39628359222692418,bright,DESI_DR1_V161,ZWARN0_DELTACHI2_GT25_ZCAT_PRIMARY
DESI001965,330.010617778093,17.946759480508,GALAXY,,0.0703811071,18.955714750736227,18-20,39628218306663288,bright,DESI_DR1_V161,ZWARN0_DELTACHI2_GT25_ZCAT_PRIMARY
DESI001966,330.001234850312,1.094448735594,GALAXY,,0.291882695,19.31972268765544,18-20,39627814424543413,bright,DESI_DR1_V161,ZWARN0_DELTACHI2_GT25_ZCAT_PRIMARY
DESI001967,330.010674994633,-9.875648322989,GALAXY,,0.0928942326,18.262162992771223,18-20,39627549675884885,bright,DESI_DR1_V161,ZWARN0_DELTACHI2_GT25_ZCAT_PRIMARY
DESI001968,330.008660620364,6.569434188122,GALAXY,,0.324931661,19.88765155434911,18-20,39627947048439779,bright,DESI_DR1_V161,ZWARN0_DELTACHI2_GT25_ZCAT_PRIMARY
DESI001969,330.011835947732,1.039346712053,GALAXY,,0.219712282,18.598028313707516,18-20,39627814424543848,bright,DESI_DR1_V161,ZWARN0_DELTACHI2_GT25_ZCAT_PRIMARY
DESI001970,330.001635008536,0.599611144568,GALAXY,,0.234525521,19.28864683134124,18-20,39627802344947851,bright,DESI_DR1_V161,ZWARN0_DELTACHI2_GT25_ZCAT_PRIMARY
DESI001971,330.011765660632,-5.263505499704,GALAXY,,0.520982747,19.654353807898865,18-20,39627663521875996,bright,DESI_DR1_V161,ZWARN0_DELTACHI2_GT25_ZCAT_PRIMARY
DESI001972,330.00215740215,-5.421549699372,GALAXY,,0.258803564,19.002915662294296,18-20,39627657498856854,bright,DESI_DR1_V161,ZWARN0_DELTACHI2_GT25_ZCAT_PRIMARY
DESI001973,330.004435981535,-0.020897299501,GALAXY,,0.280878196,19.80639853882169,18-20,39627790265352446,bright,DESI_DR1_V161,ZWARN0_DELTACHI2_GT25_ZCAT_PRIMARY
DESI001974,330.000118960259,-8.120758529049,GALAXY,,0.34217069,19.94230117319032,18-20,39627597457391657,bright,DESI_DR1_V161,ZWARN0_DELTACHI2_GT25_ZCAT_PRIMARY
DESI001975,330.004538540999,5.662658102209,GALAXY,,0.317758457,18.926281437683162,18-20,39627929021319897,bright,DESI_DR1_V161,ZWARN0_DELTACHI2_GT25_ZCAT_PRIMARY
DESI001976,330.009084170049,0.879548089107,GALAXY,,0.217017634,19.71243066600236,18-20,39627814424543748,bright,DESI_DR1_V161,ZWARN0_DELTACHI2_GT25_ZCAT_PRIMARY
DESI001977,330.005092468135,3.355078881174,GALAXY,,0.296772228,19.869246501694285,18-20,39627868774335414,bright,DESI_DR1_V161,ZWARN0_DELTACHI2_GT25_ZCAT_PRIMARY
DESI001978,330.004107522187,-11.819160618438,GALAXY,,0.267827138,19.48303647017991,18-20,39627508097747062,bright,DESI_DR1_V161,ZWARN0_DELTACHI2_GT25_ZCAT_PRIMARY
DESI001979,330.01194744603,-12.727878975943,GALAXY,,0.31590984,19.39838355189535,18-20,39627484450264313,bright,DESI_DR1_V161,ZWARN0_DELTACHI2_GT25_ZCAT_PRIMARY
DESI001980,330.00629689966,9.984767542692,GALAXY,,0.389707228,19.57139329901922,18-20,39628030779330305,bright,DESI_DR1_V161,ZWARN0_DELTACHI2_GT25_ZCAT_PRIMARY
DESI001981,330.010170705434,20.70049271486,GALAXY,,0.209542528,18.721662160224845,18-20,39628281045062497,bright,DESI_DR1_V161,ZWARN0_DELTACHI2_GT25_ZCAT_PRIMARY
DESI001982,330.00699047261,17.564899274376,GALAXY,,0.300570982,19.81186274866775,18-20,39628206789101962,bright,DESI_DR1_V161,ZWARN0_DELTACHI2_GT25_ZCAT_PRIMARY
DESI001983,330.004627065958,1.488648614974,GALAXY,,0.336639893,19.747738830179195,18-20,39627826504139054,bright,DESI_DR1_V161,ZWARN0_DELTACHI2_GT25_ZCAT_PRIMARY
DESI001984,330.006334367122,20.910660482046,GALAXY,,0.257172418,19.64080831789912,18-20,39628286690596433,bright,DESI_DR1_V161,ZWARN0_DELTACHI2_GT25_ZCAT_PRIMARY
DESI001985,330.011169235645,11.52496906557,GALAXY,,0.236917475,18.899144396893373,18-20,39628066409941113,bright,DESI_DR1_V161,ZWARN0_DELTACHI2_GT25_ZCAT_PRIMARY
DESI001986,330.005982620004,6.802047336386,GALAXY,,0.10300818,18.936298951434885,18-20,39627953054682810,bright,DESI_DR1_V161,ZWARN0_DELTACHI2_GT25_ZCAT_PRIMARY
DESI001987,330.000238027167,22.885085589492,GALAXY,,0.370283599,19.282282453105182,18-20,39628331527702903,bright,DESI_DR1_V161,ZWARN0_DELTACHI2_GT25_ZCAT_PRIMARY
DESI001988,330.012019656725,11.643858511359,GALAXY,,0.254245715,18.94526248996702,18-20,39628072332298979,bright,DESI_DR1_V161,ZWARN0_DELTACHI2_GT25_ZCAT_PRIMARY
DESI001989,330.000611822523,-8.682311132947,GALAXY,,0.213394862,19.237686334783703,18-20,39627579505772415,bright,DESI_DR1_V161,ZWARN0_DELTACHI2_GT25_ZCAT_PRIMARY
DESI001990,330.008999476781,7.810844920009,GALAXY,,0.27049685,19.90894680367931,18-20,39627977041903805,bright,DESI_DR1_V161,ZWARN0_DELTACHI2_GT25_ZCAT_PRIMARY
DESI001991,330.005233227571,7.482893277881,GALAXY,,0.264179095,18.614801233722723,18-20,39627971048247475,bright,DESI_DR1_V161,ZWARN0_DELTACHI2_GT25_ZCAT_PRIMARY
DESI001992,330.00903058152,1.398517310698,GALAXY,,0.233425961,18.756500877921024,18-20,39627826504139232,bright,DESI_DR1_V161,ZWARN0_DELTACHI2_GT25_ZCAT_PRIMARY
DESI001993,330.0047391436,5.289864529659,GALAXY,,0.152831223,18.468816539742463,18-20,39627916992055313,bright,DESI_DR1_V161,ZWARN0_DELTACHI2_GT25_ZCAT_PRIMARY
DESI001994,330.003067255579,21.390618455329,GALAXY,,0.14753639,19.134425721928977,18-20,39628297960686505,bright,DESI_DR1_V161,ZWARN0_DELTACHI2_GT25_ZCAT_PRIMARY
DESI001995,330.000741833623,14.125787767725,GALAXY,,0.262915745,19.20951829780324,18-20,39628131216133425,bright,DESI_DR1_V161,ZWARN0_DELTACHI2_GT25_ZCAT_PRIMARY
DESI001996,330.011689514076,-8.387732977946,GALAXY,,0.542806126,19.819292518849103,18-20,39627585486849322,bright,DESI_DR1_V161,ZWARN0_DELTACHI2_GT25_ZCAT_PRIMARY
DESI001997,330.001963341138,-9.95892086467,GALAXY,,0.147488489,18.618089225346218,18-20,39627549675884682,bright,DESI_DR1_V161,ZWARN0_DELTACHI2_GT25_ZCAT_PRIMARY
DESI001998,330.003683148508,-8.19806680085,GALAXY,,0.276601269,19.394242878383537,18-20,39627591467926489,bright,DESI_DR1_V161,ZWARN0_DELTACHI2_GT25_ZCAT_PRIMARY
DESI001999,330.012007879819,-4.927370923094,GALAXY,,0.287775485,18.71345133726488,18-20,39627669544896588,bright,DESI_DR1_V161,ZWARN0_DELTACHI2_GT25_ZCAT_PRIMARY
DESI002000,330.009928364715,0.660581587234,GALAXY,,0.319376595,19.71321406156934,18-20,39627808384745909,bright,DESI_DR1_V161,ZWARN0_DELTACHI2_GT25_ZCAT_PRIMARY
DESI002001,5.051870037558,12.579302971351,GALAXY,,0.41650744,20.316721751104506,20-21,39628084726467657,bright,DESI_DR1_V161,ZWARN0_DELTACHI2_GT25_ZCAT_PRIMARY
DESI002002,5.052426757613,-12.20781444742,GALAXY,,0.565350959,20.830688369570222,20-21,39627490930462157,dark,DESI_DR1_V161,ZWARN0_DELTACHI2_GT25_ZCAT_PRIMARY
DESI002003,5.007575121117,4.159589552843,GALAXY,,0.588723781,20.698128208688203,20-21,39627887455764521,dark,DESI_DR1_V161,ZWARN0_DELTACHI2_GT25_ZCAT_PRIMARY
DESI002004,5.007764329971,9.446769140068,GALAXY,,0.244502474,20.17967635520786,20-21,39628013482020938,bright,DESI_DR1_V161,ZWARN0_DELTACHI2_GT25_ZCAT_PRIMARY
DESI002005,5.040664648593,11.334682363337,GALAXY,,0.54472712,20.225059463976393,20-21,39628055131459018,bright,DESI_DR1_V161,ZWARN0_DELTACHI2_GT25_ZCAT_PRIMARY
DESI002006,5.04749635475,23.849294325727,GALAXY,,0.468721091,20.274900860013183,20-21,39628343175285218,dark,DESI_DR1_V161,ZWARN0_DELTACHI2_GT25_ZCAT_PRIMARY
DESI002007,5.047080523618,25.544201320433,GALAXY,,0.772383352,20.97344805811163,20-21,39628381712548970,dark,DESI_DR1_V161,ZWARN0_DELTACHI2_GT25_ZCAT_PRIMARY
DESI002008,5.000140306076,0.323155252583,GALAXY,,0.444049866,20.802177811184972,20-21,39627790852554841,dark,DESI_DR1_V161,ZWARN0_DELTACHI2_GT25_ZCAT_PRIMARY
DESI002009,5.025912329689,7.827160208115,GALAXY,,0.39965262,20.27651181029751,20-21,39627971631256988,bright,DESI_DR1_V161,ZWARN0_DELTACHI2_GT25_ZCAT_PRIMARY
DESI002010,5.008032631087,10.695353420958,GALAXY,,0.467776802,20.20821519751224,20-21,39628043253190257,bright,DESI_DR1_V161,ZWARN0_DELTACHI2_GT25_ZCAT_PRIMARY
DESI002011,5.054347083758,14.712441381711,GALAXY,,0.598790341,20.565870261974155,20-21,39628137641806947,dark,DESI_DR1_V161,ZWARN0_DELTACHI2_GT25_ZCAT_PRIMARY
DESI002012,5.050102100512,2.727459597342,GALAXY,,0.438937166,20.021871662642265,20-21,39627851250533936,bright,DESI_DR1_V161,ZWARN0_DELTACHI2_GT25_ZCAT_PRIMARY
DESI002013,5.036471012792,-10.861524520731,GALAXY,,0.393661801,20.464580857810947,20-21,39627526464606017,dark,DESI_DR1_V161,ZWARN0_DELTACHI2_GT25_ZCAT_PRIMARY
DESI002014,5.021388845948,28.486211748486,GALAXY,,0.345685679,20.243177926057484,20-21,39628446468410917,bright,DESI_DR1_V161,ZWARN0_DELTACHI2_GT25_ZCAT_PRIMARY
DESI002015,5.032207670455,10.206609453908,GALAXY,,0.496315983,20.55367407823269,20-21,39628031358144479,bright,DESI_DR1_V161,ZWARN0_DELTACHI2_GT25_ZCAT_PRIMARY
DESI002016,5.026332320007,9.499037433989,GALAXY,,0.185879145,20.622618774222072,20-21,39628013482021326,bright,DESI_DR1_V161,ZWARN0_DELTACHI2_GT25_ZCAT_PRIMARY
DESI002017,5.052360688366,16.867950093131,GALAXY,,0.612548925,20.54422342662827,20-21,39628184232133949,dark,DESI_DR1_V161,ZWARN0_DELTACHI2_GT25_ZCAT_PRIMARY
DESI002018,5.008017560949,1.22854748306,GALAXY,,0.202006079,20.00974574787014,20-21,39627815011746136,dark,DESI_DR1_V161,ZWARN0_DELTACHI2_GT25_ZCAT_PRIMARY
DESI002019,5.010895380269,10.692004955942,GALAXY,,0.353389689,20.4023188133966,20-21,39628043253190304,bright,DESI_DR1_V161,ZWARN0_DELTACHI2_GT25_ZCAT_PRIMARY
DESI002020,5.056172996264,28.856586074458,GALAXY,,0.22055336,20.033275518427388,20-21,39628451786789039,bright,DESI_DR1_V161,ZWARN0_DELTACHI2_GT25_ZCAT_PRIMARY
DESI002021,5.045345905866,24.405280827036,GALAXY,,0.661953034,20.812133505448504,20-21,39628359759562730,dark,DESI_DR1_V161,ZWARN0_DELTACHI2_GT25_ZCAT_PRIMARY
DESI002022,5.014896485397,9.077489898285,GALAXY,,0.359871334,20.054901543622165,20-21,39628001545031448,bright,DESI_DR1_V161,ZWARN0_DELTACHI2_GT25_ZCAT_PRIMARY
DESI002023,5.003042569231,12.820512425116,GALAXY,,0.288137725,20.345505562258957,20-21,39628090632046900,bright,DESI_DR1_V161,ZWARN0_DELTACHI2_GT25_ZCAT_PRIMARY
DESI002024,5.047768293013,0.076518589752,GALAXY,,0.669733976,20.979947885532948,20-21,39627784812758736,dark,DESI_DR1_V161,ZWARN0_DELTACHI2_GT25_ZCAT_PRIMARY
DESI002025,5.039491931166,14.956204828309,GALAXY,,0.523981989,20.527951688073095,20-21,39628143488666763,dark,DESI_DR1_V161,ZWARN0_DELTACHI2_GT25_ZCAT_PRIMARY
DESI002026,5.0393528991,10.045316159778,GALAXY,,0.378712985,20.179775007076834,20-21,39628025402232815,bright,DESI_DR1_V161,ZWARN0_DELTACHI2_GT25_ZCAT_PRIMARY
DESI002027,5.016906553903,10.647820201024,GALAXY,,0.081828072,20.126568901695478,20-21,39628043253190417,bright,DESI_DR1_V161,ZWARN0_DELTACHI2_GT25_ZCAT_PRIMARY
DESI002028,5.057935762304,11.025129668896,GALAXY,,0.692316472,20.567593987158837,20-21,39628049192324962,dark,DESI_DR1_V161,ZWARN0_DELTACHI2_GT25_ZCAT_PRIMARY
DESI002029,5.05345256997,11.148128374735,GALAXY,,0.330246301,20.698964963015076,20-21,39628055131459247,bright,DESI_DR1_V161,ZWARN0_DELTACHI2_GT25_ZCAT_PRIMARY
DESI002030,5.023277459781,20.093595246606,GALAXY,,0.230759771,20.106003329698837,20-21,39628258911719096,bright,DESI_DR1_V161,ZWARN0_DELTACHI2_GT25_ZCAT_PRIMARY
DESI002031,5.034962194426,1.703070668736,GALAXY,,0.332926793,20.175382804851765,20-21,39627827091342595,bright,DESI_DR1_V161,ZWARN0_DELTACHI2_GT25_ZCAT_PRIMARY
DESI002032,5.021787398896,-0.636524498456,GALAXY,,0.581391821,20.355118168691394,20-21,39627766693364571,dark,DESI_DR1_V161,ZWARN0_DELTACHI2_GT25_ZCAT_PRIMARY
DESI002033,5.014928471696,29.222623596725,GALAXY,,0.398906321,20.10364523708168,20-21,39628462381599248,bright,DESI_DR1_V161,ZWARN0_DELTACHI2_GT25_ZCAT_PRIMARY
DESI002034,5.004955046796,21.959857728863,GALAXY,,0.615399459,20.29115443587882,20-21,39628304126314729,dark,DESI_DR1_V161,ZWARN0_DELTACHI2_GT25_ZCAT_PRIMARY
DESI002035,5.042626056388,8.528899960665,GALAXY,,0.265135342,20.248870514574765,20-21,39627989591265584,bright,DESI_DR1_V161,ZWARN0_DELTACHI2_GT25_ZCAT_PRIMARY
DESI002036,5.030731118385,13.446676205892,GALAXY,,0.483217158,20.14296413169238,20-21,39628108306844408,dark,DESI_DR1_V161,ZWARN0_DELTACHI2_GT25_ZCAT_PRIMARY
DESI002037,5.002713887489,11.28318573893,GALAXY,,0.649047883,20.497848314809133,20-21,39628055131458358,dark,DESI_DR1_V161,ZWARN0_DELTACHI2_GT25_ZCAT_PRIMARY
DESI002038,5.024628713684,2.531101139329,GALAXY,,0.357844635,20.065610648885823,20-21,39627845210735469,bright,DESI_DR1_V161,ZWARN0_DELTACHI2_GT25_ZCAT_PRIMARY
DESI002039,5.043931149061,9.620658987027,GALAXY,,0.640914284,20.789684932940258,20-21,39628013482021636,dark,DESI_DR1_V161,ZWARN0_DELTACHI2_GT25_ZCAT_PRIMARY
DESI002040,5.008012764751,3.038884331854,GALAXY,,0.215800325,20.641094288671212,20-21,39627857290330393,dark,DESI_DR1_V161,ZWARN0_DELTACHI2_GT25_ZCAT_PRIMARY
DESI002041,5.026666646696,11.563474305189,GALAXY,,0.0692837197,20.004144555341192,20-21,39628061062205168,bright,DESI_DR1_V161,ZWARN0_DELTACHI2_GT25_ZCAT_PRIMARY
DESI002042,5.044032256118,0.535294887993,GALAXY,,0.14422763,20.421679180687455,20-21,39627796892353917,dark,DESI_DR1_V161,ZWARN0_DELTACHI2_GT25_ZCAT_PRIMARY
DESI002043,5.058039066002,7.300644181628,GALAXY,,0.566813724,20.285573899496544,20-21,39627959639736782,dark,DESI_DR1_V161,ZWARN0_DELTACHI2_GT25_ZCAT_PRIMARY
DESI002044,5.028862678093,10.474013594611,GALAXY,,0.283797882,20.371265543488914,20-21,39628037305667599,bright,DESI_DR1_V161,ZWARN0_DELTACHI2_GT25_ZCAT_PRIMARY
DESI002045,5.057577405165,6.522868627919,GALAXY,,0.460880023,20.736076191278194,20-21,39627941629395557,dark,DESI_DR1_V161,ZWARN0_DELTACHI2_GT25_ZCAT_PRIMARY
DESI002046,5.006305087453,3.537884992136,GALAXY,,0.375995721,20.18925654677922,20-21,39627869357351997,bright,DESI_DR1_V161,ZWARN0_DELTACHI2_GT25_ZCAT_PRIMARY
DESI002047,5.007502383578,10.445357773967,GALAXY,,0.299597017,20.146625228356474,20-21,39628037305667198,bright,DESI_DR1_V161,ZWARN0_DELTACHI2_GT25_ZCAT_PRIMARY
DESI002048,5.025678842324,10.671488020529,GALAXY,,0.353641192,20.055295622216903,20-21,39628043253190588,bright,DESI_DR1_V161,ZWARN0_DELTACHI2_GT25_ZCAT_PRIMARY
DESI002049,5.057795824867,26.79867695783,GALAXY,,0.460172719,20.47609734679316,20-21,39628408908415409,bright,DESI_DR1_V161,ZWARN0_DELTACHI2_GT25_ZCAT_PRIMARY
DESI002050,5.007598856358,18.074027352948,GALAXY,,0.622453,20.96549847626146,20-21,39628213114110327,dark,DESI_DR1_V161,ZWARN0_DELTACHI2_GT25_ZCAT_PRIMARY
DESI002051,35.001978040857,11.751951235088,GALAXY,,0.591958337,20.379359354899396,20-21,39628067479488080,bright,DESI_DR1_V161,ZWARN0_DELTACHI2_GT25_ZCAT_PRIMARY
DESI002052,35.034246697257,30.627525120543,GALAXY,,0.467522907,20.56507885107075,20-21,39628494296059498,bright,DESI_DR1_V161,ZWARN0_DELTACHI2_GT25_ZCAT_PRIMARY
DESI002053,35.01569559757,-17.131321833886,GALAXY,,0.490134179,20.043220905982853,20-21,39627374559494491,dark,DESI_DR1_V161,ZWARN0_DELTACHI2_GT25_ZCAT_PRIMARY
DESI002054,35.007200378461,3.57547599032,GALAXY,,0.407985953,20.197008067446024,20-21,39627869860665577,bright,DESI_DR1_V161,ZWARN0_DELTACHI2_GT25_ZCAT_PRIMARY
DESI002055,35.037814239321,22.855476043287,GALAXY,,0.647222387,20.552169073322254,20-21,39628321385875662,dark,DESI_DR1_V161,ZWARN0_DELTACHI2_GT25_ZCAT_PRIMARY
DESI002056,35.00606652134,21.323908783876,GALAXY,,0.317833966,20.469947162833446,20-21,39628287709810249,dark,DESI_DR1_V161,ZWARN0_DELTACHI2_GT25_ZCAT_PRIMARY
DESI002057,35.035041737559,-6.781094056246,GALAXY,,0.632747272,20.39164704396205,20-21,39627622522555479,dark,DESI_DR1_V161,ZWARN0_DELTACHI2_GT25_ZCAT_PRIMARY
DESI002058,35.020131479208,19.786396094676,GALAXY,,0.675582287,20.89638413375227,20-21,39628253694001765,dark,DESI_DR1_V161,ZWARN0_DELTACHI2_GT25_ZCAT_PRIMARY
DESI002059,35.038760299154,25.453451233169,GALAXY,,0.296650172,20.521348847337524,20-21,39628382165535525,dark,DESI_DR1_V161,ZWARN0_DELTACHI2_GT25_ZCAT_PRIMARY
DESI002060,35.040551497932,-15.961993537912,GALAXY,,0.333807187,20.053817138292008,20-21,39627403508588568,bright,DESI_DR1_V161,ZWARN0_DELTACHI2_GT25_ZCAT_PRIMARY
DESI002061,35.0332749818,-0.590418311756,GALAXY,,0.358024447,20.175606141583863,20-21,39627773236479145,bright,DESI_DR1_V161,ZWARN0_DELTACHI2_GT25_ZCAT_PRIMARY
DESI002062,35.039154950015,-4.36237216225,GALAXY,,0.166926311,20.130879086986496,20-21,39627682677268218,bright,DESI_DR1_V161,ZWARN0_DELTACHI2_GT25_ZCAT_PRIMARY
DESI002063,35.03397665421,-5.646112912861,GALAXY,,0.660683917,20.80774951693355,20-21,39627646555919492,dark,DESI_DR1_V161,ZWARN0_DELTACHI2_GT25_ZCAT_PRIMARY
DESI002064,35.005507843581,21.574095768391,GALAXY,,0.350283514,20.189336684069904,20-21,39628293346953187,bright,DESI_DR1_V161,ZWARN0_DELTACHI2_GT25_ZCAT_PRIMARY
DESI002065,35.036381991415,-10.392659514485,GALAXY,,0.470441286,20.061158554920947,20-21,39627532902858841,dark,DESI_DR1_V161,ZWARN0_DELTACHI2_GT25_ZCAT_PRIMARY
DESI002066,35.034279801917,-17.593408178445,GALAXY,,0.632061039,20.80874380499803,20-21,39627368783945268,dark,DESI_DR1_V161,ZWARN0_DELTACHI2_GT25_ZCAT_PRIMARY
DESI002067,35.019105074919,29.260200468974,GALAXY,,0.12963418,20.20965109123414,20-21,39628462822000337,bright,DESI_DR1_V161,ZWARN0_DELTACHI2_GT25_ZCAT_PRIMARY
DESI002068,35.034367139732,10.694578705096,GALAXY,,0.465141529,20.814551691104377,20-21,39628043748118369,dark,DESI_DR1_V161,ZWARN0_DELTACHI2_GT25_ZCAT_PRIMARY
DESI002069,35.03404539991,7.192592832478,GALAXY,,0.198686906,20.965585663934675,20-21,39627960138859327,dark,DESI_DR1_V161,ZWARN0_DELTACHI2_GT25_ZCAT_PRIMARY
DESI002070,35.005356440902,-16.684909380862,GALAXY,,0.24788222,20.185612678632804,20-21,39627386118997712,bright,DESI_DR1_V161,ZWARN0_DELTACHI2_GT25_ZCAT_PRIMARY
DESI002071,35.020364744839,-6.64069023809,GALAXY,,0.630511121,20.99438868182085,20-21,39627622522554959,dark,DESI_DR1_V161,ZWARN0_DELTACHI2_GT25_ZCAT_PRIMARY
DESI002072,35.030214861317,-0.628025070755,GALAXY,,0.245184923,20.0956750648907,20-21,39627767196681517,bright,DESI_DR1_V161,ZWARN0_DELTACHI2_GT25_ZCAT_PRIMARY
DESI002073,35.035242933594,14.82826182021,GALAXY,,0.727653846,20.954144845858327,20-21,39628138128345930,dark,DESI_DR1_V161,ZWARN0_DELTACHI2_GT25_ZCAT_PRIMARY
DESI002074,35.018942981904,30.544943000678,GALAXY,,0.349271542,20.49208298467006,20-21,39628489082536025,bright,DESI_DR1_V161,ZWARN0_DELTACHI2_GT25_ZCAT_PRIMARY
DESI002075,35.011288796258,26.251248513547,GALAXY,,0.177062796,20.037653848009118,20-21,39628398510739642,bright,DESI_DR1_V161,ZWARN0_DELTACHI2_GT25_ZCAT_PRIMARY
DESI002076,35.012941711853,14.3145960769,GALAXY,,0.471116758,20.54616264702727,20-21,39628126409462412,dark,DESI_DR1_V161,ZWARN0_DELTACHI2_GT25_ZCAT_PRIMARY
DESI002077,35.034483844003,-6.23124115615,GALAXY,,0.675326714,20.318483359768745,20-21,39627634535041867,bright,DESI_DR1_V161,ZWARN0_DELTACHI2_GT25_ZCAT_PRIMARY
DESI002078,35.01485965586,-8.223389987384,GALAXY,,0.599782198,20.53777772712039,20-21,39627586564789776,dark,DESI_DR1_V161,ZWARN0_DELTACHI2_GT25_ZCAT_PRIMARY
DESI002079,35.022232034929,-7.035589883077,GALAXY,,0.334409961,20.2005520011852,20-21,39627616524698515,bright,DESI_DR1_V161,ZWARN0_DELTACHI2_GT25_ZCAT_PRIMARY
DESI002080,35.014521746836,2.572773947738,GALAXY,,0.437592136,20.07117257950606,20-21,39627845714051693,bright,DESI_DR1_V161,ZWARN0_DELTACHI2_GT25_ZCAT_PRIMARY
DESI002081,35.008206992692,8.193843781828,GALAXY,,0.553059872,20.303546160983412,20-21,39627984109309203,dark,DESI_DR1_V161,ZWARN0_DELTACHI2_GT25_ZCAT_PRIMARY
DESI002082,35.02683523881,9.792773503991,GALAXY,,0.410731246,20.474475850526908,20-21,39628019945439974,dark,DESI_DR1_V161,ZWARN0_DELTACHI2_GT25_ZCAT_PRIMARY
DESI002083,35.031542209576,-4.905461249291,GALAXY,,0.190203355,20.188963191354574,20-21,39627664608204461,bright,DESI_DR1_V161,ZWARN0_DELTACHI2_GT25_ZCAT_PRIMARY
DESI002084,35.008273871951,-15.944004850905,GALAXY,,0.567671032,20.487633519369847,20-21,39627403508587413,dark,DESI_DR1_V161,ZWARN0_DELTACHI2_GT25_ZCAT_PRIMARY
DESI002085,35.038017808823,2.785759911576,GALAXY,,0.320254214,20.269234673670926,20-21,39627851753850407,bright,DESI_DR1_V161,ZWARN0_DELTACHI2_GT25_ZCAT_PRIMARY
DESI002086,35.010674623351,-16.250041204794,GALAXY,,0.558074215,20.73501803857026,20-21,39627397703668334,dark,DESI_DR1_V161,ZWARN0_DELTACHI2_GT25_ZCAT_PRIMARY
DESI002087,35.03173261275,-6.472231642304,GALAXY,,0.408591894,20.104450621787844,20-21,39627628528798531,bright,DESI_DR1_V161,ZWARN0_DELTACHI2_GT25_ZCAT_PRIMARY
DESI002088,35.022955842775,26.798393546402,GALAXY,,0.540989437,20.722653461730108,20-21,39628409357207385,dark,DESI_DR1_V161,ZWARN0_DELTACHI2_GT25_ZCAT_PRIMARY
DESI002089,35.027472095503,-6.576759391685,GALAXY,,0.516018054,20.27096403447523,20-21,39627628528798399,dark,DESI_DR1_V161,ZWARN0_DELTACHI2_GT25_ZCAT_PRIMARY
DESI002090,35.036990575036,10.28553025264,GALAXY,,0.120659365,20.003125987351787,20-21,39628031857262639,bright,DESI_DR1_V161,ZWARN0_DELTACHI2_GT25_ZCAT_PRIMARY
DESI002091,35.014318948594,-15.618759297031,GALAXY,,0.60606197,20.501067998946993,20-21,39627415147775796,dark,DESI_DR1_V161,ZWARN0_DELTACHI2_GT25_ZCAT_PRIMARY
DESI002092,35.022459750204,29.177960529229,GALAXY,,0.610927798,20.934123414343215,20-21,39628462822000377,dark,DESI_DR1_V161,ZWARN0_DELTACHI2_GT25_ZCAT_PRIMARY
DESI002093,35.037050632684,-10.043985268912,GALAXY,,0.567165412,20.492434946141437,20-21,39627544797906488,dark,DESI_DR1_V161,ZWARN0_DELTACHI2_GT25_ZCAT_PRIMARY
DESI002094,35.035066032334,1.061238198303,GALAXY,,0.408781518,20.139664725770118,20-21,39627809475265814,bright,DESI_DR1_V161,ZWARN0_DELTACHI2_GT25_ZCAT_PRIMARY
DESI002095,35.010554382832,-7.172579923575,GALAXY,,0.414753768,20.12842118693449,20-21,39627610526843482,bright,DESI_DR1_V161,ZWARN0_DELTACHI2_GT25_ZCAT_PRIMARY
DESI002096,35.020107440121,13.226530751739,GALAXY,,0.374263859,20.19541849326796,20-21,39628102908775490,bright,DESI_DR1_V161,ZWARN0_DELTACHI2_GT25_ZCAT_PRIMARY
DESI002097,35.028189499758,6.605289706951,GALAXY,,0.595766851,20.858808183860667,20-21,39627942128518716,dark,DESI_DR1_V161,ZWARN0_DELTACHI2_GT25_ZCAT_PRIMARY
DESI002098,35.036634525009,5.263244135923,GALAXY,,0.657963694,20.85527221540605,20-21,39627912055361027,dark,DESI_DR1_V161,ZWARN0_DELTACHI2_GT25_ZCAT_PRIMARY
DESI002099,35.007403699395,-1.979857366491,GALAXY,,0.347418308,20.02681161780636,20-21,39627736997691678,bright,DESI_DR1_V161,ZWARN0_DELTACHI2_GT25_ZCAT_PRIMARY
DESI002100,35.037411626607,-6.132055204769,GALAXY,,0.777150543,20.880054375849337,20-21,39627634535041962,dark,DESI_DR1_V161,ZWARN0_DELTACHI2_GT25_ZCAT_PRIMARY
DESI002101,125.034000871233,70.937256559492,GALAXY,,0.729797972,20.840175529504656,20-21,39633497500945267,dark,DESI_DR1_V161,ZWARN0_DELTACHI2_GT25_ZCAT_PRIMARY
DESI002102,125.015793659368,7.353852111678,GALAXY,,0.197082389,20.113380845214973,20-21,39627961636228034,dark,DESI_DR1_V161,ZWARN0_DELTACHI2_GT25_ZCAT_PRIMARY
DESI002103,125.03118818326,11.022056188285,GALAXY,,0.551254959,20.050143925867282,20-21,39628051172036999,dark,DESI_DR1_V161,ZWARN0_DELTACHI2_GT25_ZCAT_PRIMARY
DESI002104,125.032366295258,4.422145176644,GALAXY,,0.7423034,20.848132670818497,20-21,39627895492055510,dark,DESI_DR1_V161,ZWARN0_DELTACHI2_GT25_ZCAT_PRIMARY
DESI002105,125.03590820367,27.744283697463,GALAXY,,0.347583033,20.061263087108866,20-21,39628432232940545,bright,DESI_DR1_V161,ZWARN0_DELTACHI2_GT25_ZCAT_PRIMARY
DESI002106,125.022159645051,2.801673305295,GALAXY,,0.372809635,20.02664358568606,20-21,39627853263798957,bright,DESI_DR1_V161,ZWARN0_DELTACHI2_GT25_ZCAT_PRIMARY
DESI002107,125.013503569272,14.403863494767,GALAXY,,0.121502595,20.24649043293687,20-21,39628133736910666,dark,DESI_DR1_V161,ZWARN0_DELTACHI2_GT25_ZCAT_PRIMARY
DESI002108,125.03383191473,54.800038297577,GALAXY,,0.357863492,20.21637803575145,20-21,39633317850516013,bright,DESI_DR1_V161,ZWARN0_DELTACHI2_GT25_ZCAT_PRIMARY
DESI002109,125.022029079231,37.372915334346,GALAXY,,0.508325879,20.82482392626621,20-21,39633024115017153,dark,DESI_DR1_V161,ZWARN0_DELTACHI2_GT25_ZCAT_PRIMARY
DESI002110,125.020774304858,8.311492832195,GALAXY,,0.663340865,20.67894305850408,20-21,39627985606673848,dark,DESI_DR1_V161,ZWARN0_DELTACHI2_GT25_ZCAT_PRIMARY
DESI002111,125.022533244839,29.47103497061,GALAXY,,0.519735397,20.122466556852707,20-21,39628469415445503,dark,DESI_DR1_V161,ZWARN0_DELTACHI2_GT25_ZCAT_PRIMARY
DESI002112,125.019760669746,29.15717496397,GALAXY,,0.573415708,20.747563955082878,20-21,39628464139014869,dark,DESI_DR1_V161,ZWARN0_DELTACHI2_GT25_ZCAT_PRIMARY
DESI002113,125.012954991433,26.352481919697,GALAXY,,0.609346744,20.76606072312674,20-21,39628399869691752,dark,DESI_DR1_V161,ZWARN0_DELTACHI2_GT25_ZCAT_PRIMARY
DESI002114,125.009608868495,63.276871138187,GALAXY,,0.473763078,20.41203756477892,20-21,39633424163538122,dark,DESI_DR1_V161,ZWARN0_DELTACHI2_GT25_ZCAT_PRIMARY
DESI002115,125.022321411296,10.244971243738,GALAXY,,0.406262809,20.114818452958158,20-21,39628033342048582,dark,DESI_DR1_V161,ZWARN0_DELTACHI2_GT25_ZCAT_PRIMARY
DESI002116,125.00148784488,56.245934493076,GALAXY,,0.535238299,20.973791427777318,20-21,39633338486489789,dark,DESI_DR1_V161,ZWARN0_DELTACHI2_GT25_ZCAT_PRIMARY
DESI002117,125.031568129627,56.792784069849,GALAXY,,0.435505674,20.088617916929536,20-21,39633345188989602,dark,DESI_DR1_V161,ZWARN0_DELTACHI2_GT25_ZCAT_PRIMARY
DESI002118,125.006188976558,25.261930505074,GALAXY,,0.612187085,20.73758932322808,20-21,39628378063508037,dark,DESI_DR1_V161,ZWARN0_DELTACHI2_GT25_ZCAT_PRIMARY
DESI002119,125.00228568545,26.229279325764,GALAXY,,0.328739571,20.23141381908511,20-21,39628399869691527,bright,DESI_DR1_V161,ZWARN0_DELTACHI2_GT25_ZCAT_PRIMARY
DESI002120,125.02886194493,54.387226438739,GALAXY,,0.173108075,20.270559991909163,20-21,39633314335689908,bright,DESI_DR1_V161,ZWARN0_DELTACHI2_GT25_ZCAT_PRIMARY
DESI002121,125.003741279216,4.791245628984,GALAXY,,0.589528163,20.92686601979592,20-21,39636697608097202,dark,DESI_DR1_V161,ZWARN0_DELTACHI2_GT25_ZCAT_PRIMARY
DESI002122,125.009039128888,22.8997737229,GALAXY,,0.557748938,20.353091728305834,20-21,39628328356807492,dark,DESI_DR1_V161,ZWARN0_DELTACHI2_GT25_ZCAT_PRIMARY
DESI002123,125.003737756465,27.651308290282,GALAXY,,0.476114376,20.383524831076013,20-21,39628432232939907,dark,DESI_DR1_V161,ZWARN0_DELTACHI2_GT25_ZCAT_PRIMARY
DESI002124,125.02114374216,54.682141351114,GALAXY,,0.554787173,20.173848766471338,20-21,39633317850515889,bright,DESI_DR1_V161,ZWARN0_DELTACHI2_GT25_ZCAT_PRIMARY
DESI002125,125.027636794048,11.485313805389,GALAXY,,0.303502054,20.139648673725723,20-21,39628063037720606,bright,DESI_DR1_V161,ZWARN0_DELTACHI2_GT25_ZCAT_PRIMARY
DESI002126,125.036881232322,34.529091970461,GALAXY,,0.688270173,20.514452795166573,20-21,39632970134324503,dark,DESI_DR1_V161,ZWARN0_DELTACHI2_GT25_ZCAT_PRIMARY
DESI002127,125.018272901798,13.950302174202,GALAXY,,0.496221876,20.001283012225752,20-21,39628122013829962,dark,DESI_DR1_V161,ZWARN0_DELTACHI2_GT25_ZCAT_PRIMARY
DESI002128,125.005875125805,2.19512925493,GALAXY,,0.625083899,20.378715903652054,20-21,39627841184202967,dark,DESI_DR1_V161,ZWARN0_DELTACHI2_GT25_ZCAT_PRIMARY
DESI002129,125.027354133827,32.104331507336,GALAXY,,0.399074057,20.382900534788583,20-21,39628521445786156,bright,DESI_DR1_V161,ZWARN0_DELTACHI2_GT25_ZCAT_PRIMARY
DESI002130,125.019482588298,2.602840705369,GALAXY,,1.64294286,20.480097510179668,20-21,39627847224001024,dark,DESI_DR1_V161,ZWARN0_DELTACHI2_GT25_ZCAT_PRIMARY
DESI002131,125.006894547388,11.669312093386,GALAXY,,0.495644037,20.513143964137296,20-21,39628068960077271,dark,DESI_DR1_V161,ZWARN0_DELTACHI2_GT25_ZCAT_PRIMARY
DESI002132,125.029480505575,11.249053361508,GALAXY,,0.526029017,20.902270352307003,20-21,39628057111167625,dark,DESI_DR1_V161,ZWARN0_DELTACHI2_GT25_ZCAT_PRIMARY
DESI002133,125.008492103564,4.039182681426,GALAXY,,0.136609689,20.176195971386758,20-21,39627883433429484,bright,DESI_DR1_V161,ZWARN0_DELTACHI2_GT25_ZCAT_PRIMARY
DESI002134,125.012148478377,57.403500593865,GALAXY,,0.319944938,20.233077201788976,20-21,39633355083350953,dark,DESI_DR1_V161,ZWARN0_DELTACHI2_GT25_ZCAT_PRIMARY
DESI002135,125.014407226611,1.763074503262,GALAXY,,0.351882036,20.019150921325025,20-21,39627829104607639,dark,DESI_DR1_V161,ZWARN0_DELTACHI2_GT25_ZCAT_PRIMARY
DESI002136,125.013181746832,3.841310994514,GALAXY,,0.390907921,20.13936101193685,20-21,39627877402020439,bright,DESI_DR1_V161,ZWARN0_DELTACHI2_GT25_ZCAT_PRIMARY
DESI002137,125.03579368827,14.01695307777,GALAXY,,0.340512471,20.004373456091475,20-21,39628122013830318,bright,DESI_DR1_V161,ZWARN0_DELTACHI2_GT25_ZCAT_PRIMARY
DESI002138,125.015274101302,35.290784320539,GALAXY,,0.457511383,20.62608045024225,20-21,39632985040879961,dark,DESI_DR1_V161,ZWARN0_DELTACHI2_GT25_ZCAT_PRIMARY
DESI002139,125.001542853979,4.59733448101,GALAXY,,0.716085664,20.29872058238202,20-21,39627895492054748,dark,DESI_DR1_V161,ZWARN0_DELTACHI2_GT25_ZCAT_PRIMARY
DESI002140,125.021513121507,10.417491272802,GALAXY,,0.436290096,20.203486640752317,20-21,39628039289571738,bright,DESI_DR1_V161,ZWARN0_DELTACHI2_GT25_ZCAT_PRIMARY
DESI002141,125.03021867208,43.287776055746,GALAXY,,0.239000226,20.333860734137954,20-21,39633135079523657,bright,DESI_DR1_V161,ZWARN0_DELTACHI2_GT25_ZCAT_PRIMARY
DESI002142,125.002378607854,19.686656775668,GALAXY,,0.622039708,20.584469965372655,20-21,39628255115873917,dark,DESI_DR1_V161,ZWARN0_DELTACHI2_GT25_ZCAT_PRIMARY
DESI002143,125.007385850474,6.88431253803,GALAXY,,0.225343696,20.201801261203116,20-21,39627955638373529,bright,DESI_DR1_V161,ZWARN0_DELTACHI2_GT25_ZCAT_PRIMARY
DESI002144,125.011505254954,4.121392336883,GALAXY,,0.582774653,20.481201327616084,20-21,39627883433429571,dark,DESI_DR1_V161,ZWARN0_DELTACHI2_GT25_ZCAT_PRIMARY
DESI002145,125.023300745416,82.278709794491,GALAXY,,0.37555596,20.21362779373297,20-21,39633561174674825,bright,DESI_DR1_V161,ZWARN0_DELTACHI2_GT25_ZCAT_PRIMARY
DESI002146,125.005549431422,23.835509385377,GALAXY,,0.109562751,20.924505116514414,20-21,39628345020778573,dark,DESI_DR1_V161,ZWARN0_DELTACHI2_GT25_ZCAT_PRIMARY
DESI002147,125.03732874064,33.413290529769,GALAXY,,0.52473385,20.54274935469192,20-21,39632950047802065,bright,DESI_DR1_V161,ZWARN0_DELTACHI2_GT25_ZCAT_PRIMARY
DESI002148,125.030580503551,14.996531480017,GALAXY,,0.64841389,20.949277188471587,20-21,39628145434823087,dark,DESI_DR1_V161,ZWARN0_DELTACHI2_GT25_ZCAT_PRIMARY
DESI002149,125.005926041476,3.54173423431,GALAXY,,0.146055026,20.055910441956534,20-21,39627871370610707,bright,DESI_DR1_V161,ZWARN0_DELTACHI2_GT25_ZCAT_PRIMARY
DESI002150,125.030905596045,6.441429205455,GALAXY,,0.0783303653,20.856468708534173,20-21,39627943630079842,dark,DESI_DR1_V161,ZWARN0_DELTACHI2_GT25_ZCAT_PRIMARY
DESI002151,150.024284912691,9.065030480671,GALAXY,,0.513173526,20.791375974566343,20-21,39628003952560292,dark,DESI_DR1_V161,ZWARN0_DELTACHI2_GT25_ZCAT_PRIMARY
DESI002152,150.024189493565,66.515156522219,GALAXY,,0.244093981,20.048075318586243,20-21,39633457927687689,bright,DESI_DR1_V161,ZWARN0_DELTACHI2_GT25_ZCAT_PRIMARY
DESI002153,150.025271826182,-5.756998840594,GALAXY,,0.321287376,20.138936448830748,20-21,39627648476908462,bright,DESI_DR1_V161,ZWARN0_DELTACHI2_GT25_ZCAT_PRIMARY
DESI002154,150.013506950582,-6.906572191729,GALAXY,,0.129524146,20.0748886704702,20-21,39627618437304830,bright,DESI_DR1_V161,ZWARN0_DELTACHI2_GT25_ZCAT_PRIMARY
DESI002155,150.028193341651,6.057815791721,GALAXY,,0.507317906,20.43579708368503,20-21,39627932028636598,dark,DESI_DR1_V161,ZWARN0_DELTACHI2_GT25_ZCAT_PRIMARY
DESI002156,150.003996767238,4.350815829134,GALAXY,,0.538445628,20.227595138310296,20-21,39627889884267291,dark,DESI_DR1_V161,ZWARN0_DELTACHI2_GT25_ZCAT_PRIMARY
DESI002157,150.009875544067,29.651724364815,GALAXY,,0.432861256,20.13260011215727,20-21,39628475040009152,bright,DESI_DR1_V161,ZWARN0_DELTACHI2_GT25_ZCAT_PRIMARY
DESI002158,150.029214020769,-8.602281076749,GALAXY,,0.524278921,20.023256224318047,20-21,39627582496310581,dark,DESI_DR1_V161,ZWARN0_DELTACHI2_GT25_ZCAT_PRIMARY
DESI002159,150.019125750656,7.667724758501,GALAXY,,0.528819257,20.048901834308687,20-21,39627974047170898,bright,DESI_DR1_V161,ZWARN0_DELTACHI2_GT25_ZCAT_PRIMARY
DESI002160,150.022668801394,0.911434014837,GALAXY,,0.447144414,20.1139607246474,20-21,39627811404644904,dark,DESI_DR1_V161,ZWARN0_DELTACHI2_GT25_ZCAT_PRIMARY
DESI002161,150.00678094612,0.936981284676,GALAXY,,0.553394336,20.65867809335912,20-21,39627811404644560,dark,DESI_DR1_V161,ZWARN0_DELTACHI2_GT25_ZCAT_PRIMARY
DESI002162,150.025466892272,38.496317153859,GALAXY,,0.277374188,20.283024710150695,20-21,39633048362290927,bright,DESI_DR1_V161,ZWARN0_DELTACHI2_GT25_ZCAT_PRIMARY
DESI002163,150.017363012583,1.86288204704,GALAXY,,0.266085152,20.141997262731586,20-21,39627829524038017,bright,DESI_DR1_V161,ZWARN0_DELTACHI2_GT25_ZCAT_PRIMARY
DESI002164,150.022355503962,2.425457996272,GALAXY,,0.342037587,20.263892754913854,20-21,39627847643431480,bright,DESI_DR1_V161,ZWARN0_DELTACHI2_GT25_ZCAT_PRIMARY
DESI002165,150.025542274479,68.316837238065,GALAXY,,0.351190521,20.23471752908979,20-21,39633474319024886,bright,DESI_DR1_V161,ZWARN0_DELTACHI2_GT25_ZCAT_PRIMARY
DESI002166,150.002859360547,1.560896698793,GALAXY,,0.424649023,20.216488031430618,20-21,39627823484239961,dark,DESI_DR1_V161,ZWARN0_DELTACHI2_GT25_ZCAT_PRIMARY
DESI002167,150.022754587434,1.058278307948,GALAXY,,0.182280465,20.108184216600833,20-21,39627811404644908,bright,DESI_DR1_V161,ZWARN0_DELTACHI2_GT25_ZCAT_PRIMARY
DESI002168,150.023655176221,-6.37275715335,GALAXY,,0.504014921,20.072607573285833,20-21,39627636451839938,bright,DESI_DR1_V161,ZWARN0_DELTACHI2_GT25_ZCAT_PRIMARY
DESI002169,150.008259022036,7.156191781293,GALAXY,,0.572988534,20.879639314802738,20-21,39627962051464886,dark,DESI_DR1_V161,ZWARN0_DELTACHI2_GT25_ZCAT_PRIMARY
DESI002170,150.009822730659,0.515752393857,GALAXY,,0.17611491,20.160456226803515,20-21,39627799325049031,bright,DESI_DR1_V161,ZWARN0_DELTACHI2_GT25_ZCAT_PRIMARY
DESI002171,150.026493633128,4.135348584453,GALAXY,,0.351800045,20.19547698788876,20-21,39627889884267620,bright,DESI_DR1_V161,ZWARN0_DELTACHI2_GT25_ZCAT_PRIMARY
DESI002172,150.011150851528,36.529390302195,GALAXY,,0.273651815,20.209989612208503,20-21,39633009921492337,bright,DESI_DR1_V161,ZWARN0_DELTACHI2_GT25_ZCAT_PRIMARY
DESI002173,150.008032195868,66.408284101536,GALAXY,,0.343698546,20.173092109685264,20-21,39633457927687598,bright,DESI_DR1_V161,ZWARN0_DELTACHI2_GT25_ZCAT_PRIMARY
DESI002174,150.019614853505,5.108322447414,GALAXY,,0.503360852,20.357736924790842,20-21,39627907957524034,dark,DESI_DR1_V161,ZWARN0_DELTACHI2_GT25_ZCAT_PRIMARY
DESI002175,150.020254873919,20.798558298423,GALAXY,,0.206741729,20.04321864632739,20-21,39628278218099692,bright,DESI_DR1_V161,ZWARN0_DELTACHI2_GT25_ZCAT_PRIMARY
DESI002176,150.028173989047,43.313533965829,GALAXY,,0.318680971,20.163929371344572,20-21,39633135385707842,bright,DESI_DR1_V161,ZWARN0_DELTACHI2_GT25_ZCAT_PRIMARY
DESI002177,150.004199342965,1.83015133455,GALAXY,,0.710578139,20.898858522405895,20-21,39627829524037740,dark,DESI_DR1_V161,ZWARN0_DELTACHI2_GT25_ZCAT_PRIMARY
DESI002178,150.008667631331,2.291601323145,GALAXY,,0.122857589,20.712864286919533,20-21,39627841603633472,dark,DESI_DR1_V161,ZWARN0_DELTACHI2_GT25_ZCAT_PRIMARY
DESI002179,150.010524362616,15.055941439339,GALAXY,,0.595475278,20.536223413135254,20-21,39628145841668368,dark,DESI_DR1_V161,ZWARN0_DELTACHI2_GT25_ZCAT_PRIMARY
DESI002180,150.022532133779,38.568002747233,GALAXY,,0.10928305,20.174544744704964,20-21,39633048362290891,bright,DESI_DR1_V161,ZWARN0_DELTACHI2_GT25_ZCAT_PRIMARY
DESI002181,150.020973743559,9.332002938766,GALAXY,,0.320909583,20.202095490685082,20-21,39628009921056096,bright,DESI_DR1_V161,ZWARN0_DELTACHI2_GT25_ZCAT_PRIMARY
DESI002182,150.027320749444,-3.44028957446,GALAXY,,0.275392509,20.188490371054353,20-21,39627702700869291,bright,DESI_DR1_V161,ZWARN0_DELTACHI2_GT25_ZCAT_PRIMARY
DESI002183,150.028583282758,2.027644675454,GALAXY,,0.309160938,20.206271673949438,20-21,39627835563836008,bright,DESI_DR1_V161,ZWARN0_DELTACHI2_GT25_ZCAT_PRIMARY
DESI002184,150.012808093401,14.962246981041,GALAXY,,0.670447853,20.807571327030736,20-21,39628145841668419,dark,DESI_DR1_V161,ZWARN0_DELTACHI2_GT25_ZCAT_PRIMARY
DESI002185,150.023460095887,-6.460927561161,GALAXY,,0.217297085,20.79717063706555,20-21,39627630445596843,dark,DESI_DR1_V161,ZWARN0_DELTACHI2_GT25_ZCAT_PRIMARY
DESI002186,150.01809155102,-2.249165694047,GALAXY,,0.237841245,20.23464070970526,20-21,39627732887273885,bright,DESI_DR1_V161,ZWARN0_DELTACHI2_GT25_ZCAT_PRIMARY
DESI002187,150.013440649819,-8.17739177858,GALAXY,,0.277898379,20.0655748950104,20-21,39627588477387865,bright,DESI_DR1_V161,ZWARN0_DELTACHI2_GT25_ZCAT_PRIMARY
DESI002188,150.007474675373,7.597202710959,GALAXY,,0.173170556,20.00703660867888,20-21,39627968049320020,bright,DESI_DR1_V161,ZWARN0_DELTACHI2_GT25_ZCAT_PRIMARY
DESI002189,150.006518088635,4.270681598914,GALAXY,,0.387070885,20.294155493962364,20-21,39627889884267332,bright,DESI_DR1_V161,ZWARN0_DELTACHI2_GT25_ZCAT_PRIMARY
DESI002190,150.006007415152,-7.938627305573,GALAXY,,0.406342884,20.04249692708457,20-21,39627594462658709,bright,DESI_DR1_V161,ZWARN0_DELTACHI2_GT25_ZCAT_PRIMARY
DESI002191,150.02819315596,-3.155182989945,GALAXY,,0.312038906,20.15993526851034,20-21,39627708732278527,bright,DESI_DR1_V161,ZWARN0_DELTACHI2_GT25_ZCAT_PRIMARY
DESI002192,150.006350510499,53.854188787124,GALAXY,,0.439673134,20.059201870759146,20-21,39633303912843767,bright,DESI_DR1_V161,ZWARN0_DELTACHI2_GT25_ZCAT_PRIMARY
DESI002193,150.010687677291,8.560271341592,GALAXY,,0.575420432,20.001480867887967,20-21,39627992002987105,bright,DESI_DR1_V161,ZWARN0_DELTACHI2_GT25_ZCAT_PRIMARY
DESI002194,150.013125837229,64.598082019455,GALAXY,,0.243720407,20.20418353997636,20-21,39633437744693328,bright,DESI_DR1_V161,ZWARN0_DELTACHI2_GT25_ZCAT_PRIMARY
DESI002195,150.028273430047,1.346970613779,GALAXY,,0.168026794,20.843683847391098,20-21,39627817444442835,dark,DESI_DR1_V161,ZWARN0_DELTACHI2_GT25_ZCAT_PRIMARY
DESI002196,150.00759789914,35.235548615035,GALAXY,,0.335170959,20.154505280478578,20-21,39632985380621454,bright,DESI_DR1_V161,ZWARN0_DELTACHI2_GT25_ZCAT_PRIMARY
DESI002197,150.004646667055,6.129495795836,GALAXY,,0.564469246,20.587105056615027,20-21,39627938039074251,dark,DESI_DR1_V161,ZWARN0_DELTACHI2_GT25_ZCAT_PRIMARY
DESI002198,150.00317718579,-5.503576312274,GALAXY,,0.678540521,20.97889352581074,20-21,39627654491540306,dark,DESI_DR1_V161,ZWARN0_DELTACHI2_GT25_ZCAT_PRIMARY
DESI002199,150.012372331542,27.623030098274,GALAXY,,0.201023237,20.1185721899202,20-21,39628427241719693,bright,DESI_DR1_V161,ZWARN0_DELTACHI2_GT25_ZCAT_PRIMARY
DESI002200,150.016738852271,9.835128895392,GALAXY,,0.303441639,20.225982908539674,20-21,39628021845462679,bright,DESI_DR1_V161,ZWARN0_DELTACHI2_GT25_ZCAT_PRIMARY
DESI002201,175.002377924573,2.217976658858,GALAXY,,0.291791417,20.213179785978642,20-21,39627842023063627,bright,DESI_DR1_V161,ZWARN0_DELTACHI2_GT25_ZCAT_PRIMARY
DESI002202,175.016871982207,51.21733886476,GALAXY,,0.28147236,20.235004639113992,20-21,39633267242043149,bright,DESI_DR1_V161,ZWARN0_DELTACHI2_GT25_ZCAT_PRIMARY
DESI002203,175.029265942848,31.325707186977,GALAXY,,0.549882632,20.952979421713632,20-21,39628506690228723,dark,DESI_DR1_V161,ZWARN0_DELTACHI2_GT25_ZCAT_PRIMARY
DESI002204,175.017641627462,23.511995861605,GALAXY,,0.73654087,20.948379605176356,20-21,39628340247661962,dark,DESI_DR1_V161,ZWARN0_DELTACHI2_GT25_ZCAT_PRIMARY
DESI002205,175.012403777932,11.114734639427,GALAXY,,0.57119468,20.916462692598618,20-21,39628051998312194,dark,DESI_DR1_V161,ZWARN0_DELTACHI2_GT25_ZCAT_PRIMARY
DESI002206,175.016644373942,33.918760378558,GALAXY,,0.327043558,20.15101718420971,20-21,39632960814581183,bright,DESI_DR1_V161,ZWARN0_DELTACHI2_GT25_ZCAT_PRIMARY
DESI002207,175.005723501817,-5.839203908911,GALAXY,,0.41353652,20.27745345405638,20-21,39627648896336466,bright,DESI_DR1_V161,ZWARN0_DELTACHI2_GT25_ZCAT_PRIMARY
DESI002208,175.016550614042,-7.595594565089,GALAXY,,0.534525566,20.08964096444585,20-21,39627606861022174,dark,DESI_DR1_V161,ZWARN0_DELTACHI2_GT25_ZCAT_PRIMARY
DESI002209,175.001438002581,31.755660502764,GALAXY,,0.138926857,20.663348397252083,20-21,39628517012410470,dark,DESI_DR1_V161,ZWARN0_DELTACHI2_GT25_ZCAT_PRIMARY
DESI002210,175.019342986485,-2.751750553474,GALAXY,,0.60614808,20.832332366813276,20-21,39627721227108789,dark,DESI_DR1_V161,ZWARN0_DELTACHI2_GT25_ZCAT_PRIMARY
DESI002211,175.023080429973,-1.900238912508,GALAXY,,0.226084764,20.06058552977889,20-21,39627739346502270,bright,DESI_DR1_V161,ZWARN0_DELTACHI2_GT25_ZCAT_PRIMARY
DESI002212,175.017800046247,-3.952754255445,GALAXY,,0.512818126,20.24368604889329,20-21,39627691057480140,dark,DESI_DR1_V161,ZWARN0_DELTACHI2_GT25_ZCAT_PRIMARY
DESI002213,175.027782071116,-4.354021555863,GALAXY,,0.794963969,20.45134087638925,20-21,39627685026071264,dark,DESI_DR1_V161,ZWARN0_DELTACHI2_GT25_ZCAT_PRIMARY
DESI002214,175.000871574168,3.845250309306,GALAXY,,0.789291676,20.57867667739174,20-21,39627878240878785,dark,DESI_DR1_V161,ZWARN0_DELTACHI2_GT25_ZCAT_PRIMARY
DESI002215,175.025990651027,0.710936148775,GALAXY,,0.3855578,20.138473814734603,20-21,39627805784277574,bright,DESI_DR1_V161,ZWARN0_DELTACHI2_GT25_ZCAT_PRIMARY
DESI002216,175.010870590702,34.077520142044,GALAXY,,0.292039831,20.090641371220347,20-21,39632960814581121,bright,DESI_DR1_V161,ZWARN0_DELTACHI2_GT25_ZCAT_PRIMARY
DESI002217,175.019139051915,-8.777335067507,GALAXY,,0.529007472,20.231086015188662,20-21,39627576934663573,bright,DESI_DR1_V161,ZWARN0_DELTACHI2_GT25_ZCAT_PRIMARY
DESI002218,175.002608499748,36.774619881644,GALAXY,,0.273618167,20.211644218875726,20-21,39633015114043024,bright,DESI_DR1_V161,ZWARN0_DELTACHI2_GT25_ZCAT_PRIMARY
DESI002219,175.027962430955,34.621473739298,GALAXY,,0.39091556,20.188142992286185,20-21,39632970826385292,bright,DESI_DR1_V161,ZWARN0_DELTACHI2_GT25_ZCAT_PRIMARY
DESI002220,175.009155936135,-7.878550190712,GALAXY,,0.28034909,20.119781466299894,20-21,39627594877895612,bright,DESI_DR1_V161,ZWARN0_DELTACHI2_GT25_ZCAT_PRIMARY
DESI002221,175.019665026034,-0.208832482903,GALAXY,,0.354298772,20.168881546248205,20-21,39627781625086366,bright,DESI_DR1_V161,ZWARN0_DELTACHI2_GT25_ZCAT_PRIMARY
DESI002222,175.022965446137,66.529085681502,GALAXY,,0.29700961,20.113913695856738,20-21,39633458099650609,bright,DESI_DR1_V161,ZWARN0_DELTACHI2_GT25_ZCAT_PRIMARY
DESI002223,175.028008172448,55.370604494541,GALAXY,,0.530854317,20.841883475297053,20-21,39633325295405018,dark,DESI_DR1_V161,ZWARN0_DELTACHI2_GT25_ZCAT_PRIMARY
DESI002224,175.00904976471,59.418976096118,GALAXY,,0.583783887,20.076768975559713,20-21,39633380903488467,bright,DESI_DR1_V161,ZWARN0_DELTACHI2_GT25_ZCAT_PRIMARY
DESI002225,175.010365864115,-5.144436413445,GALAXY,,0.337837019,20.352390050808832,20-21,39627660929794516,dark,DESI_DR1_V161,ZWARN0_DELTACHI2_GT25_ZCAT_PRIMARY
DESI002226,175.006249479345,63.639954490895,GALAXY,,0.211776108,20.100889466092216,20-21,39633429964259801,bright,DESI_DR1_V161,ZWARN0_DELTACHI2_GT25_ZCAT_PRIMARY
DESI002227,175.023021219593,-7.340435400703,GALAXY,,0.233372747,20.110319013939673,20-21,39627612858876766,bright,DESI_DR1_V161,ZWARN0_DELTACHI2_GT25_ZCAT_PRIMARY
DESI002228,175.019004174575,3.256623229787,GALAXY,,0.248251655,20.438853932773867,20-21,39627866178060779,dark,DESI_DR1_V161,ZWARN0_DELTACHI2_GT25_ZCAT_PRIMARY
DESI002229,175.026371114076,-3.744470355032,GALAXY,,0.413617879,20.128540955493374,20-21,39627697088889575,bright,DESI_DR1_V161,ZWARN0_DELTACHI2_GT25_ZCAT_PRIMARY
DESI002230,175.018414106593,36.894469855458,GALAXY,,0.205321652,20.8504827501013,20-21,39633019958460682,dark,DESI_DR1_V161,ZWARN0_DELTACHI2_GT25_ZCAT_PRIMARY
DESI002231,175.008232203675,-2.371081411006,GALAXY,,0.373710014,20.294070081609547,20-21,39627733306704065,dark,DESI_DR1_V161,ZWARN0_DELTACHI2_GT25_ZCAT_PRIMARY
DESI002232,175.007757820145,3.143364797535,GALAXY,,0.282443351,20.98962934492103,20-21,39627866178060571,dark,DESI_DR1_V161,ZWARN0_DELTACHI2_GT25_ZCAT_PRIMARY
DESI002233,175.023125645906,32.943074099862,GALAXY,,0.36549904,20.004746340636277,20-21,39632940627395406,bright,DESI_DR1_V161,ZWARN0_DELTACHI2_GT25_ZCAT_PRIMARY
DESI002234,175.02041061534,27.98195582513,GALAXY,,0.599439412,20.789801781941968,20-21,39628438323070663,dark,DESI_DR1_V161,ZWARN0_DELTACHI2_GT25_ZCAT_PRIMARY
DESI002235,175.027283288276,0.201355159196,GALAXY,,0.594582032,20.812183972797985,20-21,39627793704681844,dark,DESI_DR1_V161,ZWARN0_DELTACHI2_GT25_ZCAT_PRIMARY
DESI002236,175.008105589179,64.925114432065,GALAXY,,0.379334836,20.095607479055598,20-21,39633443109210099,bright,DESI_DR1_V161,ZWARN0_DELTACHI2_GT25_ZCAT_PRIMARY
DESI002237,175.021127400144,-0.502947299335,GALAXY,,0.124410097,20.134317726100004,20-21,39627775585288619,bright,DESI_DR1_V161,ZWARN0_DELTACHI2_GT25_ZCAT_PRIMARY
DESI002238,175.026935471578,0.248603940914,GALAXY,,0.337778285,20.204690776064133,20-21,39627793704681841,bright,DESI_DR1_V161,ZWARN0_DELTACHI2_GT25_ZCAT_PRIMARY
DESI002239,175.013640386634,64.978747722229,GALAXY,,0.347027671,20.026690320486395,20-21,39633443109210134,bright,DESI_DR1_V161,ZWARN0_DELTACHI2_GT25_ZCAT_PRIMARY
DESI002240,175.019841890093,40.188712112349,GALAXY,,0.688010345,20.576312975464734,20-21,39633081459543196,dark,DESI_DR1_V161,ZWARN0_DELTACHI2_GT25_ZCAT_PRIMARY
DESI002241,175.01392181243,-2.746507976584,GALAXY,,0.605055499,20.701180825848805,20-21,39627721227108680,dark,DESI_DR1_V161,ZWARN0_DELTACHI2_GT25_ZCAT_PRIMARY
DESI002242,175.025439036791,33.517697165858,GALAXY,,0.274863003,20.00475070261678,20-21,39632950748251725,bright,DESI_DR1_V161,ZWARN0_DELTACHI2_GT25_ZCAT_PRIMARY
DESI002243,175.003895641363,32.037658401443,GALAXY,,0.31479992,20.20914284940094,20-21,39628522158817380,bright,DESI_DR1_V161,ZWARN0_DELTACHI2_GT25_ZCAT_PRIMARY
DESI002244,175.019639646013,-5.120120729786,GALAXY,,0.177918586,20.051985243105506,20-21,39627666952815490,dark,DESI_DR1_V161,ZWARN0_DELTACHI2_GT25_ZCAT_PRIMARY
DESI002245,175.01151342483,-1.279100308344,GALAXY,,0.313755155,20.123406449823555,20-21,39627757465895132,bright,DESI_DR1_V161,ZWARN0_DELTACHI2_GT25_ZCAT_PRIMARY
DESI002246,175.004516662133,-7.036318793691,GALAXY,,0.244345254,20.15194216856075,20-21,39627618856731244,bright,DESI_DR1_V161,ZWARN0_DELTACHI2_GT25_ZCAT_PRIMARY
DESI002247,175.030114920476,1.989975361836,GALAXY,,0.283172595,20.14806898950658,20-21,39627835983266482,bright,DESI_DR1_V161,ZWARN0_DELTACHI2_GT25_ZCAT_PRIMARY
DESI002248,175.021322847786,5.91031750564,GALAXY,,0.496877799,20.185450382759576,20-21,39627932448064162,dark,DESI_DR1_V161,ZWARN0_DELTACHI2_GT25_ZCAT_PRIMARY
DESI002249,175.011677112831,19.001620971883,GALAXY,,0.11432453,20.07541343114027,20-21,39628238783251109,bright,DESI_DR1_V161,ZWARN0_DELTACHI2_GT25_ZCAT_PRIMARY
DESI002250,175.013034922358,51.56897467075,GALAXY,,0.550463315,20.303115457984553,20-21,39633271025305411,dark,DESI_DR1_V161,ZWARN0_DELTACHI2_GT25_ZCAT_PRIMARY
DESI002251,200.007213616756,-1.472870914974,GALAXY,,0.64848182,20.457159621850302,20-21,39627751845527688,dark,DESI_DR1_V161,ZWARN0_DELTACHI2_GT25_ZCAT_PRIMARY
DESI002252,200.030572789688,38.499075007312,GALAXY,,0.663021843,20.8834173318564,20-21,39633049020796085,dark,DESI_DR1_V161,ZWARN0_DELTACHI2_GT25_ZCAT_PRIMARY
DESI002253,200.008648436067,19.396309494778,GALAXY,,0.245752242,20.105936294905963,20-21,39628250602801917,bright,DESI_DR1_V161,ZWARN0_DELTACHI2_GT25_ZCAT_PRIMARY
DESI002254,200.002151603564,34.099048328039,GALAXY,,0.286409553,20.087901885885376,20-21,39632961162708639,bright,DESI_DR1_V161,ZWARN0_DELTACHI2_GT25_ZCAT_PRIMARY
DESI002255,200.010486460849,19.761340413989,GALAXY,,0.692336693,20.704021917945255,20-21,39628256302860742,dark,DESI_DR1_V161,ZWARN0_DELTACHI2_GT25_ZCAT_PRIMARY
DESI002256,200.025709589507,40.147212846202,GALAXY,,0.472977451,20.090230715403724,20-21,39633081782502395,bright,DESI_DR1_V161,ZWARN0_DELTACHI2_GT25_ZCAT_PRIMARY
DESI002257,200.026582220277,-1.095374687871,GALAXY,,0.532588253,20.356701934701608,20-21,39627763925123709,dark,DESI_DR1_V161,ZWARN0_DELTACHI2_GT25_ZCAT_PRIMARY
DESI002258,200.011338581674,-9.196688507924,GALAXY,,0.122658829,20.197552335291668,20-21,39627565408715008,bright,DESI_DR1_V161,ZWARN0_DELTACHI2_GT25_ZCAT_PRIMARY
DESI002259,200.025763554147,55.937888280928,GALAXY,,1.23899331,20.190053012216346,20-21,39633335806332563,bright,DESI_DR1_V161,ZWARN0_DELTACHI2_GT25_ZCAT_PRIMARY
DESI002260,200.02652155081,7.996336890626,GALAXY,,0.702033083,20.783445071834468,20-21,39627980867111188,dark,DESI_DR1_V161,ZWARN0_DELTACHI2_GT25_ZCAT_PRIMARY
DESI002261,200.015166795758,58.072018516587,GALAXY,,0.538557728,20.10810625230328,20-21,39633362234640917,bright,DESI_DR1_V161,ZWARN0_DELTACHI2_GT25_ZCAT_PRIMARY
DESI002262,200.008065043506,7.537479538846,GALAXY,,0.226254662,20.079515525897186,20-21,39627968883984627,bright,DESI_DR1_V161,ZWARN0_DELTACHI2_GT25_ZCAT_PRIMARY
DESI002263,200.007288633414,32.417106766951,GALAXY,,0.216066959,20.145164768552824,20-21,39632930795948280,bright,DESI_DR1_V161,ZWARN0_DELTACHI2_GT25_ZCAT_PRIMARY
DESI002264,200.014506055693,1.178786174343,GALAXY,,0.531572033,20.217087239707283,20-21,39627818283303258,dark,DESI_DR1_V161,ZWARN0_DELTACHI2_GT25_ZCAT_PRIMARY
DESI002265,200.032422644176,-2.588397266436,GALAXY,,0.100344393,20.83700001118647,20-21,39627727686337252,dark,DESI_DR1_V161,ZWARN0_DELTACHI2_GT25_ZCAT_PRIMARY
DESI002266,200.011035066572,38.048706588594,GALAXY,,0.510869739,20.430268905567928,20-21,39633039512306582,dark,DESI_DR1_V161,ZWARN0_DELTACHI2_GT25_ZCAT_PRIMARY
DESI002267,200.013795544609,2.111183592974,GALAXY,,0.595569996,20.21098207359377,20-21,39627836402696576,dark,DESI_DR1_V161,ZWARN0_DELTACHI2_GT25_ZCAT_PRIMARY
DESI002268,200.030058418716,31.278398439076,GALAXY,,0.384922276,20.112873554058133,20-21,39628507050937856,bright,DESI_DR1_V161,ZWARN0_DELTACHI2_GT25_ZCAT_PRIMARY
DESI002269,200.017109412697,2.696961478079,GALAXY,,0.297008901,20.04013859276343,20-21,39627854522089910,bright,DESI_DR1_V161,ZWARN0_DELTACHI2_GT25_ZCAT_PRIMARY
DESI002270,200.021343325184,-2.456682416313,GALAXY,,0.721571207,20.652311821230477,20-21,39627727686336981,dark,DESI_DR1_V161,ZWARN0_DELTACHI2_GT25_ZCAT_PRIMARY
DESI002271,200.009270696709,-2.073158348528,GALAXY,,0.470498171,20.067251980750516,20-21,39627739765932222,bright,DESI_DR1_V161,ZWARN0_DELTACHI2_GT25_ZCAT_PRIMARY
DESI002272,200.008615765824,7.488481723828,GALAXY,,0.168386337,20.13913760193259,20-21,39627968883984643,bright,DESI_DR1_V161,ZWARN0_DELTACHI2_GT25_ZCAT_PRIMARY
DESI002273,200.017050317484,1.206738990445,GALAXY,,0.532013649,20.123258055580994,20-21,39627818283303321,dark,DESI_DR1_V161,ZWARN0_DELTACHI2_GT25_ZCAT_PRIMARY
DESI002274,200.01335097943,1.331724919955,GALAXY,,0.526948411,20.61674917301825,20-21,39627818283303230,dark,DESI_DR1_V161,ZWARN0_DELTACHI2_GT25_ZCAT_PRIMARY
DESI002275,200.001654309227,-2.455599487412,GALAXY,,0.568310744,20.740916202590924,20-21,39627727686336587,dark,DESI_DR1_V161,ZWARN0_DELTACHI2_GT25_ZCAT_PRIMARY
DESI002276,200.00170242227,44.979106034075,GALAXY,,0.495475554,20.3934800209097,20-21,39633166436142139,dark,DESI_DR1_V161,ZWARN0_DELTACHI2_GT25_ZCAT_PRIMARY
DESI002277,200.001151420542,-4.728020751606,GALAXY,,0.243533821,20.08604570291579,20-21,39627673391075423,bright,DESI_DR1_V161,ZWARN0_DELTACHI2_GT25_ZCAT_PRIMARY
DESI002278,200.016359269157,32.294185548077,GALAXY,,0.57503934,20.4976594206402,20-21,39628527636582823,dark,DESI_DR1_V161,ZWARN0_DELTACHI2_GT25_ZCAT_PRIMARY
DESI002279,200.021992306949,-1.854541091534,GALAXY,,0.59366502,20.364720928163806,20-21,39627745805730261,dark,DESI_DR1_V161,ZWARN0_DELTACHI2_GT25_ZCAT_PRIMARY
DESI002280,200.026969890816,-3.937357658287,GALAXY,,0.415264461,20.27843800843899,20-21,39627691472719915,dark,DESI_DR1_V161,ZWARN0_DELTACHI2_GT25_ZCAT_PRIMARY
DESI002281,200.017985112403,35.165294886527,GALAXY,,0.667799316,20.52298569061386,20-21,39632986068485650,dark,DESI_DR1_V161,ZWARN0_DELTACHI2_GT25_ZCAT_PRIMARY
DESI002282,200.01418388643,-4.971584851521,GALAXY,,0.606766622,20.647919341974724,20-21,39627667368054911,dark,DESI_DR1_V161,ZWARN0_DELTACHI2_GT25_ZCAT_PRIMARY
DESI002283,200.021668888883,33.828888624405,GALAXY,,0.181806334,20.05735629685133,20-21,39632956137933674,bright,DESI_DR1_V161,ZWARN0_DELTACHI2_GT25_ZCAT_PRIMARY
DESI002284,200.003638871591,-6.913944670054,GALAXY,,0.34660282,20.113026559917817,20-21,39627619271969075,bright,DESI_DR1_V161,ZWARN0_DELTACHI2_GT25_ZCAT_PRIMARY
DESI002285,200.016901741162,59.591346227237,GALAXY,,0.27459491,20.16549244104521,20-21,39633381117397950,bright,DESI_DR1_V161,ZWARN0_DELTACHI2_GT25_ZCAT_PRIMARY
DESI002286,200.014379415969,-8.887056276216,GALAXY,,0.502212887,20.07875643801151,20-21,39627571377210225,bright,DESI_DR1_V161,ZWARN0_DELTACHI2_GT25_ZCAT_PRIMARY
DESI002287,200.012122609806,32.581946740381,GALAXY,,0.527286257,20.50412624032387,20-21,39632930795948332,dark,DESI_DR1_V161,ZWARN0_DELTACHI2_GT25_ZCAT_PRIMARY
DESI002288,200.016976528383,57.256530508094,GALAXY,,0.454458657,20.122843389048366,20-21,39633352491271841,bright,DESI_DR1_V161,ZWARN0_DELTACHI2_GT25_ZCAT_PRIMARY
DESI002289,200.027407452226,54.070684272278,GALAXY,,0.289857212,20.229763713753133,20-21,39633307989705936,bright,DESI_DR1_V161,ZWARN0_DELTACHI2_GT25_ZCAT_PRIMARY
DESI002290,200.013515301155,20.026024931901,GALAXY,,0.22905972,20.199997090530548,20-21,39628261994530639,bright,DESI_DR1_V161,ZWARN0_DELTACHI2_GT25_ZCAT_PRIMARY
DESI002291,200.021543549743,36.392825715476,GALAXY,,0.285851186,20.01085498643546,20-21,39633010596775774,dark,DESI_DR1_V161,ZWARN0_DELTACHI2_GT25_ZCAT_PRIMARY
DESI002292,200.006020885089,32.370460386998,GALAXY,,0.187795735,20.512068105548604,20-21,39628527636582672,dark,DESI_DR1_V161,ZWARN0_DELTACHI2_GT25_ZCAT_PRIMARY
DESI002293,200.021107761587,46.902599414147,GALAXY,,0.269657735,20.093171271584612,20-21,39633200108014545,bright,DESI_DR1_V161,ZWARN0_DELTACHI2_GT25_ZCAT_PRIMARY
DESI002294,200.015277134999,20.450201679491,GALAXY,,0.740944825,20.40968362728226,20-21,39628273348509954,dark,DESI_DR1_V161,ZWARN0_DELTACHI2_GT25_ZCAT_PRIMARY
DESI002295,200.026659446734,38.309486617422,GALAXY,,0.422423055,20.021206061084165,20-21,39633044277035360,bright,DESI_DR1_V161,ZWARN0_DELTACHI2_GT25_ZCAT_PRIMARY
DESI002296,200.02272828998,35.626647985391,GALAXY,,0.165531315,20.143050832941164,20-21,39632995929293528,bright,DESI_DR1_V161,ZWARN0_DELTACHI2_GT25_ZCAT_PRIMARY
DESI002297,200.00717485439,20.788533543565,GALAXY,,0.649929881,20.823022093447687,20-21,39628279002435227,dark,DESI_DR1_V161,ZWARN0_DELTACHI2_GT25_ZCAT_PRIMARY
DESI002298,200.002158357878,-2.27477264417,GALAXY,,0.569051671,20.70319785806369,20-21,39627733726134369,dark,DESI_DR1_V161,ZWARN0_DELTACHI2_GT25_ZCAT_PRIMARY
DESI002299,200.002383768427,-7.005051090268,GALAXY,,0.533776503,20.26912894065141,20-21,39627619271969050,bright,DESI_DR1_V161,ZWARN0_DELTACHI2_GT25_ZCAT_PRIMARY
DESI002300,200.015185906747,-7.282692681864,GALAXY,,0.527057394,20.242250603730355,20-21,39627613274114761,bright,DESI_DR1_V161,ZWARN0_DELTACHI2_GT25_ZCAT_PRIMARY
DESI002301,225.025083431056,38.686287325432,GALAXY,,0.359808793,20.17661108702075,20-21,39633054079126683,bright,DESI_DR1_V161,ZWARN0_DELTACHI2_GT25_ZCAT_PRIMARY
DESI002302,225.011982999005,32.805373539796,GALAXY,,0.375102854,20.098144237335845,20-21,39632936248544636,bright,DESI_DR1_V161,ZWARN0_DELTACHI2_GT25_ZCAT_PRIMARY
DESI002303,225.011014984768,-1.73055763088,GALAXY,,0.586700931,20.724054917816918,20-21,39627746225160579,dark,DESI_DR1_V161,ZWARN0_DELTACHI2_GT25_ZCAT_PRIMARY
DESI002304,225.002116244504,-0.206842127485,GALAXY,,0.13021914,20.078543988472745,20-21,39627782463946862,bright,DESI_DR1_V161,ZWARN0_DELTACHI2_GT25_ZCAT_PRIMARY
DESI002305,225.000813622669,4.429958142716,GALAXY,,0.297322202,20.305083727947178,20-21,39627897165581339,dark,DESI_DR1_V161,ZWARN0_DELTACHI2_GT25_ZCAT_PRIMARY
DESI002306,225.009314674184,-4.898021871246,GALAXY,,0.217818917,20.20457541474059,20-21,39627667787484923,bright,DESI_DR1_V161,ZWARN0_DELTACHI2_GT25_ZCAT_PRIMARY
DESI002307,225.023024202296,-1.143483482541,GALAXY,,0.321025802,20.181945051468414,20-21,39627758304756344,bright,DESI_DR1_V161,ZWARN0_DELTACHI2_GT25_ZCAT_PRIMARY
DESI002308,225.014631915771,9.522694700078,GALAXY,,0.58143496,20.530571541920782,20-21,39628017126871345,dark,DESI_DR1_V161,ZWARN0_DELTACHI2_GT25_ZCAT_PRIMARY
DESI002309,225.013330254614,34.321557492051,GALAXY,,0.274517498,20.090172905649343,20-21,39632966523028640,bright,DESI_DR1_V161,ZWARN0_DELTACHI2_GT25_ZCAT_PRIMARY
DESI002310,225.004716802687,33.876530950498,GALAXY,,0.509554317,20.18131359830023,20-21,39632961510836188,bright,DESI_DR1_V161,ZWARN0_DELTACHI2_GT25_ZCAT_PRIMARY
DESI002311,225.003524104824,-2.959994431437,GALAXY,,0.190521768,20.196970317355724,20-21,39627716026171570,bright,DESI_DR1_V161,ZWARN0_DELTACHI2_GT25_ZCAT_PRIMARY
DESI002312,225.002291588747,3.082580628369,GALAXY,,0.555073877,20.222416423185983,20-21,39627860981317710,dark,DESI_DR1_V161,ZWARN0_DELTACHI2_GT25_ZCAT_PRIMARY
DESI002313,225.010418225544,32.970892295845,GALAXY,,0.526355203,20.080868016821086,20-21,39632941332038966,bright,DESI_DR1_V161,ZWARN0_DELTACHI2_GT25_ZCAT_PRIMARY
DESI002314,225.023267348261,0.93500708395,GALAXY,,0.565768326,20.147802725516847,20-21,39627812662936064,dark,DESI_DR1_V161,ZWARN0_DELTACHI2_GT25_ZCAT_PRIMARY
DESI002315,225.028191371375,37.569911939732,GALAXY,,0.37537611,20.11395590108794,20-21,39633030268061456,bright,DESI_DR1_V161,ZWARN0_DELTACHI2_GT25_ZCAT_PRIMARY
DESI002316,225.011888293723,43.843809768514,GALAXY,,0.481565573,20.254070251261755,20-21,39633145091328217,bright,DESI_DR1_V161,ZWARN0_DELTACHI2_GT25_ZCAT_PRIMARY
DESI002317,225.014786947261,34.24762225922,GALAXY,,0.568043536,20.248688926280725,20-21,39632966523028658,dark,DESI_DR1_V161,ZWARN0_DELTACHI2_GT25_ZCAT_PRIMARY
DESI002318,225.001790979086,3.072089861541,GALAXY,,0.653617506,20.730593536165703,20-21,39627860981317699,dark,DESI_DR1_V161,ZWARN0_DELTACHI2_GT25_ZCAT_PRIMARY
DESI002319,225.011436732615,30.451549516336,GALAXY,,0.509129081,20.220279747928952,20-21,39628491834002025,dark,DESI_DR1_V161,ZWARN0_DELTACHI2_GT25_ZCAT_PRIMARY
DESI002320,225.003911238072,35.84672694191,GALAXY,,0.357916433,20.20453477901185,20-21,39632996269033335,bright,DESI_DR1_V161,ZWARN0_DELTACHI2_GT25_ZCAT_PRIMARY
DESI002321,225.020868040223,-5.748478695552,GALAXY,,0.428686968,20.239120128326793,20-21,39627649731004945,bright,DESI_DR1_V161,ZWARN0_DELTACHI2_GT25_ZCAT_PRIMARY
DESI002322,225.007672767016,-0.092424288488,GALAXY,,0.569005323,20.38645020239715,20-21,39627788503744783,dark,DESI_DR1_V161,ZWARN0_DELTACHI2_GT25_ZCAT_PRIMARY
DESI002323,225.01840596207,-6.161261435806,GALAXY,,0.673036381,20.61025190891819,20-21,39627637705933379,dark,DESI_DR1_V161,ZWARN0_DELTACHI2_GT25_ZCAT_PRIMARY
DESI002324,225.001598081804,5.372320278669,GALAXY,,0.167236386,20.81624740110759,20-21,39627915234642431,dark,DESI_DR1_V161,ZWARN0_DELTACHI2_GT25_ZCAT_PRIMARY
DESI002325,225.028047732818,-1.783928355568,GALAXY,,0.692368986,20.932869027058064,20-21,39627746225161035,dark,DESI_DR1_V161,ZWARN0_DELTACHI2_GT25_ZCAT_PRIMARY
DESI002326,225.004007235763,33.545776015653,GALAXY,,0.391762614,20.22804645618736,20-21,39632951448700981,bright,DESI_DR1_V161,ZWARN0_DELTACHI2_GT25_ZCAT_PRIMARY
DESI002327,225.007435180367,38.182208883201,GALAXY,,0.214129562,20.053039316733077,20-21,39633044604194231,bright,DESI_DR1_V161,ZWARN0_DELTACHI2_GT25_ZCAT_PRIMARY
DESI002328,225.021806589161,-3.495044612466,GALAXY,,0.494471141,20.401722915475567,20-21,39627703954969960,dark,DESI_DR1_V161,ZWARN0_DELTACHI2_GT25_ZCAT_PRIMARY
DESI002329,225.016365231852,-6.85116198503,GALAXY,,0.423905215,20.0681556564167,20-21,39627625693446625,bright,DESI_DR1_V161,ZWARN0_DELTACHI2_GT25_ZCAT_PRIMARY
DESI002330,225.011379456893,9.235413747615,GALAXY,,0.531783987,20.67441344351126,20-21,39628011162570577,dark,DESI_DR1_V161,ZWARN0_DELTACHI2_GT25_ZCAT_PRIMARY
DESI002331,225.012342939088,34.723933307921,GALAXY,,0.5758407,20.24461459856313,20-21,39632976501277810,bright,DESI_DR1_V161,ZWARN0_DELTACHI2_GT25_ZCAT_PRIMARY
DESI002332,225.002030382632,-3.1333925421,GALAXY,,0.536446581,20.01574165337384,20-21,39627709986379040,dark,DESI_DR1_V161,ZWARN0_DELTACHI2_GT25_ZCAT_PRIMARY
DESI002333,225.021010234929,-0.342270977215,GALAXY,,0.715962447,20.853140426011567,20-21,39627782463947396,dark,DESI_DR1_V161,ZWARN0_DELTACHI2_GT25_ZCAT_PRIMARY
DESI002334,225.00136915261,33.800652826551,GALAXY,,0.216247314,20.145724627645883,20-21,39632956490252340,bright,DESI_DR1_V161,ZWARN0_DELTACHI2_GT25_ZCAT_PRIMARY
DESI002335,225.028864487024,-0.512493061555,GALAXY,,0.23689856,20.029867435475666,20-21,39627776424149805,bright,DESI_DR1_V161,ZWARN0_DELTACHI2_GT25_ZCAT_PRIMARY
DESI002336,225.020943129408,-2.126430590392,GALAXY,,0.155551671,20.50412969498539,20-21,39627734145565176,dark,DESI_DR1_V161,ZWARN0_DELTACHI2_GT25_ZCAT_PRIMARY
DESI002337,225.020199438364,46.849663887194,GALAXY,,0.299231226,20.126974009848297,20-21,39633196253449251,bright,DESI_DR1_V161,ZWARN0_DELTACHI2_GT25_ZCAT_PRIMARY
DESI002338,225.018517774462,39.603177423254,GALAXY,,0.707583208,20.929720212192507,20-21,39633068167791901,dark,DESI_DR1_V161,ZWARN0_DELTACHI2_GT25_ZCAT_PRIMARY
DESI002339,225.004765625864,4.440142664097,GALAXY,,0.164580525,20.034323901586202,20-21,39627897165581409,bright,DESI_DR1_V161,ZWARN0_DELTACHI2_GT25_ZCAT_PRIMARY
DESI002340,225.007183847296,-4.152049229203,GALAXY,,0.56371613,20.23018103803689,20-21,39627685860742122,bright,DESI_DR1_V161,ZWARN0_DELTACHI2_GT25_ZCAT_PRIMARY
DESI002341,225.012531151402,34.343323306749,GALAXY,,0.810469227,20.91894535302863,20-21,39632966523028624,dark,DESI_DR1_V161,ZWARN0_DELTACHI2_GT25_ZCAT_PRIMARY
DESI002342,225.003158250886,-1.299941393166,GALAXY,,0.310841223,20.134375477274176,20-21,39627758304755852,bright,DESI_DR1_V161,ZWARN0_DELTACHI2_GT25_ZCAT_PRIMARY
DESI002343,225.003560128437,12.385031055865,GALAXY,,0.562360424,20.388002764402522,20-21,39628088337760349,dark,DESI_DR1_V161,ZWARN0_DELTACHI2_GT25_ZCAT_PRIMARY
DESI002344,225.025771947838,46.496723817707,GALAXY,,0.583124152,20.722266952837572,20-21,39633192096892253,dark,DESI_DR1_V161,ZWARN0_DELTACHI2_GT25_ZCAT_PRIMARY
DESI002345,225.010685937926,20.83156319694,GALAXY,,0.491222856,20.204363077078074,20-21,39628279396698862,bright,DESI_DR1_V161,ZWARN0_DELTACHI2_GT25_ZCAT_PRIMARY
DESI002346,225.003156865945,12.156027135963,GALAXY,,0.599145748,20.730140377068505,20-21,39628082432180393,dark,DESI_DR1_V161,ZWARN0_DELTACHI2_GT25_ZCAT_PRIMARY
DESI002347,225.02795581331,36.725809599006,GALAXY,,0.376478952,20.06678310543715,20-21,39633015789324520,bright,DESI_DR1_V161,ZWARN0_DELTACHI2_GT25_ZCAT_PRIMARY
DESI002348,225.029614112293,31.976651613012,GALAXY,,0.315454181,20.14116107715298,20-21,39628522871849432,bright,DESI_DR1_V161,ZWARN0_DELTACHI2_GT25_ZCAT_PRIMARY
DESI002349,225.027224367623,43.284041003471,GALAXY,,0.325139859,20.196648843911,20-21,39633136304261890,bright,DESI_DR1_V161,ZWARN0_DELTACHI2_GT25_ZCAT_PRIMARY
DESI002350,225.016186822434,47.033051246913,GALAXY,,0.205999312,20.071734982425063,20-21,39633200397419819,bright,DESI_DR1_V161,ZWARN0_DELTACHI2_GT25_ZCAT_PRIMARY
DESI002351,330.04465338054,16.233040867914,GALAXY,,0.289828019,20.056136801577555,20-21,39628177869378719,bright,DESI_DR1_V161,ZWARN0_DELTACHI2_GT25_ZCAT_PRIMARY
DESI002352,330.051647189442,27.216704974577,GALAXY,,0.376933424,20.07278171123902,20-21,39628424557365670,bright,DESI_DR1_V161,ZWARN0_DELTACHI2_GT25_ZCAT_PRIMARY
DESI002353,330.049016206048,9.465473036405,GALAXY,,0.28090359,20.175645708880953,20-21,39628018867507555,bright,DESI_DR1_V161,ZWARN0_DELTACHI2_GT25_ZCAT_PRIMARY
DESI002354,330.046365725685,-4.52831185544,GALAXY,,0.709621647,20.723822273502893,20-21,39627681590938335,dark,DESI_DR1_V161,ZWARN0_DELTACHI2_GT25_ZCAT_PRIMARY
DESI002355,330.019038972895,4.298464004621,GALAXY,,0.490055839,20.118455937720753,20-21,39627892899972577,bright,DESI_DR1_V161,ZWARN0_DELTACHI2_GT25_ZCAT_PRIMARY
DESI002356,330.00519431815,25.673473138445,GALAXY,,0.0895552912,20.114880003826947,20-21,39628392093455210,bright,DESI_DR1_V161,ZWARN0_DELTACHI2_GT25_ZCAT_PRIMARY
DESI002357,330.015257102516,2.62983184178,GALAXY,,0.408804078,20.965310914394802,20-21,39627856703127945,dark,DESI_DR1_V161,ZWARN0_DELTACHI2_GT25_ZCAT_PRIMARY
DESI002358,330.026491952232,-10.923925368549,GALAXY,,0.502587698,20.311950258332065,20-21,39627525889983228,dark,DESI_DR1_V161,ZWARN0_DELTACHI2_GT25_ZCAT_PRIMARY
DESI002359,330.024446132788,20.502310392271,GALAXY,,0.293205293,20.200879858148248,20-21,39628275391140104,bright,DESI_DR1_V161,ZWARN0_DELTACHI2_GT25_ZCAT_PRIMARY
DESI002360,330.049447071897,-10.867357571289,GALAXY,,0.600077226,20.399049334709307,20-21,39627531829118254,dark,DESI_DR1_V161,ZWARN0_DELTACHI2_GT25_ZCAT_PRIMARY
DESI002361,330.018741340239,6.179383947619,GALAXY,,0.320214266,20.017275050887473,20-21,39627941042196202,bright,DESI_DR1_V161,ZWARN0_DELTACHI2_GT25_ZCAT_PRIMARY
DESI002362,330.017812126002,15.236850453546,GALAXY,,0.0890396103,20.239032171786874,20-21,39628154599375316,bright,DESI_DR1_V161,ZWARN0_DELTACHI2_GT25_ZCAT_PRIMARY
DESI002363,330.033961038746,27.478832385876,GALAXY,,0.317398797,20.28347147893043,20-21,39628429926075347,bright,DESI_DR1_V161,ZWARN0_DELTACHI2_GT25_ZCAT_PRIMARY
DESI002364,330.04401484631,0.330984165501,GALAXY,,0.272729751,20.251491222818963,20-21,39627796305151950,bright,DESI_DR1_V161,ZWARN0_DELTACHI2_GT25_ZCAT_PRIMARY
DESI002365,330.018334682523,-8.705162041302,GALAXY,,0.513727418,20.040496918943937,20-21,39627579505772819,bright,DESI_DR1_V161,ZWARN0_DELTACHI2_GT25_ZCAT_PRIMARY
DESI002366,330.037318486548,14.185754601438,GALAXY,,0.307460473,20.283243138793445,20-21,39628131216134347,bright,DESI_DR1_V161,ZWARN0_DELTACHI2_GT25_ZCAT_PRIMARY
DESI002367,330.029418726322,0.27628024884,GALAXY,,0.608538098,20.617876439903064,20-21,39627796305151325,dark,DESI_DR1_V161,ZWARN0_DELTACHI2_GT25_ZCAT_PRIMARY
DESI002368,330.045821152781,-9.249210034863,GALAXY,,0.28453346,20.03883024201039,20-21,39627567560395797,bright,DESI_DR1_V161,ZWARN0_DELTACHI2_GT25_ZCAT_PRIMARY
DESI002369,330.027372337907,19.09365707313,GALAXY,,0.190640145,20.17578739715814,20-21,39628241245309467,bright,DESI_DR1_V161,ZWARN0_DELTACHI2_GT25_ZCAT_PRIMARY
DESI002370,330.050788347472,11.032292994356,GALAXY,,0.58475171,20.065180527155594,20-21,39628054556837263,bright,DESI_DR1_V161,ZWARN0_DELTACHI2_GT25_ZCAT_PRIMARY
DESI002371,330.043671099174,3.468747317499,GALAXY,,0.489742906,20.258243637672916,20-21,39627874805745505,bright,DESI_DR1_V161,ZWARN0_DELTACHI2_GT25_ZCAT_PRIMARY
DESI002372,330.007286673462,1.608859947773,GALAXY,,0.0930081457,20.00608410878827,20-21,39627826504139153,dark,DESI_DR1_V161,ZWARN0_DELTACHI2_GT25_ZCAT_PRIMARY
DESI002373,330.023837215554,8.106489792043,GALAXY,,0.406831161,20.1723856085906,20-21,39627983031370185,bright,DESI_DR1_V161,ZWARN0_DELTACHI2_GT25_ZCAT_PRIMARY
DESI002374,330.024018948773,20.997604924757,GALAXY,,0.352281358,20.044795899459682,20-21,39628286690596829,bright,DESI_DR1_V161,ZWARN0_DELTACHI2_GT25_ZCAT_PRIMARY
DESI002375,330.004021655575,-8.260925765001,GALAXY,,0.468105912,20.0334199470013,20-21,39627591467926496,bright,DESI_DR1_V161,ZWARN0_DELTACHI2_GT25_ZCAT_PRIMARY
DESI002376,330.008642308513,7.961034142677,GALAXY,,0.658331503,20.802289192874316,20-21,39627983031369916,dark,DESI_DR1_V161,ZWARN0_DELTACHI2_GT25_ZCAT_PRIMARY
DESI002377,330.0234213863,-11.981239956752,GALAXY,,0.205409711,20.064612289777642,20-21,39627502175391136,bright,DESI_DR1_V161,ZWARN0_DELTACHI2_GT25_ZCAT_PRIMARY
DESI002378,330.044306116393,24.610556957967,GALAXY,,0.229709449,20.18199383752266,20-21,39628364725622116,bright,DESI_DR1_V161,ZWARN0_DELTACHI2_GT25_ZCAT_PRIMARY
DESI002379,330.049874821933,2.176468839346,GALAXY,,0.136875278,20.258355202965,20-21,39627844623533323,bright,DESI_DR1_V161,ZWARN0_DELTACHI2_GT25_ZCAT_PRIMARY
DESI002380,330.017706078245,13.977521219929,GALAXY,,0.476671185,20.03397768878996,20-21,39628125352496463,bright,DESI_DR1_V161,ZWARN0_DELTACHI2_GT25_ZCAT_PRIMARY
DESI002381,330.03545659017,-1.282699157628,GALAXY,,0.445825527,20.313511375033794,20-21,39627760066364685,bright,DESI_DR1_V161,ZWARN0_DELTACHI2_GT25_ZCAT_PRIMARY
DESI002382,330.016964832287,1.914967416399,GALAXY,,0.636841706,20.883490821680066,20-21,39627838583734803,dark,DESI_DR1_V161,ZWARN0_DELTACHI2_GT25_ZCAT_PRIMARY
DESI002383,330.014936334544,26.478306397744,GALAXY,,0.451600161,20.051207594170034,20-21,39628408379935036,bright,DESI_DR1_V161,ZWARN0_DELTACHI2_GT25_ZCAT_PRIMARY
DESI002384,330.027626534151,11.962361065435,GALAXY,,0.393385098,20.148556894834023,20-21,39628078246269040,bright,DESI_DR1_V161,ZWARN0_DELTACHI2_GT25_ZCAT_PRIMARY
DESI002385,330.002566412045,4.016268696468,GALAXY,,0.593817546,20.508826093400696,20-21,39627886868563180,dark,DESI_DR1_V161,ZWARN0_DELTACHI2_GT25_ZCAT_PRIMARY
DESI002386,330.009513943062,15.834901857469,GALAXY,,0.475391049,20.130094254433377,20-21,39628166251153415,dark,DESI_DR1_V161,ZWARN0_DELTACHI2_GT25_ZCAT_PRIMARY
DESI002387,330.040419828262,3.842903233377,GALAXY,,0.614290066,20.62425175771906,20-21,39627880837154489,dark,DESI_DR1_V161,ZWARN0_DELTACHI2_GT25_ZCAT_PRIMARY
DESI002388,330.01378241924,16.242625107739,GALAXY,,0.864195925,20.885940877933894,20-21,39628177869377907,dark,DESI_DR1_V161,ZWARN0_DELTACHI2_GT25_ZCAT_PRIMARY
DESI002389,330.029047398286,-11.914335454542,GALAXY,,0.386985405,20.207825951422468,20-21,39627502175391248,bright,DESI_DR1_V161,ZWARN0_DELTACHI2_GT25_ZCAT_PRIMARY
DESI002390,330.041041584548,15.855508117654,GALAXY,,0.371705703,20.144909141789345,20-21,39628166251154093,bright,DESI_DR1_V161,ZWARN0_DELTACHI2_GT25_ZCAT_PRIMARY
DESI002391,330.008950501887,16.922594748345,GALAXY,,0.461024382,20.100131960728753,20-21,39628195237987756,bright,DESI_DR1_V161,ZWARN0_DELTACHI2_GT25_ZCAT_PRIMARY
DESI002392,330.036763714109,4.733027415298,GALAXY,,0.0915413447,20.084866359127716,20-21,39627904946014843,bright,DESI_DR1_V161,ZWARN0_DELTACHI2_GT25_ZCAT_PRIMARY
DESI002393,330.023800519981,18.042553215618,GALAXY,,0.402996808,20.12016221874664,20-21,39628218306663644,bright,DESI_DR1_V161,ZWARN0_DELTACHI2_GT25_ZCAT_PRIMARY
DESI002394,330.024288834509,13.32433689916,GALAXY,,0.32492849,20.26742888828754,20-21,39628107736416830,bright,DESI_DR1_V161,ZWARN0_DELTACHI2_GT25_ZCAT_PRIMARY
DESI002395,330.047745693631,-2.533963477581,GALAXY,,0.596629042,20.82700775429874,20-21,39627729867375797,dark,DESI_DR1_V161,ZWARN0_DELTACHI2_GT25_ZCAT_PRIMARY
DESI002396,330.035416296867,19.111442488454,GALAXY,,0.371179605,20.07552749250937,20-21,39628241245309663,bright,DESI_DR1_V161,ZWARN0_DELTACHI2_GT25_ZCAT_PRIMARY
DESI002397,330.018617785366,16.748743516484,GALAXY,,0.304949028,20.08651356649895,20-21,39628189458235857,bright,DESI_DR1_V161,ZWARN0_DELTACHI2_GT25_ZCAT_PRIMARY
DESI002398,330.023273282815,-0.784216462716,GALAXY,,0.572577114,20.599294450377943,20-21,39627772145959878,dark,DESI_DR1_V161,ZWARN0_DELTACHI2_GT25_ZCAT_PRIMARY
DESI002399,330.022123763332,-6.633865011548,GALAXY,,0.263910323,20.034098682654843,20-21,39627627442475410,bright,DESI_DR1_V161,ZWARN0_DELTACHI2_GT25_ZCAT_PRIMARY
DESI002400,330.044751854219,-6.964280177552,GALAXY,,0.270474337,20.090942381446165,20-21,39627621440422005,dark,DESI_DR1_V161,ZWARN0_DELTACHI2_GT25_ZCAT_PRIMARY
DESI002401,5.093575368448,0.413920553509,GALAXY,,0.843743134,21.89368369772678,21-22,39627796892355439,dark,DESI_DR1_V161,ZWARN0_DELTACHI2_GT25_ZCAT_PRIMARY
DESI002402,5.073192942272,1.702337855868,GALAXY,,0.739347333,21.237152197944653,21-22,39627827091343927,dark,DESI_DR1_V161,ZWARN0_DELTACHI2_GT25_ZCAT_PRIMARY
DESI002403,5.006063141878,22.193878620707,GALAXY,,1.36087453,21.74677376447157,21-22,39628309738293014,dark,DESI_DR1_V161,ZWARN0_DELTACHI2_GT25_ZCAT_PRIMARY
DESI002404,5.093291267271,7.756881101945,GALAXY,,0.712305301,21.67987197556522,21-22,39627971635447077,dark,DESI_DR1_V161,ZWARN0_DELTACHI2_GT25_ZCAT_PRIMARY
DESI002405,5.05652184542,23.416399234576,GALAXY,,0.69688001,21.033894648630024,21-22,39628337630415537,dark,DESI_DR1_V161,ZWARN0_DELTACHI2_GT25_ZCAT_PRIMARY
DESI002406,5.077615352593,-0.437494350182,GALAXY,,0.654520331,21.671183763367704,21-22,39627772733164071,dark,DESI_DR1_V161,ZWARN0_DELTACHI2_GT25_ZCAT_PRIMARY
DESI002407,5.033956596311,19.29214300219,GALAXY,,0.906734445,21.93802657920596,21-22,39628241803149576,dark,DESI_DR1_V161,ZWARN0_DELTACHI2_GT25_ZCAT_PRIMARY
DESI002408,5.021368385748,8.824208561033,GALAXY,,0.601527224,21.04020727488197,21-22,39627995572342165,dark,DESI_DR1_V161,ZWARN0_DELTACHI2_GT25_ZCAT_PRIMARY
DESI002409,5.000810507473,16.389376633921,GALAXY,,0.03997412,21.034105698773708,21-22,39628178435605594,dark,DESI_DR1_V161,ZWARN0_DELTACHI2_GT25_ZCAT_PRIMARY
DESI002410,5.026031310715,1.447195571437,GALAXY,,0.791709382,21.401834099617822,21-22,39627821051544431,dark,DESI_DR1_V161,ZWARN0_DELTACHI2_GT25_ZCAT_PRIMARY
DESI002411,5.044370252679,6.754939858579,GALAXY,,0.784922925,21.51649637319,21-22,39627947635638642,dark,DESI_DR1_V161,ZWARN0_DELTACHI2_GT25_ZCAT_PRIMARY
DESI002412,5.070007981389,7.107660653143,GALAXY,,0.674962959,21.370522401679203,21-22,39627953641882314,dark,DESI_DR1_V161,ZWARN0_DELTACHI2_GT25_ZCAT_PRIMARY
DESI002413,5.069760914689,7.103967644904,GALAXY,,0.689683487,21.14846940665243,21-22,39627953641882306,dark,DESI_DR1_V161,ZWARN0_DELTACHI2_GT25_ZCAT_PRIMARY
DESI002414,5.017960480175,19.71483385508,GALAXY,,0.619941865,21.03491932915725,21-22,39628253215854288,dark,DESI_DR1_V161,ZWARN0_DELTACHI2_GT25_ZCAT_PRIMARY
DESI002415,5.048449677415,2.017252664867,GALAXY,,0.916619919,21.64454555502657,21-22,39627833131140616,dark,DESI_DR1_V161,ZWARN0_DELTACHI2_GT25_ZCAT_PRIMARY
DESI002416,5.101461398085,26.253186072016,GALAXY,,0.766812649,21.42969137407986,21-22,39628398061946694,dark,DESI_DR1_V161,ZWARN0_DELTACHI2_GT25_ZCAT_PRIMARY
DESI002417,5.048143990063,12.257715042262,GALAXY,,0.740191562,21.8712938022529,21-22,39628078820887981,dark,DESI_DR1_V161,ZWARN0_DELTACHI2_GT25_ZCAT_PRIMARY
DESI002418,5.027436119521,1.14160734115,GALAXY,,0.834217195,21.18778345686277,21-22,39627815011746778,dark,DESI_DR1_V161,ZWARN0_DELTACHI2_GT25_ZCAT_PRIMARY
DESI002419,5.049557267684,8.947657462591,GALAXY,,0.779221345,21.61065304099491,21-22,39628001545032008,dark,DESI_DR1_V161,ZWARN0_DELTACHI2_GT25_ZCAT_PRIMARY
DESI002420,5.030511657322,-0.519957118191,GALAXY,,0.683254852,21.060472204325283,21-22,39627772733162513,dark,DESI_DR1_V161,ZWARN0_DELTACHI2_GT25_ZCAT_PRIMARY
DESI002421,5.058562804914,-2.031855629461,GALAXY,,0.632567087,21.032533657438552,21-22,39627736494376889,dark,DESI_DR1_V161,ZWARN0_DELTACHI2_GT25_ZCAT_PRIMARY
DESI002422,5.054387567198,0.254240348359,GALAXY,,0.589977304,21.221762513259325,21-22,39627790852556640,dark,DESI_DR1_V161,ZWARN0_DELTACHI2_GT25_ZCAT_PRIMARY
DESI002423,5.066020140183,19.20962553748,GALAXY,,0.603052096,21.053453541612242,21-22,39628241803150215,dark,DESI_DR1_V161,ZWARN0_DELTACHI2_GT25_ZCAT_PRIMARY
DESI002424,5.096188180802,22.192930435311,GALAXY,,0.728351413,21.64777480312716,21-22,39628309738294250,dark,DESI_DR1_V161,ZWARN0_DELTACHI2_GT25_ZCAT_PRIMARY
DESI002425,5.063520582903,1.985913622651,GALAXY,,0.825568659,21.206291069380246,21-22,39627833131141068,dark,DESI_DR1_V161,ZWARN0_DELTACHI2_GT25_ZCAT_PRIMARY
DESI002426,5.049154102337,6.452511797999,GALAXY,,1.23497376,21.537992326264277,21-22,39627941629395386,dark,DESI_DR1_V161,ZWARN0_DELTACHI2_GT25_ZCAT_PRIMARY
DESI002427,5.092989583304,21.126189910457,GALAXY,,0.564780075,21.07550926854864,21-22,39628287244238945,dark,DESI_DR1_V161,ZWARN0_DELTACHI2_GT25_ZCAT_PRIMARY
DESI002428,5.079647893849,3.032398005612,GALAXY,,0.641175955,21.43449474289105,21-22,39627857290332438,dark,DESI_DR1_V161,ZWARN0_DELTACHI2_GT25_ZCAT_PRIMARY
DESI002429,5.088885952606,10.423405553602,GALAXY,,0.380265282,21.111094091372955,21-22,39628037309858053,dark,DESI_DR1_V161,ZWARN0_DELTACHI2_GT25_ZCAT_PRIMARY
DESI002430,5.064194797706,12.683601380832,GALAXY,,0.712252957,21.888429065789733,21-22,39628090632047809,dark,DESI_DR1_V161,ZWARN0_DELTACHI2_GT25_ZCAT_PRIMARY
DESI002431,5.013439969492,-0.189084435593,GALAXY,,0.0954707532,21.52844169900343,21-22,39627778772959778,dark,DESI_DR1_V161,ZWARN0_DELTACHI2_GT25_ZCAT_PRIMARY
DESI002432,5.080065011358,1.14329771453,GALAXY,,0.687623815,21.11937007528174,21-22,39627815011748502,dark,DESI_DR1_V161,ZWARN0_DELTACHI2_GT25_ZCAT_PRIMARY
DESI002433,5.098739322678,14.669393282151,GALAXY,,0.667443591,21.167464715392697,21-22,39628137641807847,dark,DESI_DR1_V161,ZWARN0_DELTACHI2_GT25_ZCAT_PRIMARY
DESI002434,5.049451920173,21.446407435031,GALAXY,,0.847617586,21.638371015355286,21-22,39628292877192823,dark,DESI_DR1_V161,ZWARN0_DELTACHI2_GT25_ZCAT_PRIMARY
DESI002435,5.06234397118,20.582776291858,GALAXY,,0.675181227,21.610571679637548,21-22,39628270278284514,dark,DESI_DR1_V161,ZWARN0_DELTACHI2_GT25_ZCAT_PRIMARY
DESI002436,5.025590596316,1.273306633806,GALAXY,,0.774605406,21.65363466925816,21-22,39627815011746712,dark,DESI_DR1_V161,ZWARN0_DELTACHI2_GT25_ZCAT_PRIMARY
DESI002437,5.089613761271,9.369691887496,GALAXY,,0.0181298346,21.373969192275705,21-22,39628007521911307,dark,DESI_DR1_V161,ZWARN0_DELTACHI2_GT25_ZCAT_PRIMARY
DESI002438,5.01190800214,3.021659568917,GALAXY,,0.492512304,21.738396754263327,21-22,39627857290330528,dark,DESI_DR1_V161,ZWARN0_DELTACHI2_GT25_ZCAT_PRIMARY
DESI002439,5.006420288198,8.57489339838,GALAXY,,0.742999223,21.063090653046558,21-22,39627989591264778,dark,DESI_DR1_V161,ZWARN0_DELTACHI2_GT25_ZCAT_PRIMARY
DESI002440,5.09710564419,14.230124704653,GALAXY,,0.447161545,21.056304968770082,21-22,39628125922921783,dark,DESI_DR1_V161,ZWARN0_DELTACHI2_GT25_ZCAT_PRIMARY
DESI002441,5.083071894836,7.172796296049,GALAXY,,0.631102597,21.206132780529124,21-22,39627959639737267,dark,DESI_DR1_V161,ZWARN0_DELTACHI2_GT25_ZCAT_PRIMARY
DESI002442,5.081429304137,25.799002521984,GALAXY,,0.794164353,21.692576610783604,21-22,39628387173533231,dark,DESI_DR1_V161,ZWARN0_DELTACHI2_GT25_ZCAT_PRIMARY
DESI002443,5.000817646055,-1.20308958736,GALAXY,,1.15680708,21.909538892799628,21-22,39627754613768281,dark,DESI_DR1_V161,ZWARN0_DELTACHI2_GT25_ZCAT_PRIMARY
DESI002444,5.081290073075,18.303287170096,GALAXY,,0.845923229,21.95423904960699,21-22,39628218868696804,dark,DESI_DR1_V161,ZWARN0_DELTACHI2_GT25_ZCAT_PRIMARY
DESI002445,5.087218172242,2.702411661357,GALAXY,,0.602019763,21.132065236078066,21-22,39627851250535208,dark,DESI_DR1_V161,ZWARN0_DELTACHI2_GT25_ZCAT_PRIMARY
DESI002446,5.007109428074,15.763919002374,GALAXY,,0.736866724,21.008529250750552,21-22,39628160995689750,dark,DESI_DR1_V161,ZWARN0_DELTACHI2_GT25_ZCAT_PRIMARY
DESI002447,5.020381163733,3.927657596418,GALAXY,,0.662157927,21.164436426468054,21-22,39627881424355802,dark,DESI_DR1_V161,ZWARN0_DELTACHI2_GT25_ZCAT_PRIMARY
DESI002448,5.074076154297,21.23132233034,GALAXY,,0.839216201,21.768529218836115,21-22,39628287240048969,dark,DESI_DR1_V161,ZWARN0_DELTACHI2_GT25_ZCAT_PRIMARY
DESI002449,5.012326015193,-6.273932442101,GALAXY,,0.703481683,21.27884178803746,21-22,39627634031729707,dark,DESI_DR1_V161,ZWARN0_DELTACHI2_GT25_ZCAT_PRIMARY
DESI002450,5.058829718843,-4.883568773872,GALAXY,,-0.000426275434,21.027061950920668,21-22,39627664109078143,dark,DESI_DR1_V161,ZWARN0_DELTACHI2_GT25_ZCAT_PRIMARY
DESI002451,35.037614781659,21.771710080504,GALAXY,,0.581755516,21.537092958283306,21-22,39628298975708722,dark,DESI_DR1_V161,ZWARN0_DELTACHI2_GT25_ZCAT_PRIMARY
DESI002452,35.039466308445,-16.08086838897,GALAXY,,0.812733535,21.727751644903382,21-22,39627403508588527,dark,DESI_DR1_V161,ZWARN0_DELTACHI2_GT25_ZCAT_PRIMARY
DESI002453,35.020530745117,7.734615683886,GALAXY,,0.954773377,21.81233809512446,21-22,39627972130378280,dark,DESI_DR1_V161,ZWARN0_DELTACHI2_GT25_ZCAT_PRIMARY
DESI002454,35.011606253475,-2.559305726303,GALAXY,,1.40850281,21.818470075563823,21-22,39627724918096419,dark,DESI_DR1_V161,ZWARN0_DELTACHI2_GT25_ZCAT_PRIMARY
DESI002455,35.025871359082,-15.839256939244,GALAXY,,0.552053179,21.014325325693672,21-22,39627409326080448,dark,DESI_DR1_V161,ZWARN0_DELTACHI2_GT25_ZCAT_PRIMARY
DESI002456,35.000374909812,23.870125740195,GALAXY,,0.57539684,21.348642377270238,21-22,39628343636657688,dark,DESI_DR1_V161,ZWARN0_DELTACHI2_GT25_ZCAT_PRIMARY
DESI002457,35.038543063892,28.433651285208,GALAXY,,0.091959455,21.78618548840388,21-22,39628446913005356,dark,DESI_DR1_V161,ZWARN0_DELTACHI2_GT25_ZCAT_PRIMARY
DESI002458,35.048252996983,4.597401945575,GALAXY,,0.437595599,21.18902267821061,21-22,39627893986300936,dark,DESI_DR1_V161,ZWARN0_DELTACHI2_GT25_ZCAT_PRIMARY
DESI002459,35.032302764612,7.851469560215,GALAXY,,0.687290242,21.455436760576067,21-22,39627972130378548,dark,DESI_DR1_V161,ZWARN0_DELTACHI2_GT25_ZCAT_PRIMARY
DESI002460,35.011782366392,0.333859097853,GALAXY,,0.722175124,21.304951712187435,21-22,39627791355871696,dark,DESI_DR1_V161,ZWARN0_DELTACHI2_GT25_ZCAT_PRIMARY
DESI002461,35.024128429816,22.974516487152,GALAXY,,0.64580985,21.94177945225763,21-22,39628326964298801,dark,DESI_DR1_V161,ZWARN0_DELTACHI2_GT25_ZCAT_PRIMARY
DESI002462,35.032862793484,1.689006669816,GALAXY,,0.703572229,21.96499769258942,21-22,39627827594658966,dark,DESI_DR1_V161,ZWARN0_DELTACHI2_GT25_ZCAT_PRIMARY
DESI002463,35.018765090548,8.361481642006,GALAXY,,0.737093084,21.59957242481462,21-22,39627984109309445,dark,DESI_DR1_V161,ZWARN0_DELTACHI2_GT25_ZCAT_PRIMARY
DESI002464,35.023877380291,-5.992948460129,GALAXY,,0.674667325,21.191778685286938,21-22,39627640541287130,dark,DESI_DR1_V161,ZWARN0_DELTACHI2_GT25_ZCAT_PRIMARY
DESI002465,35.021429690662,-10.609373339223,GALAXY,,0.812038282,21.8790980781632,21-22,39627532898671114,dark,DESI_DR1_V161,ZWARN0_DELTACHI2_GT25_ZCAT_PRIMARY
DESI002466,35.033340040518,29.140433368954,GALAXY,,0.736946963,21.700226666043648,21-22,39628462822000552,dark,DESI_DR1_V161,ZWARN0_DELTACHI2_GT25_ZCAT_PRIMARY
DESI002467,35.024769860429,5.453752880416,GALAXY,,0.81528408,21.88295369697487,21-22,39627918078380599,dark,DESI_DR1_V161,ZWARN0_DELTACHI2_GT25_ZCAT_PRIMARY
DESI002468,35.028575395069,4.738657392888,GALAXY,,0.714707207,21.948638052175724,21-22,39627900009321191,dark,DESI_DR1_V161,ZWARN0_DELTACHI2_GT25_ZCAT_PRIMARY
DESI002469,35.000272533551,23.10090894444,GALAXY,,0.628120434,21.58327502607425,21-22,39628326964298329,dark,DESI_DR1_V161,ZWARN0_DELTACHI2_GT25_ZCAT_PRIMARY
DESI002470,35.007883060117,30.560105925087,GALAXY,,0.569896169,21.65366952571179,21-22,39628489078346787,dark,DESI_DR1_V161,ZWARN0_DELTACHI2_GT25_ZCAT_PRIMARY
DESI002471,35.02266997366,-6.018877994588,GALAXY,,0.65349418,21.58826144125944,21-22,39627640541287068,dark,DESI_DR1_V161,ZWARN0_DELTACHI2_GT25_ZCAT_PRIMARY
DESI002472,35.048417713721,-5.726951984112,GALAXY,,0.790137245,21.839372544532576,21-22,39627646555919973,dark,DESI_DR1_V161,ZWARN0_DELTACHI2_GT25_ZCAT_PRIMARY
DESI002473,35.043460822187,7.109483910822,GALAXY,,0.593092142,21.0734266919916,21-22,39627954141004691,dark,DESI_DR1_V161,ZWARN0_DELTACHI2_GT25_ZCAT_PRIMARY
DESI002474,35.024842526489,19.343073589847,GALAXY,,0.75596375,21.81319137581613,21-22,39628242277108227,dark,DESI_DR1_V161,ZWARN0_DELTACHI2_GT25_ZCAT_PRIMARY
DESI002475,35.041305235024,-3.074833502242,GALAXY,,0.521420993,21.234058790344033,21-22,39627712838501263,dark,DESI_DR1_V161,ZWARN0_DELTACHI2_GT25_ZCAT_PRIMARY
DESI002476,35.006721709984,15.546150463758,GALAXY,,0.616252264,21.061998624586284,21-22,39628155652146040,dark,DESI_DR1_V161,ZWARN0_DELTACHI2_GT25_ZCAT_PRIMARY
DESI002477,35.039115555665,-11.317011149418,GALAXY,,1.0133609,21.876686078272545,21-22,39627515089653834,dark,DESI_DR1_V161,ZWARN0_DELTACHI2_GT25_ZCAT_PRIMARY
DESI002478,35.008421032855,24.708970773767,GALAXY,,0.878745899,21.82712279682715,21-22,39628365719668551,dark,DESI_DR1_V161,ZWARN0_DELTACHI2_GT25_ZCAT_PRIMARY
DESI002479,35.019234984342,-17.799301723617,GALAXY,,0.774453769,21.6445801208968,21-22,39627363020968881,dark,DESI_DR1_V161,ZWARN0_DELTACHI2_GT25_ZCAT_PRIMARY
DESI002480,35.013386454697,2.734815316848,GALAXY,,0.912674955,21.723813706923146,21-22,39627851753849436,dark,DESI_DR1_V161,ZWARN0_DELTACHI2_GT25_ZCAT_PRIMARY
DESI002481,35.048992928781,15.650457795882,GALAXY,,0.606662427,21.529804749535504,21-22,39628161482228599,dark,DESI_DR1_V161,ZWARN0_DELTACHI2_GT25_ZCAT_PRIMARY
DESI002482,35.021093369471,8.965974763379,GALAXY,,0.675377848,21.90223952388908,21-22,39628002044152269,dark,DESI_DR1_V161,ZWARN0_DELTACHI2_GT25_ZCAT_PRIMARY
DESI002483,35.006145967447,-6.289570543615,GALAXY,,0.770764794,21.361406925735338,21-22,39627634535040941,dark,DESI_DR1_V161,ZWARN0_DELTACHI2_GT25_ZCAT_PRIMARY
DESI002484,35.019976443061,24.918971500462,GALAXY,,0.777128813,21.963830875770537,21-22,39628371214205944,dark,DESI_DR1_V161,ZWARN0_DELTACHI2_GT25_ZCAT_PRIMARY
DESI002485,35.029237281223,5.195016814278,GALAXY,,0.672780455,21.44898007037073,21-22,39627912055360846,dark,DESI_DR1_V161,ZWARN0_DELTACHI2_GT25_ZCAT_PRIMARY
DESI002486,35.031882677978,12.263918537668,GALAXY,,0.529559544,21.42309557789293,21-22,39628079315812432,dark,DESI_DR1_V161,ZWARN0_DELTACHI2_GT25_ZCAT_PRIMARY
DESI002487,35.023725559586,-3.165943969555,GALAXY,,0.740297426,21.884190638647098,21-22,39627706802904785,dark,DESI_DR1_V161,ZWARN0_DELTACHI2_GT25_ZCAT_PRIMARY
DESI002488,35.013776652399,18.681555804873,GALAXY,,0.659383639,21.40357688962321,21-22,39628230826660028,dark,DESI_DR1_V161,ZWARN0_DELTACHI2_GT25_ZCAT_PRIMARY
DESI002489,35.000023943243,-6.364763447422,GALAXY,,0.633109959,21.005751068209236,21-22,39627634535040727,dark,DESI_DR1_V161,ZWARN0_DELTACHI2_GT25_ZCAT_PRIMARY
DESI002490,35.034421361597,2.688966520896,GALAXY,,0.886943055,21.45479392167758,21-22,39627851753850272,dark,DESI_DR1_V161,ZWARN0_DELTACHI2_GT25_ZCAT_PRIMARY
DESI002491,35.002663460041,-18.225388899197,GALAXY,,0.844348089,21.945630045982465,21-22,39627351520184163,dark,DESI_DR1_V161,ZWARN0_DELTACHI2_GT25_ZCAT_PRIMARY
DESI002492,35.005713080544,-17.312968386063,GALAXY,,1.33530982,21.981573935738368,21-22,39627374555308236,dark,DESI_DR1_V161,ZWARN0_DELTACHI2_GT25_ZCAT_PRIMARY
DESI002493,35.03095197594,-1.871882219644,GALAXY,,0.631940893,21.085365701565813,21-22,39627743037490411,dark,DESI_DR1_V161,ZWARN0_DELTACHI2_GT25_ZCAT_PRIMARY
DESI002494,35.046227589016,-3.173999855311,GALAXY,,0.738612159,21.067257951147894,21-22,39627706802905476,dark,DESI_DR1_V161,ZWARN0_DELTACHI2_GT25_ZCAT_PRIMARY
DESI002495,35.003890136633,17.644503530549,GALAXY,,0.913123963,21.76804222745197,21-22,39628207829289306,dark,DESI_DR1_V161,ZWARN0_DELTACHI2_GT25_ZCAT_PRIMARY
DESI002496,35.021950857558,3.200837206781,GALAXY,,0.689323363,21.58757245838457,21-22,39627863829257903,dark,DESI_DR1_V161,ZWARN0_DELTACHI2_GT25_ZCAT_PRIMARY
DESI002497,35.022347664461,-10.78935606681,GALAXY,,0.722106451,21.58134927931456,21-22,39627526959534802,dark,DESI_DR1_V161,ZWARN0_DELTACHI2_GT25_ZCAT_PRIMARY
DESI002498,35.02895463096,-5.823313922476,GALAXY,,1.01004579,21.68170485578019,21-22,39627646555919296,dark,DESI_DR1_V161,ZWARN0_DELTACHI2_GT25_ZCAT_PRIMARY
DESI002499,35.0062585707,4.88498096794,GALAXY,,0.703283041,21.228359286037232,21-22,39627906032340797,dark,DESI_DR1_V161,ZWARN0_DELTACHI2_GT25_ZCAT_PRIMARY
DESI002500,35.045524347974,-10.633996133668,GALAXY,,0.729301558,21.738563662625964,21-22,39627526959535453,dark,DESI_DR1_V161,ZWARN0_DELTACHI2_GT25_ZCAT_PRIMARY
DESI002501,125.004051027309,3.735575435743,GALAXY,,0.483805036,21.85222832585627,21-22,39627877402020193,dark,DESI_DR1_V161,ZWARN0_DELTACHI2_GT25_ZCAT_PRIMARY
DESI002502,125.005316699297,-0.021157595156,GALAXY,,0.775194017,21.50623625775495,21-22,39627786826023066,dark,DESI_DR1_V161,ZWARN0_DELTACHI2_GT25_ZCAT_PRIMARY
DESI002503,125.002978952676,3.889134734966,GALAXY,,0.739611628,21.421333260406623,21-22,39627883433429343,dark,DESI_DR1_V161,ZWARN0_DELTACHI2_GT25_ZCAT_PRIMARY
DESI002504,125.016864741547,1.151636466183,GALAXY,,0.840821929,21.714267816778303,21-22,39627817025012193,dark,DESI_DR1_V161,ZWARN0_DELTACHI2_GT25_ZCAT_PRIMARY
DESI002505,125.032554161586,5.800203968168,GALAXY,,1.13303898,21.924919225375174,21-22,39627925598765331,dark,DESI_DR1_V161,ZWARN0_DELTACHI2_GT25_ZCAT_PRIMARY
DESI002506,125.032404435801,4.930001442312,GALAXY,,0.843455492,21.93735386013424,21-22,39627907538096046,dark,DESI_DR1_V161,ZWARN0_DELTACHI2_GT25_ZCAT_PRIMARY
DESI002507,125.030129625494,12.505294172789,GALAXY,,0.841948736,21.955329852221237,21-22,39628086697787487,dark,DESI_DR1_V161,ZWARN0_DELTACHI2_GT25_ZCAT_PRIMARY
DESI002508,125.008791559369,26.845620058502,GALAXY,,0.782613144,21.352676762534852,21-22,39628410707772845,dark,DESI_DR1_V161,ZWARN0_DELTACHI2_GT25_ZCAT_PRIMARY
DESI002509,125.003796218494,10.215395008735,GALAXY,,0.737689923,21.958569285872038,21-22,39628033342048186,dark,DESI_DR1_V161,ZWARN0_DELTACHI2_GT25_ZCAT_PRIMARY
DESI002510,125.014719106104,63.906015035493,GALAXY,,0.738315003,21.091039232347573,21-22,39633432266935406,dark,DESI_DR1_V161,ZWARN0_DELTACHI2_GT25_ZCAT_PRIMARY
DESI002511,125.006618818217,1.448658186022,GALAXY,,0.848380352,21.222873706596573,21-22,39627823064809718,dark,DESI_DR1_V161,ZWARN0_DELTACHI2_GT25_ZCAT_PRIMARY
DESI002512,125.023279335455,28.166438977723,GALAXY,,0.761545505,21.228005951032806,21-22,39628442920026502,dark,DESI_DR1_V161,ZWARN0_DELTACHI2_GT25_ZCAT_PRIMARY
DESI002513,125.023955366273,42.833658038896,GALAXY,,0.875823515,21.882787647941143,21-22,39633126216958433,dark,DESI_DR1_V161,ZWARN0_DELTACHI2_GT25_ZCAT_PRIMARY
DESI002514,125.023524431166,11.195677310015,GALAXY,,0.577923521,21.430919630735854,21-22,39628057111167448,dark,DESI_DR1_V161,ZWARN0_DELTACHI2_GT25_ZCAT_PRIMARY
DESI002515,125.01045655311,0.386037792175,GALAXY,,4.24249578e-06,21.042025743878323,21-22,39627798905618686,dark,DESI_DR1_V161,ZWARN0_DELTACHI2_GT25_ZCAT_PRIMARY
DESI002516,125.01677940917,5.051678346585,GALAXY,,0.778167439,21.621427280380747,21-22,39627907538095634,dark,DESI_DR1_V161,ZWARN0_DELTACHI2_GT25_ZCAT_PRIMARY
DESI002517,125.021113223138,17.55812147092,GALAXY,,0.626764154,21.141540494965685,21-22,39628203500769215,dark,DESI_DR1_V161,ZWARN0_DELTACHI2_GT25_ZCAT_PRIMARY
DESI002518,125.028388350408,7.293003206719,GALAXY,,0.784946697,21.802818889416947,21-22,39627961636228349,dark,DESI_DR1_V161,ZWARN0_DELTACHI2_GT25_ZCAT_PRIMARY
DESI002519,125.032697177132,7.785414188206,GALAXY,,0.816943767,21.92430568869783,21-22,39627973627746847,dark,DESI_DR1_V161,ZWARN0_DELTACHI2_GT25_ZCAT_PRIMARY
DESI002520,125.036008995726,0.053094832149,GALAXY,,0.85289221,21.043728005373985,21-22,39627786826023832,dark,DESI_DR1_V161,ZWARN0_DELTACHI2_GT25_ZCAT_PRIMARY
DESI002521,125.02275812864,9.749654017448,GALAXY,,0.781013248,21.884246057070772,21-22,39628021434418210,dark,DESI_DR1_V161,ZWARN0_DELTACHI2_GT25_ZCAT_PRIMARY
DESI002522,125.012948750917,1.896056684256,GALAXY,,0.911780332,21.15301288500982,21-22,39627835144405348,dark,DESI_DR1_V161,ZWARN0_DELTACHI2_GT25_ZCAT_PRIMARY
DESI002523,125.021404050746,28.712247581018,GALAXY,,0.836560995,21.606773633031132,21-22,39628453552591800,dark,DESI_DR1_V161,ZWARN0_DELTACHI2_GT25_ZCAT_PRIMARY
DESI002524,125.022166131618,38.146214509537,GALAXY,,1.04822684,21.33159028748555,21-22,39633043282988720,dark,DESI_DR1_V161,ZWARN0_DELTACHI2_GT25_ZCAT_PRIMARY
DESI002525,125.011143812829,12.227053256012,GALAXY,,0.759202395,21.176616637570007,21-22,39628080788018451,dark,DESI_DR1_V161,ZWARN0_DELTACHI2_GT25_ZCAT_PRIMARY
DESI002526,125.03206030438,-1.161086797332,GALAXY,,0.647342493,21.463184840496865,21-22,39627756627034928,dark,DESI_DR1_V161,ZWARN0_DELTACHI2_GT25_ZCAT_PRIMARY
DESI002527,125.031306245652,15.604285613566,GALAXY,,0.722157136,21.74724045137235,21-22,39628157107573430,dark,DESI_DR1_V161,ZWARN0_DELTACHI2_GT25_ZCAT_PRIMARY
DESI002528,125.010966443452,17.283210196844,GALAXY,,0.733098362,21.461644146298998,21-22,39628197725211203,dark,DESI_DR1_V161,ZWARN0_DELTACHI2_GT25_ZCAT_PRIMARY
DESI002529,125.012524546961,1.315489637553,GALAXY,,0.771579112,21.878124062686034,21-22,39627817025012077,dark,DESI_DR1_V161,ZWARN0_DELTACHI2_GT25_ZCAT_PRIMARY
DESI002530,125.02913170903,42.516729261223,GALAXY,,0.683930037,21.73621315840002,21-22,39633121758415003,dark,DESI_DR1_V161,ZWARN0_DELTACHI2_GT25_ZCAT_PRIMARY
DESI002531,125.010004084655,3.732157324676,GALAXY,,0.655330887,21.89314963848593,21-22,39627877402020359,dark,DESI_DR1_V161,ZWARN0_DELTACHI2_GT25_ZCAT_PRIMARY
DESI002532,125.020489232915,7.67684103773,GALAXY,,0.0775545704,21.3655654887621,21-22,39627973627746452,dark,DESI_DR1_V161,ZWARN0_DELTACHI2_GT25_ZCAT_PRIMARY
DESI002533,125.019696540116,25.080708258,GALAXY,,0.630728999,21.1383171170179,21-22,39628372585743640,dark,DESI_DR1_V161,ZWARN0_DELTACHI2_GT25_ZCAT_PRIMARY
DESI002534,125.034447817209,44.584699731135,GALAXY,,0.588322176,21.774301177698707,21-22,39633156931848799,dark,DESI_DR1_V161,ZWARN0_DELTACHI2_GT25_ZCAT_PRIMARY
DESI002535,125.026684992694,30.337766448035,GALAXY,,0.753488116,21.535528670503847,21-22,39628485160866212,dark,DESI_DR1_V161,ZWARN0_DELTACHI2_GT25_ZCAT_PRIMARY
DESI002536,125.020877683887,3.251817503263,GALAXY,,0.666863843,21.034902430977624,21-22,39627865339201928,dark,DESI_DR1_V161,ZWARN0_DELTACHI2_GT25_ZCAT_PRIMARY
DESI002537,125.013395038586,19.585097012331,GALAXY,,0.73577905,21.656361830600456,21-22,39628249415812539,dark,DESI_DR1_V161,ZWARN0_DELTACHI2_GT25_ZCAT_PRIMARY
DESI002538,125.014331178426,64.773056034628,GALAXY,,1.65500318,21.90111944367602,21-22,39633440169003269,dark,DESI_DR1_V161,ZWARN0_DELTACHI2_GT25_ZCAT_PRIMARY
DESI002539,125.030154160223,24.303789765992,GALAXY,,0.635965127,21.03740058118877,21-22,39628356081156434,dark,DESI_DR1_V161,ZWARN0_DELTACHI2_GT25_ZCAT_PRIMARY
DESI002540,125.038317567895,7.969192947095,GALAXY,,0.699692811,21.273987016406412,21-22,39627979617213507,dark,DESI_DR1_V161,ZWARN0_DELTACHI2_GT25_ZCAT_PRIMARY
DESI002541,125.012251802743,7.917542063694,GALAXY,,1.16273735,21.850985442464044,21-22,39627979617212665,dark,DESI_DR1_V161,ZWARN0_DELTACHI2_GT25_ZCAT_PRIMARY
DESI002542,125.020444251636,31.963947768994,GALAXY,,0.73319708,21.875451543888154,21-22,39628521445786011,dark,DESI_DR1_V161,ZWARN0_DELTACHI2_GT25_ZCAT_PRIMARY
DESI002543,125.007042612785,12.721228008468,GALAXY,,1.23538994,21.914738604198778,21-22,39628092599174282,dark,DESI_DR1_V161,ZWARN0_DELTACHI2_GT25_ZCAT_PRIMARY
DESI002544,125.018048752812,22.545675673488,GALAXY,,0.994701348,21.910983215349766,21-22,39628317195766560,dark,DESI_DR1_V161,ZWARN0_DELTACHI2_GT25_ZCAT_PRIMARY
DESI002545,125.035562603872,4.443398102944,GALAXY,,0.870475697,21.582360686492013,21-22,39627895492055594,dark,DESI_DR1_V161,ZWARN0_DELTACHI2_GT25_ZCAT_PRIMARY
DESI002546,125.028527837104,22.26601441213,GALAXY,,0.80278638,21.84862906840755,21-22,39628311604757954,dark,DESI_DR1_V161,ZWARN0_DELTACHI2_GT25_ZCAT_PRIMARY
DESI002547,125.010329988278,19.359675203096,GALAXY,,0.834655591,21.535836880357618,21-22,39628243703173540,dark,DESI_DR1_V161,ZWARN0_DELTACHI2_GT25_ZCAT_PRIMARY
DESI002548,125.027861077718,13.493364038696,GALAXY,,0.560088647,21.429371363779627,21-22,39628110265585718,dark,DESI_DR1_V161,ZWARN0_DELTACHI2_GT25_ZCAT_PRIMARY
DESI002549,125.010208031215,35.432571573295,GALAXY,,0.5813635,21.098971964794764,21-22,39632989977576816,dark,DESI_DR1_V161,ZWARN0_DELTACHI2_GT25_ZCAT_PRIMARY
DESI002550,125.024521844704,3.797264847186,GALAXY,,0.376211799,21.931195897335247,21-22,39627877402020762,dark,DESI_DR1_V161,ZWARN0_DELTACHI2_GT25_ZCAT_PRIMARY
DESI002551,150.004081426754,1.540387331449,GALAXY,,0.896110692,21.950331680025172,21-22,39627823484239989,dark,DESI_DR1_V161,ZWARN0_DELTACHI2_GT25_ZCAT_PRIMARY
DESI002552,150.003342339995,7.968867178823,GALAXY,,0.588577917,21.971884857015286,21-22,39627980036636852,dark,DESI_DR1_V161,ZWARN0_DELTACHI2_GT25_ZCAT_PRIMARY
DESI002553,150.031057044885,10.649571421686,GALAXY,,0.82516852,21.958800102047732,21-22,39628045648134783,dark,DESI_DR1_V161,ZWARN0_DELTACHI2_GT25_ZCAT_PRIMARY
DESI002554,150.013448768739,-2.661960269204,GALAXY,,0.257696106,21.013927459199962,21-22,39627720807678283,dark,DESI_DR1_V161,ZWARN0_DELTACHI2_GT25_ZCAT_PRIMARY
DESI002555,150.004108175108,9.22924796051,GALAXY,,0.710222669,21.846795235146065,21-22,39628009921055737,dark,DESI_DR1_V161,ZWARN0_DELTACHI2_GT25_ZCAT_PRIMARY
DESI002556,150.002693448726,1.032551570899,GALAXY,,0.872910423,21.906938913865478,21-22,39627811404644446,dark,DESI_DR1_V161,ZWARN0_DELTACHI2_GT25_ZCAT_PRIMARY
DESI002557,150.02236122968,2.516544743604,GALAXY,,0.678895944,21.819577635431113,21-22,39627847643431481,dark,DESI_DR1_V161,ZWARN0_DELTACHI2_GT25_ZCAT_PRIMARY
DESI002558,150.024989121354,3.121153299767,GALAXY,,0.69574973,21.524725324486365,21-22,39627859723027132,dark,DESI_DR1_V161,ZWARN0_DELTACHI2_GT25_ZCAT_PRIMARY
DESI002559,150.020486470348,3.877751048173,GALAXY,,0.894629432,21.927197455417286,21-22,39627883852858566,dark,DESI_DR1_V161,ZWARN0_DELTACHI2_GT25_ZCAT_PRIMARY
DESI002560,150.039397232165,-0.301133878255,GALAXY,,1.06875799,21.428751865092018,21-22,39627781205656532,dark,DESI_DR1_V161,ZWARN0_DELTACHI2_GT25_ZCAT_PRIMARY
DESI002561,150.007110355313,2.453451877063,GALAXY,,0.730277142,21.52865913956799,21-22,39627847643431150,dark,DESI_DR1_V161,ZWARN0_DELTACHI2_GT25_ZCAT_PRIMARY
DESI002562,150.022983613606,3.152780089407,GALAXY,,0.749503774,21.798218389939827,21-22,39627865758631448,dark,DESI_DR1_V161,ZWARN0_DELTACHI2_GT25_ZCAT_PRIMARY
DESI002563,150.019150236812,0.378303395955,GALAXY,,0.90497024,21.31224640320436,21-22,39627799325049213,dark,DESI_DR1_V161,ZWARN0_DELTACHI2_GT25_ZCAT_PRIMARY
DESI002564,150.009257911357,0.725994179429,GALAXY,,1.06060172,21.608859719762304,21-22,39627805364846818,dark,DESI_DR1_V161,ZWARN0_DELTACHI2_GT25_ZCAT_PRIMARY
DESI002565,150.04109591976,-2.387856771121,GALAXY,,0.622774663,21.50132624210109,21-22,39627726847476632,dark,DESI_DR1_V161,ZWARN0_DELTACHI2_GT25_ZCAT_PRIMARY
DESI002566,150.009835871398,3.12373421384,GALAXY,,0.78583953,21.881177674780716,21-22,39627859723026731,dark,DESI_DR1_V161,ZWARN0_DELTACHI2_GT25_ZCAT_PRIMARY
DESI002567,150.026833115406,-5.266455813328,GALAXY,,1.20993742,21.545710010977803,21-22,39627660510365971,dark,DESI_DR1_V161,ZWARN0_DELTACHI2_GT25_ZCAT_PRIMARY
DESI002568,150.001070730871,8.362951442925,GALAXY,,0.0595084384,21.941610650996033,21-22,39627986021909244,dark,DESI_DR1_V161,ZWARN0_DELTACHI2_GT25_ZCAT_PRIMARY
DESI002569,150.033020384536,10.685707767698,GALAXY,,0.677984677,21.27482274106752,21-22,39628045648134828,dark,DESI_DR1_V161,ZWARN0_DELTACHI2_GT25_ZCAT_PRIMARY
DESI002570,150.024598381451,-2.141731473452,GALAXY,,0.784570977,21.312453674513538,21-22,39627732887274055,dark,DESI_DR1_V161,ZWARN0_DELTACHI2_GT25_ZCAT_PRIMARY
DESI002571,150.022292429455,-3.306770158164,GALAXY,,0.514060577,21.914687940182354,21-22,39627708732278387,dark,DESI_DR1_V161,ZWARN0_DELTACHI2_GT25_ZCAT_PRIMARY
DESI002572,150.012176700668,2.776182935915,GALAXY,,0.768308207,21.423304992888564,21-22,39627853683229014,dark,DESI_DR1_V161,ZWARN0_DELTACHI2_GT25_ZCAT_PRIMARY
DESI002573,150.044708477455,8.838431586256,GALAXY,,0.89704375,21.73711618274214,21-22,39627997979871983,dark,DESI_DR1_V161,ZWARN0_DELTACHI2_GT25_ZCAT_PRIMARY
DESI002574,150.023462404836,-2.123803326486,GALAXY,,0.688542964,21.741928834382044,21-22,39627738927071688,dark,DESI_DR1_V161,ZWARN0_DELTACHI2_GT25_ZCAT_PRIMARY
DESI002575,150.001152086555,3.133477004341,GALAXY,,0.694772753,21.426543982083263,21-22,39627865758630961,dark,DESI_DR1_V161,ZWARN0_DELTACHI2_GT25_ZCAT_PRIMARY
DESI002576,150.012247165634,-7.176354047079,GALAXY,,0.591099819,21.729047899999397,21-22,39627612439450106,dark,DESI_DR1_V161,ZWARN0_DELTACHI2_GT25_ZCAT_PRIMARY
DESI002577,150.009389698504,35.893020506563,GALAXY,,0.915504315,21.474267712954422,21-22,39633000152960374,dark,DESI_DR1_V161,ZWARN0_DELTACHI2_GT25_ZCAT_PRIMARY
DESI002578,150.039981527285,1.630974733432,GALAXY,,0.702849671,21.597333875615146,21-22,39627829524038498,dark,DESI_DR1_V161,ZWARN0_DELTACHI2_GT25_ZCAT_PRIMARY
DESI002579,150.04466234053,2.823056717091,GALAXY,,0.852606734,21.829093391929096,21-22,39627853683229749,dark,DESI_DR1_V161,ZWARN0_DELTACHI2_GT25_ZCAT_PRIMARY
DESI002580,150.007958872562,-1.867598136056,GALAXY,,1.04121432,21.3939181724656,21-22,39627744966869120,dark,DESI_DR1_V161,ZWARN0_DELTACHI2_GT25_ZCAT_PRIMARY
DESI002581,150.009689674568,-3.388257420258,GALAXY,,0.903263358,21.945161000429987,21-22,39627702700868914,dark,DESI_DR1_V161,ZWARN0_DELTACHI2_GT25_ZCAT_PRIMARY
DESI002582,150.040415555,14.967006231382,GALAXY,,0.77546751,21.863424400777024,21-22,39628145841669023,dark,DESI_DR1_V161,ZWARN0_DELTACHI2_GT25_ZCAT_PRIMARY
DESI002583,150.009468332806,3.22372577887,GALAXY,,0.960386594,21.602717968892414,21-22,39627865758631138,dark,DESI_DR1_V161,ZWARN0_DELTACHI2_GT25_ZCAT_PRIMARY
DESI002584,150.014118754164,3.488950714078,GALAXY,,1.33981065,21.893099971909002,21-22,39627871790040154,dark,DESI_DR1_V161,ZWARN0_DELTACHI2_GT25_ZCAT_PRIMARY
DESI002585,150.022122729821,-4.047972653386,GALAXY,,0.682598963,21.008633708462376,21-22,39627690638051003,dark,DESI_DR1_V161,ZWARN0_DELTACHI2_GT25_ZCAT_PRIMARY
DESI002586,150.009615061481,-3.64831670446,GALAXY,,0.482961037,21.09406855762593,21-22,39627696669459845,dark,DESI_DR1_V161,ZWARN0_DELTACHI2_GT25_ZCAT_PRIMARY
DESI002587,150.002510808117,1.723651738498,GALAXY,,0.68017988,21.379262465758178,21-22,39627829524037701,dark,DESI_DR1_V161,ZWARN0_DELTACHI2_GT25_ZCAT_PRIMARY
DESI002588,150.022935897884,4.889087108487,GALAXY,,0.621864444,21.055951719911498,21-22,39627907957524096,dark,DESI_DR1_V161,ZWARN0_DELTACHI2_GT25_ZCAT_PRIMARY
DESI002589,150.021210666716,-4.426113768838,GALAXY,,0.236679498,21.967700768918014,21-22,39627678579427430,dark,DESI_DR1_V161,ZWARN0_DELTACHI2_GT25_ZCAT_PRIMARY
DESI002590,150.027181369242,3.84510300341,GALAXY,,0.643364576,21.30666860011479,21-22,39627877821449831,dark,DESI_DR1_V161,ZWARN0_DELTACHI2_GT25_ZCAT_PRIMARY
DESI002591,150.035095735012,1.654514996336,GALAXY,,0.664572238,21.18563277795794,21-22,39627829524038398,dark,DESI_DR1_V161,ZWARN0_DELTACHI2_GT25_ZCAT_PRIMARY
DESI002592,150.039181837653,11.727390422836,GALAXY,,0.157641863,21.952100055092824,21-22,39628069371120109,dark,DESI_DR1_V161,ZWARN0_DELTACHI2_GT25_ZCAT_PRIMARY
DESI002593,150.039449300431,-0.861596944745,GALAXY,,1.03862913,21.788838565863593,21-22,39627769126060855,dark,DESI_DR1_V161,ZWARN0_DELTACHI2_GT25_ZCAT_PRIMARY
DESI002594,150.030757311613,-2.030600796565,GALAXY,,0.641397187,21.48462928230091,21-22,39627738927071814,dark,DESI_DR1_V161,ZWARN0_DELTACHI2_GT25_ZCAT_PRIMARY
DESI002595,150.006582166131,-2.253653395346,GALAXY,,0.335413478,21.984500977377387,21-22,39627732887273611,dark,DESI_DR1_V161,ZWARN0_DELTACHI2_GT25_ZCAT_PRIMARY
DESI002596,150.008854459505,-7.573156086266,GALAXY,,0.927275997,21.428112492122143,21-22,39627606441594987,dark,DESI_DR1_V161,ZWARN0_DELTACHI2_GT25_ZCAT_PRIMARY
DESI002597,150.036432277829,4.71671237148,GALAXY,,1.63527351,21.45067634974634,21-22,39627901934504113,dark,DESI_DR1_V161,ZWARN0_DELTACHI2_GT25_ZCAT_PRIMARY
DESI002598,150.037742140761,70.675234773741,GALAXY,,0.244484223,21.534229790666373,21-22,39633495647060760,dark,DESI_DR1_V161,ZWARN0_DELTACHI2_GT25_ZCAT_PRIMARY
DESI002599,150.030281539096,13.114046933748,GALAXY,,0.93765548,21.803396039382935,21-22,39628098903212596,dark,DESI_DR1_V161,ZWARN0_DELTACHI2_GT25_ZCAT_PRIMARY
DESI002600,150.003682280973,2.816311150246,GALAXY,,0.852483095,21.87457843915544,21-22,39627853683228811,dark,DESI_DR1_V161,ZWARN0_DELTACHI2_GT25_ZCAT_PRIMARY
DESI002601,175.003514753742,27.082385453258,GALAXY,,1.00434076,21.94839632085896,21-22,39628416856621802,dark,DESI_DR1_V161,ZWARN0_DELTACHI2_GT25_ZCAT_PRIMARY
DESI002602,175.015094538041,6.488139925414,GALAXY,,1.02632041,21.890867324186715,21-22,39627944464745324,dark,DESI_DR1_V161,ZWARN0_DELTACHI2_GT25_ZCAT_PRIMARY
DESI002603,175.029575064733,30.967207062903,GALAXY,,0.702538935,21.623018790459252,21-22,39628501510263133,dark,DESI_DR1_V161,ZWARN0_DELTACHI2_GT25_ZCAT_PRIMARY
DESI002604,175.024170090083,0.79736815624,GALAXY,,0.667526988,21.21620024415481,21-22,39627805784277530,dark,DESI_DR1_V161,ZWARN0_DELTACHI2_GT25_ZCAT_PRIMARY
DESI002605,175.016699402673,-7.702940045282,GALAXY,,0.790671397,21.625131504895123,21-22,39627600867362127,dark,DESI_DR1_V161,ZWARN0_DELTACHI2_GT25_ZCAT_PRIMARY
DESI002606,175.024143696262,4.634873401152,GALAXY,,0.71182361,21.537070595439264,21-22,39627902353933100,dark,DESI_DR1_V161,ZWARN0_DELTACHI2_GT25_ZCAT_PRIMARY
DESI002607,175.013790458091,35.736131032655,GALAXY,,0.666145607,21.32318383222255,21-22,39632995585362633,dark,DESI_DR1_V161,ZWARN0_DELTACHI2_GT25_ZCAT_PRIMARY
DESI002608,175.009747842469,2.618210386553,GALAXY,,0.626194074,21.087010280299403,21-22,39627848062861525,dark,DESI_DR1_V161,ZWARN0_DELTACHI2_GT25_ZCAT_PRIMARY
DESI002609,175.036614358673,-5.133045479432,GALAXY,,0.608957027,21.195096460499443,21-22,39627660929795052,dark,DESI_DR1_V161,ZWARN0_DELTACHI2_GT25_ZCAT_PRIMARY
DESI002610,175.001884547377,5.906233383847,GALAXY,,0.597179912,21.184743306086684,21-22,39627932448063886,dark,DESI_DR1_V161,ZWARN0_DELTACHI2_GT25_ZCAT_PRIMARY
DESI002611,175.032022792928,3.626859725678,GALAXY,,0.832793168,21.4551546940678,21-22,39627878240879505,dark,DESI_DR1_V161,ZWARN0_DELTACHI2_GT25_ZCAT_PRIMARY
DESI002612,175.016264073831,-0.847456400342,GALAXY,,0.922847757,21.994371960404457,21-22,39627769545490846,dark,DESI_DR1_V161,ZWARN0_DELTACHI2_GT25_ZCAT_PRIMARY
DESI002613,175.008018536337,52.613051865402,GALAXY,,0.728417057,21.230832482631207,21-22,39633285957028770,dark,DESI_DR1_V161,ZWARN0_DELTACHI2_GT25_ZCAT_PRIMARY
DESI002614,175.010698237768,6.751670287216,GALAXY,,0.680181513,21.629359568508406,21-22,39627950470988409,dark,DESI_DR1_V161,ZWARN0_DELTACHI2_GT25_ZCAT_PRIMARY
DESI002615,175.011644580736,4.421549387274,GALAXY,,0.605670269,21.292451809010704,21-22,39627896330912183,dark,DESI_DR1_V161,ZWARN0_DELTACHI2_GT25_ZCAT_PRIMARY
DESI002616,175.007271052667,-3.332921835853,GALAXY,,0.513121454,21.40840489346572,21-22,39627709151707423,dark,DESI_DR1_V161,ZWARN0_DELTACHI2_GT25_ZCAT_PRIMARY
DESI002617,175.001464565669,39.194824908751,GALAXY,,0.674225211,21.125974714937993,21-22,39633062836832113,dark,DESI_DR1_V161,ZWARN0_DELTACHI2_GT25_ZCAT_PRIMARY
DESI002618,175.017855044982,39.417875289463,GALAXY,,0.964295388,21.959836081621635,21-22,39633067517675920,dark,DESI_DR1_V161,ZWARN0_DELTACHI2_GT25_ZCAT_PRIMARY
DESI002619,175.028419808644,-7.663420827347,GALAXY,,0.73733517,21.79359764916713,21-22,39627600867362398,dark,DESI_DR1_V161,ZWARN0_DELTACHI2_GT25_ZCAT_PRIMARY
DESI002620,175.018741574799,-1.940560641181,GALAXY,,0.770414441,21.463301838833377,21-22,39627739346502150,dark,DESI_DR1_V161,ZWARN0_DELTACHI2_GT25_ZCAT_PRIMARY
DESI002621,175.003112109464,5.301189113362,GALAXY,,0.643272496,21.07742010413053,21-22,39627914399973674,dark,DESI_DR1_V161,ZWARN0_DELTACHI2_GT25_ZCAT_PRIMARY
DESI002622,175.031120131063,0.538576106162,GALAXY,,0.482960996,21.025589417448327,21-22,39627799744479764,dark,DESI_DR1_V161,ZWARN0_DELTACHI2_GT25_ZCAT_PRIMARY
DESI002623,175.02372942045,0.259902959939,GALAXY,,0.723411354,21.76601360378772,21-22,39627793704681800,dark,DESI_DR1_V161,ZWARN0_DELTACHI2_GT25_ZCAT_PRIMARY
DESI002624,175.037932271338,-6.750442392578,GALAXY,,0.846201716,21.3876797297718,21-22,39627624858780854,dark,DESI_DR1_V161,ZWARN0_DELTACHI2_GT25_ZCAT_PRIMARY
DESI002625,175.039499181945,26.422950759304,GALAXY,,0.721112924,21.75582300327138,21-22,39628406047900634,dark,DESI_DR1_V161,ZWARN0_DELTACHI2_GT25_ZCAT_PRIMARY
DESI002626,175.002241021918,36.267275500901,GALAXY,,0.751785791,21.46679251092295,21-22,39633005383257037,dark,DESI_DR1_V161,ZWARN0_DELTACHI2_GT25_ZCAT_PRIMARY
DESI002627,175.033177006936,36.845708557761,GALAXY,,0.748095657,21.744605760147458,21-22,39633015118233862,dark,DESI_DR1_V161,ZWARN0_DELTACHI2_GT25_ZCAT_PRIMARY
DESI002628,175.001797439387,2.060310385873,GALAXY,,1.0246535,21.468756232275663,21-22,39627835983265865,dark,DESI_DR1_V161,ZWARN0_DELTACHI2_GT25_ZCAT_PRIMARY
DESI002629,175.037285408674,3.816208759547,GALAXY,,0.790968569,21.73520888879078,21-22,39627878240879639,dark,DESI_DR1_V161,ZWARN0_DELTACHI2_GT25_ZCAT_PRIMARY
DESI002630,175.034347287289,0.36206820354,GALAXY,,0.849680512,21.714051956799196,21-22,39627793704681941,dark,DESI_DR1_V161,ZWARN0_DELTACHI2_GT25_ZCAT_PRIMARY
DESI002631,175.027862484478,-3.948758782022,GALAXY,,0.761794812,21.137363418451937,21-22,39627691057480365,dark,DESI_DR1_V161,ZWARN0_DELTACHI2_GT25_ZCAT_PRIMARY
DESI002632,175.03229623454,-7.290309627334,GALAXY,,0.939990193,21.993901819364915,21-22,39627612858876915,dark,DESI_DR1_V161,ZWARN0_DELTACHI2_GT25_ZCAT_PRIMARY
DESI002633,175.033741470499,20.312857363727,GALAXY,,0.617824098,21.572732372146632,21-22,39628267283547729,dark,DESI_DR1_V161,ZWARN0_DELTACHI2_GT25_ZCAT_PRIMARY
DESI002634,175.038241412359,11.460652734556,GALAXY,,0.721175554,21.849624683625834,21-22,39628063859804728,dark,DESI_DR1_V161,ZWARN0_DELTACHI2_GT25_ZCAT_PRIMARY
DESI002635,175.005874327886,-6.627619106283,GALAXY,,0.816775179,21.83433841954015,21-22,39627624858780293,dark,DESI_DR1_V161,ZWARN0_DELTACHI2_GT25_ZCAT_PRIMARY
DESI002636,175.005169188169,38.834273239535,GALAXY,,0.724990704,21.61329341289755,21-22,39633053424813231,dark,DESI_DR1_V161,ZWARN0_DELTACHI2_GT25_ZCAT_PRIMARY
DESI002637,175.02853654877,5.37858862877,GALAXY,,0.525549216,21.009334934803157,21-22,39627920418800665,dark,DESI_DR1_V161,ZWARN0_DELTACHI2_GT25_ZCAT_PRIMARY
DESI002638,175.024348268458,-1.447330790769,GALAXY,,0.842342429,21.701875602782042,21-22,39627751426097662,dark,DESI_DR1_V161,ZWARN0_DELTACHI2_GT25_ZCAT_PRIMARY
DESI002639,175.010659100029,4.011679197699,GALAXY,,0.710977468,21.910541515447512,21-22,39627884272288139,dark,DESI_DR1_V161,ZWARN0_DELTACHI2_GT25_ZCAT_PRIMARY
DESI002640,175.025873647978,1.294582694339,GALAXY,,0.776478014,21.49862912457372,21-22,39627817863873002,dark,DESI_DR1_V161,ZWARN0_DELTACHI2_GT25_ZCAT_PRIMARY
DESI002641,175.025170321812,27.732651931631,GALAXY,,0.60248813,21.414999707761634,21-22,39628432975333387,dark,DESI_DR1_V161,ZWARN0_DELTACHI2_GT25_ZCAT_PRIMARY
DESI002642,175.009634384396,4.01624465869,GALAXY,,0.790628741,21.906014998001883,21-22,39627884272288117,dark,DESI_DR1_V161,ZWARN0_DELTACHI2_GT25_ZCAT_PRIMARY
DESI002643,175.007007749215,-1.750677292144,GALAXY,,0.790948144,21.017785167546126,21-22,39627745386299591,dark,DESI_DR1_V161,ZWARN0_DELTACHI2_GT25_ZCAT_PRIMARY
DESI002644,175.014503090881,-3.569535809285,GALAXY,,0.839296666,21.786303640502577,21-22,39627703120298642,dark,DESI_DR1_V161,ZWARN0_DELTACHI2_GT25_ZCAT_PRIMARY
DESI002645,175.015136762414,-3.80160860303,GALAXY,,0.739512252,21.90507303645916,21-22,39627697088889307,dark,DESI_DR1_V161,ZWARN0_DELTACHI2_GT25_ZCAT_PRIMARY
DESI002646,175.031791329478,1.754981572435,GALAXY,,0.902653593,21.808070240548048,21-22,39627829943468652,dark,DESI_DR1_V161,ZWARN0_DELTACHI2_GT25_ZCAT_PRIMARY
DESI002647,175.038260716738,28.031355734575,GALAXY,,0.598831077,21.777421912150597,21-22,39628438323070995,dark,DESI_DR1_V161,ZWARN0_DELTACHI2_GT25_ZCAT_PRIMARY
DESI002648,175.023381790249,4.998082675762,GALAXY,,0.753520076,21.65787044303399,21-22,39627908376953767,dark,DESI_DR1_V161,ZWARN0_DELTACHI2_GT25_ZCAT_PRIMARY
DESI002649,175.023130664408,25.511061100502,GALAXY,,0.743262835,21.27996710991772,21-22,39628384292044841,dark,DESI_DR1_V161,ZWARN0_DELTACHI2_GT25_ZCAT_PRIMARY
DESI002650,175.032858928367,54.036962542994,GALAXY,,0.693979919,21.89700572575486,21-22,39633307742241716,dark,DESI_DR1_V161,ZWARN0_DELTACHI2_GT25_ZCAT_PRIMARY
DESI002651,200.014447818431,36.705042538365,GALAXY,,0.774018668,21.63056783145795,21-22,39633015453778883,dark,DESI_DR1_V161,ZWARN0_DELTACHI2_GT25_ZCAT_PRIMARY
DESI002652,200.009485413124,5.428506316928,GALAXY,,0.640610821,21.21964035118434,21-22,39627920834039342,dark,DESI_DR1_V161,ZWARN0_DELTACHI2_GT25_ZCAT_PRIMARY
DESI002653,200.036382774495,3.166269320901,GALAXY,,0.68537981,21.85282637277096,21-22,39627866597490900,dark,DESI_DR1_V161,ZWARN0_DELTACHI2_GT25_ZCAT_PRIMARY
DESI002654,200.023398356572,34.42008902924,GALAXY,,0.863526338,21.99033810082822,21-22,39632971174511372,dark,DESI_DR1_V161,ZWARN0_DELTACHI2_GT25_ZCAT_PRIMARY
DESI002655,200.05323045806,10.171115948614,GALAXY,,0.741409807,21.206267984152113,21-22,39628034579371089,dark,DESI_DR1_V161,ZWARN0_DELTACHI2_GT25_ZCAT_PRIMARY
DESI002656,200.031679188258,-1.311982415433,GALAXY,,0.656982802,21.598625329141175,21-22,39627757885325912,dark,DESI_DR1_V161,ZWARN0_DELTACHI2_GT25_ZCAT_PRIMARY
DESI002657,200.028398778996,-0.377159835181,GALAXY,,0.708699114,21.66626594090339,21-22,39627776004719229,dark,DESI_DR1_V161,ZWARN0_DELTACHI2_GT25_ZCAT_PRIMARY
DESI002658,200.040784948693,4.514817823673,GALAXY,,0.806875294,21.28151412533132,21-22,39627896746152936,dark,DESI_DR1_V161,ZWARN0_DELTACHI2_GT25_ZCAT_PRIMARY
DESI002659,200.016637093284,3.21564136979,GALAXY,,0.73411771,21.472656427557386,21-22,39627866593300661,dark,DESI_DR1_V161,ZWARN0_DELTACHI2_GT25_ZCAT_PRIMARY
DESI002660,200.015142054837,-2.531115809902,GALAXY,,0.935509439,21.770058019328047,21-22,39627727686336852,dark,DESI_DR1_V161,ZWARN0_DELTACHI2_GT25_ZCAT_PRIMARY
DESI002661,200.015737967949,4.543152478026,GALAXY,,0.952848405,21.582211479652536,21-22,39627896746152354,dark,DESI_DR1_V161,ZWARN0_DELTACHI2_GT25_ZCAT_PRIMARY
DESI002662,200.023052714649,8.976937056478,GALAXY,,0.677360807,21.2780839996799,21-22,39628004783031365,dark,DESI_DR1_V161,ZWARN0_DELTACHI2_GT25_ZCAT_PRIMARY
DESI002663,200.022896011829,2.696599114887,GALAXY,,0.945401314,21.786630032157586,21-22,39627854522090030,dark,DESI_DR1_V161,ZWARN0_DELTACHI2_GT25_ZCAT_PRIMARY
DESI002664,200.029338269363,4.249272365795,GALAXY,,0.808678351,21.866594400417327,21-22,39627890723127357,dark,DESI_DR1_V161,ZWARN0_DELTACHI2_GT25_ZCAT_PRIMARY
DESI002665,200.030212324233,33.846517184056,GALAXY,,0.766093207,21.683597140089518,21-22,39632956137933795,dark,DESI_DR1_V161,ZWARN0_DELTACHI2_GT25_ZCAT_PRIMARY
DESI002666,200.030522773763,32.599704037753,GALAXY,,0.629934686,21.743079914765776,21-22,39632930795948574,dark,DESI_DR1_V161,ZWARN0_DELTACHI2_GT25_ZCAT_PRIMARY
DESI002667,200.051237538408,5.100103950955,GALAXY,,0.167767128,21.85570159239198,21-22,39627908792194336,dark,DESI_DR1_V161,ZWARN0_DELTACHI2_GT25_ZCAT_PRIMARY
DESI002668,200.014003538947,0.864536207393,GALAXY,,0.112092,21.965322768277556,21-22,39627806203707709,dark,DESI_DR1_V161,ZWARN0_DELTACHI2_GT25_ZCAT_PRIMARY
DESI002669,200.004478474027,45.78902851792,GALAXY,,0.697450101,21.238561211165155,21-22,39633179207794764,dark,DESI_DR1_V161,ZWARN0_DELTACHI2_GT25_ZCAT_PRIMARY
DESI002670,200.012702738522,-5.332666698585,GALAXY,,0.775631475,21.882148288856627,21-22,39627661345035272,dark,DESI_DR1_V161,ZWARN0_DELTACHI2_GT25_ZCAT_PRIMARY
DESI002671,200.04458880359,2.231393161382,GALAXY,,0.626634493,21.701063825685644,21-22,39627842442495184,dark,DESI_DR1_V161,ZWARN0_DELTACHI2_GT25_ZCAT_PRIMARY
DESI002672,200.034595217716,34.66312127606,GALAXY,,0.715791258,21.603274012142556,21-22,39632976157343799,dark,DESI_DR1_V161,ZWARN0_DELTACHI2_GT25_ZCAT_PRIMARY
DESI002673,200.033918214312,-1.347991154381,GALAXY,,0.624739362,21.095270748769334,21-22,39627757885325950,dark,DESI_DR1_V161,ZWARN0_DELTACHI2_GT25_ZCAT_PRIMARY
DESI002674,200.03628955417,36.426123212357,GALAXY,,0.831900677,21.370871577776267,21-22,39633010596775928,dark,DESI_DR1_V161,ZWARN0_DELTACHI2_GT25_ZCAT_PRIMARY
DESI002675,200.033567844367,0.903194342964,GALAXY,,0.778949288,21.31390932422464,21-22,39627812243505817,dark,DESI_DR1_V161,ZWARN0_DELTACHI2_GT25_ZCAT_PRIMARY
DESI002676,200.042126308702,4.411899887881,GALAXY,,0.962605691,21.813826005636653,21-22,39627896746152961,dark,DESI_DR1_V161,ZWARN0_DELTACHI2_GT25_ZCAT_PRIMARY
DESI002677,200.052312088442,47.62331794732,GALAXY,,0.590836527,21.21445436371969,21-22,39633208333042931,dark,DESI_DR1_V161,ZWARN0_DELTACHI2_GT25_ZCAT_PRIMARY
DESI002678,200.011391962825,0.08377892054,GALAXY,,0.700520057,21.52576055564962,21-22,39627788084314421,dark,DESI_DR1_V161,ZWARN0_DELTACHI2_GT25_ZCAT_PRIMARY
DESI002679,200.027328663662,0.942217075562,GALAXY,,0.737460263,21.76717946100983,21-22,39627812243505706,dark,DESI_DR1_V161,ZWARN0_DELTACHI2_GT25_ZCAT_PRIMARY
DESI002680,200.027292840509,5.641795435276,GALAXY,,0.138559941,21.67834778445379,21-22,39627926848671205,dark,DESI_DR1_V161,ZWARN0_DELTACHI2_GT25_ZCAT_PRIMARY
DESI002681,200.018116792983,-9.347785165261,GALAXY,,0.554261409,21.69631462242361,21-22,39627565408715150,dark,DESI_DR1_V161,ZWARN0_DELTACHI2_GT25_ZCAT_PRIMARY
DESI002682,200.006136767561,-0.360032057923,GALAXY,,0.802540401,21.112654087859,21-22,39627782044516524,dark,DESI_DR1_V161,ZWARN0_DELTACHI2_GT25_ZCAT_PRIMARY
DESI002683,200.035070991698,-5.168384923408,GALAXY,,0.644838241,21.06283921583865,21-22,39627661345035725,dark,DESI_DR1_V161,ZWARN0_DELTACHI2_GT25_ZCAT_PRIMARY
DESI002684,200.016131383941,-8.414160751306,GALAXY,,0.78250883,21.700309833152126,21-22,39627583326783461,dark,DESI_DR1_V161,ZWARN0_DELTACHI2_GT25_ZCAT_PRIMARY
DESI002685,200.010859728635,34.515304299855,GALAXY,,0.761478841,21.888626892755262,21-22,39632971174511227,dark,DESI_DR1_V161,ZWARN0_DELTACHI2_GT25_ZCAT_PRIMARY
DESI002686,200.015298641922,-1.098735666012,GALAXY,,0.552051493,21.150607173163824,21-22,39627763925123423,dark,DESI_DR1_V161,ZWARN0_DELTACHI2_GT25_ZCAT_PRIMARY
DESI002687,200.047085648135,-8.974219060046,GALAXY,,0.836881751,21.60453923952466,21-22,39627571377210860,dark,DESI_DR1_V161,ZWARN0_DELTACHI2_GT25_ZCAT_PRIMARY
DESI002688,200.006415984846,4.576397278802,GALAXY,,0.955318932,21.842958980255105,21-22,39627896746152133,dark,DESI_DR1_V161,ZWARN0_DELTACHI2_GT25_ZCAT_PRIMARY
DESI002689,200.05309025408,45.587779921009,GALAXY,,0.599005417,21.205295552629096,21-22,39633174971549281,dark,DESI_DR1_V161,ZWARN0_DELTACHI2_GT25_ZCAT_PRIMARY
DESI002690,200.010675724251,3.514771541333,GALAXY,,0.832191258,21.40840489346572,21-22,39627872624710103,dark,DESI_DR1_V161,ZWARN0_DELTACHI2_GT25_ZCAT_PRIMARY
DESI002691,200.038239458541,33.135902791132,GALAXY,,0.890947075,21.846640572716144,21-22,39632946046435913,dark,DESI_DR1_V161,ZWARN0_DELTACHI2_GT25_ZCAT_PRIMARY
DESI002692,200.013843813058,-7.571378554538,GALAXY,,0.477607743,21.143988457410398,21-22,39627607276260062,dark,DESI_DR1_V161,ZWARN0_DELTACHI2_GT25_ZCAT_PRIMARY
DESI002693,200.042024450529,1.754842206104,GALAXY,,0.689507235,21.31076030012274,21-22,39627830362899263,dark,DESI_DR1_V161,ZWARN0_DELTACHI2_GT25_ZCAT_PRIMARY
DESI002694,200.038513863925,-8.532930070137,GALAXY,,0.763276205,21.679168236854125,21-22,39627583326784059,dark,DESI_DR1_V161,ZWARN0_DELTACHI2_GT25_ZCAT_PRIMARY
DESI002695,200.028142212422,2.373905128013,GALAXY,,0.692634878,21.359358283780026,21-22,39627842442494779,dark,DESI_DR1_V161,ZWARN0_DELTACHI2_GT25_ZCAT_PRIMARY
DESI002696,200.004884030405,18.949462014982,GALAXY,,0.190339764,21.692261820122514,21-22,39628239177519033,dark,DESI_DR1_V161,ZWARN0_DELTACHI2_GT25_ZCAT_PRIMARY
DESI002697,200.028719031004,1.417558294699,GALAXY,,0.700302975,21.227461031059875,21-22,39627824323101341,dark,DESI_DR1_V161,ZWARN0_DELTACHI2_GT25_ZCAT_PRIMARY
DESI002698,200.00436134241,38.388869817562,GALAXY,,0.450213971,21.924094865512888,21-22,39633049020795717,dark,DESI_DR1_V161,ZWARN0_DELTACHI2_GT25_ZCAT_PRIMARY
DESI002699,200.049422162383,-4.522998079393,GALAXY,,0.686095231,21.03195490977781,21-22,39627679414097157,dark,DESI_DR1_V161,ZWARN0_DELTACHI2_GT25_ZCAT_PRIMARY
DESI002700,200.043282530367,31.505855887707,GALAXY,,0.711897507,21.2429561591533,21-22,39628512218319256,dark,DESI_DR1_V161,ZWARN0_DELTACHI2_GT25_ZCAT_PRIMARY
DESI002701,225.03692388565,15.627343798156,GALAXY,,0.660046398,21.558991075974607,21-22,39628164552461862,dark,DESI_DR1_V161,ZWARN0_DELTACHI2_GT25_ZCAT_PRIMARY
DESI002702,225.017062801891,-1.471948018781,GALAXY,,0.698245029,21.90121326080098,21-22,39627752264958468,dark,DESI_DR1_V161,ZWARN0_DELTACHI2_GT25_ZCAT_PRIMARY
DESI002703,225.026547755351,10.064973894812,GALAXY,,0.718346513,21.1503690875449,21-22,39628029042887910,dark,DESI_DR1_V161,ZWARN0_DELTACHI2_GT25_ZCAT_PRIMARY
DESI002704,225.03799295656,34.062871094717,GALAXY,,0.808641712,21.61625769526542,21-22,39632961510836597,dark,DESI_DR1_V161,ZWARN0_DELTACHI2_GT25_ZCAT_PRIMARY
DESI002705,225.0240078258,2.662437572208,GALAXY,,0.728293413,21.700351419095455,21-22,39627854941520339,dark,DESI_DR1_V161,ZWARN0_DELTACHI2_GT25_ZCAT_PRIMARY
DESI002706,225.007088080541,31.835004501976,GALAXY,,0.786321982,21.662634813675368,21-22,39628517729634788,dark,DESI_DR1_V161,ZWARN0_DELTACHI2_GT25_ZCAT_PRIMARY
DESI002707,225.006253843156,3.798061269336,GALAXY,,0.805442793,21.673777862107666,21-22,39627879075549412,dark,DESI_DR1_V161,ZWARN0_DELTACHI2_GT25_ZCAT_PRIMARY
DESI002708,225.025188216839,-6.575098769033,GALAXY,,1.48910216,21.14256628765651,21-22,39627631699690298,dark,DESI_DR1_V161,ZWARN0_DELTACHI2_GT25_ZCAT_PRIMARY
DESI002709,225.026469693804,1.007896645621,GALAXY,,0.681924813,21.145206717704,21-22,39627812662936123,dark,DESI_DR1_V161,ZWARN0_DELTACHI2_GT25_ZCAT_PRIMARY
DESI002710,225.036413963087,1.144784073878,GALAXY,,0.710719262,21.62767122850626,21-22,39627818702734114,dark,DESI_DR1_V161,ZWARN0_DELTACHI2_GT25_ZCAT_PRIMARY
DESI002711,225.03819046853,31.842730606269,GALAXY,,0.702676547,21.48113610710523,21-22,39628517729635334,dark,DESI_DR1_V161,ZWARN0_DELTACHI2_GT25_ZCAT_PRIMARY
DESI002712,225.017068916716,-1.506396857878,GALAXY,,0.672009151,21.311210639776938,21-22,39627752264958469,dark,DESI_DR1_V161,ZWARN0_DELTACHI2_GT25_ZCAT_PRIMARY
DESI002713,225.027060005515,2.849898505738,GALAXY,,0.61277079,21.223222025306978,21-22,39627854941520394,dark,DESI_DR1_V161,ZWARN0_DELTACHI2_GT25_ZCAT_PRIMARY
DESI002714,225.021647397598,33.248076737859,GALAXY,,0.588520854,21.741340255561205,21-22,39632946394565879,dark,DESI_DR1_V161,ZWARN0_DELTACHI2_GT25_ZCAT_PRIMARY
DESI002715,225.014492479568,25.418398808543,GALAXY,,0.76170297,21.87592196818471,21-22,39628385047023979,dark,DESI_DR1_V161,ZWARN0_DELTACHI2_GT25_ZCAT_PRIMARY
DESI002716,225.02745676991,-8.490798804776,GALAXY,,0.582558404,21.137363418451937,21-22,39627583742020302,dark,DESI_DR1_V161,ZWARN0_DELTACHI2_GT25_ZCAT_PRIMARY
DESI002717,225.016019993391,34.349577905177,GALAXY,,0.811120324,21.484143564816474,21-22,39632966523028676,dark,DESI_DR1_V161,ZWARN0_DELTACHI2_GT25_ZCAT_PRIMARY
DESI002718,225.005382860643,1.27194378785,GALAXY,,0.744434959,21.718308623957515,21-22,39627818702733448,dark,DESI_DR1_V161,ZWARN0_DELTACHI2_GT25_ZCAT_PRIMARY
DESI002719,225.014549408741,-3.664603822259,GALAXY,,0.720854716,21.481675730045396,21-22,39627697923560515,dark,DESI_DR1_V161,ZWARN0_DELTACHI2_GT25_ZCAT_PRIMARY
DESI002720,225.008637848275,6.446390521087,GALAXY,,0.130644538,21.921625534724065,21-22,39627945299411153,dark,DESI_DR1_V161,ZWARN0_DELTACHI2_GT25_ZCAT_PRIMARY
DESI002721,225.001021070821,-0.337761483892,GALAXY,,0.890153803,21.291816481042545,21-22,39627782463946827,dark,DESI_DR1_V161,ZWARN0_DELTACHI2_GT25_ZCAT_PRIMARY
DESI002722,225.045533882679,1.404150685114,GALAXY,,0.881667735,21.711601535025327,21-22,39627824742532090,dark,DESI_DR1_V161,ZWARN0_DELTACHI2_GT25_ZCAT_PRIMARY
DESI002723,225.026417584092,4.914406177254,GALAXY,,0.798502901,21.971244206235106,21-22,39627909211622984,dark,DESI_DR1_V161,ZWARN0_DELTACHI2_GT25_ZCAT_PRIMARY
DESI002724,225.005573385851,-3.73381395341,GALAXY,,0.347041696,21.652057341500164,21-22,39627697923560318,dark,DESI_DR1_V161,ZWARN0_DELTACHI2_GT25_ZCAT_PRIMARY
DESI002725,225.024747356814,3.104065523037,GALAXY,,0.757831063,21.29200918170683,21-22,39627860981318176,dark,DESI_DR1_V161,ZWARN0_DELTACHI2_GT25_ZCAT_PRIMARY
DESI002726,225.036762350231,41.415348895441,GALAXY,,0.755021038,21.742442076281222,21-22,39633104993781052,dark,DESI_DR1_V161,ZWARN0_DELTACHI2_GT25_ZCAT_PRIMARY
DESI002727,225.035134964055,32.626415350894,GALAXY,,0.782974931,21.997819059111997,21-22,39632936248544952,dark,DESI_DR1_V161,ZWARN0_DELTACHI2_GT25_ZCAT_PRIMARY
DESI002728,225.004430920839,35.940803758461,GALAXY,,0.743339048,21.89963820800335,21-22,39633001176367168,dark,DESI_DR1_V161,ZWARN0_DELTACHI2_GT25_ZCAT_PRIMARY
DESI002729,225.006898743665,-7.609761813866,GALAXY,,0.701980216,21.560543856896803,21-22,39627607691498090,dark,DESI_DR1_V161,ZWARN0_DELTACHI2_GT25_ZCAT_PRIMARY
DESI002730,225.043042817244,0.698414521088,GALAXY,,0.652055253,21.270829016125038,21-22,39627806623138864,dark,DESI_DR1_V161,ZWARN0_DELTACHI2_GT25_ZCAT_PRIMARY
DESI002731,225.019237546139,32.855718420249,GALAXY,,0.835766208,21.612732215946778,21-22,39632936248544736,dark,DESI_DR1_V161,ZWARN0_DELTACHI2_GT25_ZCAT_PRIMARY
DESI002732,225.017349169411,13.821297712338,GALAXY,,0.781499438,21.496451255833453,21-22,39628117777580436,dark,DESI_DR1_V161,ZWARN0_DELTACHI2_GT25_ZCAT_PRIMARY
DESI002733,225.013413039293,-7.704348315681,GALAXY,,0.950878187,21.4513002232998,21-22,39627601697837625,dark,DESI_DR1_V161,ZWARN0_DELTACHI2_GT25_ZCAT_PRIMARY
DESI002734,225.025569144997,-0.070421411675,GALAXY,,0.999280321,21.971738007819173,21-22,39627788503745240,dark,DESI_DR1_V161,ZWARN0_DELTACHI2_GT25_ZCAT_PRIMARY
DESI002735,225.010339264484,36.332419642885,GALAXY,,1.26354896,21.747159038050217,21-22,39633006062733381,dark,DESI_DR1_V161,ZWARN0_DELTACHI2_GT25_ZCAT_PRIMARY
DESI002736,225.00955731849,32.133089812197,GALAXY,,0.61688898,21.536985620832386,21-22,39628527993096124,dark,DESI_DR1_V161,ZWARN0_DELTACHI2_GT25_ZCAT_PRIMARY
DESI002737,225.028335677561,-0.85062650828,GALAXY,,0.608908637,21.37627314673419,21-22,39627770384351972,dark,DESI_DR1_V161,ZWARN0_DELTACHI2_GT25_ZCAT_PRIMARY
DESI002738,225.040529603872,10.93746374544,GALAXY,,0.968178338,21.88585442307024,21-22,39628052824589248,dark,DESI_DR1_V161,ZWARN0_DELTACHI2_GT25_ZCAT_PRIMARY
DESI002739,225.040598495855,4.173691801993,GALAXY,,0.564048351,21.07823755195849,21-22,39627891138368414,dark,DESI_DR1_V161,ZWARN0_DELTACHI2_GT25_ZCAT_PRIMARY
DESI002740,225.030983971593,23.485461978655,GALAXY,,0.753618546,21.35395310426448,21-22,39628341019412249,dark,DESI_DR1_V161,ZWARN0_DELTACHI2_GT25_ZCAT_PRIMARY
DESI002741,225.004711185711,-5.685626530229,GALAXY,,0.72143351,21.625815625784394,21-22,39627649731004407,dark,DESI_DR1_V161,ZWARN0_DELTACHI2_GT25_ZCAT_PRIMARY
DESI002742,225.037923949349,20.570320701482,GALAXY,,0.841107934,21.76689755138908,21-22,39628273738584346,dark,DESI_DR1_V161,ZWARN0_DELTACHI2_GT25_ZCAT_PRIMARY
DESI002743,225.042579400383,3.671404468878,GALAXY,,0.806653499,21.741070371989736,21-22,39627879075550156,dark,DESI_DR1_V161,ZWARN0_DELTACHI2_GT25_ZCAT_PRIMARY
DESI002744,225.014366318122,33.792710961813,GALAXY,,0.823100388,21.739581820689008,21-22,39632956490252501,dark,DESI_DR1_V161,ZWARN0_DELTACHI2_GT25_ZCAT_PRIMARY
DESI002745,225.0185346731,11.637828168334,GALAXY,,0.85542251,21.80927642277547,21-22,39628070604246494,dark,DESI_DR1_V161,ZWARN0_DELTACHI2_GT25_ZCAT_PRIMARY
DESI002746,225.01376418345,4.531779205713,GALAXY,,-1.24791785e-05,21.735278674289226,21-22,39627897165581582,dark,DESI_DR1_V161,ZWARN0_DELTACHI2_GT25_ZCAT_PRIMARY
DESI002747,225.008884262358,-0.584814938438,GALAXY,,0.707014465,21.66607956269003,21-22,39627776424149257,dark,DESI_DR1_V161,ZWARN0_DELTACHI2_GT25_ZCAT_PRIMARY
DESI002748,225.039874438464,-1.238793330079,GALAXY,,0.680573817,21.474609680440494,21-22,39627758304756788,dark,DESI_DR1_V161,ZWARN0_DELTACHI2_GT25_ZCAT_PRIMARY
DESI002749,225.012015347979,2.095098744255,GALAXY,,0.848628601,21.146257825149593,21-22,39627836822126867,dark,DESI_DR1_V161,ZWARN0_DELTACHI2_GT25_ZCAT_PRIMARY
DESI002750,225.029386923995,3.268347511987,GALAXY,,1.52029687,21.194760310668496,21-22,39627867012731442,dark,DESI_DR1_V161,ZWARN0_DELTACHI2_GT25_ZCAT_PRIMARY
DESI002751,330.009550468902,12.470270950076,GALAXY,,0.949132434,21.891338278771812,21-22,39628090057429110,dark,DESI_DR1_V161,ZWARN0_DELTACHI2_GT25_ZCAT_PRIMARY
DESI002752,330.054909365892,27.155168950459,GALAXY,,0.673197844,21.398726946906894,21-22,39628424557365758,dark,DESI_DR1_V161,ZWARN0_DELTACHI2_GT25_ZCAT_PRIMARY
DESI002753,330.012608921074,-1.560791318922,GALAXY,,0.752237067,21.71232662020644,21-22,39627754026566079,dark,DESI_DR1_V161,ZWARN0_DELTACHI2_GT25_ZCAT_PRIMARY
DESI002754,330.030529579865,12.367385752916,GALAXY,,0.720016141,21.276570007814026,21-22,39628084151849195,dark,DESI_DR1_V161,ZWARN0_DELTACHI2_GT25_ZCAT_PRIMARY
DESI002755,330.085996658129,-8.072396178868,GALAXY,,0.639964149,21.2761760120576,21-22,39627597457393535,dark,DESI_DR1_V161,ZWARN0_DELTACHI2_GT25_ZCAT_PRIMARY
DESI002756,330.063693739169,9.701603232988,GALAXY,,0.586303533,21.97280645529582,21-22,39628024823420490,dark,DESI_DR1_V161,ZWARN0_DELTACHI2_GT25_ZCAT_PRIMARY
DESI002757,330.092687031321,27.843141705943,GALAXY,,0.801991973,21.38607121697165,21-22,39628435278010598,dark,DESI_DR1_V161,ZWARN0_DELTACHI2_GT25_ZCAT_PRIMARY
DESI002758,330.083885277591,26.014134457266,GALAXY,,0.794792057,21.035688474684207,21-22,39628397533464613,dark,DESI_DR1_V161,ZWARN0_DELTACHI2_GT25_ZCAT_PRIMARY
DESI002759,330.042617022383,-7.885532474365,GALAXY,,0.742309596,21.989713615147572,21-22,39627597457392575,dark,DESI_DR1_V161,ZWARN0_DELTACHI2_GT25_ZCAT_PRIMARY
DESI002760,330.085340103796,-0.372062888678,GALAXY,,0.741744537,21.863436482433755,21-22,39627784225557671,dark,DESI_DR1_V161,ZWARN0_DELTACHI2_GT25_ZCAT_PRIMARY
DESI002761,330.021532107504,-8.964835015852,GALAXY,,0.759977157,21.577340894815556,21-22,39627573533083689,dark,DESI_DR1_V161,ZWARN0_DELTACHI2_GT25_ZCAT_PRIMARY
DESI002762,330.088793443198,7.189780455549,GALAXY,,0.102234065,21.63307145742114,21-22,39627965054583828,dark,DESI_DR1_V161,ZWARN0_DELTACHI2_GT25_ZCAT_PRIMARY
DESI002763,330.026709132668,-8.676803399292,GALAXY,,0.915855607,21.496580512195383,21-22,39627579505773012,dark,DESI_DR1_V161,ZWARN0_DELTACHI2_GT25_ZCAT_PRIMARY
DESI002764,330.097207417646,10.659563168767,GALAXY,,0.748690236,21.736444218123907,21-22,39628048617703842,dark,DESI_DR1_V161,ZWARN0_DELTACHI2_GT25_ZCAT_PRIMARY
DESI002765,330.067340185051,-1.208312184327,GALAXY,,0.675391068,21.600895004909955,21-22,39627760066365841,dark,DESI_DR1_V161,ZWARN0_DELTACHI2_GT25_ZCAT_PRIMARY
DESI002766,330.102374178751,8.810166847795,GALAXY,,0.537425908,21.331386732186438,21-22,39628000966217841,dark,DESI_DR1_V161,ZWARN0_DELTACHI2_GT25_ZCAT_PRIMARY
DESI002767,330.113791684058,4.41359295315,GALAXY,,0.736579494,21.74903852743692,21-22,39627898922995935,dark,DESI_DR1_V161,ZWARN0_DELTACHI2_GT25_ZCAT_PRIMARY
DESI002768,330.082750425262,-8.708356603524,GALAXY,,1.37743688,21.889041209743024,21-22,39627579505774222,dark,DESI_DR1_V161,ZWARN0_DELTACHI2_GT25_ZCAT_PRIMARY
DESI002769,330.070290050125,2.353803369281,GALAXY,,0.687277235,21.64973781067511,21-22,39627844623533869,dark,DESI_DR1_V161,ZWARN0_DELTACHI2_GT25_ZCAT_PRIMARY
DESI002770,330.106436192106,27.562643446689,GALAXY,,1.32828374,21.98902167020175,21-22,39628429926077240,dark,DESI_DR1_V161,ZWARN0_DELTACHI2_GT25_ZCAT_PRIMARY
DESI002771,330.079989015566,-3.935723231541,GALAXY,,0.696254518,21.01015222857934,21-22,39627693653756409,dark,DESI_DR1_V161,ZWARN0_DELTACHI2_GT25_ZCAT_PRIMARY
DESI002772,330.05961725271,9.428012673637,GALAXY,,0.923435873,21.698709984275574,21-22,39628018867507774,dark,DESI_DR1_V161,ZWARN0_DELTACHI2_GT25_ZCAT_PRIMARY
DESI002773,330.065787380975,-7.906153747416,GALAXY,,0.764422507,21.886816884125885,21-22,39627597457393078,dark,DESI_DR1_V161,ZWARN0_DELTACHI2_GT25_ZCAT_PRIMARY
DESI002774,330.006278303579,15.821096762318,GALAXY,,0.623927051,21.658975757400793,21-22,39628166251153348,dark,DESI_DR1_V161,ZWARN0_DELTACHI2_GT25_ZCAT_PRIMARY
DESI002775,330.046015005963,-0.462050045769,GALAXY,,0.742262109,21.400224209979346,21-22,39627778185758633,dark,DESI_DR1_V161,ZWARN0_DELTACHI2_GT25_ZCAT_PRIMARY
DESI002776,330.022086405965,-0.304754455603,GALAXY,,0.740916185,21.43872693852491,21-22,39627784225555313,dark,DESI_DR1_V161,ZWARN0_DELTACHI2_GT25_ZCAT_PRIMARY
DESI002777,330.003608819315,1.334763886664,GALAXY,,0.661110503,21.50285498775525,21-22,39627820464341246,dark,DESI_DR1_V161,ZWARN0_DELTACHI2_GT25_ZCAT_PRIMARY
DESI002778,330.005118291658,26.782849157203,GALAXY,,0.593519813,21.345038818636752,21-22,39628413782200221,dark,DESI_DR1_V161,ZWARN0_DELTACHI2_GT25_ZCAT_PRIMARY
DESI002779,330.098079412502,-8.298613523488,GALAXY,,1.49878569,21.882547844161152,21-22,39627591467928466,dark,DESI_DR1_V161,ZWARN0_DELTACHI2_GT25_ZCAT_PRIMARY
DESI002780,330.073154504144,27.897847828776,GALAXY,,0.762834965,21.784420364928618,21-22,39628440625742514,dark,DESI_DR1_V161,ZWARN0_DELTACHI2_GT25_ZCAT_PRIMARY
DESI002781,330.000821274025,19.204176102217,GALAXY,,0.506982421,21.185386887404526,21-22,39628246957951969,dark,DESI_DR1_V161,ZWARN0_DELTACHI2_GT25_ZCAT_PRIMARY
DESI002782,330.070705005797,3.575282948633,GALAXY,,-0.000481577422,21.772277499857598,21-22,39627874805746051,dark,DESI_DR1_V161,ZWARN0_DELTACHI2_GT25_ZCAT_PRIMARY
DESI002783,330.007712871174,-0.976260654537,GALAXY,,1.42357061,21.94491353027986,21-22,39627766106161520,dark,DESI_DR1_V161,ZWARN0_DELTACHI2_GT25_ZCAT_PRIMARY
DESI002784,330.117452689192,12.30523339231,GALAXY,,0.638053081,21.601440623653907,21-22,39628084156039888,dark,DESI_DR1_V161,ZWARN0_DELTACHI2_GT25_ZCAT_PRIMARY
DESI002785,330.069188021416,-0.982462621389,GALAXY,,0.549671386,21.34189548619142,21-22,39627766106163864,dark,DESI_DR1_V161,ZWARN0_DELTACHI2_GT25_ZCAT_PRIMARY
DESI002786,330.022689789284,-10.820766664583,GALAXY,,0.917833184,21.982773473107205,21-22,39627531829117508,dark,DESI_DR1_V161,ZWARN0_DELTACHI2_GT25_ZCAT_PRIMARY
DESI002787,330.021374801341,-11.310805543257,GALAXY,,0.740853447,21.37271140218977,21-22,39627519950849687,dark,DESI_DR1_V161,ZWARN0_DELTACHI2_GT25_ZCAT_PRIMARY
DESI002788,330.007261975151,3.801801300798,GALAXY,,0.910875316,21.630884735799146,21-22,39627880837153812,dark,DESI_DR1_V161,ZWARN0_DELTACHI2_GT25_ZCAT_PRIMARY
DESI002789,330.120395158451,9.016080331341,GALAXY,,0.579658252,21.112914305328246,21-22,39628006938906686,dark,DESI_DR1_V161,ZWARN0_DELTACHI2_GT25_ZCAT_PRIMARY
DESI002790,330.077426936687,3.715238229014,GALAXY,,0.767008096,21.7886637477313,21-22,39627880837155293,dark,DESI_DR1_V161,ZWARN0_DELTACHI2_GT25_ZCAT_PRIMARY
DESI002791,330.040799176064,2.907626884166,GALAXY,,0.754931977,21.543881201159547,21-22,39627862742926184,dark,DESI_DR1_V161,ZWARN0_DELTACHI2_GT25_ZCAT_PRIMARY
DESI002792,330.032035154534,2.533369293673,GALAXY,,0.768394089,21.942812308265452,21-22,39627850663330567,dark,DESI_DR1_V161,ZWARN0_DELTACHI2_GT25_ZCAT_PRIMARY
DESI002793,330.103868602349,11.835630780701,GALAXY,,0.677646436,21.421614717341836,21-22,39628072332301375,dark,DESI_DR1_V161,ZWARN0_DELTACHI2_GT25_ZCAT_PRIMARY
DESI002794,330.003687988985,7.22946363046,GALAXY,,0.601538483,21.14369266695992,21-22,39627965050392728,dark,DESI_DR1_V161,ZWARN0_DELTACHI2_GT25_ZCAT_PRIMARY
DESI002795,330.096448311927,12.901855594985,GALAXY,,0.95113529,21.88666258615234,21-22,39628101847615539,dark,DESI_DR1_V161,ZWARN0_DELTACHI2_GT25_ZCAT_PRIMARY
DESI002796,330.095573230039,4.43656147217,GALAXY,,0.75991719,21.755210442718482,21-22,39627898922995577,dark,DESI_DR1_V161,ZWARN0_DELTACHI2_GT25_ZCAT_PRIMARY
DESI002797,330.1021474473,15.409400542231,GALAXY,,0.816407005,21.27391330687008,21-22,39628160429460664,dark,DESI_DR1_V161,ZWARN0_DELTACHI2_GT25_ZCAT_PRIMARY
DESI002798,330.107148619829,-11.063962544275,GALAXY,,-7.96855716e-05,21.42182786899541,21-22,39627525889985316,dark,DESI_DR1_V161,ZWARN0_DELTACHI2_GT25_ZCAT_PRIMARY
DESI002799,330.045437827035,-0.541735576393,GALAXY,,0.733914447,21.972592681669212,21-22,39627778185758607,dark,DESI_DR1_V161,ZWARN0_DELTACHI2_GT25_ZCAT_PRIMARY
DESI002800,330.117716223169,27.608191331724,GALAXY,,0.701531073,21.139746135561825,21-22,39628429926077577,dark,DESI_DR1_V161,ZWARN0_DELTACHI2_GT25_ZCAT_PRIMARY
DESI002801,5.009424528218,1.41415667966,GALAXY,,1.1780838,22.399196446661694,22-23,39627821051543927,dark,DESI_DR1_V161,ZWARN0_DELTACHI2_GT25_ZCAT_PRIMARY
DESI002802,5.019334222468,2.618481671385,GALAXY,,0.848880316,22.331160525759124,22-23,39627845210735289,dark,DESI_DR1_V161,ZWARN0_DELTACHI2_GT25_ZCAT_PRIMARY
DESI002803,5.016487662195,13.286682780292,GALAXY,,1.09646464,22.339772674511423,22-23,39628102418041372,dark,DESI_DR1_V161,ZWARN0_DELTACHI2_GT25_ZCAT_PRIMARY
DESI002804,5.011374785434,-10.515582367452,GALAXY,,0.836653228,22.764618456113617,22-23,39627532403740448,dark,DESI_DR1_V161,ZWARN0_DELTACHI2_GT25_ZCAT_PRIMARY
DESI002805,5.021970746539,-0.362751493606,GALAXY,,0.814954386,22.315621666288386,22-23,39627778772960058,dark,DESI_DR1_V161,ZWARN0_DELTACHI2_GT25_ZCAT_PRIMARY
DESI002806,5.010954545012,-0.959162682975,GALAXY,,0.859571386,22.24582130465505,22-23,39627760653566381,dark,DESI_DR1_V161,ZWARN0_DELTACHI2_GT25_ZCAT_PRIMARY
DESI002807,5.014038843122,3.786910658145,GALAXY,,1.09051139,22.794602594902166,22-23,39627875392946495,dark,DESI_DR1_V161,ZWARN0_DELTACHI2_GT25_ZCAT_PRIMARY
DESI002808,5.038685621159,11.313008454693,GALAXY,,0.351850213,22.70773917908802,22-23,39628055131458980,dark,DESI_DR1_V161,ZWARN0_DELTACHI2_GT25_ZCAT_PRIMARY
DESI002809,5.023788911643,6.154219456105,GALAXY,,1.43547728,22.492997914155485,22-23,39627935618961966,dark,DESI_DR1_V161,ZWARN0_DELTACHI2_GT25_ZCAT_PRIMARY
DESI002810,5.004671203289,6.26075486405,GALAXY,,0.867752166,22.356890566202374,22-23,39627935618961621,dark,DESI_DR1_V161,ZWARN0_DELTACHI2_GT25_ZCAT_PRIMARY
DESI002811,5.011589308331,3.728358340218,GALAXY,,1.44919465,22.483043611566632,22-23,39627875392946409,dark,DESI_DR1_V161,ZWARN0_DELTACHI2_GT25_ZCAT_PRIMARY
DESI002812,5.014724244528,-0.110014266122,GALAXY,,0.865531825,22.831026374194874,22-23,39627784812757534,dark,DESI_DR1_V161,ZWARN0_DELTACHI2_GT25_ZCAT_PRIMARY
DESI002813,5.001643417908,-11.857642811364,GALAXY,,1.15935309,22.779829406608737,22-23,39627502750010900,dark,DESI_DR1_V161,ZWARN0_DELTACHI2_GT25_ZCAT_PRIMARY
DESI002814,5.032373595674,17.166099217685,GALAXY,,0.791657716,22.525023577294945,22-23,39628195800024365,dark,DESI_DR1_V161,ZWARN0_DELTACHI2_GT25_ZCAT_PRIMARY
DESI002815,5.007453466933,8.496843987368,GALAXY,,1.10913739,22.929615540026877,22-23,39627989591264800,dark,DESI_DR1_V161,ZWARN0_DELTACHI2_GT25_ZCAT_PRIMARY
DESI002816,5.01130744785,3.315037578133,GALAXY,,0.602776747,22.460396070789084,22-23,39627863330128038,dark,DESI_DR1_V161,ZWARN0_DELTACHI2_GT25_ZCAT_PRIMARY
DESI002817,5.020281621396,0.255968703204,GALAXY,,1.07776466,22.85704883311036,22-23,39627790852555495,dark,DESI_DR1_V161,ZWARN0_DELTACHI2_GT25_ZCAT_PRIMARY
DESI002818,5.022561982729,11.417442556193,GALAXY,,1.26965051,22.99442242199514,22-23,39628061062205092,dark,DESI_DR1_V161,ZWARN0_DELTACHI2_GT25_ZCAT_PRIMARY
DESI002819,5.023510051738,25.0454734943,GALAXY,,0.825187236,22.82619467398367,22-23,39628370757027026,dark,DESI_DR1_V161,ZWARN0_DELTACHI2_GT25_ZCAT_PRIMARY
DESI002820,5.00697593958,6.944771544932,GALAXY,,1.00659366,22.998463307090663,22-23,39627953637691406,dark,DESI_DR1_V161,ZWARN0_DELTACHI2_GT25_ZCAT_PRIMARY
DESI002821,5.033594350135,24.829677664136,GALAXY,,1.09434006,22.769052429756194,22-23,39628365262489411,dark,DESI_DR1_V161,ZWARN0_DELTACHI2_GT25_ZCAT_PRIMARY
DESI002822,5.021373461518,9.878040293392,GALAXY,,0.92335914,22.55196246362283,22-23,39628025402232533,dark,DESI_DR1_V161,ZWARN0_DELTACHI2_GT25_ZCAT_PRIMARY
DESI002823,5.0051384293,10.507843145895,GALAXY,,0.791960401,22.132835726369322,22-23,39628037305667141,dark,DESI_DR1_V161,ZWARN0_DELTACHI2_GT25_ZCAT_PRIMARY
DESI002824,5.020794872066,0.514917893968,GALAXY,,0.849866516,22.870626869722074,22-23,39627796892353242,dark,DESI_DR1_V161,ZWARN0_DELTACHI2_GT25_ZCAT_PRIMARY
DESI002825,5.003788987806,9.79024300611,GALAXY,,1.50567924,22.5745257914967,22-23,39628019446320548,dark,DESI_DR1_V161,ZWARN0_DELTACHI2_GT25_ZCAT_PRIMARY
DESI002826,5.032371640654,15.141015464087,GALAXY,,0.902071055,22.19742246041009,22-23,39628149327137156,dark,DESI_DR1_V161,ZWARN0_DELTACHI2_GT25_ZCAT_PRIMARY
DESI002827,5.020473490664,14.645998389822,GALAXY,,0.817593431,22.271404196550318,22-23,39628137641806217,dark,DESI_DR1_V161,ZWARN0_DELTACHI2_GT25_ZCAT_PRIMARY
DESI002828,5.014663170822,7.187239142456,GALAXY,,0.880675679,22.24785071871274,22-23,39627959635546438,dark,DESI_DR1_V161,ZWARN0_DELTACHI2_GT25_ZCAT_PRIMARY
DESI002829,5.007487876657,-5.516732831812,GALAXY,,0.890634277,22.492900830397673,22-23,39627652067237450,dark,DESI_DR1_V161,ZWARN0_DELTACHI2_GT25_ZCAT_PRIMARY
DESI002830,5.025448041511,4.644519962496,GALAXY,,0.938413179,22.3409724038606,22-23,39627899510194519,dark,DESI_DR1_V161,ZWARN0_DELTACHI2_GT25_ZCAT_PRIMARY
DESI002831,5.03309177031,-0.332839884527,GALAXY,,1.00377001,22.732763693939752,22-23,39627778772960450,dark,DESI_DR1_V161,ZWARN0_DELTACHI2_GT25_ZCAT_PRIMARY
DESI002832,5.014667415218,9.338020592218,GALAXY,,1.09377217,22.81923484016018,22-23,39628007517720849,dark,DESI_DR1_V161,ZWARN0_DELTACHI2_GT25_ZCAT_PRIMARY
DESI002833,5.014495756508,-1.700914400299,GALAXY,,0.852805911,22.366698738014087,22-23,39627742534173159,dark,DESI_DR1_V161,ZWARN0_DELTACHI2_GT25_ZCAT_PRIMARY
DESI002834,5.030830460982,3.247803847619,GALAXY,,0.997968809,22.532429485812987,22-23,39627863330128718,dark,DESI_DR1_V161,ZWARN0_DELTACHI2_GT25_ZCAT_PRIMARY
DESI002835,5.00091588975,7.603936959821,GALAXY,,0.830617003,22.689212603034107,22-23,39627965633401054,dark,DESI_DR1_V161,ZWARN0_DELTACHI2_GT25_ZCAT_PRIMARY
DESI002836,5.005439482061,6.831147870675,GALAXY,,0.855857877,22.916990334449395,22-23,39627947631448656,dark,DESI_DR1_V161,ZWARN0_DELTACHI2_GT25_ZCAT_PRIMARY
DESI002837,5.027104395915,7.407052498511,GALAXY,,0.0906506208,22.74072760450558,22-23,39627965633401570,dark,DESI_DR1_V161,ZWARN0_DELTACHI2_GT25_ZCAT_PRIMARY
DESI002838,5.005561399834,1.232476004511,GALAXY,,1.30741562,22.90809028700566,22-23,39627815011746063,dark,DESI_DR1_V161,ZWARN0_DELTACHI2_GT25_ZCAT_PRIMARY
DESI002839,5.017995584142,21.400234995588,GALAXY,,0.868016093,22.981341709484855,22-23,39628292877192259,dark,DESI_DR1_V161,ZWARN0_DELTACHI2_GT25_ZCAT_PRIMARY
DESI002840,5.010135261447,-1.828413740886,GALAXY,,0.808699768,22.71434446179328,22-23,39627742534173017,dark,DESI_DR1_V161,ZWARN0_DELTACHI2_GT25_ZCAT_PRIMARY
DESI002841,5.03000445592,0.277284204005,GALAXY,,0.915605124,22.60558802001087,22-23,39627790852555809,dark,DESI_DR1_V161,ZWARN0_DELTACHI2_GT25_ZCAT_PRIMARY
DESI002842,5.039000132707,20.247862278734,GALAXY,,0.870236727,22.486265811919573,22-23,39628264599196233,dark,DESI_DR1_V161,ZWARN0_DELTACHI2_GT25_ZCAT_PRIMARY
DESI002843,5.000674472622,1.933411136866,GALAXY,,1.07176178,22.828350705576202,22-23,39627833131139167,dark,DESI_DR1_V161,ZWARN0_DELTACHI2_GT25_ZCAT_PRIMARY
DESI002844,5.032822890948,14.663524776735,GALAXY,,0.860945409,22.799201032071146,22-23,39628137641806458,dark,DESI_DR1_V161,ZWARN0_DELTACHI2_GT25_ZCAT_PRIMARY
DESI002845,5.03669443978,12.434387584876,GALAXY,,1.3809335,22.98134001802901,22-23,39628084726467404,dark,DESI_DR1_V161,ZWARN0_DELTACHI2_GT25_ZCAT_PRIMARY
DESI002846,5.028272969495,14.268884965134,GALAXY,,1.00446265,22.013360384744065,22-23,39628125922920593,dark,DESI_DR1_V161,ZWARN0_DELTACHI2_GT25_ZCAT_PRIMARY
DESI002847,5.028498289188,21.373716319738,GALAXY,,0.870804943,22.833625977011074,22-23,39628287240048158,dark,DESI_DR1_V161,ZWARN0_DELTACHI2_GT25_ZCAT_PRIMARY
DESI002848,5.03008432402,4.656833700403,GALAXY,,0.78692535,22.204933725127827,22-23,39627899510194650,dark,DESI_DR1_V161,ZWARN0_DELTACHI2_GT25_ZCAT_PRIMARY
DESI002849,5.025559736554,0.437439560581,GALAXY,,1.35240646,22.782251403263796,22-23,39627796892353383,dark,DESI_DR1_V161,ZWARN0_DELTACHI2_GT25_ZCAT_PRIMARY
DESI002850,5.039151921243,1.151824843448,GALAXY,,0.866933578,22.606778121259595,22-23,39627815011747178,dark,DESI_DR1_V161,ZWARN0_DELTACHI2_GT25_ZCAT_PRIMARY
DESI002851,35.009968755962,6.4727304567,GALAXY,,1.57715469,22.873643243199886,22-23,39627942128518415,dark,DESI_DR1_V161,ZWARN0_DELTACHI2_GT25_ZCAT_PRIMARY
DESI002852,35.015725010607,25.846933370468,GALAXY,,0.841861188,22.755381297397836,22-23,39628387626518639,dark,DESI_DR1_V161,ZWARN0_DELTACHI2_GT25_ZCAT_PRIMARY
DESI002853,35.005901462077,29.853758024188,GALAXY,,1.30977828,22.653274231598026,22-23,39628473362288390,dark,DESI_DR1_V161,ZWARN0_DELTACHI2_GT25_ZCAT_PRIMARY
DESI002854,35.005879043779,2.023147279434,GALAXY,,1.18102952,22.965217282918772,22-23,39627833634455788,dark,DESI_DR1_V161,ZWARN0_DELTACHI2_GT25_ZCAT_PRIMARY
DESI002855,35.008391716544,-10.463529240748,GALAXY,,0.86036979,22.752771749111403,22-23,39627532898670673,dark,DESI_DR1_V161,ZWARN0_DELTACHI2_GT25_ZCAT_PRIMARY
DESI002856,35.02035485118,20.266042287759,GALAXY,,0.835100831,22.725353384267514,22-23,39628265073152023,dark,DESI_DR1_V161,ZWARN0_DELTACHI2_GT25_ZCAT_PRIMARY
DESI002857,35.022379154742,-10.343708826838,GALAXY,,0.853521283,22.492760613626963,22-23,39627538846194504,dark,DESI_DR1_V161,ZWARN0_DELTACHI2_GT25_ZCAT_PRIMARY
DESI002858,35.01117758303,7.268217519792,GALAXY,,0.377849324,22.237459999546704,22-23,39627960138858841,dark,DESI_DR1_V161,ZWARN0_DELTACHI2_GT25_ZCAT_PRIMARY
DESI002859,35.016067734393,24.833852953914,GALAXY,,0.938262322,22.118262693041512,22-23,39628365719668655,dark,DESI_DR1_V161,ZWARN0_DELTACHI2_GT25_ZCAT_PRIMARY
DESI002860,35.017977569224,29.312690902046,GALAXY,,0.702313622,22.070376832377356,22-23,39628462822000317,dark,DESI_DR1_V161,ZWARN0_DELTACHI2_GT25_ZCAT_PRIMARY
DESI002861,35.009047986927,19.385153520254,GALAXY,,0.801292224,22.568509473477555,22-23,39628247989749028,dark,DESI_DR1_V161,ZWARN0_DELTACHI2_GT25_ZCAT_PRIMARY
DESI002862,35.011093185469,-3.899737735289,GALAXY,,1.07528218,22.25444665550991,22-23,39627688708677073,dark,DESI_DR1_V161,ZWARN0_DELTACHI2_GT25_ZCAT_PRIMARY
DESI002863,35.009146221455,-10.592394795339,GALAXY,,0.892880358,22.19255272418436,22-23,39627532898670699,dark,DESI_DR1_V161,ZWARN0_DELTACHI2_GT25_ZCAT_PRIMARY
DESI002864,35.023142239669,-6.619873324999,GALAXY,,1.05362942,22.603509073792672,22-23,39627628528798262,dark,DESI_DR1_V161,ZWARN0_DELTACHI2_GT25_ZCAT_PRIMARY
DESI002865,35.0016206385,-7.182544871631,GALAXY,,0.875613854,22.92657973002795,22-23,39627610526843188,dark,DESI_DR1_V161,ZWARN0_DELTACHI2_GT25_ZCAT_PRIMARY
DESI002866,35.016134529439,-7.856535526767,GALAXY,,0.94650419,22.445518110605594,22-23,39627598535335630,dark,DESI_DR1_V161,ZWARN0_DELTACHI2_GT25_ZCAT_PRIMARY
DESI002867,35.016244561131,21.599190961814,GALAXY,,0.87798679,22.62895535886328,22-23,39628293346953353,dark,DESI_DR1_V161,ZWARN0_DELTACHI2_GT25_ZCAT_PRIMARY
DESI002868,35.015344663165,9.411394867982,GALAXY,,0.756504915,22.93564462909102,22-23,39628013981140249,dark,DESI_DR1_V161,ZWARN0_DELTACHI2_GT25_ZCAT_PRIMARY
DESI002869,35.018032651946,6.127882866123,GALAXY,,1.09117872,22.967634763671533,22-23,39627936122275124,dark,DESI_DR1_V161,ZWARN0_DELTACHI2_GT25_ZCAT_PRIMARY
DESI002870,35.020122547103,7.622050428517,GALAXY,,0.778561889,22.221961371660946,22-23,39627966136713730,dark,DESI_DR1_V161,ZWARN0_DELTACHI2_GT25_ZCAT_PRIMARY
DESI002871,35.021557415006,7.922672518554,GALAXY,,0.937193263,22.16112688264813,22-23,39627978119844846,dark,DESI_DR1_V161,ZWARN0_DELTACHI2_GT25_ZCAT_PRIMARY
DESI002872,35.009664626703,5.837922233208,GALAXY,,0.934433219,22.57750685122362,22-23,39627924093012178,dark,DESI_DR1_V161,ZWARN0_DELTACHI2_GT25_ZCAT_PRIMARY
DESI002873,35.023899643041,6.252689637461,GALAXY,,0.961230558,22.969803225700236,22-23,39627936122275235,dark,DESI_DR1_V161,ZWARN0_DELTACHI2_GT25_ZCAT_PRIMARY
DESI002874,35.010994877242,-4.620809516522,GALAXY,,1.07513593,22.055315017391415,22-23,39627676654246041,dark,DESI_DR1_V161,ZWARN0_DELTACHI2_GT25_ZCAT_PRIMARY
DESI002875,35.003832024727,2.152271603383,GALAXY,,0.698449541,22.81376791406075,22-23,39627839674253496,dark,DESI_DR1_V161,ZWARN0_DELTACHI2_GT25_ZCAT_PRIMARY
DESI002876,35.015279889172,22.477024435682,GALAXY,,1.4736048,22.872866934763778,22-23,39628315799062796,dark,DESI_DR1_V161,ZWARN0_DELTACHI2_GT25_ZCAT_PRIMARY
DESI002877,35.017719594949,-6.082438564979,GALAXY,,0.873686352,22.604977910666722,22-23,39627640541286876,dark,DESI_DR1_V161,ZWARN0_DELTACHI2_GT25_ZCAT_PRIMARY
DESI002878,35.008534694653,-11.574218356324,GALAXY,,0.869332949,22.922762008084938,22-23,39627509167294696,dark,DESI_DR1_V161,ZWARN0_DELTACHI2_GT25_ZCAT_PRIMARY
DESI002879,35.01303572217,2.229910747639,GALAXY,,0.881539687,22.627999657815057,22-23,39627839674253836,dark,DESI_DR1_V161,ZWARN0_DELTACHI2_GT25_ZCAT_PRIMARY
DESI002880,35.004806169605,29.007097915931,GALAXY,,1.37438953,22.630531290865687,22-23,39628457528791129,dark,DESI_DR1_V161,ZWARN0_DELTACHI2_GT25_ZCAT_PRIMARY
DESI002881,35.015632592021,14.821216801314,GALAXY,,0.839309113,22.091343668739206,22-23,39628138128345585,dark,DESI_DR1_V161,ZWARN0_DELTACHI2_GT25_ZCAT_PRIMARY
DESI002882,35.002787117124,-3.834871203239,GALAXY,,1.03633945,22.874809514282013,22-23,39627694740085692,dark,DESI_DR1_V161,ZWARN0_DELTACHI2_GT25_ZCAT_PRIMARY
DESI002883,35.012107294833,-5.31929503625,GALAXY,,1.49881275,22.99172942953744,22-23,39627658585183950,dark,DESI_DR1_V161,ZWARN0_DELTACHI2_GT25_ZCAT_PRIMARY
DESI002884,35.013633609342,-5.952964480775,GALAXY,,0.901207452,22.60540614763469,22-23,39627640541286720,dark,DESI_DR1_V161,ZWARN0_DELTACHI2_GT25_ZCAT_PRIMARY
DESI002885,35.00816927185,22.453827911666,GALAXY,,1.002436,22.707122769271287,22-23,39628315799062649,dark,DESI_DR1_V161,ZWARN0_DELTACHI2_GT25_ZCAT_PRIMARY
DESI002886,35.012504729333,-4.928933588416,GALAXY,,0.896581867,22.810491095615642,22-23,39627664608203865,dark,DESI_DR1_V161,ZWARN0_DELTACHI2_GT25_ZCAT_PRIMARY
DESI002887,35.008899887225,9.127364778822,GALAXY,,0.620038476,22.147104861683417,22-23,39628008016839781,dark,DESI_DR1_V161,ZWARN0_DELTACHI2_GT25_ZCAT_PRIMARY
DESI002888,35.012707348538,9.330076841111,GALAXY,,1.12595733,22.910182521074024,22-23,39628008016839844,dark,DESI_DR1_V161,ZWARN0_DELTACHI2_GT25_ZCAT_PRIMARY
DESI002889,35.009870686034,10.400545567872,GALAXY,,0.723430918,22.83004889518881,22-23,39628037800596250,dark,DESI_DR1_V161,ZWARN0_DELTACHI2_GT25_ZCAT_PRIMARY
DESI002890,35.005558031907,-6.675782372082,GALAXY,,1.03563074,22.75464664198699,22-23,39627622522554448,dark,DESI_DR1_V161,ZWARN0_DELTACHI2_GT25_ZCAT_PRIMARY
DESI002891,35.011381760116,-4.01980878194,GALAXY,,0.95913112,22.388582007743103,22-23,39627688708677087,dark,DESI_DR1_V161,ZWARN0_DELTACHI2_GT25_ZCAT_PRIMARY
DESI002892,35.009938139314,7.270731030592,GALAXY,,0.836420044,22.410935432745973,22-23,39627960138858818,dark,DESI_DR1_V161,ZWARN0_DELTACHI2_GT25_ZCAT_PRIMARY
DESI002893,35.011363933106,25.752900616921,GALAXY,,0.919475336,22.89687670398752,22-23,39628387626518560,dark,DESI_DR1_V161,ZWARN0_DELTACHI2_GT25_ZCAT_PRIMARY
DESI002894,35.000303297921,19.541218841951,GALAXY,,1.24746129,22.57959263220133,22-23,39628247989748842,dark,DESI_DR1_V161,ZWARN0_DELTACHI2_GT25_ZCAT_PRIMARY
DESI002895,35.010272242407,3.866731196255,GALAXY,,1.0327266,22.714376207112274,22-23,39627875892074849,dark,DESI_DR1_V161,ZWARN0_DELTACHI2_GT25_ZCAT_PRIMARY
DESI002896,35.00474282987,14.909750893788,GALAXY,,1.44415355,22.41580744981733,22-23,39628143975204652,dark,DESI_DR1_V161,ZWARN0_DELTACHI2_GT25_ZCAT_PRIMARY
DESI002897,35.012546809925,22.400135610391,GALAXY,,1.00832994,22.801382887636994,22-23,39628315799062741,dark,DESI_DR1_V161,ZWARN0_DELTACHI2_GT25_ZCAT_PRIMARY
DESI002898,35.019792941725,-5.616659975875,GALAXY,,0.836544177,22.33491236073163,22-23,39627652570550615,dark,DESI_DR1_V161,ZWARN0_DELTACHI2_GT25_ZCAT_PRIMARY
DESI002899,35.000100466393,-4.528133440356,GALAXY,,1.27599216,22.459088301359266,22-23,39627676654245659,dark,DESI_DR1_V161,ZWARN0_DELTACHI2_GT25_ZCAT_PRIMARY
DESI002900,35.000517500803,20.294180961948,GALAXY,,1.00814778,22.771722368411236,22-23,39628265073151661,dark,DESI_DR1_V161,ZWARN0_DELTACHI2_GT25_ZCAT_PRIMARY
DESI002901,125.01037503805,33.491946970788,GALAXY,,0.838999317,22.709365340510477,22-23,39632950047801692,dark,DESI_DR1_V161,ZWARN0_DELTACHI2_GT25_ZCAT_PRIMARY
DESI002902,125.012982248982,9.072872963165,GALAXY,,1.35818766,22.46077300072692,22-23,39628003537324839,dark,DESI_DR1_V161,ZWARN0_DELTACHI2_GT25_ZCAT_PRIMARY
DESI002903,125.004584785678,28.456459095845,GALAXY,,0.759713618,22.018462903830876,22-23,39628448242599848,dark,DESI_DR1_V161,ZWARN0_DELTACHI2_GT25_ZCAT_PRIMARY
DESI002904,125.006335410937,31.035591821184,GALAXY,,1.34750076,22.522907977780925,22-23,39628500793033829,dark,DESI_DR1_V161,ZWARN0_DELTACHI2_GT25_ZCAT_PRIMARY
DESI002905,125.01024463108,1.032141494494,GALAXY,,0.100153713,22.736504776227758,22-23,39627810985214206,dark,DESI_DR1_V161,ZWARN0_DELTACHI2_GT25_ZCAT_PRIMARY
DESI002906,125.014767922291,58.081814421578,GALAXY,,0.929470213,22.851397658690882,22-23,39633361567744041,dark,DESI_DR1_V161,ZWARN0_DELTACHI2_GT25_ZCAT_PRIMARY
DESI002907,125.000361746295,31.625061062385,GALAXY,,0.912140549,22.14686955164404,22-23,39628516299376514,dark,DESI_DR1_V161,ZWARN0_DELTACHI2_GT25_ZCAT_PRIMARY
DESI002908,125.010554893554,8.341645202415,GALAXY,,0.689102497,22.231771519424758,22-23,39627985606673578,dark,DESI_DR1_V161,ZWARN0_DELTACHI2_GT25_ZCAT_PRIMARY
DESI002909,125.010629028276,4.8968413595,GALAXY,,1.53904172,22.472195093262417,22-23,39627907538095491,dark,DESI_DR1_V161,ZWARN0_DELTACHI2_GT25_ZCAT_PRIMARY
DESI002910,125.007966145966,21.59425699821,GALAXY,,0.910427082,22.5025000694542,22-23,39628294756237351,dark,DESI_DR1_V161,ZWARN0_DELTACHI2_GT25_ZCAT_PRIMARY
DESI002911,125.011736301697,7.922294875648,GALAXY,,1.24654182,22.877487017471676,22-23,39627979617212651,dark,DESI_DR1_V161,ZWARN0_DELTACHI2_GT25_ZCAT_PRIMARY
DESI002912,125.000289785222,38.691951859671,GALAXY,,1.56575718,22.496011824516852,22-23,39633052766310632,dark,DESI_DR1_V161,ZWARN0_DELTACHI2_GT25_ZCAT_PRIMARY
DESI002913,125.010356652961,9.163201834647,GALAXY,,1.34791865,22.43515909123441,22-23,39628009505820950,dark,DESI_DR1_V161,ZWARN0_DELTACHI2_GT25_ZCAT_PRIMARY
DESI002914,125.006198049977,43.877230515738,GALAXY,,0.865092484,22.96594246241766,22-23,39633148249637342,dark,DESI_DR1_V161,ZWARN0_DELTACHI2_GT25_ZCAT_PRIMARY
DESI002915,125.011786627726,1.921109101651,GALAXY,,1.26096945,22.988869357220782,22-23,39627835144405325,dark,DESI_DR1_V161,ZWARN0_DELTACHI2_GT25_ZCAT_PRIMARY
DESI002916,125.002207503557,17.735014120959,GALAXY,,0.82662813,22.109566379214158,22-23,39628209272127987,dark,DESI_DR1_V161,ZWARN0_DELTACHI2_GT25_ZCAT_PRIMARY
DESI002917,125.002156599151,15.812112285951,GALAXY,,0.876907282,22.0707423582818,22-23,39628162933461657,dark,DESI_DR1_V161,ZWARN0_DELTACHI2_GT25_ZCAT_PRIMARY
DESI002918,125.012444390996,27.011741289749,GALAXY,,0.838978551,22.875671612702778,22-23,39628416105843506,dark,DESI_DR1_V161,ZWARN0_DELTACHI2_GT25_ZCAT_PRIMARY
DESI002919,125.006835473366,40.139995369746,GALAXY,,0.913951977,22.814684412755366,22-23,39633080817814438,dark,DESI_DR1_V161,ZWARN0_DELTACHI2_GT25_ZCAT_PRIMARY
DESI002920,125.000902016715,23.641190975521,GALAXY,,0.779015534,22.779724041632672,22-23,39628345020778459,dark,DESI_DR1_V161,ZWARN0_DELTACHI2_GT25_ZCAT_PRIMARY
DESI002921,125.006140830525,2.674368362275,GALAXY,,1.24252711,22.94441956920515,22-23,39627853263798508,dark,DESI_DR1_V161,ZWARN0_DELTACHI2_GT25_ZCAT_PRIMARY
DESI002922,125.00210969677,-0.412679581013,GALAXY,,0.936886191,22.81477436412174,22-23,39627774746427486,dark,DESI_DR1_V161,ZWARN0_DELTACHI2_GT25_ZCAT_PRIMARY
DESI002923,125.009056915902,31.878519289554,GALAXY,,1.31104689,22.820091812817267,22-23,39628521445785825,dark,DESI_DR1_V161,ZWARN0_DELTACHI2_GT25_ZCAT_PRIMARY
DESI002924,125.014139946856,76.178906012475,GALAXY,,0.959191916,22.591269455771954,22-23,39633533643260619,dark,DESI_DR1_V161,ZWARN0_DELTACHI2_GT25_ZCAT_PRIMARY
DESI002925,125.014310363098,15.445647816749,GALAXY,,1.25588009,22.812723295327498,22-23,39628157107573021,dark,DESI_DR1_V161,ZWARN0_DELTACHI2_GT25_ZCAT_PRIMARY
DESI002926,125.009905644634,10.430372024924,GALAXY,,0.838783276,22.440172106566568,22-23,39628039289571428,dark,DESI_DR1_V161,ZWARN0_DELTACHI2_GT25_ZCAT_PRIMARY
DESI002927,125.013077132356,38.833410673282,GALAXY,,1.00037285,22.258741692469073,22-23,39633052770500687,dark,DESI_DR1_V161,ZWARN0_DELTACHI2_GT25_ZCAT_PRIMARY
DESI002928,125.009272205491,11.746325490206,GALAXY,,1.09176904,22.717141609032932,22-23,39628068960077315,dark,DESI_DR1_V161,ZWARN0_DELTACHI2_GT25_ZCAT_PRIMARY
DESI002929,125.00118899824,33.770350306505,GALAXY,,1.26526941,22.282099885160317,22-23,39632955089357610,dark,DESI_DR1_V161,ZWARN0_DELTACHI2_GT25_ZCAT_PRIMARY
DESI002930,125.001420260995,3.465862735775,GALAXY,,1.53628806,22.43653050027398,22-23,39627871370610593,dark,DESI_DR1_V161,ZWARN0_DELTACHI2_GT25_ZCAT_PRIMARY
DESI002931,125.010394377243,3.058113202567,GALAXY,,1.09124199,22.778285077471953,22-23,39627859303596283,dark,DESI_DR1_V161,ZWARN0_DELTACHI2_GT25_ZCAT_PRIMARY
DESI002932,125.010315123633,28.363637521405,GALAXY,,0.852247361,22.08319965319702,22-23,39628442920026213,dark,DESI_DR1_V161,ZWARN0_DELTACHI2_GT25_ZCAT_PRIMARY
DESI002933,125.010037867016,1.394893804853,GALAXY,,1.48601718,22.913404713934252,22-23,39627823064809809,dark,DESI_DR1_V161,ZWARN0_DELTACHI2_GT25_ZCAT_PRIMARY
DESI002934,125.00605988878,11.303795317469,GALAXY,,0.847708332,22.313726862187416,22-23,39628057106978967,dark,DESI_DR1_V161,ZWARN0_DELTACHI2_GT25_ZCAT_PRIMARY
DESI002935,125.00695492901,1.499269070454,GALAXY,,0.80241533,22.723340288971897,22-23,39627823064809729,dark,DESI_DR1_V161,ZWARN0_DELTACHI2_GT25_ZCAT_PRIMARY
DESI002936,125.014811184669,7.496361049292,GALAXY,,0.815416716,22.307070973240982,22-23,39627967634083373,dark,DESI_DR1_V161,ZWARN0_DELTACHI2_GT25_ZCAT_PRIMARY
DESI002937,125.011111280258,29.54967579187,GALAXY,,0.978074657,22.140800518770412,22-23,39628469415445284,dark,DESI_DR1_V161,ZWARN0_DELTACHI2_GT25_ZCAT_PRIMARY
DESI002938,125.011813071855,11.84486917248,GALAXY,,1.00331057,22.70945092615584,22-23,39628068960077357,dark,DESI_DR1_V161,ZWARN0_DELTACHI2_GT25_ZCAT_PRIMARY
DESI002939,125.007850107596,8.82538919343,GALAXY,,0.322475853,22.62410125326585,22-23,39627997564635625,dark,DESI_DR1_V161,ZWARN0_DELTACHI2_GT25_ZCAT_PRIMARY
DESI002940,125.010408252318,36.924848662629,GALAXY,,1.19194207,22.95933542008927,22-23,39633019287371921,dark,DESI_DR1_V161,ZWARN0_DELTACHI2_GT25_ZCAT_PRIMARY
DESI002941,125.012267289395,4.538352555446,GALAXY,,0.89393766,22.10094668427248,22-23,39627895492055007,dark,DESI_DR1_V161,ZWARN0_DELTACHI2_GT25_ZCAT_PRIMARY
DESI002942,125.006134977235,10.390806355546,GALAXY,,0.794111401,22.071737211770312,22-23,39628039289571338,dark,DESI_DR1_V161,ZWARN0_DELTACHI2_GT25_ZCAT_PRIMARY
DESI002943,125.01098238346,4.1882671116,GALAXY,,1.43824876,22.7603308422778,22-23,39627889464838135,dark,DESI_DR1_V161,ZWARN0_DELTACHI2_GT25_ZCAT_PRIMARY
DESI002944,125.004363847529,12.60489051042,GALAXY,,1.42831544,22.913287144504654,22-23,39628086693598303,dark,DESI_DR1_V161,ZWARN0_DELTACHI2_GT25_ZCAT_PRIMARY
DESI002945,125.012586518019,11.242292402559,GALAXY,,0.990852533,22.12994403628129,22-23,39628057111167164,dark,DESI_DR1_V161,ZWARN0_DELTACHI2_GT25_ZCAT_PRIMARY
DESI002946,125.014155896504,6.318289105613,GALAXY,,1.53020549,22.435732006720503,22-23,39627937623836263,dark,DESI_DR1_V161,ZWARN0_DELTACHI2_GT25_ZCAT_PRIMARY
DESI002947,125.006714982216,26.749606763783,GALAXY,,0.85298244,22.177693916407975,22-23,39628410707772809,dark,DESI_DR1_V161,ZWARN0_DELTACHI2_GT25_ZCAT_PRIMARY
DESI002948,125.012783411985,26.313022181214,GALAXY,,1.11825367,22.510307898121816,22-23,39628399869691747,dark,DESI_DR1_V161,ZWARN0_DELTACHI2_GT25_ZCAT_PRIMARY
DESI002949,125.007810024213,9.3951007584,GALAXY,,0.880236453,22.80020122074187,22-23,39628015470121591,dark,DESI_DR1_V161,ZWARN0_DELTACHI2_GT25_ZCAT_PRIMARY
DESI002950,125.008968127424,7.490212816662,GALAXY,,0.815627311,22.399424048756174,22-23,39627967634083218,dark,DESI_DR1_V161,ZWARN0_DELTACHI2_GT25_ZCAT_PRIMARY
DESI002951,150.015279812015,13.418525576271,GALAXY,,0.757444304,22.97480365496626,22-23,39628110676624327,dark,DESI_DR1_V161,ZWARN0_DELTACHI2_GT25_ZCAT_PRIMARY
DESI002952,150.012072717038,2.459086341442,GALAXY,,0.746621641,22.03703027749002,22-23,39627847643431247,dark,DESI_DR1_V161,ZWARN0_DELTACHI2_GT25_ZCAT_PRIMARY
DESI002953,150.01177172719,2.04232705605,GALAXY,,0.955384105,22.363965346246104,22-23,39627835563835664,dark,DESI_DR1_V161,ZWARN0_DELTACHI2_GT25_ZCAT_PRIMARY
DESI002954,150.008378197505,-4.762347641217,GALAXY,,1.29144567,22.715546140226124,22-23,39627672556406678,dark,DESI_DR1_V161,ZWARN0_DELTACHI2_GT25_ZCAT_PRIMARY
DESI002955,150.00146799081,6.440924345107,GALAXY,,0.79513299,22.734427800171844,22-23,39627944045317870,dark,DESI_DR1_V161,ZWARN0_DELTACHI2_GT25_ZCAT_PRIMARY
DESI002956,150.014154941798,5.669271869992,GALAXY,,0.852571003,22.482370406050283,22-23,39627926014003877,dark,DESI_DR1_V161,ZWARN0_DELTACHI2_GT25_ZCAT_PRIMARY
DESI002957,150.001573359691,-6.104060727548,GALAXY,,0.626203835,22.01330490335005,22-23,39627642462276104,dark,DESI_DR1_V161,ZWARN0_DELTACHI2_GT25_ZCAT_PRIMARY
DESI002958,150.003562574463,3.789885229705,GALAXY,,0.966781947,22.761617698168756,22-23,39627877821449301,dark,DESI_DR1_V161,ZWARN0_DELTACHI2_GT25_ZCAT_PRIMARY
DESI002959,150.015914708703,-7.004024200184,GALAXY,,1.3940278,22.938097852998304,22-23,39627618437304877,dark,DESI_DR1_V161,ZWARN0_DELTACHI2_GT25_ZCAT_PRIMARY
DESI002960,150.007905178722,-6.935959978197,GALAXY,,0.949252092,22.421044631724776,22-23,39627618437304729,dark,DESI_DR1_V161,ZWARN0_DELTACHI2_GT25_ZCAT_PRIMARY
DESI002961,150.013391036907,-3.137560997032,GALAXY,,0.247901285,22.87566547435163,22-23,39627708732278130,dark,DESI_DR1_V161,ZWARN0_DELTACHI2_GT25_ZCAT_PRIMARY
DESI002962,150.012169817316,0.739843559848,GALAXY,,1.41307846,22.88988401115789,22-23,39627805364846870,other,DESI_DR1_V161,ZWARN0_DELTACHI2_GT25_ZCAT_PRIMARY
DESI002963,150.010029495562,-5.758698026503,GALAXY,,0.103580292,22.482936725674307,22-23,39627648476908171,dark,DESI_DR1_V161,ZWARN0_DELTACHI2_GT25_ZCAT_PRIMARY
DESI002964,150.013182335631,4.94559952014,GALAXY,,1.49202998,22.780250968793936,22-23,39627907957523931,dark,DESI_DR1_V161,ZWARN0_DELTACHI2_GT25_ZCAT_PRIMARY
DESI002965,150.005629115574,-1.391776625363,GALAXY,,0.96053747,22.465642957744816,22-23,39627751006666877,dark,DESI_DR1_V161,ZWARN0_DELTACHI2_GT25_ZCAT_PRIMARY
DESI002966,150.010739543468,-0.972584258225,GALAXY,,1.01357224,22.19578037840445,22-23,39627763086262512,dark,DESI_DR1_V161,ZWARN0_DELTACHI2_GT25_ZCAT_PRIMARY
DESI002967,150.012081680402,-5.952588446402,GALAXY,,0.217575704,22.309190957118254,22-23,39627642462276260,dark,DESI_DR1_V161,ZWARN0_DELTACHI2_GT25_ZCAT_PRIMARY
DESI002968,150.011945475179,31.807464852948,GALAXY,,0.257564962,22.673902287422266,22-23,39628516655893158,dark,DESI_DR1_V161,ZWARN0_DELTACHI2_GT25_ZCAT_PRIMARY
DESI002969,150.01611239761,-5.757127050283,GALAXY,,1.4122323,22.40761974769679,22-23,39627648476908279,dark,DESI_DR1_V161,ZWARN0_DELTACHI2_GT25_ZCAT_PRIMARY
DESI002970,150.001653880716,1.802740264911,GALAXY,,0.663919188,22.132634450503875,22-23,39627829524037680,dark,DESI_DR1_V161,ZWARN0_DELTACHI2_GT25_ZCAT_PRIMARY
DESI002971,150.007257426195,-0.218503142331,GALAXY,,1.09823839,22.631380158222946,22-23,39627781205655756,dark,DESI_DR1_V161,ZWARN0_DELTACHI2_GT25_ZCAT_PRIMARY
DESI002972,150.006090120926,-2.543045088388,GALAXY,,0.155037763,22.41005558974277,22-23,39627726847475886,dark,DESI_DR1_V161,ZWARN0_DELTACHI2_GT25_ZCAT_PRIMARY
DESI002973,150.010521349604,35.809031845588,GALAXY,,1.18991594,22.620241053612137,22-23,39632995245622744,dark,DESI_DR1_V161,ZWARN0_DELTACHI2_GT25_ZCAT_PRIMARY
DESI002974,150.005334283803,-3.682538519973,GALAXY,,0.896661028,22.33746131240692,22-23,39627696669459728,dark,DESI_DR1_V161,ZWARN0_DELTACHI2_GT25_ZCAT_PRIMARY
DESI002975,150.005983232081,3.147289195759,GALAXY,,0.913409335,22.9334995610499,22-23,39627865758631069,dark,DESI_DR1_V161,ZWARN0_DELTACHI2_GT25_ZCAT_PRIMARY
DESI002976,150.013619889784,-1.486796738398,GALAXY,,0.950998491,22.985072701358277,22-23,39627751006667002,dark,DESI_DR1_V161,ZWARN0_DELTACHI2_GT25_ZCAT_PRIMARY
DESI002977,150.008940644085,37.316969738209,GALAXY,,0.853488105,22.93827178601322,22-23,39633024450560877,dark,DESI_DR1_V161,ZWARN0_DELTACHI2_GT25_ZCAT_PRIMARY
DESI002978,150.00601915518,-2.608572780078,GALAXY,,1.01957924,22.884215993311514,22-23,39627726847475880,dark,DESI_DR1_V161,ZWARN0_DELTACHI2_GT25_ZCAT_PRIMARY
DESI002979,150.014594527236,7.871546381346,GALAXY,,1.06374816,22.260055284896744,22-23,39627974047170828,dark,DESI_DR1_V161,ZWARN0_DELTACHI2_GT25_ZCAT_PRIMARY
DESI002980,150.010000715718,-7.37950301174,GALAXY,,1.04625896,22.330008718440805,22-23,39627606441595004,dark,DESI_DR1_V161,ZWARN0_DELTACHI2_GT25_ZCAT_PRIMARY
DESI002981,150.012550413857,-1.343140014259,GALAXY,,0.79935571,22.679937738187874,22-23,39627757046464727,dark,DESI_DR1_V161,ZWARN0_DELTACHI2_GT25_ZCAT_PRIMARY
DESI002982,150.003130183817,32.36196096156,GALAXY,,0.690209581,22.678591775840157,22-23,39628526927742529,dark,DESI_DR1_V161,ZWARN0_DELTACHI2_GT25_ZCAT_PRIMARY
DESI002983,150.008986162343,11.153526253387,GALAXY,,1.21085923,22.958647767556457,22-23,39628057522209589,dark,DESI_DR1_V161,ZWARN0_DELTACHI2_GT25_ZCAT_PRIMARY
DESI002984,150.001667010451,3.077908853554,GALAXY,,0.79188432,22.78051804286233,22-23,39627859723026518,dark,DESI_DR1_V161,ZWARN0_DELTACHI2_GT25_ZCAT_PRIMARY
DESI002985,150.002660961912,7.293621447538,GALAXY,,0.896810367,22.526610204917414,22-23,39627962051464743,dark,DESI_DR1_V161,ZWARN0_DELTACHI2_GT25_ZCAT_PRIMARY
DESI002986,150.008126891978,-7.942356035192,GALAXY,,0.948856263,22.919237175755214,22-23,39627594462658751,dark,DESI_DR1_V161,ZWARN0_DELTACHI2_GT25_ZCAT_PRIMARY
DESI002987,150.014920635029,37.414525369788,GALAXY,,1.09625581,22.648126232349693,22-23,39633029265623085,dark,DESI_DR1_V161,ZWARN0_DELTACHI2_GT25_ZCAT_PRIMARY
DESI002988,150.011174921286,6.574127716852,GALAXY,,0.866712209,22.726370695352568,22-23,39627944045318074,dark,DESI_DR1_V161,ZWARN0_DELTACHI2_GT25_ZCAT_PRIMARY
DESI002989,150.010706931278,6.804412470843,GALAXY,,1.42223143,22.36284520633151,22-23,39627950051561261,dark,DESI_DR1_V161,ZWARN0_DELTACHI2_GT25_ZCAT_PRIMARY
DESI002990,150.008445335663,3.0368834994,GALAXY,,0.815820239,22.89290766270085,22-23,39627859723026695,dark,DESI_DR1_V161,ZWARN0_DELTACHI2_GT25_ZCAT_PRIMARY
DESI002991,150.000726144339,-2.468056155767,GALAXY,,0.911166934,22.662603096591194,22-23,39627726847475751,dark,DESI_DR1_V161,ZWARN0_DELTACHI2_GT25_ZCAT_PRIMARY
DESI002992,150.000176825547,2.041695190384,GALAXY,,0.186405844,22.41708420122723,22-23,39627835563835444,dark,DESI_DR1_V161,ZWARN0_DELTACHI2_GT25_ZCAT_PRIMARY
DESI002993,150.001129421663,8.415435796734,GALAXY,,1.02836571,22.612912104683716,22-23,39627992002986890,dark,DESI_DR1_V161,ZWARN0_DELTACHI2_GT25_ZCAT_PRIMARY
DESI002994,150.003979686616,36.986417080883,GALAXY,,1.04807035,22.554585241981496,22-23,39633019622916200,dark,DESI_DR1_V161,ZWARN0_DELTACHI2_GT25_ZCAT_PRIMARY
DESI002995,150.003262323499,-4.848974467605,GALAXY,,1.00783672,22.740029881506732,22-23,39627672556406575,dark,DESI_DR1_V161,ZWARN0_DELTACHI2_GT25_ZCAT_PRIMARY
DESI002996,150.009072428231,7.455282823463,GALAXY,,1.53200501,22.8819585888756,22-23,39627968049320056,dark,DESI_DR1_V161,ZWARN0_DELTACHI2_GT25_ZCAT_PRIMARY
DESI002997,150.007219567486,-0.331334641743,GALAXY,,0.0880491401,22.782114828864067,22-23,39627781205655755,dark,DESI_DR1_V161,ZWARN0_DELTACHI2_GT25_ZCAT_PRIMARY
DESI002998,150.00310649202,1.204547068997,GALAXY,,1.09892103,22.788427845196132,22-23,39627817444442251,dark,DESI_DR1_V161,ZWARN0_DELTACHI2_GT25_ZCAT_PRIMARY
DESI002999,150.007835009332,-3.943539859179,GALAXY,,1.58466199,22.1160115602781,22-23,39627690638050662,dark,DESI_DR1_V161,ZWARN0_DELTACHI2_GT25_ZCAT_PRIMARY
DESI003000,150.002999186882,1.071276808012,GALAXY,,0.765356242,22.665017090421895,22-23,39627811404644450,dark,DESI_DR1_V161,ZWARN0_DELTACHI2_GT25_ZCAT_PRIMARY
DESI003001,175.003471135551,34.960836474279,GALAXY,,1.3270013,22.86742084831784,22-23,39632980775274498,dark,DESI_DR1_V161,ZWARN0_DELTACHI2_GT25_ZCAT_PRIMARY
DESI003002,175.002552688212,-1.162920601025,GALAXY,,0.88471455,22.424685228577818,22-23,39627757465894978,dark,DESI_DR1_V161,ZWARN0_DELTACHI2_GT25_ZCAT_PRIMARY
DESI003003,175.010169338058,1.81068822021,GALAXY,,1.08597223,22.02112795619012,22-23,39627829943468212,dark,DESI_DR1_V161,ZWARN0_DELTACHI2_GT25_ZCAT_PRIMARY
DESI003004,175.013766509053,-0.535673383164,GALAXY,,1.17404116,22.132750566641715,22-23,39627775585288462,dark,DESI_DR1_V161,ZWARN0_DELTACHI2_GT25_ZCAT_PRIMARY
DESI003005,175.008718270819,-5.15587855536,GALAXY,,0.929848801,22.11656055887639,22-23,39627660929794494,dark,DESI_DR1_V161,ZWARN0_DELTACHI2_GT25_ZCAT_PRIMARY
DESI003006,175.00023813804,56.192021698091,GALAXY,,1.13795805,22.303712958044336,22-23,39633338952059611,dark,DESI_DR1_V161,ZWARN0_DELTACHI2_GT25_ZCAT_PRIMARY
DESI003007,175.015988113108,54.558648654297,GALAXY,,0.904845338,22.022714743353195,22-23,39633314826421615,dark,DESI_DR1_V161,ZWARN0_DELTACHI2_GT25_ZCAT_PRIMARY
DESI003008,175.013388868812,2.310593093181,GALAXY,,0.100465638,22.053363244845517,22-23,39627842023063857,dark,DESI_DR1_V161,ZWARN0_DELTACHI2_GT25_ZCAT_PRIMARY
DESI003009,175.005543431537,1.874861033847,GALAXY,,0.0258129092,22.63757378535219,22-23,39627829943468145,dark,DESI_DR1_V161,ZWARN0_DELTACHI2_GT25_ZCAT_PRIMARY
DESI003010,175.008107018297,40.568635328946,GALAXY,,1.20574426,22.88920632460316,22-23,39633086073277369,dark,DESI_DR1_V161,ZWARN0_DELTACHI2_GT25_ZCAT_PRIMARY
DESI003011,175.003724520911,-0.548518917049,GALAXY,,0.787186969,22.4454251807018,22-23,39627775585288271,dark,DESI_DR1_V161,ZWARN0_DELTACHI2_GT25_ZCAT_PRIMARY
DESI003012,175.007620563514,7.613092968017,GALAXY,,1.11397585,22.564500521485115,22-23,39627968468747238,dark,DESI_DR1_V161,ZWARN0_DELTACHI2_GT25_ZCAT_PRIMARY
DESI003013,175.004202550424,38.886509980061,GALAXY,,0.989365613,22.887949993589096,22-23,39633058139211389,dark,DESI_DR1_V161,ZWARN0_DELTACHI2_GT25_ZCAT_PRIMARY
DESI003014,175.002976455412,27.720036375299,GALAXY,,0.834774661,22.96528561249947,22-23,39628432975332920,dark,DESI_DR1_V161,ZWARN0_DELTACHI2_GT25_ZCAT_PRIMARY
DESI003015,175.001434626841,-2.101459658475,GALAXY,,1.42360737,22.470122834851505,22-23,39627739346501716,dark,DESI_DR1_V161,ZWARN0_DELTACHI2_GT25_ZCAT_PRIMARY
DESI003016,175.003256482239,-0.538249136088,GALAXY,,1.18907115,22.03465832077055,22-23,39627775585288263,dark,DESI_DR1_V161,ZWARN0_DELTACHI2_GT25_ZCAT_PRIMARY
DESI003017,175.006314885178,-1.623663037608,GALAXY,,1.16398422,22.8196734440404,22-23,39627751426097293,dark,DESI_DR1_V161,ZWARN0_DELTACHI2_GT25_ZCAT_PRIMARY
DESI003018,175.015920882082,3.154645067589,GALAXY,,0.841583743,22.523226275162322,22-23,39627866178060722,dark,DESI_DR1_V161,ZWARN0_DELTACHI2_GT25_ZCAT_PRIMARY
DESI003019,175.001813321362,8.25033884763,GALAXY,,1.27071449,22.394536161339637,22-23,39627986437145637,dark,DESI_DR1_V161,ZWARN0_DELTACHI2_GT25_ZCAT_PRIMARY
DESI003020,175.013050476402,37.885528471351,GALAXY,,0.829315731,22.65681977493152,22-23,39633039180956585,dark,DESI_DR1_V161,ZWARN0_DELTACHI2_GT25_ZCAT_PRIMARY
DESI003021,175.005394579973,7.911587244588,GALAXY,,1.06767179,22.7451587740585,22-23,39627980451873576,dark,DESI_DR1_V161,ZWARN0_DELTACHI2_GT25_ZCAT_PRIMARY
DESI003022,175.005261123415,1.34820150346,GALAXY,,0.767638675,22.410155536002204,22-23,39627817863872624,dark,DESI_DR1_V161,ZWARN0_DELTACHI2_GT25_ZCAT_PRIMARY
DESI003023,175.005089871191,6.791524627581,GALAXY,,0.187805544,22.526740395719187,22-23,39627950470988315,dark,DESI_DR1_V161,ZWARN0_DELTACHI2_GT25_ZCAT_PRIMARY
DESI003024,175.007607519054,-0.465061590845,GALAXY,,0.964917942,22.78592705381184,22-23,39627775585288351,dark,DESI_DR1_V161,ZWARN0_DELTACHI2_GT25_ZCAT_PRIMARY
DESI003025,175.010423874022,-0.885667531403,GALAXY,,1.47190271,22.628057073893185,22-23,39627763505692879,dark,DESI_DR1_V161,ZWARN0_DELTACHI2_GT25_ZCAT_PRIMARY
DESI003026,175.006139875831,35.633960347996,GALAXY,,1.46187215,22.990437456200546,22-23,39632995585362559,dark,DESI_DR1_V161,ZWARN0_DELTACHI2_GT25_ZCAT_PRIMARY
DESI003027,175.013940465377,4.574104347304,GALAXY,,0.801089199,22.928471081727437,22-23,39627896330912216,dark,DESI_DR1_V161,ZWARN0_DELTACHI2_GT25_ZCAT_PRIMARY
DESI003028,175.003007903229,42.045899398055,GALAXY,,0.234051757,22.54604689318822,22-23,39633113407553970,dark,DESI_DR1_V161,ZWARN0_DELTACHI2_GT25_ZCAT_PRIMARY
DESI003029,175.000005299253,34.991802966888,GALAXY,,0.868149171,22.80442532524902,22-23,39632980775274454,dark,DESI_DR1_V161,ZWARN0_DELTACHI2_GT25_ZCAT_PRIMARY
DESI003030,175.015767146837,-0.739162251221,GALAXY,,1.26004618,22.55925002826545,22-23,39627769545490829,dark,DESI_DR1_V161,ZWARN0_DELTACHI2_GT25_ZCAT_PRIMARY
DESI003031,175.000503272448,-7.146011204603,GALAXY,,0.823417503,22.97570688985006,22-23,39627612858876447,dark,DESI_DR1_V161,ZWARN0_DELTACHI2_GT25_ZCAT_PRIMARY
DESI003032,175.007253358834,-3.552036453863,GALAXY,,0.978751814,22.693864990042698,22-23,39627703120298463,dark,DESI_DR1_V161,ZWARN0_DELTACHI2_GT25_ZCAT_PRIMARY
DESI003033,175.004756311187,-0.99585430929,GALAXY,,0.868484626,22.801843011258036,22-23,39627763505692801,dark,DESI_DR1_V161,ZWARN0_DELTACHI2_GT25_ZCAT_PRIMARY
DESI003034,175.008150674435,0.502855403333,GALAXY,,1.32161352,22.67960973823681,22-23,39627799744479359,dark,DESI_DR1_V161,ZWARN0_DELTACHI2_GT25_ZCAT_PRIMARY
DESI003035,175.015943428533,5.714947287692,GALAXY,,1.28719338,22.75907445441569,22-23,39627926433432187,dark,DESI_DR1_V161,ZWARN0_DELTACHI2_GT25_ZCAT_PRIMARY
DESI003036,175.003990149729,11.044723623669,GALAXY,,1.07400697,22.85424665174526,22-23,39628051998312035,dark,DESI_DR1_V161,ZWARN0_DELTACHI2_GT25_ZCAT_PRIMARY
DESI003037,175.010207560381,-6.346582557654,GALAXY,,0.857799519,22.794453066135603,22-23,39627636871267163,dark,DESI_DR1_V161,ZWARN0_DELTACHI2_GT25_ZCAT_PRIMARY
DESI003038,175.00878750241,5.889690613111,GALAXY,,0.333942548,22.85097155381901,22-23,39627932448063978,dark,DESI_DR1_V161,ZWARN0_DELTACHI2_GT25_ZCAT_PRIMARY
DESI003039,175.014015840391,2.553760667172,GALAXY,,0.896552046,22.58894193481429,22-23,39627848062861607,dark,DESI_DR1_V161,ZWARN0_DELTACHI2_GT25_ZCAT_PRIMARY
DESI003040,175.01146266984,20.712895032055,GALAXY,,0.841427902,22.174020823585316,22-23,39628278612362712,dark,DESI_DR1_V161,ZWARN0_DELTACHI2_GT25_ZCAT_PRIMARY
DESI003041,175.01004587404,7.135562972804,GALAXY,,0.840243564,22.173956494145365,22-23,39627962470892262,dark,DESI_DR1_V161,ZWARN0_DELTACHI2_GT25_ZCAT_PRIMARY
DESI003042,175.004644489463,-1.995998180009,GALAXY,,0.877741761,22.899537090001566,22-23,39627739346501793,dark,DESI_DR1_V161,ZWARN0_DELTACHI2_GT25_ZCAT_PRIMARY
DESI003043,175.000119552384,9.530849790839,GALAXY,,0.834266887,22.921504683837927,22-23,39628016300590112,dark,DESI_DR1_V161,ZWARN0_DELTACHI2_GT25_ZCAT_PRIMARY
DESI003044,175.003822737333,7.261483493009,GALAXY,,0.915350371,22.320525034962532,22-23,39627962470892136,dark,DESI_DR1_V161,ZWARN0_DELTACHI2_GT25_ZCAT_PRIMARY
DESI003045,175.010468891742,26.951640716295,GALAXY,,0.867048853,22.63968201285257,22-23,39628416856621932,dark,DESI_DR1_V161,ZWARN0_DELTACHI2_GT25_ZCAT_PRIMARY
DESI003046,175.00684679534,15.823228858056,GALAXY,,0.720021815,22.311488484352097,22-23,39628163742961569,dark,DESI_DR1_V161,ZWARN0_DELTACHI2_GT25_ZCAT_PRIMARY
DESI003047,175.003590000649,-1.495627071394,GALAXY,,0.112758715,22.141330987184414,22-23,39627751426097241,dark,DESI_DR1_V161,ZWARN0_DELTACHI2_GT25_ZCAT_PRIMARY
DESI003048,175.003062514863,-6.900316040171,GALAXY,,0.267500054,22.631026076583225,22-23,39627618856731220,dark,DESI_DR1_V161,ZWARN0_DELTACHI2_GT25_ZCAT_PRIMARY
DESI003049,175.000760538777,15.368970390996,GALAXY,,1.51063984,22.989833810891827,22-23,39628152082795875,dark,DESI_DR1_V161,ZWARN0_DELTACHI2_GT25_ZCAT_PRIMARY
DESI003050,175.009215193979,-5.049862352372,GALAXY,,0.77250106,22.129511718105313,22-23,39627666952815212,dark,DESI_DR1_V161,ZWARN0_DELTACHI2_GT25_ZCAT_PRIMARY
DESI003051,200.017088080565,2.487652329899,GALAXY,,1.4066441,22.60947924243075,22-23,39627848482292117,dark,DESI_DR1_V161,ZWARN0_DELTACHI2_GT25_ZCAT_PRIMARY
DESI003052,200.004651475558,-0.144705216048,GALAXY,,0.919895159,22.562719543308038,22-23,39627782044516496,dark,DESI_DR1_V161,ZWARN0_DELTACHI2_GT25_ZCAT_PRIMARY
DESI003053,200.009200910202,34.81012612397,GALAXY,,1.30935379,22.72748936689583,22-23,39632976153152781,dark,DESI_DR1_V161,ZWARN0_DELTACHI2_GT25_ZCAT_PRIMARY
DESI003054,200.001084831017,34.471219552469,GALAXY,,0.863242286,22.958218826714337,22-23,39632971174511103,dark,DESI_DR1_V161,ZWARN0_DELTACHI2_GT25_ZCAT_PRIMARY
DESI003055,200.002641953721,1.253098731713,GALAXY,,0.849846113,22.824780682889912,22-23,39627818283303010,dark,DESI_DR1_V161,ZWARN0_DELTACHI2_GT25_ZCAT_PRIMARY
DESI003056,200.00422387893,-1.976211760454,GALAXY,,0.810136601,22.87022216339134,22-23,39627739765932133,dark,DESI_DR1_V161,ZWARN0_DELTACHI2_GT25_ZCAT_PRIMARY
DESI003057,200.004646640432,0.001189317019,GALAXY,,0.113655142,22.168646397140733,22-23,39627788084314273,dark,DESI_DR1_V161,ZWARN0_DELTACHI2_GT25_ZCAT_PRIMARY
DESI003058,200.017880721225,3.603200928435,GALAXY,,0.846470311,22.191359122224664,22-23,39627872624710261,dark,DESI_DR1_V161,ZWARN0_DELTACHI2_GT25_ZCAT_PRIMARY
DESI003059,200.003455926146,33.630185519416,GALAXY,,0.995694521,22.630494558343926,22-23,39632956137933429,dark,DESI_DR1_V161,ZWARN0_DELTACHI2_GT25_ZCAT_PRIMARY
DESI003060,200.01783778202,1.079545570407,GALAXY,,1.31996158,22.567828536044004,22-23,39627812243505485,dark,DESI_DR1_V161,ZWARN0_DELTACHI2_GT25_ZCAT_PRIMARY
DESI003061,200.015655871492,4.834057047766,GALAXY,,0.885257661,22.922198034209377,22-23,39627902769172976,dark,DESI_DR1_V161,ZWARN0_DELTACHI2_GT25_ZCAT_PRIMARY
DESI003062,200.009799204601,-0.267258353653,GALAXY,,0.895773363,22.5371189317186,22-23,39627782044516615,dark,DESI_DR1_V161,ZWARN0_DELTACHI2_GT25_ZCAT_PRIMARY
DESI003063,200.003786414841,4.382565850635,GALAXY,,0.725955931,22.0867407688291,22-23,39627896746152070,dark,DESI_DR1_V161,ZWARN0_DELTACHI2_GT25_ZCAT_PRIMARY
DESI003064,200.014736504433,-3.014167212669,GALAXY,,1.2625721,22.63620913737331,22-23,39627715606741403,dark,DESI_DR1_V161,ZWARN0_DELTACHI2_GT25_ZCAT_PRIMARY
DESI003065,200.01821018309,-2.1445308233,GALAXY,,0.920678812,22.845245891015338,22-23,39627733726134721,dark,DESI_DR1_V161,ZWARN0_DELTACHI2_GT25_ZCAT_PRIMARY
DESI003066,200.010690616461,30.900720276703,GALAXY,,0.942664638,22.171370393239066,22-23,39628501870972410,dark,DESI_DR1_V161,ZWARN0_DELTACHI2_GT25_ZCAT_PRIMARY
DESI003067,200.017712081069,-2.00049369914,GALAXY,,1.06439031,22.629898440838257,22-23,39627739765932399,dark,DESI_DR1_V161,ZWARN0_DELTACHI2_GT25_ZCAT_PRIMARY
DESI003068,200.000738387005,-0.675787871903,GALAXY,,0.794822146,22.83180132760782,22-23,39627769964920874,dark,DESI_DR1_V161,ZWARN0_DELTACHI2_GT25_ZCAT_PRIMARY
DESI003069,200.013835099043,-1.275478308064,GALAXY,,0.704634917,22.643939300326945,22-23,39627757885325571,dark,DESI_DR1_V161,ZWARN0_DELTACHI2_GT25_ZCAT_PRIMARY
DESI003070,200.013954398717,44.790480212968,GALAXY,,0.956431018,22.874875451370816,22-23,39633162145366221,dark,DESI_DR1_V161,ZWARN0_DELTACHI2_GT25_ZCAT_PRIMARY
DESI003071,200.003114806111,3.131613701937,GALAXY,,0.160090264,22.67368184902252,22-23,39627866593300376,dark,DESI_DR1_V161,ZWARN0_DELTACHI2_GT25_ZCAT_PRIMARY
DESI003072,200.012460798941,-1.566826386966,GALAXY,,0.928788259,22.995148535242052,22-23,39627751845527778,dark,DESI_DR1_V161,ZWARN0_DELTACHI2_GT25_ZCAT_PRIMARY
DESI003073,200.00047696631,-8.967730975945,GALAXY,,1.30443561,22.885777752961232,22-23,39627571377209911,dark,DESI_DR1_V161,ZWARN0_DELTACHI2_GT25_ZCAT_PRIMARY
DESI003074,200.007062665453,-7.234257468038,GALAXY,,0.824108803,22.906360357038103,22-23,39627613274114598,dark,DESI_DR1_V161,ZWARN0_DELTACHI2_GT25_ZCAT_PRIMARY
DESI003075,200.006671021511,1.906860517146,GALAXY,,0.83025367,22.795319194656685,22-23,39627836402696392,dark,DESI_DR1_V161,ZWARN0_DELTACHI2_GT25_ZCAT_PRIMARY
DESI003076,200.000689532389,44.047134845541,GALAXY,,0.896169843,22.8736355845875,22-23,39633149155609385,dark,DESI_DR1_V161,ZWARN0_DELTACHI2_GT25_ZCAT_PRIMARY
DESI003077,200.000324349076,1.859920542201,GALAXY,,0.784617468,22.108188070288094,22-23,39627830362898456,dark,DESI_DR1_V161,ZWARN0_DELTACHI2_GT25_ZCAT_PRIMARY
DESI003078,200.003175690182,1.141217441575,GALAXY,,0.95231467,22.382826008747656,22-23,39627818283303023,dark,DESI_DR1_V161,ZWARN0_DELTACHI2_GT25_ZCAT_PRIMARY
DESI003079,200.013197786807,6.512724263327,GALAXY,,0.524772476,22.485794195415693,22-23,39627944879983935,dark,DESI_DR1_V161,ZWARN0_DELTACHI2_GT25_ZCAT_PRIMARY
DESI003080,200.004940591972,0.051269408233,GALAXY,,1.14625466,22.841258642052697,22-23,39627788084314283,dark,DESI_DR1_V161,ZWARN0_DELTACHI2_GT25_ZCAT_PRIMARY
DESI003081,200.005151365957,5.842415040296,GALAXY,,1.17520482,22.815807888554115,22-23,39627926848670815,dark,DESI_DR1_V161,ZWARN0_DELTACHI2_GT25_ZCAT_PRIMARY
DESI003082,200.008548537791,56.547493461773,GALAXY,,0.862770848,22.704212368750955,22-23,39633342546576685,dark,DESI_DR1_V161,ZWARN0_DELTACHI2_GT25_ZCAT_PRIMARY
DESI003083,200.000068877461,1.473514638063,GALAXY,,0.932104852,22.768193095966627,22-23,39627824323100722,dark,DESI_DR1_V161,ZWARN0_DELTACHI2_GT25_ZCAT_PRIMARY
DESI003084,200.006702847096,4.923551150163,GALAXY,,1.03754112,22.984723118038442,22-23,39627908792193322,dark,DESI_DR1_V161,ZWARN0_DELTACHI2_GT25_ZCAT_PRIMARY
DESI003085,200.015734166155,38.218418450317,GALAXY,,0.898685251,22.64370503123746,22-23,39633044277035240,dark,DESI_DR1_V161,ZWARN0_DELTACHI2_GT25_ZCAT_PRIMARY
DESI003086,200.006842074532,19.401635825475,GALAXY,,0.778353935,22.567370964084358,22-23,39628250602801882,dark,DESI_DR1_V161,ZWARN0_DELTACHI2_GT25_ZCAT_PRIMARY
DESI003087,200.015977578891,57.09297492407,GALAXY,,1.10136377,22.868720723462538,22-23,39633349198744418,dark,DESI_DR1_V161,ZWARN0_DELTACHI2_GT25_ZCAT_PRIMARY
DESI003088,200.008538778724,-0.12651619454,GALAXY,,1.01494715,22.520383759574685,22-23,39627782044516579,dark,DESI_DR1_V161,ZWARN0_DELTACHI2_GT25_ZCAT_PRIMARY
DESI003089,200.004602547699,-0.011046699301,GALAXY,,0.775950342,22.683295179810944,22-23,39627788084314271,dark,DESI_DR1_V161,ZWARN0_DELTACHI2_GT25_ZCAT_PRIMARY
DESI003090,200.006258538749,38.415395432817,GALAXY,,0.94488656,22.989474170576663,22-23,39633049020795739,dark,DESI_DR1_V161,ZWARN0_DELTACHI2_GT25_ZCAT_PRIMARY
DESI003091,200.005719702775,39.430600476296,GALAXY,,0.933184583,22.499359604537283,22-23,39633067840637671,dark,DESI_DR1_V161,ZWARN0_DELTACHI2_GT25_ZCAT_PRIMARY
DESI003092,200.013043285073,32.330684353463,GALAXY,,0.840218298,22.74962996459591,22-23,39628527636582771,dark,DESI_DR1_V161,ZWARN0_DELTACHI2_GT25_ZCAT_PRIMARY
DESI003093,200.008408441102,-2.781330522751,GALAXY,,1.42254292,22.981456734664793,22-23,39627721646538977,dark,DESI_DR1_V161,ZWARN0_DELTACHI2_GT25_ZCAT_PRIMARY
DESI003094,200.015692620099,1.408428541874,GALAXY,,1.23663092,22.54854526547043,22-23,39627824323101075,dark,DESI_DR1_V161,ZWARN0_DELTACHI2_GT25_ZCAT_PRIMARY
DESI003095,200.001616718274,32.651927744463,GALAXY,,0.97302404,22.837850498701158,22-23,39632935896221333,dark,DESI_DR1_V161,ZWARN0_DELTACHI2_GT25_ZCAT_PRIMARY
DESI003096,200.003067565853,38.362387157176,GALAXY,,0.943213276,22.240610391663182,22-23,39633044277035097,dark,DESI_DR1_V161,ZWARN0_DELTACHI2_GT25_ZCAT_PRIMARY
DESI003097,200.004807108629,-0.318263859033,GALAXY,,1.04510166,22.93719449983518,22-23,39627782044516500,dark,DESI_DR1_V161,ZWARN0_DELTACHI2_GT25_ZCAT_PRIMARY
DESI003098,200.001375257636,3.150037630979,GALAXY,,1.28473526,22.780284700840845,22-23,39627866593300344,dark,DESI_DR1_V161,ZWARN0_DELTACHI2_GT25_ZCAT_PRIMARY
DESI003099,200.005850578855,6.233019590745,GALAXY,,1.19434224,22.945929634848817,22-23,39627938873740346,dark,DESI_DR1_V161,ZWARN0_DELTACHI2_GT25_ZCAT_PRIMARY
DESI003100,200.00517813748,31.857886035032,GALAXY,,0.948610811,22.78401292152722,22-23,39628517373117972,dark,DESI_DR1_V161,ZWARN0_DELTACHI2_GT25_ZCAT_PRIMARY
DESI003101,225.005123070244,39.202934548627,GALAXY,,0.211977537,22.4084277615946,22-23,39633063486950705,dark,DESI_DR1_V161,ZWARN0_DELTACHI2_GT25_ZCAT_PRIMARY
DESI003102,225.007684136646,-5.053100624055,GALAXY,,0.947315112,22.636350695278285,22-23,39627667787484878,dark,DESI_DR1_V161,ZWARN0_DELTACHI2_GT25_ZCAT_PRIMARY
DESI003103,225.008143059237,4.589058282931,GALAXY,,0.807630723,22.708757218389376,22-23,39627897165581469,dark,DESI_DR1_V161,ZWARN0_DELTACHI2_GT25_ZCAT_PRIMARY
DESI003104,225.010541927083,-1.095024494193,GALAXY,,1.48821529,22.79385231051774,22-23,39627764344553844,dark,DESI_DR1_V161,ZWARN0_DELTACHI2_GT25_ZCAT_PRIMARY
DESI003105,225.00936347695,36.246712627737,GALAXY,,0.813671909,22.80518583049519,22-23,39633006062733374,dark,DESI_DR1_V161,ZWARN0_DELTACHI2_GT25_ZCAT_PRIMARY
DESI003106,225.003169167594,27.920965488978,GALAXY,,0.764964193,22.599815299124938,22-23,39628439065462318,dark,DESI_DR1_V161,ZWARN0_DELTACHI2_GT25_ZCAT_PRIMARY
DESI003107,225.00217263932,35.169451244415,GALAXY,,1.17457654,22.63126130133744,22-23,39632986412418080,dark,DESI_DR1_V161,ZWARN0_DELTACHI2_GT25_ZCAT_PRIMARY
DESI003108,225.009800929175,-2.106380833574,GALAXY,,0.893018917,22.345341985497083,22-23,39627740185362683,dark,DESI_DR1_V161,ZWARN0_DELTACHI2_GT25_ZCAT_PRIMARY
DESI003109,225.005986005776,30.506428626759,GALAXY,,0.868361017,22.311506738155135,22-23,39628491834001944,dark,DESI_DR1_V161,ZWARN0_DELTACHI2_GT25_ZCAT_PRIMARY
DESI003110,225.011982202013,2.110798940024,GALAXY,,0.782018832,22.697730779110756,22-23,39627836822126865,dark,DESI_DR1_V161,ZWARN0_DELTACHI2_GT25_ZCAT_PRIMARY
DESI003111,225.003964572964,12.00329356816,GALAXY,,0.767251559,22.43741157181529,22-23,39628076522407382,dark,DESI_DR1_V161,ZWARN0_DELTACHI2_GT25_ZCAT_PRIMARY
DESI003112,225.005583135606,31.641207535834,GALAXY,,1.05672618,22.821250091817873,22-23,39628517729634752,dark,DESI_DR1_V161,ZWARN0_DELTACHI2_GT25_ZCAT_PRIMARY
DESI003113,225.01360426758,-2.851353060444,GALAXY,,0.995984219,22.96544728741169,22-23,39627722065969571,dark,DESI_DR1_V161,ZWARN0_DELTACHI2_GT25_ZCAT_PRIMARY
DESI003114,225.006899597883,-0.597113452267,GALAXY,,1.52351834,22.975685014951225,22-23,39627776424149204,dark,DESI_DR1_V161,ZWARN0_DELTACHI2_GT25_ZCAT_PRIMARY
DESI003115,225.001392788806,0.201861355613,GALAXY,,0.905843316,22.249271845239196,22-23,39627794543542331,dark,DESI_DR1_V161,ZWARN0_DELTACHI2_GT25_ZCAT_PRIMARY
DESI003116,225.001413142755,31.421358432005,GALAXY,,0.947033853,22.517229822703364,22-23,39628512574836518,dark,DESI_DR1_V161,ZWARN0_DELTACHI2_GT25_ZCAT_PRIMARY
DESI003117,225.001053836752,14.533374783316,GALAXY,,1.27767182,22.61259651170461,22-23,39628135364299121,dark,DESI_DR1_V161,ZWARN0_DELTACHI2_GT25_ZCAT_PRIMARY
DESI003118,225.004557024965,38.71748516783,GALAXY,,1.00620763,22.97808884065939,22-23,39633054079126440,dark,DESI_DR1_V161,ZWARN0_DELTACHI2_GT25_ZCAT_PRIMARY
DESI003119,225.008158126987,34.211418549108,GALAXY,,0.954365618,22.51251657871565,22-23,39632966523028554,dark,DESI_DR1_V161,ZWARN0_DELTACHI2_GT25_ZCAT_PRIMARY
DESI003120,225.013336406277,35.578979039034,GALAXY,,0.859698154,22.111864924836404,22-23,39632991349112993,dark,DESI_DR1_V161,ZWARN0_DELTACHI2_GT25_ZCAT_PRIMARY
DESI003121,225.010595986631,13.976636472789,GALAXY,,1.30534168,22.848994755707785,22-23,39628123641220492,dark,DESI_DR1_V161,ZWARN0_DELTACHI2_GT25_ZCAT_PRIMARY
DESI003122,225.007462748436,45.960530267737,GALAXY,,1.18370394,22.155151704814987,22-23,39633183716673468,dark,DESI_DR1_V161,ZWARN0_DELTACHI2_GT25_ZCAT_PRIMARY
DESI003123,225.001029063804,35.209436391146,GALAXY,,0.785360453,22.922709123087696,22-23,39632986412418065,dark,DESI_DR1_V161,ZWARN0_DELTACHI2_GT25_ZCAT_PRIMARY
DESI003124,225.011394182152,0.320202861271,GALAXY,,0.889931571,22.85169483077275,22-23,39627794543542578,dark,DESI_DR1_V161,ZWARN0_DELTACHI2_GT25_ZCAT_PRIMARY
DESI003125,225.006776282948,34.915805311793,GALAXY,,0.824389034,22.683553578394093,22-23,39632981463141512,dark,DESI_DR1_V161,ZWARN0_DELTACHI2_GT25_ZCAT_PRIMARY
DESI003126,225.010465571798,31.113330403403,GALAXY,,1.46347816,22.53071929148646,22-23,39628502231681383,dark,DESI_DR1_V161,ZWARN0_DELTACHI2_GT25_ZCAT_PRIMARY
DESI003127,225.006572943732,-4.179469935378,GALAXY,,0.84326214,22.63643194554281,22-23,39627685860742101,dark,DESI_DR1_V161,ZWARN0_DELTACHI2_GT25_ZCAT_PRIMARY
DESI003128,225.004191250643,-2.405910777296,GALAXY,,0.893542062,22.920247215028496,22-23,39627728105767095,dark,DESI_DR1_V161,ZWARN0_DELTACHI2_GT25_ZCAT_PRIMARY
DESI003129,225.011942813072,10.030716963663,GALAXY,,0.306903626,22.541015461762125,22-23,39628029042887615,dark,DESI_DR1_V161,ZWARN0_DELTACHI2_GT25_ZCAT_PRIMARY
DESI003130,225.011581445703,34.168000421435,GALAXY,,1.17436643,22.522699526931344,22-23,39632966523028605,dark,DESI_DR1_V161,ZWARN0_DELTACHI2_GT25_ZCAT_PRIMARY
DESI003131,225.006027669946,4.630131424456,GALAXY,,0.922624845,22.91258199515389,22-23,39627903188601658,dark,DESI_DR1_V161,ZWARN0_DELTACHI2_GT25_ZCAT_PRIMARY
DESI003132,225.012105435124,2.210945617627,GALAXY,,0.957130298,22.78405523310357,22-23,39627842861924660,dark,DESI_DR1_V161,ZWARN0_DELTACHI2_GT25_ZCAT_PRIMARY
DESI003133,225.000640590091,33.711158705318,GALAXY,,1.15482185,22.764420363573574,22-23,39632956490252329,dark,DESI_DR1_V161,ZWARN0_DELTACHI2_GT25_ZCAT_PRIMARY
DESI003134,225.012589682729,32.336518642596,GALAXY,,0.894521975,22.09044237389578,22-23,39628527993096172,dark,DESI_DR1_V161,ZWARN0_DELTACHI2_GT25_ZCAT_PRIMARY
DESI003135,225.002402110136,38.920156759704,GALAXY,,0.819034631,22.34684957317616,22-23,39633058793522106,dark,DESI_DR1_V161,ZWARN0_DELTACHI2_GT25_ZCAT_PRIMARY
DESI003136,225.004507862849,7.374313568244,GALAXY,,0.967643349,22.36664112195594,22-23,39627963301368270,dark,DESI_DR1_V161,ZWARN0_DELTACHI2_GT25_ZCAT_PRIMARY
DESI003137,225.001833689465,36.124968101949,GALAXY,,0.900250455,22.910735531542745,22-23,39633001176367140,dark,DESI_DR1_V161,ZWARN0_DELTACHI2_GT25_ZCAT_PRIMARY
DESI003138,225.010729729478,29.672818858994,GALAXY,,0.783264934,22.67658042689975,22-23,39628476134722439,dark,DESI_DR1_V161,ZWARN0_DELTACHI2_GT25_ZCAT_PRIMARY
DESI003139,225.010536627307,9.499781824474,GALAXY,,1.65531613,22.53357895261006,22-23,39628017126871271,dark,DESI_DR1_V161,ZWARN0_DELTACHI2_GT25_ZCAT_PRIMARY
DESI003140,225.006397147063,7.94620109368,GALAXY,,1.37589202,22.98711475061703,22-23,39627981282348109,dark,DESI_DR1_V161,ZWARN0_DELTACHI2_GT25_ZCAT_PRIMARY
DESI003141,225.001197065734,-3.725105998862,GALAXY,,0.876635817,22.332890531043123,22-23,39627697923560220,dark,DESI_DR1_V161,ZWARN0_DELTACHI2_GT25_ZCAT_PRIMARY
DESI003142,225.008196627812,3.855499101704,GALAXY,,1.30867818,22.59624912122546,22-23,39627879075549455,dark,DESI_DR1_V161,ZWARN0_DELTACHI2_GT25_ZCAT_PRIMARY
DESI003143,225.009212203401,1.775790767955,GALAXY,,0.953321638,22.22855361763697,22-23,39627830782329066,dark,DESI_DR1_V161,ZWARN0_DELTACHI2_GT25_ZCAT_PRIMARY
DESI003144,225.00567012987,30.943645810099,GALAXY,,1.04079652,22.53728522199902,22-23,39628502231681299,dark,DESI_DR1_V161,ZWARN0_DELTACHI2_GT25_ZCAT_PRIMARY
DESI003145,225.004590271464,40.850187711306,GALAXY,,1.31017419,22.853282626979688,22-23,39633091307768601,dark,DESI_DR1_V161,ZWARN0_DELTACHI2_GT25_ZCAT_PRIMARY
DESI003146,225.001874400687,-0.464194245381,GALAXY,,0.959743445,22.379128590106117,22-23,39627776424149075,dark,DESI_DR1_V161,ZWARN0_DELTACHI2_GT25_ZCAT_PRIMARY
DESI003147,225.003276563492,4.649283575528,GALAXY,,0.985768062,22.602378622594138,22-23,39627903188601619,dark,DESI_DR1_V161,ZWARN0_DELTACHI2_GT25_ZCAT_PRIMARY
DESI003148,225.000724954798,45.750584319924,GALAXY,,0.754351084,22.79272145744458,22-23,39633179501395991,dark,DESI_DR1_V161,ZWARN0_DELTACHI2_GT25_ZCAT_PRIMARY
DESI003149,225.002847616609,31.976932674664,GALAXY,,0.875582673,22.38168625084087,22-23,39628522871849047,dark,DESI_DR1_V161,ZWARN0_DELTACHI2_GT25_ZCAT_PRIMARY
DESI003150,225.009753468972,46.588782122914,GALAXY,,0.871500562,22.347698512078427,22-23,39633192096892051,dark,DESI_DR1_V161,ZWARN0_DELTACHI2_GT25_ZCAT_PRIMARY
DESI003151,330.038203476239,16.251106001704,GALAXY,,0.864559899,22.444878088104055,22-23,39628177869378539,dark,DESI_DR1_V161,ZWARN0_DELTACHI2_GT25_ZCAT_PRIMARY
DESI003152,330.029230447267,0.309386343202,GALAXY,,0.891774343,22.419329695154524,22-23,39627796305151316,dark,DESI_DR1_V161,ZWARN0_DELTACHI2_GT25_ZCAT_PRIMARY
DESI003153,330.034418642989,-7.686567530436,GALAXY,,0.883521507,22.24629392243024,22-23,39627603446858549,dark,DESI_DR1_V161,ZWARN0_DELTACHI2_GT25_ZCAT_PRIMARY
DESI003154,330.040091569326,27.035462265851,GALAXY,,0.790192005,22.349927776086403,22-23,39628419176076827,dark,DESI_DR1_V161,ZWARN0_DELTACHI2_GT25_ZCAT_PRIMARY
DESI003155,330.038826637413,3.823849230153,GALAXY,,0.995053325,22.79194831918413,22-23,39627880837154446,dark,DESI_DR1_V161,ZWARN0_DELTACHI2_GT25_ZCAT_PRIMARY
DESI003156,330.043543075031,3.410587332655,GALAXY,,1.43931921,22.89461002723945,22-23,39627874805745501,dark,DESI_DR1_V161,ZWARN0_DELTACHI2_GT25_ZCAT_PRIMARY
DESI003157,330.049845061403,9.016631831511,GALAXY,,1.29731539,22.896487124187455,22-23,39628006938905034,dark,DESI_DR1_V161,ZWARN0_DELTACHI2_GT25_ZCAT_PRIMARY
DESI003158,330.014380809981,18.122879212979,GALAXY,,0.0954363221,22.466400602322828,22-23,39628218306663394,dark,DESI_DR1_V161,ZWARN0_DELTACHI2_GT25_ZCAT_PRIMARY
DESI003159,330.00224330498,-0.666109608024,GALAXY,,0.995289187,22.347406024841455,22-23,39627772145959092,dark,DESI_DR1_V161,ZWARN0_DELTACHI2_GT25_ZCAT_PRIMARY
DESI003160,330.002200066157,-10.526187078761,GALAXY,,1.09467562,22.731550881200864,22-23,39627537772450384,dark,DESI_DR1_V161,ZWARN0_DELTACHI2_GT25_ZCAT_PRIMARY
DESI003161,330.04827313692,4.174652822713,GALAXY,,0.89690418,22.32794965890127,22-23,39627892899973312,dark,DESI_DR1_V161,ZWARN0_DELTACHI2_GT25_ZCAT_PRIMARY
DESI003162,330.041489319365,0.59648699616,GALAXY,,0.851520586,22.535017779873577,22-23,39627802344949362,dark,DESI_DR1_V161,ZWARN0_DELTACHI2_GT25_ZCAT_PRIMARY
DESI003163,330.015707130296,11.380933598731,GALAXY,,1.00910725,22.786711467200668,22-23,39628066409941207,dark,DESI_DR1_V161,ZWARN0_DELTACHI2_GT25_ZCAT_PRIMARY
DESI003164,330.017376040516,2.432086108115,GALAXY,,0.769519254,22.875010404874136,22-23,39627850663330234,dark,DESI_DR1_V161,ZWARN0_DELTACHI2_GT25_ZCAT_PRIMARY
DESI003165,330.050107795605,19.498615753745,GALAXY,,0.997307057,22.379400602184393,22-23,39628252662208031,dark,DESI_DR1_V161,ZWARN0_DELTACHI2_GT25_ZCAT_PRIMARY
DESI003166,330.031938559072,5.038486627904,GALAXY,,0.913885451,22.889179909610874,22-23,39627910969035552,dark,DESI_DR1_V161,ZWARN0_DELTACHI2_GT25_ZCAT_PRIMARY
DESI003167,330.04649148298,5.00371890461,GALAXY,,0.911432798,22.77033574351471,22-23,39627910969035939,dark,DESI_DR1_V161,ZWARN0_DELTACHI2_GT25_ZCAT_PRIMARY
DESI003168,330.034940044004,8.279739294959,GALAXY,,1.36604064,22.238602987612143,22-23,39627989012448773,dark,DESI_DR1_V161,ZWARN0_DELTACHI2_GT25_ZCAT_PRIMARY
DESI003169,330.045741248565,-0.950916858298,GALAXY,,0.902172911,22.162263825090566,22-23,39627766106162957,dark,DESI_DR1_V161,ZWARN0_DELTACHI2_GT25_ZCAT_PRIMARY
DESI003170,330.024147347634,-1.064355886639,GALAXY,,0.903173526,22.763553614397992,22-23,39627766106162155,dark,DESI_DR1_V161,ZWARN0_DELTACHI2_GT25_ZCAT_PRIMARY
DESI003171,330.033378045328,0.800610995444,GALAXY,,0.766886315,22.081108565089842,22-23,39627808384746839,dark,DESI_DR1_V161,ZWARN0_DELTACHI2_GT25_ZCAT_PRIMARY
DESI003172,330.00669942572,2.909430228701,GALAXY,,0.940970591,22.871745560010154,22-23,39627862742925483,dark,DESI_DR1_V161,ZWARN0_DELTACHI2_GT25_ZCAT_PRIMARY
DESI003173,330.00122870051,8.119266705585,GALAXY,,0.78951814,22.810611051854863,22-23,39627983031369779,dark,DESI_DR1_V161,ZWARN0_DELTACHI2_GT25_ZCAT_PRIMARY
DESI003174,330.034372070699,19.760449971784,GALAXY,,0.9361668,22.662381157482365,22-23,39628258358073128,dark,DESI_DR1_V161,ZWARN0_DELTACHI2_GT25_ZCAT_PRIMARY
DESI003175,330.014142246893,2.548505537201,GALAXY,,1.01958856,22.892884275730413,22-23,39627850663330164,dark,DESI_DR1_V161,ZWARN0_DELTACHI2_GT25_ZCAT_PRIMARY
DESI003176,330.016493106026,25.435811840094,GALAXY,,0.806201199,22.561511247769808,22-23,39628386640858468,dark,DESI_DR1_V161,ZWARN0_DELTACHI2_GT25_ZCAT_PRIMARY
DESI003177,330.022823595858,16.129739403677,GALAXY,,1.38757509,22.982395999009142,22-23,39628177869378124,dark,DESI_DR1_V161,ZWARN0_DELTACHI2_GT25_ZCAT_PRIMARY
DESI003178,330.044832946079,27.762156076934,GALAXY,,0.399533143,22.781370307763215,22-23,39628435278009360,dark,DESI_DR1_V161,ZWARN0_DELTACHI2_GT25_ZCAT_PRIMARY
DESI003179,330.014411045854,26.18281733176,GALAXY,,1.25572951,22.740514853087657,22-23,39628402960893253,dark,DESI_DR1_V161,ZWARN0_DELTACHI2_GT25_ZCAT_PRIMARY
DESI003180,330.034253968999,4.618511016593,GALAXY,,0.767421764,22.170584540135145,22-23,39627898922994218,dark,DESI_DR1_V161,ZWARN0_DELTACHI2_GT25_ZCAT_PRIMARY
DESI003181,330.047456164884,5.696666811172,GALAXY,,1.19101761,22.762859053127002,22-23,39627929021320826,dark,DESI_DR1_V161,ZWARN0_DELTACHI2_GT25_ZCAT_PRIMARY
DESI003182,330.007127474639,9.096084460827,GALAXY,,0.992094581,22.637991651416637,22-23,39628006938904211,dark,DESI_DR1_V161,ZWARN0_DELTACHI2_GT25_ZCAT_PRIMARY
DESI003183,330.01461407074,3.708215939532,GALAXY,,1.25109754,22.666852637916698,22-23,39627880837153965,dark,DESI_DR1_V161,ZWARN0_DELTACHI2_GT25_ZCAT_PRIMARY
DESI003184,330.011185845755,14.625991362608,GALAXY,,0.611635295,22.95118128829565,22-23,39628142918243365,dark,DESI_DR1_V161,ZWARN0_DELTACHI2_GT25_ZCAT_PRIMARY
DESI003185,330.04152575545,0.4600569395,GALAXY,,0.916493384,22.78587477973033,22-23,39627802344949363,dark,DESI_DR1_V161,ZWARN0_DELTACHI2_GT25_ZCAT_PRIMARY
DESI003186,330.031498785768,-7.56897638655,GALAXY,,0.896197376,22.161866157389724,22-23,39627609440523738,dark,DESI_DR1_V161,ZWARN0_DELTACHI2_GT25_ZCAT_PRIMARY
DESI003187,330.005182271957,-10.121096358825,GALAXY,,0.628804077,22.1155999934271,22-23,39627549675884774,dark,DESI_DR1_V161,ZWARN0_DELTACHI2_GT25_ZCAT_PRIMARY
DESI003188,330.049308722864,5.144309551607,GALAXY,,0.883587126,22.154409088777776,22-23,39627916992056456,dark,DESI_DR1_V161,ZWARN0_DELTACHI2_GT25_ZCAT_PRIMARY
DESI003189,330.0307367284,-11.299622887871,GALAXY,,0.815634226,22.24817784363122,22-23,39627519950849931,dark,DESI_DR1_V161,ZWARN0_DELTACHI2_GT25_ZCAT_PRIMARY
DESI003190,330.018633538991,5.844926233167,GALAXY,,0.951964235,22.994528568624386,22-23,39627929021320224,dark,DESI_DR1_V161,ZWARN0_DELTACHI2_GT25_ZCAT_PRIMARY
DESI003191,330.04224561438,-7.211386043817,GALAXY,,1.01143144,22.409406163220943,22-23,39627615442567230,dark,DESI_DR1_V161,ZWARN0_DELTACHI2_GT25_ZCAT_PRIMARY
DESI003192,330.033521494284,-0.269043346147,GALAXY,,0.913726416,22.789022772263472,22-23,39627784225555739,dark,DESI_DR1_V161,ZWARN0_DELTACHI2_GT25_ZCAT_PRIMARY
DESI003193,330.023685523671,14.559694799507,GALAXY,,0.937860618,22.990584155180194,22-23,39628137071382930,dark,DESI_DR1_V161,ZWARN0_DELTACHI2_GT25_ZCAT_PRIMARY
DESI003194,330.043965318328,-6.509248367648,GALAXY,,0.986544961,22.74002852714086,22-23,39627633448719864,dark,DESI_DR1_V161,ZWARN0_DELTACHI2_GT25_ZCAT_PRIMARY
DESI003195,330.034349999002,-6.899403333786,GALAXY,,1.14226165,22.421266762779606,22-23,39627621436233805,dark,DESI_DR1_V161,ZWARN0_DELTACHI2_GT25_ZCAT_PRIMARY
DESI003196,330.028436321283,17.126753849118,GALAXY,,1.15695651,22.94623419286036,22-23,39628201017739081,dark,DESI_DR1_V161,ZWARN0_DELTACHI2_GT25_ZCAT_PRIMARY
DESI003197,330.003656283316,11.739345156361,GALAXY,,0.288037474,22.060097622090126,22-23,39628072332298757,dark,DESI_DR1_V161,ZWARN0_DELTACHI2_GT25_ZCAT_PRIMARY
DESI003198,330.02922906107,16.318817642981,GALAXY,,0.729911518,22.642946792273413,22-23,39628177869378283,dark,DESI_DR1_V161,ZWARN0_DELTACHI2_GT25_ZCAT_PRIMARY
DESI003199,330.018399769652,-2.304184353561,GALAXY,,0.803245221,22.22427505658791,22-23,39627735907172975,dark,DESI_DR1_V161,ZWARN0_DELTACHI2_GT25_ZCAT_PRIMARY
DESI003200,330.024329259305,-8.460690499286,GALAXY,,0.901310438,22.19883663997148,22-23,39627585486849654,dark,DESI_DR1_V161,ZWARN0_DELTACHI2_GT25_ZCAT_PRIMARY
DESI003201,5.248250238123,3.164274467253,QSO,HIZ,1.72113949,19.952344349946188,18-20,39627863330135666,dark,DESI_DR1_V161,ZWARN0_DELTACHI2_GT25_ZCAT_PRIMARY
DESI003202,5.16328860712,14.936584467705,QSO,LOZ,0.925883062,18.026975721555576,18-20,39628143488669793,dark,DESI_DR1_V161,ZWARN0_DELTACHI2_GT25_ZCAT_PRIMARY
DESI003203,5.11742617659,8.454671750459,QSO,HIZ,2.84669827,19.62780728347553,18-20,39627989595456985,dark,DESI_DR1_V161,ZWARN0_DELTACHI2_GT25_ZCAT_PRIMARY
DESI003204,5.046124459733,-1.784190673319,QSO,LOZ,1.39929503,19.839482314362627,18-20,39627742534174171,dark,DESI_DR1_V161,ZWARN0_DELTACHI2_GT25_ZCAT_PRIMARY
DESI003205,5.134846688595,-10.570709988957,QSO,LOZ,0.808709073,18.563518519135197,18-20,39627532407932193,dark,DESI_DR1_V161,ZWARN0_DELTACHI2_GT25_ZCAT_PRIMARY
DESI003206,5.255944049014,0.783647606031,QSO,HIZ,2.00458101,19.92732216123732,18-20,39627802936344865,dark,DESI_DR1_V161,ZWARN0_DELTACHI2_GT25_ZCAT_PRIMARY
DESI003207,5.03653001428,6.73087319448,QSO,LOZ,1.0466516,19.756848046854657,18-20,39627947635638454,dark,DESI_DR1_V161,ZWARN0_DELTACHI2_GT25_ZCAT_PRIMARY
DESI003208,5.010255558632,-12.05078919835,QSO,HIZ,1.54290473,19.800672489288473,18-20,39627496836041931,dark,DESI_DR1_V161,ZWARN0_DELTACHI2_GT25_ZCAT_PRIMARY
DESI003209,5.033607247656,21.264312126546,QSO,HIZ,2.27003367,19.877342775514688,18-20,39628287240048263,dark,DESI_DR1_V161,ZWARN0_DELTACHI2_GT25_ZCAT_PRIMARY
DESI003210,5.139066339878,6.261210095234,QSO,LOZ,1.28321492,18.712127565939703,18-20,39627935623153799,dark,DESI_DR1_V161,ZWARN0_DELTACHI2_GT25_ZCAT_PRIMARY
DESI003211,5.093905602498,3.193512209923,QSO,LOZ,0.40446849,19.823990928139676,18-20,39627863330130855,dark,DESI_DR1_V161,ZWARN0_DELTACHI2_GT25_ZCAT_PRIMARY
DESI003212,5.202283916407,-0.477575535186,QSO,LOZ,0.343919388,19.55007980575231,18-20,39627772733168470,dark,DESI_DR1_V161,ZWARN0_DELTACHI2_GT25_ZCAT_PRIMARY
DESI003213,5.16272824503,19.238481653953,QSO,HIZ,2.37224153,19.395586088137136,18-20,39628241803152093,dark,DESI_DR1_V161,ZWARN0_DELTACHI2_GT25_ZCAT_PRIMARY
DESI003214,5.100442777643,10.774780398342,QSO,HIZ,2.27699276,19.830240839337378,18-20,39628043257381211,dark,DESI_DR1_V161,ZWARN0_DELTACHI2_GT25_ZCAT_PRIMARY
DESI003215,5.103552070054,0.609704222233,QSO,LOZ,1.2518365,19.70026914017646,18-20,39627796892355779,dark,DESI_DR1_V161,ZWARN0_DELTACHI2_GT25_ZCAT_PRIMARY
DESI003216,5.254230427917,-0.761901127528,QSO,LOZ,1.08698853,19.904672108866727,18-20,39627766697558267,dark,DESI_DR1_V161,ZWARN0_DELTACHI2_GT25_ZCAT_PRIMARY
DESI003217,5.281146686571,9.107415164587,QSO,HIZ,2.32315944,19.06056670848754,18-20,39628001549225732,dark,DESI_DR1_V161,ZWARN0_DELTACHI2_GT25_ZCAT_PRIMARY
DESI003218,5.019764487341,14.732126201254,QSO,LOZ,1.31877619,19.708405935979847,18-20,39628137641806197,dark,DESI_DR1_V161,ZWARN0_DELTACHI2_GT25_ZCAT_PRIMARY
DESI003219,5.150727706412,17.846599048149,QSO,HIZ,3.10379623,19.989970831718026,18-20,39628207351140201,dark,DESI_DR1_V161,ZWARN0_DELTACHI2_GT25_ZCAT_PRIMARY
DESI003220,5.269176442379,12.731307553597,QSO,LOZ,0.255515394,18.741517587532726,18-20,39628090636241569,bright,DESI_DR1_V161,ZWARN0_DELTACHI2_GT25_ZCAT_PRIMARY
DESI003221,5.13833166325,2.481312426164,QSO,LOZ,0.255100586,18.48929983386974,18-20,39627845210738999,bright,DESI_DR1_V161,ZWARN0_DELTACHI2_GT25_ZCAT_PRIMARY
DESI003222,5.013778031231,1.713960200544,QSO,LOZ,0.433669129,19.59068810738944,18-20,39627827091341802,dark,DESI_DR1_V161,ZWARN0_DELTACHI2_GT25_ZCAT_PRIMARY
DESI003223,5.06060340977,-1.99777078664,QSO,LOZ,1.3271383,19.586436579731163,18-20,39627736494376953,dark,DESI_DR1_V161,ZWARN0_DELTACHI2_GT25_ZCAT_PRIMARY
DESI003224,5.177069173468,-7.12412616568,QSO,HIZ,2.61098299,19.970767348598994,18-20,39627616025579134,dark,DESI_DR1_V161,ZWARN0_DELTACHI2_GT25_ZCAT_PRIMARY
DESI003225,5.307165472147,15.595897281726,QSO,LOZ,1.3784696,19.788005408247706,18-20,39628155169802455,dark,DESI_DR1_V161,ZWARN0_DELTACHI2_GT25_ZCAT_PRIMARY
DESI003226,5.307290988243,8.943906604908,QSO,HIZ,2.97514873,19.398776646340398,18-20,39628001549226288,dark,DESI_DR1_V161,ZWARN0_DELTACHI2_GT25_ZCAT_PRIMARY
DESI003227,5.246908598681,22.628395682424,QSO,LOZ,0.175997346,18.152692033666263,18-20,39628320924501535,bright,DESI_DR1_V161,ZWARN0_DELTACHI2_GT25_ZCAT_PRIMARY
DESI003228,5.190391864582,6.942903331883,QSO,LOZ,0.637561443,19.291317242696397,18-20,39627953641884683,dark,DESI_DR1_V161,ZWARN0_DELTACHI2_GT25_ZCAT_PRIMARY
DESI003229,5.282411121073,7.538286163076,QSO,LOZ,0.980261207,19.330686514410807,18-20,39627965637595630,dark,DESI_DR1_V161,ZWARN0_DELTACHI2_GT25_ZCAT_PRIMARY
DESI003230,5.053768041214,29.771279735973,QSO,HIZ,3.25193615,19.83783528831836,18-20,39628472926080099,bright,DESI_DR1_V161,ZWARN0_DELTACHI2_GT25_ZCAT_PRIMARY
DESI003231,5.257203607297,7.778231322737,QSO,HIZ,2.23782022,18.901155129586463,18-20,39627971635450652,dark,DESI_DR1_V161,ZWARN0_DELTACHI2_GT25_ZCAT_PRIMARY
DESI003232,5.049204718444,16.49571286121,QSO,HIZ,2.34137308,19.853005248300406,18-20,39628178435606549,dark,DESI_DR1_V161,ZWARN0_DELTACHI2_GT25_ZCAT_PRIMARY
DESI003233,5.297701228407,-2.90663337912,QSO,LOZ,0.490996275,19.250257043980216,18-20,39627712339379858,bright,DESI_DR1_V161,ZWARN0_DELTACHI2_GT25_ZCAT_PRIMARY
DESI003234,5.283118475094,16.83269601358,QSO,LOZ,0.38457368,18.682201818586126,18-20,39628184236327790,dark,DESI_DR1_V161,ZWARN0_DELTACHI2_GT25_ZCAT_PRIMARY
DESI003235,5.17829277565,4.38164930135,QSO,LOZ,0.246241576,18.026249169884167,18-20,39627893487178224,bright,DESI_DR1_V161,ZWARN0_DELTACHI2_GT25_ZCAT_PRIMARY
DESI003236,5.079493263263,-7.651167174653,QSO,HIZ,3.82896922,18.706630808782652,18-20,39627598040400682,dark,DESI_DR1_V161,ZWARN0_DELTACHI2_GT25_ZCAT_PRIMARY
DESI003237,5.188464088742,13.216303736635,QSO,LOZ,1.02723316,18.914100775592484,18-20,39628102422234519,dark,DESI_DR1_V161,ZWARN0_DELTACHI2_GT25_ZCAT_PRIMARY
DESI003238,5.13604379238,24.778652508937,QSO,HIZ,1.74462955,19.465780693009375,18-20,39628365262491338,dark,DESI_DR1_V161,ZWARN0_DELTACHI2_GT25_ZCAT_PRIMARY
DESI003239,5.143283647708,26.00248250845,QSO,LOZ,0.917884527,19.411942954315595,18-20,39628392626129260,dark,DESI_DR1_V161,ZWARN0_DELTACHI2_GT25_ZCAT_PRIMARY
DESI003240,5.078589092848,25.120587648668,QSO,LOZ,1.02115759,19.721784892728852,18-20,39628370757028032,dark,DESI_DR1_V161,ZWARN0_DELTACHI2_GT25_ZCAT_PRIMARY
DESI003241,5.285236592034,7.265951809461,QSO,HIZ,1.80924555,19.497258587401333,18-20,39627959639740693,dark,DESI_DR1_V161,ZWARN0_DELTACHI2_GT25_ZCAT_PRIMARY
DESI003242,5.21365476301,8.902650046848,QSO,LOZ,0.404362195,19.325529057465324,18-20,39628001549224430,dark,DESI_DR1_V161,ZWARN0_DELTACHI2_GT25_ZCAT_PRIMARY
DESI003243,5.281805448079,2.45066791747,QSO,HIZ,3.69060605,19.599293980220885,18-20,39627845214930022,dark,DESI_DR1_V161,ZWARN0_DELTACHI2_GT25_ZCAT_PRIMARY
DESI003244,5.234356413979,4.483431424043,QSO,LOZ,1.3099327,18.953310624323446,18-20,39627893487179785,dark,DESI_DR1_V161,ZWARN0_DELTACHI2_GT25_ZCAT_PRIMARY
DESI003245,5.297634554629,-7.433668505369,QSO,LOZ,0.424871112,18.93104942876851,18-20,39627604034060569,dark,DESI_DR1_V161,ZWARN0_DELTACHI2_GT25_ZCAT_PRIMARY
DESI003246,5.16143149334,22.290635550683,QSO,LOZ,0.558034201,19.560039700327245,18-20,39628309742486016,bright,DESI_DR1_V161,ZWARN0_DELTACHI2_GT25_ZCAT_PRIMARY
DESI003247,5.165757694238,-12.499791235154,QSO,HIZ,2.4611163,19.366230953793284,18-20,39627485029074018,dark,DESI_DR1_V161,ZWARN0_DELTACHI2_GT25_ZCAT_PRIMARY
DESI003248,5.194890189492,3.571408308279,QSO,LOZ,0.615181599,19.699042342734174,18-20,39627869361543055,dark,DESI_DR1_V161,ZWARN0_DELTACHI2_GT25_ZCAT_PRIMARY
DESI003249,5.064948354272,-0.236766755323,QSO,HIZ,1.71125692,19.589720388191047,18-20,39627778772961707,dark,DESI_DR1_V161,ZWARN0_DELTACHI2_GT25_ZCAT_PRIMARY
DESI003250,5.063458139262,16.650802439381,QSO,HIZ,1.49816878,18.986010930080294,18-20,39628184232134097,dark,DESI_DR1_V161,ZWARN0_DELTACHI2_GT25_ZCAT_PRIMARY
DESI003251,35.041768659438,-0.946292106713,QSO,LOZ,0.338259776,19.819402836406393,18-20,39627761156883921,bright,DESI_DR1_V161,ZWARN0_DELTACHI2_GT25_ZCAT_PRIMARY
DESI003252,35.128282827926,8.003439698685,QSO,LOZ,0.348725221,19.74374422703637,18-20,39627978124035802,dark,DESI_DR1_V161,ZWARN0_DELTACHI2_GT25_ZCAT_PRIMARY
DESI003253,35.062449432834,-6.381475667814,QSO,HIZ,1.71129354,19.538207557998792,18-20,39627628528799596,dark,DESI_DR1_V161,ZWARN0_DELTACHI2_GT25_ZCAT_PRIMARY
DESI003254,35.050386533763,18.442897217095,QSO,HIZ,1.76990052,19.623807372282183,18-20,39628225093043063,dark,DESI_DR1_V161,ZWARN0_DELTACHI2_GT25_ZCAT_PRIMARY
DESI003255,35.035330032399,3.950838122822,QSO,LOZ,1.37832101,19.952178104869294,18-20,39627881923484054,dark,DESI_DR1_V161,ZWARN0_DELTACHI2_GT25_ZCAT_PRIMARY
DESI003256,35.173788511642,29.118547971216,QSO,LOZ,0.315621928,19.74494535768962,18-20,39628457532982831,bright,DESI_DR1_V161,ZWARN0_DELTACHI2_GT25_ZCAT_PRIMARY
DESI003257,35.076075460625,21.575384220814,QSO,HIZ,2.84635197,19.376826733124506,18-20,39628293346954197,dark,DESI_DR1_V161,ZWARN0_DELTACHI2_GT25_ZCAT_PRIMARY
DESI003258,35.07126609617,8.148062703348,QSO,LOZ,0.374576913,19.245553729403458,18-20,39627984109310485,bright,DESI_DR1_V161,ZWARN0_DELTACHI2_GT25_ZCAT_PRIMARY
DESI003259,35.107945075764,2.608847892993,QSO,LOZ,0.31845604,19.940367354215255,18-20,39627845714055350,bright,DESI_DR1_V161,ZWARN0_DELTACHI2_GT25_ZCAT_PRIMARY
DESI003260,35.054956947162,24.706953536699,QSO,LOZ,0.565158677,19.546906403442968,18-20,39628365719669332,dark,DESI_DR1_V161,ZWARN0_DELTACHI2_GT25_ZCAT_PRIMARY
DESI003261,35.073198796231,14.337565225715,QSO,LOZ,0.875363486,18.699158055031145,18-20,39628126413653071,dark,DESI_DR1_V161,ZWARN0_DELTACHI2_GT25_ZCAT_PRIMARY
DESI003262,35.186788268463,9.753662744198,QSO,HIZ,1.76462567,19.488499611550164,18-20,39628019945442950,dark,DESI_DR1_V161,ZWARN0_DELTACHI2_GT25_ZCAT_PRIMARY
DESI003263,35.050940368405,-3.686644948838,QSO,LOZ,0.166245734,18.7373591913132,18-20,39627694744273019,bright,DESI_DR1_V161,ZWARN0_DELTACHI2_GT25_ZCAT_PRIMARY
DESI003264,35.106496707099,-9.802095939032,QSO,LOZ,1.02579466,18.45367695807222,18-20,39627550753820155,dark,DESI_DR1_V161,ZWARN0_DELTACHI2_GT25_ZCAT_PRIMARY
DESI003265,35.030377452872,21.680144292965,QSO,LOZ,1.1741833,19.67837189621888,18-20,39628298975708616,dark,DESI_DR1_V161,ZWARN0_DELTACHI2_GT25_ZCAT_PRIMARY
DESI003266,35.189293755287,-5.783276428314,QSO,HIZ,2.30898257,19.917114378868433,18-20,39627646560110363,dark,DESI_DR1_V161,ZWARN0_DELTACHI2_GT25_ZCAT_PRIMARY
DESI003267,35.100313098157,2.864047849453,QSO,LOZ,0.438953302,18.828991349787024,18-20,39627851753852918,dark,DESI_DR1_V161,ZWARN0_DELTACHI2_GT25_ZCAT_PRIMARY
DESI003268,35.063899406837,26.952284473064,QSO,LOZ,1.39302764,19.119143262554186,18-20,39628414759470416,dark,DESI_DR1_V161,ZWARN0_DELTACHI2_GT25_ZCAT_PRIMARY
DESI003269,35.171265346743,20.650451148653,QSO,HIZ,1.61093555,19.90416504586497,18-20,39628276414549627,dark,DESI_DR1_V161,ZWARN0_DELTACHI2_GT25_ZCAT_PRIMARY
DESI003270,35.012847375332,-3.879827445062,QSO,LOZ,0.771045652,19.66981527596096,18-20,39627688708677135,dark,DESI_DR1_V161,ZWARN0_DELTACHI2_GT25_ZCAT_PRIMARY
DESI003271,35.192081047519,30.449192138091,QSO,LOZ,0.28076912,18.41038874076302,18-20,39628489082539070,bright,DESI_DR1_V161,ZWARN0_DELTACHI2_GT25_ZCAT_PRIMARY
DESI003272,35.040404365813,-12.238296698399,QSO,LOZ,0.669524774,19.45617828149733,18-20,39627491425386908,dark,DESI_DR1_V161,ZWARN0_DELTACHI2_GT25_ZCAT_PRIMARY
DESI003273,35.074318059183,26.023528931636,QSO,LOZ,0.934776557,19.57890361953307,18-20,39628393079113413,dark,DESI_DR1_V161,ZWARN0_DELTACHI2_GT25_ZCAT_PRIMARY
DESI003274,35.08905578011,6.777409259196,QSO,LOZ,1.17556728,19.468405870201842,18-20,39627948134762963,dark,DESI_DR1_V161,ZWARN0_DELTACHI2_GT25_ZCAT_PRIMARY
DESI003275,35.023854905613,8.380448926559,QSO,HIZ,3.36839102,19.819035154797433,18-20,39627990090386783,dark,DESI_DR1_V161,ZWARN0_DELTACHI2_GT25_ZCAT_PRIMARY
DESI003276,35.146255552847,29.002744926169,QSO,HIZ,1.7872754,19.857833115854216,18-20,39628457532982370,dark,DESI_DR1_V161,ZWARN0_DELTACHI2_GT25_ZCAT_PRIMARY
DESI003277,35.131808967792,8.257241765449,QSO,LOZ,0.373995045,19.13920601951235,18-20,39627984113500945,dark,DESI_DR1_V161,ZWARN0_DELTACHI2_GT25_ZCAT_PRIMARY
DESI003278,35.093486334418,-12.244522641195,QSO,LOZ,1.27824464,19.454186508475825,18-20,39627491425388748,dark,DESI_DR1_V161,ZWARN0_DELTACHI2_GT25_ZCAT_PRIMARY
DESI003279,35.11599280147,27.26398362086,QSO,LOZ,0.998662494,19.92627676408445,18-20,39628420153344301,dark,DESI_DR1_V161,ZWARN0_DELTACHI2_GT25_ZCAT_PRIMARY
DESI003280,35.075168917742,4.908087504543,QSO,LOZ,0.703401068,19.80231835286704,18-20,39627906032342612,dark,DESI_DR1_V161,ZWARN0_DELTACHI2_GT25_ZCAT_PRIMARY
DESI003281,35.096001643147,25.971796923657,QSO,LOZ,0.388109128,18.715275409205173,18-20,39628393079113914,dark,DESI_DR1_V161,ZWARN0_DELTACHI2_GT25_ZCAT_PRIMARY
DESI003282,35.020109474827,20.216913049837,QSO,HIZ,2.55696324,19.9017522867181,18-20,39628265073152015,dark,DESI_DR1_V161,ZWARN0_DELTACHI2_GT25_ZCAT_PRIMARY
DESI003283,35.132082765433,8.954457025617,QSO,HIZ,1.51888576,18.62526132424195,18-20,39628002044154145,dark,DESI_DR1_V161,ZWARN0_DELTACHI2_GT25_ZCAT_PRIMARY
DESI003284,35.193289726512,22.62621158559,QSO,HIZ,1.83589861,19.851782684326917,18-20,39628321390067828,dark,DESI_DR1_V161,ZWARN0_DELTACHI2_GT25_ZCAT_PRIMARY
DESI003285,35.125454454265,6.775501066199,QSO,LOZ,0.557099253,19.6355798937042,18-20,39627948134763627,bright,DESI_DR1_V161,ZWARN0_DELTACHI2_GT25_ZCAT_PRIMARY
DESI003286,35.106353868355,9.514868306837,QSO,LOZ,0.91241456,19.71597712231743,18-20,39628013981141661,dark,DESI_DR1_V161,ZWARN0_DELTACHI2_GT25_ZCAT_PRIMARY
DESI003287,35.150963719848,9.680895921756,QSO,HIZ,1.65135858,18.850328139789983,18-20,39628019945442245,dark,DESI_DR1_V161,ZWARN0_DELTACHI2_GT25_ZCAT_PRIMARY
DESI003288,35.101461521825,19.569562288352,QSO,HIZ,2.4565841,19.7718880852301,18-20,39628247989750763,dark,DESI_DR1_V161,ZWARN0_DELTACHI2_GT25_ZCAT_PRIMARY
DESI003289,35.139484942774,-6.006150650214,QSO,HIZ,1.67321742,19.025026059163068,18-20,39627640541292056,dark,DESI_DR1_V161,ZWARN0_DELTACHI2_GT25_ZCAT_PRIMARY
DESI003290,35.19418857932,4.931848197747,QSO,LOZ,0.168980789,18.013534182736297,18-20,39627906036533903,bright,DESI_DR1_V161,ZWARN0_DELTACHI2_GT25_ZCAT_PRIMARY
DESI003291,35.134566178048,23.479419748998,QSO,HIZ,1.41650775,19.63462562535129,18-20,39628338095980720,dark,DESI_DR1_V161,ZWARN0_DELTACHI2_GT25_ZCAT_PRIMARY
DESI003292,35.182321053839,13.982948390941,QSO,HIZ,4.15638653,19.753788717494928,18-20,39628120550017818,dark,DESI_DR1_V161,ZWARN0_DELTACHI2_GT25_ZCAT_PRIMARY
DESI003293,35.060968056217,22.506681245653,QSO,LOZ,0.287298507,19.096407624639994,18-20,39628315799063573,bright,DESI_DR1_V161,ZWARN0_DELTACHI2_GT25_ZCAT_PRIMARY
DESI003294,35.016687663234,21.721184917976,QSO,HIZ,1.80902623,19.925394542209766,18-20,39628298975708409,dark,DESI_DR1_V161,ZWARN0_DELTACHI2_GT25_ZCAT_PRIMARY
DESI003295,35.1806265067,8.964229328033,QSO,LOZ,0.475554745,19.153435510987407,18-20,39628002048344761,bright,DESI_DR1_V161,ZWARN0_DELTACHI2_GT25_ZCAT_PRIMARY
DESI003296,35.116133860524,-1.187061552033,QSO,LOZ,1.55392372,19.660467524637085,18-20,39627755117088652,dark,DESI_DR1_V161,ZWARN0_DELTACHI2_GT25_ZCAT_PRIMARY
DESI003297,35.040727730212,4.43675242549,QSO,LOZ,1.34075395,19.775731652886048,18-20,39627893986300725,dark,DESI_DR1_V161,ZWARN0_DELTACHI2_GT25_ZCAT_PRIMARY
DESI003298,35.049557188002,24.040261195817,QSO,HIZ,1.59002357,19.746440045919698,18-20,39628349173139022,dark,DESI_DR1_V161,ZWARN0_DELTACHI2_GT25_ZCAT_PRIMARY
DESI003299,35.114191924768,22.239686498265,QSO,LOZ,0.940141311,19.487314047344043,18-20,39628310208053768,dark,DESI_DR1_V161,ZWARN0_DELTACHI2_GT25_ZCAT_PRIMARY
DESI003300,35.154667429519,8.214868211047,QSO,HIZ,2.31127146,19.357003934651637,18-20,39627984113501374,dark,DESI_DR1_V161,ZWARN0_DELTACHI2_GT25_ZCAT_PRIMARY
DESI003301,125.10897293602,25.733975757689,QSO,LOZ,0.589277905,19.27722102349736,18-20,39628388989669706,dark,DESI_DR1_V161,ZWARN0_DELTACHI2_GT25_ZCAT_PRIMARY
DESI003302,125.162047545025,38.193479701759,QSO,LOZ,0.382720387,18.848946975382834,18-20,39633043287180374,dark,DESI_DR1_V161,ZWARN0_DELTACHI2_GT25_ZCAT_PRIMARY
DESI003303,125.060282944867,18.282357823617,QSO,HIZ,2.74061845,19.907579861352552,18-20,39628220781303448,dark,DESI_DR1_V161,ZWARN0_DELTACHI2_GT25_ZCAT_PRIMARY
DESI003304,125.094760464372,1.440400640409,QSO,LOZ,0.566159286,19.367097368888942,18-20,39627823064812496,dark,DESI_DR1_V161,ZWARN0_DELTACHI2_GT25_ZCAT_PRIMARY
DESI003305,125.036805430564,63.341610078153,QSO,LOZ,0.676605565,19.861917418726776,18-20,39633424163538256,bright,DESI_DR1_V161,ZWARN0_DELTACHI2_GT25_ZCAT_PRIMARY
DESI003306,125.159071213705,38.571431110281,QSO,LOZ,0.797940811,19.722003394682652,18-20,39633048035135101,dark,DESI_DR1_V161,ZWARN0_DELTACHI2_GT25_ZCAT_PRIMARY
DESI003307,125.074338414786,14.908860371378,QSO,LOZ,0.905984947,18.415604436987145,18-20,39628145434824066,dark,DESI_DR1_V161,ZWARN0_DELTACHI2_GT25_ZCAT_PRIMARY
DESI003308,125.052627220794,43.232881358997,QSO,LOZ,1.07324531,18.187873189220642,18-20,39633135079523916,dark,DESI_DR1_V161,ZWARN0_DELTACHI2_GT25_ZCAT_PRIMARY
DESI003309,125.094514925358,16.773943443431,QSO,LOZ,1.33929975,19.324765125920955,18-20,39628186161515013,dark,DESI_DR1_V161,ZWARN0_DELTACHI2_GT25_ZCAT_PRIMARY
DESI003310,125.004925770555,12.773186201635,QSO,HIZ,1.49687866,18.213859148366776,18-20,39628092599174236,dark,DESI_DR1_V161,ZWARN0_DELTACHI2_GT25_ZCAT_PRIMARY
DESI003311,125.131801637371,43.504867558895,QSO,LOZ,1.10861145,19.988809639413546,18-20,39633139487736824,dark,DESI_DR1_V161,ZWARN0_DELTACHI2_GT25_ZCAT_PRIMARY
DESI003312,125.071080212612,2.566909644146,QSO,HIZ,1.85972615,19.58017146919727,18-20,39627847224002270,dark,DESI_DR1_V161,ZWARN0_DELTACHI2_GT25_ZCAT_PRIMARY
DESI003313,125.075786672485,35.839836811328,QSO,LOZ,0.677304615,19.60071365092165,18-20,39632994905883499,dark,DESI_DR1_V161,ZWARN0_DELTACHI2_GT25_ZCAT_PRIMARY
DESI003314,125.055042824584,16.423749050951,QSO,LOZ,0.546652578,19.356307557360783,18-20,39628180369179074,bright,DESI_DR1_V161,ZWARN0_DELTACHI2_GT25_ZCAT_PRIMARY
DESI003315,125.014159850795,15.992457197891,QSO,HIZ,1.95945528,18.76793844810112,18-20,39628168755152467,bright,DESI_DR1_V161,ZWARN0_DELTACHI2_GT25_ZCAT_PRIMARY
DESI003316,125.027791533014,13.052894690396,QSO,HIZ,2.48617084,19.86774596238653,18-20,39628098492173016,dark,DESI_DR1_V161,ZWARN0_DELTACHI2_GT25_ZCAT_PRIMARY
DESI003317,125.091331980107,1.073591635645,QSO,HIZ,2.15412818,18.701197846735173,18-20,39627810985216117,dark,DESI_DR1_V161,ZWARN0_DELTACHI2_GT25_ZCAT_PRIMARY
DESI003318,125.119223581652,40.365631893603,QSO,LOZ,1.22396171,19.67428622282114,18-20,39633080822005819,dark,DESI_DR1_V161,ZWARN0_DELTACHI2_GT25_ZCAT_PRIMARY
DESI003319,125.071190368347,12.765830560308,QSO,HIZ,2.27529883,18.92470347030467,18-20,39628092599175619,dark,DESI_DR1_V161,ZWARN0_DELTACHI2_GT25_ZCAT_PRIMARY
DESI003320,125.112994181395,25.49978605208,QSO,LOZ,0.329077445,19.439638919571774,18-20,39628383532878583,bright,DESI_DR1_V161,ZWARN0_DELTACHI2_GT25_ZCAT_PRIMARY
DESI003321,125.017854743306,33.879041535065,QSO,LOZ,0.727835412,19.296206461683024,18-20,39632960118326891,dark,DESI_DR1_V161,ZWARN0_DELTACHI2_GT25_ZCAT_PRIMARY
DESI003322,125.010649402008,35.668876994145,QSO,LOZ,0.950894319,19.95806411057914,18-20,39632994901692591,dark,DESI_DR1_V161,ZWARN0_DELTACHI2_GT25_ZCAT_PRIMARY
DESI003323,125.159774309732,23.930272250855,QSO,LOZ,1.33285594,19.879624091669008,18-20,39628350557259311,dark,DESI_DR1_V161,ZWARN0_DELTACHI2_GT25_ZCAT_PRIMARY
DESI003324,125.076155597825,12.623151791177,QSO,LOZ,1.23498302,19.239280044674466,18-20,39628086697788420,dark,DESI_DR1_V161,ZWARN0_DELTACHI2_GT25_ZCAT_PRIMARY
DESI003325,125.12518086671,1.991347161161,QSO,LOZ,0.621315612,19.728004141009876,18-20,39627835144408262,dark,DESI_DR1_V161,ZWARN0_DELTACHI2_GT25_ZCAT_PRIMARY
DESI003326,125.102045751023,73.145187434301,QSO,HIZ,1.44994916,19.189443096418756,18-20,39633514362047739,dark,DESI_DR1_V161,ZWARN0_DELTACHI2_GT25_ZCAT_PRIMARY
DESI003327,125.071264827008,1.282514505323,QSO,HIZ,2.20832191,19.82586675106689,18-20,39627817025013719,dark,DESI_DR1_V161,ZWARN0_DELTACHI2_GT25_ZCAT_PRIMARY
DESI003328,125.117794859697,12.408350520355,QSO,LOZ,0.412424063,19.710133744236987,18-20,39628086697789247,dark,DESI_DR1_V161,ZWARN0_DELTACHI2_GT25_ZCAT_PRIMARY
DESI003329,125.122486571063,8.549993670984,QSO,LOZ,1.22724852,19.4091985899588,18-20,39627991587753636,dark,DESI_DR1_V161,ZWARN0_DELTACHI2_GT25_ZCAT_PRIMARY
DESI003330,125.021378150484,23.461876528729,QSO,LOZ,0.972107593,19.513214752131105,18-20,39628339480101760,dark,DESI_DR1_V161,ZWARN0_DELTACHI2_GT25_ZCAT_PRIMARY
DESI003331,125.146011761056,0.292335474462,QSO,LOZ,0.702578174,19.957322697877505,18-20,39627792865823924,dark,DESI_DR1_V161,ZWARN0_DELTACHI2_GT25_ZCAT_PRIMARY
DESI003332,125.065279069284,1.763817551048,QSO,HIZ,1.72210003,19.793880366495003,18-20,39627829104609067,dark,DESI_DR1_V161,ZWARN0_DELTACHI2_GT25_ZCAT_PRIMARY
DESI003333,125.152544974882,25.048201467617,QSO,LOZ,1.29847343,19.699947898167586,18-20,39628372585746137,dark,DESI_DR1_V161,ZWARN0_DELTACHI2_GT25_ZCAT_PRIMARY
DESI003334,125.095413053733,-1.519624343923,QSO,HIZ,1.51866146,19.93653050027398,18-20,39627750587238727,dark,DESI_DR1_V161,ZWARN0_DELTACHI2_GT25_ZCAT_PRIMARY
DESI003335,125.166218986333,7.612619036573,QSO,HIZ,1.77761914,18.978403871990736,18-20,39627967638275526,dark,DESI_DR1_V161,ZWARN0_DELTACHI2_GT25_ZCAT_PRIMARY
DESI003336,125.027643040794,10.07073792771,QSO,HIZ,1.86465306,19.84674585948489,18-20,39628027390329910,dark,DESI_DR1_V161,ZWARN0_DELTACHI2_GT25_ZCAT_PRIMARY
DESI003337,125.143306273113,57.585843633686,QSO,LOZ,0.885530781,19.94127211730258,18-20,39633355083352327,dark,DESI_DR1_V161,ZWARN0_DELTACHI2_GT25_ZCAT_PRIMARY
DESI003338,125.153437353643,73.413476938809,QSO,HIZ,1.46973176,18.86684561064528,18-20,39633516115264432,dark,DESI_DR1_V161,ZWARN0_DELTACHI2_GT25_ZCAT_PRIMARY
DESI003339,125.152985752097,35.970507847756,QSO,HIZ,2.21463529,19.528114578008925,18-20,39632999817412836,dark,DESI_DR1_V161,ZWARN0_DELTACHI2_GT25_ZCAT_PRIMARY
DESI003340,125.122165382239,22.808741616574,QSO,LOZ,1.09382978,19.69822798810293,18-20,39628322782577974,dark,DESI_DR1_V161,ZWARN0_DELTACHI2_GT25_ZCAT_PRIMARY
DESI003341,125.019044768592,4.080053451721,QSO,LOZ,1.2620643,19.03204172655926,18-20,39627883433429783,dark,DESI_DR1_V161,ZWARN0_DELTACHI2_GT25_ZCAT_PRIMARY
DESI003342,125.08083835525,6.900816942762,QSO,HIZ,2.39701498,19.617705198327887,18-20,39627955638375081,dark,DESI_DR1_V161,ZWARN0_DELTACHI2_GT25_ZCAT_PRIMARY
DESI003343,125.035935044706,16.659833457275,QSO,HIZ,2.02065046,19.37222516643319,18-20,39628186161513965,dark,DESI_DR1_V161,ZWARN0_DELTACHI2_GT25_ZCAT_PRIMARY
DESI003344,125.067430134779,12.338938331069,QSO,LOZ,0.893615467,19.47189820792714,18-20,39628080792208330,dark,DESI_DR1_V161,ZWARN0_DELTACHI2_GT25_ZCAT_PRIMARY
DESI003345,125.072177390517,2.203969329535,QSO,LOZ,0.775864167,19.16678998621569,18-20,39627841184204655,dark,DESI_DR1_V161,ZWARN0_DELTACHI2_GT25_ZCAT_PRIMARY
DESI003346,125.042548205051,3.126411086882,QSO,HIZ,2.86447437,19.60444065756926,18-20,39627865339202418,dark,DESI_DR1_V161,ZWARN0_DELTACHI2_GT25_ZCAT_PRIMARY
DESI003347,125.123954949074,17.547785078811,QSO,HIZ,1.87389838,19.8827675305097,18-20,39628203504960781,dark,DESI_DR1_V161,ZWARN0_DELTACHI2_GT25_ZCAT_PRIMARY
DESI003348,125.1516116729,1.65230972555,QSO,LOZ,0.835562142,19.716411838145092,18-20,39627829104611690,dark,DESI_DR1_V161,ZWARN0_DELTACHI2_GT25_ZCAT_PRIMARY
DESI003349,125.174464665154,15.231772993921,QSO,LOZ,1.10457649,19.21482082468744,18-20,39628151277486148,dark,DESI_DR1_V161,ZWARN0_DELTACHI2_GT25_ZCAT_PRIMARY
DESI003350,125.110336279652,39.348014945634,QSO,LOZ,0.349198116,19.735671166543597,18-20,39633062186715831,dark,DESI_DR1_V161,ZWARN0_DELTACHI2_GT25_ZCAT_PRIMARY
DESI003351,150.170259545095,15.811103127119,QSO,LOZ,1.35759283,18.4847885812813,18-20,39628163340308443,dark,DESI_DR1_V161,ZWARN0_DELTACHI2_GT25_ZCAT_PRIMARY
DESI003352,150.116816250444,4.590480475038,QSO,HIZ,1.73707673,18.824679693775792,18-20,39627895911484957,dark,DESI_DR1_V161,ZWARN0_DELTACHI2_GT25_ZCAT_PRIMARY
DESI003353,150.013342660025,69.755381243019,QSO,HIZ,2.37306966,19.58319965319702,18-20,39633487417836265,dark,DESI_DR1_V161,ZWARN0_DELTACHI2_GT25_ZCAT_PRIMARY
DESI003354,150.060667175716,37.95518504742,QSO,LOZ,0.699276977,19.021885723105868,18-20,39633038849606988,dark,DESI_DR1_V161,ZWARN0_DELTACHI2_GT25_ZCAT_PRIMARY
DESI003355,150.02061417672,8.945349274236,QSO,LOZ,0.512563857,18.886736922328105,18-20,39628003952560211,bright,DESI_DR1_V161,ZWARN0_DELTACHI2_GT25_ZCAT_PRIMARY
DESI003356,150.007949424873,5.202301113333,QSO,LOZ,1.24924129,19.757082401827315,18-20,39627913980548419,dark,DESI_DR1_V161,ZWARN0_DELTACHI2_GT25_ZCAT_PRIMARY
DESI003357,150.200916745188,43.18416875485,QSO,LOZ,0.247220411,18.659475357148427,18-20,39633135385709539,bright,DESI_DR1_V161,ZWARN0_DELTACHI2_GT25_ZCAT_PRIMARY
DESI003358,150.110698918974,-0.510798964729,QSO,HIZ,1.75383637,19.8635056618566,18-20,39627775165860151,dark,DESI_DR1_V161,ZWARN0_DELTACHI2_GT25_ZCAT_PRIMARY
DESI003359,150.202925078705,19.010242386179,QSO,LOZ,1.39144557,19.085452011750107,18-20,39628238388986403,dark,DESI_DR1_V161,ZWARN0_DELTACHI2_GT25_ZCAT_PRIMARY
DESI003360,150.022664100894,14.305011946803,QSO,HIZ,1.57825587,18.53066367313307,18-20,39628128284314034,dark,DESI_DR1_V161,ZWARN0_DELTACHI2_GT25_ZCAT_PRIMARY
DESI003361,150.03123736482,-1.23722074813,QSO,LOZ,0.34154245,19.27530886291566,18-20,39627757046465012,dark,DESI_DR1_V161,ZWARN0_DELTACHI2_GT25_ZCAT_PRIMARY
DESI003362,150.047350671305,15.901499758074,QSO,LOZ,0.756523664,19.530965565074737,18-20,39628169157807352,dark,DESI_DR1_V161,ZWARN0_DELTACHI2_GT25_ZCAT_PRIMARY
DESI003363,150.186880459907,-3.062360044837,QSO,LOZ,0.649960663,19.402371005713107,18-20,39627714767883976,dark,DESI_DR1_V161,ZWARN0_DELTACHI2_GT25_ZCAT_PRIMARY
DESI003364,150.175379322874,53.375523591359,QSO,LOZ,0.261839522,19.515491628030492,18-20,39633300314131051,bright,DESI_DR1_V161,ZWARN0_DELTACHI2_GT25_ZCAT_PRIMARY
DESI003365,150.022559039657,-5.033538325531,QSO,HIZ,1.89309578,19.800040128579898,18-20,39627666533386247,dark,DESI_DR1_V161,ZWARN0_DELTACHI2_GT25_ZCAT_PRIMARY
DESI003366,150.131197638755,-5.637249771563,QSO,LOZ,0.876369024,19.982541339340113,18-20,39627648481099898,dark,DESI_DR1_V161,ZWARN0_DELTACHI2_GT25_ZCAT_PRIMARY
DESI003367,150.136589173435,-2.695607800426,QSO,HIZ,3.37245249,19.998632833516126,18-20,39627720807681090,dark,DESI_DR1_V161,ZWARN0_DELTACHI2_GT25_ZCAT_PRIMARY
DESI003368,150.096713994147,36.282982889567,QSO,HIZ,2.67464831,19.234312812226634,18-20,39633005047710745,dark,DESI_DR1_V161,ZWARN0_DELTACHI2_GT25_ZCAT_PRIMARY
DESI003369,150.083550472363,3.259151808751,QSO,HIZ,1.9640077,19.75347720174927,18-20,39627865758632779,dark,DESI_DR1_V161,ZWARN0_DELTACHI2_GT25_ZCAT_PRIMARY
DESI003370,150.205435365002,0.313167883503,QSO,LOZ,0.305509733,19.57518234409047,18-20,39627793285256020,dark,DESI_DR1_V161,ZWARN0_DELTACHI2_GT25_ZCAT_PRIMARY
DESI003371,150.013329434973,64.823083835002,QSO,LOZ,0.240867131,19.759846395739793,18-20,39633440349357845,bright,DESI_DR1_V161,ZWARN0_DELTACHI2_GT25_ZCAT_PRIMARY
DESI003372,150.17447597618,31.474829869816,QSO,LOZ,1.31176041,19.657184645230522,18-20,39628511505285679,dark,DESI_DR1_V161,ZWARN0_DELTACHI2_GT25_ZCAT_PRIMARY
DESI003373,150.194725888029,2.067906375456,QSO,LOZ,0.553694738,19.98024666900767,18-20,39627835563839597,dark,DESI_DR1_V161,ZWARN0_DELTACHI2_GT25_ZCAT_PRIMARY
DESI003374,150.117087289303,10.506726866363,QSO,LOZ,0.475413293,19.855464017954738,18-20,39628039704806996,dark,DESI_DR1_V161,ZWARN0_DELTACHI2_GT25_ZCAT_PRIMARY
DESI003375,150.20767105187,-1.534556412862,QSO,LOZ,0.714615227,19.768812467685052,18-20,39627751006670530,dark,DESI_DR1_V161,ZWARN0_DELTACHI2_GT25_ZCAT_PRIMARY
DESI003376,150.065437099748,63.836423933741,QSO,LOZ,0.539098795,19.567078050770622,18-20,39633429775518307,bright,DESI_DR1_V161,ZWARN0_DELTACHI2_GT25_ZCAT_PRIMARY
DESI003377,150.086800344413,3.818419135897,QSO,LOZ,0.297542384,19.766323210894015,18-20,39627877821450937,bright,DESI_DR1_V161,ZWARN0_DELTACHI2_GT25_ZCAT_PRIMARY
DESI003378,150.008155906995,-7.176091981415,QSO,LOZ,1.40312084,19.83610672852949,18-20,39627612439450018,dark,DESI_DR1_V161,ZWARN0_DELTACHI2_GT25_ZCAT_PRIMARY
DESI003379,150.009551251764,-2.685042239132,QSO,LOZ,1.35455926,19.810840673090212,18-20,39627720807678192,dark,DESI_DR1_V161,ZWARN0_DELTACHI2_GT25_ZCAT_PRIMARY
DESI003380,150.202157195858,9.318280878214,QSO,LOZ,1.22869163,19.223930574989097,18-20,39628009925248496,dark,DESI_DR1_V161,ZWARN0_DELTACHI2_GT25_ZCAT_PRIMARY
DESI003381,150.145462768738,-1.754774189487,QSO,HIZ,1.4054507,19.831476557462622,18-20,39627744966871462,dark,DESI_DR1_V161,ZWARN0_DELTACHI2_GT25_ZCAT_PRIMARY
DESI003382,150.097455885181,52.782195715085,QSO,LOZ,0.420600076,19.271550120232803,18-20,39633289387967368,bright,DESI_DR1_V161,ZWARN0_DELTACHI2_GT25_ZCAT_PRIMARY
DESI003383,150.063567351039,16.306612769421,QSO,HIZ,1.90114179,19.923753691988225,18-20,39628174966919838,dark,DESI_DR1_V161,ZWARN0_DELTACHI2_GT25_ZCAT_PRIMARY
DESI003384,150.084540560385,11.951000392963,QSO,LOZ,0.475686889,19.27800246602768,18-20,39628075289284114,dark,DESI_DR1_V161,ZWARN0_DELTACHI2_GT25_ZCAT_PRIMARY
DESI003385,150.122139720936,-5.101509787778,QSO,LOZ,0.404776023,18.993564235713702,18-20,39627666533388225,dark,DESI_DR1_V161,ZWARN0_DELTACHI2_GT25_ZCAT_PRIMARY
DESI003386,150.058908879117,2.015136243671,QSO,HIZ,2.49653701,19.68369743614147,18-20,39627835563836564,other,DESI_DR1_V161,ZWARN0_DELTACHI2_GT25_ZCAT_PRIMARY
DESI003387,150.01370991869,-5.84250468709,QSO,LOZ,1.20079046,19.590233916355622,18-20,39627648476908239,dark,DESI_DR1_V161,ZWARN0_DELTACHI2_GT25_ZCAT_PRIMARY
DESI003388,150.064457716196,16.209312514216,QSO,HIZ,2.29060591,19.41806225669227,18-20,39628174966919851,dark,DESI_DR1_V161,ZWARN0_DELTACHI2_GT25_ZCAT_PRIMARY
DESI003389,150.021575369979,12.25300383868,QSO,LOZ,0.760226922,19.78002322833464,18-20,39628081199058422,dark,DESI_DR1_V161,ZWARN0_DELTACHI2_GT25_ZCAT_PRIMARY
DESI003390,150.187958679298,4.863260325792,QSO,LOZ,1.3443596,18.689772737120364,18-20,39627901938696701,dark,DESI_DR1_V161,ZWARN0_DELTACHI2_GT25_ZCAT_PRIMARY
DESI003391,150.12793614705,-4.036826318282,QSO,HIZ,1.61025221,18.97393007297712,18-20,39627690638053510,dark,DESI_DR1_V161,ZWARN0_DELTACHI2_GT25_ZCAT_PRIMARY
DESI003392,150.160600519006,9.023731085396,QSO,HIZ,2.38197761,19.812958898387063,18-20,39628003952563354,dark,DESI_DR1_V161,ZWARN0_DELTACHI2_GT25_ZCAT_PRIMARY
DESI003393,150.197880459543,-3.4998811226,QSO,LOZ,1.08546438,18.98303234496749,18-20,39627702700872777,dark,DESI_DR1_V161,ZWARN0_DELTACHI2_GT25_ZCAT_PRIMARY
DESI003394,150.119939760132,11.901434634905,QSO,HIZ,2.14546621,19.902119315702897,18-20,39628075289284669,dark,DESI_DR1_V161,ZWARN0_DELTACHI2_GT25_ZCAT_PRIMARY
DESI003395,150.055701962937,1.200889004967,QSO,HIZ,1.80449363,18.669933627318237,18-20,39627817444443461,dark,DESI_DR1_V161,ZWARN0_DELTACHI2_GT25_ZCAT_PRIMARY
DESI003396,150.112861914509,3.511397251484,QSO,LOZ,0.351151855,19.576181276116767,18-20,39627871790042054,bright,DESI_DR1_V161,ZWARN0_DELTACHI2_GT25_ZCAT_PRIMARY
DESI003397,150.053789349115,2.589674879536,QSO,LOZ,0.699585843,18.70598770268517,18-20,39627847643432226,dark,DESI_DR1_V161,ZWARN0_DELTACHI2_GT25_ZCAT_PRIMARY
DESI003398,150.11655265897,32.976466938592,QSO,LOZ,0.713552501,19.803413963239226,18-20,39632940275074873,dark,DESI_DR1_V161,ZWARN0_DELTACHI2_GT25_ZCAT_PRIMARY
DESI003399,150.162259181586,8.880564079146,QSO,LOZ,0.501380929,19.74237313141011,18-20,39628003952563389,bright,DESI_DR1_V161,ZWARN0_DELTACHI2_GT25_ZCAT_PRIMARY
DESI003400,175.105794033583,1.75737288709,QSO,HIZ,3.12057027,19.537023189305522,18-20,39627829943470067,dark,DESI_DR1_V161,ZWARN0_DELTACHI2_GT25_ZCAT_PRIMARY
DESI003401,175.162707411804,-0.30772030416,QSO,HIZ,2.02347486,19.987585282232942,18-20,39627781625089152,dark,DESI_DR1_V161,ZWARN0_DELTACHI2_GT25_ZCAT_PRIMARY
DESI003402,175.072601953607,-3.188781778217,QSO,LOZ,0.501550251,19.909516038867928,18-20,39627709151708706,bright,DESI_DR1_V161,ZWARN0_DELTACHI2_GT25_ZCAT_PRIMARY
DESI003403,175.010054065277,40.320643296447,QSO,HIZ,2.37893756,18.5400176723592,18-20,39633081459543081,dark,DESI_DR1_V161,ZWARN0_DELTACHI2_GT25_ZCAT_PRIMARY
DESI003404,175.054485274547,51.995817847903,QSO,HIZ,2.89887129,19.88517749247613,18-20,39633278528916331,dark,DESI_DR1_V161,ZWARN0_DELTACHI2_GT25_ZCAT_PRIMARY
DESI003405,175.132842684295,4.517474312542,QSO,LOZ,0.940120595,19.34633131393531,18-20,39627896330914483,dark,DESI_DR1_V161,ZWARN0_DELTACHI2_GT25_ZCAT_PRIMARY
DESI003406,175.049887878479,28.660518314234,QSO,LOZ,1.39426076,19.996076731777656,18-20,39628454290787549,dark,DESI_DR1_V161,ZWARN0_DELTACHI2_GT25_ZCAT_PRIMARY
DESI003407,175.148996623995,-1.878297441297,QSO,LOZ,0.144292687,18.192724490372008,18-20,39627739346505504,bright,DESI_DR1_V161,ZWARN0_DELTACHI2_GT25_ZCAT_PRIMARY
DESI003408,175.051608581203,37.020903099003,QSO,LOZ,0.845447153,19.616850420093265,18-20,39633019958461163,dark,DESI_DR1_V161,ZWARN0_DELTACHI2_GT25_ZCAT_PRIMARY
DESI003409,175.178388360173,-7.73071934997,QSO,LOZ,1.30223673,19.875395318242358,18-20,39627600867365853,dark,DESI_DR1_V161,ZWARN0_DELTACHI2_GT25_ZCAT_PRIMARY
DESI003410,175.16930301405,32.995684444285,QSO,LOZ,0.883750789,18.154119017310443,18-20,39632940627397321,bright,DESI_DR1_V161,ZWARN0_DELTACHI2_GT25_ZCAT_PRIMARY
DESI003411,175.176641746199,25.597716176906,QSO,LOZ,0.482198891,18.7143148144893,18-20,39628384292047406,dark,DESI_DR1_V161,ZWARN0_DELTACHI2_GT25_ZCAT_PRIMARY
DESI003412,175.185037470547,5.768979504786,QSO,HIZ,3.03929493,18.943316151653335,18-20,39627926433435382,dark,DESI_DR1_V161,ZWARN0_DELTACHI2_GT25_ZCAT_PRIMARY
DESI003413,175.162431289797,19.79203073156,QSO,LOZ,1.23424951,19.775811136094028,18-20,39628255908596937,dark,DESI_DR1_V161,ZWARN0_DELTACHI2_GT25_ZCAT_PRIMARY
DESI003414,175.193613866128,33.378826816841,QSO,LOZ,0.251457147,18.70926326617102,18-20,39632950748254448,bright,DESI_DR1_V161,ZWARN0_DELTACHI2_GT25_ZCAT_PRIMARY
DESI003415,175.16175379125,2.071457298221,QSO,HIZ,2.75796722,19.578859418931714,18-20,39627835983269709,dark,DESI_DR1_V161,ZWARN0_DELTACHI2_GT25_ZCAT_PRIMARY
DESI003416,175.166261213212,35.168071169424,QSO,LOZ,0.314422232,19.095444405997963,18-20,39632985728746076,bright,DESI_DR1_V161,ZWARN0_DELTACHI2_GT25_ZCAT_PRIMARY
DESI003417,175.111900760169,5.188447881667,QSO,HIZ,2.2871099,19.200315031307934,18-20,39627914399975871,dark,DESI_DR1_V161,ZWARN0_DELTACHI2_GT25_ZCAT_PRIMARY
DESI003418,175.059599194251,11.514428615202,QSO,HIZ,2.17168749,19.447005778209974,18-20,39628063859805254,dark,DESI_DR1_V161,ZWARN0_DELTACHI2_GT25_ZCAT_PRIMARY
DESI003419,175.016758434084,35.590083025126,QSO,LOZ,1.23094948,19.16853526746476,18-20,39632990661249439,dark,DESI_DR1_V161,ZWARN0_DELTACHI2_GT25_ZCAT_PRIMARY
DESI003420,175.097909505508,37.128475527506,QSO,HIZ,3.44881857,18.453036879681356,18-20,39633024786105723,dark,DESI_DR1_V161,ZWARN0_DELTACHI2_GT25_ZCAT_PRIMARY
DESI003421,175.09950100091,11.058026745488,QSO,HIZ,1.40426606,19.243631568781286,18-20,39628051998313934,dark,DESI_DR1_V161,ZWARN0_DELTACHI2_GT25_ZCAT_PRIMARY
DESI003422,175.152235301804,15.939535408202,QSO,LOZ,0.727612986,19.688926931074526,18-20,39628169564653722,dark,DESI_DR1_V161,ZWARN0_DELTACHI2_GT25_ZCAT_PRIMARY
DESI003423,175.005569113191,2.383279658711,QSO,LOZ,1.07315384,19.86452105800892,18-20,39627848062861447,dark,DESI_DR1_V161,ZWARN0_DELTACHI2_GT25_ZCAT_PRIMARY
DESI003424,175.03224053703,-1.592156300471,QSO,HIZ,1.83934954,19.580046092520735,18-20,39627751426097818,dark,DESI_DR1_V161,ZWARN0_DELTACHI2_GT25_ZCAT_PRIMARY
DESI003425,175.191495910757,32.440555085688,QSO,HIZ,2.09424906,18.754144342443205,18-20,39632930443627280,dark,DESI_DR1_V161,ZWARN0_DELTACHI2_GT25_ZCAT_PRIMARY
DESI003426,175.085689178518,54.785641230222,QSO,LOZ,0.639515893,19.987392088827143,18-20,39633318337055060,bright,DESI_DR1_V161,ZWARN0_DELTACHI2_GT25_ZCAT_PRIMARY
DESI003427,175.190174701432,25.640450833851,QSO,HIZ,3.52925352,19.866247494033964,18-20,39628389748837029,dark,DESI_DR1_V161,ZWARN0_DELTACHI2_GT25_ZCAT_PRIMARY
DESI003428,175.015988852446,31.917677935867,QSO,LOZ,1.29735635,19.011592268847934,18-20,39628522158817597,dark,DESI_DR1_V161,ZWARN0_DELTACHI2_GT25_ZCAT_PRIMARY
DESI003429,175.0048110448,2.472001802629,QSO,HIZ,1.56888516,19.765456816749282,18-20,39627848062861432,dark,DESI_DR1_V161,ZWARN0_DELTACHI2_GT25_ZCAT_PRIMARY
DESI003430,175.16513527706,-8.706575377312,QSO,LOZ,0.4008012,19.96355165815427,18-20,39627576934666352,bright,DESI_DR1_V161,ZWARN0_DELTACHI2_GT25_ZCAT_PRIMARY
DESI003431,175.063921870579,53.142330554064,QSO,LOZ,0.890491419,19.126830471002364,18-20,39633296946102829,dark,DESI_DR1_V161,ZWARN0_DELTACHI2_GT25_ZCAT_PRIMARY
DESI003432,175.100247320611,25.202885715325,QSO,LOZ,1.11138265,19.33560359616231,18-20,39628378826867851,dark,DESI_DR1_V161,ZWARN0_DELTACHI2_GT25_ZCAT_PRIMARY
DESI003433,175.033360156298,3.228951136895,QSO,HIZ,2.15093575,19.64996402758626,18-20,39627866178061012,dark,DESI_DR1_V161,ZWARN0_DELTACHI2_GT25_ZCAT_PRIMARY
DESI003434,175.139080797483,9.107790877489,QSO,LOZ,0.649587895,19.254396053758786,18-20,39628004367798488,dark,DESI_DR1_V161,ZWARN0_DELTACHI2_GT25_ZCAT_PRIMARY
DESI003435,175.166026929246,-1.495481308857,QSO,LOZ,0.922565265,19.571561583137647,18-20,39627751426100464,dark,DESI_DR1_V161,ZWARN0_DELTACHI2_GT25_ZCAT_PRIMARY
DESI003436,175.162331286552,3.241524819958,QSO,HIZ,1.60775698,19.38656384695577,18-20,39627866178063610,dark,DESI_DR1_V161,ZWARN0_DELTACHI2_GT25_ZCAT_PRIMARY
DESI003437,175.132037997244,53.48702584931,QSO,LOZ,0.247998087,19.418710411906268,18-20,39633300565787821,bright,DESI_DR1_V161,ZWARN0_DELTACHI2_GT25_ZCAT_PRIMARY
DESI003438,175.122026816018,24.223094720906,QSO,HIZ,1.44386394,19.380889115175847,18-20,39628356848714537,dark,DESI_DR1_V161,ZWARN0_DELTACHI2_GT25_ZCAT_PRIMARY
DESI003439,175.13452130623,24.021646561237,QSO,LOZ,0.628762642,19.599917204901075,18-20,39628351324816142,dark,DESI_DR1_V161,ZWARN0_DELTACHI2_GT25_ZCAT_PRIMARY
DESI003440,175.001685836092,36.646640340782,QSO,LOZ,0.316615809,19.25147692959544,18-20,39633015114043011,bright,DESI_DR1_V161,ZWARN0_DELTACHI2_GT25_ZCAT_PRIMARY
DESI003441,175.104038565487,1.838953276541,QSO,LOZ,0.889182074,18.367432061863248,18-20,39627829943470038,dark,DESI_DR1_V161,ZWARN0_DELTACHI2_GT25_ZCAT_PRIMARY
DESI003442,175.098431022947,-4.597363743276,QSO,LOZ,0.380899014,19.0430039257725,18-20,39627678998857995,bright,DESI_DR1_V161,ZWARN0_DELTACHI2_GT25_ZCAT_PRIMARY
DESI003443,175.072249645641,-3.347134911494,QSO,LOZ,0.80500831,19.558592659597053,18-20,39627709151708694,dark,DESI_DR1_V161,ZWARN0_DELTACHI2_GT25_ZCAT_PRIMARY
DESI003444,175.101711041064,7.217402266431,QSO,HIZ,1.99251267,19.230335016685324,18-20,39627962470893880,dark,DESI_DR1_V161,ZWARN0_DELTACHI2_GT25_ZCAT_PRIMARY
DESI003445,175.078131972549,-1.811655445508,QSO,HIZ,2.02716008,19.54501965758865,18-20,39627745386301174,bright,DESI_DR1_V161,ZWARN0_DELTACHI2_GT25_ZCAT_PRIMARY
DESI003446,175.177718745719,5.321012601434,QSO,LOZ,1.08044234,19.4820522440207,18-20,39627914399977153,dark,DESI_DR1_V161,ZWARN0_DELTACHI2_GT25_ZCAT_PRIMARY
DESI003447,175.11991195509,-4.500644204416,QSO,LOZ,1.25077528,19.121915611351064,18-20,39627678998858467,dark,DESI_DR1_V161,ZWARN0_DELTACHI2_GT25_ZCAT_PRIMARY
DESI003448,175.008973858396,-5.442980619083,QSO,LOZ,1.0340649,19.49405169730094,18-20,39627654910968366,dark,DESI_DR1_V161,ZWARN0_DELTACHI2_GT25_ZCAT_PRIMARY
DESI003449,200.006142584092,-0.883955680341,QSO,HIZ,1.9436766,19.170020460014634,18-20,39627763925123216,dark,DESI_DR1_V161,ZWARN0_DELTACHI2_GT25_ZCAT_PRIMARY
DESI003450,200.123197443824,34.515466102447,QSO,HIZ,3.08623093,19.513006739420966,18-20,39632971174512860,dark,DESI_DR1_V161,ZWARN0_DELTACHI2_GT25_ZCAT_PRIMARY
DESI003451,200.06476381715,-5.384071287551,QSO,HIZ,2.31650976,19.772363385838865,18-20,39627655326209265,dark,DESI_DR1_V161,ZWARN0_DELTACHI2_GT25_ZCAT_PRIMARY
DESI003452,200.151887027672,-0.534822898602,QSO,LOZ,0.47280871,19.87275584603792,18-20,39627776004721661,dark,DESI_DR1_V161,ZWARN0_DELTACHI2_GT25_ZCAT_PRIMARY
DESI003453,200.091775921161,-1.404625983207,QSO,HIZ,3.1735681,19.24909289634422,18-20,39627751845529184,dark,DESI_DR1_V161,ZWARN0_DELTACHI2_GT25_ZCAT_PRIMARY
DESI003454,200.151724466448,45.961068712039,QSO,LOZ,1.18474796,18.298087344865593,18-20,39633183427265356,dark,DESI_DR1_V161,ZWARN0_DELTACHI2_GT25_ZCAT_PRIMARY
DESI003455,200.077820568086,19.243699921329,QSO,LOZ,0.388780604,19.963898178090062,18-20,39628244894356012,bright,DESI_DR1_V161,ZWARN0_DELTACHI2_GT25_ZCAT_PRIMARY
DESI003456,200.022744739389,2.010045365846,QSO,LOZ,0.705539038,19.541853869493163,18-20,39627836402696798,dark,DESI_DR1_V161,ZWARN0_DELTACHI2_GT25_ZCAT_PRIMARY
DESI003457,200.025895063057,18.654291752453,QSO,LOZ,0.802497164,19.912476875732345,18-20,39628233452296144,dark,DESI_DR1_V161,ZWARN0_DELTACHI2_GT25_ZCAT_PRIMARY
DESI003458,200.108143436949,46.698800697892,QSO,LOZ,1.36825273,19.482240930588908,18-20,39633195968234557,dark,DESI_DR1_V161,ZWARN0_DELTACHI2_GT25_ZCAT_PRIMARY
DESI003459,200.140597422811,36.267802832294,QSO,HIZ,1.96837933,18.934063480261095,18-20,39633005727187417,dark,DESI_DR1_V161,ZWARN0_DELTACHI2_GT25_ZCAT_PRIMARY
DESI003460,200.124762470512,45.680180772599,QSO,HIZ,2.72262703,18.46016167609993,18-20,39633179207795991,dark,DESI_DR1_V161,ZWARN0_DELTACHI2_GT25_ZCAT_PRIMARY
DESI003461,200.051501774438,35.548994002368,QSO,HIZ,2.6873054,19.94689233616349,18-20,39632991005181253,dark,DESI_DR1_V161,ZWARN0_DELTACHI2_GT25_ZCAT_PRIMARY
DESI003462,200.061278437441,51.633833155154,QSO,LOZ,0.392359387,19.397142806579062,18-20,39633275047644729,bright,DESI_DR1_V161,ZWARN0_DELTACHI2_GT25_ZCAT_PRIMARY
DESI003463,200.003143408701,31.991326959958,QSO,HIZ,1.62151194,18.95306636467455,18-20,39628522515333214,dark,DESI_DR1_V161,ZWARN0_DELTACHI2_GT25_ZCAT_PRIMARY
DESI003464,200.110750051094,79.646491652705,QSO,HIZ,3.00554041,18.661505167157294,18-20,39633551745877812,backup,DESI_DR1_V161,ZWARN0_DELTACHI2_GT25_ZCAT_PRIMARY
DESI003465,200.151491455802,14.345403572962,QSO,LOZ,0.61410752,19.509269309353712,18-20,39628129102202616,bright,DESI_DR1_V161,ZWARN0_DELTACHI2_GT25_ZCAT_PRIMARY
DESI003466,200.164918922492,54.713291900117,QSO,HIZ,2.69501921,18.402786419219936,18-20,39633318580325479,bright,DESI_DR1_V161,ZWARN0_DELTACHI2_GT25_ZCAT_PRIMARY
DESI003467,200.012290490163,-5.199195125967,QSO,HIZ,2.42366065,19.571181151866504,18-20,39627661345035265,dark,DESI_DR1_V161,ZWARN0_DELTACHI2_GT25_ZCAT_PRIMARY
DESI003468,200.139430113139,46.212254392306,QSO,HIZ,2.52932469,18.85983304211133,18-20,39633187625766548,dark,DESI_DR1_V161,ZWARN0_DELTACHI2_GT25_ZCAT_PRIMARY
DESI003469,200.035801181928,-0.73469859402,QSO,HIZ,1.7342975,19.957677677407574,18-20,39627769964921691,dark,DESI_DR1_V161,ZWARN0_DELTACHI2_GT25_ZCAT_PRIMARY
DESI003470,200.13905303857,6.631369969203,QSO,LOZ,0.282484677,19.02588449561238,18-20,39627950890418727,bright,DESI_DR1_V161,ZWARN0_DELTACHI2_GT25_ZCAT_PRIMARY
DESI003471,200.033378170988,6.941494777482,QSO,HIZ,2.12472056,19.08933562654289,18-20,39627956888275720,dark,DESI_DR1_V161,ZWARN0_DELTACHI2_GT25_ZCAT_PRIMARY
DESI003472,200.056784675468,6.344769347001,QSO,HIZ,2.73598863,19.987810717996236,18-20,39627938873741473,dark,DESI_DR1_V161,ZWARN0_DELTACHI2_GT25_ZCAT_PRIMARY
DESI003473,200.131952219204,47.377786086282,QSO,LOZ,0.339197493,19.28251231507787,18-20,39633208333043722,bright,DESI_DR1_V161,ZWARN0_DELTACHI2_GT25_ZCAT_PRIMARY
DESI003474,200.098183520126,45.954660268574,QSO,HIZ,1.81436601,19.731076322674422,18-20,39633183427264739,dark,DESI_DR1_V161,ZWARN0_DELTACHI2_GT25_ZCAT_PRIMARY
DESI003475,200.166619891212,3.738825741463,QSO,HIZ,2.17880251,19.512140448507616,18-20,39627878660312248,dark,DESI_DR1_V161,ZWARN0_DELTACHI2_GT25_ZCAT_PRIMARY
DESI003476,200.038111915736,46.503144662814,QSO,LOZ,0.936436201,19.928175463937464,18-20,39633191807485042,dark,DESI_DR1_V161,ZWARN0_DELTACHI2_GT25_ZCAT_PRIMARY
DESI003477,200.102434074854,5.633968703957,QSO,LOZ,0.353348347,19.29885570936575,18-20,39627926852862373,bright,DESI_DR1_V161,ZWARN0_DELTACHI2_GT25_ZCAT_PRIMARY
DESI003478,200.112642804872,0.343165089476,QSO,HIZ,2.23874317,19.93055606375473,18-20,39627794124114337,dark,DESI_DR1_V161,ZWARN0_DELTACHI2_GT25_ZCAT_PRIMARY
DESI003479,200.115190266446,4.639117665636,QSO,LOZ,1.22047163,18.13450467752112,18-20,39627902773363905,dark,DESI_DR1_V161,ZWARN0_DELTACHI2_GT25_ZCAT_PRIMARY
DESI003480,200.135243339079,1.799070499439,QSO,LOZ,0.708190016,19.747024736616826,18-20,39627830362901540,dark,DESI_DR1_V161,ZWARN0_DELTACHI2_GT25_ZCAT_PRIMARY
DESI003481,200.067798587457,-0.16912396328,QSO,LOZ,0.800775732,19.026105852170392,18-20,39627782044518101,dark,DESI_DR1_V161,ZWARN0_DELTACHI2_GT25_ZCAT_PRIMARY
DESI003482,200.169657627618,36.601206054818,QSO,HIZ,2.34636295,19.545605341328308,18-20,39633010596777494,dark,DESI_DR1_V161,ZWARN0_DELTACHI2_GT25_ZCAT_PRIMARY
DESI003483,200.138661851516,36.137535441923,QSO,HIZ,2.71300359,18.646201657180445,18-20,39633005727187394,dark,DESI_DR1_V161,ZWARN0_DELTACHI2_GT25_ZCAT_PRIMARY
DESI003484,200.10151912759,47.079089072783,QSO,LOZ,1.0827737,18.47159733015797,18-20,39633200112206049,dark,DESI_DR1_V161,ZWARN0_DELTACHI2_GT25_ZCAT_PRIMARY
DESI003485,200.115445750444,-2.336839544677,QSO,HIZ,2.43038027,19.023739675752974,18-20,39627733726137064,dark,DESI_DR1_V161,ZWARN0_DELTACHI2_GT25_ZCAT_PRIMARY
DESI003486,200.158428830435,38.9578608184,QSO,LOZ,0.914041965,19.812858371910924,18-20,39633058466368202,dark,DESI_DR1_V161,ZWARN0_DELTACHI2_GT25_ZCAT_PRIMARY
DESI003487,200.053461230904,-0.549776502771,QSO,LOZ,0.492959326,19.339928080643105,18-20,39627776004719695,dark,DESI_DR1_V161,ZWARN0_DELTACHI2_GT25_ZCAT_PRIMARY
DESI003488,200.143649068539,-7.875361830681,QSO,LOZ,1.02848333,19.86925612722858,18-20,39627595293135543,dark,DESI_DR1_V161,ZWARN0_DELTACHI2_GT25_ZCAT_PRIMARY
DESI003489,200.072815420817,0.093231627999,QSO,LOZ,1.30045933,19.622556581445004,18-20,39627788084315760,dark,DESI_DR1_V161,ZWARN0_DELTACHI2_GT25_ZCAT_PRIMARY
DESI003490,200.146741259008,-5.378850875755,QSO,LOZ,0.839417441,19.703866946890827,18-20,39627655330399817,bright,DESI_DR1_V161,ZWARN0_DELTACHI2_GT25_ZCAT_PRIMARY
DESI003491,200.133019447471,-5.305648605341,QSO,HIZ,1.7992301,19.24327999216103,18-20,39627661349226281,dark,DESI_DR1_V161,ZWARN0_DELTACHI2_GT25_ZCAT_PRIMARY
DESI003492,200.138400057684,33.195071496084,QSO,LOZ,0.925798526,18.45741522880192,18-20,39632946046437464,dark,DESI_DR1_V161,ZWARN0_DELTACHI2_GT25_ZCAT_PRIMARY
DESI003493,200.061802459794,-9.499595087351,QSO,HIZ,3.30296078,19.870758756554398,18-20,39627559444415931,dark,DESI_DR1_V161,ZWARN0_DELTACHI2_GT25_ZCAT_PRIMARY
DESI003494,200.158840383996,47.262004100894,QSO,LOZ,1.02908624,19.92582035292564,18-20,39633204231015809,dark,DESI_DR1_V161,ZWARN0_DELTACHI2_GT25_ZCAT_PRIMARY
DESI003495,200.098539209409,54.588598111849,QSO,LOZ,0.275996271,19.67732282107116,18-20,39633315069693502,bright,DESI_DR1_V161,ZWARN0_DELTACHI2_GT25_ZCAT_PRIMARY
DESI003496,200.091687643706,9.341262223227,QSO,LOZ,1.10307748,18.49711886493744,18-20,39628010751526804,dark,DESI_DR1_V161,ZWARN0_DELTACHI2_GT25_ZCAT_PRIMARY
DESI003497,200.124188824571,32.904369301326,QSO,LOZ,0.787193437,19.42408847757053,18-20,39632940979718498,dark,DESI_DR1_V161,ZWARN0_DELTACHI2_GT25_ZCAT_PRIMARY
DESI003498,200.128230204381,34.656202515385,QSO,LOZ,1.18421167,19.706954377961615,18-20,39632976157344825,dark,DESI_DR1_V161,ZWARN0_DELTACHI2_GT25_ZCAT_PRIMARY
DESI003499,225.110806797548,30.876883994361,QSO,HIZ,1.52115412,19.44523264705454,18-20,39628502231683067,dark,DESI_DR1_V161,ZWARN0_DELTACHI2_GT25_ZCAT_PRIMARY
DESI003500,225.129379107348,30.500767677745,QSO,HIZ,2.32795234,19.86698686417584,18-20,39628491834004020,dark,DESI_DR1_V161,ZWARN0_DELTACHI2_GT25_ZCAT_PRIMARY
DESI003501,225.015076666421,-0.221267751408,QSO,HIZ,2.51063099,19.182691500702884,18-20,39627782463947226,dark,DESI_DR1_V161,ZWARN0_DELTACHI2_GT25_ZCAT_PRIMARY
DESI003502,225.17606681957,-7.291680142386,QSO,HIZ,2.08062961,18.398893308264054,18-20,39627613693545666,dark,DESI_DR1_V161,ZWARN0_DELTACHI2_GT25_ZCAT_PRIMARY
DESI003503,225.098038616453,10.435499282567,QSO,LOZ,1.37243293,19.436255119923267,18-20,39628040942128660,dark,DESI_DR1_V161,ZWARN0_DELTACHI2_GT25_ZCAT_PRIMARY
DESI003504,225.104974043164,-7.953279333221,QSO,LOZ,1.04608945,19.260153587016532,18-20,39627595708373953,dark,DESI_DR1_V161,ZWARN0_DELTACHI2_GT25_ZCAT_PRIMARY
DESI003505,225.008348340313,27.041595876963,QSO,HIZ,2.86960847,19.445955891319258,18-20,39628417603211572,dark,DESI_DR1_V161,ZWARN0_DELTACHI2_GT25_ZCAT_PRIMARY
DESI003506,225.166846974178,19.657521967634,QSO,LOZ,1.45620011,19.59476944857537,18-20,39628256701319500,dark,DESI_DR1_V161,ZWARN0_DELTACHI2_GT25_ZCAT_PRIMARY
DESI003507,225.022090676791,-0.937958115859,QSO,LOZ,0.46358602,19.05319692498255,18-20,39627764344554160,bright,DESI_DR1_V161,ZWARN0_DELTACHI2_GT25_ZCAT_PRIMARY
DESI003508,225.040571158276,6.443573452408,QSO,LOZ,0.967706481,19.409532589925753,18-20,39627945299411787,dark,DESI_DR1_V161,ZWARN0_DELTACHI2_GT25_ZCAT_PRIMARY
DESI003509,225.068324066612,7.102519022481,QSO,HIZ,2.36180428,19.97565059307711,18-20,39627957307703432,dark,DESI_DR1_V161,ZWARN0_DELTACHI2_GT25_ZCAT_PRIMARY
DESI003510,225.180811051505,19.096447459993,QSO,HIZ,1.91111825,18.48101666994036,18-20,39628239580169086,dark,DESI_DR1_V161,ZWARN0_DELTACHI2_GT25_ZCAT_PRIMARY
DESI003511,225.068647299018,-3.218889186293,QSO,HIZ,2.01811712,18.75583100500402,18-20,39627709990568240,dark,DESI_DR1_V161,ZWARN0_DELTACHI2_GT25_ZCAT_PRIMARY
DESI003512,225.177219891917,3.352822953001,QSO,LOZ,1.05007532,19.26251251535225,18-20,39627867016923599,dark,DESI_DR1_V161,ZWARN0_DELTACHI2_GT25_ZCAT_PRIMARY
DESI003513,225.174281622851,36.445670155936,QSO,LOZ,0.960480559,19.333621160453657,18-20,39633010936514807,dark,DESI_DR1_V161,ZWARN0_DELTACHI2_GT25_ZCAT_PRIMARY
DESI003514,225.000826901581,33.510593602517,QSO,HIZ,2.40548897,18.505419369504107,18-20,39632951448700915,dark,DESI_DR1_V161,ZWARN0_DELTACHI2_GT25_ZCAT_PRIMARY
DESI003515,225.037760146811,9.817926643087,QSO,HIZ,2.13965317,19.323448460440083,18-20,39628023086976153,dark,DESI_DR1_V161,ZWARN0_DELTACHI2_GT25_ZCAT_PRIMARY
DESI003516,225.142121672946,4.911652704154,QSO,LOZ,1.01388918,19.860236031923197,18-20,39627909215814040,dark,DESI_DR1_V161,ZWARN0_DELTACHI2_GT25_ZCAT_PRIMARY
DESI003517,225.149405982892,-3.951153562824,QSO,LOZ,0.24160871,18.68519280261195,18-20,39627691896342823,bright,DESI_DR1_V161,ZWARN0_DELTACHI2_GT25_ZCAT_PRIMARY
DESI003518,225.131760764376,31.8560129697,QSO,LOZ,1.33789127,19.79127928389369,18-20,39628517729636821,dark,DESI_DR1_V161,ZWARN0_DELTACHI2_GT25_ZCAT_PRIMARY
DESI003519,225.064614189126,37.360477853895,QSO,LOZ,0.817542799,19.75834184085279,18-20,39633025453002332,dark,DESI_DR1_V161,ZWARN0_DELTACHI2_GT25_ZCAT_PRIMARY
DESI003520,225.135547264479,33.672159367526,QSO,HIZ,1.69973741,19.426717093588426,18-20,39632956490253976,dark,DESI_DR1_V161,ZWARN0_DELTACHI2_GT25_ZCAT_PRIMARY
DESI003521,225.016647504637,41.150560031212,QSO,LOZ,0.458775524,19.78813938965598,18-20,39633100447157198,dark,DESI_DR1_V161,ZWARN0_DELTACHI2_GT25_ZCAT_PRIMARY
DESI003522,225.171281096169,35.435024577994,QSO,LOZ,0.919798621,18.841320194407242,18-20,39632991349114668,dark,DESI_DR1_V161,ZWARN0_DELTACHI2_GT25_ZCAT_PRIMARY
DESI003523,225.059870689405,36.182940480828,QSO,LOZ,1.27624439,19.525011650089205,18-20,39633006062734000,dark,DESI_DR1_V161,ZWARN0_DELTACHI2_GT25_ZCAT_PRIMARY
DESI003524,225.119834401114,34.74132096489,QSO,LOZ,0.366252285,19.74209911993706,18-20,39632976501279298,bright,DESI_DR1_V161,ZWARN0_DELTACHI2_GT25_ZCAT_PRIMARY
DESI003525,225.126570340719,-3.515890557898,QSO,HIZ,2.13876206,19.780049827020836,18-20,39627703959160646,dark,DESI_DR1_V161,ZWARN0_DELTACHI2_GT25_ZCAT_PRIMARY
DESI003526,225.177851037193,-3.761808002421,QSO,LOZ,0.413203114,19.842689947714728,18-20,39627697927752353,bright,DESI_DR1_V161,ZWARN0_DELTACHI2_GT25_ZCAT_PRIMARY
DESI003527,225.132829144954,3.244677012697,QSO,LOZ,1.06000728,19.259939392907505,18-20,39627867016922680,dark,DESI_DR1_V161,ZWARN0_DELTACHI2_GT25_ZCAT_PRIMARY
DESI003528,225.177976779021,24.313832270762,QSO,HIZ,3.22589363,19.182686386241578,18-20,39628357616272027,dark,DESI_DR1_V161,ZWARN0_DELTACHI2_GT25_ZCAT_PRIMARY
DESI003529,225.16858094364,12.47690904759,QSO,LOZ,0.113244959,18.658256765979537,18-20,39628088337763940,bright,DESI_DR1_V161,ZWARN0_DELTACHI2_GT25_ZCAT_PRIMARY
DESI003530,225.147044132696,31.637275361808,QSO,LOZ,0.500907711,19.40773146799255,18-20,39628517733826596,dark,DESI_DR1_V161,ZWARN0_DELTACHI2_GT25_ZCAT_PRIMARY
DESI003531,225.146574051893,42.889254142041,QSO,LOZ,0.198742441,18.53771678406364,18-20,39633131887658711,bright,DESI_DR1_V161,ZWARN0_DELTACHI2_GT25_ZCAT_PRIMARY
DESI003532,225.068085522361,34.913340661822,QSO,HIZ,2.75291851,19.174640556377966,18-20,39632981463142305,dark,DESI_DR1_V161,ZWARN0_DELTACHI2_GT25_ZCAT_PRIMARY
DESI003533,225.016107830732,11.903613806462,QSO,HIZ,2.09183897,19.12853696544787,18-20,39628076522407634,dark,DESI_DR1_V161,ZWARN0_DELTACHI2_GT25_ZCAT_PRIMARY
DESI003534,225.155198627452,28.203676918009,QSO,HIZ,1.47611863,18.875582988663908,18-20,39628444400617024,dark,DESI_DR1_V161,ZWARN0_DELTACHI2_GT25_ZCAT_PRIMARY
DESI003535,225.175051508303,13.092175838381,QSO,LOZ,0.417681847,19.763010145312936,18-20,39628100132144062,bright,DESI_DR1_V161,ZWARN0_DELTACHI2_GT25_ZCAT_PRIMARY
DESI003536,225.051437346613,47.406865411155,QSO,LOZ,0.326997271,19.346426461101384,18-20,39633208618254896,bright,DESI_DR1_V161,ZWARN0_DELTACHI2_GT25_ZCAT_PRIMARY
DESI003537,225.076607831021,-3.914535880647,QSO,HIZ,1.63258949,18.968760432066414,18-20,39627691896340931,dark,DESI_DR1_V161,ZWARN0_DELTACHI2_GT25_ZCAT_PRIMARY
DESI003538,225.095457407673,14.624045994014,QSO,HIZ,1.4592757,18.778052289837227,18-20,39628135364301023,dark,DESI_DR1_V161,ZWARN0_DELTACHI2_GT25_ZCAT_PRIMARY
DESI003539,225.124495715585,35.614736867955,QSO,LOZ,0.275943624,18.381310291140533,18-20,39632991349114176,bright,DESI_DR1_V161,ZWARN0_DELTACHI2_GT25_ZCAT_PRIMARY
DESI003540,225.08293515297,-4.0574112257,QSO,HIZ,2.61041978,18.540985841228995,18-20,39627691896341102,dark,DESI_DR1_V161,ZWARN0_DELTACHI2_GT25_ZCAT_PRIMARY
DESI003541,225.158072448823,28.006426332154,QSO,LOZ,1.41472116,19.93299293132702,18-20,39628439065465387,dark,DESI_DR1_V161,ZWARN0_DELTACHI2_GT25_ZCAT_PRIMARY
DESI003542,225.154802832414,3.73396294338,QSO,LOZ,0.185576693,19.109921008175384,18-20,39627879079741404,bright,DESI_DR1_V161,ZWARN0_DELTACHI2_GT25_ZCAT_PRIMARY
DESI003543,225.1005221395,31.543605025409,QSO,LOZ,0.553151461,19.716035631618567,18-20,39628512579027462,dark,DESI_DR1_V161,ZWARN0_DELTACHI2_GT25_ZCAT_PRIMARY
DESI003544,225.027256441545,2.655040290184,QSO,HIZ,2.250854,19.455816467006,18-20,39627854941520401,dark,DESI_DR1_V161,ZWARN0_DELTACHI2_GT25_ZCAT_PRIMARY
DESI003545,225.089498340667,36.166830961279,QSO,LOZ,1.16353038,18.97757791909698,18-20,39633006062734398,dark,DESI_DR1_V161,ZWARN0_DELTACHI2_GT25_ZCAT_PRIMARY
DESI003546,225.090690694069,-3.761784638893,QSO,HIZ,1.93969102,19.842088967642606,18-20,39627697927750340,dark,DESI_DR1_V161,ZWARN0_DELTACHI2_GT25_ZCAT_PRIMARY
DESI003547,330.235935575214,5.201160811014,QSO,HIZ,3.67539736,19.56235898443796,18-20,39627916996249188,dark,DESI_DR1_V161,ZWARN0_DELTACHI2_GT25_ZCAT_PRIMARY
DESI003548,330.072661075496,17.801122986352,QSO,HIZ,1.47922202,19.767400603961065,18-20,39628212552078325,dark,DESI_DR1_V161,ZWARN0_DELTACHI2_GT25_ZCAT_PRIMARY
DESI003549,330.309759342339,0.501425243107,QSO,HIZ,1.98602378,19.989787969071465,18-20,39627802349144483,dark,DESI_DR1_V161,ZWARN0_DELTACHI2_GT25_ZCAT_PRIMARY
DESI003550,330.055579086853,20.87632957709,QSO,LOZ,0.300212233,18.856396685065,18-20,39628286694785391,bright,DESI_DR1_V161,ZWARN0_DELTACHI2_GT25_ZCAT_PRIMARY
DESI003551,330.333131766861,27.835075900824,QSO,HIZ,1.73106988,19.833514380927735,18-20,39628435282204450,dark,DESI_DR1_V161,ZWARN0_DELTACHI2_GT25_ZCAT_PRIMARY
DESI003552,330.183244097161,13.054423195167,QSO,LOZ,1.06670804,18.42475191782419,18-20,39628101847617442,bright,DESI_DR1_V161,ZWARN0_DELTACHI2_GT25_ZCAT_PRIMARY
DESI003553,330.249113273271,18.558907268019,QSO,LOZ,0.605077574,19.624014697675268,18-20,39628229794863491,dark,DESI_DR1_V161,ZWARN0_DELTACHI2_GT25_ZCAT_PRIMARY
DESI003554,330.323547354777,5.384966200306,QSO,LOZ,0.999525193,19.804546954335137,18-20,39627923010884346,dark,DESI_DR1_V161,ZWARN0_DELTACHI2_GT25_ZCAT_PRIMARY
DESI003555,330.307916122936,0.559540253713,QSO,LOZ,0.998827873,19.987413553063597,18-20,39627802349144414,dark,DESI_DR1_V161,ZWARN0_DELTACHI2_GT25_ZCAT_PRIMARY
DESI003556,330.249594428791,5.733535501579,QSO,LOZ,1.13238931,18.542990031024523,18-20,39627929025514281,bright,DESI_DR1_V161,ZWARN0_DELTACHI2_GT25_ZCAT_PRIMARY
DESI003557,330.141465272024,-0.472565625084,QSO,LOZ,1.20653668,19.375598147780053,18-20,39627778185762162,dark,DESI_DR1_V161,ZWARN0_DELTACHI2_GT25_ZCAT_PRIMARY
DESI003558,330.128683819516,0.138871015829,QSO,LOZ,1.0575549,19.68868238120456,18-20,39627796305155251,dark,DESI_DR1_V161,ZWARN0_DELTACHI2_GT25_ZCAT_PRIMARY
DESI003559,330.06705136894,-8.083417962596,QSO,LOZ,0.438512574,19.20836557799645,18-20,39627597457393107,dark,DESI_DR1_V161,ZWARN0_DELTACHI2_GT25_ZCAT_PRIMARY
DESI003560,330.003545908343,1.361883438927,QSO,LOZ,0.999078039,19.46929122096737,18-20,39627820464341242,dark,DESI_DR1_V161,ZWARN0_DELTACHI2_GT25_ZCAT_PRIMARY
DESI003561,330.282381502361,9.351849307827,QSO,HIZ,2.00521049,19.66280488701218,18-20,39628012907400604,dark,DESI_DR1_V161,ZWARN0_DELTACHI2_GT25_ZCAT_PRIMARY
DESI003562,330.168464201273,15.491357715316,QSO,HIZ,1.70449624,19.445317326434015,18-20,39628160429462153,dark,DESI_DR1_V161,ZWARN0_DELTACHI2_GT25_ZCAT_PRIMARY
DESI003563,330.109387081713,3.837274130377,QSO,LOZ,0.443176678,19.728198539412276,18-20,39627880837155960,bright,DESI_DR1_V161,ZWARN0_DELTACHI2_GT25_ZCAT_PRIMARY
DESI003564,330.030402531876,21.02337312415,QSO,LOZ,0.404785872,19.32836204168363,18-20,39628286690596984,bright,DESI_DR1_V161,ZWARN0_DELTACHI2_GT25_ZCAT_PRIMARY
DESI003565,330.171663903347,7.102110448422,QSO,LOZ,0.376772637,18.86631045074575,18-20,39627959056730942,bright,DESI_DR1_V161,ZWARN0_DELTACHI2_GT25_ZCAT_PRIMARY
DESI003566,330.083478230977,-8.54656118831,QSO,HIZ,2.4145546,19.444347166192976,18-20,39627585486851122,dark,DESI_DR1_V161,ZWARN0_DELTACHI2_GT25_ZCAT_PRIMARY
DESI003567,330.167023875619,7.173177494649,QSO,HIZ,1.90351432,19.569682672002866,18-20,39627965054585575,dark,DESI_DR1_V161,ZWARN0_DELTACHI2_GT25_ZCAT_PRIMARY
DESI003568,330.120969848969,-9.030471016857,QSO,LOZ,1.13863538,19.652334038481694,18-20,39627573533085799,dark,DESI_DR1_V161,ZWARN0_DELTACHI2_GT25_ZCAT_PRIMARY
DESI003569,330.045941484243,3.620066730145,QSO,LOZ,0.82159033,19.86183137551995,18-20,39627874805745552,dark,DESI_DR1_V161,ZWARN0_DELTACHI2_GT25_ZCAT_PRIMARY
DESI003570,330.080033365073,4.367825091961,QSO,LOZ,0.324668453,19.613620556272956,18-20,39627892899974088,bright,DESI_DR1_V161,ZWARN0_DELTACHI2_GT25_ZCAT_PRIMARY
DESI003571,330.126477761647,5.537115746654,QSO,LOZ,0.174726965,18.02897801654514,18-20,39627923010879572,bright,DESI_DR1_V161,ZWARN0_DELTACHI2_GT25_ZCAT_PRIMARY
DESI003572,330.221683811048,-4.365291843667,QSO,LOZ,1.36337119,19.634617870508123,18-20,39627687626539281,dark,DESI_DR1_V161,ZWARN0_DELTACHI2_GT25_ZCAT_PRIMARY
DESI003573,330.299049354542,8.719987999262,QSO,LOZ,1.57024124,19.870026446588124,18-20,39628000970410846,dark,DESI_DR1_V161,ZWARN0_DELTACHI2_GT25_ZCAT_PRIMARY
DESI003574,330.308239407914,26.394263904886,QSO,LOZ,1.1130454,19.225977805102744,18-20,39628408384129610,dark,DESI_DR1_V161,ZWARN0_DELTACHI2_GT25_ZCAT_PRIMARY
DESI003575,330.072386862797,7.143212754466,QSO,LOZ,1.42916518,18.815800943263135,18-20,39627965054583495,dark,DESI_DR1_V161,ZWARN0_DELTACHI2_GT25_ZCAT_PRIMARY
DESI003576,330.080363230175,12.36672495261,QSO,LOZ,0.431581631,19.2869734120356,18-20,39628084151850197,bright,DESI_DR1_V161,ZWARN0_DELTACHI2_GT25_ZCAT_PRIMARY
DESI003577,330.224267228951,-0.270228638333,QSO,LOZ,1.05788765,19.076357337184074,18-20,39627784225562447,dark,DESI_DR1_V161,ZWARN0_DELTACHI2_GT25_ZCAT_PRIMARY
DESI003578,330.267848448953,4.950936156124,QSO,HIZ,2.91877707,19.82392630235846,18-20,39627910973229081,dark,DESI_DR1_V161,ZWARN0_DELTACHI2_GT25_ZCAT_PRIMARY
DESI003579,330.210025728706,-0.038136331647,QSO,LOZ,1.05065928,19.413219711168246,18-20,39627790265359410,dark,DESI_DR1_V161,ZWARN0_DELTACHI2_GT25_ZCAT_PRIMARY
DESI003580,330.145319962884,3.445724456627,QSO,LOZ,1.18588302,19.120736256497956,18-20,39627874805747572,dark,DESI_DR1_V161,ZWARN0_DELTACHI2_GT25_ZCAT_PRIMARY
DESI003581,330.0559403755,-8.605064192299,QSO,LOZ,1.37402076,19.389567063397052,18-20,39627585486850439,dark,DESI_DR1_V161,ZWARN0_DELTACHI2_GT25_ZCAT_PRIMARY
DESI003582,330.170409331445,11.150520670196,QSO,LOZ,0.23619489,18.54020444475015,18-20,39628060487587321,bright,DESI_DR1_V161,ZWARN0_DELTACHI2_GT25_ZCAT_PRIMARY
DESI003583,330.051470170358,3.32612249909,QSO,LOZ,1.39733887,19.8524648758543,18-20,39627868774336511,dark,DESI_DR1_V161,ZWARN0_DELTACHI2_GT25_ZCAT_PRIMARY
DESI003584,330.119191324491,2.891485948076,QSO,LOZ,0.967639637,19.91262713330907,18-20,39627862742927747,dark,DESI_DR1_V161,ZWARN0_DELTACHI2_GT25_ZCAT_PRIMARY
DESI003585,330.237341415907,18.535050456616,QSO,HIZ,1.53617846,19.289758234278693,18-20,39628229794863191,dark,DESI_DR1_V161,ZWARN0_DELTACHI2_GT25_ZCAT_PRIMARY
DESI003586,330.251097037169,12.589428879182,QSO,LOZ,0.328166796,18.94803608987594,18-20,39628090061622888,dark,DESI_DR1_V161,ZWARN0_DELTACHI2_GT25_ZCAT_PRIMARY
DESI003587,330.292724642919,-4.915768675999,QSO,LOZ,1.25428533,19.436474779031467,18-20,39627669549091455,dark,DESI_DR1_V161,ZWARN0_DELTACHI2_GT25_ZCAT_PRIMARY
DESI003588,330.314233671047,1.32318044208,QSO,LOZ,0.271604227,18.624563695823664,18-20,39627820468538003,bright,DESI_DR1_V161,ZWARN0_DELTACHI2_GT25_ZCAT_PRIMARY
DESI003589,330.063327464036,15.265128554029,QSO,LOZ,0.947399951,19.003474894451987,18-20,39628154599376376,dark,DESI_DR1_V161,ZWARN0_DELTACHI2_GT25_ZCAT_PRIMARY
DESI003590,330.208857028279,8.889201152755,QSO,LOZ,0.330443656,19.635680800359467,18-20,39628006943097780,dark,DESI_DR1_V161,ZWARN0_DELTACHI2_GT25_ZCAT_PRIMARY
DESI003591,330.063064019844,4.029424150961,QSO,HIZ,2.43542372,19.20944490643296,18-20,39627886868564627,dark,DESI_DR1_V161,ZWARN0_DELTACHI2_GT25_ZCAT_PRIMARY
DESI003592,330.303637217262,20.26852945473,QSO,HIZ,1.44675777,19.598768646980986,18-20,39628269733021831,dark,DESI_DR1_V161,ZWARN0_DELTACHI2_GT25_ZCAT_PRIMARY
DESI003593,330.294937699857,12.566232073984,QSO,HIZ,2.19088281,19.870122774947614,18-20,39628090061623922,dark,DESI_DR1_V161,ZWARN0_DELTACHI2_GT25_ZCAT_PRIMARY
DESI003594,330.047834454524,19.927043052488,QSO,HIZ,2.3488229,19.509946628849278,18-20,39628264049739245,dark,DESI_DR1_V161,ZWARN0_DELTACHI2_GT25_ZCAT_PRIMARY
DESI003595,330.230643402521,12.433930332226,QSO,LOZ,0.427288765,19.61592008749446,18-20,39628090061622412,bright,DESI_DR1_V161,ZWARN0_DELTACHI2_GT25_ZCAT_PRIMARY
DESI003596,330.319632979596,6.975427936278,QSO,HIZ,3.34737188,19.54658456714329,18-20,39627959060923009,dark,DESI_DR1_V161,ZWARN0_DELTACHI2_GT25_ZCAT_PRIMARY
DESI003597,5.023745889551,-0.837854377578,QSO,LOZ,0.57626933,20.00899666667282,20-21,39627766693364632,dark,DESI_DR1_V161,ZWARN0_DELTACHI2_GT25_ZCAT_PRIMARY
DESI003598,5.051731069134,3.961377046186,QSO,LOZ,0.717723642,20.006664029291368,20-21,39627881424356802,dark,DESI_DR1_V161,ZWARN0_DELTACHI2_GT25_ZCAT_PRIMARY
DESI003599,5.141772890958,7.184020168875,QSO,HIZ,2.60157528,20.457738746476434,20-21,39627959639738256,dark,DESI_DR1_V161,ZWARN0_DELTACHI2_GT25_ZCAT_PRIMARY
DESI003600,5.035705519061,22.620224867075,QSO,HIZ,3.18786386,20.87840727427923,20-21,39628315333495162,dark,DESI_DR1_V161,ZWARN0_DELTACHI2_GT25_ZCAT_PRIMARY
DESI003601,5.14709794214,23.22562168386,QSO,HIZ,1.56050586,20.29012424746538,20-21,39628332068770678,dark,DESI_DR1_V161,ZWARN0_DELTACHI2_GT25_ZCAT_PRIMARY
DESI003602,5.189399723235,-5.17532941568,QSO,HIZ,1.60860643,20.290969895019774,20-21,39627658086061935,dark,DESI_DR1_V161,ZWARN0_DELTACHI2_GT25_ZCAT_PRIMARY
DESI003603,5.03002941909,20.933564320172,QSO,HIZ,1.76211526,20.779651505102546,20-21,39628281594514838,dark,DESI_DR1_V161,ZWARN0_DELTACHI2_GT25_ZCAT_PRIMARY
DESI003604,5.063020998424,19.769445853515,QSO,HIZ,1.48183277,20.901861661782906,20-21,39628253220045243,dark,DESI_DR1_V161,ZWARN0_DELTACHI2_GT25_ZCAT_PRIMARY
DESI003605,5.021000062116,16.087725837016,QSO,LOZ,0.837596857,20.12041936280639,20-21,39628166817383926,dark,DESI_DR1_V161,ZWARN0_DELTACHI2_GT25_ZCAT_PRIMARY
DESI003606,5.185889093563,7.281171944294,QSO,LOZ,1.1233975,20.95130924668997,20-21,39627959639739100,dark,DESI_DR1_V161,ZWARN0_DELTACHI2_GT25_ZCAT_PRIMARY
DESI003607,5.052361403088,14.836647759714,QSO,LOZ,1.25857631,20.02361345942027,20-21,39628137641806901,dark,DESI_DR1_V161,ZWARN0_DELTACHI2_GT25_ZCAT_PRIMARY
DESI003608,5.169327614386,20.440096342165,QSO,HIZ,1.90719183,20.767997227690035,20-21,39628270282475497,dark,DESI_DR1_V161,ZWARN0_DELTACHI2_GT25_ZCAT_PRIMARY
DESI003609,5.126621119952,19.566487198551,QSO,HIZ,1.94205623,20.93685009509033,20-21,39628247515793066,dark,DESI_DR1_V161,ZWARN0_DELTACHI2_GT25_ZCAT_PRIMARY
DESI003610,5.137180636789,3.706471575343,QSO,LOZ,0.634719414,20.098190587992587,20-21,39627875392950640,dark,DESI_DR1_V161,ZWARN0_DELTACHI2_GT25_ZCAT_PRIMARY
DESI003611,5.094425096602,0.042228666717,QSO,HIZ,2.73884446,20.288606289089973,20-21,39627784812760454,dark,DESI_DR1_V161,ZWARN0_DELTACHI2_GT25_ZCAT_PRIMARY
DESI003612,5.135629793511,-6.245335230796,QSO,HIZ,2.54188858,20.64270821838211,20-21,39627634035920625,dark,DESI_DR1_V161,ZWARN0_DELTACHI2_GT25_ZCAT_PRIMARY
DESI003613,5.179442759616,12.619219231751,QSO,LOZ,1.3099744,20.894286441482407,20-21,39628084730660311,dark,DESI_DR1_V161,ZWARN0_DELTACHI2_GT25_ZCAT_PRIMARY
DESI003614,5.094451203871,6.042528887893,QSO,HIZ,2.31707127,20.386814490609716,20-21,39627929608521088,dark,DESI_DR1_V161,ZWARN0_DELTACHI2_GT25_ZCAT_PRIMARY
DESI003615,5.009084690412,-0.552648037399,QSO,LOZ,1.55894049,20.380761489966595,20-21,39627772733161825,dark,DESI_DR1_V161,ZWARN0_DELTACHI2_GT25_ZCAT_PRIMARY
DESI003616,5.080434367411,-10.087516472137,QSO,HIZ,1.50843015,20.99016704075187,20-21,39627544302977224,dark,DESI_DR1_V161,ZWARN0_DELTACHI2_GT25_ZCAT_PRIMARY
DESI003617,5.143881998561,0.088472762547,QSO,HIZ,2.24842825,20.062816173034278,20-21,39627784812762065,dark,DESI_DR1_V161,ZWARN0_DELTACHI2_GT25_ZCAT_PRIMARY
DESI003618,5.032594981697,2.876390060248,QSO,LOZ,0.842111658,20.615458471800213,20-21,39627857290331136,dark,DESI_DR1_V161,ZWARN0_DELTACHI2_GT25_ZCAT_PRIMARY
DESI003619,5.042384029104,19.077186252914,QSO,HIZ,2.11596309,20.872748123161944,20-21,39628236082119259,dark,DESI_DR1_V161,ZWARN0_DELTACHI2_GT25_ZCAT_PRIMARY
DESI003620,5.031753913017,0.212731810149,QSO,LOZ,1.3190138,20.77048453632434,20-21,39627790852555873,dark,DESI_DR1_V161,ZWARN0_DELTACHI2_GT25_ZCAT_PRIMARY
DESI003621,5.110041026799,-11.470815641473,QSO,HIZ,3.52511663,20.70351536878501,20-21,39627508676559081,dark,DESI_DR1_V161,ZWARN0_DELTACHI2_GT25_ZCAT_PRIMARY
DESI003622,5.161467332627,25.870526915207,QSO,HIZ,2.19057283,20.99273760671839,20-21,39628387173534430,dark,DESI_DR1_V161,ZWARN0_DELTACHI2_GT25_ZCAT_PRIMARY
DESI003623,5.026586485924,-0.339570217149,QSO,LOZ,0.908082688,20.810987152280042,20-21,39627778772960225,dark,DESI_DR1_V161,ZWARN0_DELTACHI2_GT25_ZCAT_PRIMARY
DESI003624,5.050494171863,-7.115429283823,QSO,HIZ,2.17288307,20.712847539161714,20-21,39627616025575880,dark,DESI_DR1_V161,ZWARN0_DELTACHI2_GT25_ZCAT_PRIMARY
DESI003625,5.079796137419,15.493796296548,QSO,LOZ,1.37191891,20.51948318819108,20-21,39628155165608893,dark,DESI_DR1_V161,ZWARN0_DELTACHI2_GT25_ZCAT_PRIMARY
DESI003626,5.162401083041,-0.991849382662,QSO,HIZ,1.84940723,20.23009514468906,20-21,39627760653572145,dark,DESI_DR1_V161,ZWARN0_DELTACHI2_GT25_ZCAT_PRIMARY
DESI003627,5.104698386247,3.895980059223,QSO,LOZ,0.356689503,20.052737234277657,20-21,39627881424358433,bright,DESI_DR1_V161,ZWARN0_DELTACHI2_GT25_ZCAT_PRIMARY
DESI003628,5.180921823701,7.554719327831,QSO,LOZ,0.365617405,20.33186765159543,20-21,39627965637593734,dark,DESI_DR1_V161,ZWARN0_DELTACHI2_GT25_ZCAT_PRIMARY
DESI003629,5.14814908297,16.706139392092,QSO,LOZ,1.229064,20.58789403389282,20-21,39628184232135288,dark,DESI_DR1_V161,ZWARN0_DELTACHI2_GT25_ZCAT_PRIMARY
DESI003630,5.075787759942,18.464541474463,QSO,LOZ,1.57701433,20.496344940783285,20-21,39628224614892953,dark,DESI_DR1_V161,ZWARN0_DELTACHI2_GT25_ZCAT_PRIMARY
DESI003631,5.069788566315,-10.35603811017,QSO,HIZ,1.83006861,20.612150642857763,20-21,39627538351265873,dark,DESI_DR1_V161,ZWARN0_DELTACHI2_GT25_ZCAT_PRIMARY
DESI003632,5.113826638051,15.177993429019,QSO,HIZ,1.65525427,20.103413530802797,20-21,39628149327138820,dark,DESI_DR1_V161,ZWARN0_DELTACHI2_GT25_ZCAT_PRIMARY
DESI003633,5.153484575659,-0.627701767378,QSO,HIZ,1.59767083,20.22182625393752,20-21,39627766693369330,dark,DESI_DR1_V161,ZWARN0_DELTACHI2_GT25_ZCAT_PRIMARY
DESI003634,5.184458210217,-6.851638966979,QSO,HIZ,1.6406255,20.387538779538048,20-21,39627622023434650,dark,DESI_DR1_V161,ZWARN0_DELTACHI2_GT25_ZCAT_PRIMARY
DESI003635,5.133121480051,19.085225752465,QSO,HIZ,2.2694484,20.913796748206835,20-21,39628236082121096,dark,DESI_DR1_V161,ZWARN0_DELTACHI2_GT25_ZCAT_PRIMARY
DESI003636,5.091206989442,25.906167415816,QSO,HIZ,2.73063122,20.314463918350576,20-21,39628392626128420,dark,DESI_DR1_V161,ZWARN0_DELTACHI2_GT25_ZCAT_PRIMARY
DESI003637,5.009995292351,15.65725007697,QSO,HIZ,1.92287317,20.793527310729292,20-21,39628160995689795,dark,DESI_DR1_V161,ZWARN0_DELTACHI2_GT25_ZCAT_PRIMARY
DESI003638,5.116824115133,-4.858852489024,QSO,HIZ,3.1772298,20.845941476926924,20-21,39627670132100722,dark,DESI_DR1_V161,ZWARN0_DELTACHI2_GT25_ZCAT_PRIMARY
DESI003639,5.121638311082,23.449938733826,QSO,LOZ,1.30152398,20.658180315006014,20-21,39628337630416617,dark,DESI_DR1_V161,ZWARN0_DELTACHI2_GT25_ZCAT_PRIMARY
DESI003640,5.116661656677,13.554541826259,QSO,HIZ,2.47876426,20.346281961601807,20-21,39628108306845802,dark,DESI_DR1_V161,ZWARN0_DELTACHI2_GT25_ZCAT_PRIMARY
DESI003641,5.145103570847,1.998318861127,QSO,LOZ,0.663294983,20.45862126436896,20-21,39627833131143621,dark,DESI_DR1_V161,ZWARN0_DELTACHI2_GT25_ZCAT_PRIMARY
DESI003642,5.032276139686,-5.001932553041,QSO,LOZ,1.37796007,20.372034589497627,20-21,39627664109077235,dark,DESI_DR1_V161,ZWARN0_DELTACHI2_GT25_ZCAT_PRIMARY
DESI003643,5.142852823775,-11.41783829475,QSO,HIZ,3.3213986,20.265860474691873,20-21,39627508676559724,dark,DESI_DR1_V161,ZWARN0_DELTACHI2_GT25_ZCAT_PRIMARY
DESI003644,5.106330906062,21.673989217804,QSO,LOZ,1.56515561,20.790759518720115,20-21,39628298510139451,dark,DESI_DR1_V161,ZWARN0_DELTACHI2_GT25_ZCAT_PRIMARY
DESI003645,5.036870452818,9.954384696565,QSO,HIZ,1.5039147,20.006330892083163,20-21,39628025402232772,dark,DESI_DR1_V161,ZWARN0_DELTACHI2_GT25_ZCAT_PRIMARY
DESI003646,5.017803724158,16.551634037784,QSO,HIZ,1.64536362,20.57098904492579,20-21,39628178435605929,dark,DESI_DR1_V161,ZWARN0_DELTACHI2_GT25_ZCAT_PRIMARY
DESI003647,35.028107967097,14.459906878996,QSO,LOZ,0.923923454,20.97099970862066,20-21,39628132273098360,dark,DESI_DR1_V161,ZWARN0_DELTACHI2_GT25_ZCAT_PRIMARY
DESI003648,35.016843742685,5.566645877121,QSO,HIZ,1.83363236,20.053008534674916,20-21,39627918078380410,dark,DESI_DR1_V161,ZWARN0_DELTACHI2_GT25_ZCAT_PRIMARY
DESI003649,35.117876501416,-17.510384993303,QSO,LOZ,0.871474003,20.961279572301567,20-21,39627368788133982,dark,DESI_DR1_V161,ZWARN0_DELTACHI2_GT25_ZCAT_PRIMARY
DESI003650,35.054377008322,12.076027260055,QSO,HIZ,2.19816448,20.253306319054403,20-21,39628073401845303,dark,DESI_DR1_V161,ZWARN0_DELTACHI2_GT25_ZCAT_PRIMARY
DESI003651,35.021518894153,22.34992551881,QSO,HIZ,1.47932061,20.490773528518453,20-21,39628310203861921,dark,DESI_DR1_V161,ZWARN0_DELTACHI2_GT25_ZCAT_PRIMARY
DESI003652,35.111120850148,-11.075295332653,QSO,HIZ,1.87856205,20.79946499309286,20-21,39627521024590588,dark,DESI_DR1_V161,ZWARN0_DELTACHI2_GT25_ZCAT_PRIMARY
DESI003653,35.017420815223,-9.054215292068,QSO,HIZ,1.6729366,20.692486135280433,20-21,39627568638332454,dark,DESI_DR1_V161,ZWARN0_DELTACHI2_GT25_ZCAT_PRIMARY
DESI003654,35.120622891089,17.724723090726,QSO,LOZ,1.27113945,20.98838205173161,20-21,39628207833481438,dark,DESI_DR1_V161,ZWARN0_DELTACHI2_GT25_ZCAT_PRIMARY
DESI003655,35.034355893742,-0.116345255865,QSO,LOZ,1.18519641,20.22988714988957,20-21,39627785316074913,dark,DESI_DR1_V161,ZWARN0_DELTACHI2_GT25_ZCAT_PRIMARY
DESI003656,35.032141913145,-3.34218442356,QSO,HIZ,2.3476263,20.911391168747297,20-21,39627706802905027,dark,DESI_DR1_V161,ZWARN0_DELTACHI2_GT25_ZCAT_PRIMARY
DESI003657,35.068745529315,8.133692976183,QSO,HIZ,2.00530392,20.72048403562471,20-21,39627984109310438,dark,DESI_DR1_V161,ZWARN0_DELTACHI2_GT25_ZCAT_PRIMARY
DESI003658,35.014297964445,18.604409154126,QSO,LOZ,0.749309658,20.92295435143934,20-21,39628225093042456,dark,DESI_DR1_V161,ZWARN0_DELTACHI2_GT25_ZCAT_PRIMARY
DESI003659,35.091439490913,-6.72339688769,QSO,HIZ,1.428185,20.436665185260132,20-21,39627622522557446,dark,DESI_DR1_V161,ZWARN0_DELTACHI2_GT25_ZCAT_PRIMARY
DESI003660,35.009561102977,5.650774668895,QSO,HIZ,1.93293946,20.417341097053125,20-21,39627924093012176,dark,DESI_DR1_V161,ZWARN0_DELTACHI2_GT25_ZCAT_PRIMARY
DESI003661,35.073865092116,-4.921359277593,QSO,HIZ,2.01936994,20.539858968483788,20-21,39627664608205784,dark,DESI_DR1_V161,ZWARN0_DELTACHI2_GT25_ZCAT_PRIMARY
DESI003662,35.115408688166,24.859409463061,QSO,HIZ,3.05615157,20.23493993163628,20-21,39628365719670397,dark,DESI_DR1_V161,ZWARN0_DELTACHI2_GT25_ZCAT_PRIMARY
DESI003663,35.073086674238,-18.083701030298,QSO,LOZ,1.19573502,20.949266777455815,20-21,39627357266384689,dark,DESI_DR1_V161,ZWARN0_DELTACHI2_GT25_ZCAT_PRIMARY
DESI003664,35.013380924728,23.503251168706,QSO,LOZ,1.47763095,20.40817250752628,20-21,39628338091789328,dark,DESI_DR1_V161,ZWARN0_DELTACHI2_GT25_ZCAT_PRIMARY
DESI003665,35.019255146061,3.060572464093,QSO,HIZ,1.66002728,20.808446566029797,20-21,39627857793647298,dark,DESI_DR1_V161,ZWARN0_DELTACHI2_GT25_ZCAT_PRIMARY
DESI003666,35.109639762253,-1.65365715128,QSO,HIZ,2.35369517,20.465217282918772,20-21,39627743037493216,dark,DESI_DR1_V161,ZWARN0_DELTACHI2_GT25_ZCAT_PRIMARY
DESI003667,35.116644550456,18.484558519957,QSO,LOZ,0.803633064,20.513738058043867,20-21,39628225093044213,dark,DESI_DR1_V161,ZWARN0_DELTACHI2_GT25_ZCAT_PRIMARY
DESI003668,35.129591398468,-6.422120308089,QSO,LOZ,1.22805012,20.57879323989152,20-21,39627628528801988,dark,DESI_DR1_V161,ZWARN0_DELTACHI2_GT25_ZCAT_PRIMARY
DESI003669,35.105971621547,-3.449119492147,QSO,HIZ,1.68716392,20.431231117127556,20-21,39627700775683824,dark,DESI_DR1_V161,ZWARN0_DELTACHI2_GT25_ZCAT_PRIMARY
DESI003670,35.042529358193,12.215792468749,QSO,LOZ,1.38098194,20.240960730355788,20-21,39628079315812589,dark,DESI_DR1_V161,ZWARN0_DELTACHI2_GT25_ZCAT_PRIMARY
DESI003671,35.096504130079,0.484883598963,QSO,LOZ,1.36518329,20.61912393178194,20-21,39627797395672471,dark,DESI_DR1_V161,ZWARN0_DELTACHI2_GT25_ZCAT_PRIMARY
DESI003672,35.097564141598,-4.554868697354,QSO,LOZ,1.2188634,20.747112301089803,20-21,39627676658434104,dark,DESI_DR1_V161,ZWARN0_DELTACHI2_GT25_ZCAT_PRIMARY
DESI003673,35.020327257994,23.317213894047,QSO,HIZ,3.01404041,20.38700210796489,20-21,39628332530143879,dark,DESI_DR1_V161,ZWARN0_DELTACHI2_GT25_ZCAT_PRIMARY
DESI003674,35.124839130047,-3.553258863577,QSO,LOZ,1.03254599,20.739992835121765,20-21,39627700775684432,dark,DESI_DR1_V161,ZWARN0_DELTACHI2_GT25_ZCAT_PRIMARY
DESI003675,35.005808592258,6.919207750214,QSO,HIZ,1.70797405,20.49258533340177,20-21,39627954141004051,dark,DESI_DR1_V161,ZWARN0_DELTACHI2_GT25_ZCAT_PRIMARY
DESI003676,35.068922382921,-4.535904235358,QSO,HIZ,1.62338922,20.980981830804655,20-21,39627676654248143,dark,DESI_DR1_V161,ZWARN0_DELTACHI2_GT25_ZCAT_PRIMARY
DESI003677,35.073255974448,14.548754033289,QSO,HIZ,1.67581177,20.18268349597794,20-21,39628132277289007,dark,DESI_DR1_V161,ZWARN0_DELTACHI2_GT25_ZCAT_PRIMARY
DESI003678,35.051922094382,-11.767851492111,QSO,HIZ,1.5817588,20.88507451055502,20-21,39627503244938831,dark,DESI_DR1_V161,ZWARN0_DELTACHI2_GT25_ZCAT_PRIMARY
DESI003679,35.029462727811,18.997508695849,QSO,LOZ,1.03232019,20.867854555030068,20-21,39628236556078968,dark,DESI_DR1_V161,ZWARN0_DELTACHI2_GT25_ZCAT_PRIMARY
DESI003680,35.008785660683,3.638258498665,QSO,LOZ,1.2197022,20.693810078632456,20-21,39627875892074799,dark,DESI_DR1_V161,ZWARN0_DELTACHI2_GT25_ZCAT_PRIMARY
DESI003681,35.051349863923,5.852322412277,QSO,HIZ,2.32823522,20.868748367925996,20-21,39627924093013168,dark,DESI_DR1_V161,ZWARN0_DELTACHI2_GT25_ZCAT_PRIMARY
DESI003682,35.11730359384,7.886165863703,QSO,LOZ,0.550462637,20.68151289762023,20-21,39627978124035564,dark,DESI_DR1_V161,ZWARN0_DELTACHI2_GT25_ZCAT_PRIMARY
DESI003683,35.007388634027,2.916869749922,QSO,LOZ,1.17731015,20.4310631530099,20-21,39627857793646921,dark,DESI_DR1_V161,ZWARN0_DELTACHI2_GT25_ZCAT_PRIMARY
DESI003684,35.10044548506,-8.942055212894,QSO,LOZ,1.32461998,20.003340515283625,20-21,39627568638334860,dark,DESI_DR1_V161,ZWARN0_DELTACHI2_GT25_ZCAT_PRIMARY
DESI003685,35.083968104929,7.735392765488,QSO,LOZ,1.18671951,20.699636899226675,20-21,39627972134568720,dark,DESI_DR1_V161,ZWARN0_DELTACHI2_GT25_ZCAT_PRIMARY
DESI003686,35.088563939239,7.440030853495,QSO,HIZ,2.34505684,20.413829023014657,20-21,39627966136714931,dark,DESI_DR1_V161,ZWARN0_DELTACHI2_GT25_ZCAT_PRIMARY
DESI003687,35.056274866488,-6.017151549901,QSO,LOZ,1.13115367,20.340239234152474,20-21,39627640541288523,dark,DESI_DR1_V161,ZWARN0_DELTACHI2_GT25_ZCAT_PRIMARY
DESI003688,35.11993945055,29.633228178813,QSO,HIZ,2.03439298,20.567302847874576,20-21,39628473366479721,dark,DESI_DR1_V161,ZWARN0_DELTACHI2_GT25_ZCAT_PRIMARY
DESI003689,35.003533389242,12.856862318726,QSO,LOZ,1.2579884,20.5611722975204,20-21,39628091122781265,dark,DESI_DR1_V161,ZWARN0_DELTACHI2_GT25_ZCAT_PRIMARY
DESI003690,35.027025274388,-16.260778659135,QSO,LOZ,0.925840116,20.77784302505617,20-21,39627397703668829,dark,DESI_DR1_V161,ZWARN0_DELTACHI2_GT25_ZCAT_PRIMARY
DESI003691,35.04514595204,5.37073839227,QSO,LOZ,1.38685761,20.942293052675584,20-21,39627912055361228,dark,DESI_DR1_V161,ZWARN0_DELTACHI2_GT25_ZCAT_PRIMARY
DESI003692,35.120198932563,-15.596127400356,QSO,LOZ,1.16250605,20.243345009732156,20-21,39627415147779677,dark,DESI_DR1_V161,ZWARN0_DELTACHI2_GT25_ZCAT_PRIMARY
DESI003693,35.066631178664,8.371364652327,QSO,LOZ,1.16290015,20.554989276945996,20-21,39627984109310402,dark,DESI_DR1_V161,ZWARN0_DELTACHI2_GT25_ZCAT_PRIMARY
DESI003694,35.063584392898,-11.97326985735,QSO,LOZ,1.21051348,20.41400546998139,20-21,39627497330969140,dark,DESI_DR1_V161,ZWARN0_DELTACHI2_GT25_ZCAT_PRIMARY
DESI003695,35.116617939028,-6.441044539452,QSO,LOZ,1.56612161,20.787996521027903,20-21,39627628528801518,dark,DESI_DR1_V161,ZWARN0_DELTACHI2_GT25_ZCAT_PRIMARY
DESI003696,35.006552682217,30.017093976348,QSO,HIZ,1.93808,20.918950415160673,20-21,39628478613555882,dark,DESI_DR1_V161,ZWARN0_DELTACHI2_GT25_ZCAT_PRIMARY
DESI003697,125.086088117039,24.112252152184,QSO,HIZ,2.70854433,20.28486370088753,20-21,39628350553069675,dark,DESI_DR1_V161,ZWARN0_DELTACHI2_GT25_ZCAT_PRIMARY
DESI003698,125.027327093341,6.196686938007,QSO,LOZ,1.35690899,20.836504894284086,20-21,39627937623836566,dark,DESI_DR1_V161,ZWARN0_DELTACHI2_GT25_ZCAT_PRIMARY
DESI003699,125.010881286999,19.662604439474,QSO,HIZ,1.53703566,20.8137013823554,20-21,39628255115874138,dark,DESI_DR1_V161,ZWARN0_DELTACHI2_GT25_ZCAT_PRIMARY
DESI003700,125.044392182195,43.774402876558,QSO,HIZ,2.0460097,20.52502289467241,20-21,39633143874980028,dark,DESI_DR1_V161,ZWARN0_DELTACHI2_GT25_ZCAT_PRIMARY
DESI003701,125.073489453705,1.855738909927,QSO,LOZ,0.437613879,20.8866826252014,20-21,39627829104609305,dark,DESI_DR1_V161,ZWARN0_DELTACHI2_GT25_ZCAT_PRIMARY
DESI003702,125.008043765662,27.80889534984,QSO,HIZ,2.2618944,20.073759724365875,20-21,39628432232940000,dark,DESI_DR1_V161,ZWARN0_DELTACHI2_GT25_ZCAT_PRIMARY
DESI003703,125.100897306455,23.580387021784,QSO,LOZ,0.470561435,20.837312215144564,20-21,39628339480103682,dark,DESI_DR1_V161,ZWARN0_DELTACHI2_GT25_ZCAT_PRIMARY
DESI003704,125.082254784094,6.385858452428,QSO,HIZ,1.74101344,20.781320290358472,20-21,39627943630080863,dark,DESI_DR1_V161,ZWARN0_DELTACHI2_GT25_ZCAT_PRIMARY
DESI003705,125.101140583397,22.767997101154,QSO,HIZ,2.38306829,20.067864364211335,20-21,39628322782577576,dark,DESI_DR1_V161,ZWARN0_DELTACHI2_GT25_ZCAT_PRIMARY
DESI003706,125.0791950931,8.938738363804,QSO,HIZ,1.97960095,20.467290749256364,20-21,39628003537326341,dark,DESI_DR1_V161,ZWARN0_DELTACHI2_GT25_ZCAT_PRIMARY
DESI003707,125.033459346701,1.739452446188,QSO,LOZ,0.822326501,20.72261966311328,20-21,39627829104608134,dark,DESI_DR1_V161,ZWARN0_DELTACHI2_GT25_ZCAT_PRIMARY
DESI003708,125.036160357292,31.758978573253,QSO,LOZ,1.05704174,20.97218464771538,20-21,39628516299377150,dark,DESI_DR1_V161,ZWARN0_DELTACHI2_GT25_ZCAT_PRIMARY
DESI003709,125.059712145924,36.501253513836,QSO,HIZ,1.63117879,20.172232912024782,20-21,39633009581756307,dark,DESI_DR1_V161,ZWARN0_DELTACHI2_GT25_ZCAT_PRIMARY
DESI003710,125.102476735142,10.295646190604,QSO,LOZ,0.471307151,20.07421999731015,20-21,39628033342050304,dark,DESI_DR1_V161,ZWARN0_DELTACHI2_GT25_ZCAT_PRIMARY
DESI003711,125.050452634689,42.791713251449,QSO,HIZ,1.72337708,20.56070998624031,20-21,39633126216958732,dark,DESI_DR1_V161,ZWARN0_DELTACHI2_GT25_ZCAT_PRIMARY
DESI003712,125.097164708466,19.2381369449,QSO,LOZ,1.38256737,20.11002820407905,20-21,39628243707364700,dark,DESI_DR1_V161,ZWARN0_DELTACHI2_GT25_ZCAT_PRIMARY
DESI003713,125.008284356194,75.87919146472,QSO,HIZ,2.15289782,20.75307888767246,20-21,39633532175254330,dark,DESI_DR1_V161,ZWARN0_DELTACHI2_GT25_ZCAT_PRIMARY
DESI003714,125.051975372646,14.938446452164,QSO,LOZ,1.50616706,20.75809149089853,20-21,39628145434823557,dark,DESI_DR1_V161,ZWARN0_DELTACHI2_GT25_ZCAT_PRIMARY
DESI003715,125.033574204156,10.131674484592,QSO,LOZ,0.469886797,20.771626459907868,20-21,39628033342048824,dark,DESI_DR1_V161,ZWARN0_DELTACHI2_GT25_ZCAT_PRIMARY
DESI003716,125.052362089993,39.488618766636,QSO,HIZ,1.97676354,20.701230532880935,20-21,39633066867560907,dark,DESI_DR1_V161,ZWARN0_DELTACHI2_GT25_ZCAT_PRIMARY
DESI003717,125.041500842515,11.103686068952,QSO,LOZ,1.00581939,20.78819845334267,20-21,39628051172037246,dark,DESI_DR1_V161,ZWARN0_DELTACHI2_GT25_ZCAT_PRIMARY
DESI003718,125.017212811937,33.668115539535,QSO,HIZ,2.47929486,20.841247098710607,20-21,39632955089357865,dark,DESI_DR1_V161,ZWARN0_DELTACHI2_GT25_ZCAT_PRIMARY
DESI003719,125.058778997818,29.113299896178,QSO,LOZ,0.742118463,20.24614578785655,20-21,39628458854189333,dark,DESI_DR1_V161,ZWARN0_DELTACHI2_GT25_ZCAT_PRIMARY
DESI003720,125.051088718052,28.16836425084,QSO,HIZ,2.66331644,20.932874154525987,20-21,39628442920027121,dark,DESI_DR1_V161,ZWARN0_DELTACHI2_GT25_ZCAT_PRIMARY
DESI003721,125.043202806987,2.254855606742,QSO,LOZ,0.763566189,20.51383565293614,20-21,39627841184203901,dark,DESI_DR1_V161,ZWARN0_DELTACHI2_GT25_ZCAT_PRIMARY
DESI003722,125.018079379975,8.646211901476,QSO,LOZ,0.892538081,20.842345671334034,20-21,39627997564635843,dark,DESI_DR1_V161,ZWARN0_DELTACHI2_GT25_ZCAT_PRIMARY
DESI003723,125.070686634113,26.86983828776,QSO,HIZ,2.01644444,20.742423191936926,20-21,39628410707773806,dark,DESI_DR1_V161,ZWARN0_DELTACHI2_GT25_ZCAT_PRIMARY
DESI003724,125.090568411936,57.858284181079,QSO,LOZ,1.25987943,20.688190342146928,20-21,39633358338131132,dark,DESI_DR1_V161,ZWARN0_DELTACHI2_GT25_ZCAT_PRIMARY
DESI003725,125.105246323184,15.763424285832,QSO,HIZ,1.82142289,20.19888290331648,20-21,39628162937653215,dark,DESI_DR1_V161,ZWARN0_DELTACHI2_GT25_ZCAT_PRIMARY
DESI003726,125.052874612204,30.980662358709,QSO,LOZ,1.02308715,20.9814884482913,20-21,39628500793034724,dark,DESI_DR1_V161,ZWARN0_DELTACHI2_GT25_ZCAT_PRIMARY
DESI003727,125.003437828632,7.120225592685,QSO,HIZ,2.34029616,20.116793440660807,20-21,39627955638373434,dark,DESI_DR1_V161,ZWARN0_DELTACHI2_GT25_ZCAT_PRIMARY
DESI003728,125.018675036762,0.925614506198,QSO,LOZ,1.38579598,20.412944041669668,20-21,39627810985214389,dark,DESI_DR1_V161,ZWARN0_DELTACHI2_GT25_ZCAT_PRIMARY
DESI003729,125.00922942569,26.254261405409,QSO,LOZ,0.923452921,20.547436415052086,20-21,39628399869691678,dark,DESI_DR1_V161,ZWARN0_DELTACHI2_GT25_ZCAT_PRIMARY
DESI003730,125.105395731428,0.262732594413,QSO,HIZ,2.28654773,20.03302925044426,20-21,39627792865822951,dark,DESI_DR1_V161,ZWARN0_DELTACHI2_GT25_ZCAT_PRIMARY
DESI003731,125.037560541691,39.446401548173,QSO,LOZ,0.590415041,20.518847422539057,20-21,39633066867560715,dark,DESI_DR1_V161,ZWARN0_DELTACHI2_GT25_ZCAT_PRIMARY
DESI003732,125.056527657978,24.473973064728,QSO,LOZ,1.21513448,20.014472259537825,20-21,39628361592476000,dark,DESI_DR1_V161,ZWARN0_DELTACHI2_GT25_ZCAT_PRIMARY
DESI003733,125.02780057322,17.789561872423,QSO,LOZ,1.17693162,20.615498663376727,20-21,39628209272128543,dark,DESI_DR1_V161,ZWARN0_DELTACHI2_GT25_ZCAT_PRIMARY
DESI003734,125.076088177799,23.980941120823,QSO,HIZ,2.36210977,20.14105227195043,20-21,39628350553069420,dark,DESI_DR1_V161,ZWARN0_DELTACHI2_GT25_ZCAT_PRIMARY
DESI003735,125.089083298639,39.057549407951,QSO,HIZ,4.31529504,20.363387896168394,20-21,39633057484902141,dark,DESI_DR1_V161,ZWARN0_DELTACHI2_GT25_ZCAT_PRIMARY
DESI003736,125.000356838508,19.699755259786,QSO,HIZ,2.0896604,20.00151565942405,20-21,39628255115873878,dark,DESI_DR1_V161,ZWARN0_DELTACHI2_GT25_ZCAT_PRIMARY
DESI003737,125.047136089954,26.952577502593,QSO,HIZ,2.43836011,20.29677664696193,20-21,39628416105844122,dark,DESI_DR1_V161,ZWARN0_DELTACHI2_GT25_ZCAT_PRIMARY
DESI003738,125.005239792972,12.886363885667,QSO,HIZ,1.46219859,20.668673848391823,20-21,39628098492172586,dark,DESI_DR1_V161,ZWARN0_DELTACHI2_GT25_ZCAT_PRIMARY
DESI003739,125.098001621542,28.340187483212,QSO,LOZ,1.15950207,20.466202644831625,20-21,39628442920028061,dark,DESI_DR1_V161,ZWARN0_DELTACHI2_GT25_ZCAT_PRIMARY
DESI003740,125.07536064917,17.766876518675,QSO,HIZ,2.84414685,20.732499725133774,20-21,39628209272129441,dark,DESI_DR1_V161,ZWARN0_DELTACHI2_GT25_ZCAT_PRIMARY
DESI003741,125.080497626605,4.464233918921,QSO,HIZ,2.77978179,20.402078213655702,20-21,39627895492056624,dark,DESI_DR1_V161,ZWARN0_DELTACHI2_GT25_ZCAT_PRIMARY
DESI003742,125.108423407158,20.269853410639,QSO,HIZ,1.95135873,20.11486914165537,20-21,39628266495019306,dark,DESI_DR1_V161,ZWARN0_DELTACHI2_GT25_ZCAT_PRIMARY
DESI003743,125.079576649433,16.583812068827,QSO,LOZ,0.74009119,20.965437713235428,20-21,39628180369179639,dark,DESI_DR1_V161,ZWARN0_DELTACHI2_GT25_ZCAT_PRIMARY
DESI003744,125.037366758708,10.055599793731,QSO,HIZ,1.91914504,20.074122347349004,20-21,39628027390330110,dark,DESI_DR1_V161,ZWARN0_DELTACHI2_GT25_ZCAT_PRIMARY
DESI003745,125.014304821292,0.445853839214,QSO,LOZ,1.04807998,20.444893794796997,20-21,39627798905618787,dark,DESI_DR1_V161,ZWARN0_DELTACHI2_GT25_ZCAT_PRIMARY
DESI003746,125.080632633661,43.288664421953,QSO,HIZ,1.59118743,20.5527144643209,20-21,39633135079524214,dark,DESI_DR1_V161,ZWARN0_DELTACHI2_GT25_ZCAT_PRIMARY
DESI003747,150.134229383536,-0.443084155385,QSO,HIZ,1.85588212,20.41977883631732,20-21,39627775165860604,dark,DESI_DR1_V161,ZWARN0_DELTACHI2_GT25_ZCAT_PRIMARY
DESI003748,150.088667395106,-3.395711892892,QSO,HIZ,1.73426748,20.511819312730093,20-21,39627702700870540,dark,DESI_DR1_V161,ZWARN0_DELTACHI2_GT25_ZCAT_PRIMARY
DESI003749,150.09666133849,-3.294409713776,QSO,LOZ,0.527131373,20.332323185770008,20-21,39627708732280047,dark,DESI_DR1_V161,ZWARN0_DELTACHI2_GT25_ZCAT_PRIMARY
DESI003750,150.065672563252,9.086485641022,QSO,LOZ,0.892562412,20.868047749534007,20-21,39628003952561256,dark,DESI_DR1_V161,ZWARN0_DELTACHI2_GT25_ZCAT_PRIMARY
DESI003751,150.081393911148,-6.361515664474,QSO,HIZ,2.09795542,20.687815906957173,20-21,39627636451841096,dark,DESI_DR1_V161,ZWARN0_DELTACHI2_GT25_ZCAT_PRIMARY
DESI003752,150.057378108892,-5.773191891749,QSO,HIZ,1.81658804,20.71521362452341,20-21,39627648476909073,dark,DESI_DR1_V161,ZWARN0_DELTACHI2_GT25_ZCAT_PRIMARY
DESI003753,150.003629988713,-2.759868273566,QSO,HIZ,1.5184619,20.651640833556566,20-21,39627720807678046,dark,DESI_DR1_V161,ZWARN0_DELTACHI2_GT25_ZCAT_PRIMARY
DESI003754,150.139385314379,-6.715121889182,QSO,LOZ,0.947459078,20.88127606407813,20-21,39627624443544794,dark,DESI_DR1_V161,ZWARN0_DELTACHI2_GT25_ZCAT_PRIMARY
DESI003755,150.019261434653,36.091390227321,QSO,HIZ,2.93651717,20.751357476035423,20-21,39633000152960512,dark,DESI_DR1_V161,ZWARN0_DELTACHI2_GT25_ZCAT_PRIMARY
DESI003756,150.137277158923,5.102541001829,QSO,HIZ,4.09339111,20.836197612995317,20-21,39627907957526202,dark,DESI_DR1_V161,ZWARN0_DELTACHI2_GT25_ZCAT_PRIMARY
DESI003757,150.097764273424,-1.11106047007,QSO,HIZ,3.0922393,20.589172909356126,20-21,39627763086264185,dark,DESI_DR1_V161,ZWARN0_DELTACHI2_GT25_ZCAT_PRIMARY
DESI003758,150.115223242841,15.303118069591,QSO,LOZ,0.469690826,20.10957411967972,20-21,39628151680141222,dark,DESI_DR1_V161,ZWARN0_DELTACHI2_GT25_ZCAT_PRIMARY
DESI003759,150.026100302206,-6.918515060417,QSO,HIZ,2.51072346,20.94541116316917,20-21,39627618437305069,dark,DESI_DR1_V161,ZWARN0_DELTACHI2_GT25_ZCAT_PRIMARY
DESI003760,150.075134985384,0.536848919784,QSO,HIZ,1.59124662,20.41512681659274,20-21,39627799325050382,dark,DESI_DR1_V161,ZWARN0_DELTACHI2_GT25_ZCAT_PRIMARY
DESI003761,150.004558936853,-8.067356279852,QSO,HIZ,1.73612198,20.273859423901165,20-21,39627594462658685,dark,DESI_DR1_V161,ZWARN0_DELTACHI2_GT25_ZCAT_PRIMARY
DESI003762,150.024946798749,13.408334005008,QSO,HIZ,2.58603124,20.771487244401946,20-21,39628110676624476,dark,DESI_DR1_V161,ZWARN0_DELTACHI2_GT25_ZCAT_PRIMARY
DESI003763,150.131784374481,10.735388058866,QSO,HIZ,2.12068807,20.679245435178096,20-21,39628045648136762,dark,DESI_DR1_V161,ZWARN0_DELTACHI2_GT25_ZCAT_PRIMARY
DESI003764,150.118544191359,-3.987695407221,QSO,LOZ,0.68742585,20.19691694877789,20-21,39627690638053282,dark,DESI_DR1_V161,ZWARN0_DELTACHI2_GT25_ZCAT_PRIMARY
DESI003765,150.118637937293,-4.023084196516,QSO,HIZ,3.33428933,20.66765124529171,20-21,39627690638053286,dark,DESI_DR1_V161,ZWARN0_DELTACHI2_GT25_ZCAT_PRIMARY
DESI003766,150.021007770181,0.550439747635,QSO,LOZ,1.24478902,20.93791074897654,20-21,39627799325049245,dark,DESI_DR1_V161,ZWARN0_DELTACHI2_GT25_ZCAT_PRIMARY
DESI003767,150.05764960679,10.578329127701,QSO,HIZ,1.79910671,20.80285537033307,20-21,39628039704805737,dark,DESI_DR1_V161,ZWARN0_DELTACHI2_GT25_ZCAT_PRIMARY
DESI003768,150.055472246404,18.547442425205,QSO,HIZ,2.88893321,20.343246712586076,20-21,39628226925953974,dark,DESI_DR1_V161,ZWARN0_DELTACHI2_GT25_ZCAT_PRIMARY
DESI003769,150.06060459935,11.662550601929,QSO,HIZ,1.82514769,20.84486526686628,20-21,39628069371120440,dark,DESI_DR1_V161,ZWARN0_DELTACHI2_GT25_ZCAT_PRIMARY
DESI003770,150.067259427691,-2.894068973594,QSO,LOZ,0.824323561,20.711964460971377,20-21,39627714767881496,dark,DESI_DR1_V161,ZWARN0_DELTACHI2_GT25_ZCAT_PRIMARY
DESI003771,150.025839207785,3.672211641786,QSO,LOZ,0.669569838,20.70542030630117,20-21,39627877821449803,dark,DESI_DR1_V161,ZWARN0_DELTACHI2_GT25_ZCAT_PRIMARY
DESI003772,150.112924155185,-0.741600577927,QSO,HIZ,2.86995093,20.930587145079343,20-21,39627769126062311,dark,DESI_DR1_V161,ZWARN0_DELTACHI2_GT25_ZCAT_PRIMARY
DESI003773,150.109035641652,9.943991091588,QSO,LOZ,1.29791396,20.339050144253143,20-21,39628027805565464,dark,DESI_DR1_V161,ZWARN0_DELTACHI2_GT25_ZCAT_PRIMARY
DESI003774,150.06831653009,18.335971392504,QSO,HIZ,2.09790552,20.144844624157688,20-21,39628221183951291,dark,DESI_DR1_V161,ZWARN0_DELTACHI2_GT25_ZCAT_PRIMARY
DESI003775,150.094347169722,-5.637973493207,QSO,HIZ,2.15620383,20.73335273644961,20-21,39627648476909814,dark,DESI_DR1_V161,ZWARN0_DELTACHI2_GT25_ZCAT_PRIMARY
DESI003776,150.070947516303,-6.285903182475,QSO,LOZ,1.1167401,20.752201560131628,20-21,39627636451840897,dark,DESI_DR1_V161,ZWARN0_DELTACHI2_GT25_ZCAT_PRIMARY
DESI003777,150.093928946801,-7.358886128573,QSO,HIZ,2.68243069,20.642727843466474,20-21,39627612443641062,dark,DESI_DR1_V161,ZWARN0_DELTACHI2_GT25_ZCAT_PRIMARY
DESI003778,150.082017913365,15.037740928559,QSO,LOZ,1.3227066,20.403133788965903,20-21,39628145841669876,dark,DESI_DR1_V161,ZWARN0_DELTACHI2_GT25_ZCAT_PRIMARY
DESI003779,150.062664580026,36.071462276745,QSO,LOZ,1.08331755,20.38757446364272,20-21,39633000152961023,dark,DESI_DR1_V161,ZWARN0_DELTACHI2_GT25_ZCAT_PRIMARY
DESI003780,150.075490134231,-0.436512075772,QSO,LOZ,1.0502829,20.479658323831593,20-21,39627775165859327,dark,DESI_DR1_V161,ZWARN0_DELTACHI2_GT25_ZCAT_PRIMARY
DESI003781,150.092381215429,11.212548031217,QSO,HIZ,3.04046357,20.771043199934628,20-21,39628057522211063,dark,DESI_DR1_V161,ZWARN0_DELTACHI2_GT25_ZCAT_PRIMARY
DESI003782,150.037238326924,14.141275815919,QSO,HIZ,2.28757661,20.697444821374138,20-21,39628128284314273,dark,DESI_DR1_V161,ZWARN0_DELTACHI2_GT25_ZCAT_PRIMARY
DESI003783,150.132359536856,-4.584174596646,QSO,LOZ,0.407144428,20.19714996745554,20-21,39627678579429871,dark,DESI_DR1_V161,ZWARN0_DELTACHI2_GT25_ZCAT_PRIMARY
DESI003784,150.016519591663,14.364443685665,QSO,HIZ,2.28317709,20.25626766488026,20-21,39628128284313935,dark,DESI_DR1_V161,ZWARN0_DELTACHI2_GT25_ZCAT_PRIMARY
DESI003785,150.060013376379,31.879636422737,QSO,HIZ,2.41299585,20.558319666953295,20-21,39628521802302422,dark,DESI_DR1_V161,ZWARN0_DELTACHI2_GT25_ZCAT_PRIMARY
DESI003786,150.140914479457,-2.664990219054,QSO,HIZ,3.38076407,20.880689482167718,20-21,39627720807681167,dark,DESI_DR1_V161,ZWARN0_DELTACHI2_GT25_ZCAT_PRIMARY
DESI003787,150.033937016682,1.55180965427,QSO,LOZ,1.17409484,20.461246562893546,20-21,39627823484240606,dark,DESI_DR1_V161,ZWARN0_DELTACHI2_GT25_ZCAT_PRIMARY
DESI003788,150.112828684381,-0.74047917832,QSO,HIZ,2.0693927,20.69619065552589,20-21,39627769126062309,dark,DESI_DR1_V161,ZWARN0_DELTACHI2_GT25_ZCAT_PRIMARY
DESI003789,150.03645247411,14.858916482611,QSO,HIZ,2.79145771,20.193344622007892,20-21,39628139994813665,dark,DESI_DR1_V161,ZWARN0_DELTACHI2_GT25_ZCAT_PRIMARY
DESI003790,150.103520976109,3.060548623023,QSO,LOZ,1.24178479,20.148553160031998,20-21,39627859723029191,dark,DESI_DR1_V161,ZWARN0_DELTACHI2_GT25_ZCAT_PRIMARY
DESI003791,150.081216260485,-4.271167409822,QSO,HIZ,1.41204462,20.309859737281894,20-21,39627684606642740,dark,DESI_DR1_V161,ZWARN0_DELTACHI2_GT25_ZCAT_PRIMARY
DESI003792,150.083828089871,12.084751996459,QSO,LOZ,1.05007135,20.745145799699717,20-21,39628075289284104,dark,DESI_DR1_V161,ZWARN0_DELTACHI2_GT25_ZCAT_PRIMARY
DESI003793,150.056443304846,1.627478872304,QSO,HIZ,1.62112151,20.696167978362357,20-21,39627829524038873,dark,DESI_DR1_V161,ZWARN0_DELTACHI2_GT25_ZCAT_PRIMARY
DESI003794,150.108142186822,37.190877416769,QSO,LOZ,0.950281584,20.33760746877183,20-21,39633024450562085,dark,DESI_DR1_V161,ZWARN0_DELTACHI2_GT25_ZCAT_PRIMARY
DESI003795,150.002106891801,14.18648844034,QSO,LOZ,1.20618256,20.434819475274477,20-21,39628128284313736,dark,DESI_DR1_V161,ZWARN0_DELTACHI2_GT25_ZCAT_PRIMARY
DESI003796,150.119300716622,2.853518489368,QSO,LOZ,0.766850731,20.849050732694007,20-21,39627853683231404,dark,DESI_DR1_V161,ZWARN0_DELTACHI2_GT25_ZCAT_PRIMARY
DESI003797,175.063008502998,15.729444216695,QSO,HIZ,3.37564097,20.480983179769126,20-21,39628163742962772,dark,DESI_DR1_V161,ZWARN0_DELTACHI2_GT25_ZCAT_PRIMARY
DESI003798,175.088863525945,20.809073515874,QSO,LOZ,1.03360017,20.480217472723098,20-21,39628278612363988,dark,DESI_DR1_V161,ZWARN0_DELTACHI2_GT25_ZCAT_PRIMARY
DESI003799,175.007836269415,-8.629042478676,QSO,LOZ,1.17801766,20.708134950085498,20-21,39627576934663349,dark,DESI_DR1_V161,ZWARN0_DELTACHI2_GT25_ZCAT_PRIMARY
DESI003800,175.012059390562,-2.078926089769,QSO,LOZ,0.399173406,20.10959093423427,20-21,39627739346501980,dark,DESI_DR1_V161,ZWARN0_DELTACHI2_GT25_ZCAT_PRIMARY
DESI003801,175.089209431734,0.556409498221,QSO,HIZ,1.96386855,20.348391492817893,20-21,39627799744480733,dark,DESI_DR1_V161,ZWARN0_DELTACHI2_GT25_ZCAT_PRIMARY
DESI003802,175.09900517925,35.11335463172,QSO,HIZ,3.21327576,20.856786562045546,20-21,39632980775275762,dark,DESI_DR1_V161,ZWARN0_DELTACHI2_GT25_ZCAT_PRIMARY
DESI003803,175.04963909211,31.243800383698,QSO,HIZ,2.43121329,20.75912213572512,20-21,39628506694418624,dark,DESI_DR1_V161,ZWARN0_DELTACHI2_GT25_ZCAT_PRIMARY
DESI003804,175.092517760341,0.251686486939,QSO,HIZ,1.71506106,20.924863887432075,20-21,39627793704682840,dark,DESI_DR1_V161,ZWARN0_DELTACHI2_GT25_ZCAT_PRIMARY
DESI003805,175.004910781512,-5.283950286355,QSO,HIZ,1.61924856,20.112704911163377,20-21,39627660929794432,dark,DESI_DR1_V161,ZWARN0_DELTACHI2_GT25_ZCAT_PRIMARY
DESI003806,175.077212309001,39.267609009394,QSO,HIZ,1.54353996,20.09190026714609,20-21,39633062836833003,dark,DESI_DR1_V161,ZWARN0_DELTACHI2_GT25_ZCAT_PRIMARY
DESI003807,175.081647343127,-4.432293002353,QSO,HIZ,2.42210021,20.403204616890264,20-21,39627678998857626,dark,DESI_DR1_V161,ZWARN0_DELTACHI2_GT25_ZCAT_PRIMARY
DESI003808,175.110760564312,23.918684778857,QSO,LOZ,1.14086489,20.41183922506141,20-21,39628351324815796,dark,DESI_DR1_V161,ZWARN0_DELTACHI2_GT25_ZCAT_PRIMARY
DESI003809,175.050721293826,5.386439725129,QSO,LOZ,1.11204738,20.897743480877292,20-21,39627920418801090,dark,DESI_DR1_V161,ZWARN0_DELTACHI2_GT25_ZCAT_PRIMARY
DESI003810,175.009506426441,39.33162439547,QSO,LOZ,0.814420173,20.54642841598112,20-21,39633062836832214,dark,DESI_DR1_V161,ZWARN0_DELTACHI2_GT25_ZCAT_PRIMARY
DESI003811,175.023056195644,40.547037883554,QSO,LOZ,0.845692818,20.33161711556398,20-21,39633086073277542,dark,DESI_DR1_V161,ZWARN0_DELTACHI2_GT25_ZCAT_PRIMARY
DESI003812,175.04421815835,3.574931381082,QSO,HIZ,2.39073302,20.535778715570324,20-21,39627872209470624,dark,DESI_DR1_V161,ZWARN0_DELTACHI2_GT25_ZCAT_PRIMARY
DESI003813,175.105417335268,53.103053556634,QSO,LOZ,0.937359824,20.571323438715307,20-21,39633293305447118,dark,DESI_DR1_V161,ZWARN0_DELTACHI2_GT25_ZCAT_PRIMARY
DESI003814,175.007841953729,9.181625208334,QSO,LOZ,1.38042646,20.723534709431604,20-21,39628010336290120,dark,DESI_DR1_V161,ZWARN0_DELTACHI2_GT25_ZCAT_PRIMARY
DESI003815,175.115546323696,55.219798014261,QSO,LOZ,1.25616462,20.82226931711853,20-21,39633325295405661,dark,DESI_DR1_V161,ZWARN0_DELTACHI2_GT25_ZCAT_PRIMARY
DESI003816,175.082371486037,5.163666872817,QSO,HIZ,2.23985683,20.712255253378043,20-21,39627914399975266,dark,DESI_DR1_V161,ZWARN0_DELTACHI2_GT25_ZCAT_PRIMARY
DESI003817,175.054259228542,-3.655457555357,QSO,HIZ,1.62872452,20.761582603590455,20-21,39627697088890173,dark,DESI_DR1_V161,ZWARN0_DELTACHI2_GT25_ZCAT_PRIMARY
DESI003818,175.109738521591,4.078492075672,QSO,HIZ,2.96924221,20.23958980152432,20-21,39627884272290379,dark,DESI_DR1_V161,ZWARN0_DELTACHI2_GT25_ZCAT_PRIMARY
DESI003819,175.079844129733,6.401485552276,QSO,LOZ,1.04745067,20.478861485402348,20-21,39627944464746768,dark,DESI_DR1_V161,ZWARN0_DELTACHI2_GT25_ZCAT_PRIMARY
DESI003820,175.009023537814,25.930990801731,QSO,HIZ,1.68368935,20.984406767383987,20-21,39628395193041037,dark,DESI_DR1_V161,ZWARN0_DELTACHI2_GT25_ZCAT_PRIMARY
DESI003821,175.07651627569,42.819774883208,QSO,HIZ,1.97720454,20.401238890920784,20-21,39633126833522573,dark,DESI_DR1_V161,ZWARN0_DELTACHI2_GT25_ZCAT_PRIMARY
DESI003822,175.082616079818,52.587749451712,QSO,HIZ,2.58268274,20.845267242511284,20-21,39633285957029395,dark,DESI_DR1_V161,ZWARN0_DELTACHI2_GT25_ZCAT_PRIMARY
DESI003823,175.100755205367,-3.309399466039,QSO,LOZ,1.59179595,20.322815877298282,20-21,39627709151709290,dark,DESI_DR1_V161,ZWARN0_DELTACHI2_GT25_ZCAT_PRIMARY
DESI003824,175.059067434723,26.276218791706,QSO,HIZ,2.81837575,20.223260269499796,20-21,39628400624665616,dark,DESI_DR1_V161,ZWARN0_DELTACHI2_GT25_ZCAT_PRIMARY
DESI003825,175.059313772792,26.595281362231,QSO,HIZ,3.10371035,20.660881011424568,20-21,39628406047901001,dark,DESI_DR1_V161,ZWARN0_DELTACHI2_GT25_ZCAT_PRIMARY
DESI003826,175.111555491324,24.752264231474,QSO,HIZ,1.94921407,20.286140414675305,20-21,39628367858762861,dark,DESI_DR1_V161,ZWARN0_DELTACHI2_GT25_ZCAT_PRIMARY
DESI003827,175.091408922946,24.848849950845,QSO,LOZ,0.840251831,20.267037266669952,20-21,39628367858762484,dark,DESI_DR1_V161,ZWARN0_DELTACHI2_GT25_ZCAT_PRIMARY
DESI003828,175.061123722617,24.843840131013,QSO,LOZ,1.13850013,20.19177853513946,20-21,39628367858761915,dark,DESI_DR1_V161,ZWARN0_DELTACHI2_GT25_ZCAT_PRIMARY
DESI003829,175.09928145191,42.264435709669,QSO,HIZ,1.60866478,20.799070553342606,20-21,39633117903849207,dark,DESI_DR1_V161,ZWARN0_DELTACHI2_GT25_ZCAT_PRIMARY
DESI003830,175.060628501231,-3.613617263768,QSO,HIZ,1.46520525,20.987009526335587,20-21,39627703120299804,dark,DESI_DR1_V161,ZWARN0_DELTACHI2_GT25_ZCAT_PRIMARY
DESI003831,175.039682975134,2.20794078875,QSO,LOZ,0.554227265,20.120833104406564,20-21,39627842023064352,dark,DESI_DR1_V161,ZWARN0_DELTACHI2_GT25_ZCAT_PRIMARY
DESI003832,175.080873611561,7.670208515158,QSO,HIZ,1.84568898,20.628351772633298,20-21,39627974462409548,dark,DESI_DR1_V161,ZWARN0_DELTACHI2_GT25_ZCAT_PRIMARY
DESI003833,175.061207306052,5.93981073336,QSO,LOZ,1.15539191,20.314681511222457,20-21,39627932448064907,dark,DESI_DR1_V161,ZWARN0_DELTACHI2_GT25_ZCAT_PRIMARY
DESI003834,175.062058221525,10.913594402349,QSO,LOZ,1.28377138,20.530840602662902,20-21,39628051998313230,dark,DESI_DR1_V161,ZWARN0_DELTACHI2_GT25_ZCAT_PRIMARY
DESI003835,175.039004937447,52.08709834046,QSO,LOZ,1.10699028,20.35769315158715,20-21,39633278528916199,dark,DESI_DR1_V161,ZWARN0_DELTACHI2_GT25_ZCAT_PRIMARY
DESI003836,175.038844690754,4.246254307339,QSO,HIZ,3.28415095,20.129209702376695,20-21,39627890303697790,dark,DESI_DR1_V161,ZWARN0_DELTACHI2_GT25_ZCAT_PRIMARY
DESI003837,175.112292664182,5.719287334834,QSO,LOZ,0.722726675,20.67982201062471,20-21,39627926433433977,dark,DESI_DR1_V161,ZWARN0_DELTACHI2_GT25_ZCAT_PRIMARY
DESI003838,175.016180316,-2.566348690516,QSO,HIZ,1.72857036,20.8601716128293,20-21,39627727266906445,dark,DESI_DR1_V161,ZWARN0_DELTACHI2_GT25_ZCAT_PRIMARY
DESI003839,175.08548247515,-4.053542209414,QSO,LOZ,1.29314436,20.86643080622448,20-21,39627691057481544,dark,DESI_DR1_V161,ZWARN0_DELTACHI2_GT25_ZCAT_PRIMARY
DESI003840,175.021587341494,3.791940318683,QSO,LOZ,1.36934893,20.12675557432515,20-21,39627878240879257,dark,DESI_DR1_V161,ZWARN0_DELTACHI2_GT25_ZCAT_PRIMARY
DESI003841,175.110200455253,4.70181560229,QSO,LOZ,1.36398506,20.498688433250305,20-21,39627902353935144,dark,DESI_DR1_V161,ZWARN0_DELTACHI2_GT25_ZCAT_PRIMARY
DESI003842,175.03606799274,4.939673073321,QSO,LOZ,0.777547696,20.77810976995568,20-21,39627908376954070,dark,DESI_DR1_V161,ZWARN0_DELTACHI2_GT25_ZCAT_PRIMARY
DESI003843,175.026187550158,49.936740693404,QSO,HIZ,2.58111139,20.41609958799942,20-21,39633248011158239,dark,DESI_DR1_V161,ZWARN0_DELTACHI2_GT25_ZCAT_PRIMARY
DESI003844,175.109067937909,2.335084238023,QSO,LOZ,0.993521989,20.657921560425585,20-21,39627842023065742,dark,DESI_DR1_V161,ZWARN0_DELTACHI2_GT25_ZCAT_PRIMARY
DESI003845,175.004940326046,3.602723018098,QSO,HIZ,1.89059069,20.866450098812393,20-21,39627872209469704,dark,DESI_DR1_V161,ZWARN0_DELTACHI2_GT25_ZCAT_PRIMARY
DESI003846,175.116710181313,52.045045364944,QSO,HIZ,1.79971342,20.993046484015313,20-21,39633278528916890,dark,DESI_DR1_V161,ZWARN0_DELTACHI2_GT25_ZCAT_PRIMARY
DESI003847,200.130307856398,7.003990611025,QSO,LOZ,0.535200423,20.238739936610042,20-21,39627956888277638,dark,DESI_DR1_V161,ZWARN0_DELTACHI2_GT25_ZCAT_PRIMARY
DESI003848,200.059251384239,0.988274472642,QSO,LOZ,1.40070826,20.902931061683255,20-21,39627812243506408,dark,DESI_DR1_V161,ZWARN0_DELTACHI2_GT25_ZCAT_PRIMARY
DESI003849,200.011338605001,33.221131565073,QSO,HIZ,2.86448283,20.80220281424308,20-21,39632946046435508,dark,DESI_DR1_V161,ZWARN0_DELTACHI2_GT25_ZCAT_PRIMARY
DESI003850,200.095559945449,34.957411078683,QSO,LOZ,0.815161801,20.777907482402117,20-21,39632981119209071,dark,DESI_DR1_V161,ZWARN0_DELTACHI2_GT25_ZCAT_PRIMARY
DESI003851,200.105378754437,44.663963507289,QSO,LOZ,1.01608996,20.376035371965436,20-21,39633162145367115,dark,DESI_DR1_V161,ZWARN0_DELTACHI2_GT25_ZCAT_PRIMARY
DESI003852,200.089041224277,3.191489574079,QSO,LOZ,0.727666231,20.61636410005258,20-21,39627866597492083,dark,DESI_DR1_V161,ZWARN0_DELTACHI2_GT25_ZCAT_PRIMARY
DESI003853,200.122085280712,-5.298271230543,QSO,HIZ,2.86904754,20.672945428582253,20-21,39627661349226047,dark,DESI_DR1_V161,ZWARN0_DELTACHI2_GT25_ZCAT_PRIMARY
DESI003854,200.093729548282,-9.015218339955,QSO,HIZ,2.8125025,20.94648800578088,20-21,39627571377211868,dark,DESI_DR1_V161,ZWARN0_DELTACHI2_GT25_ZCAT_PRIMARY
DESI003855,200.047119064059,33.839370402242,QSO,HIZ,2.15089311,20.706672695713824,20-21,39632956137934015,dark,DESI_DR1_V161,ZWARN0_DELTACHI2_GT25_ZCAT_PRIMARY
DESI003856,200.005464666399,39.37232421364,QSO,HIZ,2.27910852,20.485059123206092,20-21,39633063163986387,dark,DESI_DR1_V161,ZWARN0_DELTACHI2_GT25_ZCAT_PRIMARY
DESI003857,200.065485072433,3.948861141766,QSO,LOZ,1.58506075,20.9966701546103,20-21,39627884691718824,dark,DESI_DR1_V161,ZWARN0_DELTACHI2_GT25_ZCAT_PRIMARY
DESI003858,200.105506875934,2.378351677918,QSO,HIZ,1.45779379,20.956306541629953,20-21,39627848482293926,dark,DESI_DR1_V161,ZWARN0_DELTACHI2_GT25_ZCAT_PRIMARY
DESI003859,200.000541090907,-1.972435074904,QSO,LOZ,1.22027222,20.84790268390528,20-21,39627739765932070,dark,DESI_DR1_V161,ZWARN0_DELTACHI2_GT25_ZCAT_PRIMARY
DESI003860,200.032037341655,-1.862964317367,QSO,LOZ,1.2053424,20.454158092103736,20-21,39627745805730444,dark,DESI_DR1_V161,ZWARN0_DELTACHI2_GT25_ZCAT_PRIMARY
DESI003861,200.040838457398,-3.169825424635,QSO,HIZ,2.06744901,20.162195822649714,20-21,39627709571137815,dark,DESI_DR1_V161,ZWARN0_DELTACHI2_GT25_ZCAT_PRIMARY
DESI003862,200.11870377693,-4.58324622946,QSO,HIZ,2.79347537,20.3271143898116,20-21,39627679418287315,dark,DESI_DR1_V161,ZWARN0_DELTACHI2_GT25_ZCAT_PRIMARY
DESI003863,200.095545381511,32.028961882238,QSO,HIZ,1.42561408,20.30432760516795,20-21,39628522515334922,dark,DESI_DR1_V161,ZWARN0_DELTACHI2_GT25_ZCAT_PRIMARY
DESI003864,200.078668361579,47.264425078573,QSO,HIZ,1.82828311,20.474768348194075,20-21,39633204231014920,dark,DESI_DR1_V161,ZWARN0_DELTACHI2_GT25_ZCAT_PRIMARY
DESI003865,200.104421436915,7.904142746389,QSO,LOZ,1.1473415,20.445211151033707,20-21,39627980867112824,dark,DESI_DR1_V161,ZWARN0_DELTACHI2_GT25_ZCAT_PRIMARY
DESI003866,200.035309364708,-5.250875526541,QSO,LOZ,1.3011307,20.271925982040617,20-21,39627661345035732,dark,DESI_DR1_V161,ZWARN0_DELTACHI2_GT25_ZCAT_PRIMARY
DESI003867,200.068631746164,40.709910032631,QSO,LOZ,1.25535906,20.959002909933986,20-21,39633090989002089,dark,DESI_DR1_V161,ZWARN0_DELTACHI2_GT25_ZCAT_PRIMARY
DESI003868,200.083148631841,1.954149476636,QSO,HIZ,1.91868113,20.360840259067523,20-21,39627836402698208,dark,DESI_DR1_V161,ZWARN0_DELTACHI2_GT25_ZCAT_PRIMARY
DESI003869,200.057035922655,47.000365753304,QSO,HIZ,2.50776999,20.067188451300467,20-21,39633200108014907,dark,DESI_DR1_V161,ZWARN0_DELTACHI2_GT25_ZCAT_PRIMARY
DESI003870,200.077601774462,45.638543919196,QSO,LOZ,0.708726594,20.48127236195585,20-21,39633179207795435,dark,DESI_DR1_V161,ZWARN0_DELTACHI2_GT25_ZCAT_PRIMARY
DESI003871,200.019799792967,39.48155455891,QSO,HIZ,2.10032497,20.53175803447275,20-21,39633067840637816,dark,DESI_DR1_V161,ZWARN0_DELTACHI2_GT25_ZCAT_PRIMARY
DESI003872,200.026876981523,-0.440697692402,QSO,HIZ,2.53429524,20.502164042534357,20-21,39627776004719194,dark,DESI_DR1_V161,ZWARN0_DELTACHI2_GT25_ZCAT_PRIMARY
DESI003873,200.000288507631,9.621531006132,QSO,HIZ,1.40981011,20.42744209967898,20-21,39628016715825188,dark,DESI_DR1_V161,ZWARN0_DELTACHI2_GT25_ZCAT_PRIMARY
DESI003874,200.041323427092,8.696982869144,QSO,HIZ,2.73520761,20.116791022577782,20-21,39627998810342764,dark,DESI_DR1_V161,ZWARN0_DELTACHI2_GT25_ZCAT_PRIMARY
DESI003875,200.11855693,44.591532252747,QSO,HIZ,2.72062906,20.832689985512594,20-21,39633157833624012,dark,DESI_DR1_V161,ZWARN0_DELTACHI2_GT25_ZCAT_PRIMARY
DESI003876,200.058346041373,6.078403412412,QSO,LOZ,1.19739171,20.539562678659724,20-21,39627932863304714,dark,DESI_DR1_V161,ZWARN0_DELTACHI2_GT25_ZCAT_PRIMARY
DESI003877,200.08948316607,34.817602360506,QSO,LOZ,1.08475631,20.413001217946604,20-21,39632976157344449,dark,DESI_DR1_V161,ZWARN0_DELTACHI2_GT25_ZCAT_PRIMARY
DESI003878,200.095913552846,-2.553940752662,QSO,LOZ,0.591767571,20.749474215609947,20-21,39627727686338604,dark,DESI_DR1_V161,ZWARN0_DELTACHI2_GT25_ZCAT_PRIMARY
DESI003879,200.034337986835,-1.804332899003,QSO,HIZ,1.71208246,20.77133920940022,20-21,39627745805730486,dark,DESI_DR1_V161,ZWARN0_DELTACHI2_GT25_ZCAT_PRIMARY
DESI003880,200.042983658013,44.04481280629,QSO,HIZ,2.69864537,20.759797388997224,20-21,39633149155609823,dark,DESI_DR1_V161,ZWARN0_DELTACHI2_GT25_ZCAT_PRIMARY
DESI003881,200.070938815023,18.604100936833,QSO,HIZ,1.47823307,20.85742015673937,20-21,39628227722872186,dark,DESI_DR1_V161,ZWARN0_DELTACHI2_GT25_ZCAT_PRIMARY
DESI003882,200.071107824514,34.010651517053,QSO,HIZ,2.64273477,20.28560356004017,20-21,39632961162709734,dark,DESI_DR1_V161,ZWARN0_DELTACHI2_GT25_ZCAT_PRIMARY
DESI003883,200.015218156229,35.502192640555,QSO,LOZ,0.798232636,20.941225527636774,20-21,39632991005180920,dark,DESI_DR1_V161,ZWARN0_DELTACHI2_GT25_ZCAT_PRIMARY
DESI003884,200.094890264276,-7.169720029095,QSO,LOZ,1.09146657,20.728898882010114,20-21,39627613274116290,dark,DESI_DR1_V161,ZWARN0_DELTACHI2_GT25_ZCAT_PRIMARY
DESI003885,200.08226241974,-2.085816514348,QSO,HIZ,1.6595422,20.944446803944768,20-21,39627739765933762,dark,DESI_DR1_V161,ZWARN0_DELTACHI2_GT25_ZCAT_PRIMARY
DESI003886,200.101225332303,2.131402114689,QSO,HIZ,2.42884228,20.220084262470916,20-21,39627842442496709,dark,DESI_DR1_V161,ZWARN0_DELTACHI2_GT25_ZCAT_PRIMARY
DESI003887,200.078617704164,-0.572406280181,QSO,LOZ,0.622479846,20.873238209902095,20-21,39627776004720179,dark,DESI_DR1_V161,ZWARN0_DELTACHI2_GT25_ZCAT_PRIMARY
DESI003888,200.088689886189,34.053480719257,QSO,LOZ,0.853527204,20.34948899242432,20-21,39632961162709967,dark,DESI_DR1_V161,ZWARN0_DELTACHI2_GT25_ZCAT_PRIMARY
DESI003889,200.131257794182,44.257331578939,QSO,HIZ,2.31304362,20.825381081941345,20-21,39633153505103077,dark,DESI_DR1_V161,ZWARN0_DELTACHI2_GT25_ZCAT_PRIMARY
DESI003890,200.099282876221,9.814200698886,QSO,HIZ,3.20847812,20.61659589378475,20-21,39628022675932491,dark,DESI_DR1_V161,ZWARN0_DELTACHI2_GT25_ZCAT_PRIMARY
DESI003891,200.078101040784,-9.047965228502,QSO,HIZ,2.82068392,20.516498496016737,20-21,39627571377211530,dark,DESI_DR1_V161,ZWARN0_DELTACHI2_GT25_ZCAT_PRIMARY
DESI003892,200.109449809446,55.023189996979,QSO,LOZ,0.600776332,20.928054780320622,20-21,39633322069984881,dark,DESI_DR1_V161,ZWARN0_DELTACHI2_GT25_ZCAT_PRIMARY
DESI003893,200.007439918407,55.164234147694,QSO,HIZ,2.06377312,20.670597101067717,20-21,39633325534482034,dark,DESI_DR1_V161,ZWARN0_DELTACHI2_GT25_ZCAT_PRIMARY
DESI003894,200.088031619786,6.706796645556,QSO,LOZ,0.906903304,20.236516926084853,20-21,39627950886228326,dark,DESI_DR1_V161,ZWARN0_DELTACHI2_GT25_ZCAT_PRIMARY
DESI003895,200.050296796416,32.435932133021,QSO,HIZ,2.17911229,20.909296921653866,20-21,39632930795948799,dark,DESI_DR1_V161,ZWARN0_DELTACHI2_GT25_ZCAT_PRIMARY
DESI003896,225.056926466141,20.006471691391,QSO,HIZ,1.65195566,20.947888200051423,20-21,39628262388797198,dark,DESI_DR1_V161,ZWARN0_DELTACHI2_GT25_ZCAT_PRIMARY
DESI003897,225.100275893473,19.660774764525,QSO,HIZ,1.84355386,20.973645016578047,20-21,39628256701317962,dark,DESI_DR1_V161,ZWARN0_DELTACHI2_GT25_ZCAT_PRIMARY
DESI003898,225.122616121925,-6.621250147774,QSO,HIZ,2.94342129,20.795301142823643,20-21,39627631699693251,dark,DESI_DR1_V161,ZWARN0_DELTACHI2_GT25_ZCAT_PRIMARY
DESI003899,225.024622672231,15.663908987886,QSO,LOZ,0.688312517,20.543440468518988,20-21,39628164552461548,dark,DESI_DR1_V161,ZWARN0_DELTACHI2_GT25_ZCAT_PRIMARY
DESI003900,225.110340613845,5.862085730654,QSO,HIZ,2.71999139,20.91570284951427,20-21,39627927268102081,dark,DESI_DR1_V161,ZWARN0_DELTACHI2_GT25_ZCAT_PRIMARY
DESI003901,225.073641044881,26.545790286587,QSO,HIZ,1.71934895,20.430230176648664,20-21,39628406798683641,dark,DESI_DR1_V161,ZWARN0_DELTACHI2_GT25_ZCAT_PRIMARY
DESI003902,225.114279767951,7.821774241346,QSO,LOZ,0.52323034,20.35987490191971,20-21,39627975292884480,dark,DESI_DR1_V161,ZWARN0_DELTACHI2_GT25_ZCAT_PRIMARY
DESI003903,225.008749713259,37.629444985727,QSO,HIZ,1.92197491,20.57848983346092,20-21,39633035062153348,dark,DESI_DR1_V161,ZWARN0_DELTACHI2_GT25_ZCAT_PRIMARY
DESI003904,225.117751645722,33.628817364304,QSO,HIZ,1.67086128,20.58252243596306,20-21,39632956490253729,dark,DESI_DR1_V161,ZWARN0_DELTACHI2_GT25_ZCAT_PRIMARY
DESI003905,225.053423286712,4.341117158508,QSO,HIZ,4.11081096,20.22312158305045,20-21,39627891138368681,dark,DESI_DR1_V161,ZWARN0_DELTACHI2_GT25_ZCAT_PRIMARY
DESI003906,225.10594306396,-0.538484041147,QSO,LOZ,1.18129172,20.844335831981567,20-21,39627776424151575,dark,DESI_DR1_V161,ZWARN0_DELTACHI2_GT25_ZCAT_PRIMARY
DESI003907,225.076705001618,10.529438824849,QSO,LOZ,1.48079321,20.43052874779248,20-21,39628040942128159,dark,DESI_DR1_V161,ZWARN0_DELTACHI2_GT25_ZCAT_PRIMARY
DESI003908,225.083544349538,32.631002609271,QSO,LOZ,0.966711204,20.76769111820414,20-21,39632936252735623,dark,DESI_DR1_V161,ZWARN0_DELTACHI2_GT25_ZCAT_PRIMARY
DESI003909,225.036250564471,45.973673275891,QSO,HIZ,1.77714908,20.673403591544425,20-21,39633183716673828,dark,DESI_DR1_V161,ZWARN0_DELTACHI2_GT25_ZCAT_PRIMARY
DESI003910,225.023657301859,30.649720425522,QSO,LOZ,1.16622368,20.032624149208576,20-21,39628497043325411,dark,DESI_DR1_V161,ZWARN0_DELTACHI2_GT25_ZCAT_PRIMARY
DESI003911,225.01610147456,33.428407708824,QSO,LOZ,0.419189536,20.82052950689351,20-21,39632951448701177,dark,DESI_DR1_V161,ZWARN0_DELTACHI2_GT25_ZCAT_PRIMARY
DESI003912,225.092138246542,32.764989130001,QSO,HIZ,1.43050587,20.78391433394818,20-21,39632936252735735,dark,DESI_DR1_V161,ZWARN0_DELTACHI2_GT25_ZCAT_PRIMARY
DESI003913,225.122958971989,-3.541680430463,QSO,LOZ,1.32003426,20.74545424656807,20-21,39627703959160556,dark,DESI_DR1_V161,ZWARN0_DELTACHI2_GT25_ZCAT_PRIMARY
DESI003914,225.010819645929,1.668500324666,QSO,LOZ,0.554889953,20.23188823520012,20-21,39627830782329103,dark,DESI_DR1_V161,ZWARN0_DELTACHI2_GT25_ZCAT_PRIMARY
DESI003915,225.014056562218,6.472369937908,QSO,HIZ,1.72890045,20.36747263068894,20-21,39627945299411233,dark,DESI_DR1_V161,ZWARN0_DELTACHI2_GT25_ZCAT_PRIMARY
DESI003916,225.097788603513,34.47173822128,QSO,LOZ,0.833390578,20.428653147206717,20-21,39632971522638149,dark,DESI_DR1_V161,ZWARN0_DELTACHI2_GT25_ZCAT_PRIMARY
DESI003917,225.096049105691,8.773629778752,QSO,HIZ,2.00944541,20.407360062577546,20-21,39627999225579779,dark,DESI_DR1_V161,ZWARN0_DELTACHI2_GT25_ZCAT_PRIMARY
DESI003918,225.038014117106,51.274291873018,QSO,LOZ,0.754904435,20.78712415640534,20-21,39633267770524038,other,DESI_DR1_V161,ZWARN0_DELTACHI2_GT25_ZCAT_PRIMARY
DESI003919,225.023421023908,38.382687994909,QSO,HIZ,2.33495372,20.891968096917996,20-21,39633049352144264,dark,DESI_DR1_V161,ZWARN0_DELTACHI2_GT25_ZCAT_PRIMARY
DESI003920,225.026003104888,36.729092916795,QSO,HIZ,1.4777871,20.64245312456063,20-21,39633015789324498,dark,DESI_DR1_V161,ZWARN0_DELTACHI2_GT25_ZCAT_PRIMARY
DESI003921,225.038157907275,3.459862878013,QSO,LOZ,1.27048596,20.91396554009831,20-21,39627873044141031,dark,DESI_DR1_V161,ZWARN0_DELTACHI2_GT25_ZCAT_PRIMARY
DESI003922,225.01186546743,16.713821808627,QSO,LOZ,0.538712168,20.73850207395127,20-21,39628187767933245,dark,DESI_DR1_V161,ZWARN0_DELTACHI2_GT25_ZCAT_PRIMARY
DESI003923,225.094365924848,-4.095782156641,QSO,HIZ,1.9771155,20.502272673142887,20-21,39627691896341436,dark,DESI_DR1_V161,ZWARN0_DELTACHI2_GT25_ZCAT_PRIMARY
DESI003924,225.117330389061,25.989986753499,QSO,HIZ,2.01680682,20.987777818917504,20-21,39628395948017374,dark,DESI_DR1_V161,ZWARN0_DELTACHI2_GT25_ZCAT_PRIMARY
DESI003925,225.011232635418,10.324088449125,QSO,HIZ,1.78446323,20.777200883260644,20-21,39628034994603927,dark,DESI_DR1_V161,ZWARN0_DELTACHI2_GT25_ZCAT_PRIMARY
DESI003926,225.065844192867,14.436507182418,QSO,LOZ,0.768402567,20.111111325135386,20-21,39628135364300415,dark,DESI_DR1_V161,ZWARN0_DELTACHI2_GT25_ZCAT_PRIMARY
DESI003927,225.02435342111,33.324561221076,QSO,LOZ,1.04194635,20.31228459442941,20-21,39632946394565905,dark,DESI_DR1_V161,ZWARN0_DELTACHI2_GT25_ZCAT_PRIMARY
DESI003928,225.026223868,33.002890250587,QSO,LOZ,1.07350184,20.738613542099547,20-21,39632941332039175,dark,DESI_DR1_V161,ZWARN0_DELTACHI2_GT25_ZCAT_PRIMARY
DESI003929,225.084986705921,-6.524180368041,QSO,LOZ,0.904318628,20.176838509945735,20-21,39627631699692028,dark,DESI_DR1_V161,ZWARN0_DELTACHI2_GT25_ZCAT_PRIMARY
DESI003930,225.069085379345,-1.154994134692,QSO,LOZ,0.484268575,20.802441508781918,20-21,39627758304757503,dark,DESI_DR1_V161,ZWARN0_DELTACHI2_GT25_ZCAT_PRIMARY
DESI003931,225.088524089424,2.011093841752,QSO,HIZ,3.7294607,20.63565444000786,20-21,39627836822128422,dark,DESI_DR1_V161,ZWARN0_DELTACHI2_GT25_ZCAT_PRIMARY
DESI003932,225.09583965433,8.723010393794,QSO,HIZ,3.18558383,20.811493691128117,20-21,39627999225579777,dark,DESI_DR1_V161,ZWARN0_DELTACHI2_GT25_ZCAT_PRIMARY
DESI003933,225.057321822998,6.294680739808,QSO,HIZ,2.51814737,20.863228170094523,20-21,39627939293168729,dark,DESI_DR1_V161,ZWARN0_DELTACHI2_GT25_ZCAT_PRIMARY
DESI003934,225.123761940359,27.327963830674,QSO,LOZ,1.28822516,20.91516799662557,20-21,39628422988697066,dark,DESI_DR1_V161,ZWARN0_DELTACHI2_GT25_ZCAT_PRIMARY
DESI003935,225.009150665232,50.094282117612,QSO,HIZ,1.79545554,20.754655079537976,20-21,39633248552223665,other,DESI_DR1_V161,ZWARN0_DELTACHI2_GT25_ZCAT_PRIMARY
DESI003936,225.012212030988,30.854536836789,QSO,HIZ,1.66232713,20.16768858057609,20-21,39628497043325184,dark,DESI_DR1_V161,ZWARN0_DELTACHI2_GT25_ZCAT_PRIMARY
DESI003937,225.05543143231,11.826092969688,QSO,LOZ,0.764937881,20.99752150233128,20-21,39628070604247454,dark,DESI_DR1_V161,ZWARN0_DELTACHI2_GT25_ZCAT_PRIMARY
DESI003938,225.006603824967,35.138633364811,QSO,HIZ,1.82816229,20.990437340222435,20-21,39632986412418136,dark,DESI_DR1_V161,ZWARN0_DELTACHI2_GT25_ZCAT_PRIMARY
DESI003939,225.103766959362,-3.221333194656,QSO,HIZ,2.26337683,20.97738334792106,20-21,39627709990569337,dark,DESI_DR1_V161,ZWARN0_DELTACHI2_GT25_ZCAT_PRIMARY
DESI003940,225.062573383808,22.799226418664,QSO,LOZ,0.41962757,20.1283344240882,20-21,39628324330277204,bright,DESI_DR1_V161,ZWARN0_DELTACHI2_GT25_ZCAT_PRIMARY
DESI003941,225.100304490331,38.65112459843,QSO,HIZ,1.8396798,20.27821353001245,20-21,39633054083318030,dark,DESI_DR1_V161,ZWARN0_DELTACHI2_GT25_ZCAT_PRIMARY
DESI003942,225.084581742267,6.736957992047,QSO,LOZ,0.556686146,20.31174623364031,20-21,39627951305656135,dark,DESI_DR1_V161,ZWARN0_DELTACHI2_GT25_ZCAT_PRIMARY
DESI003943,225.037128741813,16.788601416139,QSO,HIZ,1.56481262,20.253459885235085,20-21,39628187767933687,dark,DESI_DR1_V161,ZWARN0_DELTACHI2_GT25_ZCAT_PRIMARY
DESI003944,225.03432282375,37.948777284308,QSO,HIZ,1.46333328,20.50843062616474,20-21,39633039843657380,dark,DESI_DR1_V161,ZWARN0_DELTACHI2_GT25_ZCAT_PRIMARY
DESI003945,225.085911585872,4.988473972921,QSO,LOZ,1.32733107,20.963315783499176,20-21,39627909211624485,dark,DESI_DR1_V161,ZWARN0_DELTACHI2_GT25_ZCAT_PRIMARY
DESI003946,330.038176063426,3.762558956342,QSO,LOZ,0.997247143,20.920992378103968,20-21,39627880837154431,dark,DESI_DR1_V161,ZWARN0_DELTACHI2_GT25_ZCAT_PRIMARY
DESI003947,330.061727626615,-10.020672826382,QSO,LOZ,0.480774129,20.348126642064763,20-21,39627549675886095,dark,DESI_DR1_V161,ZWARN0_DELTACHI2_GT25_ZCAT_PRIMARY
DESI003948,330.137487645379,0.570193580376,QSO,LOZ,0.290038853,20.051190521745475,20-21,39627802344952834,bright,DESI_DR1_V161,ZWARN0_DELTACHI2_GT25_ZCAT_PRIMARY
DESI003949,330.170736362737,3.900101331717,QSO,LOZ,1.28099659,20.441210097076354,20-21,39627886868567102,dark,DESI_DR1_V161,ZWARN0_DELTACHI2_GT25_ZCAT_PRIMARY
DESI003950,330.005783229188,4.174409129247,QSO,HIZ,2.06659674,20.877732075028156,20-21,39627892899972220,dark,DESI_DR1_V161,ZWARN0_DELTACHI2_GT25_ZCAT_PRIMARY
DESI003951,330.005704952758,-1.099269948138,QSO,LOZ,0.742500916,20.778358791002177,20-21,39627766106161441,dark,DESI_DR1_V161,ZWARN0_DELTACHI2_GT25_ZCAT_PRIMARY
DESI003952,330.053947637559,8.766665117856,QSO,LOZ,0.598990042,20.335311743688607,20-21,39628000966216759,bright,DESI_DR1_V161,ZWARN0_DELTACHI2_GT25_ZCAT_PRIMARY
DESI003953,330.146031736089,8.718336835627,QSO,HIZ,3.48769039,20.700532771587685,20-21,39628000966218801,dark,DESI_DR1_V161,ZWARN0_DELTACHI2_GT25_ZCAT_PRIMARY
DESI003954,330.164083616929,17.779204046359,QSO,LOZ,1.00798696,20.47708758257843,20-21,39628212556268351,dark,DESI_DR1_V161,ZWARN0_DELTACHI2_GT25_ZCAT_PRIMARY
DESI003955,330.202879898985,10.78894422916,QSO,LOZ,1.28580814,20.723492427020652,20-21,39628048617706445,dark,DESI_DR1_V161,ZWARN0_DELTACHI2_GT25_ZCAT_PRIMARY
DESI003956,330.188903704809,0.226485267983,QSO,HIZ,2.43452072,20.711993745888343,20-21,39627796305157713,dark,DESI_DR1_V161,ZWARN0_DELTACHI2_GT25_ZCAT_PRIMARY
DESI003957,330.170427704743,27.028736163273,QSO,HIZ,1.93006307,20.823351162707194,20-21,39628419180268080,dark,DESI_DR1_V161,ZWARN0_DELTACHI2_GT25_ZCAT_PRIMARY
DESI003958,330.177041590084,1.589792815804,QSO,HIZ,3.02001821,20.748353179661322,20-21,39627826504146102,dark,DESI_DR1_V161,ZWARN0_DELTACHI2_GT25_ZCAT_PRIMARY
DESI003959,330.143312585574,-7.57448813646,QSO,HIZ,1.67692867,20.435007470880137,20-21,39627609444714543,dark,DESI_DR1_V161,ZWARN0_DELTACHI2_GT25_ZCAT_PRIMARY
DESI003960,330.099179818415,9.841126605264,QSO,LOZ,0.606943941,20.536794672015684,20-21,39628024827609550,dark,DESI_DR1_V161,ZWARN0_DELTACHI2_GT25_ZCAT_PRIMARY
DESI003961,330.024042225844,1.101807482381,QSO,LOZ,0.823013688,20.64360348314375,20-21,39627814424544338,dark,DESI_DR1_V161,ZWARN0_DELTACHI2_GT25_ZCAT_PRIMARY
DESI003962,330.098164617632,-1.153910083829,QSO,HIZ,2.17029072,20.721551324275513,20-21,39627760066366970,dark,DESI_DR1_V161,ZWARN0_DELTACHI2_GT25_ZCAT_PRIMARY
DESI003963,330.168629520964,-0.745881402127,QSO,LOZ,1.04781548,20.914255318712257,20-21,39627772145965415,dark,DESI_DR1_V161,ZWARN0_DELTACHI2_GT25_ZCAT_PRIMARY
DESI003964,330.070913264732,-6.91354571947,QSO,HIZ,1.66381006,20.097041912715273,20-21,39627621440422594,dark,DESI_DR1_V161,ZWARN0_DELTACHI2_GT25_ZCAT_PRIMARY
DESI003965,330.007295897497,18.742586821894,QSO,HIZ,1.84562065,20.12422298089587,20-21,39628235524277350,dark,DESI_DR1_V161,ZWARN0_DELTACHI2_GT25_ZCAT_PRIMARY
DESI003966,330.137961086253,26.156138167404,QSO,LOZ,1.25439894,20.533176442470772,20-21,39628402960895803,dark,DESI_DR1_V161,ZWARN0_DELTACHI2_GT25_ZCAT_PRIMARY
DESI003967,330.056913663362,27.725248938974,QSO,LOZ,0.802454656,20.881366523656972,20-21,39628435278009677,dark,DESI_DR1_V161,ZWARN0_DELTACHI2_GT25_ZCAT_PRIMARY
DESI003968,330.160967812353,17.954563720741,QSO,LOZ,1.37258237,20.954272962032533,20-21,39628218310854762,dark,DESI_DR1_V161,ZWARN0_DELTACHI2_GT25_ZCAT_PRIMARY
DESI003969,330.091761378312,16.668471240442,QSO,HIZ,1.69725795,20.952514646314423,20-21,39628189458237787,dark,DESI_DR1_V161,ZWARN0_DELTACHI2_GT25_ZCAT_PRIMARY
DESI003970,330.025849770964,9.627954956421,QSO,HIZ,1.50025625,20.887107761804092,20-21,39628024823419456,dark,DESI_DR1_V161,ZWARN0_DELTACHI2_GT25_ZCAT_PRIMARY
DESI003971,330.015127673865,2.269279840776,QSO,LOZ,1.54512617,20.891898968635903,20-21,39627844623532466,dark,DESI_DR1_V161,ZWARN0_DELTACHI2_GT25_ZCAT_PRIMARY
DESI003972,330.130671543693,-4.711021860051,QSO,HIZ,1.55517512,20.944726690974488,20-21,39627675567919757,dark,DESI_DR1_V161,ZWARN0_DELTACHI2_GT25_ZCAT_PRIMARY
DESI003973,330.144469510673,4.925861757027,QSO,LOZ,0.915357216,20.879509945856267,20-21,39627910969038105,dark,DESI_DR1_V161,ZWARN0_DELTACHI2_GT25_ZCAT_PRIMARY
DESI003974,330.140471718473,-1.074436044272,QSO,HIZ,1.71796409,20.664641266915755,20-21,39627766106166398,dark,DESI_DR1_V161,ZWARN0_DELTACHI2_GT25_ZCAT_PRIMARY
DESI003975,330.203005722662,15.532439074589,QSO,HIZ,2.89917895,20.155054949019114,20-21,39628160429463006,dark,DESI_DR1_V161,ZWARN0_DELTACHI2_GT25_ZCAT_PRIMARY
DESI003976,330.061417413483,-10.436324813098,QSO,LOZ,0.556904592,20.051509251276972,20-21,39627537776640533,dark,DESI_DR1_V161,ZWARN0_DELTACHI2_GT25_ZCAT_PRIMARY
DESI003977,330.152367832512,7.418299577849,QSO,HIZ,1.70215647,20.95509692717834,20-21,39627971052439541,dark,DESI_DR1_V161,ZWARN0_DELTACHI2_GT25_ZCAT_PRIMARY
DESI003978,330.059685838193,18.23411961374,QSO,LOZ,1.21093742,20.266741560975696,20-21,39628224057049549,dark,DESI_DR1_V161,ZWARN0_DELTACHI2_GT25_ZCAT_PRIMARY
DESI003979,330.004929410379,1.684699237621,QSO,HIZ,2.29606196,20.880782336523275,20-21,39627832543936734,dark,DESI_DR1_V161,ZWARN0_DELTACHI2_GT25_ZCAT_PRIMARY
DESI003980,330.143932487518,3.593270327014,QSO,HIZ,1.56631891,20.818294060221323,20-21,39627874805747544,dark,DESI_DR1_V161,ZWARN0_DELTACHI2_GT25_ZCAT_PRIMARY
DESI003981,330.186344214134,-8.501439692468,QSO,HIZ,1.56325194,20.730531827324583,20-21,39627585486853508,dark,DESI_DR1_V161,ZWARN0_DELTACHI2_GT25_ZCAT_PRIMARY
DESI003982,330.155488452596,-6.260955022892,QSO,LOZ,1.52340696,20.81161520391133,20-21,39627639459153961,dark,DESI_DR1_V161,ZWARN0_DELTACHI2_GT25_ZCAT_PRIMARY
DESI003983,330.12747342744,26.714561453122,QSO,LOZ,0.950500873,20.880775005627534,20-21,39628413786391219,dark,DESI_DR1_V161,ZWARN0_DELTACHI2_GT25_ZCAT_PRIMARY
DESI003984,330.118769897535,4.58001386247,QSO,LOZ,1.39943466,20.616703186976032,20-21,39627898922996032,dark,DESI_DR1_V161,ZWARN0_DELTACHI2_GT25_ZCAT_PRIMARY
DESI003985,330.196352645698,16.094030300413,QSO,HIZ,1.71881261,20.460512896758758,20-21,39628172068652493,dark,DESI_DR1_V161,ZWARN0_DELTACHI2_GT25_ZCAT_PRIMARY
DESI003986,330.206195057747,13.049035603175,QSO,LOZ,1.56797423,20.890201769267126,20-21,39628101847617935,dark,DESI_DR1_V161,ZWARN0_DELTACHI2_GT25_ZCAT_PRIMARY
DESI003987,330.044888606477,1.273428111073,QSO,LOZ,0.639143785,20.3765359320058,20-21,39627820464342969,dark,DESI_DR1_V161,ZWARN0_DELTACHI2_GT25_ZCAT_PRIMARY
DESI003988,330.074045046852,2.027394395499,QSO,HIZ,1.98912046,20.71219039364704,20-21,39627838583736393,dark,DESI_DR1_V161,ZWARN0_DELTACHI2_GT25_ZCAT_PRIMARY
DESI003989,330.172532979499,2.079032676031,QSO,HIZ,1.73694713,20.810691589476566,20-21,39627838583738956,dark,DESI_DR1_V161,ZWARN0_DELTACHI2_GT25_ZCAT_PRIMARY
DESI003990,330.162731467579,-6.396110497353,QSO,LOZ,0.45366471,20.824037430697466,20-21,39627633452910412,dark,DESI_DR1_V161,ZWARN0_DELTACHI2_GT25_ZCAT_PRIMARY
DESI003991,330.009299377382,2.767141920824,QSO,HIZ,2.58565557,20.652141560909733,20-21,39627856703127791,dark,DESI_DR1_V161,ZWARN0_DELTACHI2_GT25_ZCAT_PRIMARY
DESI003992,330.038189147439,19.880477485497,QSO,HIZ,1.43361872,20.199467252390086,20-21,39628264049738977,dark,DESI_DR1_V161,ZWARN0_DELTACHI2_GT25_ZCAT_PRIMARY
DESI003993,330.042495962309,-7.953268178195,QSO,HIZ,1.57386304,20.552042697290617,20-21,39627597457392572,dark,DESI_DR1_V161,ZWARN0_DELTACHI2_GT25_ZCAT_PRIMARY
DESI003994,330.115024739963,15.62563533748,QSO,HIZ,1.96566199,20.993588586409338,20-21,39628166251155801,dark,DESI_DR1_V161,ZWARN0_DELTACHI2_GT25_ZCAT_PRIMARY
DESI003995,330.142716459928,13.184932990875,QSO,LOZ,0.403139939,20.125055964014514,20-21,39628107736419388,bright,DESI_DR1_V161,ZWARN0_DELTACHI2_GT25_ZCAT_PRIMARY
DESI003996,5.067293564914,8.488297856809,QSO,HIZ,2.20064481,21.069372324544524,21-22,39627989595455894,dark,DESI_DR1_V161,ZWARN0_DELTACHI2_GT25_ZCAT_PRIMARY
DESI003997,5.015625754282,26.245594598702,QSO,HIZ,3.46977558,21.009458727654433,21-22,39628398061945017,dark,DESI_DR1_V161,ZWARN0_DELTACHI2_GT25_ZCAT_PRIMARY
DESI003998,5.104357846262,20.119075696021,QSO,HIZ,2.04875927,21.902095538253395,21-22,39628258915910711,dark,DESI_DR1_V161,ZWARN0_DELTACHI2_GT25_ZCAT_PRIMARY
DESI003999,5.098682559093,-7.341143764355,QSO,HIZ,2.22364462,21.11543801671966,21-22,39627610027722271,dark,DESI_DR1_V161,ZWARN0_DELTACHI2_GT25_ZCAT_PRIMARY
DESI004000,5.071329017894,9.501834821559,QSO,HIZ,2.59452094,21.714120395560844,21-22,39628013486211240,dark,DESI_DR1_V161,ZWARN0_DELTACHI2_GT25_ZCAT_PRIMARY
DESI004001,5.003490954802,22.372003991952,QSO,HIZ,2.61154466,21.86397425230756,21-22,39628309738292990,dark,DESI_DR1_V161,ZWARN0_DELTACHI2_GT25_ZCAT_PRIMARY
DESI004002,5.043323410619,7.546634010076,QSO,HIZ,2.47903672,21.165420567632488,21-22,39627965637591232,dark,DESI_DR1_V161,ZWARN0_DELTACHI2_GT25_ZCAT_PRIMARY
DESI004003,5.093106679176,1.177354064161,QSO,LOZ,1.34857294,21.454163894237542,21-22,39627815011748967,dark,DESI_DR1_V161,ZWARN0_DELTACHI2_GT25_ZCAT_PRIMARY
DESI004004,5.058223686625,-6.095773353292,QSO,HIZ,1.90048333,21.649494720780474,21-22,39627640042161517,dark,DESI_DR1_V161,ZWARN0_DELTACHI2_GT25_ZCAT_PRIMARY
DESI004005,5.117992500453,24.603148791928,QSO,HIZ,2.66389795,21.063336366337488,21-22,39628359759564115,dark,DESI_DR1_V161,ZWARN0_DELTACHI2_GT25_ZCAT_PRIMARY
DESI004006,5.124087482756,4.354348105999,QSO,HIZ,1.64748898,21.60625392871204,21-22,39627887455767912,dark,DESI_DR1_V161,ZWARN0_DELTACHI2_GT25_ZCAT_PRIMARY
DESI004007,5.035574933636,22.40673610949,QSO,HIZ,1.68731818,21.676022294579504,21-22,39628315333495158,dark,DESI_DR1_V161,ZWARN0_DELTACHI2_GT25_ZCAT_PRIMARY
DESI004008,5.098296561857,18.599724968998,QSO,LOZ,1.43397304,21.588955553058327,21-22,39628224614893391,dark,DESI_DR1_V161,ZWARN0_DELTACHI2_GT25_ZCAT_PRIMARY
DESI004009,5.11222481798,14.644611278513,QSO,LOZ,0.991131363,21.26284715130869,21-22,39628137641808127,dark,DESI_DR1_V161,ZWARN0_DELTACHI2_GT25_ZCAT_PRIMARY
DESI004010,5.094329950159,4.238987595207,QSO,HIZ,3.80160164,21.695155134394987,21-22,39627887455767040,dark,DESI_DR1_V161,ZWARN0_DELTACHI2_GT25_ZCAT_PRIMARY
DESI004011,5.091617591144,14.357350789929,QSO,LOZ,1.14068888,21.786787635667235,21-22,39628125922921676,dark,DESI_DR1_V161,ZWARN0_DELTACHI2_GT25_ZCAT_PRIMARY
DESI004012,5.021863542623,2.490143676577,QSO,HIZ,2.19599534,21.978963797628797,21-22,39627845210735379,dark,DESI_DR1_V161,ZWARN0_DELTACHI2_GT25_ZCAT_PRIMARY
DESI004013,5.069310667525,6.989432384434,QSO,HIZ,1.67293891,21.978614461652565,21-22,39627953641882293,dark,DESI_DR1_V161,ZWARN0_DELTACHI2_GT25_ZCAT_PRIMARY
DESI004014,5.103202279037,0.764686192013,QSO,LOZ,1.4807711,21.972712924155033,21-22,39627802932153445,dark,DESI_DR1_V161,ZWARN0_DELTACHI2_GT25_ZCAT_PRIMARY
DESI004015,5.107022551524,1.85383933203,QSO,HIZ,1.75894072,21.990344890689766,21-22,39627827091345059,dark,DESI_DR1_V161,ZWARN0_DELTACHI2_GT25_ZCAT_PRIMARY
DESI004016,5.08402074919,2.406768739576,QSO,LOZ,1.58698114,21.866794347931375,21-22,39627845210737308,dark,DESI_DR1_V161,ZWARN0_DELTACHI2_GT25_ZCAT_PRIMARY
DESI004017,5.056826338905,9.703172101205,QSO,LOZ,1.38117781,21.6195726580731,21-22,39628019446321624,dark,DESI_DR1_V161,ZWARN0_DELTACHI2_GT25_ZCAT_PRIMARY
DESI004018,5.011110341746,11.611088148937,QSO,HIZ,1.60050201,21.697439058498812,21-22,39628061062204852,dark,DESI_DR1_V161,ZWARN0_DELTACHI2_GT25_ZCAT_PRIMARY
DESI004019,5.07128639937,13.201068903329,QSO,HIZ,1.51376675,21.64663135225292,21-22,39628102418042391,dark,DESI_DR1_V161,ZWARN0_DELTACHI2_GT25_ZCAT_PRIMARY
DESI004020,5.106381443134,14.805875282615,QSO,HIZ,1.51126085,21.583121027226934,21-22,39628137641808007,dark,DESI_DR1_V161,ZWARN0_DELTACHI2_GT25_ZCAT_PRIMARY
DESI004021,5.000742689279,19.460083868473,QSO,LOZ,1.08186997,21.77143356269865,21-22,39628247511600495,dark,DESI_DR1_V161,ZWARN0_DELTACHI2_GT25_ZCAT_PRIMARY
DESI004022,5.051730449703,10.478085731773,QSO,HIZ,1.66643461,21.707873425184875,21-22,39628037305668064,dark,DESI_DR1_V161,ZWARN0_DELTACHI2_GT25_ZCAT_PRIMARY
DESI004023,5.04567058445,-11.850861281356,QSO,HIZ,1.59481279,21.98461579183935,21-22,39627502750011865,dark,DESI_DR1_V161,ZWARN0_DELTACHI2_GT25_ZCAT_PRIMARY
DESI004024,5.086412416244,13.390590047044,QSO,HIZ,2.23884487,21.58309769597362,21-22,39628108306845337,dark,DESI_DR1_V161,ZWARN0_DELTACHI2_GT25_ZCAT_PRIMARY
DESI004025,5.029294920947,2.240060985878,QSO,HIZ,2.30750447,21.383412469741167,21-22,39627839170937905,dark,DESI_DR1_V161,ZWARN0_DELTACHI2_GT25_ZCAT_PRIMARY
DESI004026,5.051845763422,4.276848036119,QSO,HIZ,1.81693745,21.474318368008365,21-22,39627887455765770,dark,DESI_DR1_V161,ZWARN0_DELTACHI2_GT25_ZCAT_PRIMARY
DESI004027,5.114282226537,23.265608159623,QSO,HIZ,1.92287758,21.950370945973933,21-22,39628332068770123,dark,DESI_DR1_V161,ZWARN0_DELTACHI2_GT25_ZCAT_PRIMARY
DESI004028,5.070699495398,13.882512700882,QSO,LOZ,0.737595003,21.324716473083754,21-22,39628120059284241,dark,DESI_DR1_V161,ZWARN0_DELTACHI2_GT25_ZCAT_PRIMARY
DESI004029,5.061372590695,19.888591818945,QSO,HIZ,1.63134994,21.35643076763379,21-22,39628258915909988,dark,DESI_DR1_V161,ZWARN0_DELTACHI2_GT25_ZCAT_PRIMARY
DESI004030,5.078876362583,-10.654963530642,QSO,LOZ,0.610538065,21.053023895324642,21-22,39627526464606797,dark,DESI_DR1_V161,ZWARN0_DELTACHI2_GT25_ZCAT_PRIMARY
DESI004031,5.033780966086,-9.904684577932,QSO,LOZ,1.0956186,21.588392725677807,21-22,39627544298786912,dark,DESI_DR1_V161,ZWARN0_DELTACHI2_GT25_ZCAT_PRIMARY
DESI004032,5.070308982447,9.898481545091,QSO,HIZ,2.41241426,21.34664017486899,21-22,39628025402233348,dark,DESI_DR1_V161,ZWARN0_DELTACHI2_GT25_ZCAT_PRIMARY
DESI004033,5.02750103537,-0.829435334117,QSO,HIZ,1.62019691,21.534756296928023,21-22,39627766693364763,dark,DESI_DR1_V161,ZWARN0_DELTACHI2_GT25_ZCAT_PRIMARY
DESI004034,5.060052389987,15.40271903453,QSO,HIZ,2.38495916,21.81933979172622,21-22,39628155165608549,dark,DESI_DR1_V161,ZWARN0_DELTACHI2_GT25_ZCAT_PRIMARY
DESI004035,5.053681070476,18.232288028784,QSO,LOZ,0.900730755,21.822744175811245,21-22,39628218868696279,dark,DESI_DR1_V161,ZWARN0_DELTACHI2_GT25_ZCAT_PRIMARY
DESI004036,5.058635780842,6.122057216086,QSO,LOZ,1.36323718,21.985210319696918,21-22,39627929608520434,dark,DESI_DR1_V161,ZWARN0_DELTACHI2_GT25_ZCAT_PRIMARY
DESI004037,5.128334278933,3.152797409956,QSO,HIZ,1.97151495,21.66933317963009,21-22,39627863330132018,dark,DESI_DR1_V161,ZWARN0_DELTACHI2_GT25_ZCAT_PRIMARY
DESI004038,5.068495735549,7.364776863509,QSO,HIZ,2.09109723,21.91782088599544,21-22,39627959639736995,dark,DESI_DR1_V161,ZWARN0_DELTACHI2_GT25_ZCAT_PRIMARY
DESI004039,5.051473832563,-1.396264045466,QSO,HIZ,1.65277689,21.712726149349447,21-22,39627748573972232,dark,DESI_DR1_V161,ZWARN0_DELTACHI2_GT25_ZCAT_PRIMARY
DESI004040,5.013921431111,-10.401873666751,QSO,LOZ,1.48721702,21.39753848756672,21-22,39627532403740497,dark,DESI_DR1_V161,ZWARN0_DELTACHI2_GT25_ZCAT_PRIMARY
DESI004041,5.000434554139,26.320111071883,QSO,HIZ,2.30304644,21.027400328940402,21-22,39628398057755579,dark,DESI_DR1_V161,ZWARN0_DELTACHI2_GT25_ZCAT_PRIMARY
DESI004042,5.03854243965,13.224218087627,QSO,LOZ,1.29794795,21.579794389983885,21-22,39628102418041807,dark,DESI_DR1_V161,ZWARN0_DELTACHI2_GT25_ZCAT_PRIMARY
DESI004043,5.053539252894,9.204953672123,QSO,HIZ,2.52313902,21.86028772278135,21-22,39628007517721572,dark,DESI_DR1_V161,ZWARN0_DELTACHI2_GT25_ZCAT_PRIMARY
DESI004044,5.021554754997,19.514408646146,QSO,LOZ,1.47544437,21.882154434747783,21-22,39628247511600818,dark,DESI_DR1_V161,ZWARN0_DELTACHI2_GT25_ZCAT_PRIMARY
DESI004045,5.030636299574,14.107660266402,QSO,HIZ,1.49785748,21.01718928911484,21-22,39628120059283563,dark,DESI_DR1_V161,ZWARN0_DELTACHI2_GT25_ZCAT_PRIMARY
DESI004046,35.0254754562,25.340560986703,QSO,LOZ,1.26020975,21.18193413015586,21-22,39628376696164060,dark,DESI_DR1_V161,ZWARN0_DELTACHI2_GT25_ZCAT_PRIMARY
DESI004047,35.003693693999,-4.679767221072,QSO,HIZ,2.08932263,21.755276057678124,21-22,39627670631224955,dark,DESI_DR1_V161,ZWARN0_DELTACHI2_GT25_ZCAT_PRIMARY
DESI004048,35.003365411001,29.168201733104,QSO,HIZ,1.96271479,21.37863611292785,21-22,39628462822000125,dark,DESI_DR1_V161,ZWARN0_DELTACHI2_GT25_ZCAT_PRIMARY
DESI004049,35.014379857037,6.876875229099,QSO,HIZ,3.10807303,21.074153533471645,21-22,39627954141004180,dark,DESI_DR1_V161,ZWARN0_DELTACHI2_GT25_ZCAT_PRIMARY
DESI004050,35.059205343644,26.135862186942,QSO,LOZ,1.26187093,21.14037289298897,21-22,39628398514929798,dark,DESI_DR1_V161,ZWARN0_DELTACHI2_GT25_ZCAT_PRIMARY
DESI004051,35.006901368943,14.00364315869,QSO,HIZ,2.60172919,21.827824082448167,21-22,39628120545824861,dark,DESI_DR1_V161,ZWARN0_DELTACHI2_GT25_ZCAT_PRIMARY
DESI004052,35.073554378486,-11.729129644922,QSO,LOZ,1.20814235,21.018961254519763,21-22,39627503244939453,dark,DESI_DR1_V161,ZWARN0_DELTACHI2_GT25_ZCAT_PRIMARY
DESI004053,35.040778156853,-3.3841905328,QSO,HIZ,2.18101667,21.312184593105165,21-22,39627700771496256,dark,DESI_DR1_V161,ZWARN0_DELTACHI2_GT25_ZCAT_PRIMARY
DESI004054,35.005062700831,7.652951733532,QSO,HIZ,2.3655724,21.859763816173402,21-22,39627972130377951,dark,DESI_DR1_V161,ZWARN0_DELTACHI2_GT25_ZCAT_PRIMARY
DESI004055,35.02960931793,-5.884763419079,QSO,HIZ,2.40874055,21.262360862858426,21-22,39627640541287367,dark,DESI_DR1_V161,ZWARN0_DELTACHI2_GT25_ZCAT_PRIMARY
DESI004056,35.074368269198,8.863968933721,QSO,LOZ,1.39075399,21.010036614326005,21-22,39627996071464261,dark,DESI_DR1_V161,ZWARN0_DELTACHI2_GT25_ZCAT_PRIMARY
DESI004057,35.005213190646,17.76054454282,QSO,HIZ,2.02409321,21.80894889793925,21-22,39628207829289327,dark,DESI_DR1_V161,ZWARN0_DELTACHI2_GT25_ZCAT_PRIMARY
DESI004058,35.05944823177,29.210241410198,QSO,HIZ,1.80430709,21.31401493474184,21-22,39628462822001042,dark,DESI_DR1_V161,ZWARN0_DELTACHI2_GT25_ZCAT_PRIMARY
DESI004059,35.068309527489,22.043202580706,QSO,LOZ,1.46655229,21.700309833152126,21-22,39628304596076078,dark,DESI_DR1_V161,ZWARN0_DELTACHI2_GT25_ZCAT_PRIMARY
DESI004060,35.030552506563,4.096057693153,QSO,LOZ,0.822960164,21.004244162699546,21-22,39627881923483918,dark,DESI_DR1_V161,ZWARN0_DELTACHI2_GT25_ZCAT_PRIMARY
DESI004061,35.080708011407,-11.999865861687,QSO,HIZ,1.40426031,21.755374487553212,21-22,39627497330969637,dark,DESI_DR1_V161,ZWARN0_DELTACHI2_GT25_ZCAT_PRIMARY
DESI004062,35.02423402057,-3.655367632446,QSO,LOZ,1.13466701,21.01815949098155,21-22,39627694740086454,dark,DESI_DR1_V161,ZWARN0_DELTACHI2_GT25_ZCAT_PRIMARY
DESI004063,35.043447909004,-10.092774502334,QSO,HIZ,2.58875595,21.574304944594598,21-22,39627544797906693,dark,DESI_DR1_V161,ZWARN0_DELTACHI2_GT25_ZCAT_PRIMARY
DESI004064,35.043978491071,-12.444061705008,QSO,LOZ,1.13103412,21.43570807900953,21-22,39627485519807081,dark,DESI_DR1_V161,ZWARN0_DELTACHI2_GT25_ZCAT_PRIMARY
DESI004065,35.061310094186,3.350865067389,QSO,LOZ,1.04176242,21.12996363283654,21-22,39627863833444768,dark,DESI_DR1_V161,ZWARN0_DELTACHI2_GT25_ZCAT_PRIMARY
DESI004066,35.073987097142,9.382146103515,QSO,LOZ,1.57277083,21.34117081782675,21-22,39628013981141159,dark,DESI_DR1_V161,ZWARN0_DELTACHI2_GT25_ZCAT_PRIMARY
DESI004067,35.024768827383,-9.268983084719,QSO,LOZ,1.22066045,21.16893264315435,21-22,39627562674030882,dark,DESI_DR1_V161,ZWARN0_DELTACHI2_GT25_ZCAT_PRIMARY
DESI004068,35.066567071078,23.356721569316,QSO,HIZ,1.93536104,21.61408053652389,21-22,39628332534334206,dark,DESI_DR1_V161,ZWARN0_DELTACHI2_GT25_ZCAT_PRIMARY
DESI004069,35.063974306871,-6.248286831706,QSO,LOZ,0.780134719,21.775971884129252,21-22,39627634535042838,dark,DESI_DR1_V161,ZWARN0_DELTACHI2_GT25_ZCAT_PRIMARY
DESI004070,35.031745821864,-11.860097717771,QSO,LOZ,0.960846973,21.004622062488362,21-22,39627503244938246,dark,DESI_DR1_V161,ZWARN0_DELTACHI2_GT25_ZCAT_PRIMARY
DESI004071,35.05474505753,-1.877846755874,QSO,HIZ,1.95444954,21.920943789733553,21-22,39627736997693217,dark,DESI_DR1_V161,ZWARN0_DELTACHI2_GT25_ZCAT_PRIMARY
DESI004072,35.018790744743,3.696076794598,QSO,HIZ,2.51090765,21.84356973560819,21-22,39627875892075094,dark,DESI_DR1_V161,ZWARN0_DELTACHI2_GT25_ZCAT_PRIMARY
DESI004073,35.061710265375,-15.580060629762,QSO,LOZ,0.730501523,21.631070045806112,21-22,39627415147777606,dark,DESI_DR1_V161,ZWARN0_DELTACHI2_GT25_ZCAT_PRIMARY
DESI004074,35.035024793289,20.255395435571,QSO,LOZ,1.57591871,21.99033810082822,21-22,39628265073152300,dark,DESI_DR1_V161,ZWARN0_DELTACHI2_GT25_ZCAT_PRIMARY
DESI004075,35.023024103558,-9.663738682736,QSO,LOZ,1.07218111,21.563917381492132,21-22,39627550753817686,dark,DESI_DR1_V161,ZWARN0_DELTACHI2_GT25_ZCAT_PRIMARY
DESI004076,35.01488290688,15.03149793773,QSO,LOZ,1.09827943,21.742631226576826,21-22,39628143975204847,dark,DESI_DR1_V161,ZWARN0_DELTACHI2_GT25_ZCAT_PRIMARY
DESI004077,35.03533837673,-7.279392312658,QSO,LOZ,1.28806126,21.266727886095588,21-22,39627610526844227,dark,DESI_DR1_V161,ZWARN0_DELTACHI2_GT25_ZCAT_PRIMARY
DESI004078,35.030189924028,14.499674769463,QSO,HIZ,1.72945404,21.716845655670003,21-22,39628132273098391,dark,DESI_DR1_V161,ZWARN0_DELTACHI2_GT25_ZCAT_PRIMARY
DESI004079,35.037553103026,-3.616785705794,QSO,HIZ,2.53248058,21.804190836870845,21-22,39627700771496153,dark,DESI_DR1_V161,ZWARN0_DELTACHI2_GT25_ZCAT_PRIMARY
DESI004080,35.064161737601,6.799000469625,QSO,LOZ,1.30506719,21.6693685437378,21-22,39627948134762541,dark,DESI_DR1_V161,ZWARN0_DELTACHI2_GT25_ZCAT_PRIMARY
DESI004081,35.053238053014,10.571450847791,QSO,LOZ,0.757300765,21.418362312623273,21-22,39628037804786165,dark,DESI_DR1_V161,ZWARN0_DELTACHI2_GT25_ZCAT_PRIMARY
DESI004082,35.058222501822,10.110318288847,QSO,LOZ,0.887506916,21.07219305150863,21-22,39628025901352128,dark,DESI_DR1_V161,ZWARN0_DELTACHI2_GT25_ZCAT_PRIMARY
DESI004083,35.064634170215,30.825542407947,QSO,HIZ,2.16613796,21.35581366016298,21-22,39628494296059958,dark,DESI_DR1_V161,ZWARN0_DELTACHI2_GT25_ZCAT_PRIMARY
DESI004084,35.015083277271,-18.074817459037,QSO,HIZ,2.79643578,21.128685583942406,21-22,39627357266382774,dark,DESI_DR1_V161,ZWARN0_DELTACHI2_GT25_ZCAT_PRIMARY
DESI004085,35.006168782724,24.073580685462,QSO,LOZ,1.16588553,21.655902669546478,21-22,39628349173138192,dark,DESI_DR1_V161,ZWARN0_DELTACHI2_GT25_ZCAT_PRIMARY
DESI004086,35.002954545882,-5.741865862042,QSO,LOZ,1.01723345,21.632299744737548,21-22,39627646555918336,dark,DESI_DR1_V161,ZWARN0_DELTACHI2_GT25_ZCAT_PRIMARY
DESI004087,35.018169979575,3.317849753926,QSO,HIZ,3.13526506,21.26607606755325,21-22,39627863829257773,dark,DESI_DR1_V161,ZWARN0_DELTACHI2_GT25_ZCAT_PRIMARY
DESI004088,35.02355413643,-6.5685304163,QSO,HIZ,1.50209374,21.85060927276443,21-22,39627628528798272,dark,DESI_DR1_V161,ZWARN0_DELTACHI2_GT25_ZCAT_PRIMARY
DESI004089,35.067879479263,-10.328786389197,QSO,HIZ,2.33006093,21.204962818487118,21-22,39627538850382714,dark,DESI_DR1_V161,ZWARN0_DELTACHI2_GT25_ZCAT_PRIMARY
DESI004090,35.003079708764,3.309121672546,QSO,HIZ,3.15602631,21.028766098405395,21-22,39627863829257252,dark,DESI_DR1_V161,ZWARN0_DELTACHI2_GT25_ZCAT_PRIMARY
DESI004091,35.02695270377,19.734315710332,QSO,LOZ,1.36588107,21.010389000946596,21-22,39628253694001922,dark,DESI_DR1_V161,ZWARN0_DELTACHI2_GT25_ZCAT_PRIMARY
DESI004092,35.044618849364,-10.57039231315,QSO,LOZ,1.38931788,21.835992271895794,21-22,39627532902859114,dark,DESI_DR1_V161,ZWARN0_DELTACHI2_GT25_ZCAT_PRIMARY
DESI004093,35.051782340467,4.068291004256,QSO,LOZ,1.06420628,21.626257379601018,21-22,39636678020694148,dark,DESI_DR1_V161,ZWARN0_DELTACHI2_GT25_ZCAT_PRIMARY
DESI004094,35.079200062063,21.471036048928,QSO,LOZ,0.804498352,21.80867890790252,21-22,39628293346954242,dark,DESI_DR1_V161,ZWARN0_DELTACHI2_GT25_ZCAT_PRIMARY
DESI004095,35.038067958535,30.762401496977,QSO,HIZ,2.51700204,21.57868777208435,21-22,39628494296059570,dark,DESI_DR1_V161,ZWARN0_DELTACHI2_GT25_ZCAT_PRIMARY
DESI004096,125.043206624343,27.654590391967,QSO,LOZ,1.10012265,21.765340076989858,21-22,39628432232940676,dark,DESI_DR1_V161,ZWARN0_DELTACHI2_GT25_ZCAT_PRIMARY
DESI004097,125.046739572587,22.979995553682,QSO,LOZ,0.835158602,21.210404769026145,21-22,39628328356808269,dark,DESI_DR1_V161,ZWARN0_DELTACHI2_GT25_ZCAT_PRIMARY
DESI004098,125.053551864092,40.432659545071,QSO,LOZ,1.05322083,21.08321703846643,21-22,39633085435741948,dark,DESI_DR1_V161,ZWARN0_DELTACHI2_GT25_ZCAT_PRIMARY
DESI004099,125.046243206814,14.099344274085,QSO,LOZ,1.00622764,21.943234828100092,21-22,39628122013830573,dark,DESI_DR1_V161,ZWARN0_DELTACHI2_GT25_ZCAT_PRIMARY
DESI004100,125.033171076707,18.345122537467,QSO,HIZ,1.67160035,21.11155641474463,21-22,39628220781302830,dark,DESI_DR1_V161,ZWARN0_DELTACHI2_GT25_ZCAT_PRIMARY
DESI004101,125.041699337563,8.997743227566,QSO,LOZ,1.03967399,21.72084311103815,21-22,39628003537325467,dark,DESI_DR1_V161,ZWARN0_DELTACHI2_GT25_ZCAT_PRIMARY
DESI004102,125.053982220337,40.831681195645,QSO,HIZ,1.74911725,21.10464215024709,21-22,39633090036891769,dark,DESI_DR1_V161,ZWARN0_DELTACHI2_GT25_ZCAT_PRIMARY
DESI004103,125.037946873172,29.590345662761,QSO,HIZ,1.58081054,21.617764555849426,21-22,39628469415445827,dark,DESI_DR1_V161,ZWARN0_DELTACHI2_GT25_ZCAT_PRIMARY
DESI004104,125.052481176852,14.802448178156,QSO,HIZ,2.07531789,21.57650110368464,21-22,39628139592156307,dark,DESI_DR1_V161,ZWARN0_DELTACHI2_GT25_ZCAT_PRIMARY
DESI004105,125.029289036163,29.789431408935,QSO,HIZ,2.2891425,21.001659898934047,21-22,39628474675106618,dark,DESI_DR1_V161,ZWARN0_DELTACHI2_GT25_ZCAT_PRIMARY
DESI004106,125.008120692836,10.633163029725,QSO,HIZ,2.66372602,21.904803158129617,21-22,39628045232902048,dark,DESI_DR1_V161,ZWARN0_DELTACHI2_GT25_ZCAT_PRIMARY
DESI004107,125.025554698315,2.47191924873,QSO,HIZ,2.26594723,21.68305980524558,21-22,39627847224001199,dark,DESI_DR1_V161,ZWARN0_DELTACHI2_GT25_ZCAT_PRIMARY
DESI004108,125.009306012937,5.019872040356,QSO,HIZ,2.46177522,21.000701594007253,21-22,39627907538095462,dark,DESI_DR1_V161,ZWARN0_DELTACHI2_GT25_ZCAT_PRIMARY
DESI004109,125.053310253249,26.975331724875,QSO,LOZ,1.08865065,21.083320100757362,21-22,39628416105844215,dark,DESI_DR1_V161,ZWARN0_DELTACHI2_GT25_ZCAT_PRIMARY
DESI004110,125.006326967016,27.122561197509,QSO,LOZ,1.5058606,21.887804910747825,21-22,39628416105843408,dark,DESI_DR1_V161,ZWARN0_DELTACHI2_GT25_ZCAT_PRIMARY
DESI004111,125.031161469082,29.24730061365,QSO,LOZ,0.815933173,21.188367206942118,21-22,39628464139015073,dark,DESI_DR1_V161,ZWARN0_DELTACHI2_GT25_ZCAT_PRIMARY
DESI004112,125.061723098783,10.107417139698,QSO,HIZ,1.47917442,21.464598020755172,21-22,39628027390330719,dark,DESI_DR1_V161,ZWARN0_DELTACHI2_GT25_ZCAT_PRIMARY
DESI004113,125.059192616747,39.027643641891,QSO,HIZ,2.52741767,21.43390891837955,21-22,39633057484901781,dark,DESI_DR1_V161,ZWARN0_DELTACHI2_GT25_ZCAT_PRIMARY
DESI004114,125.059146288968,40.957438623225,QSO,HIZ,2.73157305,21.012958269995824,21-22,39633094617074326,dark,DESI_DR1_V161,ZWARN0_DELTACHI2_GT25_ZCAT_PRIMARY
DESI004115,125.064886441321,45.910843883852,QSO,HIZ,1.81109424,21.488398840300988,21-22,39633182546463873,dark,DESI_DR1_V161,ZWARN0_DELTACHI2_GT25_ZCAT_PRIMARY
DESI004116,125.063589116101,30.759709831256,QSO,HIZ,2.28325731,21.75929706400113,21-22,39628495596293911,dark,DESI_DR1_V161,ZWARN0_DELTACHI2_GT25_ZCAT_PRIMARY
DESI004117,125.042937280242,16.580308290571,QSO,LOZ,1.49161029,21.96805326232137,21-22,39628180369178802,dark,DESI_DR1_V161,ZWARN0_DELTACHI2_GT25_ZCAT_PRIMARY
DESI004118,125.070428816293,29.540460004327,QSO,LOZ,0.588457019,21.37563309710473,21-22,39628469415446626,dark,DESI_DR1_V161,ZWARN0_DELTACHI2_GT25_ZCAT_PRIMARY
DESI004119,125.023771328307,2.111186969755,QSO,HIZ,1.68531475,21.944581487915226,21-22,39627835144405591,dark,DESI_DR1_V161,ZWARN0_DELTACHI2_GT25_ZCAT_PRIMARY
DESI004120,125.016455753365,20.347394724652,QSO,HIZ,2.30971781,21.44962772805941,21-22,39628266495017872,dark,DESI_DR1_V161,ZWARN0_DELTACHI2_GT25_ZCAT_PRIMARY
DESI004121,125.037880699506,10.441363419036,QSO,LOZ,0.593425273,21.751978351381673,21-22,39628039289572108,dark,DESI_DR1_V161,ZWARN0_DELTACHI2_GT25_ZCAT_PRIMARY
DESI004122,125.020072814821,13.416868230842,QSO,HIZ,1.50540009,21.876105305568167,21-22,39628110265585575,dark,DESI_DR1_V161,ZWARN0_DELTACHI2_GT25_ZCAT_PRIMARY
DESI004123,125.012799748807,34.500814199001,QSO,HIZ,1.69336507,21.45048636676685,21-22,39632970134324170,dark,DESI_DR1_V161,ZWARN0_DELTACHI2_GT25_ZCAT_PRIMARY
DESI004124,125.010215466114,9.328352776379,QSO,LOZ,1.5902448,21.92123682390877,21-22,39628009505820945,dark,DESI_DR1_V161,ZWARN0_DELTACHI2_GT25_ZCAT_PRIMARY
DESI004125,125.057823006998,8.199249116973,QSO,HIZ,2.1983895,21.693144496861386,21-22,39627985606674786,dark,DESI_DR1_V161,ZWARN0_DELTACHI2_GT25_ZCAT_PRIMARY
DESI004126,125.024269475276,15.381403428112,QSO,LOZ,0.788151166,21.116166226323358,21-22,39628157107573268,dark,DESI_DR1_V161,ZWARN0_DELTACHI2_GT25_ZCAT_PRIMARY
DESI004127,125.029099742385,76.544442327318,QSO,HIZ,1.7619471,21.161204566538256,21-22,39633535086100833,dark,DESI_DR1_V161,ZWARN0_DELTACHI2_GT25_ZCAT_PRIMARY
DESI004128,125.052324644165,4.812506513493,QSO,LOZ,1.59316948,21.751667660593693,21-22,39636697608098278,dark,DESI_DR1_V161,ZWARN0_DELTACHI2_GT25_ZCAT_PRIMARY
DESI004129,125.041220963138,16.139977800686,QSO,HIZ,2.1701518,21.398789947941502,21-22,39628174564265708,dark,DESI_DR1_V161,ZWARN0_DELTACHI2_GT25_ZCAT_PRIMARY
DESI004130,125.017765501262,42.503168387206,QSO,LOZ,1.47944792,21.343776650273618,21-22,39633121758414858,dark,DESI_DR1_V161,ZWARN0_DELTACHI2_GT25_ZCAT_PRIMARY
DESI004131,125.044293875575,2.507027578486,QSO,HIZ,1.48229601,21.14828493603574,21-22,39627847224001605,dark,DESI_DR1_V161,ZWARN0_DELTACHI2_GT25_ZCAT_PRIMARY
DESI004132,125.024325027013,2.587357150028,QSO,HIZ,2.48867539,21.369471713880518,21-22,39627847224001166,dark,DESI_DR1_V161,ZWARN0_DELTACHI2_GT25_ZCAT_PRIMARY
DESI004133,125.040726481461,36.585670229964,QSO,HIZ,2.14169854,21.594637659974182,21-22,39633009581756076,dark,DESI_DR1_V161,ZWARN0_DELTACHI2_GT25_ZCAT_PRIMARY
DESI004134,125.059922342292,-1.25111576483,QSO,HIZ,3.05933663,21.895256350382997,21-22,39627756627035522,dark,DESI_DR1_V161,ZWARN0_DELTACHI2_GT25_ZCAT_PRIMARY
DESI004135,125.015520264881,1.283280567717,QSO,LOZ,0.814000669,21.59416615630163,21-22,39627817025012160,dark,DESI_DR1_V161,ZWARN0_DELTACHI2_GT25_ZCAT_PRIMARY
DESI004136,125.023441587908,32.736130941188,QSO,HIZ,3.01482909,21.380980991081717,21-22,39632934835062804,dark,DESI_DR1_V161,ZWARN0_DELTACHI2_GT25_ZCAT_PRIMARY
DESI004137,125.02687037698,3.339049824192,QSO,HIZ,2.7870213,21.766687548661302,21-22,39627865339202059,dark,DESI_DR1_V161,ZWARN0_DELTACHI2_GT25_ZCAT_PRIMARY
DESI004138,125.024357024923,5.308813944325,QSO,HIZ,2.56320176,21.065107145473625,21-22,39627913561116995,dark,DESI_DR1_V161,ZWARN0_DELTACHI2_GT25_ZCAT_PRIMARY
DESI004139,125.015231367386,13.798989998807,QSO,HIZ,1.9472864,21.806681918923623,21-22,39628116145996788,dark,DESI_DR1_V161,ZWARN0_DELTACHI2_GT25_ZCAT_PRIMARY
DESI004140,125.011409136306,9.012945618544,QSO,LOZ,1.45846572,21.959651248492143,21-22,39628003537324800,dark,DESI_DR1_V161,ZWARN0_DELTACHI2_GT25_ZCAT_PRIMARY
DESI004141,125.025312191192,2.139231188766,QSO,LOZ,1.17168424,21.447681793796935,21-22,39627841184203429,dark,DESI_DR1_V161,ZWARN0_DELTACHI2_GT25_ZCAT_PRIMARY
DESI004142,125.051691232945,28.216270730548,QSO,LOZ,1.1785137,21.628415331504215,21-22,39628442920027134,dark,DESI_DR1_V161,ZWARN0_DELTACHI2_GT25_ZCAT_PRIMARY
DESI004143,125.003607614175,20.704392506999,QSO,HIZ,2.00267016,21.88884330727919,21-22,39628277828026722,dark,DESI_DR1_V161,ZWARN0_DELTACHI2_GT25_ZCAT_PRIMARY
DESI004144,125.021004199177,8.0946860549,QSO,HIZ,3.19322494,21.702536921079485,21-22,39627979617212966,dark,DESI_DR1_V161,ZWARN0_DELTACHI2_GT25_ZCAT_PRIMARY
DESI004145,125.014458444271,29.71027780706,QSO,LOZ,1.33209075,21.4108030809863,21-22,39628474675106317,dark,DESI_DR1_V161,ZWARN0_DELTACHI2_GT25_ZCAT_PRIMARY
DESI004146,150.082650001061,-0.026404697821,QSO,HIZ,1.48842923,21.832963110004204,21-22,39627787245455414,dark,DESI_DR1_V161,ZWARN0_DELTACHI2_GT25_ZCAT_PRIMARY
DESI004147,150.081615323162,4.550496428701,QSO,HIZ,1.9390162,21.05166446931745,21-22,39627895911484280,dark,DESI_DR1_V161,ZWARN0_DELTACHI2_GT25_ZCAT_PRIMARY
DESI004148,150.067740708618,36.395946475133,QSO,HIZ,2.03179782,21.35212213499631,21-22,39633009921492968,dark,DESI_DR1_V161,ZWARN0_DELTACHI2_GT25_ZCAT_PRIMARY
DESI004149,150.061843695113,-2.191773972322,QSO,HIZ,2.47458195,21.994126644028253,21-22,39627732887275001,dark,DESI_DR1_V161,ZWARN0_DELTACHI2_GT25_ZCAT_PRIMARY
DESI004150,150.077061720729,6.623551384223,QSO,LOZ,1.45029104,21.530809262499545,21-22,39627944045319411,dark,DESI_DR1_V161,ZWARN0_DELTACHI2_GT25_ZCAT_PRIMARY
DESI004151,150.031539639798,18.858331786545,QSO,LOZ,1.39264508,21.823006046491976,21-22,39628232659567794,dark,DESI_DR1_V161,ZWARN0_DELTACHI2_GT25_ZCAT_PRIMARY
DESI004152,150.086007051493,6.841069470716,QSO,LOZ,1.45227408,21.411332748238365,21-22,39627950055751775,dark,DESI_DR1_V161,ZWARN0_DELTACHI2_GT25_ZCAT_PRIMARY
DESI004153,150.02364630738,6.215708143881,QSO,HIZ,2.21560176,21.32995552105882,21-22,39627938039074693,dark,DESI_DR1_V161,ZWARN0_DELTACHI2_GT25_ZCAT_PRIMARY
DESI004154,150.09698940423,70.230202403598,QSO,LOZ,0.958947169,21.828087181380347,21-22,39633491582780419,dark,DESI_DR1_V161,ZWARN0_DELTACHI2_GT25_ZCAT_PRIMARY
DESI004155,150.034219175937,-0.639051144291,QSO,HIZ,2.67104227,21.387745990832755,21-22,39627769126060756,dark,DESI_DR1_V161,ZWARN0_DELTACHI2_GT25_ZCAT_PRIMARY
DESI004156,150.033249518472,32.254632547538,QSO,LOZ,1.18704984,21.153402314685312,21-22,39628526927742919,dark,DESI_DR1_V161,ZWARN0_DELTACHI2_GT25_ZCAT_PRIMARY
DESI004157,150.090753195693,7.189963993224,QSO,HIZ,2.48103882,21.591181577926527,21-22,39627962055656435,dark,DESI_DR1_V161,ZWARN0_DELTACHI2_GT25_ZCAT_PRIMARY
DESI004158,150.062232902189,5.363214261441,QSO,HIZ,1.61653737,21.74732187079967,21-22,39627913980551878,dark,DESI_DR1_V161,ZWARN0_DELTACHI2_GT25_ZCAT_PRIMARY
DESI004159,150.014543831823,-2.096178927236,QSO,HIZ,2.67720501,21.597631767036475,21-22,39627738927071505,dark,DESI_DR1_V161,ZWARN0_DELTACHI2_GT25_ZCAT_PRIMARY
DESI004160,150.006493088242,-8.260236171641,QSO,HIZ,2.2578256,21.668222322818632,21-22,39627588477387733,dark,DESI_DR1_V161,ZWARN0_DELTACHI2_GT25_ZCAT_PRIMARY
DESI004161,150.003124742481,37.720966517931,QSO,HIZ,2.83794125,21.459993146871412,21-22,39633034063907848,dark,DESI_DR1_V161,ZWARN0_DELTACHI2_GT25_ZCAT_PRIMARY
DESI004162,150.100121723519,12.025944131554,QSO,LOZ,0.777419986,21.077396673840603,21-22,39628075289284365,dark,DESI_DR1_V161,ZWARN0_DELTACHI2_GT25_ZCAT_PRIMARY
DESI004163,150.017995160329,37.685275063826,QSO,LOZ,0.988874022,21.90708983195906,21-22,39633034063908024,dark,DESI_DR1_V161,ZWARN0_DELTACHI2_GT25_ZCAT_PRIMARY
DESI004164,150.043884384891,18.379378538238,QSO,HIZ,1.65307135,21.891375468098857,21-22,39628226925953771,dark,DESI_DR1_V161,ZWARN0_DELTACHI2_GT25_ZCAT_PRIMARY
DESI004165,150.100547641037,4.500153513585,QSO,HIZ,2.7808406,21.244922788581558,21-22,39627895911484615,dark,DESI_DR1_V161,ZWARN0_DELTACHI2_GT25_ZCAT_PRIMARY
DESI004166,150.039809503827,-6.129813066716,QSO,HIZ,2.48119243,21.988140418278,21-22,39627636451840276,dark,DESI_DR1_V161,ZWARN0_DELTACHI2_GT25_ZCAT_PRIMARY
DESI004167,150.017064427711,8.666928778898,QSO,HIZ,2.21065219,21.904909846195512,21-22,39627997979871418,dark,DESI_DR1_V161,ZWARN0_DELTACHI2_GT25_ZCAT_PRIMARY
DESI004168,150.002509122359,3.213561382023,QSO,HIZ,3.04056226,21.759928409733195,21-22,39627865758630993,dark,DESI_DR1_V161,ZWARN0_DELTACHI2_GT25_ZCAT_PRIMARY
DESI004169,150.046500310737,-4.39073846708,QSO,HIZ,1.74476089,21.849368240324395,21-22,39627678579427952,dark,DESI_DR1_V161,ZWARN0_DELTACHI2_GT25_ZCAT_PRIMARY
DESI004170,150.007537617191,-7.058079532886,QSO,HIZ,3.16339517,21.03661047665603,21-22,39627618437304720,dark,DESI_DR1_V161,ZWARN0_DELTACHI2_GT25_ZCAT_PRIMARY
DESI004171,150.058544305776,2.730345148872,QSO,LOZ,1.15237576,21.914903278581466,21-22,39627853683230023,dark,DESI_DR1_V161,ZWARN0_DELTACHI2_GT25_ZCAT_PRIMARY
DESI004172,150.081755064159,-5.016508198639,QSO,LOZ,1.32012359,21.494617474221958,21-22,39627666533387366,dark,DESI_DR1_V161,ZWARN0_DELTACHI2_GT25_ZCAT_PRIMARY
DESI004173,150.01393851905,9.177954245185,QSO,HIZ,2.31885061,21.582197492562543,21-22,39628009921055943,dark,DESI_DR1_V161,ZWARN0_DELTACHI2_GT25_ZCAT_PRIMARY
DESI004174,150.017490809634,14.504420859237,QSO,HIZ,1.4582725,21.18035514438396,21-22,39628134143757454,dark,DESI_DR1_V161,ZWARN0_DELTACHI2_GT25_ZCAT_PRIMARY
DESI004175,150.008885641402,8.154150350215,QSO,LOZ,1.02045909,21.94382012714469,21-22,39627986021909415,dark,DESI_DR1_V161,ZWARN0_DELTACHI2_GT25_ZCAT_PRIMARY
DESI004176,150.007748977261,-6.575648773273,QSO,HIZ,1.56780793,21.97038392659356,21-22,39627630445596524,dark,DESI_DR1_V161,ZWARN0_DELTACHI2_GT25_ZCAT_PRIMARY
DESI004177,150.059233674413,-2.679506036484,QSO,LOZ,0.860080043,21.90565067596087,21-22,39627720807679356,dark,DESI_DR1_V161,ZWARN0_DELTACHI2_GT25_ZCAT_PRIMARY
DESI004178,150.053466395501,3.217363823849,QSO,HIZ,1.72393234,21.397361510565112,21-22,39627865758632120,dark,DESI_DR1_V161,ZWARN0_DELTACHI2_GT25_ZCAT_PRIMARY
DESI004179,150.041219817048,7.485394029061,QSO,HIZ,2.15427606,21.054109796367424,21-22,39627968049320637,dark,DESI_DR1_V161,ZWARN0_DELTACHI2_GT25_ZCAT_PRIMARY
DESI004180,150.052130529749,7.913417800381,QSO,LOZ,1.34320971,21.705228002855545,21-22,39627980036637836,dark,DESI_DR1_V161,ZWARN0_DELTACHI2_GT25_ZCAT_PRIMARY
DESI004181,150.001169018963,1.241566374615,QSO,LOZ,1.04437944,21.888237455283864,21-22,39627817444442198,dark,DESI_DR1_V161,ZWARN0_DELTACHI2_GT25_ZCAT_PRIMARY
DESI004182,150.020730497455,0.812761650917,QSO,HIZ,2.63598881,21.65120246236707,21-22,39627805364847031,other,DESI_DR1_V161,ZWARN0_DELTACHI2_GT25_ZCAT_PRIMARY
DESI004183,150.079686598516,36.461014826722,QSO,LOZ,0.706299861,21.596676912070187,21-22,39633009921493092,dark,DESI_DR1_V161,ZWARN0_DELTACHI2_GT25_ZCAT_PRIMARY
DESI004184,150.086011218168,11.564866866197,QSO,LOZ,1.28979736,21.985048143446956,21-22,39628063448763460,dark,DESI_DR1_V161,ZWARN0_DELTACHI2_GT25_ZCAT_PRIMARY
DESI004185,150.000065379783,37.014780908368,QSO,HIZ,2.60350858,21.09778954474202,21-22,39633019622916139,dark,DESI_DR1_V161,ZWARN0_DELTACHI2_GT25_ZCAT_PRIMARY
DESI004186,150.06626690445,1.133819862799,QSO,HIZ,1.52909372,21.351729916502837,21-22,39627817444443708,other,DESI_DR1_V161,ZWARN0_DELTACHI2_GT25_ZCAT_PRIMARY
DESI004187,150.036342993261,3.363128484807,QSO,LOZ,0.791950083,21.411579749122613,21-22,39627865758631736,dark,DESI_DR1_V161,ZWARN0_DELTACHI2_GT25_ZCAT_PRIMARY
DESI004188,150.013115644434,32.473741374278,QSO,HIZ,1.4033276,21.68901088682786,21-22,39632930087110690,dark,DESI_DR1_V161,ZWARN0_DELTACHI2_GT25_ZCAT_PRIMARY
DESI004189,150.007733667961,1.464269645674,QSO,HIZ,3.04839966,21.47669759468399,21-22,39627823484240067,dark,DESI_DR1_V161,ZWARN0_DELTACHI2_GT25_ZCAT_PRIMARY
DESI004190,150.10455909864,11.284936017074,QSO,HIZ,2.84554202,21.758397344699794,21-22,39628057522211320,dark,DESI_DR1_V161,ZWARN0_DELTACHI2_GT25_ZCAT_PRIMARY
DESI004191,150.061763794905,-1.431167716636,QSO,HIZ,1.90404519,21.5137000705841,21-22,39627751006667770,dark,DESI_DR1_V161,ZWARN0_DELTACHI2_GT25_ZCAT_PRIMARY
DESI004192,150.04650966964,32.576996465048,QSO,LOZ,1.0007681,21.07264201605918,21-22,39632930087111101,dark,DESI_DR1_V161,ZWARN0_DELTACHI2_GT25_ZCAT_PRIMARY
DESI004193,150.055037934917,11.253988946042,QSO,LOZ,1.28619661,21.04775310591984,21-22,39628057522210376,dark,DESI_DR1_V161,ZWARN0_DELTACHI2_GT25_ZCAT_PRIMARY
DESI004194,150.050712036138,-8.629143790298,QSO,LOZ,1.0334319,21.80838601592281,21-22,39627576519428175,dark,DESI_DR1_V161,ZWARN0_DELTACHI2_GT25_ZCAT_PRIMARY
DESI004195,150.103695252302,2.665730439386,QSO,HIZ,2.9490133,21.106966092753723,21-22,39627853683231052,dark,DESI_DR1_V161,ZWARN0_DELTACHI2_GT25_ZCAT_PRIMARY
DESI004196,175.075203163199,24.649759750795,QSO,HIZ,2.93263155,21.138502999983746,21-22,39628367858762148,dark,DESI_DR1_V161,ZWARN0_DELTACHI2_GT25_ZCAT_PRIMARY
DESI004197,175.044735046163,8.522676168404,QSO,HIZ,1.71171783,21.105345121594993,21-22,39627992418223685,dark,DESI_DR1_V161,ZWARN0_DELTACHI2_GT25_ZCAT_PRIMARY
DESI004198,175.063412513546,40.797906564615,QSO,LOZ,1.38582646,21.85614553360245,21-22,39633090670235449,dark,DESI_DR1_V161,ZWARN0_DELTACHI2_GT25_ZCAT_PRIMARY
DESI004199,175.079107987028,-0.244302429598,QSO,LOZ,1.37988692,21.93613884779595,21-22,39627781625087569,dark,DESI_DR1_V161,ZWARN0_DELTACHI2_GT25_ZCAT_PRIMARY
DESI004200,175.031447642013,5.85789348285,QSO,HIZ,1.78332496,21.74130786599029,21-22,39627926433432427,dark,DESI_DR1_V161,ZWARN0_DELTACHI2_GT25_ZCAT_PRIMARY
DESI004201,175.028914632209,-5.087451178669,QSO,HIZ,1.59752595,21.498853628641037,21-22,39627666952815719,dark,DESI_DR1_V161,ZWARN0_DELTACHI2_GT25_ZCAT_PRIMARY
DESI004202,175.010798992385,-7.721630463542,QSO,HIZ,1.73935559,21.601246067257197,21-22,39627600867361987,dark,DESI_DR1_V161,ZWARN0_DELTACHI2_GT25_ZCAT_PRIMARY
DESI004203,175.061296667203,4.216949291696,QSO,HIZ,1.44398642,21.17627653585796,21-22,39627890303698266,dark,DESI_DR1_V161,ZWARN0_DELTACHI2_GT25_ZCAT_PRIMARY
DESI004204,175.037824755013,42.762295649196,QSO,LOZ,1.17732733,21.64103544827149,21-22,39633126833522097,dark,DESI_DR1_V161,ZWARN0_DELTACHI2_GT25_ZCAT_PRIMARY
DESI004205,175.000467164164,5.086305810568,QSO,HIZ,1.90613895,21.607365158921816,21-22,39627908376953196,dark,DESI_DR1_V161,ZWARN0_DELTACHI2_GT25_ZCAT_PRIMARY
DESI004206,175.009691680066,30.921755656016,QSO,HIZ,2.12020488,21.989550764894695,21-22,39628501510262837,dark,DESI_DR1_V161,ZWARN0_DELTACHI2_GT25_ZCAT_PRIMARY
DESI004207,175.017818423669,2.238399544321,QSO,HIZ,2.05622075,21.818290421058563,21-22,39627842023063935,dark,DESI_DR1_V161,ZWARN0_DELTACHI2_GT25_ZCAT_PRIMARY
DESI004208,175.042915669423,36.302465871084,QSO,LOZ,0.624080964,21.63731589950846,21-22,39633005383257472,dark,DESI_DR1_V161,ZWARN0_DELTACHI2_GT25_ZCAT_PRIMARY
DESI004209,175.060548391739,1.108909031241,QSO,HIZ,1.86903037,21.73692261428897,21-22,39627811824075973,dark,DESI_DR1_V161,ZWARN0_DELTACHI2_GT25_ZCAT_PRIMARY
DESI004210,175.006320145413,0.635875353871,QSO,HIZ,2.23731081,21.70801476539152,21-22,39627805784277144,dark,DESI_DR1_V161,ZWARN0_DELTACHI2_GT25_ZCAT_PRIMARY
DESI004211,175.01035336365,-1.143031338946,QSO,HIZ,2.09993657,21.661224867461726,21-22,39627757465895103,dark,DESI_DR1_V161,ZWARN0_DELTACHI2_GT25_ZCAT_PRIMARY
DESI004212,175.06162870127,-1.378782485716,QSO,HIZ,2.86350449,21.31264279864984,21-22,39627751426098447,dark,DESI_DR1_V161,ZWARN0_DELTACHI2_GT25_ZCAT_PRIMARY
DESI004213,175.025219264833,-5.465016809357,QSO,LOZ,0.844098386,21.495538282535456,21-22,39627654910968648,dark,DESI_DR1_V161,ZWARN0_DELTACHI2_GT25_ZCAT_PRIMARY
DESI004214,175.040770066719,1.380647660138,QSO,HIZ,2.26509544,21.952008290736064,21-22,39627823903670986,dark,DESI_DR1_V161,ZWARN0_DELTACHI2_GT25_ZCAT_PRIMARY
DESI004215,175.055720451009,37.413234523131,QSO,HIZ,1.96415811,21.452019568779242,21-22,39633029601166310,dark,DESI_DR1_V161,ZWARN0_DELTACHI2_GT25_ZCAT_PRIMARY
DESI004216,175.04893479106,19.729019015117,QSO,LOZ,1.03469611,21.735235728836283,21-22,39628255908595096,dark,DESI_DR1_V161,ZWARN0_DELTACHI2_GT25_ZCAT_PRIMARY
DESI004217,175.045482397096,20.973965785992,QSO,HIZ,1.80455702,21.40946214749179,21-22,39628284262091062,dark,DESI_DR1_V161,ZWARN0_DELTACHI2_GT25_ZCAT_PRIMARY
DESI004218,175.006782114598,25.24858603336,QSO,HIZ,2.75468949,21.861963511720884,21-22,39628378822676121,dark,DESI_DR1_V161,ZWARN0_DELTACHI2_GT25_ZCAT_PRIMARY
DESI004219,175.074753263906,-5.053041292902,QSO,LOZ,1.41375897,21.338168974508072,21-22,39627666952816807,dark,DESI_DR1_V161,ZWARN0_DELTACHI2_GT25_ZCAT_PRIMARY
DESI004220,175.072269031175,20.771939703717,QSO,HIZ,2.10833357,21.800171363357816,21-22,39628278612363724,dark,DESI_DR1_V161,ZWARN0_DELTACHI2_GT25_ZCAT_PRIMARY
DESI004221,175.048203627343,9.5023246511,QSO,HIZ,3.94275471,21.254726962297582,21-22,39628016300590999,dark,DESI_DR1_V161,ZWARN0_DELTACHI2_GT25_ZCAT_PRIMARY
DESI004222,175.026331295343,-5.351367680348,QSO,LOZ,1.37721506,21.488989151468626,21-22,39627660929794818,dark,DESI_DR1_V161,ZWARN0_DELTACHI2_GT25_ZCAT_PRIMARY
DESI004223,175.078486336592,2.747189973662,QSO,HIZ,2.00270278,21.793359765243885,21-22,39627854102660758,dark,DESI_DR1_V161,ZWARN0_DELTACHI2_GT25_ZCAT_PRIMARY
DESI004224,175.008105249671,-0.14371122997,QSO,HIZ,2.1107203,21.97669512033275,21-22,39627781625086131,dark,DESI_DR1_V161,ZWARN0_DELTACHI2_GT25_ZCAT_PRIMARY
DESI004225,175.048228960484,51.921173501558,QSO,LOZ,1.57212063,21.468231386323033,21-22,39633278528916282,dark,DESI_DR1_V161,ZWARN0_DELTACHI2_GT25_ZCAT_PRIMARY
DESI004226,175.053894532548,2.298056780103,QSO,LOZ,0.718074208,21.187533837366168,21-22,39627842023064604,dark,DESI_DR1_V161,ZWARN0_DELTACHI2_GT25_ZCAT_PRIMARY
DESI004227,175.051061119474,0.716587162461,QSO,HIZ,1.86215606,21.02412724395572,21-22,39627805784278054,dark,DESI_DR1_V161,ZWARN0_DELTACHI2_GT25_ZCAT_PRIMARY
DESI004228,175.008691429414,5.821845780271,QSO,LOZ,1.01856885,21.107315264084967,21-22,39627926433432070,dark,DESI_DR1_V161,ZWARN0_DELTACHI2_GT25_ZCAT_PRIMARY
DESI004229,175.01856724016,1.090277163961,QSO,LOZ,0.931082531,21.78665817396363,21-22,39627811824075093,dark,DESI_DR1_V161,ZWARN0_DELTACHI2_GT25_ZCAT_PRIMARY
DESI004230,175.082020281182,36.224661171263,QSO,HIZ,1.92681953,21.499648400605757,21-22,39633005387448734,dark,DESI_DR1_V161,ZWARN0_DELTACHI2_GT25_ZCAT_PRIMARY
DESI004231,175.011776287305,3.595679754149,QSO,LOZ,0.995740608,21.597844596674204,21-22,39627872209469845,dark,DESI_DR1_V161,ZWARN0_DELTACHI2_GT25_ZCAT_PRIMARY
DESI004232,175.049034765394,-7.039075092955,QSO,LOZ,1.22391463,21.352144767309838,21-22,39627618856731967,dark,DESI_DR1_V161,ZWARN0_DELTACHI2_GT25_ZCAT_PRIMARY
DESI004233,175.06428097371,24.759520480218,QSO,LOZ,0.963799905,21.017677053686675,21-22,39628367858761961,dark,DESI_DR1_V161,ZWARN0_DELTACHI2_GT25_ZCAT_PRIMARY
DESI004234,175.048481986075,37.198844325046,QSO,HIZ,1.50944069,21.99209129435228,21-22,39633024786105128,dark,DESI_DR1_V161,ZWARN0_DELTACHI2_GT25_ZCAT_PRIMARY
DESI004235,175.052631880615,16.165479878428,QSO,HIZ,1.40465146,21.148682055740426,21-22,39628175369574703,dark,DESI_DR1_V161,ZWARN0_DELTACHI2_GT25_ZCAT_PRIMARY
DESI004236,175.042993726373,2.725973929943,QSO,HIZ,2.27905787,21.76209424290128,21-22,39627854102659953,dark,DESI_DR1_V161,ZWARN0_DELTACHI2_GT25_ZCAT_PRIMARY
DESI004237,175.019535826222,-1.390323543858,QSO,HIZ,2.05191992,21.362796423410966,21-22,39627751426097559,dark,DESI_DR1_V161,ZWARN0_DELTACHI2_GT25_ZCAT_PRIMARY
DESI004238,175.030369772726,0.880423160178,QSO,HIZ,2.01514818,21.148916643486395,21-22,39627811824075321,dark,DESI_DR1_V161,ZWARN0_DELTACHI2_GT25_ZCAT_PRIMARY
DESI004239,175.048002431628,31.27744954434,QSO,LOZ,1.37104215,21.793246505501468,21-22,39628506694418601,dark,DESI_DR1_V161,ZWARN0_DELTACHI2_GT25_ZCAT_PRIMARY
DESI004240,175.080016593929,15.194249601804,QSO,HIZ,2.13726174,21.534582253897554,21-22,39628152082797601,dark,DESI_DR1_V161,ZWARN0_DELTACHI2_GT25_ZCAT_PRIMARY
DESI004241,175.082236001173,23.740711220812,QSO,LOZ,1.00682255,21.879895092799334,21-22,39628345788339178,dark,DESI_DR1_V161,ZWARN0_DELTACHI2_GT25_ZCAT_PRIMARY
DESI004242,175.075659989902,7.094488491998,QSO,HIZ,2.68650117,21.743712718017452,21-22,39627956473038815,dark,DESI_DR1_V161,ZWARN0_DELTACHI2_GT25_ZCAT_PRIMARY
DESI004243,175.017136784559,20.666016149091,QSO,HIZ,2.4355434,21.996636939013577,21-22,39628278612362774,dark,DESI_DR1_V161,ZWARN0_DELTACHI2_GT25_ZCAT_PRIMARY
DESI004244,175.063921299654,53.233298204811,QSO,LOZ,0.82237125,21.134081425529523,21-22,39633296946102828,dark,DESI_DR1_V161,ZWARN0_DELTACHI2_GT25_ZCAT_PRIMARY
DESI004245,175.041046648437,6.576895370706,QSO,LOZ,1.06636614,21.315366928149885,21-22,39627944464745878,dark,DESI_DR1_V161,ZWARN0_DELTACHI2_GT25_ZCAT_PRIMARY
DESI004246,200.101463049597,55.85013967115,QSO,LOZ,0.881702326,21.925034302109893,21-22,39633332408944640,dark,DESI_DR1_V161,ZWARN0_DELTACHI2_GT25_ZCAT_PRIMARY
DESI004247,200.037312598146,8.249741437928,QSO,LOZ,1.51509606,21.35126622551355,21-22,39627986852382688,dark,DESI_DR1_V161,ZWARN0_DELTACHI2_GT25_ZCAT_PRIMARY
DESI004248,200.036975972802,4.208640069917,QSO,LOZ,1.10890728,21.5054279623718,21-22,39627890723127491,dark,DESI_DR1_V161,ZWARN0_DELTACHI2_GT25_ZCAT_PRIMARY
DESI004249,200.05365998276,8.774020575172,QSO,HIZ,1.60775515,21.461181112868953,21-22,39627998810343001,dark,DESI_DR1_V161,ZWARN0_DELTACHI2_GT25_ZCAT_PRIMARY
DESI004250,200.061502294286,5.131771325093,QSO,HIZ,1.5793041,21.258551045368296,21-22,39627914819403974,dark,DESI_DR1_V161,ZWARN0_DELTACHI2_GT25_ZCAT_PRIMARY
DESI004251,200.028824144006,46.747557441136,QSO,HIZ,2.67014449,21.378222608809445,21-22,39633195968233829,dark,DESI_DR1_V161,ZWARN0_DELTACHI2_GT25_ZCAT_PRIMARY
DESI004252,200.007626311755,9.385792645053,QSO,HIZ,1.98433473,21.434629038872036,21-22,39628016715825336,dark,DESI_DR1_V161,ZWARN0_DELTACHI2_GT25_ZCAT_PRIMARY
DESI004253,200.086540170315,40.293955491926,QSO,HIZ,2.43709877,21.82173801627907,21-22,39633081782503156,dark,DESI_DR1_V161,ZWARN0_DELTACHI2_GT25_ZCAT_PRIMARY
DESI004254,200.010216459273,33.068042049324,QSO,LOZ,0.634344915,21.351956179110843,21-22,39632940979717046,dark,DESI_DR1_V161,ZWARN0_DELTACHI2_GT25_ZCAT_PRIMARY
DESI004255,200.087761226311,-7.834614650484,QSO,LOZ,1.00990717,21.86552258261713,21-22,39627601282600677,dark,DESI_DR1_V161,ZWARN0_DELTACHI2_GT25_ZCAT_PRIMARY
DESI004256,200.016235087391,-0.370748019582,QSO,LOZ,0.8031864,21.966019686953153,21-22,39627782044516785,dark,DESI_DR1_V161,ZWARN0_DELTACHI2_GT25_ZCAT_PRIMARY
DESI004257,200.080714086415,37.702156089326,QSO,HIZ,1.86415367,21.242417323779208,21-22,39633034730801361,dark,DESI_DR1_V161,ZWARN0_DELTACHI2_GT25_ZCAT_PRIMARY
DESI004258,200.044200330933,4.047964399283,QSO,LOZ,0.983236639,21.428258138921947,21-22,39627884691718445,dark,DESI_DR1_V161,ZWARN0_DELTACHI2_GT25_ZCAT_PRIMARY
DESI004259,200.072969891049,3.652901793299,QSO,LOZ,0.862883001,21.026938930509985,21-22,39627878660310092,dark,DESI_DR1_V161,ZWARN0_DELTACHI2_GT25_ZCAT_PRIMARY
DESI004260,200.106223642239,37.202297499865,QSO,LOZ,1.52857264,21.995162801541756,21-22,39633025121649423,dark,DESI_DR1_V161,ZWARN0_DELTACHI2_GT25_ZCAT_PRIMARY
DESI004261,200.002813385887,3.330950248316,QSO,HIZ,1.51287359,21.820308896012108,21-22,39627866593300370,dark,DESI_DR1_V161,ZWARN0_DELTACHI2_GT25_ZCAT_PRIMARY
DESI004262,200.020656021326,39.300914235067,QSO,HIZ,1.666941,21.357472695587454,21-22,39633063163986557,dark,DESI_DR1_V161,ZWARN0_DELTACHI2_GT25_ZCAT_PRIMARY
DESI004263,200.088205542755,33.173578803098,QSO,HIZ,1.93367323,21.941305576837507,21-22,39632946046436802,dark,DESI_DR1_V161,ZWARN0_DELTACHI2_GT25_ZCAT_PRIMARY
DESI004264,200.09399603057,38.26333181903,QSO,HIZ,2.30350986,21.97848013158475,21-22,39633044277036189,dark,DESI_DR1_V161,ZWARN0_DELTACHI2_GT25_ZCAT_PRIMARY
DESI004265,200.025795782345,31.3613806576,QSO,HIZ,2.03815167,21.95018117370886,21-22,39628507050937785,dark,DESI_DR1_V161,ZWARN0_DELTACHI2_GT25_ZCAT_PRIMARY
DESI004266,200.040159330753,-3.432026662494,QSO,LOZ,1.26412862,21.61103599984717,21-22,39627703539728599,dark,DESI_DR1_V161,ZWARN0_DELTACHI2_GT25_ZCAT_PRIMARY
DESI004267,200.06435037597,-8.260449093436,QSO,HIZ,1.68291784,21.18784181774924,21-22,39627589307861945,dark,DESI_DR1_V161,ZWARN0_DELTACHI2_GT25_ZCAT_PRIMARY
DESI004268,200.042904459063,35.57366387347,QSO,HIZ,1.78590585,21.316326370123388,21-22,39632991005181177,dark,DESI_DR1_V161,ZWARN0_DELTACHI2_GT25_ZCAT_PRIMARY
DESI004269,200.075802547701,5.483210298664,QSO,LOZ,1.48019561,21.05260014422275,21-22,39627920834040704,dark,DESI_DR1_V161,ZWARN0_DELTACHI2_GT25_ZCAT_PRIMARY
DESI004270,200.076048081785,-8.081467162083,QSO,LOZ,1.29105592,21.50773711039707,21-22,39627595293134071,dark,DESI_DR1_V161,ZWARN0_DELTACHI2_GT25_ZCAT_PRIMARY
DESI004271,200.099918042051,45.501205929097,QSO,LOZ,0.889380146,21.953707188072727,21-22,39633174971549789,dark,DESI_DR1_V161,ZWARN0_DELTACHI2_GT25_ZCAT_PRIMARY
DESI004272,200.014578500301,37.081281471534,QSO,HIZ,1.52814052,21.73860135516242,21-22,39633020294004915,dark,DESI_DR1_V161,ZWARN0_DELTACHI2_GT25_ZCAT_PRIMARY
DESI004273,200.031822592648,31.099402690781,QSO,HIZ,1.72827131,21.076018105965442,21-22,39628501870972744,dark,DESI_DR1_V161,ZWARN0_DELTACHI2_GT25_ZCAT_PRIMARY
DESI004274,200.105230297623,45.346778165069,QSO,HIZ,1.54993705,21.096975140749773,21-22,39633170714332876,dark,DESI_DR1_V161,ZWARN0_DELTACHI2_GT25_ZCAT_PRIMARY
DESI004275,200.042813119705,43.901590106154,QSO,LOZ,0.812241753,21.78293852943837,21-22,39633149155609821,dark,DESI_DR1_V161,ZWARN0_DELTACHI2_GT25_ZCAT_PRIMARY
DESI004276,200.07025050192,-1.714032487926,QSO,HIZ,2.41727488,21.429464521603048,21-22,39627745805731267,dark,DESI_DR1_V161,ZWARN0_DELTACHI2_GT25_ZCAT_PRIMARY
DESI004277,200.033923789187,-3.55967608884,QSO,HIZ,2.07470255,21.193338536735034,21-22,39627703539728499,dark,DESI_DR1_V161,ZWARN0_DELTACHI2_GT25_ZCAT_PRIMARY
DESI004278,200.036924928105,1.517048999622,QSO,LOZ,1.54650065,21.509436228435167,21-22,39627824323101497,dark,DESI_DR1_V161,ZWARN0_DELTACHI2_GT25_ZCAT_PRIMARY
DESI004279,200.08367799934,-1.898499483556,QSO,HIZ,2.27756293,21.360901057332573,21-22,39627739765933793,dark,DESI_DR1_V161,ZWARN0_DELTACHI2_GT25_ZCAT_PRIMARY
DESI004280,200.027931849069,-4.910216741137,QSO,LOZ,0.633509905,21.331560677070165,21-22,39627667368055166,dark,DESI_DR1_V161,ZWARN0_DELTACHI2_GT25_ZCAT_PRIMARY
DESI004281,200.02652980116,9.60694968643,QSO,HIZ,2.0904925,21.740725018880532,21-22,39628016715825706,dark,DESI_DR1_V161,ZWARN0_DELTACHI2_GT25_ZCAT_PRIMARY
DESI004282,200.022318488788,4.86709445576,QSO,HIZ,2.81520081,21.26016832469239,21-22,39627902769173124,dark,DESI_DR1_V161,ZWARN0_DELTACHI2_GT25_ZCAT_PRIMARY
DESI004283,200.018494509526,-4.022172725529,QSO,LOZ,1.0373709,21.486117611807114,21-22,39627691472719741,dark,DESI_DR1_V161,ZWARN0_DELTACHI2_GT25_ZCAT_PRIMARY
DESI004284,200.099061154091,44.68922668677,QSO,LOZ,0.97987744,21.763399125120888,21-22,39633162145367061,dark,DESI_DR1_V161,ZWARN0_DELTACHI2_GT25_ZCAT_PRIMARY
DESI004285,200.062176476858,5.784153530494,QSO,HIZ,2.67170243,21.944692157420935,21-22,39627926848671938,dark,DESI_DR1_V161,ZWARN0_DELTACHI2_GT25_ZCAT_PRIMARY
DESI004286,200.036372232266,-8.471834778242,QSO,LOZ,1.27850067,21.47859880378766,21-22,39627583326784014,dark,DESI_DR1_V161,ZWARN0_DELTACHI2_GT25_ZCAT_PRIMARY
DESI004287,200.007559973221,45.148422325343,QSO,HIZ,1.48558714,21.206360328009858,21-22,39633170714331552,dark,DESI_DR1_V161,ZWARN0_DELTACHI2_GT25_ZCAT_PRIMARY
DESI004288,200.025847633461,31.656270548594,QSO,HIZ,2.61099668,21.139783358569755,21-22,39628517373118384,dark,DESI_DR1_V161,ZWARN0_DELTACHI2_GT25_ZCAT_PRIMARY
DESI004289,200.074167134091,9.454081416817,QSO,LOZ,1.05836232,21.31122880255235,21-22,39628016715826571,dark,DESI_DR1_V161,ZWARN0_DELTACHI2_GT25_ZCAT_PRIMARY
DESI004290,200.024474318088,-3.697241428004,QSO,HIZ,1.87666011,21.60399206179138,21-22,39627697504129675,dark,DESI_DR1_V161,ZWARN0_DELTACHI2_GT25_ZCAT_PRIMARY
DESI004291,200.004328789652,-1.588692266905,QSO,HIZ,1.57159781,21.39436122848432,21-22,39627751845527649,dark,DESI_DR1_V161,ZWARN0_DELTACHI2_GT25_ZCAT_PRIMARY
DESI004292,200.016306425834,5.717686816061,QSO,HIZ,1.9010667,21.512899323660697,21-22,39627926848671020,dark,DESI_DR1_V161,ZWARN0_DELTACHI2_GT25_ZCAT_PRIMARY
DESI004293,200.021976536779,0.282471415528,QSO,HIZ,2.16703782,21.179840054123357,21-22,39627794124112438,dark,DESI_DR1_V161,ZWARN0_DELTACHI2_GT25_ZCAT_PRIMARY
DESI004294,200.096324301646,2.23866827062,QSO,HIZ,2.14221149,21.177223309788967,21-22,39627842442496572,dark,DESI_DR1_V161,ZWARN0_DELTACHI2_GT25_ZCAT_PRIMARY
DESI004295,200.087751575835,35.145052920818,QSO,HIZ,1.8098516,21.389899726845776,21-22,39632986068486530,dark,DESI_DR1_V161,ZWARN0_DELTACHI2_GT25_ZCAT_PRIMARY
DESI004296,225.078572046654,-1.380014974417,QSO,LOZ,0.685754406,21.038674423992493,21-22,39627752264959936,dark,DESI_DR1_V161,ZWARN0_DELTACHI2_GT25_ZCAT_PRIMARY
DESI004297,225.014591163354,1.320710251314,QSO,HIZ,2.7579551,21.20357039512811,21-22,39627818702733640,dark,DESI_DR1_V161,ZWARN0_DELTACHI2_GT25_ZCAT_PRIMARY
DESI004298,225.073994340432,33.667095890753,QSO,HIZ,1.55388521,21.90337956235549,21-22,39632956490253219,dark,DESI_DR1_V161,ZWARN0_DELTACHI2_GT25_ZCAT_PRIMARY
DESI004299,225.0525219249,26.136104570308,QSO,LOZ,0.969667495,21.335112278535853,21-22,39628401375449529,dark,DESI_DR1_V161,ZWARN0_DELTACHI2_GT25_ZCAT_PRIMARY
DESI004300,225.04831032815,33.456541269566,QSO,LOZ,1.44853539,21.205908577485744,21-22,39632951448701645,dark,DESI_DR1_V161,ZWARN0_DELTACHI2_GT25_ZCAT_PRIMARY
DESI004301,225.0749073817,6.812309528734,QSO,HIZ,2.63062813,21.315607620986082,21-22,39627951305655907,dark,DESI_DR1_V161,ZWARN0_DELTACHI2_GT25_ZCAT_PRIMARY
DESI004302,225.019301889827,12.384670605938,QSO,LOZ,1.18894211,21.296999173327674,21-22,39628088337760699,dark,DESI_DR1_V161,ZWARN0_DELTACHI2_GT25_ZCAT_PRIMARY
DESI004303,225.077465600404,1.627016894377,QSO,LOZ,1.20361792,21.74252854089899,21-22,39627830782330474,dark,DESI_DR1_V161,ZWARN0_DELTACHI2_GT25_ZCAT_PRIMARY
DESI004304,225.085038556416,-4.023735877362,QSO,HIZ,1.82231678,21.84292934067898,21-22,39627691896341162,dark,DESI_DR1_V161,ZWARN0_DELTACHI2_GT25_ZCAT_PRIMARY
DESI004305,225.019126851797,31.414524452346,QSO,HIZ,1.86700842,21.42549014946541,21-22,39628512574836835,dark,DESI_DR1_V161,ZWARN0_DELTACHI2_GT25_ZCAT_PRIMARY
DESI004306,225.08040959668,40.427533811973,QSO,HIZ,3.1578349,21.418446511321953,21-22,39633086715004504,dark,DESI_DR1_V161,ZWARN0_DELTACHI2_GT25_ZCAT_PRIMARY
DESI004307,225.060953037433,32.397588503728,QSO,LOZ,0.925720913,21.629583580249033,21-22,39632931152463622,dark,DESI_DR1_V161,ZWARN0_DELTACHI2_GT25_ZCAT_PRIMARY
DESI004308,225.037995528517,0.312981997185,QSO,HIZ,1.51692552,21.344933894140286,21-22,39627794543543161,dark,DESI_DR1_V161,ZWARN0_DELTACHI2_GT25_ZCAT_PRIMARY
DESI004309,225.072787875312,35.500115666345,QSO,HIZ,1.59867014,21.999166741889645,21-22,39632991349113688,dark,DESI_DR1_V161,ZWARN0_DELTACHI2_GT25_ZCAT_PRIMARY
DESI004310,225.042655786087,32.442443491659,QSO,LOZ,0.57598355,21.384216403804054,21-22,39632931152463343,dark,DESI_DR1_V161,ZWARN0_DELTACHI2_GT25_ZCAT_PRIMARY
DESI004311,225.033221136346,0.47573791183,QSO,LOZ,1.16445383,21.31032829489976,21-22,39627800583340810,dark,DESI_DR1_V161,ZWARN0_DELTACHI2_GT25_ZCAT_PRIMARY
DESI004312,225.085729429979,26.933695595151,QSO,HIZ,2.5868818,21.59604867859628,21-22,39628417607401822,dark,DESI_DR1_V161,ZWARN0_DELTACHI2_GT25_ZCAT_PRIMARY
DESI004313,225.011300371021,29.044916667366,QSO,HIZ,2.52240674,21.201329154289137,21-22,39628460322197643,dark,DESI_DR1_V161,ZWARN0_DELTACHI2_GT25_ZCAT_PRIMARY
DESI004314,225.086325660639,-6.788215055472,QSO,HIZ,1.82433382,21.964188743058095,21-22,39627625693448527,dark,DESI_DR1_V161,ZWARN0_DELTACHI2_GT25_ZCAT_PRIMARY
DESI004315,225.029167479099,29.133478760632,QSO,LOZ,1.55098036,21.466184812958947,21-22,39628465607018299,dark,DESI_DR1_V161,ZWARN0_DELTACHI2_GT25_ZCAT_PRIMARY
DESI004316,225.047181547908,2.593087895836,QSO,HIZ,2.99310355,21.713662464458622,21-22,39627848901723162,dark,DESI_DR1_V161,ZWARN0_DELTACHI2_GT25_ZCAT_PRIMARY
DESI004317,225.059048763846,29.531543948034,QSO,HIZ,1.93155779,21.49917751436835,21-22,39628470879257557,dark,DESI_DR1_V161,ZWARN0_DELTACHI2_GT25_ZCAT_PRIMARY
DESI004318,225.024117407102,26.568945550961,QSO,HIZ,1.64384353,21.30508896335621,21-22,39628406798682912,dark,DESI_DR1_V161,ZWARN0_DELTACHI2_GT25_ZCAT_PRIMARY
DESI004319,225.02513969902,24.032102865196,QSO,LOZ,1.06119959,21.57715524969464,21-22,39628352088184265,dark,DESI_DR1_V161,ZWARN0_DELTACHI2_GT25_ZCAT_PRIMARY
DESI004320,225.086951425764,33.652753072317,QSO,HIZ,1.8561564,21.747913702095968,21-22,39632956490253363,dark,DESI_DR1_V161,ZWARN0_DELTACHI2_GT25_ZCAT_PRIMARY
DESI004321,225.065607427037,30.784841706192,QSO,HIZ,2.15242809,21.98954397999754,21-22,39628497043326060,dark,DESI_DR1_V161,ZWARN0_DELTACHI2_GT25_ZCAT_PRIMARY
DESI004322,225.046332714546,-0.351555043082,QSO,HIZ,2.08372962,21.298933365117218,21-22,39627782463947984,dark,DESI_DR1_V161,ZWARN0_DELTACHI2_GT25_ZCAT_PRIMARY
DESI004323,225.091276832448,27.938746275439,QSO,HIZ,2.13389595,21.184966414195035,21-22,39628439065464081,dark,DESI_DR1_V161,ZWARN0_DELTACHI2_GT25_ZCAT_PRIMARY
DESI004324,225.010150276947,11.239022989805,QSO,HIZ,1.80877052,21.1266824451317,21-22,39628058755338550,dark,DESI_DR1_V161,ZWARN0_DELTACHI2_GT25_ZCAT_PRIMARY
DESI004325,225.060397864561,16.507081892523,QSO,HIZ,2.4884726,21.965488660724844,21-22,39628181975602088,dark,DESI_DR1_V161,ZWARN0_DELTACHI2_GT25_ZCAT_PRIMARY
DESI004326,225.009448787119,45.322001764408,QSO,LOZ,0.803990922,21.059904312202693,21-22,39633171012125912,dark,DESI_DR1_V161,ZWARN0_DELTACHI2_GT25_ZCAT_PRIMARY
DESI004327,225.017392925091,0.825540428694,QSO,HIZ,2.30877768,21.51017770259249,21-22,39627806623138275,dark,DESI_DR1_V161,ZWARN0_DELTACHI2_GT25_ZCAT_PRIMARY
DESI004328,225.079807199475,-7.09415858843,QSO,HIZ,2.18895717,21.19420898923093,21-22,39627619691397675,dark,DESI_DR1_V161,ZWARN0_DELTACHI2_GT25_ZCAT_PRIMARY
DESI004329,225.008366148635,-0.440511151324,QSO,LOZ,0.955276326,21.223456533527337,21-22,39627776424149246,dark,DESI_DR1_V161,ZWARN0_DELTACHI2_GT25_ZCAT_PRIMARY
DESI004330,225.078066864874,8.959910307525,QSO,HIZ,1.86770791,21.799772511946973,21-22,39628005198268036,dark,DESI_DR1_V161,ZWARN0_DELTACHI2_GT25_ZCAT_PRIMARY
DESI004331,225.077894391664,3.72529688308,QSO,HIZ,1.77550442,21.79466310218064,21-22,39627879079739811,dark,DESI_DR1_V161,ZWARN0_DELTACHI2_GT25_ZCAT_PRIMARY
DESI004332,225.000461489935,-1.983478576308,QSO,HIZ,2.75081458,21.972545924298558,21-22,39627740185362471,dark,DESI_DR1_V161,ZWARN0_DELTACHI2_GT25_ZCAT_PRIMARY
DESI004333,225.013030962374,46.352405946392,QSO,LOZ,0.890953845,21.500586461459385,21-22,39633187919364269,dark,DESI_DR1_V161,ZWARN0_DELTACHI2_GT25_ZCAT_PRIMARY
DESI004334,225.001555451525,34.201645060638,QSO,HIZ,1.51228212,21.46056821019855,21-22,39632966523028469,dark,DESI_DR1_V161,ZWARN0_DELTACHI2_GT25_ZCAT_PRIMARY
DESI004335,225.022563755556,45.905642936872,QSO,LOZ,1.32878934,21.672550972663842,21-22,39633183716673673,dark,DESI_DR1_V161,ZWARN0_DELTACHI2_GT25_ZCAT_PRIMARY
DESI004336,225.089954015696,32.629121814245,QSO,HIZ,2.35994131,21.526393683180913,21-22,39632936252735698,dark,DESI_DR1_V161,ZWARN0_DELTACHI2_GT25_ZCAT_PRIMARY
DESI004337,225.023089796432,-0.560360947935,QSO,LOZ,1.50494036,21.716988168790213,21-22,39627776424149642,dark,DESI_DR1_V161,ZWARN0_DELTACHI2_GT25_ZCAT_PRIMARY
DESI004338,225.034779909136,31.025684162272,QSO,LOZ,1.37966053,21.74605242252022,21-22,39628502231681798,dark,DESI_DR1_V161,ZWARN0_DELTACHI2_GT25_ZCAT_PRIMARY
DESI004339,225.03335667311,5.60840126866,QSO,HIZ,2.07389235,21.92615373988464,21-22,39627921253468132,dark,DESI_DR1_V161,ZWARN0_DELTACHI2_GT25_ZCAT_PRIMARY
DESI004340,225.015814122632,30.840501281587,QSO,LOZ,0.654934004,21.673083130467763,21-22,39628497043325274,dark,DESI_DR1_V161,ZWARN0_DELTACHI2_GT25_ZCAT_PRIMARY
DESI004341,225.015938265323,9.086133512005,QSO,LOZ,0.900768375,21.716877323635728,21-22,39628005198266721,dark,DESI_DR1_V161,ZWARN0_DELTACHI2_GT25_ZCAT_PRIMARY
DESI004342,225.076269560192,5.651530741671,QSO,HIZ,4.02784459,21.540811589490566,21-22,39627927268101366,dark,DESI_DR1_V161,ZWARN0_DELTACHI2_GT25_ZCAT_PRIMARY
DESI004343,225.084745769163,35.470943237692,QSO,HIZ,2.01808888,21.140534295059165,21-22,39632991349113815,dark,DESI_DR1_V161,ZWARN0_DELTACHI2_GT25_ZCAT_PRIMARY
DESI004344,225.091767278288,-4.144089867883,QSO,HIZ,2.46382648,21.891846643198537,21-22,39627685864932175,dark,DESI_DR1_V161,ZWARN0_DELTACHI2_GT25_ZCAT_PRIMARY
DESI004345,225.0889536229,-8.623884694476,QSO,HIZ,4.49789836,21.54380469253049,21-22,39627583742021869,dark,DESI_DR1_V161,ZWARN0_DELTACHI2_GT25_ZCAT_PRIMARY
DESI004346,330.070151957619,-2.460765399033,QSO,LOZ,1.03429434,21.89202648760858,21-22,39627729867376402,dark,DESI_DR1_V161,ZWARN0_DELTACHI2_GT25_ZCAT_PRIMARY
DESI004347,330.138401431509,0.597076425739,QSO,HIZ,1.80466817,21.194897368907036,21-22,39627802344952876,dark,DESI_DR1_V161,ZWARN0_DELTACHI2_GT25_ZCAT_PRIMARY
DESI004348,330.145991040347,3.776774504278,QSO,HIZ,2.24584539,21.426535902847295,21-22,39627880837156693,dark,DESI_DR1_V161,ZWARN0_DELTACHI2_GT25_ZCAT_PRIMARY
DESI004349,330.10909536062,11.428871117059,QSO,HIZ,2.30251333,21.68443693835417,21-22,39628066409943496,dark,DESI_DR1_V161,ZWARN0_DELTACHI2_GT25_ZCAT_PRIMARY
DESI004350,330.004198591886,4.345359026267,QSO,HIZ,2.03551499,21.19958406140085,21-22,39627892899972185,dark,DESI_DR1_V161,ZWARN0_DELTACHI2_GT25_ZCAT_PRIMARY
DESI004351,330.001792303957,1.050607181206,QSO,LOZ,1.13866507,21.18792287974054,21-22,39627814424543440,dark,DESI_DR1_V161,ZWARN0_DELTACHI2_GT25_ZCAT_PRIMARY
DESI004352,330.075203077326,2.193431747526,QSO,HIZ,3.28197968,21.52555254537017,21-22,39627844623534017,dark,DESI_DR1_V161,ZWARN0_DELTACHI2_GT25_ZCAT_PRIMARY
DESI004353,330.12589368057,-8.790566464226,QSO,HIZ,3.01401576,21.861915251416185,21-22,39627579505775082,dark,DESI_DR1_V161,ZWARN0_DELTACHI2_GT25_ZCAT_PRIMARY
DESI004354,330.059366805107,2.250660742215,QSO,LOZ,1.55010466,21.545669437454812,21-22,39627844623533599,dark,DESI_DR1_V161,ZWARN0_DELTACHI2_GT25_ZCAT_PRIMARY
DESI004355,330.179235609488,0.860739019525,QSO,LOZ,0.972208098,21.133069779947924,21-22,39627808384752489,dark,DESI_DR1_V161,ZWARN0_DELTACHI2_GT25_ZCAT_PRIMARY
DESI004356,330.02464849126,-8.216140306446,QSO,HIZ,4.14073842,21.829649547777414,21-22,39627591467926917,dark,DESI_DR1_V161,ZWARN0_DELTACHI2_GT25_ZCAT_PRIMARY
DESI004357,330.013648525416,7.739449696547,QSO,HIZ,1.52563687,21.45279319016921,21-22,39627977041903893,dark,DESI_DR1_V161,ZWARN0_DELTACHI2_GT25_ZCAT_PRIMARY
DESI004358,330.030838397901,20.096144939784,QSO,HIZ,1.412153,21.762380411906168,21-22,39628264049738743,dark,DESI_DR1_V161,ZWARN0_DELTACHI2_GT25_ZCAT_PRIMARY
DESI004359,330.007213279793,16.763065227022,QSO,HIZ,3.16906872,21.94087083203205,21-22,39628189458235575,dark,DESI_DR1_V161,ZWARN0_DELTACHI2_GT25_ZCAT_PRIMARY
DESI004360,330.088123760811,-10.698747483208,QSO,LOZ,0.853697975,21.819229589137386,21-22,39627531829119281,dark,DESI_DR1_V161,ZWARN0_DELTACHI2_GT25_ZCAT_PRIMARY
DESI004361,330.051642065741,3.546073665179,QSO,LOZ,1.25620339,21.301277669709545,21-22,39627874805745685,dark,DESI_DR1_V161,ZWARN0_DELTACHI2_GT25_ZCAT_PRIMARY
DESI004362,330.105009628286,2.493049496169,QSO,HIZ,2.10342814,21.245192795272825,21-22,39627850663332236,dark,DESI_DR1_V161,ZWARN0_DELTACHI2_GT25_ZCAT_PRIMARY
DESI004363,330.124031240563,2.51722733591,QSO,HIZ,3.24373429,21.174990887640774,21-22,39627850663332647,dark,DESI_DR1_V161,ZWARN0_DELTACHI2_GT25_ZCAT_PRIMARY
DESI004364,330.114218289378,5.056717527607,QSO,LOZ,1.14625147,21.362983094174123,21-22,39627910969037458,dark,DESI_DR1_V161,ZWARN0_DELTACHI2_GT25_ZCAT_PRIMARY
DESI004365,330.11152161704,25.994054219784,QSO,HIZ,1.92504406,21.80491752774404,21-22,39628397533465196,dark,DESI_DR1_V161,ZWARN0_DELTACHI2_GT25_ZCAT_PRIMARY
DESI004366,330.102557566174,4.296073866285,QSO,LOZ,1.40044055,21.72736786633683,21-22,39627892899974605,dark,DESI_DR1_V161,ZWARN0_DELTACHI2_GT25_ZCAT_PRIMARY
DESI004367,330.024407609136,7.61790629281,QSO,HIZ,2.26632843,21.38298938127578,21-22,39627971048247878,dark,DESI_DR1_V161,ZWARN0_DELTACHI2_GT25_ZCAT_PRIMARY
DESI004368,330.062221367243,-8.991097755641,QSO,LOZ,1.13771872,21.872669824499717,21-22,39627573533084602,dark,DESI_DR1_V161,ZWARN0_DELTACHI2_GT25_ZCAT_PRIMARY
DESI004369,330.187243023391,10.704225518327,QSO,HIZ,1.45758486,21.067089675280293,21-22,39628048617706071,dark,DESI_DR1_V161,ZWARN0_DELTACHI2_GT25_ZCAT_PRIMARY
DESI004370,330.082603905072,-10.734686642603,QSO,LOZ,0.73933437,21.994365145312173,21-22,39627531829119139,dark,DESI_DR1_V161,ZWARN0_DELTACHI2_GT25_ZCAT_PRIMARY
DESI004371,330.072887482615,18.147850644223,QSO,HIZ,2.53526112,21.202843621117122,21-22,39628224057049895,dark,DESI_DR1_V161,ZWARN0_DELTACHI2_GT25_ZCAT_PRIMARY
DESI004372,330.080505008352,2.307006149804,QSO,HIZ,1.95642298,21.755276057678124,21-22,39627844623534138,dark,DESI_DR1_V161,ZWARN0_DELTACHI2_GT25_ZCAT_PRIMARY
DESI004373,330.030322305684,26.628527790643,QSO,HIZ,2.02679003,21.572635317316806,21-22,39628413782200707,dark,DESI_DR1_V161,ZWARN0_DELTACHI2_GT25_ZCAT_PRIMARY
DESI004374,330.137889435198,-4.127265778227,QSO,LOZ,1.08991337,21.11493159221851,21-22,39627687622348321,dark,DESI_DR1_V161,ZWARN0_DELTACHI2_GT25_ZCAT_PRIMARY
DESI004375,330.04589761894,17.812305256263,QSO,LOZ,0.938435836,21.428448318320154,21-22,39628212552077756,dark,DESI_DR1_V161,ZWARN0_DELTACHI2_GT25_ZCAT_PRIMARY
DESI004376,330.134190119177,-2.11783775893,QSO,HIZ,2.32920322,21.347094384772276,21-22,39627741946973084,dark,DESI_DR1_V161,ZWARN0_DELTACHI2_GT25_ZCAT_PRIMARY
DESI004377,330.15346067871,-2.158152555065,QSO,HIZ,1.57396279,21.138375976513977,21-22,39627735907176234,dark,DESI_DR1_V161,ZWARN0_DELTACHI2_GT25_ZCAT_PRIMARY
DESI004378,330.045271382395,8.049176908706,QSO,HIZ,2.66782629,21.634362126596535,21-22,39627983031370611,dark,DESI_DR1_V161,ZWARN0_DELTACHI2_GT25_ZCAT_PRIMARY
DESI004379,330.120074547629,5.106476800205,QSO,LOZ,1.1837272,21.053436352495975,21-22,39627910969037585,dark,DESI_DR1_V161,ZWARN0_DELTACHI2_GT25_ZCAT_PRIMARY
DESI004380,330.060316247389,12.18428765133,QSO,LOZ,1.46793356,21.128111566153493,21-22,39628084151849790,dark,DESI_DR1_V161,ZWARN0_DELTACHI2_GT25_ZCAT_PRIMARY
DESI004381,330.054064491413,20.263261699277,QSO,HIZ,1.77055972,21.344937641269134,21-22,39628269728828295,dark,DESI_DR1_V161,ZWARN0_DELTACHI2_GT25_ZCAT_PRIMARY
DESI004382,330.119701613933,19.261204136047,QSO,HIZ,2.48542553,21.402553007294937,21-22,39628246957954672,dark,DESI_DR1_V161,ZWARN0_DELTACHI2_GT25_ZCAT_PRIMARY
DESI004383,330.059322559885,8.562927861469,QSO,HIZ,2.96191102,21.589091613460674,21-22,39627994993527251,dark,DESI_DR1_V161,ZWARN0_DELTACHI2_GT25_ZCAT_PRIMARY
DESI004384,330.043732964626,11.331720811164,QSO,HIZ,3.32794143,21.336215712503094,21-22,39628060487583724,dark,DESI_DR1_V161,ZWARN0_DELTACHI2_GT25_ZCAT_PRIMARY
DESI004385,330.160441409935,25.709459253077,QSO,HIZ,1.61086646,21.390790561724387,21-22,39628392097646270,dark,DESI_DR1_V161,ZWARN0_DELTACHI2_GT25_ZCAT_PRIMARY
DESI004386,330.086210022314,-4.04343581305,QSO,LOZ,1.31641198,21.601578257768654,21-22,39627693653756554,dark,DESI_DR1_V161,ZWARN0_DELTACHI2_GT25_ZCAT_PRIMARY
DESI004387,330.15957160532,7.74891796103,QSO,LOZ,1.14333262,21.92660824111343,21-22,39627977041906966,dark,DESI_DR1_V161,ZWARN0_DELTACHI2_GT25_ZCAT_PRIMARY
DESI004388,330.082923602199,-2.167713549597,QSO,HIZ,1.7887807,21.447047645365636,21-22,39627735907174596,dark,DESI_DR1_V161,ZWARN0_DELTACHI2_GT25_ZCAT_PRIMARY
DESI004389,330.145546045083,27.190949836034,QSO,HIZ,2.06368208,21.553387598559812,21-22,39628424557368059,dark,DESI_DR1_V161,ZWARN0_DELTACHI2_GT25_ZCAT_PRIMARY
DESI004390,330.032093116746,1.391276413619,QSO,HIZ,2.0431641,21.692148311454627,21-22,39627826504140142,dark,DESI_DR1_V161,ZWARN0_DELTACHI2_GT25_ZCAT_PRIMARY
DESI004391,330.137771022604,-6.953821287555,QSO,HIZ,1.89538292,21.840756002144836,21-22,39627621440424210,dark,DESI_DR1_V161,ZWARN0_DELTACHI2_GT25_ZCAT_PRIMARY
DESI004392,330.15819605946,9.15513064982,QSO,LOZ,0.888761849,21.424856727176124,21-22,39628012907397836,dark,DESI_DR1_V161,ZWARN0_DELTACHI2_GT25_ZCAT_PRIMARY
DESI004393,330.033940309455,4.971626936193,QSO,LOZ,1.47347103,21.36961353571334,21-22,39627910969035615,dark,DESI_DR1_V161,ZWARN0_DELTACHI2_GT25_ZCAT_PRIMARY
DESI004394,330.149839254871,1.709426771301,QSO,HIZ,1.94250118,21.050032545840065,21-22,39627832543941169,dark,DESI_DR1_V161,ZWARN0_DELTACHI2_GT25_ZCAT_PRIMARY
DESI004395,330.060376145269,-7.729693753048,QSO,HIZ,2.14544637,21.3131011976494,21-22,39627603446859133,dark,DESI_DR1_V161,ZWARN0_DELTACHI2_GT25_ZCAT_PRIMARY
DESI004396,5.046591685866,2.036248268388,QSO,HIZ,2.76196978,22.439073209175604,22-23,39627833131140554,dark,DESI_DR1_V161,ZWARN0_DELTACHI2_GT25_ZCAT_PRIMARY
DESI004397,5.136786315728,1.514779743964,QSO,HIZ,2.83990628,22.705830627779783,22-23,39627821051548174,dark,DESI_DR1_V161,ZWARN0_DELTACHI2_GT25_ZCAT_PRIMARY
DESI004398,5.013133832944,24.126900937334,QSO,HIZ,2.00104208,22.67273434626887,22-23,39628354239858173,dark,DESI_DR1_V161,ZWARN0_DELTACHI2_GT25_ZCAT_PRIMARY
DESI004399,5.056208618394,8.888093348616,QSO,LOZ,1.59203636,22.608798531183414,22-23,39628001549221907,dark,DESI_DR1_V161,ZWARN0_DELTACHI2_GT25_ZCAT_PRIMARY
DESI004400,5.02123300082,8.687100685552,QSO,HIZ,1.65380783,22.240499246747742,22-23,39627995572342163,dark,DESI_DR1_V161,ZWARN0_DELTACHI2_GT25_ZCAT_PRIMARY
DESI004401,5.14554615894,0.532653642726,QSO,LOZ,0.807044096,22.184744570511796,22-23,39627796892356987,dark,DESI_DR1_V161,ZWARN0_DELTACHI2_GT25_ZCAT_PRIMARY
DESI004402,5.143473074051,-6.021715156857,QSO,HIZ,2.86977244,22.762925446152114,22-23,39627640042164197,dark,DESI_DR1_V161,ZWARN0_DELTACHI2_GT25_ZCAT_PRIMARY
DESI004403,5.136990575425,2.400742052101,QSO,HIZ,1.78516377,22.31722613735496,22-23,39627845210738954,dark,DESI_DR1_V161,ZWARN0_DELTACHI2_GT25_ZCAT_PRIMARY
DESI004404,5.018382365453,10.438348546055,QSO,HIZ,1.88946432,22.489970831718026,22-23,39628037305667407,dark,DESI_DR1_V161,ZWARN0_DELTACHI2_GT25_ZCAT_PRIMARY
DESI004405,5.174254752605,-2.236583614492,QSO,HIZ,1.75934581,22.928746608602918,22-23,39627730454582169,dark,DESI_DR1_V161,ZWARN0_DELTACHI2_GT25_ZCAT_PRIMARY
DESI004406,5.16860404072,10.147452225437,QSO,LOZ,1.38547986,22.277711633487737,22-23,39628031362336504,dark,DESI_DR1_V161,ZWARN0_DELTACHI2_GT25_ZCAT_PRIMARY
DESI004407,5.133175527018,0.512422981542,QSO,HIZ,2.45099978,22.42464471036333,22-23,39627796892356630,dark,DESI_DR1_V161,ZWARN0_DELTACHI2_GT25_ZCAT_PRIMARY
DESI004408,5.116606703468,-10.670258980192,QSO,HIZ,1.72330973,22.930310863456157,22-23,39627526468797121,dark,DESI_DR1_V161,ZWARN0_DELTACHI2_GT25_ZCAT_PRIMARY
DESI004409,5.13014149689,-12.324672119938,QSO,LOZ,1.34013374,22.12192022892512,22-23,39627490934653339,dark,DESI_DR1_V161,ZWARN0_DELTACHI2_GT25_ZCAT_PRIMARY
DESI004410,5.056103998439,25.745733819629,QSO,LOZ,0.960991848,22.621831100780298,22-23,39628387173532756,dark,DESI_DR1_V161,ZWARN0_DELTACHI2_GT25_ZCAT_PRIMARY
DESI004411,5.097341963497,17.153457436471,QSO,LOZ,1.13488188,22.631152258526484,22-23,39628195800025587,dark,DESI_DR1_V161,ZWARN0_DELTACHI2_GT25_ZCAT_PRIMARY
DESI004412,5.101804770289,8.434549163976,QSO,LOZ,0.851059855,22.25958534079674,22-23,39627989595456658,dark,DESI_DR1_V161,ZWARN0_DELTACHI2_GT25_ZCAT_PRIMARY
DESI004413,5.151223025245,10.043976449954,QSO,LOZ,1.07952205,22.0050352851646,22-23,39628025406424491,dark,DESI_DR1_V161,ZWARN0_DELTACHI2_GT25_ZCAT_PRIMARY
DESI004414,5.030928111975,11.354663397486,QSO,HIZ,1.60404645,22.349511803309237,22-23,39628055131458852,dark,DESI_DR1_V161,ZWARN0_DELTACHI2_GT25_ZCAT_PRIMARY
DESI004415,5.096011297645,14.947983208985,QSO,HIZ,2.24982024,22.760205276024518,22-23,39628143488668158,dark,DESI_DR1_V161,ZWARN0_DELTACHI2_GT25_ZCAT_PRIMARY
DESI004416,5.04879881003,19.674329768888,QSO,LOZ,0.96671473,22.20327199123338,22-23,39628253220045028,dark,DESI_DR1_V161,ZWARN0_DELTACHI2_GT25_ZCAT_PRIMARY
DESI004417,5.136738523076,-0.638317706023,QSO,HIZ,4.24188656,22.45140955232953,22-23,39627766693368642,dark,DESI_DR1_V161,ZWARN0_DELTACHI2_GT25_ZCAT_PRIMARY
DESI004418,5.10833456122,4.746125893725,QSO,HIZ,1.89280297,22.24010605607239,22-23,39627899510196802,dark,DESI_DR1_V161,ZWARN0_DELTACHI2_GT25_ZCAT_PRIMARY
DESI004419,5.141943793242,3.219583103099,QSO,HIZ,3.19235753,22.60262204167563,22-23,39627863330132429,dark,DESI_DR1_V161,ZWARN0_DELTACHI2_GT25_ZCAT_PRIMARY
DESI004420,5.169606897773,-11.097995788793,QSO,HIZ,2.11299678,22.625792053906224,22-23,39627520529663569,dark,DESI_DR1_V161,ZWARN0_DELTACHI2_GT25_ZCAT_PRIMARY
DESI004421,5.011404045391,17.361858128505,QSO,LOZ,1.42666704,22.203602481903925,22-23,39628195800023982,dark,DESI_DR1_V161,ZWARN0_DELTACHI2_GT25_ZCAT_PRIMARY
DESI004422,5.123273717714,15.455937501423,QSO,HIZ,1.79086791,22.043321533311303,22-23,39628155165609652,dark,DESI_DR1_V161,ZWARN0_DELTACHI2_GT25_ZCAT_PRIMARY
DESI004423,5.036448932852,2.389441285762,QSO,HIZ,1.81563088,22.570006956294893,22-23,39627845210735852,dark,DESI_DR1_V161,ZWARN0_DELTACHI2_GT25_ZCAT_PRIMARY
DESI004424,5.004772059046,1.477034440124,QSO,HIZ,2.21807161,22.568223867074263,22-23,39627821051543764,dark,DESI_DR1_V161,ZWARN0_DELTACHI2_GT25_ZCAT_PRIMARY
DESI004425,5.167022811504,18.589518606107,QSO,HIZ,2.57143354,22.169222673263295,22-23,39628224614894681,dark,DESI_DR1_V161,ZWARN0_DELTACHI2_GT25_ZCAT_PRIMARY
DESI004426,5.042186548954,25.130741481273,QSO,HIZ,2.06337049,22.037945041524488,22-23,39628376243176549,dark,DESI_DR1_V161,ZWARN0_DELTACHI2_GT25_ZCAT_PRIMARY
DESI004427,5.104523472663,-6.99777547463,QSO,HIZ,1.75515914,22.98708754335988,22-23,39627616025577349,dark,DESI_DR1_V161,ZWARN0_DELTACHI2_GT25_ZCAT_PRIMARY
DESI004428,5.02099751209,9.487472830351,QSO,HIZ,2.4806605,22.02360351804842,22-23,39628013482021207,dark,DESI_DR1_V161,ZWARN0_DELTACHI2_GT25_ZCAT_PRIMARY
DESI004429,5.071691992338,-0.361394083431,QSO,HIZ,2.53644469,22.295030415709704,22-23,39627778772961971,dark,DESI_DR1_V161,ZWARN0_DELTACHI2_GT25_ZCAT_PRIMARY
DESI004430,5.029943805565,2.768089859342,QSO,HIZ,2.39560055,22.129457690434926,22-23,39627851250533262,dark,DESI_DR1_V161,ZWARN0_DELTACHI2_GT25_ZCAT_PRIMARY
DESI004431,5.043582427368,15.480595500674,QSO,HIZ,1.81963828,22.600492781802842,22-23,39628155165608204,dark,DESI_DR1_V161,ZWARN0_DELTACHI2_GT25_ZCAT_PRIMARY
DESI004432,5.023082401779,9.904542614677,QSO,HIZ,1.51079038,22.48712382166838,22-23,39628025402232570,dark,DESI_DR1_V161,ZWARN0_DELTACHI2_GT25_ZCAT_PRIMARY
DESI004433,5.094744990514,10.802697890284,QSO,HIZ,2.89171032,22.01751566623128,22-23,39628043257381086,dark,DESI_DR1_V161,ZWARN0_DELTACHI2_GT25_ZCAT_PRIMARY
DESI004434,5.139319642787,2.865471368523,QSO,HIZ,2.65672175,22.91225022520302,22-23,39627851250537014,dark,DESI_DR1_V161,ZWARN0_DELTACHI2_GT25_ZCAT_PRIMARY
DESI004435,5.103191931438,19.640035442555,QSO,LOZ,1.54039615,22.265028251048154,22-23,39628253220045849,dark,DESI_DR1_V161,ZWARN0_DELTACHI2_GT25_ZCAT_PRIMARY
DESI004436,5.094466736331,14.644972188638,QSO,HIZ,2.46741495,22.018839242207175,22-23,39628137641807747,dark,DESI_DR1_V161,ZWARN0_DELTACHI2_GT25_ZCAT_PRIMARY
DESI004437,5.057632596784,11.232765557794,QSO,HIZ,3.0560784,22.865518797103395,22-23,39628055131459315,dark,DESI_DR1_V161,ZWARN0_DELTACHI2_GT25_ZCAT_PRIMARY
DESI004438,5.098588372072,1.781749428,QSO,HIZ,1.75587817,22.047550362382047,22-23,39627827091344798,dark,DESI_DR1_V161,ZWARN0_DELTACHI2_GT25_ZCAT_PRIMARY
DESI004439,5.071526417067,25.153542783284,QSO,HIZ,1.89846608,22.096984412861065,22-23,39628376243177037,dark,DESI_DR1_V161,ZWARN0_DELTACHI2_GT25_ZCAT_PRIMARY
DESI004440,5.03802875684,18.503887139324,QSO,LOZ,1.24270381,22.078667903783057,22-23,39628224614892236,dark,DESI_DR1_V161,ZWARN0_DELTACHI2_GT25_ZCAT_PRIMARY
DESI004441,5.017635808751,-5.306064227591,QSO,HIZ,2.05910874,22.218412100433888,22-23,39627658086056137,dark,DESI_DR1_V161,ZWARN0_DELTACHI2_GT25_ZCAT_PRIMARY
DESI004442,5.169171598127,2.697526632872,QSO,HIZ,2.06889739,22.589880364708662,22-23,39627851250538045,dark,DESI_DR1_V161,ZWARN0_DELTACHI2_GT25_ZCAT_PRIMARY
DESI004443,5.140493994192,10.645285576677,QSO,LOZ,1.15614899,22.67367293049173,22-23,39628043257381971,dark,DESI_DR1_V161,ZWARN0_DELTACHI2_GT25_ZCAT_PRIMARY
DESI004444,5.073039074754,21.878574136898,QSO,LOZ,0.964630211,22.692908794861356,22-23,39628304126315647,dark,DESI_DR1_V161,ZWARN0_DELTACHI2_GT25_ZCAT_PRIMARY
DESI004445,5.141618480328,14.090841759577,QSO,HIZ,3.0924316,22.61971600003356,22-23,39628120059285407,dark,DESI_DR1_V161,ZWARN0_DELTACHI2_GT25_ZCAT_PRIMARY
DESI004446,35.003150827552,30.708275980578,QSO,LOZ,0.941939923,22.133617959888173,22-23,39628494296058990,dark,DESI_DR1_V161,ZWARN0_DELTACHI2_GT25_ZCAT_PRIMARY
DESI004447,35.090924355917,-10.342480413262,QSO,HIZ,2.77983447,22.114411898134986,22-23,39627538850383415,dark,DESI_DR1_V161,ZWARN0_DELTACHI2_GT25_ZCAT_PRIMARY
DESI004448,35.032196308278,7.346667591077,QSO,HIZ,2.54668704,22.470661664384846,22-23,39627960138859285,dark,DESI_DR1_V161,ZWARN0_DELTACHI2_GT25_ZCAT_PRIMARY
DESI004449,35.050218616272,1.764811394862,QSO,HIZ,3.28937949,22.55408072036577,22-23,39627827594659555,dark,DESI_DR1_V161,ZWARN0_DELTACHI2_GT25_ZCAT_PRIMARY
DESI004450,35.091320815676,21.115740976505,QSO,HIZ,1.98214615,22.965367280322397,22-23,39628282068468795,dark,DESI_DR1_V161,ZWARN0_DELTACHI2_GT25_ZCAT_PRIMARY
DESI004451,35.095413198261,-6.479998119573,QSO,HIZ,2.84462114,22.718414098053227,22-23,39627628528800787,dark,DESI_DR1_V161,ZWARN0_DELTACHI2_GT25_ZCAT_PRIMARY
DESI004452,35.101374411559,4.179581860499,QSO,HIZ,1.62402952,22.35657656472999,22-23,39627887959082387,dark,DESI_DR1_V161,ZWARN0_DELTACHI2_GT25_ZCAT_PRIMARY
DESI004453,35.092850253818,19.713976683934,QSO,LOZ,1.36718285,22.678357587492968,22-23,39628253694003250,dark,DESI_DR1_V161,ZWARN0_DELTACHI2_GT25_ZCAT_PRIMARY
DESI004454,35.016364651007,27.15892997873,QSO,LOZ,0.711827215,22.222221940618322,22-23,39628420149153356,dark,DESI_DR1_V161,ZWARN0_DELTACHI2_GT25_ZCAT_PRIMARY
DESI004455,35.068100810673,22.398752887695,QSO,HIZ,1.71794413,22.04195355082675,22-23,39628315799063721,dark,DESI_DR1_V161,ZWARN0_DELTACHI2_GT25_ZCAT_PRIMARY
DESI004456,35.103403026943,8.158820740493,QSO,HIZ,1.78811852,22.5269051038865,22-23,39627984113500432,dark,DESI_DR1_V161,ZWARN0_DELTACHI2_GT25_ZCAT_PRIMARY
DESI004457,35.030744945227,-16.410704207522,QSO,HIZ,2.54361235,22.58468909846922,22-23,39627391907139786,dark,DESI_DR1_V161,ZWARN0_DELTACHI2_GT25_ZCAT_PRIMARY
DESI004458,35.013242496785,13.397865810919,QSO,HIZ,2.3199483,22.240405209935975,22-23,39628108797577596,dark,DESI_DR1_V161,ZWARN0_DELTACHI2_GT25_ZCAT_PRIMARY
DESI004459,35.066020529174,-5.327399120332,QSO,LOZ,0.76649612,22.032312706880425,22-23,39627658585185764,dark,DESI_DR1_V161,ZWARN0_DELTACHI2_GT25_ZCAT_PRIMARY
DESI004460,35.029677286715,24.772203016894,QSO,HIZ,2.23046618,22.220424447148567,22-23,39628365719668894,dark,DESI_DR1_V161,ZWARN0_DELTACHI2_GT25_ZCAT_PRIMARY
DESI004461,35.070532346082,6.756885112894,QSO,HIZ,3.17491108,22.001819101131552,22-23,39627948134762647,dark,DESI_DR1_V161,ZWARN0_DELTACHI2_GT25_ZCAT_PRIMARY
DESI004462,35.044697585169,-3.747765934104,QSO,HIZ,2.66372662,22.047901122893908,22-23,39627694740087085,dark,DESI_DR1_V161,ZWARN0_DELTACHI2_GT25_ZCAT_PRIMARY
DESI004463,35.071272722384,-10.279432793341,QSO,HIZ,2.54181027,22.094238827714797,22-23,39627538850382810,dark,DESI_DR1_V161,ZWARN0_DELTACHI2_GT25_ZCAT_PRIMARY
DESI004464,35.059263606439,3.89378631433,QSO,HIZ,2.85550321,22.36635308751841,22-23,39636678020694354,dark,DESI_DR1_V161,ZWARN0_DELTACHI2_GT25_ZCAT_PRIMARY
DESI004465,35.035660225849,7.465312660767,QSO,HIZ,2.00925545,22.55201827420433,22-23,39627966136713995,dark,DESI_DR1_V161,ZWARN0_DELTACHI2_GT25_ZCAT_PRIMARY
DESI004466,35.014778357338,-2.201603934908,QSO,HIZ,2.19696707,22.053723086627365,22-23,39627730957894096,dark,DESI_DR1_V161,ZWARN0_DELTACHI2_GT25_ZCAT_PRIMARY
DESI004467,35.02058203727,-2.463780844223,QSO,LOZ,0.949504467,22.06777054735798,22-23,39627724918096767,dark,DESI_DR1_V161,ZWARN0_DELTACHI2_GT25_ZCAT_PRIMARY
DESI004468,35.090103717265,28.884646680889,QSO,LOZ,1.31974664,22.479798973500774,22-23,39628457532981344,dark,DESI_DR1_V161,ZWARN0_DELTACHI2_GT25_ZCAT_PRIMARY
DESI004469,35.015049377636,19.936277369861,QSO,HIZ,2.36834708,22.114229229582758,22-23,39628259385676552,dark,DESI_DR1_V161,ZWARN0_DELTACHI2_GT25_ZCAT_PRIMARY
DESI004470,35.061729414784,-5.266822100564,QSO,LOZ,0.968202519,22.686463196456863,22-23,39627658585185619,dark,DESI_DR1_V161,ZWARN0_DELTACHI2_GT25_ZCAT_PRIMARY
DESI004471,35.066105859342,22.458145276405,QSO,LOZ,1.47256063,22.847757156027892,22-23,39628315799063686,dark,DESI_DR1_V161,ZWARN0_DELTACHI2_GT25_ZCAT_PRIMARY
DESI004472,35.036154383656,-3.948853242753,QSO,HIZ,2.50629015,22.366698738014087,22-23,39627688708677923,dark,DESI_DR1_V161,ZWARN0_DELTACHI2_GT25_ZCAT_PRIMARY
DESI004473,35.0771326137,9.117903661011,QSO,HIZ,2.24884393,22.361238818642732,22-23,39628002044153220,dark,DESI_DR1_V161,ZWARN0_DELTACHI2_GT25_ZCAT_PRIMARY
DESI004474,35.035050275625,-4.196380551689,QSO,HIZ,2.05912728,22.395768401111944,22-23,39627682677268090,dark,DESI_DR1_V161,ZWARN0_DELTACHI2_GT25_ZCAT_PRIMARY
DESI004475,35.10366308636,14.645816497114,QSO,LOZ,1.55977379,22.316272337306337,22-23,39628138128347171,dark,DESI_DR1_V161,ZWARN0_DELTACHI2_GT25_ZCAT_PRIMARY
DESI004476,35.092754756289,-16.733699233954,QSO,HIZ,2.9485666,22.510362704164514,22-23,39627386119000523,dark,DESI_DR1_V161,ZWARN0_DELTACHI2_GT25_ZCAT_PRIMARY
DESI004477,35.104709341439,6.048055272127,QSO,HIZ,2.04067964,22.74025608431041,22-23,39627930107646027,dark,DESI_DR1_V161,ZWARN0_DELTACHI2_GT25_ZCAT_PRIMARY
DESI004478,35.029820687256,25.885426099254,QSO,LOZ,0.986552643,22.910680059330954,22-23,39628393079112399,dark,DESI_DR1_V161,ZWARN0_DELTACHI2_GT25_ZCAT_PRIMARY
DESI004479,35.073150516552,2.071573780665,QSO,HIZ,1.96372836,22.17560613979489,22-23,39627833634458078,dark,DESI_DR1_V161,ZWARN0_DELTACHI2_GT25_ZCAT_PRIMARY
DESI004480,35.084785357291,-11.227251838197,QSO,HIZ,1.76420095,22.654189878879325,22-23,39627515089655067,dark,DESI_DR1_V161,ZWARN0_DELTACHI2_GT25_ZCAT_PRIMARY
DESI004481,35.046401463817,-8.655386969785,QSO,LOZ,0.601423694,22.882312108836025,22-23,39636370704045302,dark,DESI_DR1_V161,ZWARN0_DELTACHI2_GT25_ZCAT_PRIMARY
DESI004482,35.001515349006,16.502873526456,QSO,HIZ,2.03419263,22.395531702570622,22-23,39628178917951765,dark,DESI_DR1_V161,ZWARN0_DELTACHI2_GT25_ZCAT_PRIMARY
DESI004483,35.017886730111,-2.29306641398,QSO,HIZ,2.39228642,22.760344641652797,22-23,39627730957894196,dark,DESI_DR1_V161,ZWARN0_DELTACHI2_GT25_ZCAT_PRIMARY
DESI004484,35.079211654458,2.877415293681,QSO,HIZ,1.68199885,22.093753275327654,22-23,39627857793649334,dark,DESI_DR1_V161,ZWARN0_DELTACHI2_GT25_ZCAT_PRIMARY
DESI004485,35.048059205639,-7.945916502862,QSO,HIZ,1.92777324,22.21225572931704,22-23,39627592550056163,dark,DESI_DR1_V161,ZWARN0_DELTACHI2_GT25_ZCAT_PRIMARY
DESI004486,35.020991104232,-16.971188720983,QSO,HIZ,2.17981729,22.464675625088294,22-23,39627380339245497,dark,DESI_DR1_V161,ZWARN0_DELTACHI2_GT25_ZCAT_PRIMARY
DESI004487,35.003792771796,-5.932141871312,QSO,HIZ,1.68313526,22.010340774423128,22-23,39627640541286370,dark,DESI_DR1_V161,ZWARN0_DELTACHI2_GT25_ZCAT_PRIMARY
DESI004488,35.013989199215,14.592608844111,QSO,LOZ,1.57848601,22.121529402050278,22-23,39628132273098131,dark,DESI_DR1_V161,ZWARN0_DELTACHI2_GT25_ZCAT_PRIMARY
DESI004489,35.065525700918,27.029166130231,QSO,HIZ,2.03901783,22.336218767901297,22-23,39628414759470447,dark,DESI_DR1_V161,ZWARN0_DELTACHI2_GT25_ZCAT_PRIMARY
DESI004490,35.050130644522,11.243302692892,QSO,HIZ,2.53937543,22.313406811254513,22-23,39628055626387793,dark,DESI_DR1_V161,ZWARN0_DELTACHI2_GT25_ZCAT_PRIMARY
DESI004491,35.067540999426,2.456994493957,QSO,HIZ,2.25097805,22.01229979415469,22-23,39627845714053821,dark,DESI_DR1_V161,ZWARN0_DELTACHI2_GT25_ZCAT_PRIMARY
DESI004492,35.110046741263,9.63708840181,QSO,HIZ,1.77720603,22.09906130128483,22-23,39628019945441488,dark,DESI_DR1_V161,ZWARN0_DELTACHI2_GT25_ZCAT_PRIMARY
DESI004493,35.029309205266,2.402490417607,QSO,HIZ,2.19422427,22.853927721979364,22-23,39627845714052315,dark,DESI_DR1_V161,ZWARN0_DELTACHI2_GT25_ZCAT_PRIMARY
DESI004494,35.066741935383,-4.202900666982,QSO,HIZ,2.68429787,22.61047887236763,22-23,39627682681455277,dark,DESI_DR1_V161,ZWARN0_DELTACHI2_GT25_ZCAT_PRIMARY
DESI004495,35.036097358389,-3.58937346425,QSO,HIZ,2.01614264,22.22034891679771,22-23,39627700771496104,dark,DESI_DR1_V161,ZWARN0_DELTACHI2_GT25_ZCAT_PRIMARY
DESI004496,125.048394912877,11.228785289811,QSO,LOZ,1.47431604,22.125036545426518,22-23,39628057111168115,dark,DESI_DR1_V161,ZWARN0_DELTACHI2_GT25_ZCAT_PRIMARY
DESI004497,125.019718383521,24.72861879458,QSO,LOZ,1.23814788,22.366900418298602,22-23,39628367091208857,dark,DESI_DR1_V161,ZWARN0_DELTACHI2_GT25_ZCAT_PRIMARY
DESI004498,125.08424784161,43.79999498633,QSO,LOZ,1.4528055,22.25613661206877,22-23,39633143874980406,dark,DESI_DR1_V161,ZWARN0_DELTACHI2_GT25_ZCAT_PRIMARY
DESI004499,125.078706127206,4.435499107078,QSO,HIZ,2.97491734,22.592849537269196,22-23,39627895492056589,dark,DESI_DR1_V161,ZWARN0_DELTACHI2_GT25_ZCAT_PRIMARY
DESI004500,125.026693727376,-1.502174524884,QSO,LOZ,0.936463971,22.83450177622733,22-23,39627750587237042,dark,DESI_DR1_V161,ZWARN0_DELTACHI2_GT25_ZCAT_PRIMARY
DESI004501,125.006675992905,6.227247892657,QSO,HIZ,1.97118477,22.44941800331725,22-23,39627937623836096,dark,DESI_DR1_V161,ZWARN0_DELTACHI2_GT25_ZCAT_PRIMARY
DESI004502,125.084315996637,36.276228152308,QSO,HIZ,1.76036645,22.44733700699358,22-23,39633004707973111,dark,DESI_DR1_V161,ZWARN0_DELTACHI2_GT25_ZCAT_PRIMARY
DESI004503,125.000234728209,-1.481276819978,QSO,HIZ,1.51491184,22.153982709159354,22-23,39627750587236394,dark,DESI_DR1_V161,ZWARN0_DELTACHI2_GT25_ZCAT_PRIMARY
DESI004504,125.001725902699,-0.173890356778,QSO,HIZ,1.60777684,22.26035998697562,22-23,39627780786225227,dark,DESI_DR1_V161,ZWARN0_DELTACHI2_GT25_ZCAT_PRIMARY
DESI004505,125.103819860903,17.763015794534,QSO,HIZ,1.42325725,22.193109096602683,22-23,39628209272129970,dark,DESI_DR1_V161,ZWARN0_DELTACHI2_GT25_ZCAT_PRIMARY
DESI004506,125.029797263178,14.237299762103,QSO,LOZ,0.738565343,22.06742059914125,22-23,39628127877467217,dark,DESI_DR1_V161,ZWARN0_DELTACHI2_GT25_ZCAT_PRIMARY
DESI004507,125.103108247333,13.525740714894,QSO,LOZ,1.49079699,22.264862118014964,22-23,39628110269776910,dark,DESI_DR1_V161,ZWARN0_DELTACHI2_GT25_ZCAT_PRIMARY
DESI004508,125.02686550617,28.405080417141,QSO,HIZ,2.16121657,22.289703728951814,22-23,39628448242600332,dark,DESI_DR1_V161,ZWARN0_DELTACHI2_GT25_ZCAT_PRIMARY
DESI004509,125.089409733746,17.07821140455,QSO,LOZ,1.2887916,22.114556532537794,22-23,39628191945461705,dark,DESI_DR1_V161,ZWARN0_DELTACHI2_GT25_ZCAT_PRIMARY
DESI004510,125.083605737552,17.180509184048,QSO,HIZ,3.09055406,22.707074154815455,22-23,39628197725212704,dark,DESI_DR1_V161,ZWARN0_DELTACHI2_GT25_ZCAT_PRIMARY
DESI004511,125.002172992845,0.30536731778,QSO,HIZ,1.75606068,22.79302290311571,22-23,39627792865820745,dark,DESI_DR1_V161,ZWARN0_DELTACHI2_GT25_ZCAT_PRIMARY
DESI004512,125.091858507933,64.818965979115,QSO,HIZ,2.18210497,22.724302317812327,22-23,39633440169003665,dark,DESI_DR1_V161,ZWARN0_DELTACHI2_GT25_ZCAT_PRIMARY
DESI004513,125.044225153108,5.446443207767,QSO,HIZ,3.47052501,22.45741665175305,22-23,39627919584133732,dark,DESI_DR1_V161,ZWARN0_DELTACHI2_GT25_ZCAT_PRIMARY
DESI004514,125.100660671207,32.384489342988,QSO,HIZ,2.26636954,22.688636329121362,22-23,39632929734788115,dark,DESI_DR1_V161,ZWARN0_DELTACHI2_GT25_ZCAT_PRIMARY
DESI004515,125.064743087339,23.653902388875,QSO,LOZ,1.49416426,22.367938223366767,22-23,39628345020779959,dark,DESI_DR1_V161,ZWARN0_DELTACHI2_GT25_ZCAT_PRIMARY
DESI004516,125.017225346018,18.434183322448,QSO,LOZ,1.03998775,22.458868750559052,22-23,39628226527494498,dark,DESI_DR1_V161,ZWARN0_DELTACHI2_GT25_ZCAT_PRIMARY
DESI004517,125.04607973406,11.868214334907,QSO,HIZ,1.95973574,22.958145973292247,22-23,39628068960078017,dark,DESI_DR1_V161,ZWARN0_DELTACHI2_GT25_ZCAT_PRIMARY
DESI004518,125.042891596341,5.114291353607,QSO,HIZ,1.88701322,22.652960437353467,22-23,39627907538096313,dark,DESI_DR1_V161,ZWARN0_DELTACHI2_GT25_ZCAT_PRIMARY
DESI004519,125.076351781235,43.655494811146,QSO,HIZ,1.58050571,22.261387898862292,22-23,39633143874980328,dark,DESI_DR1_V161,ZWARN0_DELTACHI2_GT25_ZCAT_PRIMARY
DESI004520,125.022898675756,30.768565398214,QSO,HIZ,1.72244418,22.331272055856697,22-23,39628495596293257,dark,DESI_DR1_V161,ZWARN0_DELTACHI2_GT25_ZCAT_PRIMARY
DESI004521,125.099523800065,3.660470966201,QSO,HIZ,2.92844379,22.596080668275093,22-23,39627877402022922,dark,DESI_DR1_V161,ZWARN0_DELTACHI2_GT25_ZCAT_PRIMARY
DESI004522,125.061313657497,25.607783114823,QSO,HIZ,3.0948815,22.045676787793294,22-23,39628383532877561,dark,DESI_DR1_V161,ZWARN0_DELTACHI2_GT25_ZCAT_PRIMARY
DESI004523,125.008733040726,17.788182964414,QSO,LOZ,0.827175489,22.19542765491659,22-23,39628209272128133,dark,DESI_DR1_V161,ZWARN0_DELTACHI2_GT25_ZCAT_PRIMARY
DESI004524,125.102971299476,24.506814510234,QSO,LOZ,1.33652122,22.73691389619922,22-23,39628361592476911,dark,DESI_DR1_V161,ZWARN0_DELTACHI2_GT25_ZCAT_PRIMARY
DESI004525,125.037728031292,23.675991107234,QSO,HIZ,1.7258045,22.048925419301987,22-23,39628345020779355,dark,DESI_DR1_V161,ZWARN0_DELTACHI2_GT25_ZCAT_PRIMARY
DESI004526,125.014864099146,65.187345872472,QSO,HIZ,2.73329867,22.46730626012131,22-23,39633445311218985,dark,DESI_DR1_V161,ZWARN0_DELTACHI2_GT25_ZCAT_PRIMARY
DESI004527,125.037879218772,28.559284470806,QSO,HIZ,1.75010034,22.579030816229995,22-23,39628448242600563,dark,DESI_DR1_V161,ZWARN0_DELTACHI2_GT25_ZCAT_PRIMARY
DESI004528,125.073112435733,39.59170138944,QSO,HIZ,2.22772264,22.927268283518778,22-23,39633066871750822,dark,DESI_DR1_V161,ZWARN0_DELTACHI2_GT25_ZCAT_PRIMARY
DESI004529,125.004133192972,20.231906395585,QSO,HIZ,1.66442038,22.654400136431523,22-23,39628266495017648,dark,DESI_DR1_V161,ZWARN0_DELTACHI2_GT25_ZCAT_PRIMARY
DESI004530,125.099534836142,24.580955591412,QSO,HIZ,1.77380368,22.40700167396283,22-23,39628361592476846,dark,DESI_DR1_V161,ZWARN0_DELTACHI2_GT25_ZCAT_PRIMARY
DESI004531,125.019002491796,1.030853445515,QSO,HIZ,1.94865251,22.059431708303094,22-23,39627810985214394,dark,DESI_DR1_V161,ZWARN0_DELTACHI2_GT25_ZCAT_PRIMARY
DESI004532,125.093733682332,1.044504119226,QSO,HIZ,1.64528935,22.676429693896903,22-23,39627810985216156,dark,DESI_DR1_V161,ZWARN0_DELTACHI2_GT25_ZCAT_PRIMARY
DESI004533,125.063036789345,45.561791121977,QSO,HIZ,2.33116347,22.597360141546165,22-23,39633174086551532,dark,DESI_DR1_V161,ZWARN0_DELTACHI2_GT25_ZCAT_PRIMARY
DESI004534,125.032519687245,9.039451865336,QSO,HIZ,2.13176703,22.52447374660271,22-23,39628003537325228,dark,DESI_DR1_V161,ZWARN0_DELTACHI2_GT25_ZCAT_PRIMARY
DESI004535,125.095027491344,4.903729712363,QSO,LOZ,0.81567204,22.570141298341397,22-23,39627907538097529,dark,DESI_DR1_V161,ZWARN0_DELTACHI2_GT25_ZCAT_PRIMARY
DESI004536,125.067010720747,1.64004471221,QSO,HIZ,2.16578384,22.434382046305565,22-23,39627829104609123,dark,DESI_DR1_V161,ZWARN0_DELTACHI2_GT25_ZCAT_PRIMARY
DESI004537,125.076340536658,18.559036683673,QSO,HIZ,1.75514385,22.800544845757948,22-23,39628226527495716,dark,DESI_DR1_V161,ZWARN0_DELTACHI2_GT25_ZCAT_PRIMARY
DESI004538,125.003852185713,39.385837807949,QSO,HIZ,2.50932812,22.391004924924694,22-23,39633066867560238,dark,DESI_DR1_V161,ZWARN0_DELTACHI2_GT25_ZCAT_PRIMARY
DESI004539,125.093253592023,7.667764780884,QSO,LOZ,1.45917278,22.23269631207827,22-23,39627973631936004,dark,DESI_DR1_V161,ZWARN0_DELTACHI2_GT25_ZCAT_PRIMARY
DESI004540,125.076330526841,46.491212942973,QSO,LOZ,1.11757324,22.29345838838159,22-23,39633190939264394,dark,DESI_DR1_V161,ZWARN0_DELTACHI2_GT25_ZCAT_PRIMARY
DESI004541,125.05592279166,40.548353994146,QSO,HIZ,3.13871774,22.10923300126482,22-23,39633085435741986,dark,DESI_DR1_V161,ZWARN0_DELTACHI2_GT25_ZCAT_PRIMARY
DESI004542,125.047439684371,71.909368215756,QSO,LOZ,1.46446774,22.17006362460491,22-23,39633505235241039,dark,DESI_DR1_V161,ZWARN0_DELTACHI2_GT25_ZCAT_PRIMARY
DESI004543,125.070778899964,73.206826982443,QSO,HIZ,2.27696193,22.9117789369681,22-23,39633514362047618,dark,DESI_DR1_V161,ZWARN0_DELTACHI2_GT25_ZCAT_PRIMARY
DESI004544,125.049648145954,35.469818617083,QSO,LOZ,1.5498105,22.390347161783605,22-23,39632989977577323,dark,DESI_DR1_V161,ZWARN0_DELTACHI2_GT25_ZCAT_PRIMARY
DESI004545,125.065792608804,37.551241177241,QSO,HIZ,1.9470429,22.39183997441417,22-23,39633028934271495,dark,DESI_DR1_V161,ZWARN0_DELTACHI2_GT25_ZCAT_PRIMARY
DESI004546,150.07212194487,1.373650943875,QSO,HIZ,1.52819058,22.6805555696409,22-23,39627817444443834,dark,DESI_DR1_V161,ZWARN0_DELTACHI2_GT25_ZCAT_PRIMARY
DESI004547,150.097000197698,8.551914518747,QSO,LOZ,1.18053619,22.715658700259603,22-23,39627992002988987,dark,DESI_DR1_V161,ZWARN0_DELTACHI2_GT25_ZCAT_PRIMARY
DESI004548,150.044330526451,5.048306093046,QSO,LOZ,1.41775367,22.322883589509697,22-23,39627907957524477,dark,DESI_DR1_V161,ZWARN0_DELTACHI2_GT25_ZCAT_PRIMARY
DESI004549,150.15650661847,0.862993631381,QSO,LOZ,0.87320287,22.93726758500335,22-23,39627805364850177,dark,DESI_DR1_V161,ZWARN0_DELTACHI2_GT25_ZCAT_PRIMARY
DESI004550,150.025305495552,11.688570175547,QSO,HIZ,1.50967759,22.489562122432282,22-23,39628069371119854,dark,DESI_DR1_V161,ZWARN0_DELTACHI2_GT25_ZCAT_PRIMARY
DESI004551,150.158294679589,13.80129169194,QSO,LOZ,1.40030738,22.140753725174637,22-23,39628116552847648,dark,DESI_DR1_V161,ZWARN0_DELTACHI2_GT25_ZCAT_PRIMARY
DESI004552,150.137018443335,-1.562415467436,QSO,HIZ,1.70533279,22.508909088585135,22-23,39627751006669124,dark,DESI_DR1_V161,ZWARN0_DELTACHI2_GT25_ZCAT_PRIMARY
DESI004553,150.082494668212,6.576765251172,QSO,HIZ,2.2008938,22.075351216565167,22-23,39627944045319520,dark,DESI_DR1_V161,ZWARN0_DELTACHI2_GT25_ZCAT_PRIMARY
DESI004554,150.158934336719,-1.171583188211,QSO,HIZ,2.21834769,22.85116958176265,22-23,39627757046467259,dark,DESI_DR1_V161,ZWARN0_DELTACHI2_GT25_ZCAT_PRIMARY
DESI004555,150.026099319376,10.307933744801,QSO,LOZ,0.603312139,22.190844479798518,22-23,39628033753092672,dark,DESI_DR1_V161,ZWARN0_DELTACHI2_GT25_ZCAT_PRIMARY
DESI004556,150.110070905825,6.362628224192,QSO,HIZ,2.3765098,22.47196229567364,22-23,39627938043265680,dark,DESI_DR1_V161,ZWARN0_DELTACHI2_GT25_ZCAT_PRIMARY
DESI004557,150.093715244553,-5.684603211425,QSO,HIZ,2.85016742,22.659022307053505,22-23,39627648476909801,dark,DESI_DR1_V161,ZWARN0_DELTACHI2_GT25_ZCAT_PRIMARY
DESI004558,150.070531026197,-1.435269254923,QSO,LOZ,1.22332898,22.1107795263051,22-23,39627751006667931,dark,DESI_DR1_V161,ZWARN0_DELTACHI2_GT25_ZCAT_PRIMARY
DESI004559,150.1532759802,7.907044617781,QSO,HIZ,1.83641491,22.068478078844862,22-23,39627980036639737,dark,DESI_DR1_V161,ZWARN0_DELTACHI2_GT25_ZCAT_PRIMARY
DESI004560,150.154699613451,13.057834955215,QSO,LOZ,1.50729533,22.711456877854562,22-23,39628098903214832,dark,DESI_DR1_V161,ZWARN0_DELTACHI2_GT25_ZCAT_PRIMARY
DESI004561,150.058909479483,31.945899367861,QSO,LOZ,1.43377755,22.188152712039567,22-23,39628521802302404,dark,DESI_DR1_V161,ZWARN0_DELTACHI2_GT25_ZCAT_PRIMARY
DESI004562,150.091454469872,0.651933886684,QSO,LOZ,1.55978751,22.0183792907926,22-23,39627805364848634,dark,DESI_DR1_V161,ZWARN0_DELTACHI2_GT25_ZCAT_PRIMARY
DESI004563,150.018693852748,-0.254914190275,QSO,HIZ,1.78497272,22.424594064721504,22-23,39627781205656038,dark,DESI_DR1_V161,ZWARN0_DELTACHI2_GT25_ZCAT_PRIMARY
DESI004564,150.096134245808,-1.588069123813,QSO,HIZ,1.89984231,22.820435958143065,22-23,39627751006668394,dark,DESI_DR1_V161,ZWARN0_DELTACHI2_GT25_ZCAT_PRIMARY
DESI004565,150.161556445895,35.891439383731,QSO,HIZ,1.60689605,22.38673167936734,22-23,39633000157151981,dark,DESI_DR1_V161,ZWARN0_DELTACHI2_GT25_ZCAT_PRIMARY
DESI004566,150.145572050819,14.001506680474,QSO,HIZ,2.09326682,22.249116722831,22-23,39628122424869217,dark,DESI_DR1_V161,ZWARN0_DELTACHI2_GT25_ZCAT_PRIMARY
DESI004567,150.103569202621,7.205497837635,QSO,LOZ,1.14032691,22.047636252438632,22-23,39627962055656658,dark,DESI_DR1_V161,ZWARN0_DELTACHI2_GT25_ZCAT_PRIMARY
DESI004568,150.149147787133,15.185232464229,QSO,LOZ,0.81814993,22.084213395292906,22-23,39628151680141796,dark,DESI_DR1_V161,ZWARN0_DELTACHI2_GT25_ZCAT_PRIMARY
DESI004569,150.111806833735,11.425288489206,QSO,LOZ,1.26309978,22.366708340987703,22-23,39628063448763931,dark,DESI_DR1_V161,ZWARN0_DELTACHI2_GT25_ZCAT_PRIMARY
DESI004570,150.128148574281,-1.099450740475,QSO,HIZ,1.65857097,22.623781174729466,22-23,39627763086264753,dark,DESI_DR1_V161,ZWARN0_DELTACHI2_GT25_ZCAT_PRIMARY
DESI004571,150.106309126201,-7.224948015138,QSO,HIZ,2.08241156,22.510715721371746,22-23,39627612443641316,dark,DESI_DR1_V161,ZWARN0_DELTACHI2_GT25_ZCAT_PRIMARY
DESI004572,150.128175832595,-3.632107653,QSO,LOZ,1.05489615,22.333002239002866,22-23,39627696669462383,dark,DESI_DR1_V161,ZWARN0_DELTACHI2_GT25_ZCAT_PRIMARY
DESI004573,150.08742531443,-5.167057599212,QSO,HIZ,1.45832657,22.063869180219662,22-23,39627660510367272,dark,DESI_DR1_V161,ZWARN0_DELTACHI2_GT25_ZCAT_PRIMARY
DESI004574,150.131265434714,5.595614236751,QSO,HIZ,1.74948903,22.393029800876487,22-23,39627920003563649,dark,DESI_DR1_V161,ZWARN0_DELTACHI2_GT25_ZCAT_PRIMARY
DESI004575,150.014236635773,0.318592371193,QSO,HIZ,2.18634515,22.643907069834434,22-23,39627793285251447,dark,DESI_DR1_V161,ZWARN0_DELTACHI2_GT25_ZCAT_PRIMARY
DESI004576,150.10012274891,-0.381990136214,QSO,HIZ,4.14423569,22.02901482184643,22-23,39627775165859876,dark,DESI_DR1_V161,ZWARN0_DELTACHI2_GT25_ZCAT_PRIMARY
DESI004577,150.052014357794,4.512037573957,QSO,HIZ,2.39061305,22.40514956105465,22-23,39627895911483778,dark,DESI_DR1_V161,ZWARN0_DELTACHI2_GT25_ZCAT_PRIMARY
DESI004578,150.144157049092,6.673021809972,QSO,HIZ,2.02235068,22.249409750432534,22-23,39627950055752956,dark,DESI_DR1_V161,ZWARN0_DELTACHI2_GT25_ZCAT_PRIMARY
DESI004579,150.150439786728,13.153328585358,QSO,HIZ,2.20297273,22.70386778396616,22-23,39628104792017438,dark,DESI_DR1_V161,ZWARN0_DELTACHI2_GT25_ZCAT_PRIMARY
DESI004580,150.048261661088,-1.288161468507,QSO,HIZ,2.80595478,22.139810484503624,22-23,39627757046465316,dark,DESI_DR1_V161,ZWARN0_DELTACHI2_GT25_ZCAT_PRIMARY
DESI004581,150.116301753493,7.893134219869,QSO,HIZ,1.80843227,22.63694790349294,22-23,39627980036639017,dark,DESI_DR1_V161,ZWARN0_DELTACHI2_GT25_ZCAT_PRIMARY
DESI004582,150.155935560281,-6.089258921006,QSO,HIZ,1.90090001,22.11946265926221,22-23,39627642466468518,dark,DESI_DR1_V161,ZWARN0_DELTACHI2_GT25_ZCAT_PRIMARY
DESI004583,150.073381739505,7.162908070518,QSO,HIZ,1.80940954,22.94445226776934,22-23,39627962055656062,dark,DESI_DR1_V161,ZWARN0_DELTACHI2_GT25_ZCAT_PRIMARY
DESI004584,150.081334130485,4.951122041865,QSO,HIZ,2.0239409,22.05735696732023,22-23,39627907957525178,dark,DESI_DR1_V161,ZWARN0_DELTACHI2_GT25_ZCAT_PRIMARY
DESI004585,150.106040340455,10.255463440038,QSO,HIZ,1.68141215,22.85306016561702,22-23,39628033757283480,dark,DESI_DR1_V161,ZWARN0_DELTACHI2_GT25_ZCAT_PRIMARY
DESI004586,150.105547222222,2.126302702717,QSO,LOZ,0.961729065,22.41599836439153,22-23,39627841603636302,dark,DESI_DR1_V161,ZWARN0_DELTACHI2_GT25_ZCAT_PRIMARY
DESI004587,150.026927325409,-1.99221229502,QSO,HIZ,3.21225265,22.416018462615476,22-23,39627738927071746,dark,DESI_DR1_V161,ZWARN0_DELTACHI2_GT25_ZCAT_PRIMARY
DESI004588,150.02758585109,9.553640874093,QSO,LOZ,1.46669934,22.155515297845707,22-23,39628015885356124,dark,DESI_DR1_V161,ZWARN0_DELTACHI2_GT25_ZCAT_PRIMARY
DESI004589,150.047924955265,14.291179087904,QSO,HIZ,2.313724,22.1558157491714,22-23,39628128284314426,dark,DESI_DR1_V161,ZWARN0_DELTACHI2_GT25_ZCAT_PRIMARY
DESI004590,150.061153967135,38.477910962555,QSO,HIZ,2.35748116,22.507053000737592,22-23,39633048366481544,dark,DESI_DR1_V161,ZWARN0_DELTACHI2_GT25_ZCAT_PRIMARY
DESI004591,150.144299315239,18.913952275714,QSO,LOZ,1.30583766,22.62789094207003,22-23,39628238384796374,dark,DESI_DR1_V161,ZWARN0_DELTACHI2_GT25_ZCAT_PRIMARY
DESI004592,150.117489685371,6.030944731577,QSO,LOZ,0.878262214,22.75928398122249,22-23,39627932028638671,dark,DESI_DR1_V161,ZWARN0_DELTACHI2_GT25_ZCAT_PRIMARY
DESI004593,150.062786779208,32.255170273415,QSO,HIZ,1.63262083,22.167582690767958,22-23,39628526927743327,dark,DESI_DR1_V161,ZWARN0_DELTACHI2_GT25_ZCAT_PRIMARY
DESI004594,150.073348012978,3.801784526749,QSO,HIZ,3.22283863,22.624686888259518,22-23,39627877821450707,other,DESI_DR1_V161,ZWARN0_DELTACHI2_GT25_ZCAT_PRIMARY
DESI004595,150.098320583371,-2.798265284874,QSO,HIZ,2.24346589,22.272495450720385,22-23,39627720807680247,dark,DESI_DR1_V161,ZWARN0_DELTACHI2_GT25_ZCAT_PRIMARY
DESI004596,175.030364548126,24.01335127521,QSO,HIZ,2.27766617,22.189913841711608,22-23,39628351320624713,dark,DESI_DR1_V161,ZWARN0_DELTACHI2_GT25_ZCAT_PRIMARY
DESI004597,175.035008201233,35.977536750962,QSO,HIZ,2.35138794,22.30324185205868,22-23,39633000492698896,dark,DESI_DR1_V161,ZWARN0_DELTACHI2_GT25_ZCAT_PRIMARY
DESI004598,175.089591052838,56.931500836851,QSO,HIZ,2.71008141,22.108089686571763,22-23,39633348972249943,dark,DESI_DR1_V161,ZWARN0_DELTACHI2_GT25_ZCAT_PRIMARY
DESI004599,175.09901850155,6.324572601495,QSO,HIZ,3.06978475,22.467685597107973,22-23,39627938458503691,dark,DESI_DR1_V161,ZWARN0_DELTACHI2_GT25_ZCAT_PRIMARY
DESI004600,175.069144968276,-7.452462652977,QSO,HIZ,1.84583622,22.358604901919875,22-23,39627606861023264,dark,DESI_DR1_V161,ZWARN0_DELTACHI2_GT25_ZCAT_PRIMARY
DESI004601,175.019124855506,-8.562094170247,QSO,HIZ,2.48907913,22.56172613638276,22-23,39627582911546848,dark,DESI_DR1_V161,ZWARN0_DELTACHI2_GT25_ZCAT_PRIMARY
DESI004602,175.058571699285,5.877061685547,QSO,HIZ,1.77550009,22.1355798937042,22-23,39627932448064863,dark,DESI_DR1_V161,ZWARN0_DELTACHI2_GT25_ZCAT_PRIMARY
DESI004603,175.072694201022,-4.036479076929,QSO,HIZ,2.58199411,22.83551433000195,22-23,39627691057481281,dark,DESI_DR1_V161,ZWARN0_DELTACHI2_GT25_ZCAT_PRIMARY
DESI004604,175.065676977376,-4.396906706989,QSO,HIZ,2.20467319,22.131899336536794,22-23,39627678998857297,dark,DESI_DR1_V161,ZWARN0_DELTACHI2_GT25_ZCAT_PRIMARY
DESI004605,175.002039552436,39.094338302048,QSO,HIZ,2.58251679,22.569953687327235,22-23,39633058139211365,dark,DESI_DR1_V161,ZWARN0_DELTACHI2_GT25_ZCAT_PRIMARY
DESI004606,175.071818342325,-4.985235123536,QSO,HIZ,2.52607262,22.193813152618137,22-23,39627666952816737,dark,DESI_DR1_V161,ZWARN0_DELTACHI2_GT25_ZCAT_PRIMARY
DESI004607,175.074042617419,50.67350811056,QSO,HIZ,1.69872042,22.009538804252298,22-23,39633259612604352,dark,DESI_DR1_V161,ZWARN0_DELTACHI2_GT25_ZCAT_PRIMARY
DESI004608,175.011444379901,40.986661506759,QSO,HIZ,1.51526114,22.468824403918543,22-23,39633095250414677,dark,DESI_DR1_V161,ZWARN0_DELTACHI2_GT25_ZCAT_PRIMARY
DESI004609,175.040636680674,4.045829537215,QSO,HIZ,2.44720741,22.892845298565778,22-23,39627884272288812,dark,DESI_DR1_V161,ZWARN0_DELTACHI2_GT25_ZCAT_PRIMARY
DESI004610,175.004746872494,35.428812191132,QSO,HIZ,3.22845309,22.33713418911876,22-23,39632990661249303,dark,DESI_DR1_V161,ZWARN0_DELTACHI2_GT25_ZCAT_PRIMARY
DESI004611,175.065309429077,56.267772856182,QSO,LOZ,1.08250781,22.081241447295223,22-23,39633338952060100,dark,DESI_DR1_V161,ZWARN0_DELTACHI2_GT25_ZCAT_PRIMARY
DESI004612,175.082884335965,-6.199492988016,QSO,HIZ,2.78409356,22.503759892785506,22-23,39627636871268726,dark,DESI_DR1_V161,ZWARN0_DELTACHI2_GT25_ZCAT_PRIMARY
DESI004613,175.037193644211,37.160161634839,QSO,HIZ,2.44733519,22.40900670912076,22-23,39633024786104980,dark,DESI_DR1_V161,ZWARN0_DELTACHI2_GT25_ZCAT_PRIMARY
DESI004614,175.077774680428,-0.647007130588,QSO,HIZ,2.18627904,22.79910950145191,22-23,39627769545492208,dark,DESI_DR1_V161,ZWARN0_DELTACHI2_GT25_ZCAT_PRIMARY
DESI004615,175.010938059642,33.039908682437,QSO,HIZ,2.08662025,22.21341416807444,22-23,39632940627395268,dark,DESI_DR1_V161,ZWARN0_DELTACHI2_GT25_ZCAT_PRIMARY
DESI004616,175.032865420474,3.224005596364,QSO,HIZ,2.50319323,22.61019522997368,22-23,39627866178061004,dark,DESI_DR1_V161,ZWARN0_DELTACHI2_GT25_ZCAT_PRIMARY
DESI004617,175.093501432333,-0.302399368399,QSO,HIZ,2.17188056,22.478276059678386,22-23,39627781625087839,dark,DESI_DR1_V161,ZWARN0_DELTACHI2_GT25_ZCAT_PRIMARY
DESI004618,175.031116379597,54.232657841503,QSO,HIZ,1.97959235,22.509887079899684,22-23,39633311294817661,dark,DESI_DR1_V161,ZWARN0_DELTACHI2_GT25_ZCAT_PRIMARY
DESI004619,175.083413398915,56.566345283952,QSO,HIZ,2.42442883,22.44946982027233,22-23,39633342315888945,dark,DESI_DR1_V161,ZWARN0_DELTACHI2_GT25_ZCAT_PRIMARY
DESI004620,175.006976528787,4.773574051003,QSO,HIZ,1.70732083,22.525376948813864,22-23,39627902353932768,dark,DESI_DR1_V161,ZWARN0_DELTACHI2_GT25_ZCAT_PRIMARY
DESI004621,175.030847774819,24.305940971544,QSO,LOZ,1.37831365,22.084354062029483,22-23,39628356844523734,dark,DESI_DR1_V161,ZWARN0_DELTACHI2_GT25_ZCAT_PRIMARY
DESI004622,175.031626198943,3.639480740637,QSO,HIZ,3.42371824,22.680292756034916,22-23,39627878240879497,dark,DESI_DR1_V161,ZWARN0_DELTACHI2_GT25_ZCAT_PRIMARY
DESI004623,175.032402430044,-7.254128432427,QSO,HIZ,1.84075538,22.205612377522414,22-23,39627612858876917,dark,DESI_DR1_V161,ZWARN0_DELTACHI2_GT25_ZCAT_PRIMARY
DESI004624,175.009754787941,-3.117091345134,QSO,HIZ,2.24171356,22.998179817649444,22-23,39627715187310847,dark,DESI_DR1_V161,ZWARN0_DELTACHI2_GT25_ZCAT_PRIMARY
DESI004625,175.004994866824,15.231777738335,QSO,HIZ,2.06890182,22.90139130394932,22-23,39628152082795954,dark,DESI_DR1_V161,ZWARN0_DELTACHI2_GT25_ZCAT_PRIMARY
DESI004626,175.027787539748,39.52886503371,QSO,HIZ,2.06794711,22.69365343878605,22-23,39633067517676062,dark,DESI_DR1_V161,ZWARN0_DELTACHI2_GT25_ZCAT_PRIMARY
DESI004627,175.072292624535,3.092877567316,QSO,HIZ,2.32292495,22.18558950777557,22-23,39627860142458076,dark,DESI_DR1_V161,ZWARN0_DELTACHI2_GT25_ZCAT_PRIMARY
DESI004628,175.07177295872,3.722131233438,QSO,HIZ,1.78630581,22.149374297556612,22-23,39627878240880503,dark,DESI_DR1_V161,ZWARN0_DELTACHI2_GT25_ZCAT_PRIMARY
DESI004629,175.068834812624,36.200863751482,QSO,HIZ,1.67923256,22.671810563388703,22-23,39633005387448559,dark,DESI_DR1_V161,ZWARN0_DELTACHI2_GT25_ZCAT_PRIMARY
DESI004630,175.039278749525,-8.366529264606,QSO,LOZ,0.839586138,22.110665736165213,22-23,39627588892624499,dark,DESI_DR1_V161,ZWARN0_DELTACHI2_GT25_ZCAT_PRIMARY
DESI004631,175.089152236913,36.455699086256,QSO,HIZ,2.69160345,22.12643642369513,22-23,39633010261230329,dark,DESI_DR1_V161,ZWARN0_DELTACHI2_GT25_ZCAT_PRIMARY
DESI004632,175.104265687695,5.585948794375,QSO,LOZ,1.11804372,22.192438212304893,22-23,39627920418802171,dark,DESI_DR1_V161,ZWARN0_DELTACHI2_GT25_ZCAT_PRIMARY
DESI004633,175.013287172158,6.523175012087,QSO,HIZ,1.81535164,22.089965958314313,22-23,39627944464745295,dark,DESI_DR1_V161,ZWARN0_DELTACHI2_GT25_ZCAT_PRIMARY
DESI004634,175.073201104064,36.729959356958,QSO,HIZ,1.87968913,22.74558478167701,22-23,39633015118234464,dark,DESI_DR1_V161,ZWARN0_DELTACHI2_GT25_ZCAT_PRIMARY
DESI004635,175.023186789079,32.162106640605,QSO,HIZ,3.086736,22.41014554096223,22-23,39628527284257432,dark,DESI_DR1_V161,ZWARN0_DELTACHI2_GT25_ZCAT_PRIMARY
DESI004636,175.020353079033,8.681519239403,QSO,HIZ,1.97754398,22.489841749005834,22-23,39627998395106512,dark,DESI_DR1_V161,ZWARN0_DELTACHI2_GT25_ZCAT_PRIMARY
DESI004637,175.046476680462,5.484354125736,QSO,HIZ,2.43470568,22.45731225905985,22-23,39627920418801013,dark,DESI_DR1_V161,ZWARN0_DELTACHI2_GT25_ZCAT_PRIMARY
DESI004638,175.101005478704,-5.121331688544,QSO,HIZ,2.40032046,22.94673378747878,22-23,39627666952817498,dark,DESI_DR1_V161,ZWARN0_DELTACHI2_GT25_ZCAT_PRIMARY
DESI004639,175.079880012482,-0.284523119079,QSO,HIZ,2.29499314,22.42646952863893,22-23,39627781625087595,dark,DESI_DR1_V161,ZWARN0_DELTACHI2_GT25_ZCAT_PRIMARY
DESI004640,175.103683240425,4.388946995838,QSO,HIZ,1.85647679,22.03746983532849,22-23,39627896330913912,dark,DESI_DR1_V161,ZWARN0_DELTACHI2_GT25_ZCAT_PRIMARY
DESI004641,175.075655788029,25.148212854067,QSO,HIZ,2.49530084,22.115561893275686,22-23,39628378826867451,dark,DESI_DR1_V161,ZWARN0_DELTACHI2_GT25_ZCAT_PRIMARY
DESI004642,175.06866016792,7.739248945366,QSO,HIZ,2.60498852,22.99890844894664,22-23,39627974462409249,dark,DESI_DR1_V161,ZWARN0_DELTACHI2_GT25_ZCAT_PRIMARY
DESI004643,175.064739487127,15.658472290847,QSO,HIZ,2.07816539,22.45066229329071,22-23,39628163742962814,dark,DESI_DR1_V161,ZWARN0_DELTACHI2_GT25_ZCAT_PRIMARY
DESI004644,175.083286033023,53.286633773829,QSO,HIZ,1.41749189,22.130129368208586,22-23,39633296946102972,dark,DESI_DR1_V161,ZWARN0_DELTACHI2_GT25_ZCAT_PRIMARY
DESI004645,175.085315876805,3.32700273608,QSO,HIZ,2.07606662,22.716613943777855,22-23,39627866178062064,dark,DESI_DR1_V161,ZWARN0_DELTACHI2_GT25_ZCAT_PRIMARY
DESI004646,200.108045328778,37.481071085305,QSO,HIZ,2.17637513,22.219115997602103,22-23,39633029936709695,dark,DESI_DR1_V161,ZWARN0_DELTACHI2_GT25_ZCAT_PRIMARY
DESI004647,200.022033581003,-2.860863136338,QSO,LOZ,1.44624125,22.362328608191,22-23,39627721646539290,dark,DESI_DR1_V161,ZWARN0_DELTACHI2_GT25_ZCAT_PRIMARY
DESI004648,200.054917793119,8.318243266565,QSO,HIZ,2.10308302,22.96829805051473,22-23,39627986852383087,dark,DESI_DR1_V161,ZWARN0_DELTACHI2_GT25_ZCAT_PRIMARY
DESI004649,200.059642733034,31.929302778077,QSO,HIZ,2.81689478,22.27586412813214,22-23,39628522515334193,dark,DESI_DR1_V161,ZWARN0_DELTACHI2_GT25_ZCAT_PRIMARY
DESI004650,200.041029928665,2.956610191985,QSO,HIZ,2.46971693,22.213305772472804,22-23,39627860561888108,dark,DESI_DR1_V161,ZWARN0_DELTACHI2_GT25_ZCAT_PRIMARY
DESI004651,200.097938024831,2.401715992712,QSO,LOZ,1.30766045,22.50514117086044,22-23,39627848482293781,dark,DESI_DR1_V161,ZWARN0_DELTACHI2_GT25_ZCAT_PRIMARY
DESI004652,200.007136267831,40.467878762943,QSO,HIZ,1.757653,22.047364290565284,22-23,39633086396235858,dark,DESI_DR1_V161,ZWARN0_DELTACHI2_GT25_ZCAT_PRIMARY
DESI004653,200.028007013836,7.390386626572,QSO,HIZ,3.18410893,22.759409440966333,22-23,39627968883985037,dark,DESI_DR1_V161,ZWARN0_DELTACHI2_GT25_ZCAT_PRIMARY
DESI004654,200.11350660877,38.929885313389,QSO,LOZ,0.855566937,22.77513584544684,22-23,39633058466367741,dark,DESI_DR1_V161,ZWARN0_DELTACHI2_GT25_ZCAT_PRIMARY
DESI004655,200.053551410397,6.503303043565,QSO,LOZ,1.41384461,22.136177708363082,22-23,39627944879984759,dark,DESI_DR1_V161,ZWARN0_DELTACHI2_GT25_ZCAT_PRIMARY
DESI004656,200.022402835818,-8.88683155829,QSO,HIZ,2.12755102,22.12651339241847,22-23,39627571377210406,dark,DESI_DR1_V161,ZWARN0_DELTACHI2_GT25_ZCAT_PRIMARY
DESI004657,200.090776396633,32.382014011642,QSO,HIZ,2.35244375,22.421953637140096,22-23,39632930795949265,dark,DESI_DR1_V161,ZWARN0_DELTACHI2_GT25_ZCAT_PRIMARY
DESI004658,200.007911130232,3.426458131398,QSO,LOZ,1.55538194,22.75013154745052,22-23,39627872624710045,dark,DESI_DR1_V161,ZWARN0_DELTACHI2_GT25_ZCAT_PRIMARY
DESI004659,200.129696359429,31.859098628255,QSO,HIZ,1.89864629,22.227319797552802,22-23,39628517373120558,dark,DESI_DR1_V161,ZWARN0_DELTACHI2_GT25_ZCAT_PRIMARY
DESI004660,200.05636767574,3.926915684408,QSO,HIZ,1.67403917,22.723305613143236,22-23,39627884691718652,dark,DESI_DR1_V161,ZWARN0_DELTACHI2_GT25_ZCAT_PRIMARY
DESI004661,200.016587023751,34.532347090701,QSO,LOZ,1.18408246,22.5286059519653,22-23,39632971174511285,dark,DESI_DR1_V161,ZWARN0_DELTACHI2_GT25_ZCAT_PRIMARY
DESI004662,200.058294232377,5.210702632799,QSO,HIZ,2.80330418,22.721382838949218,22-23,39627914819403886,dark,DESI_DR1_V161,ZWARN0_DELTACHI2_GT25_ZCAT_PRIMARY
DESI004663,200.055092723941,2.441669936956,QSO,HIZ,1.64177852,22.50704425827548,22-23,39627848482292884,dark,DESI_DR1_V161,ZWARN0_DELTACHI2_GT25_ZCAT_PRIMARY
DESI004664,200.050713814181,38.918150706871,QSO,HIZ,2.53516788,22.397209430076288,22-23,39633058466367111,dark,DESI_DR1_V161,ZWARN0_DELTACHI2_GT25_ZCAT_PRIMARY
DESI004665,200.131464623274,6.791511605292,QSO,HIZ,2.16605911,22.63505397638268,22-23,39627950890418578,dark,DESI_DR1_V161,ZWARN0_DELTACHI2_GT25_ZCAT_PRIMARY
DESI004666,200.072557634765,-2.610175121972,QSO,HIZ,2.13313176,22.488659205371693,22-23,39627727686338089,dark,DESI_DR1_V161,ZWARN0_DELTACHI2_GT25_ZCAT_PRIMARY
DESI004667,200.061248035932,-3.785106817026,QSO,HIZ,2.05631729,22.266752288152375,22-23,39627697508319968,dark,DESI_DR1_V161,ZWARN0_DELTACHI2_GT25_ZCAT_PRIMARY
DESI004668,200.133749306811,31.816590177221,QSO,HIZ,3.00162315,22.381043837920597,22-23,39628517373120657,dark,DESI_DR1_V161,ZWARN0_DELTACHI2_GT25_ZCAT_PRIMARY
DESI004669,200.139816580584,4.130299219266,QSO,HIZ,2.41576009,22.203619009078473,22-23,39627890723129442,dark,DESI_DR1_V161,ZWARN0_DELTACHI2_GT25_ZCAT_PRIMARY
DESI004670,200.118572862559,21.117374779547,QSO,HIZ,1.81951379,22.34489952910075,22-23,39628284656354208,dark,DESI_DR1_V161,ZWARN0_DELTACHI2_GT25_ZCAT_PRIMARY
DESI004671,200.032207532336,56.380217814989,QSO,HIZ,1.72772833,22.16509943736111,22-23,39633342546576882,dark,DESI_DR1_V161,ZWARN0_DELTACHI2_GT25_ZCAT_PRIMARY
DESI004672,200.039940149221,8.393937738006,QSO,LOZ,0.927648496,22.716891002351552,22-23,39627992833460020,dark,DESI_DR1_V161,ZWARN0_DELTACHI2_GT25_ZCAT_PRIMARY
DESI004673,200.037374037823,-4.147370129456,QSO,HIZ,1.50751355,22.017181544288686,22-23,39627685445501120,dark,DESI_DR1_V161,ZWARN0_DELTACHI2_GT25_ZCAT_PRIMARY
DESI004674,200.038657824739,5.988526587417,QSO,HIZ,2.34969601,22.228342247562214,22-23,39627932863304276,dark,DESI_DR1_V161,ZWARN0_DELTACHI2_GT25_ZCAT_PRIMARY
DESI004675,200.124252366447,7.965378287362,QSO,HIZ,2.86032467,22.30617145911351,22-23,39627980867113261,dark,DESI_DR1_V161,ZWARN0_DELTACHI2_GT25_ZCAT_PRIMARY
DESI004676,200.087271730752,1.010051071685,QSO,HIZ,1.7873379,22.85352468064125,22-23,39627812243507057,dark,DESI_DR1_V161,ZWARN0_DELTACHI2_GT25_ZCAT_PRIMARY
DESI004677,200.051835538651,3.783812771152,QSO,HIZ,2.26998506,22.211514643685994,22-23,39627878660309606,dark,DESI_DR1_V161,ZWARN0_DELTACHI2_GT25_ZCAT_PRIMARY
DESI004678,200.131995623555,32.909818372784,QSO,HIZ,1.65158128,22.433319622054,22-23,39632940979718617,dark,DESI_DR1_V161,ZWARN0_DELTACHI2_GT25_ZCAT_PRIMARY
DESI004679,200.014982954378,3.741574673031,QSO,HIZ,2.46234481,22.831953141822797,22-23,39627878656119305,dark,DESI_DR1_V161,ZWARN0_DELTACHI2_GT25_ZCAT_PRIMARY
DESI004680,200.088454672879,-1.607372527994,QSO,HIZ,2.32785282,22.42640865192432,22-23,39627751845529109,dark,DESI_DR1_V161,ZWARN0_DELTACHI2_GT25_ZCAT_PRIMARY
DESI004681,200.134941967696,2.903010317736,QSO,HIZ,1.65959653,22.10683418529647,22-23,39627860561890140,dark,DESI_DR1_V161,ZWARN0_DELTACHI2_GT25_ZCAT_PRIMARY
DESI004682,200.013801011528,38.076521915387,QSO,HIZ,2.28751397,22.045762529757727,22-23,39633039512306611,dark,DESI_DR1_V161,ZWARN0_DELTACHI2_GT25_ZCAT_PRIMARY
DESI004683,200.055923550654,4.128300309749,QSO,HIZ,2.62634593,22.030655465478265,22-23,39627890723127835,dark,DESI_DR1_V161,ZWARN0_DELTACHI2_GT25_ZCAT_PRIMARY
DESI004684,200.130013544838,37.739525502184,QSO,HIZ,1.51309564,22.148784887671688,22-23,39633034730801913,dark,DESI_DR1_V161,ZWARN0_DELTACHI2_GT25_ZCAT_PRIMARY
DESI004685,200.025717036425,2.262470481121,QSO,HIZ,2.49258573,22.78932744445873,22-23,39627842442494710,dark,DESI_DR1_V161,ZWARN0_DELTACHI2_GT25_ZCAT_PRIMARY
DESI004686,200.122248943273,10.6166616791,QSO,LOZ,1.16327655,22.020478531853122,22-23,39628040531084554,dark,DESI_DR1_V161,ZWARN0_DELTACHI2_GT25_ZCAT_PRIMARY
DESI004687,200.001961233587,19.222536843776,QSO,HIZ,1.8680823,22.51724306002565,22-23,39628244894354750,dark,DESI_DR1_V161,ZWARN0_DELTACHI2_GT25_ZCAT_PRIMARY
DESI004688,200.038703617137,4.525500400659,QSO,HIZ,4.00640877,22.550398656311966,22-23,39627896746152885,dark,DESI_DR1_V161,ZWARN0_DELTACHI2_GT25_ZCAT_PRIMARY
DESI004689,200.061101387234,46.2427917573,QSO,LOZ,1.25312478,22.150436042347998,22-23,39633187625765633,dark,DESI_DR1_V161,ZWARN0_DELTACHI2_GT25_ZCAT_PRIMARY
DESI004690,200.131121833561,-4.318774476053,QSO,HIZ,1.63048044,22.052557631767076,22-23,39627685445502943,dark,DESI_DR1_V161,ZWARN0_DELTACHI2_GT25_ZCAT_PRIMARY
DESI004691,200.09818557673,-5.020537343773,QSO,LOZ,1.58318105,22.485333495311536,22-23,39627667372245755,dark,DESI_DR1_V161,ZWARN0_DELTACHI2_GT25_ZCAT_PRIMARY
DESI004692,200.07684166193,5.370408128664,QSO,HIZ,2.35463581,22.916888315693324,22-23,39627914819404384,dark,DESI_DR1_V161,ZWARN0_DELTACHI2_GT25_ZCAT_PRIMARY
DESI004693,200.071682993931,39.776889201988,QSO,HIZ,2.61113732,22.44391876120011,22-23,39633072504704093,dark,DESI_DR1_V161,ZWARN0_DELTACHI2_GT25_ZCAT_PRIMARY
DESI004694,200.001188799418,-8.240684059695,QSO,LOZ,1.45319613,22.604332286002894,22-23,39627589307860392,dark,DESI_DR1_V161,ZWARN0_DELTACHI2_GT25_ZCAT_PRIMARY
DESI004695,200.019024637886,19.191851726302,QSO,HIZ,2.26785392,22.505803542832258,22-23,39628244894355039,dark,DESI_DR1_V161,ZWARN0_DELTACHI2_GT25_ZCAT_PRIMARY
DESI004696,225.046023022093,4.259380325593,QSO,HIZ,1.86647608,22.806148367118915,22-23,39627891138368543,dark,DESI_DR1_V161,ZWARN0_DELTACHI2_GT25_ZCAT_PRIMARY
DESI004697,225.062388094592,3.00812685009,QSO,HIZ,2.15352261,22.08874609672608,22-23,39627860981319055,dark,DESI_DR1_V161,ZWARN0_DELTACHI2_GT25_ZCAT_PRIMARY
DESI004698,225.042930970629,-6.862604247332,QSO,HIZ,1.71082237,22.19641228599457,22-23,39627625693447324,dark,DESI_DR1_V161,ZWARN0_DELTACHI2_GT25_ZCAT_PRIMARY
DESI004699,225.046208245066,-3.424943165459,QSO,HIZ,1.9904828,22.022609817987593,22-23,39627703954970681,dark,DESI_DR1_V161,ZWARN0_DELTACHI2_GT25_ZCAT_PRIMARY
DESI004700,225.047728127116,27.632004559439,QSO,HIZ,2.61477947,22.375695444618913,22-23,39628433717726415,dark,DESI_DR1_V161,ZWARN0_DELTACHI2_GT25_ZCAT_PRIMARY
DESI004701,225.041898347286,41.589025984202,QSO,HIZ,2.03953594,22.280510974480578,22-23,39633104993781117,dark,DESI_DR1_V161,ZWARN0_DELTACHI2_GT25_ZCAT_PRIMARY
DESI004702,225.104021390597,-1.077092136724,QSO,LOZ,0.812251387,22.671967016767635,22-23,39627764344556286,dark,DESI_DR1_V161,ZWARN0_DELTACHI2_GT25_ZCAT_PRIMARY
DESI004703,225.04796941547,31.067664505681,QSO,HIZ,2.50359665,22.432176634309258,22-23,39628502231682001,dark,DESI_DR1_V161,ZWARN0_DELTACHI2_GT25_ZCAT_PRIMARY
DESI004704,225.005528118851,0.163947095668,QSO,HIZ,2.28838591,22.162781010947082,22-23,39627794543542420,dark,DESI_DR1_V161,ZWARN0_DELTACHI2_GT25_ZCAT_PRIMARY
DESI004705,225.028408232028,14.654987793167,QSO,HIZ,1.44706837,22.31196318299881,22-23,39628141215353003,dark,DESI_DR1_V161,ZWARN0_DELTACHI2_GT25_ZCAT_PRIMARY
DESI004706,225.028112054496,29.565083014102,QSO,HIZ,2.49276741,22.75920816093308,22-23,39628470879257069,dark,DESI_DR1_V161,ZWARN0_DELTACHI2_GT25_ZCAT_PRIMARY
DESI004707,225.008029698949,0.79085855138,QSO,HIZ,2.09845634,22.430841271829593,22-23,39627806623138012,dark,DESI_DR1_V161,ZWARN0_DELTACHI2_GT25_ZCAT_PRIMARY
DESI004708,225.03012246593,-3.904691807621,QSO,HIZ,2.24961734,22.372639972376682,22-23,39627691892152311,dark,DESI_DR1_V161,ZWARN0_DELTACHI2_GT25_ZCAT_PRIMARY
DESI004709,225.026030267662,32.772374560616,QSO,LOZ,1.00380335,22.99683210801213,22-23,39632936248544830,dark,DESI_DR1_V161,ZWARN0_DELTACHI2_GT25_ZCAT_PRIMARY
DESI004710,225.085082337114,0.926838881738,QSO,HIZ,1.69303061,22.172004301401618,22-23,39627812662937464,dark,DESI_DR1_V161,ZWARN0_DELTACHI2_GT25_ZCAT_PRIMARY
DESI004711,225.099080606213,32.689117808984,QSO,LOZ,1.4294248,22.32226581640355,22-23,39632936252735823,dark,DESI_DR1_V161,ZWARN0_DELTACHI2_GT25_ZCAT_PRIMARY
DESI004712,225.086745930225,40.512321847324,QSO,HIZ,1.63434426,22.503791488821086,22-23,39633086715004555,dark,DESI_DR1_V161,ZWARN0_DELTACHI2_GT25_ZCAT_PRIMARY
DESI004713,225.023931828222,37.272671494707,QSO,HIZ,2.83768175,22.024850427990152,22-23,39633025453001760,dark,DESI_DR1_V161,ZWARN0_DELTACHI2_GT25_ZCAT_PRIMARY
DESI004714,225.108633611721,16.185201697416,QSO,HIZ,2.07186036,22.62734996828055,22-23,39628176179071428,dark,DESI_DR1_V161,ZWARN0_DELTACHI2_GT25_ZCAT_PRIMARY
DESI004715,225.026038795593,47.374863286433,QSO,LOZ,1.33910018,22.168934496968262,22-23,39633204516227344,dark,DESI_DR1_V161,ZWARN0_DELTACHI2_GT25_ZCAT_PRIMARY
DESI004716,225.060690954697,0.980978482147,QSO,HIZ,2.14110201,22.341066188570274,22-23,39627812662936846,dark,DESI_DR1_V161,ZWARN0_DELTACHI2_GT25_ZCAT_PRIMARY
DESI004717,225.091293040349,9.442219740427,QSO,HIZ,1.59469897,22.39579799205821,22-23,39628017131061794,dark,DESI_DR1_V161,ZWARN0_DELTACHI2_GT25_ZCAT_PRIMARY
DESI004718,225.084424569831,45.359916017861,QSO,HIZ,1.68070588,22.79255086490675,22-23,39633171012126708,dark,DESI_DR1_V161,ZWARN0_DELTACHI2_GT25_ZCAT_PRIMARY
DESI004719,225.042350945437,6.573154255809,QSO,LOZ,1.59031245,22.080658362968055,22-23,39627945299411816,dark,DESI_DR1_V161,ZWARN0_DELTACHI2_GT25_ZCAT_PRIMARY
DESI004720,225.080024170311,15.139068306024,QSO,HIZ,2.07121458,22.94091346342428,22-23,39628152896489165,dark,DESI_DR1_V161,ZWARN0_DELTACHI2_GT25_ZCAT_PRIMARY
DESI004721,225.042198085424,46.808901971228,QSO,LOZ,1.44141219,22.284759184426065,22-23,39633196253449450,dark,DESI_DR1_V161,ZWARN0_DELTACHI2_GT25_ZCAT_PRIMARY
DESI004722,225.028330688783,-5.136356399024,QSO,HIZ,2.92982339,22.610206045485704,22-23,39627661764465202,dark,DESI_DR1_V161,ZWARN0_DELTACHI2_GT25_ZCAT_PRIMARY
DESI004723,225.020698625318,33.530575500426,QSO,HIZ,1.69037921,22.468929909438582,22-23,39632951448701252,dark,DESI_DR1_V161,ZWARN0_DELTACHI2_GT25_ZCAT_PRIMARY
DESI004724,225.07427781385,-2.782940830894,QSO,HIZ,1.8400553,22.58598576511698,22-23,39627722065971346,dark,DESI_DR1_V161,ZWARN0_DELTACHI2_GT25_ZCAT_PRIMARY
DESI004725,225.025563948969,41.565221405865,QSO,HIZ,2.1261288,22.302490317704912,22-23,39633104993780918,dark,DESI_DR1_V161,ZWARN0_DELTACHI2_GT25_ZCAT_PRIMARY
DESI004726,225.084947126195,18.638266699028,QSO,HIZ,2.75633771,22.21799333058253,22-23,39628233854943517,dark,DESI_DR1_V161,ZWARN0_DELTACHI2_GT25_ZCAT_PRIMARY
DESI004727,225.088791464794,40.020703321784,QSO,HIZ,2.23341703,22.4688349540092,22-23,39633077474952942,dark,DESI_DR1_V161,ZWARN0_DELTACHI2_GT25_ZCAT_PRIMARY
DESI004728,225.009964420476,26.246363303551,QSO,HIZ,2.63935995,22.519741182193318,22-23,39628401375448762,dark,DESI_DR1_V161,ZWARN0_DELTACHI2_GT25_ZCAT_PRIMARY
DESI004729,225.07010691007,3.505212770787,QSO,LOZ,1.17258391,22.028543507363725,22-23,39627873048330437,dark,DESI_DR1_V161,ZWARN0_DELTACHI2_GT25_ZCAT_PRIMARY
DESI004730,225.004184155964,2.495614973455,QSO,HIZ,1.68233992,22.250962392027194,22-23,39627848901722249,dark,DESI_DR1_V161,ZWARN0_DELTACHI2_GT25_ZCAT_PRIMARY
DESI004731,225.105043585387,-5.683165258738,QSO,HIZ,3.00242215,22.26452118772617,22-23,39627649731007438,dark,DESI_DR1_V161,ZWARN0_DELTACHI2_GT25_ZCAT_PRIMARY
DESI004732,225.015543663338,-3.362278650054,QSO,LOZ,1.18365996,22.09360391826841,22-23,39627709986379462,dark,DESI_DR1_V161,ZWARN0_DELTACHI2_GT25_ZCAT_PRIMARY
DESI004733,225.041994714001,32.057321029233,QSO,HIZ,4.01629109,22.79726337537568,22-23,39628522871849636,dark,DESI_DR1_V161,ZWARN0_DELTACHI2_GT25_ZCAT_PRIMARY
DESI004734,225.102671612073,14.144527460243,QSO,HIZ,2.05732567,22.652113270910824,22-23,39628129509048993,dark,DESI_DR1_V161,ZWARN0_DELTACHI2_GT25_ZCAT_PRIMARY
DESI004735,225.101047036605,31.890026237063,QSO,LOZ,1.06261943,22.978444728776335,22-23,39628522871850748,dark,DESI_DR1_V161,ZWARN0_DELTACHI2_GT25_ZCAT_PRIMARY
DESI004736,225.019000445783,25.743467398718,QSO,HIZ,2.48802098,22.609968129105138,22-23,39628390503811562,dark,DESI_DR1_V161,ZWARN0_DELTACHI2_GT25_ZCAT_PRIMARY
DESI004737,225.012271288459,-7.060363581919,QSO,LOZ,1.37097999,22.346340528269835,22-23,39627619687208554,dark,DESI_DR1_V161,ZWARN0_DELTACHI2_GT25_ZCAT_PRIMARY
DESI004738,225.095543076237,2.614441555677,QSO,HIZ,2.55958727,22.155246543432717,22-23,39627848901724167,dark,DESI_DR1_V161,ZWARN0_DELTACHI2_GT25_ZCAT_PRIMARY
DESI004739,225.044807431242,15.110618287326,QSO,HIZ,2.78237879,22.99140671884722,22-23,39628147058017285,dark,DESI_DR1_V161,ZWARN0_DELTACHI2_GT25_ZCAT_PRIMARY
DESI004740,225.065063632828,35.968417647645,QSO,HIZ,1.63575826,22.7493334973323,22-23,39633001176367868,dark,DESI_DR1_V161,ZWARN0_DELTACHI2_GT25_ZCAT_PRIMARY
DESI004741,225.069132410499,30.89085840522,QSO,HIZ,1.83111486,22.82500181803299,22-23,39628502231682372,dark,DESI_DR1_V161,ZWARN0_DELTACHI2_GT25_ZCAT_PRIMARY
DESI004742,225.038108376472,36.223725650439,QSO,HIZ,2.43847416,22.7432825201447,22-23,39633006062733717,dark,DESI_DR1_V161,ZWARN0_DELTACHI2_GT25_ZCAT_PRIMARY
DESI004743,225.016700989443,6.644866560851,QSO,LOZ,1.43939127,22.38225110948692,22-23,39627951305654632,dark,DESI_DR1_V161,ZWARN0_DELTACHI2_GT25_ZCAT_PRIMARY
DESI004744,225.051818872989,2.421126489079,QSO,HIZ,1.52147927,22.700976536072766,22-23,39627848901723253,dark,DESI_DR1_V161,ZWARN0_DELTACHI2_GT25_ZCAT_PRIMARY
DESI004745,225.055550064775,31.451976741371,QSO,HIZ,2.28917493,22.520909385229665,22-23,39628512574837467,dark,DESI_DR1_V161,ZWARN0_DELTACHI2_GT25_ZCAT_PRIMARY
DESI004746,330.217817482598,1.07919367473,QSO,HIZ,3.1610315,22.920840571634045,22-23,39627814424551636,dark,DESI_DR1_V161,ZWARN0_DELTACHI2_GT25_ZCAT_PRIMARY
DESI004747,330.190356575963,2.135667062575,QSO,HIZ,2.63919864,22.304374663473066,22-23,39627844623536939,dark,DESI_DR1_V161,ZWARN0_DELTACHI2_GT25_ZCAT_PRIMARY
DESI004748,330.146399293705,-0.31156267515,QSO,LOZ,1.58382316,22.397377345502456,22-23,39627784225559846,dark,DESI_DR1_V161,ZWARN0_DELTACHI2_GT25_ZCAT_PRIMARY
DESI004749,330.146336404206,2.461740952628,QSO,LOZ,1.110746,22.33202518382871,22-23,39627850663333181,dark,DESI_DR1_V161,ZWARN0_DELTACHI2_GT25_ZCAT_PRIMARY
DESI004750,330.21298070088,10.771029504534,QSO,HIZ,2.58280158,22.523321671644588,22-23,39628048617706660,dark,DESI_DR1_V161,ZWARN0_DELTACHI2_GT25_ZCAT_PRIMARY
DESI004751,330.188392340581,4.15183365758,QSO,HIZ,2.26896652,22.676129567611454,22-23,39627892899976537,dark,DESI_DR1_V161,ZWARN0_DELTACHI2_GT25_ZCAT_PRIMARY
DESI004752,330.104013044701,15.249614437355,QSO,LOZ,0.937456517,22.040537510642498,22-23,39628154599377283,dark,DESI_DR1_V161,ZWARN0_DELTACHI2_GT25_ZCAT_PRIMARY
DESI004753,330.205375732194,12.488645041745,QSO,HIZ,1.98546036,22.688764220015628,22-23,39628090061621848,dark,DESI_DR1_V161,ZWARN0_DELTACHI2_GT25_ZCAT_PRIMARY
DESI004754,330.031764706116,25.796557019117,QSO,HIZ,1.66493635,22.029373720808717,22-23,39628392093455835,dark,DESI_DR1_V161,ZWARN0_DELTACHI2_GT25_ZCAT_PRIMARY
DESI004755,330.05058355551,4.03473153185,QSO,HIZ,2.34708166,22.43813950727637,22-23,39627886868564315,dark,DESI_DR1_V161,ZWARN0_DELTACHI2_GT25_ZCAT_PRIMARY
DESI004756,330.043841740879,-6.556435610021,QSO,HIZ,1.53820163,22.392862556427357,22-23,39627633448719860,dark,DESI_DR1_V161,ZWARN0_DELTACHI2_GT25_ZCAT_PRIMARY
DESI004757,330.171976944112,7.272310720413,QSO,LOZ,0.744555076,22.238859045394747,22-23,39627965054585678,dark,DESI_DR1_V161,ZWARN0_DELTACHI2_GT25_ZCAT_PRIMARY
DESI004758,330.166889303207,13.037388241593,QSO,HIZ,3.23758961,22.083621314130998,22-23,39628101847617079,dark,DESI_DR1_V161,ZWARN0_DELTACHI2_GT25_ZCAT_PRIMARY
DESI004759,330.115811673076,17.976177078315,QSO,LOZ,1.1298845,22.0087650499011,22-23,39628218310853411,dark,DESI_DR1_V161,ZWARN0_DELTACHI2_GT25_ZCAT_PRIMARY
DESI004760,330.219603687357,2.123736772668,QSO,LOZ,1.23904943,22.083547326682943,22-23,39627838583740275,dark,DESI_DR1_V161,ZWARN0_DELTACHI2_GT25_ZCAT_PRIMARY
DESI004761,330.206154103731,4.134234749157,QSO,LOZ,1.1114758,22.244996864423886,22-23,39627892899976929,dark,DESI_DR1_V161,ZWARN0_DELTACHI2_GT25_ZCAT_PRIMARY
DESI004762,330.134607074375,3.278836843368,QSO,HIZ,1.77226507,22.842296865487498,22-23,39627868774338482,dark,DESI_DR1_V161,ZWARN0_DELTACHI2_GT25_ZCAT_PRIMARY
DESI004763,330.18300040268,-1.866085196394,QSO,LOZ,1.18998818,22.07020873177549,22-23,39627747986772623,dark,DESI_DR1_V161,ZWARN0_DELTACHI2_GT25_ZCAT_PRIMARY
DESI004764,330.224512446736,16.837103926808,QSO,HIZ,1.87335939,22.471941134731406,22-23,39628189458241029,dark,DESI_DR1_V161,ZWARN0_DELTACHI2_GT25_ZCAT_PRIMARY
DESI004765,330.127546771433,18.86455844123,QSO,LOZ,1.2957461,22.439175862763733,22-23,39628235524280010,dark,DESI_DR1_V161,ZWARN0_DELTACHI2_GT25_ZCAT_PRIMARY
DESI004766,330.10334826118,5.640894234708,QSO,LOZ,0.989600897,22.19024845303526,22-23,39627929021322010,dark,DESI_DR1_V161,ZWARN0_DELTACHI2_GT25_ZCAT_PRIMARY
DESI004767,330.131967213765,-4.522413966216,QSO,LOZ,1.38560434,22.485419192158716,22-23,39627681590940179,dark,DESI_DR1_V161,ZWARN0_DELTACHI2_GT25_ZCAT_PRIMARY
DESI004768,330.030809568725,14.536774206144,QSO,HIZ,2.90139416,22.39382702548215,22-23,39628137071383111,dark,DESI_DR1_V161,ZWARN0_DELTACHI2_GT25_ZCAT_PRIMARY
DESI004769,330.221197975029,7.554412860818,QSO,HIZ,2.99080221,22.551587809711922,22-23,39627971052440723,dark,DESI_DR1_V161,ZWARN0_DELTACHI2_GT25_ZCAT_PRIMARY
DESI004770,330.033784759618,2.724835144733,QSO,HIZ,1.85942517,22.76772061319698,22-23,39627856703128356,dark,DESI_DR1_V161,ZWARN0_DELTACHI2_GT25_ZCAT_PRIMARY
DESI004771,330.126621923779,-10.16921210115,QSO,HIZ,2.11091293,22.77908645050505,22-23,39627543724164932,dark,DESI_DR1_V161,ZWARN0_DELTACHI2_GT25_ZCAT_PRIMARY
DESI004772,330.022511509787,11.042783718505,QSO,HIZ,2.14211246,22.019536509771267,22-23,39628054556836529,dark,DESI_DR1_V161,ZWARN0_DELTACHI2_GT25_ZCAT_PRIMARY
DESI004773,330.199606209796,0.822532509806,QSO,HIZ,2.40034425,22.609611352257737,22-23,39627808384753256,dark,DESI_DR1_V161,ZWARN0_DELTACHI2_GT25_ZCAT_PRIMARY
DESI004774,330.126300394662,-2.653344211553,QSO,HIZ,1.88730838,22.090189252089342,22-23,39627723827579787,dark,DESI_DR1_V161,ZWARN0_DELTACHI2_GT25_ZCAT_PRIMARY
DESI004775,330.093464848015,-4.057847791993,QSO,LOZ,1.08718501,22.05812278630251,22-23,39627693653756729,dark,DESI_DR1_V161,ZWARN0_DELTACHI2_GT25_ZCAT_PRIMARY
DESI004776,330.041110090771,7.776032002965,QSO,HIZ,2.27820689,22.36075163512921,22-23,39627977041904433,dark,DESI_DR1_V161,ZWARN0_DELTACHI2_GT25_ZCAT_PRIMARY
DESI004777,330.059442937685,-0.689817609451,QSO,HIZ,1.91175275,22.428978587211326,22-23,39627772145961211,dark,DESI_DR1_V161,ZWARN0_DELTACHI2_GT25_ZCAT_PRIMARY
DESI004778,330.226508616516,11.330832270533,QSO,HIZ,2.89920634,22.901543738376237,22-23,39628060491776479,dark,DESI_DR1_V161,ZWARN0_DELTACHI2_GT25_ZCAT_PRIMARY
DESI004779,330.222567605622,15.693584637955,QSO,HIZ,1.57185551,22.694263545169516,22-23,39628166255346689,dark,DESI_DR1_V161,ZWARN0_DELTACHI2_GT25_ZCAT_PRIMARY
DESI004780,330.154976204123,12.909232182565,QSO,HIZ,2.74118493,22.49437960144821,22-23,39628101847616806,dark,DESI_DR1_V161,ZWARN0_DELTACHI2_GT25_ZCAT_PRIMARY
DESI004781,330.063662310361,1.882430936485,QSO,LOZ,1.23652249,22.43129979896773,22-23,39627838583736115,dark,DESI_DR1_V161,ZWARN0_DELTACHI2_GT25_ZCAT_PRIMARY
DESI004782,330.163713393326,4.650276232434,QSO,LOZ,1.2252225,22.280723877848427,22-23,39627904946017540,dark,DESI_DR1_V161,ZWARN0_DELTACHI2_GT25_ZCAT_PRIMARY
DESI004783,330.026467784494,-8.705119626139,QSO,HIZ,1.63966371,22.463467669973852,22-23,39627579505773005,dark,DESI_DR1_V161,ZWARN0_DELTACHI2_GT25_ZCAT_PRIMARY
DESI004784,330.199974541947,2.918326050961,QSO,LOZ,1.5616529,22.002910710837224,22-23,39627862742929504,dark,DESI_DR1_V161,ZWARN0_DELTACHI2_GT25_ZCAT_PRIMARY
DESI004785,330.134792203766,6.871344109621,QSO,HIZ,1.64701674,22.5267259293036,22-23,39627953058874495,dark,DESI_DR1_V161,ZWARN0_DELTACHI2_GT25_ZCAT_PRIMARY
DESI004786,330.222739632927,3.647768541819,QSO,HIZ,2.6381366,22.79818033048826,22-23,39627880841347384,dark,DESI_DR1_V161,ZWARN0_DELTACHI2_GT25_ZCAT_PRIMARY
DESI004787,330.132775258352,18.487447543214,QSO,HIZ,2.52009728,22.031691826562383,22-23,39628229794860316,dark,DESI_DR1_V161,ZWARN0_DELTACHI2_GT25_ZCAT_PRIMARY
DESI004788,330.104551341938,4.34269787322,QSO,HIZ,2.37722516,22.059352115505522,22-23,39627892899974654,dark,DESI_DR1_V161,ZWARN0_DELTACHI2_GT25_ZCAT_PRIMARY
DESI004789,330.208639317686,15.411817003205,QSO,LOZ,1.21036218,22.037625850250215,22-23,39628160429463124,dark,DESI_DR1_V161,ZWARN0_DELTACHI2_GT25_ZCAT_PRIMARY
DESI004790,330.056582434262,3.439209469792,QSO,HIZ,1.88715453,22.994389895266664,22-23,39627874805745762,dark,DESI_DR1_V161,ZWARN0_DELTACHI2_GT25_ZCAT_PRIMARY
DESI004791,330.04174799004,9.903792673829,QSO,HIZ,2.1126078,22.630800700670957,22-23,39628030779331120,dark,DESI_DR1_V161,ZWARN0_DELTACHI2_GT25_ZCAT_PRIMARY
DESI004792,330.229211693263,0.763868938293,QSO,LOZ,1.31185458,22.153296116224066,22-23,39627808384754428,dark,DESI_DR1_V161,ZWARN0_DELTACHI2_GT25_ZCAT_PRIMARY
DESI004793,330.014174507427,-1.785490868171,QSO,HIZ,2.34289527,22.009075867080977,22-23,39627747986768261,dark,DESI_DR1_V161,ZWARN0_DELTACHI2_GT25_ZCAT_PRIMARY
DESI004794,330.165747631406,8.255658498875,QSO,HIZ,1.70942652,22.23228896687126,22-23,39627989012451245,dark,DESI_DR1_V161,ZWARN0_DELTACHI2_GT25_ZCAT_PRIMARY
DESI004795,330.010399512911,15.900466040343,QSO,LOZ,1.32977028,22.187216237581268,22-23,39628172064459974,dark,DESI_DR1_V161,ZWARN0_DELTACHI2_GT25_ZCAT_PRIMARY
