benchmark_id,ra,dec,truth_class,truth_source,truth_quality
TRD000001,146.91375,-0.64448137,STAR,SDSS_DR18_SPECTROSCOPY,ZWARNING_0_SCIENCEPRIMARY
TRD000002,147.25534,-0.31933693,STAR,SDSS_DR18_SPECTROSCOPY,ZWARNING_0_SCIENCEPRIMARY
TRD000003,147.01792,-0.1272663,STAR,SDSS_DR18_SPECTROSCOPY,ZWARNING_0_SCIENCEPRIMARY
TRD000004,147.09176,-0.07734624,STAR,SDSS_DR18_SPECTROSCOPY,ZWARNING_0_SCIENCEPRIMARY
TRD000005,147.32107,-0.0065757249,STAR,SDSS_DR18_SPECTROSCOPY,ZWARNING_0_SCIENCEPRIMARY
TRD000006,146.94386,0.039168534,STAR,SDSS_DR18_SPECTROSCOPY,ZWARNING_0_SCIENCEPRIMARY
TRD000007,146.47335,-0.58450953,STAR,SDSS_DR18_SPECTROSCOPY,ZWARNING_0_SCIENCEPRIMARY
TRD000008,146.83368,-0.3359704,STAR,SDSS_DR18_SPECTROSCOPY,ZWARNING_0_SCIENCEPRIMARY
TRD000009,146.17616,-0.98244054,STAR,SDSS_DR18_SPECTROSCOPY,ZWARNING_0_SCIENCEPRIMARY
TRD000010,145.83254,-1.0027092,STAR,SDSS_DR18_SPECTROSCOPY,ZWARNING_0_SCIENCEPRIMARY
TRD000011,145.8232,-1.1725503,STAR,SDSS_DR18_SPECTROSCOPY,ZWARNING_0_SCIENCEPRIMARY
TRD000012,146.40564,-0.50711993,STAR,SDSS_DR18_SPECTROSCOPY,ZWARNING_0_SCIENCEPRIMARY
TRD000013,145.97827,-0.030849846,STAR,SDSS_DR18_SPECTROSCOPY,ZWARNING_0_SCIENCEPRIMARY
TRD000014,145.87459,-0.33551457,STAR,SDSS_DR18_SPECTROSCOPY,ZWARNING_0_SCIENCEPRIMARY
TRD000015,145.84176,-0.27778925,STAR,SDSS_DR18_SPECTROSCOPY,ZWARNING_0_SCIENCEPRIMARY
TRD000016,145.57595,-0.42212484,STAR,SDSS_DR18_SPECTROSCOPY,ZWARNING_0_SCIENCEPRIMARY
TRD000017,145.67423,-0.38081052,STAR,SDSS_DR18_SPECTROSCOPY,ZWARNING_0_SCIENCEPRIMARY
TRD000018,145.44053,-0.72903632,STAR,SDSS_DR18_SPECTROSCOPY,ZWARNING_0_SCIENCEPRIMARY
TRD000019,145.29542,-0.74985409,STAR,SDSS_DR18_SPECTROSCOPY,ZWARNING_0_SCIENCEPRIMARY
TRD000020,145.24573,0.044365969,STAR,SDSS_DR18_SPECTROSCOPY,ZWARNING_0_SCIENCEPRIMARY
TRD000021,145.28112,-0.3304716,STAR,SDSS_DR18_SPECTROSCOPY,ZWARNING_0_SCIENCEPRIMARY
TRD000022,145.28412,0.706299,STAR,SDSS_DR18_SPECTROSCOPY,ZWARNING_0_SCIENCEPRIMARY
TRD000023,145.2928,0.37633508,STAR,SDSS_DR18_SPECTROSCOPY,ZWARNING_0_SCIENCEPRIMARY
TRD000024,145.26257,0.31093104,STAR,SDSS_DR18_SPECTROSCOPY,ZWARNING_0_SCIENCEPRIMARY
TRD000025,145.7304,1.1649383,STAR,SDSS_DR18_SPECTROSCOPY,ZWARNING_0_SCIENCEPRIMARY
TRD000026,145.56677,0.99523194,STAR,SDSS_DR18_SPECTROSCOPY,ZWARNING_0_SCIENCEPRIMARY
TRD000027,145.63729,0.37329958,STAR,SDSS_DR18_SPECTROSCOPY,ZWARNING_0_SCIENCEPRIMARY
TRD000028,145.87385,0.94870332,STAR,SDSS_DR18_SPECTROSCOPY,ZWARNING_0_SCIENCEPRIMARY
TRD000029,145.76527,0.30018593,STAR,SDSS_DR18_SPECTROSCOPY,ZWARNING_0_SCIENCEPRIMARY
TRD000030,146.33534,1.2198521,STAR,SDSS_DR18_SPECTROSCOPY,ZWARNING_0_SCIENCEPRIMARY
TRD000031,147.0479,-0.32770152,STAR,SDSS_DR18_SPECTROSCOPY,ZWARNING_0_SCIENCEPRIMARY
TRD000032,146.54425,-1.1064971,STAR,SDSS_DR18_SPECTROSCOPY,ZWARNING_0_SCIENCEPRIMARY
TRD000033,146.03,-0.65827367,STAR,SDSS_DR18_SPECTROSCOPY,ZWARNING_0_SCIENCEPRIMARY
TRD000034,145.40905,0.30596715,STAR,SDSS_DR18_SPECTROSCOPY,ZWARNING_0_SCIENCEPRIMARY
TRD000035,146.02863,0.55695456,STAR,SDSS_DR18_SPECTROSCOPY,ZWARNING_0_SCIENCEPRIMARY
TRD000036,146.18598,0.27795367,STAR,SDSS_DR18_SPECTROSCOPY,ZWARNING_0_SCIENCEPRIMARY
TRD000037,146.08468,0.25722726,STAR,SDSS_DR18_SPECTROSCOPY,ZWARNING_0_SCIENCEPRIMARY
TRD000038,146.49713,0.7424233,STAR,SDSS_DR18_SPECTROSCOPY,ZWARNING_0_SCIENCEPRIMARY
TRD000039,146.7187,0.12311831,STAR,SDSS_DR18_SPECTROSCOPY,ZWARNING_0_SCIENCEPRIMARY
TRD000040,146.78593,0.28355444,STAR,SDSS_DR18_SPECTROSCOPY,ZWARNING_0_SCIENCEPRIMARY
TRD000041,146.66811,1.2221831,STAR,SDSS_DR18_SPECTROSCOPY,ZWARNING_0_SCIENCEPRIMARY
TRD000042,146.8094,0.97601012,STAR,SDSS_DR18_SPECTROSCOPY,ZWARNING_0_SCIENCEPRIMARY
TRD000043,147.01354,0.15538982,STAR,SDSS_DR18_SPECTROSCOPY,ZWARNING_0_SCIENCEPRIMARY
TRD000044,146.98697,0.90994195,STAR,SDSS_DR18_SPECTROSCOPY,ZWARNING_0_SCIENCEPRIMARY
TRD000045,147.16763,0.47167291,STAR,SDSS_DR18_SPECTROSCOPY,ZWARNING_0_SCIENCEPRIMARY
TRD000046,147.18683,0.58795241,STAR,SDSS_DR18_SPECTROSCOPY,ZWARNING_0_SCIENCEPRIMARY
TRD000047,148.96675,-0.77607839,STAR,SDSS_DR18_SPECTROSCOPY,ZWARNING_0_SCIENCEPRIMARY
TRD000048,148.5264,-0.97168901,STAR,SDSS_DR18_SPECTROSCOPY,ZWARNING_0_SCIENCEPRIMARY
TRD000049,148.98573,0.005366197,STAR,SDSS_DR18_SPECTROSCOPY,ZWARNING_0_SCIENCEPRIMARY
TRD000050,148.37166,-0.8501361,STAR,SDSS_DR18_SPECTROSCOPY,ZWARNING_0_SCIENCEPRIMARY
TRD000051,148.76817,-0.22083189,STAR,SDSS_DR18_SPECTROSCOPY,ZWARNING_0_SCIENCEPRIMARY
TRD000052,148.1694,-1.1243151,STAR,SDSS_DR18_SPECTROSCOPY,ZWARNING_0_SCIENCEPRIMARY
TRD000053,148.53234,-0.38237117,STAR,SDSS_DR18_SPECTROSCOPY,ZWARNING_0_SCIENCEPRIMARY
TRD000054,148.38949,-0.034760168,STAR,SDSS_DR18_SPECTROSCOPY,ZWARNING_0_SCIENCEPRIMARY
TRD000055,147.85068,-1.0771943,STAR,SDSS_DR18_SPECTROSCOPY,ZWARNING_0_SCIENCEPRIMARY
TRD000056,147.86705,-0.71049327,STAR,SDSS_DR18_SPECTROSCOPY,ZWARNING_0_SCIENCEPRIMARY
TRD000057,147.76419,-0.58103041,STAR,SDSS_DR18_SPECTROSCOPY,ZWARNING_0_SCIENCEPRIMARY
TRD000058,147.65636,-0.54811511,STAR,SDSS_DR18_SPECTROSCOPY,ZWARNING_0_SCIENCEPRIMARY
TRD000059,147.47546,-1.1815886,STAR,SDSS_DR18_SPECTROSCOPY,ZWARNING_0_SCIENCEPRIMARY
TRD000060,147.28951,-0.79756098,STAR,SDSS_DR18_SPECTROSCOPY,ZWARNING_0_SCIENCEPRIMARY
TRD000061,147.4488,-0.96330768,STAR,SDSS_DR18_SPECTROSCOPY,ZWARNING_0_SCIENCEPRIMARY
TRD000062,147.61614,0.093248577,STAR,SDSS_DR18_SPECTROSCOPY,ZWARNING_0_SCIENCEPRIMARY
TRD000063,147.08272,-1.2156437,STAR,SDSS_DR18_SPECTROSCOPY,ZWARNING_0_SCIENCEPRIMARY
TRD000064,147.21337,-0.8131697,STAR,SDSS_DR18_SPECTROSCOPY,ZWARNING_0_SCIENCEPRIMARY
TRD000065,147.10709,-0.34790731,STAR,SDSS_DR18_SPECTROSCOPY,ZWARNING_0_SCIENCEPRIMARY
TRD000066,146.52448,0.83016299,STAR,SDSS_DR18_SPECTROSCOPY,ZWARNING_0_SCIENCEPRIMARY
TRD000067,147.18509,1.0136953,STAR,SDSS_DR18_SPECTROSCOPY,ZWARNING_0_SCIENCEPRIMARY
TRD000068,146.50391,0.41384664,STAR,SDSS_DR18_SPECTROSCOPY,ZWARNING_0_SCIENCEPRIMARY
TRD000069,147.09942,0.47544679,STAR,SDSS_DR18_SPECTROSCOPY,ZWARNING_0_SCIENCEPRIMARY
TRD000070,147.39408,0.28653246,STAR,SDSS_DR18_SPECTROSCOPY,ZWARNING_0_SCIENCEPRIMARY
TRD000071,147.50014,1.0065357,STAR,SDSS_DR18_SPECTROSCOPY,ZWARNING_0_SCIENCEPRIMARY
TRD000072,147.67551,1.2573303,STAR,SDSS_DR18_SPECTROSCOPY,ZWARNING_0_SCIENCEPRIMARY
TRD000073,147.73122,0.54832364,STAR,SDSS_DR18_SPECTROSCOPY,ZWARNING_0_SCIENCEPRIMARY
TRD000074,147.65394,0.52316504,STAR,SDSS_DR18_SPECTROSCOPY,ZWARNING_0_SCIENCEPRIMARY
TRD000075,148.10993,0.37240762,STAR,SDSS_DR18_SPECTROSCOPY,ZWARNING_0_SCIENCEPRIMARY
TRD000076,148.16678,0.72642294,STAR,SDSS_DR18_SPECTROSCOPY,ZWARNING_0_SCIENCEPRIMARY
TRD000077,148.36464,0.62225381,STAR,SDSS_DR18_SPECTROSCOPY,ZWARNING_0_SCIENCEPRIMARY
TRD000078,148.32412,0.41432082,STAR,SDSS_DR18_SPECTROSCOPY,ZWARNING_0_SCIENCEPRIMARY
TRD000079,148.54058,0.25761725,STAR,SDSS_DR18_SPECTROSCOPY,ZWARNING_0_SCIENCEPRIMARY
TRD000080,148.76657,0.92770885,STAR,SDSS_DR18_SPECTROSCOPY,ZWARNING_0_SCIENCEPRIMARY
TRD000081,148.49046,1.088089,STAR,SDSS_DR18_SPECTROSCOPY,ZWARNING_0_SCIENCEPRIMARY
TRD000082,150.24775,-0.70635261,STAR,SDSS_DR18_SPECTROSCOPY,ZWARNING_0_SCIENCEPRIMARY
TRD000083,150.21882,-0.5674201,STAR,SDSS_DR18_SPECTROSCOPY,ZWARNING_0_SCIENCEPRIMARY
TRD000084,149.81852,-0.82974198,STAR,SDSS_DR18_SPECTROSCOPY,ZWARNING_0_SCIENCEPRIMARY
TRD000085,149.6984,-0.66619961,STAR,SDSS_DR18_SPECTROSCOPY,ZWARNING_0_SCIENCEPRIMARY
TRD000086,149.93783,-0.81879212,STAR,SDSS_DR18_SPECTROSCOPY,ZWARNING_0_SCIENCEPRIMARY
TRD000087,149.98047,-0.49724368,STAR,SDSS_DR18_SPECTROSCOPY,ZWARNING_0_SCIENCEPRIMARY
TRD000088,150.30047,-0.3368643,STAR,SDSS_DR18_SPECTROSCOPY,ZWARNING_0_SCIENCEPRIMARY
TRD000089,150.3032,-0.40868281,STAR,SDSS_DR18_SPECTROSCOPY,ZWARNING_0_SCIENCEPRIMARY
TRD000090,150.25163,-0.40262853,STAR,SDSS_DR18_SPECTROSCOPY,ZWARNING_0_SCIENCEPRIMARY
TRD000091,149.49651,-1.1186917,STAR,SDSS_DR18_SPECTROSCOPY,ZWARNING_0_SCIENCEPRIMARY
TRD000092,149.65236,-0.38533516,STAR,SDSS_DR18_SPECTROSCOPY,ZWARNING_0_SCIENCEPRIMARY
TRD000093,149.21152,-0.63278803,STAR,SDSS_DR18_SPECTROSCOPY,ZWARNING_0_SCIENCEPRIMARY
TRD000094,149.14113,-0.16971801,STAR,SDSS_DR18_SPECTROSCOPY,ZWARNING_0_SCIENCEPRIMARY
TRD000095,149.09645,-0.28140122,STAR,SDSS_DR18_SPECTROSCOPY,ZWARNING_0_SCIENCEPRIMARY
TRD000096,148.64859,-1.2369798,STAR,SDSS_DR18_SPECTROSCOPY,ZWARNING_0_SCIENCEPRIMARY
TRD000097,148.34904,-1.0635568,STAR,SDSS_DR18_SPECTROSCOPY,ZWARNING_0_SCIENCEPRIMARY
TRD000098,147.83633,-0.74426931,STAR,SDSS_DR18_SPECTROSCOPY,ZWARNING_0_SCIENCEPRIMARY
TRD000099,148.72993,-0.76054033,STAR,SDSS_DR18_SPECTROSCOPY,ZWARNING_0_SCIENCEPRIMARY
TRD000100,148.00729,-0.77663315,STAR,SDSS_DR18_SPECTROSCOPY,ZWARNING_0_SCIENCEPRIMARY
TRD000101,147.75936,-0.079764558,STAR,SDSS_DR18_SPECTROSCOPY,ZWARNING_0_SCIENCEPRIMARY
TRD000102,148.15135,0.079704841,STAR,SDSS_DR18_SPECTROSCOPY,ZWARNING_0_SCIENCEPRIMARY
TRD000103,148.24913,-0.079779342,STAR,SDSS_DR18_SPECTROSCOPY,ZWARNING_0_SCIENCEPRIMARY
TRD000104,148.77811,1.1167403,STAR,SDSS_DR18_SPECTROSCOPY,ZWARNING_0_SCIENCEPRIMARY
TRD000105,147.92671,1.0015873,STAR,SDSS_DR18_SPECTROSCOPY,ZWARNING_0_SCIENCEPRIMARY
TRD000106,148.64941,0.82692182,STAR,SDSS_DR18_SPECTROSCOPY,ZWARNING_0_SCIENCEPRIMARY
TRD000107,148.8052,0.82585887,STAR,SDSS_DR18_SPECTROSCOPY,ZWARNING_0_SCIENCEPRIMARY
TRD000108,148.62824,0.50453457,STAR,SDSS_DR18_SPECTROSCOPY,ZWARNING_0_SCIENCEPRIMARY
TRD000109,147.94903,0.60333151,STAR,SDSS_DR18_SPECTROSCOPY,ZWARNING_0_SCIENCEPRIMARY
TRD000110,148.21301,0.25800234,STAR,SDSS_DR18_SPECTROSCOPY,ZWARNING_0_SCIENCEPRIMARY
TRD000111,149.24111,0.14031858,STAR,SDSS_DR18_SPECTROSCOPY,ZWARNING_0_SCIENCEPRIMARY
TRD000112,149.41611,0.40912052,STAR,SDSS_DR18_SPECTROSCOPY,ZWARNING_0_SCIENCEPRIMARY
TRD000113,149.91764,0.60949123,STAR,SDSS_DR18_SPECTROSCOPY,ZWARNING_0_SCIENCEPRIMARY
TRD000114,149.99838,0.63627988,STAR,SDSS_DR18_SPECTROSCOPY,ZWARNING_0_SCIENCEPRIMARY
TRD000115,149.66589,1.0547394,STAR,SDSS_DR18_SPECTROSCOPY,ZWARNING_0_SCIENCEPRIMARY
TRD000116,150.10747,0.19635549,STAR,SDSS_DR18_SPECTROSCOPY,ZWARNING_0_SCIENCEPRIMARY
TRD000117,150.12601,0.40909457,STAR,SDSS_DR18_SPECTROSCOPY,ZWARNING_0_SCIENCEPRIMARY
TRD000118,150.0278,0.9245107,STAR,SDSS_DR18_SPECTROSCOPY,ZWARNING_0_SCIENCEPRIMARY
TRD000119,151.28348,-1.2585743,STAR,SDSS_DR18_SPECTROSCOPY,ZWARNING_0_SCIENCEPRIMARY
TRD000120,151.29969,-1.2486452,STAR,SDSS_DR18_SPECTROSCOPY,ZWARNING_0_SCIENCEPRIMARY
TRD000121,151.31993,-1.1349967,STAR,SDSS_DR18_SPECTROSCOPY,ZWARNING_0_SCIENCEPRIMARY
TRD000122,151.34413,-1.146497,STAR,SDSS_DR18_SPECTROSCOPY,ZWARNING_0_SCIENCEPRIMARY
TRD000123,151.4004,-1.044536,STAR,SDSS_DR18_SPECTROSCOPY,ZWARNING_0_SCIENCEPRIMARY
TRD000124,151.08873,-1.1110137,STAR,SDSS_DR18_SPECTROSCOPY,ZWARNING_0_SCIENCEPRIMARY
TRD000125,151.72321,-0.68248075,STAR,SDSS_DR18_SPECTROSCOPY,ZWARNING_0_SCIENCEPRIMARY
TRD000126,151.63655,0.061524437,STAR,SDSS_DR18_SPECTROSCOPY,ZWARNING_0_SCIENCEPRIMARY
TRD000127,150.66008,-1.1994978,STAR,SDSS_DR18_SPECTROSCOPY,ZWARNING_0_SCIENCEPRIMARY
TRD000128,150.68226,-1.1214575,STAR,SDSS_DR18_SPECTROSCOPY,ZWARNING_0_SCIENCEPRIMARY
TRD000129,150.60043,-1.0595924,STAR,SDSS_DR18_SPECTROSCOPY,ZWARNING_0_SCIENCEPRIMARY
TRD000130,150.86966,-1.0554253,STAR,SDSS_DR18_SPECTROSCOPY,ZWARNING_0_SCIENCEPRIMARY
TRD000131,150.61191,-1.2451664,STAR,SDSS_DR18_SPECTROSCOPY,ZWARNING_0_SCIENCEPRIMARY
TRD000132,150.67978,-1.1888915,STAR,SDSS_DR18_SPECTROSCOPY,ZWARNING_0_SCIENCEPRIMARY
TRD000133,150.8299,-1.0856019,STAR,SDSS_DR18_SPECTROSCOPY,ZWARNING_0_SCIENCEPRIMARY
TRD000134,150.71811,-0.9837803,STAR,SDSS_DR18_SPECTROSCOPY,ZWARNING_0_SCIENCEPRIMARY
TRD000135,150.64445,-1.163734,STAR,SDSS_DR18_SPECTROSCOPY,ZWARNING_0_SCIENCEPRIMARY
TRD000136,151.49645,0.039025737,STAR,SDSS_DR18_SPECTROSCOPY,ZWARNING_0_SCIENCEPRIMARY
TRD000137,150.55252,-1.1922472,STAR,SDSS_DR18_SPECTROSCOPY,ZWARNING_0_SCIENCEPRIMARY
TRD000138,150.56324,-1.111372,STAR,SDSS_DR18_SPECTROSCOPY,ZWARNING_0_SCIENCEPRIMARY
TRD000139,150.59915,-1.1929492,STAR,SDSS_DR18_SPECTROSCOPY,ZWARNING_0_SCIENCEPRIMARY
TRD000140,150.5856,-1.1451054,STAR,SDSS_DR18_SPECTROSCOPY,ZWARNING_0_SCIENCEPRIMARY
TRD000141,150.56749,-1.1994403,STAR,SDSS_DR18_SPECTROSCOPY,ZWARNING_0_SCIENCEPRIMARY
TRD000142,150.57614,-1.1743091,STAR,SDSS_DR18_SPECTROSCOPY,ZWARNING_0_SCIENCEPRIMARY
TRD000143,150.54669,-1.1562122,STAR,SDSS_DR18_SPECTROSCOPY,ZWARNING_0_SCIENCEPRIMARY
TRD000144,150.55177,-1.0905185,STAR,SDSS_DR18_SPECTROSCOPY,ZWARNING_0_SCIENCEPRIMARY
TRD000145,150.56785,-1.0585291,STAR,SDSS_DR18_SPECTROSCOPY,ZWARNING_0_SCIENCEPRIMARY
TRD000146,150.79104,-0.040892645,STAR,SDSS_DR18_SPECTROSCOPY,ZWARNING_0_SCIENCEPRIMARY
TRD000147,150.57756,-0.069016835,STAR,SDSS_DR18_SPECTROSCOPY,ZWARNING_0_SCIENCEPRIMARY
TRD000148,150.0371,-1.0789458,STAR,SDSS_DR18_SPECTROSCOPY,ZWARNING_0_SCIENCEPRIMARY
TRD000149,149.87701,-0.51284792,STAR,SDSS_DR18_SPECTROSCOPY,ZWARNING_0_SCIENCEPRIMARY
TRD000150,149.73618,-0.20105045,STAR,SDSS_DR18_SPECTROSCOPY,ZWARNING_0_SCIENCEPRIMARY
TRD000151,150.07596,0.090938378,STAR,SDSS_DR18_SPECTROSCOPY,ZWARNING_0_SCIENCEPRIMARY
TRD000152,150.53805,-0.47204098,STAR,SDSS_DR18_SPECTROSCOPY,ZWARNING_0_SCIENCEPRIMARY
TRD000153,149.48749,-0.39972091,STAR,SDSS_DR18_SPECTROSCOPY,ZWARNING_0_SCIENCEPRIMARY
TRD000154,149.78613,1.2159955,STAR,SDSS_DR18_SPECTROSCOPY,ZWARNING_0_SCIENCEPRIMARY
TRD000155,149.75677,0.79320029,STAR,SDSS_DR18_SPECTROSCOPY,ZWARNING_0_SCIENCEPRIMARY
TRD000156,150.49963,0.36268506,STAR,SDSS_DR18_SPECTROSCOPY,ZWARNING_0_SCIENCEPRIMARY
TRD000157,150.05524,0.31283612,STAR,SDSS_DR18_SPECTROSCOPY,ZWARNING_0_SCIENCEPRIMARY
TRD000158,150.94769,0.3143437,STAR,SDSS_DR18_SPECTROSCOPY,ZWARNING_0_SCIENCEPRIMARY
TRD000159,150.91338,0.5826408,STAR,SDSS_DR18_SPECTROSCOPY,ZWARNING_0_SCIENCEPRIMARY
TRD000160,150.9641,0.33904684,STAR,SDSS_DR18_SPECTROSCOPY,ZWARNING_0_SCIENCEPRIMARY
TRD000161,150.96499,0.23675472,STAR,SDSS_DR18_SPECTROSCOPY,ZWARNING_0_SCIENCEPRIMARY
TRD000162,150.93541,1.1979132,STAR,SDSS_DR18_SPECTROSCOPY,ZWARNING_0_SCIENCEPRIMARY
TRD000163,151.5945,0.30655272,STAR,SDSS_DR18_SPECTROSCOPY,ZWARNING_0_SCIENCEPRIMARY
TRD000164,151.65164,0.2047929,STAR,SDSS_DR18_SPECTROSCOPY,ZWARNING_0_SCIENCEPRIMARY
TRD000165,151.05187,0.66619933,STAR,SDSS_DR18_SPECTROSCOPY,ZWARNING_0_SCIENCEPRIMARY
TRD000166,151.13521,0.72713079,STAR,SDSS_DR18_SPECTROSCOPY,ZWARNING_0_SCIENCEPRIMARY
TRD000167,151.82023,0.62532314,STAR,SDSS_DR18_SPECTROSCOPY,ZWARNING_0_SCIENCEPRIMARY
TRD000168,151.2808,1.2022459,STAR,SDSS_DR18_SPECTROSCOPY,ZWARNING_0_SCIENCEPRIMARY
TRD000169,151.53825,0.73807449,STAR,SDSS_DR18_SPECTROSCOPY,ZWARNING_0_SCIENCEPRIMARY
TRD000170,153.64691,-0.78733235,STAR,SDSS_DR18_SPECTROSCOPY,ZWARNING_0_SCIENCEPRIMARY
TRD000171,153.57418,-0.95260259,STAR,SDSS_DR18_SPECTROSCOPY,ZWARNING_0_SCIENCEPRIMARY
TRD000172,153.67598,-0.67460004,STAR,SDSS_DR18_SPECTROSCOPY,ZWARNING_0_SCIENCEPRIMARY
TRD000173,153.71476,-0.5181401,STAR,SDSS_DR18_SPECTROSCOPY,ZWARNING_0_SCIENCEPRIMARY
TRD000174,153.54676,-0.39691753,STAR,SDSS_DR18_SPECTROSCOPY,ZWARNING_0_SCIENCEPRIMARY
TRD000175,153.12794,-0.93070054,STAR,SDSS_DR18_SPECTROSCOPY,ZWARNING_0_SCIENCEPRIMARY
TRD000176,152.74977,-0.3803511,STAR,SDSS_DR18_SPECTROSCOPY,ZWARNING_0_SCIENCEPRIMARY
TRD000177,152.7555,-0.12160573,STAR,SDSS_DR18_SPECTROSCOPY,ZWARNING_0_SCIENCEPRIMARY
TRD000178,152.7811,-0.2218184,STAR,SDSS_DR18_SPECTROSCOPY,ZWARNING_0_SCIENCEPRIMARY
TRD000179,152.72457,-0.70503555,STAR,SDSS_DR18_SPECTROSCOPY,ZWARNING_0_SCIENCEPRIMARY
TRD000180,152.62681,-0.61516081,STAR,SDSS_DR18_SPECTROSCOPY,ZWARNING_0_SCIENCEPRIMARY
TRD000181,152.47374,-0.48152095,STAR,SDSS_DR18_SPECTROSCOPY,ZWARNING_0_SCIENCEPRIMARY
TRD000182,152.44337,-1.1378482,STAR,SDSS_DR18_SPECTROSCOPY,ZWARNING_0_SCIENCEPRIMARY
TRD000183,152.34893,-0.71374768,STAR,SDSS_DR18_SPECTROSCOPY,ZWARNING_0_SCIENCEPRIMARY
TRD000184,152.30435,-1.0986817,STAR,SDSS_DR18_SPECTROSCOPY,ZWARNING_0_SCIENCEPRIMARY
TRD000185,152.27703,-0.97052993,STAR,SDSS_DR18_SPECTROSCOPY,ZWARNING_0_SCIENCEPRIMARY
TRD000186,152.18151,-0.91937689,STAR,SDSS_DR18_SPECTROSCOPY,ZWARNING_0_SCIENCEPRIMARY
TRD000187,152.17106,-0.37915232,STAR,SDSS_DR18_SPECTROSCOPY,ZWARNING_0_SCIENCEPRIMARY
TRD000188,151.98541,-0.72817649,STAR,SDSS_DR18_SPECTROSCOPY,ZWARNING_0_SCIENCEPRIMARY
TRD000189,151.77897,0.64313756,STAR,SDSS_DR18_SPECTROSCOPY,ZWARNING_0_SCIENCEPRIMARY
TRD000190,151.71853,1.0412559,STAR,SDSS_DR18_SPECTROSCOPY,ZWARNING_0_SCIENCEPRIMARY
TRD000191,151.87289,0.86423138,STAR,SDSS_DR18_SPECTROSCOPY,ZWARNING_0_SCIENCEPRIMARY
TRD000192,150.99527,0.16545354,STAR,SDSS_DR18_SPECTROSCOPY,ZWARNING_0_SCIENCEPRIMARY
TRD000193,151.79119,0.61472251,STAR,SDSS_DR18_SPECTROSCOPY,ZWARNING_0_SCIENCEPRIMARY
TRD000194,151.50631,0.21698552,STAR,SDSS_DR18_SPECTROSCOPY,ZWARNING_0_SCIENCEPRIMARY
TRD000195,152.05816,0.12715943,STAR,SDSS_DR18_SPECTROSCOPY,ZWARNING_0_SCIENCEPRIMARY
TRD000196,151.13819,0.058669893,STAR,SDSS_DR18_SPECTROSCOPY,ZWARNING_0_SCIENCEPRIMARY
TRD000197,152.35066,0.82319226,STAR,SDSS_DR18_SPECTROSCOPY,ZWARNING_0_SCIENCEPRIMARY
TRD000198,152.66939,1.2575476,STAR,SDSS_DR18_SPECTROSCOPY,ZWARNING_0_SCIENCEPRIMARY
TRD000199,152.55093,0.95665642,STAR,SDSS_DR18_SPECTROSCOPY,ZWARNING_0_SCIENCEPRIMARY
TRD000200,152.48074,0.16218438,STAR,SDSS_DR18_SPECTROSCOPY,ZWARNING_0_SCIENCEPRIMARY
TRD000201,153.07842,-0.060250912,STAR,SDSS_DR18_SPECTROSCOPY,ZWARNING_0_SCIENCEPRIMARY
TRD000202,153.36426,-0.029091154,STAR,SDSS_DR18_SPECTROSCOPY,ZWARNING_0_SCIENCEPRIMARY
TRD000203,152.98267,0.95873718,STAR,SDSS_DR18_SPECTROSCOPY,ZWARNING_0_SCIENCEPRIMARY
TRD000204,153.05827,0.99776492,STAR,SDSS_DR18_SPECTROSCOPY,ZWARNING_0_SCIENCEPRIMARY
TRD000205,152.88637,1.1320091,STAR,SDSS_DR18_SPECTROSCOPY,ZWARNING_0_SCIENCEPRIMARY
TRD000206,153.70336,0.11905441,STAR,SDSS_DR18_SPECTROSCOPY,ZWARNING_0_SCIENCEPRIMARY
TRD000207,153.34306,0.8739991,STAR,SDSS_DR18_SPECTROSCOPY,ZWARNING_0_SCIENCEPRIMARY
TRD000208,153.57225,0.93874027,STAR,SDSS_DR18_SPECTROSCOPY,ZWARNING_0_SCIENCEPRIMARY
TRD000209,153.36742,0.84611976,STAR,SDSS_DR18_SPECTROSCOPY,ZWARNING_0_SCIENCEPRIMARY
TRD000210,153.83801,0.43836874,STAR,SDSS_DR18_SPECTROSCOPY,ZWARNING_0_SCIENCEPRIMARY
TRD000211,155.10076,-1.0792522,STAR,SDSS_DR18_SPECTROSCOPY,ZWARNING_0_SCIENCEPRIMARY
TRD000212,155.03585,-0.98831675,STAR,SDSS_DR18_SPECTROSCOPY,ZWARNING_0_SCIENCEPRIMARY
TRD000213,155.54324,-0.34289179,STAR,SDSS_DR18_SPECTROSCOPY,ZWARNING_0_SCIENCEPRIMARY
TRD000214,155.44024,-0.18141384,STAR,SDSS_DR18_SPECTROSCOPY,ZWARNING_0_SCIENCEPRIMARY
TRD000215,154.76597,-0.83534002,STAR,SDSS_DR18_SPECTROSCOPY,ZWARNING_0_SCIENCEPRIMARY
TRD000216,155.0319,-0.54633242,STAR,SDSS_DR18_SPECTROSCOPY,ZWARNING_0_SCIENCEPRIMARY
TRD000217,155.27889,-0.049187334,STAR,SDSS_DR18_SPECTROSCOPY,ZWARNING_0_SCIENCEPRIMARY
TRD000218,155.08075,-0.21568499,STAR,SDSS_DR18_SPECTROSCOPY,ZWARNING_0_SCIENCEPRIMARY
TRD000219,154.58967,-1.2084097,STAR,SDSS_DR18_SPECTROSCOPY,ZWARNING_0_SCIENCEPRIMARY
TRD000220,154.91948,-0.54356129,STAR,SDSS_DR18_SPECTROSCOPY,ZWARNING_0_SCIENCEPRIMARY
TRD000221,154.17018,-1.150176,STAR,SDSS_DR18_SPECTROSCOPY,ZWARNING_0_SCIENCEPRIMARY
TRD000222,154.27754,-1.2444646,STAR,SDSS_DR18_SPECTROSCOPY,ZWARNING_0_SCIENCEPRIMARY
TRD000223,154.26953,-1.0505229,STAR,SDSS_DR18_SPECTROSCOPY,ZWARNING_0_SCIENCEPRIMARY
TRD000224,154.71632,-0.51845556,STAR,SDSS_DR18_SPECTROSCOPY,ZWARNING_0_SCIENCEPRIMARY
TRD000225,154.42373,-0.49280509,STAR,SDSS_DR18_SPECTROSCOPY,ZWARNING_0_SCIENCEPRIMARY
TRD000226,154.4048,-0.71507502,STAR,SDSS_DR18_SPECTROSCOPY,ZWARNING_0_SCIENCEPRIMARY
TRD000227,154.12108,-1.0911703,STAR,SDSS_DR18_SPECTROSCOPY,ZWARNING_0_SCIENCEPRIMARY
TRD000228,154.23726,-0.37125591,STAR,SDSS_DR18_SPECTROSCOPY,ZWARNING_0_SCIENCEPRIMARY
TRD000229,154.00509,-0.45292806,STAR,SDSS_DR18_SPECTROSCOPY,ZWARNING_0_SCIENCEPRIMARY
TRD000230,153.48913,-1.2409264,STAR,SDSS_DR18_SPECTROSCOPY,ZWARNING_0_SCIENCEPRIMARY
TRD000231,153.78315,-0.53540694,STAR,SDSS_DR18_SPECTROSCOPY,ZWARNING_0_SCIENCEPRIMARY
TRD000232,153.69063,1.1328313,STAR,SDSS_DR18_SPECTROSCOPY,ZWARNING_0_SCIENCEPRIMARY
TRD000233,153.76942,0.9180957,STAR,SDSS_DR18_SPECTROSCOPY,ZWARNING_0_SCIENCEPRIMARY
TRD000234,153.93606,0.47194036,STAR,SDSS_DR18_SPECTROSCOPY,ZWARNING_0_SCIENCEPRIMARY
TRD000235,153.98605,0.66610109,STAR,SDSS_DR18_SPECTROSCOPY,ZWARNING_0_SCIENCEPRIMARY
TRD000236,154.15487,0.61152482,STAR,SDSS_DR18_SPECTROSCOPY,ZWARNING_0_SCIENCEPRIMARY
TRD000237,154.17439,0.74609341,STAR,SDSS_DR18_SPECTROSCOPY,ZWARNING_0_SCIENCEPRIMARY
TRD000238,154.1951,0.15417696,STAR,SDSS_DR18_SPECTROSCOPY,ZWARNING_0_SCIENCEPRIMARY
TRD000239,154.10359,1.168794,STAR,SDSS_DR18_SPECTROSCOPY,ZWARNING_0_SCIENCEPRIMARY
TRD000240,154.65141,0.53143234,STAR,SDSS_DR18_SPECTROSCOPY,ZWARNING_0_SCIENCEPRIMARY
TRD000241,154.51194,0.052566017,STAR,SDSS_DR18_SPECTROSCOPY,ZWARNING_0_SCIENCEPRIMARY
TRD000242,154.78985,0.62515271,STAR,SDSS_DR18_SPECTROSCOPY,ZWARNING_0_SCIENCEPRIMARY
TRD000243,155.04141,0.32924739,STAR,SDSS_DR18_SPECTROSCOPY,ZWARNING_0_SCIENCEPRIMARY
TRD000244,155.09689,0.20773628,STAR,SDSS_DR18_SPECTROSCOPY,ZWARNING_0_SCIENCEPRIMARY
TRD000245,154.90817,0.60798499,STAR,SDSS_DR18_SPECTROSCOPY,ZWARNING_0_SCIENCEPRIMARY
TRD000246,155.11954,0.93427783,STAR,SDSS_DR18_SPECTROSCOPY,ZWARNING_0_SCIENCEPRIMARY
TRD000247,155.35172,0.17120119,STAR,SDSS_DR18_SPECTROSCOPY,ZWARNING_0_SCIENCEPRIMARY
TRD000248,155.25599,0.14500774,STAR,SDSS_DR18_SPECTROSCOPY,ZWARNING_0_SCIENCEPRIMARY
TRD000249,155.30574,0.068172763,STAR,SDSS_DR18_SPECTROSCOPY,ZWARNING_0_SCIENCEPRIMARY
TRD000250,155.55133,0.0053898192,STAR,SDSS_DR18_SPECTROSCOPY,ZWARNING_0_SCIENCEPRIMARY
TRD000251,156.92181,-0.70499763,STAR,SDSS_DR18_SPECTROSCOPY,ZWARNING_0_SCIENCEPRIMARY
TRD000252,157.20617,-0.83961385,STAR,SDSS_DR18_SPECTROSCOPY,ZWARNING_0_SCIENCEPRIMARY
TRD000253,156.51305,-1.0696484,STAR,SDSS_DR18_SPECTROSCOPY,ZWARNING_0_SCIENCEPRIMARY
TRD000254,156.43695,-1.0753926,STAR,SDSS_DR18_SPECTROSCOPY,ZWARNING_0_SCIENCEPRIMARY
TRD000255,156.50252,-1.1340382,STAR,SDSS_DR18_SPECTROSCOPY,ZWARNING_0_SCIENCEPRIMARY
TRD000256,156.81504,-0.25788834,STAR,SDSS_DR18_SPECTROSCOPY,ZWARNING_0_SCIENCEPRIMARY
TRD000257,156.19845,-1.2273457,STAR,SDSS_DR18_SPECTROSCOPY,ZWARNING_0_SCIENCEPRIMARY
TRD000258,156.20303,-1.2099214,STAR,SDSS_DR18_SPECTROSCOPY,ZWARNING_0_SCIENCEPRIMARY
TRD000259,156.19528,-1.0653714,STAR,SDSS_DR18_SPECTROSCOPY,ZWARNING_0_SCIENCEPRIMARY
TRD000260,156.28041,-0.84991659,STAR,SDSS_DR18_SPECTROSCOPY,ZWARNING_0_SCIENCEPRIMARY
TRD000261,156.77149,-0.3133401,STAR,SDSS_DR18_SPECTROSCOPY,ZWARNING_0_SCIENCEPRIMARY
TRD000262,155.9947,-1.2363021,STAR,SDSS_DR18_SPECTROSCOPY,ZWARNING_0_SCIENCEPRIMARY
TRD000263,155.93894,-1.2346038,STAR,SDSS_DR18_SPECTROSCOPY,ZWARNING_0_SCIENCEPRIMARY
TRD000264,155.83915,-0.95969484,STAR,SDSS_DR18_SPECTROSCOPY,ZWARNING_0_SCIENCEPRIMARY
TRD000265,156.36304,-0.62362668,STAR,SDSS_DR18_SPECTROSCOPY,ZWARNING_0_SCIENCEPRIMARY
TRD000266,156.28679,-0.4163458,STAR,SDSS_DR18_SPECTROSCOPY,ZWARNING_0_SCIENCEPRIMARY
TRD000267,156.2148,-0.26282603,STAR,SDSS_DR18_SPECTROSCOPY,ZWARNING_0_SCIENCEPRIMARY
TRD000268,155.99482,-0.54656501,STAR,SDSS_DR18_SPECTROSCOPY,ZWARNING_0_SCIENCEPRIMARY
TRD000269,155.85958,-0.47513018,STAR,SDSS_DR18_SPECTROSCOPY,ZWARNING_0_SCIENCEPRIMARY
TRD000270,155.62605,-0.8317055,STAR,SDSS_DR18_SPECTROSCOPY,ZWARNING_0_SCIENCEPRIMARY
TRD000271,155.75661,-0.73005913,STAR,SDSS_DR18_SPECTROSCOPY,ZWARNING_0_SCIENCEPRIMARY
TRD000272,155.15432,-0.2506409,STAR,SDSS_DR18_SPECTROSCOPY,ZWARNING_0_SCIENCEPRIMARY
TRD000273,155.16431,-0.43681458,STAR,SDSS_DR18_SPECTROSCOPY,ZWARNING_0_SCIENCEPRIMARY
TRD000274,155.4388,-0.3182466,STAR,SDSS_DR18_SPECTROSCOPY,ZWARNING_0_SCIENCEPRIMARY
TRD000275,155.1739,-1.1836469,STAR,SDSS_DR18_SPECTROSCOPY,ZWARNING_0_SCIENCEPRIMARY
TRD000276,154.79795,0.0047906305,STAR,SDSS_DR18_SPECTROSCOPY,ZWARNING_0_SCIENCEPRIMARY
TRD000277,154.9122,-0.61022366,STAR,SDSS_DR18_SPECTROSCOPY,ZWARNING_0_SCIENCEPRIMARY
TRD000278,154.84223,-0.64647973,STAR,SDSS_DR18_SPECTROSCOPY,ZWARNING_0_SCIENCEPRIMARY
TRD000279,155.09146,0.91910251,STAR,SDSS_DR18_SPECTROSCOPY,ZWARNING_0_SCIENCEPRIMARY
TRD000280,155.279,0.64062915,STAR,SDSS_DR18_SPECTROSCOPY,ZWARNING_0_SCIENCEPRIMARY
TRD000281,155.86154,1.2461861,STAR,SDSS_DR18_SPECTROSCOPY,ZWARNING_0_SCIENCEPRIMARY
TRD000282,155.94867,0.64476744,STAR,SDSS_DR18_SPECTROSCOPY,ZWARNING_0_SCIENCEPRIMARY
TRD000283,155.88717,0.37688648,STAR,SDSS_DR18_SPECTROSCOPY,ZWARNING_0_SCIENCEPRIMARY
TRD000284,156.03779,0.70492538,STAR,SDSS_DR18_SPECTROSCOPY,ZWARNING_0_SCIENCEPRIMARY
TRD000285,156.39277,0.22382429,STAR,SDSS_DR18_SPECTROSCOPY,ZWARNING_0_SCIENCEPRIMARY
TRD000286,156.42392,0.36756155,STAR,SDSS_DR18_SPECTROSCOPY,ZWARNING_0_SCIENCEPRIMARY
TRD000287,156.44465,0.48261839,STAR,SDSS_DR18_SPECTROSCOPY,ZWARNING_0_SCIENCEPRIMARY
TRD000288,156.37773,0.76205521,STAR,SDSS_DR18_SPECTROSCOPY,ZWARNING_0_SCIENCEPRIMARY
TRD000289,156.54192,0.46662828,STAR,SDSS_DR18_SPECTROSCOPY,ZWARNING_0_SCIENCEPRIMARY
TRD000290,156.55476,0.53179785,STAR,SDSS_DR18_SPECTROSCOPY,ZWARNING_0_SCIENCEPRIMARY
TRD000291,156.50471,0.31903505,STAR,SDSS_DR18_SPECTROSCOPY,ZWARNING_0_SCIENCEPRIMARY
TRD000292,156.62716,0.75941061,STAR,SDSS_DR18_SPECTROSCOPY,ZWARNING_0_SCIENCEPRIMARY
TRD000293,156.82132,0.31424416,STAR,SDSS_DR18_SPECTROSCOPY,ZWARNING_0_SCIENCEPRIMARY
TRD000294,156.73173,0.94981417,STAR,SDSS_DR18_SPECTROSCOPY,ZWARNING_0_SCIENCEPRIMARY
TRD000295,157.3826,0.30628514,STAR,SDSS_DR18_SPECTROSCOPY,ZWARNING_0_SCIENCEPRIMARY
TRD000296,157.3555,0.34497431,STAR,SDSS_DR18_SPECTROSCOPY,ZWARNING_0_SCIENCEPRIMARY
TRD000297,158.71222,-1.088171,STAR,SDSS_DR18_SPECTROSCOPY,ZWARNING_0_SCIENCEPRIMARY
TRD000298,158.92061,-0.70791104,STAR,SDSS_DR18_SPECTROSCOPY,ZWARNING_0_SCIENCEPRIMARY
TRD000299,158.95576,-1.0399466,STAR,SDSS_DR18_SPECTROSCOPY,ZWARNING_0_SCIENCEPRIMARY
TRD000300,159.34072,-0.0015361063,STAR,SDSS_DR18_SPECTROSCOPY,ZWARNING_0_SCIENCEPRIMARY
TRD000301,158.594,-1.2564526,STAR,SDSS_DR18_SPECTROSCOPY,ZWARNING_0_SCIENCEPRIMARY
TRD000302,158.36864,-0.98857783,STAR,SDSS_DR18_SPECTROSCOPY,ZWARNING_0_SCIENCEPRIMARY
TRD000303,158.35012,-1.0496768,STAR,SDSS_DR18_SPECTROSCOPY,ZWARNING_0_SCIENCEPRIMARY
TRD000304,158.30978,-0.74001589,STAR,SDSS_DR18_SPECTROSCOPY,ZWARNING_0_SCIENCEPRIMARY
TRD000305,158.83511,-0.33533095,STAR,SDSS_DR18_SPECTROSCOPY,ZWARNING_0_SCIENCEPRIMARY
TRD000306,158.66294,-0.58748365,STAR,SDSS_DR18_SPECTROSCOPY,ZWARNING_0_SCIENCEPRIMARY
TRD000307,157.91717,-0.86108099,STAR,SDSS_DR18_SPECTROSCOPY,ZWARNING_0_SCIENCEPRIMARY
TRD000308,158.09055,-0.77472172,STAR,SDSS_DR18_SPECTROSCOPY,ZWARNING_0_SCIENCEPRIMARY
TRD000309,158.05081,-1.184143,STAR,SDSS_DR18_SPECTROSCOPY,ZWARNING_0_SCIENCEPRIMARY
TRD000310,158.49678,-0.47169443,STAR,SDSS_DR18_SPECTROSCOPY,ZWARNING_0_SCIENCEPRIMARY
TRD000311,158.54133,-0.29014613,STAR,SDSS_DR18_SPECTROSCOPY,ZWARNING_0_SCIENCEPRIMARY
TRD000312,158.46513,-0.33577403,STAR,SDSS_DR18_SPECTROSCOPY,ZWARNING_0_SCIENCEPRIMARY
TRD000313,158.43926,-0.071608321,STAR,SDSS_DR18_SPECTROSCOPY,ZWARNING_0_SCIENCEPRIMARY
TRD000314,158.29246,-0.47252463,STAR,SDSS_DR18_SPECTROSCOPY,ZWARNING_0_SCIENCEPRIMARY
TRD000315,158.19104,-0.073699209,STAR,SDSS_DR18_SPECTROSCOPY,ZWARNING_0_SCIENCEPRIMARY
TRD000316,157.94824,-0.13448395,STAR,SDSS_DR18_SPECTROSCOPY,ZWARNING_0_SCIENCEPRIMARY
TRD000317,157.58075,-0.96087289,STAR,SDSS_DR18_SPECTROSCOPY,ZWARNING_0_SCIENCEPRIMARY
TRD000318,157.65614,-0.78709053,STAR,SDSS_DR18_SPECTROSCOPY,ZWARNING_0_SCIENCEPRIMARY
TRD000319,157.57201,-0.65650218,STAR,SDSS_DR18_SPECTROSCOPY,ZWARNING_0_SCIENCEPRIMARY
TRD000320,157.69156,-0.071730996,STAR,SDSS_DR18_SPECTROSCOPY,ZWARNING_0_SCIENCEPRIMARY
TRD000321,157.709,-0.39241376,STAR,SDSS_DR18_SPECTROSCOPY,ZWARNING_0_SCIENCEPRIMARY
TRD000322,157.31195,-0.87010608,STAR,SDSS_DR18_SPECTROSCOPY,ZWARNING_0_SCIENCEPRIMARY
TRD000323,157.22871,-0.93284185,STAR,SDSS_DR18_SPECTROSCOPY,ZWARNING_0_SCIENCEPRIMARY
TRD000324,157.3973,-1.0133235,STAR,SDSS_DR18_SPECTROSCOPY,ZWARNING_0_SCIENCEPRIMARY
TRD000325,157.2276,-0.5636103,STAR,SDSS_DR18_SPECTROSCOPY,ZWARNING_0_SCIENCEPRIMARY
TRD000326,157.43915,-0.1715844,STAR,SDSS_DR18_SPECTROSCOPY,ZWARNING_0_SCIENCEPRIMARY
TRD000327,157.2985,-0.50195519,STAR,SDSS_DR18_SPECTROSCOPY,ZWARNING_0_SCIENCEPRIMARY
TRD000328,157.47538,-0.35813765,STAR,SDSS_DR18_SPECTROSCOPY,ZWARNING_0_SCIENCEPRIMARY
TRD000329,157.10264,-0.14373363,STAR,SDSS_DR18_SPECTROSCOPY,ZWARNING_0_SCIENCEPRIMARY
TRD000330,157.36332,-0.19797231,STAR,SDSS_DR18_SPECTROSCOPY,ZWARNING_0_SCIENCEPRIMARY
TRD000331,157.02786,-0.94258058,STAR,SDSS_DR18_SPECTROSCOPY,ZWARNING_0_SCIENCEPRIMARY
TRD000332,156.856,-0.09321643,STAR,SDSS_DR18_SPECTROSCOPY,ZWARNING_0_SCIENCEPRIMARY
TRD000333,156.85427,-0.065693556,STAR,SDSS_DR18_SPECTROSCOPY,ZWARNING_0_SCIENCEPRIMARY
TRD000334,156.77214,0.83202188,STAR,SDSS_DR18_SPECTROSCOPY,ZWARNING_0_SCIENCEPRIMARY
TRD000335,156.82549,0.86823435,STAR,SDSS_DR18_SPECTROSCOPY,ZWARNING_0_SCIENCEPRIMARY
TRD000336,157.05548,1.1696859,STAR,SDSS_DR18_SPECTROSCOPY,ZWARNING_0_SCIENCEPRIMARY
TRD000337,156.98123,0.71661942,STAR,SDSS_DR18_SPECTROSCOPY,ZWARNING_0_SCIENCEPRIMARY
TRD000338,156.72135,0.85292824,STAR,SDSS_DR18_SPECTROSCOPY,ZWARNING_0_SCIENCEPRIMARY
TRD000339,156.70584,0.65155366,STAR,SDSS_DR18_SPECTROSCOPY,ZWARNING_0_SCIENCEPRIMARY
TRD000340,156.89526,0.79608691,STAR,SDSS_DR18_SPECTROSCOPY,ZWARNING_0_SCIENCEPRIMARY
TRD000341,156.5641,0.53718268,STAR,SDSS_DR18_SPECTROSCOPY,ZWARNING_0_SCIENCEPRIMARY
TRD000342,156.63731,0.57597833,STAR,SDSS_DR18_SPECTROSCOPY,ZWARNING_0_SCIENCEPRIMARY
TRD000343,156.74412,0.43210462,STAR,SDSS_DR18_SPECTROSCOPY,ZWARNING_0_SCIENCEPRIMARY
TRD000344,157.26465,1.1696654,STAR,SDSS_DR18_SPECTROSCOPY,ZWARNING_0_SCIENCEPRIMARY
TRD000345,157.23379,0.77092847,STAR,SDSS_DR18_SPECTROSCOPY,ZWARNING_0_SCIENCEPRIMARY
TRD000346,157.37348,1.2113091,STAR,SDSS_DR18_SPECTROSCOPY,ZWARNING_0_SCIENCEPRIMARY
TRD000347,157.3832,0.75737794,STAR,SDSS_DR18_SPECTROSCOPY,ZWARNING_0_SCIENCEPRIMARY
TRD000348,157.39366,0.57066453,STAR,SDSS_DR18_SPECTROSCOPY,ZWARNING_0_SCIENCEPRIMARY
TRD000349,157.15945,0.51747906,STAR,SDSS_DR18_SPECTROSCOPY,ZWARNING_0_SCIENCEPRIMARY
TRD000350,156.8855,0.58474407,STAR,SDSS_DR18_SPECTROSCOPY,ZWARNING_0_SCIENCEPRIMARY
TRD000351,156.82452,0.28337427,STAR,SDSS_DR18_SPECTROSCOPY,ZWARNING_0_SCIENCEPRIMARY
TRD000352,157.48782,0.11245288,STAR,SDSS_DR18_SPECTROSCOPY,ZWARNING_0_SCIENCEPRIMARY
TRD000353,157.6447,0.8160882,STAR,SDSS_DR18_SPECTROSCOPY,ZWARNING_0_SCIENCEPRIMARY
TRD000354,157.69737,1.0782044,STAR,SDSS_DR18_SPECTROSCOPY,ZWARNING_0_SCIENCEPRIMARY
TRD000355,157.78998,0.32672549,STAR,SDSS_DR18_SPECTROSCOPY,ZWARNING_0_SCIENCEPRIMARY
TRD000356,157.58796,0.37012764,STAR,SDSS_DR18_SPECTROSCOPY,ZWARNING_0_SCIENCEPRIMARY
TRD000357,157.64476,0.30780064,STAR,SDSS_DR18_SPECTROSCOPY,ZWARNING_0_SCIENCEPRIMARY
TRD000358,157.80582,0.79008763,STAR,SDSS_DR18_SPECTROSCOPY,ZWARNING_0_SCIENCEPRIMARY
TRD000359,158.0296,1.238785,STAR,SDSS_DR18_SPECTROSCOPY,ZWARNING_0_SCIENCEPRIMARY
TRD000360,157.98838,0.16827284,STAR,SDSS_DR18_SPECTROSCOPY,ZWARNING_0_SCIENCEPRIMARY
TRD000361,157.97038,0.21308152,STAR,SDSS_DR18_SPECTROSCOPY,ZWARNING_0_SCIENCEPRIMARY
TRD000362,158.24508,0.4817772,STAR,SDSS_DR18_SPECTROSCOPY,ZWARNING_0_SCIENCEPRIMARY
TRD000363,158.14749,0.13776324,STAR,SDSS_DR18_SPECTROSCOPY,ZWARNING_0_SCIENCEPRIMARY
TRD000364,158.34284,0.46395321,STAR,SDSS_DR18_SPECTROSCOPY,ZWARNING_0_SCIENCEPRIMARY
TRD000365,158.4359,0.56482449,STAR,SDSS_DR18_SPECTROSCOPY,ZWARNING_0_SCIENCEPRIMARY
TRD000366,158.38725,0.53001536,STAR,SDSS_DR18_SPECTROSCOPY,ZWARNING_0_SCIENCEPRIMARY
TRD000367,158.18047,1.0419894,STAR,SDSS_DR18_SPECTROSCOPY,ZWARNING_0_SCIENCEPRIMARY
TRD000368,158.30218,1.1207954,STAR,SDSS_DR18_SPECTROSCOPY,ZWARNING_0_SCIENCEPRIMARY
TRD000369,158.21839,0.73909099,STAR,SDSS_DR18_SPECTROSCOPY,ZWARNING_0_SCIENCEPRIMARY
TRD000370,158.13105,0.97467068,STAR,SDSS_DR18_SPECTROSCOPY,ZWARNING_0_SCIENCEPRIMARY
TRD000371,158.33104,0.8888829,STAR,SDSS_DR18_SPECTROSCOPY,ZWARNING_0_SCIENCEPRIMARY
TRD000372,158.65123,0.47073924,STAR,SDSS_DR18_SPECTROSCOPY,ZWARNING_0_SCIENCEPRIMARY
TRD000373,158.59034,1.0452611,STAR,SDSS_DR18_SPECTROSCOPY,ZWARNING_0_SCIENCEPRIMARY
TRD000374,158.50758,0.80329615,STAR,SDSS_DR18_SPECTROSCOPY,ZWARNING_0_SCIENCEPRIMARY
TRD000375,158.99202,0.2940101,STAR,SDSS_DR18_SPECTROSCOPY,ZWARNING_0_SCIENCEPRIMARY
TRD000376,158.80328,0.3267077,STAR,SDSS_DR18_SPECTROSCOPY,ZWARNING_0_SCIENCEPRIMARY
TRD000377,158.72795,0.97017738,STAR,SDSS_DR18_SPECTROSCOPY,ZWARNING_0_SCIENCEPRIMARY
TRD000378,158.90247,0.68802812,STAR,SDSS_DR18_SPECTROSCOPY,ZWARNING_0_SCIENCEPRIMARY
TRD000379,158.7039,0.86703743,STAR,SDSS_DR18_SPECTROSCOPY,ZWARNING_0_SCIENCEPRIMARY
TRD000380,159.31444,0.10789235,STAR,SDSS_DR18_SPECTROSCOPY,ZWARNING_0_SCIENCEPRIMARY
TRD000381,160.29229,-0.7586184,STAR,SDSS_DR18_SPECTROSCOPY,ZWARNING_0_SCIENCEPRIMARY
TRD000382,160.49545,-0.68513941,STAR,SDSS_DR18_SPECTROSCOPY,ZWARNING_0_SCIENCEPRIMARY
TRD000383,160.36294,-1.0551706,STAR,SDSS_DR18_SPECTROSCOPY,ZWARNING_0_SCIENCEPRIMARY
TRD000384,160.7916,-0.6391045,STAR,SDSS_DR18_SPECTROSCOPY,ZWARNING_0_SCIENCEPRIMARY
TRD000385,159.98624,-0.75477885,STAR,SDSS_DR18_SPECTROSCOPY,ZWARNING_0_SCIENCEPRIMARY
TRD000386,160.57541,-0.37040509,STAR,SDSS_DR18_SPECTROSCOPY,ZWARNING_0_SCIENCEPRIMARY
TRD000387,159.86004,-1.0215766,STAR,SDSS_DR18_SPECTROSCOPY,ZWARNING_0_SCIENCEPRIMARY
TRD000388,160.14422,-0.48934308,STAR,SDSS_DR18_SPECTROSCOPY,ZWARNING_0_SCIENCEPRIMARY
TRD000389,159.6396,-0.33325298,STAR,SDSS_DR18_SPECTROSCOPY,ZWARNING_0_SCIENCEPRIMARY
TRD000390,159.7671,-0.12989191,STAR,SDSS_DR18_SPECTROSCOPY,ZWARNING_0_SCIENCEPRIMARY
TRD000391,159.40951,-0.39134672,STAR,SDSS_DR18_SPECTROSCOPY,ZWARNING_0_SCIENCEPRIMARY
TRD000392,159.26155,-1.0467336,STAR,SDSS_DR18_SPECTROSCOPY,ZWARNING_0_SCIENCEPRIMARY
TRD000393,159.09844,-1.0948778,STAR,SDSS_DR18_SPECTROSCOPY,ZWARNING_0_SCIENCEPRIMARY
TRD000394,159.1486,-0.010115702,STAR,SDSS_DR18_SPECTROSCOPY,ZWARNING_0_SCIENCEPRIMARY
TRD000395,158.67499,-0.64885941,STAR,SDSS_DR18_SPECTROSCOPY,ZWARNING_0_SCIENCEPRIMARY
TRD000396,158.89146,0.82083055,STAR,SDSS_DR18_SPECTROSCOPY,ZWARNING_0_SCIENCEPRIMARY
TRD000397,159.27889,0.27089999,STAR,SDSS_DR18_SPECTROSCOPY,ZWARNING_0_SCIENCEPRIMARY
TRD000398,159.02711,0.43308577,STAR,SDSS_DR18_SPECTROSCOPY,ZWARNING_0_SCIENCEPRIMARY
TRD000399,159.32242,0.6667663,STAR,SDSS_DR18_SPECTROSCOPY,ZWARNING_0_SCIENCEPRIMARY
TRD000400,159.37033,0.9549642,STAR,SDSS_DR18_SPECTROSCOPY,ZWARNING_0_SCIENCEPRIMARY
TRD000401,159.64189,0.84741681,STAR,SDSS_DR18_SPECTROSCOPY,ZWARNING_0_SCIENCEPRIMARY
TRD000402,159.95679,0.52669989,STAR,SDSS_DR18_SPECTROSCOPY,ZWARNING_0_SCIENCEPRIMARY
TRD000403,159.81525,0.66594401,STAR,SDSS_DR18_SPECTROSCOPY,ZWARNING_0_SCIENCEPRIMARY
TRD000404,160.13887,0.26191101,STAR,SDSS_DR18_SPECTROSCOPY,ZWARNING_0_SCIENCEPRIMARY
TRD000405,160.12027,0.58266446,STAR,SDSS_DR18_SPECTROSCOPY,ZWARNING_0_SCIENCEPRIMARY
TRD000406,160.20329,0.096851916,STAR,SDSS_DR18_SPECTROSCOPY,ZWARNING_0_SCIENCEPRIMARY
TRD000407,160.22881,0.39006045,STAR,SDSS_DR18_SPECTROSCOPY,ZWARNING_0_SCIENCEPRIMARY
TRD000408,160.36774,0.78062633,STAR,SDSS_DR18_SPECTROSCOPY,ZWARNING_0_SCIENCEPRIMARY
TRD000409,160.2655,1.2445884,STAR,SDSS_DR18_SPECTROSCOPY,ZWARNING_0_SCIENCEPRIMARY
TRD000410,160.38447,1.141918,STAR,SDSS_DR18_SPECTROSCOPY,ZWARNING_0_SCIENCEPRIMARY
TRD000411,160.94876,0.75241255,STAR,SDSS_DR18_SPECTROSCOPY,ZWARNING_0_SCIENCEPRIMARY
TRD000412,162.1492,-1.0535091,STAR,SDSS_DR18_SPECTROSCOPY,ZWARNING_0_SCIENCEPRIMARY
TRD000413,162.18006,-1.0520082,STAR,SDSS_DR18_SPECTROSCOPY,ZWARNING_0_SCIENCEPRIMARY
TRD000414,162.50801,-0.10340415,STAR,SDSS_DR18_SPECTROSCOPY,ZWARNING_0_SCIENCEPRIMARY
TRD000415,162.54538,-0.11877666,STAR,SDSS_DR18_SPECTROSCOPY,ZWARNING_0_SCIENCEPRIMARY
TRD000416,162.30576,0.067733806,STAR,SDSS_DR18_SPECTROSCOPY,ZWARNING_0_SCIENCEPRIMARY
TRD000417,161.64687,-0.83224627,STAR,SDSS_DR18_SPECTROSCOPY,ZWARNING_0_SCIENCEPRIMARY
TRD000418,161.50096,-0.70700927,STAR,SDSS_DR18_SPECTROSCOPY,ZWARNING_0_SCIENCEPRIMARY
TRD000419,161.43971,-0.9741342,STAR,SDSS_DR18_SPECTROSCOPY,ZWARNING_0_SCIENCEPRIMARY
TRD000420,161.32408,-0.30936475,STAR,SDSS_DR18_SPECTROSCOPY,ZWARNING_0_SCIENCEPRIMARY
TRD000421,161.30324,-0.092310023,STAR,SDSS_DR18_SPECTROSCOPY,ZWARNING_0_SCIENCEPRIMARY
TRD000422,160.86426,-0.98028289,STAR,SDSS_DR18_SPECTROSCOPY,ZWARNING_0_SCIENCEPRIMARY
TRD000423,160.99532,-0.47853899,STAR,SDSS_DR18_SPECTROSCOPY,ZWARNING_0_SCIENCEPRIMARY
TRD000424,160.71367,0.072842565,STAR,SDSS_DR18_SPECTROSCOPY,ZWARNING_0_SCIENCEPRIMARY
TRD000425,160.29026,-0.75533448,STAR,SDSS_DR18_SPECTROSCOPY,ZWARNING_0_SCIENCEPRIMARY
TRD000426,160.58211,-0.14014307,STAR,SDSS_DR18_SPECTROSCOPY,ZWARNING_0_SCIENCEPRIMARY
TRD000427,160.59926,1.0356062,STAR,SDSS_DR18_SPECTROSCOPY,ZWARNING_0_SCIENCEPRIMARY
TRD000428,160.8353,1.0776131,STAR,SDSS_DR18_SPECTROSCOPY,ZWARNING_0_SCIENCEPRIMARY
TRD000429,160.21413,0.2686448,STAR,SDSS_DR18_SPECTROSCOPY,ZWARNING_0_SCIENCEPRIMARY
TRD000430,160.91454,1.0762572,STAR,SDSS_DR18_SPECTROSCOPY,ZWARNING_0_SCIENCEPRIMARY
TRD000431,160.48149,0.58896729,STAR,SDSS_DR18_SPECTROSCOPY,ZWARNING_0_SCIENCEPRIMARY
TRD000432,160.83969,0.22381158,STAR,SDSS_DR18_SPECTROSCOPY,ZWARNING_0_SCIENCEPRIMARY
TRD000433,161.04519,0.87661692,STAR,SDSS_DR18_SPECTROSCOPY,ZWARNING_0_SCIENCEPRIMARY
TRD000434,161.31435,0.25713116,STAR,SDSS_DR18_SPECTROSCOPY,ZWARNING_0_SCIENCEPRIMARY
TRD000435,161.61253,0.30634278,STAR,SDSS_DR18_SPECTROSCOPY,ZWARNING_0_SCIENCEPRIMARY
TRD000436,161.51924,0.60491603,STAR,SDSS_DR18_SPECTROSCOPY,ZWARNING_0_SCIENCEPRIMARY
TRD000437,161.62239,0.49131168,STAR,SDSS_DR18_SPECTROSCOPY,ZWARNING_0_SCIENCEPRIMARY
TRD000438,161.7576,0.52245694,STAR,SDSS_DR18_SPECTROSCOPY,ZWARNING_0_SCIENCEPRIMARY
TRD000439,161.77676,0.86222623,STAR,SDSS_DR18_SPECTROSCOPY,ZWARNING_0_SCIENCEPRIMARY
TRD000440,161.8289,1.2361111,STAR,SDSS_DR18_SPECTROSCOPY,ZWARNING_0_SCIENCEPRIMARY
TRD000441,161.62831,1.0778518,STAR,SDSS_DR18_SPECTROSCOPY,ZWARNING_0_SCIENCEPRIMARY
TRD000442,162.0881,0.84392736,STAR,SDSS_DR18_SPECTROSCOPY,ZWARNING_0_SCIENCEPRIMARY
TRD000443,162.13094,0.32272741,STAR,SDSS_DR18_SPECTROSCOPY,ZWARNING_0_SCIENCEPRIMARY
TRD000444,162.17848,1.1995777,STAR,SDSS_DR18_SPECTROSCOPY,ZWARNING_0_SCIENCEPRIMARY
TRD000445,162.65471,0.37841672,STAR,SDSS_DR18_SPECTROSCOPY,ZWARNING_0_SCIENCEPRIMARY
TRD000446,164.10519,-0.98670102,STAR,SDSS_DR18_SPECTROSCOPY,ZWARNING_0_SCIENCEPRIMARY
TRD000447,164.17259,-0.72597182,STAR,SDSS_DR18_SPECTROSCOPY,ZWARNING_0_SCIENCEPRIMARY
TRD000448,164.38551,-0.11758569,STAR,SDSS_DR18_SPECTROSCOPY,ZWARNING_0_SCIENCEPRIMARY
TRD000449,164.40165,-0.29609692,STAR,SDSS_DR18_SPECTROSCOPY,ZWARNING_0_SCIENCEPRIMARY
TRD000450,163.88732,-0.77180398,STAR,SDSS_DR18_SPECTROSCOPY,ZWARNING_0_SCIENCEPRIMARY
TRD000451,163.95283,-0.77088245,STAR,SDSS_DR18_SPECTROSCOPY,ZWARNING_0_SCIENCEPRIMARY
TRD000452,163.86121,-0.84138528,STAR,SDSS_DR18_SPECTROSCOPY,ZWARNING_0_SCIENCEPRIMARY
TRD000453,164.05133,-0.10601633,STAR,SDSS_DR18_SPECTROSCOPY,ZWARNING_0_SCIENCEPRIMARY
TRD000454,163.59294,-0.90622619,STAR,SDSS_DR18_SPECTROSCOPY,ZWARNING_0_SCIENCEPRIMARY
TRD000455,163.52396,-1.192494,STAR,SDSS_DR18_SPECTROSCOPY,ZWARNING_0_SCIENCEPRIMARY
TRD000456,163.80513,-0.57217542,STAR,SDSS_DR18_SPECTROSCOPY,ZWARNING_0_SCIENCEPRIMARY
TRD000457,163.7131,-0.46996523,STAR,SDSS_DR18_SPECTROSCOPY,ZWARNING_0_SCIENCEPRIMARY
TRD000458,163.75158,-0.13615648,STAR,SDSS_DR18_SPECTROSCOPY,ZWARNING_0_SCIENCEPRIMARY
TRD000459,163.26918,-1.137142,STAR,SDSS_DR18_SPECTROSCOPY,ZWARNING_0_SCIENCEPRIMARY
TRD000460,163.48437,-0.19239848,STAR,SDSS_DR18_SPECTROSCOPY,ZWARNING_0_SCIENCEPRIMARY
TRD000461,163.27656,-0.34693483,STAR,SDSS_DR18_SPECTROSCOPY,ZWARNING_0_SCIENCEPRIMARY
TRD000462,163.19587,-0.17149766,STAR,SDSS_DR18_SPECTROSCOPY,ZWARNING_0_SCIENCEPRIMARY
TRD000463,163.05513,-1.0785515,STAR,SDSS_DR18_SPECTROSCOPY,ZWARNING_0_SCIENCEPRIMARY
TRD000464,163.07272,-1.1024443,STAR,SDSS_DR18_SPECTROSCOPY,ZWARNING_0_SCIENCEPRIMARY
TRD000465,163.02936,-1.1754112,STAR,SDSS_DR18_SPECTROSCOPY,ZWARNING_0_SCIENCEPRIMARY
TRD000466,163.1627,-0.94347255,STAR,SDSS_DR18_SPECTROSCOPY,ZWARNING_0_SCIENCEPRIMARY
TRD000467,162.90778,-0.49890247,STAR,SDSS_DR18_SPECTROSCOPY,ZWARNING_0_SCIENCEPRIMARY
TRD000468,162.68729,-0.79122453,STAR,SDSS_DR18_SPECTROSCOPY,ZWARNING_0_SCIENCEPRIMARY
TRD000469,162.40941,0.87976137,STAR,SDSS_DR18_SPECTROSCOPY,ZWARNING_0_SCIENCEPRIMARY
TRD000470,162.67467,0.88554138,STAR,SDSS_DR18_SPECTROSCOPY,ZWARNING_0_SCIENCEPRIMARY
TRD000471,163.02668,0.90937862,STAR,SDSS_DR18_SPECTROSCOPY,ZWARNING_0_SCIENCEPRIMARY
TRD000472,162.99228,0.88793376,STAR,SDSS_DR18_SPECTROSCOPY,ZWARNING_0_SCIENCEPRIMARY
TRD000473,162.97825,0.86590657,STAR,SDSS_DR18_SPECTROSCOPY,ZWARNING_0_SCIENCEPRIMARY
TRD000474,163.05526,0.91958472,STAR,SDSS_DR18_SPECTROSCOPY,ZWARNING_0_SCIENCEPRIMARY
TRD000475,162.86271,1.1521278,STAR,SDSS_DR18_SPECTROSCOPY,ZWARNING_0_SCIENCEPRIMARY
TRD000476,163.06089,0.97112309,STAR,SDSS_DR18_SPECTROSCOPY,ZWARNING_0_SCIENCEPRIMARY
TRD000477,163.01556,0.97625529,STAR,SDSS_DR18_SPECTROSCOPY,ZWARNING_0_SCIENCEPRIMARY
TRD000478,163.05637,0.95054406,STAR,SDSS_DR18_SPECTROSCOPY,ZWARNING_0_SCIENCEPRIMARY
TRD000479,163.06506,1.0703926,STAR,SDSS_DR18_SPECTROSCOPY,ZWARNING_0_SCIENCEPRIMARY
TRD000480,163.19063,1.2282466,STAR,SDSS_DR18_SPECTROSCOPY,ZWARNING_0_SCIENCEPRIMARY
TRD000481,163.08279,0.83971466,STAR,SDSS_DR18_SPECTROSCOPY,ZWARNING_0_SCIENCEPRIMARY
TRD000482,163.0932,0.96880015,STAR,SDSS_DR18_SPECTROSCOPY,ZWARNING_0_SCIENCEPRIMARY
TRD000483,163.36648,0.87176665,STAR,SDSS_DR18_SPECTROSCOPY,ZWARNING_0_SCIENCEPRIMARY
TRD000484,163.08937,0.85806642,STAR,SDSS_DR18_SPECTROSCOPY,ZWARNING_0_SCIENCEPRIMARY
TRD000485,163.08935,0.94213278,STAR,SDSS_DR18_SPECTROSCOPY,ZWARNING_0_SCIENCEPRIMARY
TRD000486,163.10556,0.86815031,STAR,SDSS_DR18_SPECTROSCOPY,ZWARNING_0_SCIENCEPRIMARY
TRD000487,163.00934,0.54048627,STAR,SDSS_DR18_SPECTROSCOPY,ZWARNING_0_SCIENCEPRIMARY
TRD000488,163.26171,0.29368876,STAR,SDSS_DR18_SPECTROSCOPY,ZWARNING_0_SCIENCEPRIMARY
TRD000489,163.5229,0.058820917,STAR,SDSS_DR18_SPECTROSCOPY,ZWARNING_0_SCIENCEPRIMARY
TRD000490,163.45646,0.72958611,STAR,SDSS_DR18_SPECTROSCOPY,ZWARNING_0_SCIENCEPRIMARY
TRD000491,164.02345,0.85701494,STAR,SDSS_DR18_SPECTROSCOPY,ZWARNING_0_SCIENCEPRIMARY
TRD000492,163.96554,1.0204259,STAR,SDSS_DR18_SPECTROSCOPY,ZWARNING_0_SCIENCEPRIMARY
TRD000493,163.8697,1.0867901,STAR,SDSS_DR18_SPECTROSCOPY,ZWARNING_0_SCIENCEPRIMARY
TRD000494,164.36843,0.55558857,STAR,SDSS_DR18_SPECTROSCOPY,ZWARNING_0_SCIENCEPRIMARY
TRD000495,164.42736,0.32510967,STAR,SDSS_DR18_SPECTROSCOPY,ZWARNING_0_SCIENCEPRIMARY
TRD000496,164.36589,0.35519549,STAR,SDSS_DR18_SPECTROSCOPY,ZWARNING_0_SCIENCEPRIMARY
TRD000497,164.46828,0.22398423,STAR,SDSS_DR18_SPECTROSCOPY,ZWARNING_0_SCIENCEPRIMARY
TRD000498,164.3792,0.77828294,STAR,SDSS_DR18_SPECTROSCOPY,ZWARNING_0_SCIENCEPRIMARY
TRD000499,164.41576,0.75764454,STAR,SDSS_DR18_SPECTROSCOPY,ZWARNING_0_SCIENCEPRIMARY
TRD000500,164.74916,0.40929658,STAR,SDSS_DR18_SPECTROSCOPY,ZWARNING_0_SCIENCEPRIMARY
TRD000501,166.1899,-1.0302826,STAR,SDSS_DR18_SPECTROSCOPY,ZWARNING_0_SCIENCEPRIMARY
TRD000502,165.97221,-1.2120107,STAR,SDSS_DR18_SPECTROSCOPY,ZWARNING_0_SCIENCEPRIMARY
TRD000503,166.19465,-1.0734164,STAR,SDSS_DR18_SPECTROSCOPY,ZWARNING_0_SCIENCEPRIMARY
TRD000504,166.65299,-0.1895481,STAR,SDSS_DR18_SPECTROSCOPY,ZWARNING_0_SCIENCEPRIMARY
TRD000505,165.70658,-1.1220208,STAR,SDSS_DR18_SPECTROSCOPY,ZWARNING_0_SCIENCEPRIMARY
TRD000506,166.08348,-0.60783666,STAR,SDSS_DR18_SPECTROSCOPY,ZWARNING_0_SCIENCEPRIMARY
TRD000507,166.29229,-0.29198888,STAR,SDSS_DR18_SPECTROSCOPY,ZWARNING_0_SCIENCEPRIMARY
TRD000508,166.04396,-0.64859044,STAR,SDSS_DR18_SPECTROSCOPY,ZWARNING_0_SCIENCEPRIMARY
TRD000509,165.50963,-0.80991027,STAR,SDSS_DR18_SPECTROSCOPY,ZWARNING_0_SCIENCEPRIMARY
TRD000510,165.49326,-0.90728755,STAR,SDSS_DR18_SPECTROSCOPY,ZWARNING_0_SCIENCEPRIMARY
TRD000511,165.30323,-0.9570523,STAR,SDSS_DR18_SPECTROSCOPY,ZWARNING_0_SCIENCEPRIMARY
TRD000512,165.72502,-0.5707671,STAR,SDSS_DR18_SPECTROSCOPY,ZWARNING_0_SCIENCEPRIMARY
TRD000513,165.78237,-0.045366985,STAR,SDSS_DR18_SPECTROSCOPY,ZWARNING_0_SCIENCEPRIMARY
TRD000514,165.81359,-0.65640289,STAR,SDSS_DR18_SPECTROSCOPY,ZWARNING_0_SCIENCEPRIMARY
TRD000515,165.62385,-0.55661559,STAR,SDSS_DR18_SPECTROSCOPY,ZWARNING_0_SCIENCEPRIMARY
TRD000516,165.37722,-0.52798743,STAR,SDSS_DR18_SPECTROSCOPY,ZWARNING_0_SCIENCEPRIMARY
TRD000517,165.51308,-0.66084446,STAR,SDSS_DR18_SPECTROSCOPY,ZWARNING_0_SCIENCEPRIMARY
TRD000518,165.09176,-1.1002128,STAR,SDSS_DR18_SPECTROSCOPY,ZWARNING_0_SCIENCEPRIMARY
TRD000519,165.14383,-1.1558327,STAR,SDSS_DR18_SPECTROSCOPY,ZWARNING_0_SCIENCEPRIMARY
TRD000520,165.25928,-0.092776727,STAR,SDSS_DR18_SPECTROSCOPY,ZWARNING_0_SCIENCEPRIMARY
TRD000521,165.19289,-0.63638646,STAR,SDSS_DR18_SPECTROSCOPY,ZWARNING_0_SCIENCEPRIMARY
TRD000522,164.8607,-1.0719424,STAR,SDSS_DR18_SPECTROSCOPY,ZWARNING_0_SCIENCEPRIMARY
TRD000523,164.99074,-1.1628828,STAR,SDSS_DR18_SPECTROSCOPY,ZWARNING_0_SCIENCEPRIMARY
TRD000524,164.91413,-0.81000856,STAR,SDSS_DR18_SPECTROSCOPY,ZWARNING_0_SCIENCEPRIMARY
TRD000525,164.66699,-0.084146857,STAR,SDSS_DR18_SPECTROSCOPY,ZWARNING_0_SCIENCEPRIMARY
TRD000526,164.88118,-0.39585736,STAR,SDSS_DR18_SPECTROSCOPY,ZWARNING_0_SCIENCEPRIMARY
TRD000527,164.74341,-0.60596878,STAR,SDSS_DR18_SPECTROSCOPY,ZWARNING_0_SCIENCEPRIMARY
TRD000528,164.2525,-1.0926065,STAR,SDSS_DR18_SPECTROSCOPY,ZWARNING_0_SCIENCEPRIMARY
TRD000529,164.0138,-0.57187823,STAR,SDSS_DR18_SPECTROSCOPY,ZWARNING_0_SCIENCEPRIMARY
TRD000530,164.44781,-0.13269439,STAR,SDSS_DR18_SPECTROSCOPY,ZWARNING_0_SCIENCEPRIMARY
TRD000531,164.41831,-0.78338225,STAR,SDSS_DR18_SPECTROSCOPY,ZWARNING_0_SCIENCEPRIMARY
TRD000532,163.98245,-0.40251167,STAR,SDSS_DR18_SPECTROSCOPY,ZWARNING_0_SCIENCEPRIMARY
TRD000533,163.85487,-0.46702722,STAR,SDSS_DR18_SPECTROSCOPY,ZWARNING_0_SCIENCEPRIMARY
TRD000534,164.16242,-0.65293949,STAR,SDSS_DR18_SPECTROSCOPY,ZWARNING_0_SCIENCEPRIMARY
TRD000535,164.28628,-0.4748282,STAR,SDSS_DR18_SPECTROSCOPY,ZWARNING_0_SCIENCEPRIMARY
TRD000536,164.25915,-0.25863739,STAR,SDSS_DR18_SPECTROSCOPY,ZWARNING_0_SCIENCEPRIMARY
TRD000537,164.16477,-0.38891502,STAR,SDSS_DR18_SPECTROSCOPY,ZWARNING_0_SCIENCEPRIMARY
TRD000538,164.0388,0.86127494,STAR,SDSS_DR18_SPECTROSCOPY,ZWARNING_0_SCIENCEPRIMARY
TRD000539,164.58128,1.1123557,STAR,SDSS_DR18_SPECTROSCOPY,ZWARNING_0_SCIENCEPRIMARY
TRD000540,164.10381,0.77061352,STAR,SDSS_DR18_SPECTROSCOPY,ZWARNING_0_SCIENCEPRIMARY
TRD000541,164.579,0.004881332,STAR,SDSS_DR18_SPECTROSCOPY,ZWARNING_0_SCIENCEPRIMARY
TRD000542,164.45638,0.64895465,STAR,SDSS_DR18_SPECTROSCOPY,ZWARNING_0_SCIENCEPRIMARY
TRD000543,164.24409,0.50453233,STAR,SDSS_DR18_SPECTROSCOPY,ZWARNING_0_SCIENCEPRIMARY
TRD000544,164.7233,0.93571595,STAR,SDSS_DR18_SPECTROSCOPY,ZWARNING_0_SCIENCEPRIMARY
TRD000545,164.76511,0.81544291,STAR,SDSS_DR18_SPECTROSCOPY,ZWARNING_0_SCIENCEPRIMARY
TRD000546,164.89422,1.1866871,STAR,SDSS_DR18_SPECTROSCOPY,ZWARNING_0_SCIENCEPRIMARY
TRD000547,165.02512,0.20898543,STAR,SDSS_DR18_SPECTROSCOPY,ZWARNING_0_SCIENCEPRIMARY
TRD000548,164.96048,0.36928038,STAR,SDSS_DR18_SPECTROSCOPY,ZWARNING_0_SCIENCEPRIMARY
TRD000549,165.03915,1.1923328,STAR,SDSS_DR18_SPECTROSCOPY,ZWARNING_0_SCIENCEPRIMARY
TRD000550,165.06524,1.1279296,STAR,SDSS_DR18_SPECTROSCOPY,ZWARNING_0_SCIENCEPRIMARY
TRD000551,165.24296,1.0220189,STAR,SDSS_DR18_SPECTROSCOPY,ZWARNING_0_SCIENCEPRIMARY
TRD000552,165.04448,1.0578606,STAR,SDSS_DR18_SPECTROSCOPY,ZWARNING_0_SCIENCEPRIMARY
TRD000553,165.25171,0.065200723,STAR,SDSS_DR18_SPECTROSCOPY,ZWARNING_0_SCIENCEPRIMARY
TRD000554,165.20951,0.67804567,STAR,SDSS_DR18_SPECTROSCOPY,ZWARNING_0_SCIENCEPRIMARY
TRD000555,165.17039,0.068199909,STAR,SDSS_DR18_SPECTROSCOPY,ZWARNING_0_SCIENCEPRIMARY
TRD000556,165.61328,1.258538,STAR,SDSS_DR18_SPECTROSCOPY,ZWARNING_0_SCIENCEPRIMARY
TRD000557,165.51972,0.81376818,STAR,SDSS_DR18_SPECTROSCOPY,ZWARNING_0_SCIENCEPRIMARY
TRD000558,165.49971,0.88996711,STAR,SDSS_DR18_SPECTROSCOPY,ZWARNING_0_SCIENCEPRIMARY
TRD000559,165.34665,0.26976511,STAR,SDSS_DR18_SPECTROSCOPY,ZWARNING_0_SCIENCEPRIMARY
TRD000560,165.29378,0.45909773,STAR,SDSS_DR18_SPECTROSCOPY,ZWARNING_0_SCIENCEPRIMARY
TRD000561,165.6997,0.51099629,STAR,SDSS_DR18_SPECTROSCOPY,ZWARNING_0_SCIENCEPRIMARY
TRD000562,165.86131,0.62383406,STAR,SDSS_DR18_SPECTROSCOPY,ZWARNING_0_SCIENCEPRIMARY
TRD000563,165.88354,0.74490429,STAR,SDSS_DR18_SPECTROSCOPY,ZWARNING_0_SCIENCEPRIMARY
TRD000564,165.80682,1.0337909,STAR,SDSS_DR18_SPECTROSCOPY,ZWARNING_0_SCIENCEPRIMARY
TRD000565,165.78515,1.1523325,STAR,SDSS_DR18_SPECTROSCOPY,ZWARNING_0_SCIENCEPRIMARY
TRD000566,165.92198,1.1469392,STAR,SDSS_DR18_SPECTROSCOPY,ZWARNING_0_SCIENCEPRIMARY
TRD000567,165.67617,0.92483374,STAR,SDSS_DR18_SPECTROSCOPY,ZWARNING_0_SCIENCEPRIMARY
TRD000568,166.02874,0.53026056,STAR,SDSS_DR18_SPECTROSCOPY,ZWARNING_0_SCIENCEPRIMARY
TRD000569,166.06831,0.79103304,STAR,SDSS_DR18_SPECTROSCOPY,ZWARNING_0_SCIENCEPRIMARY
TRD000570,166.03409,0.75999086,STAR,SDSS_DR18_SPECTROSCOPY,ZWARNING_0_SCIENCEPRIMARY
TRD000571,166.23054,0.51746113,STAR,SDSS_DR18_SPECTROSCOPY,ZWARNING_0_SCIENCEPRIMARY
TRD000572,166.31383,0.27392367,STAR,SDSS_DR18_SPECTROSCOPY,ZWARNING_0_SCIENCEPRIMARY
TRD000573,166.23573,0.75475967,STAR,SDSS_DR18_SPECTROSCOPY,ZWARNING_0_SCIENCEPRIMARY
TRD000574,166.62,0.45916448,STAR,SDSS_DR18_SPECTROSCOPY,ZWARNING_0_SCIENCEPRIMARY
TRD000575,166.50669,0.33427956,STAR,SDSS_DR18_SPECTROSCOPY,ZWARNING_0_SCIENCEPRIMARY
TRD000576,168.43887,-0.2508339,STAR,SDSS_DR18_SPECTROSCOPY,ZWARNING_0_SCIENCEPRIMARY
TRD000577,168.40904,-0.14716533,STAR,SDSS_DR18_SPECTROSCOPY,ZWARNING_0_SCIENCEPRIMARY
TRD000578,168.35945,-0.33403868,STAR,SDSS_DR18_SPECTROSCOPY,ZWARNING_0_SCIENCEPRIMARY
TRD000579,167.50779,-0.77318665,STAR,SDSS_DR18_SPECTROSCOPY,ZWARNING_0_SCIENCEPRIMARY
TRD000580,167.06151,-1.2342049,STAR,SDSS_DR18_SPECTROSCOPY,ZWARNING_0_SCIENCEPRIMARY
TRD000581,166.86147,-0.75977726,STAR,SDSS_DR18_SPECTROSCOPY,ZWARNING_0_SCIENCEPRIMARY
TRD000582,166.94916,-0.93267004,STAR,SDSS_DR18_SPECTROSCOPY,ZWARNING_0_SCIENCEPRIMARY
TRD000583,167.16406,-0.084808076,STAR,SDSS_DR18_SPECTROSCOPY,ZWARNING_0_SCIENCEPRIMARY
TRD000584,166.61551,-1.0673817,STAR,SDSS_DR18_SPECTROSCOPY,ZWARNING_0_SCIENCEPRIMARY
TRD000585,166.63518,-0.87821729,STAR,SDSS_DR18_SPECTROSCOPY,ZWARNING_0_SCIENCEPRIMARY
TRD000586,166.98484,-0.079988802,STAR,SDSS_DR18_SPECTROSCOPY,ZWARNING_0_SCIENCEPRIMARY
TRD000587,166.83335,-0.17846498,STAR,SDSS_DR18_SPECTROSCOPY,ZWARNING_0_SCIENCEPRIMARY
TRD000588,166.06441,-0.39137228,STAR,SDSS_DR18_SPECTROSCOPY,ZWARNING_0_SCIENCEPRIMARY
TRD000589,166.20931,-0.16881158,STAR,SDSS_DR18_SPECTROSCOPY,ZWARNING_0_SCIENCEPRIMARY
TRD000590,166.15428,1.187773,STAR,SDSS_DR18_SPECTROSCOPY,ZWARNING_0_SCIENCEPRIMARY
TRD000591,166.32892,0.89657108,STAR,SDSS_DR18_SPECTROSCOPY,ZWARNING_0_SCIENCEPRIMARY
TRD000592,166.09524,0.35578033,STAR,SDSS_DR18_SPECTROSCOPY,ZWARNING_0_SCIENCEPRIMARY
TRD000593,166.59748,1.2558195,STAR,SDSS_DR18_SPECTROSCOPY,ZWARNING_0_SCIENCEPRIMARY
TRD000594,166.96712,0.22640547,STAR,SDSS_DR18_SPECTROSCOPY,ZWARNING_0_SCIENCEPRIMARY
TRD000595,167.32649,0.93289126,STAR,SDSS_DR18_SPECTROSCOPY,ZWARNING_0_SCIENCEPRIMARY
TRD000596,167.4753,0.85963248,STAR,SDSS_DR18_SPECTROSCOPY,ZWARNING_0_SCIENCEPRIMARY
TRD000597,167.37209,0.69263756,STAR,SDSS_DR18_SPECTROSCOPY,ZWARNING_0_SCIENCEPRIMARY
TRD000598,167.54492,1.1257639,STAR,SDSS_DR18_SPECTROSCOPY,ZWARNING_0_SCIENCEPRIMARY
TRD000599,167.98707,0.56356979,STAR,SDSS_DR18_SPECTROSCOPY,ZWARNING_0_SCIENCEPRIMARY
TRD000600,168.16806,0.7343908,STAR,SDSS_DR18_SPECTROSCOPY,ZWARNING_0_SCIENCEPRIMARY
TRD000601,168.12557,0.50070854,STAR,SDSS_DR18_SPECTROSCOPY,ZWARNING_0_SCIENCEPRIMARY
TRD000602,168.07857,1.0167241,STAR,SDSS_DR18_SPECTROSCOPY,ZWARNING_0_SCIENCEPRIMARY
TRD000603,167.89151,1.2136421,STAR,SDSS_DR18_SPECTROSCOPY,ZWARNING_0_SCIENCEPRIMARY
TRD000604,168.32114,0.46252997,STAR,SDSS_DR18_SPECTROSCOPY,ZWARNING_0_SCIENCEPRIMARY
TRD000605,168.23612,0.40920721,STAR,SDSS_DR18_SPECTROSCOPY,ZWARNING_0_SCIENCEPRIMARY
TRD000606,168.29758,0.30225218,STAR,SDSS_DR18_SPECTROSCOPY,ZWARNING_0_SCIENCEPRIMARY
TRD000607,168.30172,0.28285562,STAR,SDSS_DR18_SPECTROSCOPY,ZWARNING_0_SCIENCEPRIMARY
TRD000608,169.68914,-0.75192341,STAR,SDSS_DR18_SPECTROSCOPY,ZWARNING_0_SCIENCEPRIMARY
TRD000609,169.89752,-0.52808332,STAR,SDSS_DR18_SPECTROSCOPY,ZWARNING_0_SCIENCEPRIMARY
TRD000610,169.8531,-0.60579332,STAR,SDSS_DR18_SPECTROSCOPY,ZWARNING_0_SCIENCEPRIMARY
TRD000611,169.08286,-0.77078348,STAR,SDSS_DR18_SPECTROSCOPY,ZWARNING_0_SCIENCEPRIMARY
TRD000612,169.7349,-0.45489764,STAR,SDSS_DR18_SPECTROSCOPY,ZWARNING_0_SCIENCEPRIMARY
TRD000613,169.55042,-0.12759279,STAR,SDSS_DR18_SPECTROSCOPY,ZWARNING_0_SCIENCEPRIMARY
TRD000614,169.00648,-1.1901338,STAR,SDSS_DR18_SPECTROSCOPY,ZWARNING_0_SCIENCEPRIMARY
TRD000615,169.08228,-0.93855461,STAR,SDSS_DR18_SPECTROSCOPY,ZWARNING_0_SCIENCEPRIMARY
TRD000616,169.25739,-0.30350281,STAR,SDSS_DR18_SPECTROSCOPY,ZWARNING_0_SCIENCEPRIMARY
TRD000617,168.92505,-0.98835722,STAR,SDSS_DR18_SPECTROSCOPY,ZWARNING_0_SCIENCEPRIMARY
TRD000618,168.61654,-0.33359594,STAR,SDSS_DR18_SPECTROSCOPY,ZWARNING_0_SCIENCEPRIMARY
TRD000619,168.25384,-1.173555,STAR,SDSS_DR18_SPECTROSCOPY,ZWARNING_0_SCIENCEPRIMARY
TRD000620,167.61959,-0.56207204,STAR,SDSS_DR18_SPECTROSCOPY,ZWARNING_0_SCIENCEPRIMARY
TRD000621,168.20643,-0.10004055,STAR,SDSS_DR18_SPECTROSCOPY,ZWARNING_0_SCIENCEPRIMARY
TRD000622,167.69799,0.9059306,STAR,SDSS_DR18_SPECTROSCOPY,ZWARNING_0_SCIENCEPRIMARY
TRD000623,167.88151,0.059997797,STAR,SDSS_DR18_SPECTROSCOPY,ZWARNING_0_SCIENCEPRIMARY
TRD000624,168.43207,0.96660221,STAR,SDSS_DR18_SPECTROSCOPY,ZWARNING_0_SCIENCEPRIMARY
TRD000625,168.64119,0.67894427,STAR,SDSS_DR18_SPECTROSCOPY,ZWARNING_0_SCIENCEPRIMARY
TRD000626,168.49382,0.43146476,STAR,SDSS_DR18_SPECTROSCOPY,ZWARNING_0_SCIENCEPRIMARY
TRD000627,168.67419,0.71748125,STAR,SDSS_DR18_SPECTROSCOPY,ZWARNING_0_SCIENCEPRIMARY
TRD000628,168.78398,0.87377712,STAR,SDSS_DR18_SPECTROSCOPY,ZWARNING_0_SCIENCEPRIMARY
TRD000629,168.80143,0.88712548,STAR,SDSS_DR18_SPECTROSCOPY,ZWARNING_0_SCIENCEPRIMARY
TRD000630,168.68884,0.40941556,STAR,SDSS_DR18_SPECTROSCOPY,ZWARNING_0_SCIENCEPRIMARY
TRD000631,168.75632,0.25129906,STAR,SDSS_DR18_SPECTROSCOPY,ZWARNING_0_SCIENCEPRIMARY
TRD000632,168.90949,0.083418132,STAR,SDSS_DR18_SPECTROSCOPY,ZWARNING_0_SCIENCEPRIMARY
TRD000633,169.19109,0.049795219,STAR,SDSS_DR18_SPECTROSCOPY,ZWARNING_0_SCIENCEPRIMARY
TRD000634,169.42232,0.76697752,STAR,SDSS_DR18_SPECTROSCOPY,ZWARNING_0_SCIENCEPRIMARY
TRD000635,169.45894,0.7350324,STAR,SDSS_DR18_SPECTROSCOPY,ZWARNING_0_SCIENCEPRIMARY
TRD000636,169.4862,1.1164948,STAR,SDSS_DR18_SPECTROSCOPY,ZWARNING_0_SCIENCEPRIMARY
TRD000637,169.57116,1.0436795,STAR,SDSS_DR18_SPECTROSCOPY,ZWARNING_0_SCIENCEPRIMARY
TRD000638,169.56488,0.82072654,STAR,SDSS_DR18_SPECTROSCOPY,ZWARNING_0_SCIENCEPRIMARY
TRD000639,169.6491,0.74078053,STAR,SDSS_DR18_SPECTROSCOPY,ZWARNING_0_SCIENCEPRIMARY
TRD000640,169.96743,0.50275204,STAR,SDSS_DR18_SPECTROSCOPY,ZWARNING_0_SCIENCEPRIMARY
TRD000641,171.77441,0.027344183,STAR,SDSS_DR18_SPECTROSCOPY,ZWARNING_0_SCIENCEPRIMARY
TRD000642,171.79165,0.18904344,STAR,SDSS_DR18_SPECTROSCOPY,ZWARNING_0_SCIENCEPRIMARY
TRD000643,171.78892,0.020349801,STAR,SDSS_DR18_SPECTROSCOPY,ZWARNING_0_SCIENCEPRIMARY
TRD000644,171.52601,-0.11257032,STAR,SDSS_DR18_SPECTROSCOPY,ZWARNING_0_SCIENCEPRIMARY
TRD000645,171.35078,-0.19824979,STAR,SDSS_DR18_SPECTROSCOPY,ZWARNING_0_SCIENCEPRIMARY
TRD000646,170.57525,-0.95103305,STAR,SDSS_DR18_SPECTROSCOPY,ZWARNING_0_SCIENCEPRIMARY
TRD000647,170.88744,0.041361432,STAR,SDSS_DR18_SPECTROSCOPY,ZWARNING_0_SCIENCEPRIMARY
TRD000648,170.94816,0.071706374,STAR,SDSS_DR18_SPECTROSCOPY,ZWARNING_0_SCIENCEPRIMARY
TRD000649,170.8817,0.17554959,STAR,SDSS_DR18_SPECTROSCOPY,ZWARNING_0_SCIENCEPRIMARY
TRD000650,170.73487,0.10720915,STAR,SDSS_DR18_SPECTROSCOPY,ZWARNING_0_SCIENCEPRIMARY
TRD000651,170.25353,-1.1875409,STAR,SDSS_DR18_SPECTROSCOPY,ZWARNING_0_SCIENCEPRIMARY
TRD000652,170.19463,-1.1888464,STAR,SDSS_DR18_SPECTROSCOPY,ZWARNING_0_SCIENCEPRIMARY
TRD000653,170.16411,-1.0873652,STAR,SDSS_DR18_SPECTROSCOPY,ZWARNING_0_SCIENCEPRIMARY
TRD000654,170.09543,-0.34819161,STAR,SDSS_DR18_SPECTROSCOPY,ZWARNING_0_SCIENCEPRIMARY
TRD000655,170.0791,-1.1026356,STAR,SDSS_DR18_SPECTROSCOPY,ZWARNING_0_SCIENCEPRIMARY
TRD000656,170.01664,-0.38968843,STAR,SDSS_DR18_SPECTROSCOPY,ZWARNING_0_SCIENCEPRIMARY
TRD000657,170.13999,-0.57195085,STAR,SDSS_DR18_SPECTROSCOPY,ZWARNING_0_SCIENCEPRIMARY
TRD000658,169.60421,-0.28403918,STAR,SDSS_DR18_SPECTROSCOPY,ZWARNING_0_SCIENCEPRIMARY
TRD000659,169.572,-0.073210469,STAR,SDSS_DR18_SPECTROSCOPY,ZWARNING_0_SCIENCEPRIMARY
TRD000660,169.32264,0.11583779,STAR,SDSS_DR18_SPECTROSCOPY,ZWARNING_0_SCIENCEPRIMARY
TRD000661,168.97574,0.17651053,STAR,SDSS_DR18_SPECTROSCOPY,ZWARNING_0_SCIENCEPRIMARY
TRD000662,169.58433,0.5607814,STAR,SDSS_DR18_SPECTROSCOPY,ZWARNING_0_SCIENCEPRIMARY
TRD000663,169.57639,0.62283685,STAR,SDSS_DR18_SPECTROSCOPY,ZWARNING_0_SCIENCEPRIMARY
TRD000664,169.92548,0.59355104,STAR,SDSS_DR18_SPECTROSCOPY,ZWARNING_0_SCIENCEPRIMARY
TRD000665,170.22302,0.33303371,STAR,SDSS_DR18_SPECTROSCOPY,ZWARNING_0_SCIENCEPRIMARY
TRD000666,170.33745,0.30638818,STAR,SDSS_DR18_SPECTROSCOPY,ZWARNING_0_SCIENCEPRIMARY
TRD000667,170.53677,0.54368451,STAR,SDSS_DR18_SPECTROSCOPY,ZWARNING_0_SCIENCEPRIMARY
TRD000668,170.78068,0.5378143,STAR,SDSS_DR18_SPECTROSCOPY,ZWARNING_0_SCIENCEPRIMARY
TRD000669,170.84745,1.1111265,STAR,SDSS_DR18_SPECTROSCOPY,ZWARNING_0_SCIENCEPRIMARY
TRD000670,170.91817,1.2512873,STAR,SDSS_DR18_SPECTROSCOPY,ZWARNING_0_SCIENCEPRIMARY
TRD000671,171.49528,0.79092266,STAR,SDSS_DR18_SPECTROSCOPY,ZWARNING_0_SCIENCEPRIMARY
TRD000672,171.52158,0.47352314,STAR,SDSS_DR18_SPECTROSCOPY,ZWARNING_0_SCIENCEPRIMARY
TRD000673,171.54793,0.43177592,STAR,SDSS_DR18_SPECTROSCOPY,ZWARNING_0_SCIENCEPRIMARY
TRD000674,171.5269,0.40560159,STAR,SDSS_DR18_SPECTROSCOPY,ZWARNING_0_SCIENCEPRIMARY
TRD000675,171.43618,0.92657274,STAR,SDSS_DR18_SPECTROSCOPY,ZWARNING_0_SCIENCEPRIMARY
TRD000676,171.90559,0.43309777,STAR,SDSS_DR18_SPECTROSCOPY,ZWARNING_0_SCIENCEPRIMARY
TRD000677,172.5948,-1.1552804,STAR,SDSS_DR18_SPECTROSCOPY,ZWARNING_0_SCIENCEPRIMARY
TRD000678,172.59188,-1.1835342,STAR,SDSS_DR18_SPECTROSCOPY,ZWARNING_0_SCIENCEPRIMARY
TRD000679,173.24309,-0.42928649,STAR,SDSS_DR18_SPECTROSCOPY,ZWARNING_0_SCIENCEPRIMARY
TRD000680,172.39546,-1.0643409,STAR,SDSS_DR18_SPECTROSCOPY,ZWARNING_0_SCIENCEPRIMARY
TRD000681,172.54121,-1.2155375,STAR,SDSS_DR18_SPECTROSCOPY,ZWARNING_0_SCIENCEPRIMARY
TRD000682,172.49475,-0.77454823,STAR,SDSS_DR18_SPECTROSCOPY,ZWARNING_0_SCIENCEPRIMARY
TRD000683,172.56137,-1.0799353,STAR,SDSS_DR18_SPECTROSCOPY,ZWARNING_0_SCIENCEPRIMARY
TRD000684,172.52646,-0.31484275,STAR,SDSS_DR18_SPECTROSCOPY,ZWARNING_0_SCIENCEPRIMARY
TRD000685,172.8717,0.032929037,STAR,SDSS_DR18_SPECTROSCOPY,ZWARNING_0_SCIENCEPRIMARY
TRD000686,172.38265,-1.250545,STAR,SDSS_DR18_SPECTROSCOPY,ZWARNING_0_SCIENCEPRIMARY
TRD000687,172.34135,-1.1804616,STAR,SDSS_DR18_SPECTROSCOPY,ZWARNING_0_SCIENCEPRIMARY
TRD000688,172.11312,-1.1925424,STAR,SDSS_DR18_SPECTROSCOPY,ZWARNING_0_SCIENCEPRIMARY
TRD000689,172.34377,-0.82771106,STAR,SDSS_DR18_SPECTROSCOPY,ZWARNING_0_SCIENCEPRIMARY
TRD000690,172.26173,0.1666303,STAR,SDSS_DR18_SPECTROSCOPY,ZWARNING_0_SCIENCEPRIMARY
TRD000691,172.03521,-1.1576206,STAR,SDSS_DR18_SPECTROSCOPY,ZWARNING_0_SCIENCEPRIMARY
TRD000692,172.02894,-1.2085236,STAR,SDSS_DR18_SPECTROSCOPY,ZWARNING_0_SCIENCEPRIMARY
TRD000693,172.02028,-1.0803169,STAR,SDSS_DR18_SPECTROSCOPY,ZWARNING_0_SCIENCEPRIMARY
TRD000694,171.97429,-0.86096592,STAR,SDSS_DR18_SPECTROSCOPY,ZWARNING_0_SCIENCEPRIMARY
TRD000695,172.04232,-1.0690492,STAR,SDSS_DR18_SPECTROSCOPY,ZWARNING_0_SCIENCEPRIMARY
TRD000696,171.93665,-0.091965804,STAR,SDSS_DR18_SPECTROSCOPY,ZWARNING_0_SCIENCEPRIMARY
TRD000697,171.96396,-0.21299017,STAR,SDSS_DR18_SPECTROSCOPY,ZWARNING_0_SCIENCEPRIMARY
TRD000698,171.63854,-0.57501929,STAR,SDSS_DR18_SPECTROSCOPY,ZWARNING_0_SCIENCEPRIMARY
TRD000699,171.79937,-1.1945596,STAR,SDSS_DR18_SPECTROSCOPY,ZWARNING_0_SCIENCEPRIMARY
TRD000700,171.73491,-1.2490318,STAR,SDSS_DR18_SPECTROSCOPY,ZWARNING_0_SCIENCEPRIMARY
TRD000701,171.8128,-1.1196716,STAR,SDSS_DR18_SPECTROSCOPY,ZWARNING_0_SCIENCEPRIMARY
TRD000702,171.17583,-0.5154138,STAR,SDSS_DR18_SPECTROSCOPY,ZWARNING_0_SCIENCEPRIMARY
TRD000703,171.50617,-1.2295745,STAR,SDSS_DR18_SPECTROSCOPY,ZWARNING_0_SCIENCEPRIMARY
TRD000704,171.68775,-1.0511533,STAR,SDSS_DR18_SPECTROSCOPY,ZWARNING_0_SCIENCEPRIMARY
TRD000705,171.49475,-1.0968965,STAR,SDSS_DR18_SPECTROSCOPY,ZWARNING_0_SCIENCEPRIMARY
TRD000706,171.70768,-1.0670499,STAR,SDSS_DR18_SPECTROSCOPY,ZWARNING_0_SCIENCEPRIMARY
TRD000707,171.49911,-1.0595897,STAR,SDSS_DR18_SPECTROSCOPY,ZWARNING_0_SCIENCEPRIMARY
TRD000708,171.02878,0.048559825,STAR,SDSS_DR18_SPECTROSCOPY,ZWARNING_0_SCIENCEPRIMARY
TRD000709,170.84406,0.020635901,STAR,SDSS_DR18_SPECTROSCOPY,ZWARNING_0_SCIENCEPRIMARY
TRD000710,171.02171,0.11774472,STAR,SDSS_DR18_SPECTROSCOPY,ZWARNING_0_SCIENCEPRIMARY
TRD000711,170.9211,0.16004499,STAR,SDSS_DR18_SPECTROSCOPY,ZWARNING_0_SCIENCEPRIMARY
TRD000712,171.00971,0.072839667,STAR,SDSS_DR18_SPECTROSCOPY,ZWARNING_0_SCIENCEPRIMARY
TRD000713,171.01498,0.16828506,STAR,SDSS_DR18_SPECTROSCOPY,ZWARNING_0_SCIENCEPRIMARY
TRD000714,170.90776,0.047724451,STAR,SDSS_DR18_SPECTROSCOPY,ZWARNING_0_SCIENCEPRIMARY
TRD000715,171.50009,-1.2084499,STAR,SDSS_DR18_SPECTROSCOPY,ZWARNING_0_SCIENCEPRIMARY
TRD000716,171.0263,-1.0866676,STAR,SDSS_DR18_SPECTROSCOPY,ZWARNING_0_SCIENCEPRIMARY
TRD000717,171.01424,-1.0545253,STAR,SDSS_DR18_SPECTROSCOPY,ZWARNING_0_SCIENCEPRIMARY
TRD000718,170.76914,-0.78394159,STAR,SDSS_DR18_SPECTROSCOPY,ZWARNING_0_SCIENCEPRIMARY
TRD000719,170.99728,-1.0677514,STAR,SDSS_DR18_SPECTROSCOPY,ZWARNING_0_SCIENCEPRIMARY
TRD000720,170.77441,9.4959898e-05,STAR,SDSS_DR18_SPECTROSCOPY,ZWARNING_0_SCIENCEPRIMARY
TRD000721,170.55057,-0.15113874,STAR,SDSS_DR18_SPECTROSCOPY,ZWARNING_0_SCIENCEPRIMARY
TRD000722,170.96243,1.1609564,STAR,SDSS_DR18_SPECTROSCOPY,ZWARNING_0_SCIENCEPRIMARY
TRD000723,171.17426,0.88007387,STAR,SDSS_DR18_SPECTROSCOPY,ZWARNING_0_SCIENCEPRIMARY
TRD000724,171.27968,0.78453323,STAR,SDSS_DR18_SPECTROSCOPY,ZWARNING_0_SCIENCEPRIMARY
TRD000725,170.86576,0.2048237,STAR,SDSS_DR18_SPECTROSCOPY,ZWARNING_0_SCIENCEPRIMARY
TRD000726,170.96708,0.57459892,STAR,SDSS_DR18_SPECTROSCOPY,ZWARNING_0_SCIENCEPRIMARY
TRD000727,171.26866,1.1227895,STAR,SDSS_DR18_SPECTROSCOPY,ZWARNING_0_SCIENCEPRIMARY
TRD000728,171.59949,1.1491373,STAR,SDSS_DR18_SPECTROSCOPY,ZWARNING_0_SCIENCEPRIMARY
TRD000729,171.78892,1.1211223,STAR,SDSS_DR18_SPECTROSCOPY,ZWARNING_0_SCIENCEPRIMARY
TRD000730,171.76739,1.0764878,STAR,SDSS_DR18_SPECTROSCOPY,ZWARNING_0_SCIENCEPRIMARY
TRD000731,171.5802,1.0332401,STAR,SDSS_DR18_SPECTROSCOPY,ZWARNING_0_SCIENCEPRIMARY
TRD000732,171.81404,0.75256057,STAR,SDSS_DR18_SPECTROSCOPY,ZWARNING_0_SCIENCEPRIMARY
TRD000733,171.50569,0.47609282,STAR,SDSS_DR18_SPECTROSCOPY,ZWARNING_0_SCIENCEPRIMARY
TRD000734,171.43171,0.43458994,STAR,SDSS_DR18_SPECTROSCOPY,ZWARNING_0_SCIENCEPRIMARY
TRD000735,171.30418,0.73515139,STAR,SDSS_DR18_SPECTROSCOPY,ZWARNING_0_SCIENCEPRIMARY
TRD000736,171.30829,0.7020817,STAR,SDSS_DR18_SPECTROSCOPY,ZWARNING_0_SCIENCEPRIMARY
TRD000737,172.18591,0.8503536,STAR,SDSS_DR18_SPECTROSCOPY,ZWARNING_0_SCIENCEPRIMARY
TRD000738,171.94967,1.1625744,STAR,SDSS_DR18_SPECTROSCOPY,ZWARNING_0_SCIENCEPRIMARY
TRD000739,171.86471,0.60161915,STAR,SDSS_DR18_SPECTROSCOPY,ZWARNING_0_SCIENCEPRIMARY
TRD000740,171.80675,0.62870568,STAR,SDSS_DR18_SPECTROSCOPY,ZWARNING_0_SCIENCEPRIMARY
TRD000741,171.91354,0.43857061,STAR,SDSS_DR18_SPECTROSCOPY,ZWARNING_0_SCIENCEPRIMARY
TRD000742,171.95096,0.42997787,STAR,SDSS_DR18_SPECTROSCOPY,ZWARNING_0_SCIENCEPRIMARY
TRD000743,171.80924,0.20440389,STAR,SDSS_DR18_SPECTROSCOPY,ZWARNING_0_SCIENCEPRIMARY
TRD000744,171.80071,0.2789693,STAR,SDSS_DR18_SPECTROSCOPY,ZWARNING_0_SCIENCEPRIMARY
TRD000745,171.78746,0.19609781,STAR,SDSS_DR18_SPECTROSCOPY,ZWARNING_0_SCIENCEPRIMARY
TRD000746,172.00698,0.67630125,STAR,SDSS_DR18_SPECTROSCOPY,ZWARNING_0_SCIENCEPRIMARY
TRD000747,172.18112,0.60917001,STAR,SDSS_DR18_SPECTROSCOPY,ZWARNING_0_SCIENCEPRIMARY
TRD000748,172.00142,0.52006893,STAR,SDSS_DR18_SPECTROSCOPY,ZWARNING_0_SCIENCEPRIMARY
TRD000749,172.48778,0.22373768,STAR,SDSS_DR18_SPECTROSCOPY,ZWARNING_0_SCIENCEPRIMARY
TRD000750,172.37086,0.43618325,STAR,SDSS_DR18_SPECTROSCOPY,ZWARNING_0_SCIENCEPRIMARY
TRD000751,172.51291,0.24626527,STAR,SDSS_DR18_SPECTROSCOPY,ZWARNING_0_SCIENCEPRIMARY
TRD000752,172.51428,0.8775628,STAR,SDSS_DR18_SPECTROSCOPY,ZWARNING_0_SCIENCEPRIMARY
TRD000753,172.82854,0.62263469,STAR,SDSS_DR18_SPECTROSCOPY,ZWARNING_0_SCIENCEPRIMARY
TRD000754,172.78912,0.44329154,STAR,SDSS_DR18_SPECTROSCOPY,ZWARNING_0_SCIENCEPRIMARY
TRD000755,172.75532,0.5098558,STAR,SDSS_DR18_SPECTROSCOPY,ZWARNING_0_SCIENCEPRIMARY
TRD000756,172.93435,0.52846302,STAR,SDSS_DR18_SPECTROSCOPY,ZWARNING_0_SCIENCEPRIMARY
TRD000757,172.91366,0.58277126,STAR,SDSS_DR18_SPECTROSCOPY,ZWARNING_0_SCIENCEPRIMARY
TRD000758,172.94618,0.47443807,STAR,SDSS_DR18_SPECTROSCOPY,ZWARNING_0_SCIENCEPRIMARY
TRD000759,173.03266,0.31002164,STAR,SDSS_DR18_SPECTROSCOPY,ZWARNING_0_SCIENCEPRIMARY
TRD000760,174.91526,-1.0606176,STAR,SDSS_DR18_SPECTROSCOPY,ZWARNING_0_SCIENCEPRIMARY
TRD000761,174.93012,-1.0520896,STAR,SDSS_DR18_SPECTROSCOPY,ZWARNING_0_SCIENCEPRIMARY
TRD000762,174.83142,-1.141468,STAR,SDSS_DR18_SPECTROSCOPY,ZWARNING_0_SCIENCEPRIMARY
TRD000763,175.0457,-0.77962795,STAR,SDSS_DR18_SPECTROSCOPY,ZWARNING_0_SCIENCEPRIMARY
TRD000764,175.20428,-0.31111777,STAR,SDSS_DR18_SPECTROSCOPY,ZWARNING_0_SCIENCEPRIMARY
TRD000765,174.48584,-0.85752316,STAR,SDSS_DR18_SPECTROSCOPY,ZWARNING_0_SCIENCEPRIMARY
TRD000766,174.51027,-0.95846583,STAR,SDSS_DR18_SPECTROSCOPY,ZWARNING_0_SCIENCEPRIMARY
TRD000767,174.65703,-0.93295187,STAR,SDSS_DR18_SPECTROSCOPY,ZWARNING_0_SCIENCEPRIMARY
TRD000768,174.71543,-0.79545938,STAR,SDSS_DR18_SPECTROSCOPY,ZWARNING_0_SCIENCEPRIMARY
TRD000769,174.6996,-0.25197506,STAR,SDSS_DR18_SPECTROSCOPY,ZWARNING_0_SCIENCEPRIMARY
TRD000770,174.80268,-0.2256127,STAR,SDSS_DR18_SPECTROSCOPY,ZWARNING_0_SCIENCEPRIMARY
TRD000771,174.82183,-0.45617343,STAR,SDSS_DR18_SPECTROSCOPY,ZWARNING_0_SCIENCEPRIMARY
TRD000772,174.16449,-0.95670241,STAR,SDSS_DR18_SPECTROSCOPY,ZWARNING_0_SCIENCEPRIMARY
TRD000773,174.50197,-0.74739454,STAR,SDSS_DR18_SPECTROSCOPY,ZWARNING_0_SCIENCEPRIMARY
TRD000774,174.66953,-0.59216771,STAR,SDSS_DR18_SPECTROSCOPY,ZWARNING_0_SCIENCEPRIMARY
TRD000775,174.65333,-0.084819668,STAR,SDSS_DR18_SPECTROSCOPY,ZWARNING_0_SCIENCEPRIMARY
TRD000776,173.81256,-1.2043947,STAR,SDSS_DR18_SPECTROSCOPY,ZWARNING_0_SCIENCEPRIMARY
TRD000777,173.81738,-1.1816578,STAR,SDSS_DR18_SPECTROSCOPY,ZWARNING_0_SCIENCEPRIMARY
TRD000778,173.93151,-1.091137,STAR,SDSS_DR18_SPECTROSCOPY,ZWARNING_0_SCIENCEPRIMARY
TRD000779,173.94602,-0.57552324,STAR,SDSS_DR18_SPECTROSCOPY,ZWARNING_0_SCIENCEPRIMARY
TRD000780,173.95561,-0.52061418,STAR,SDSS_DR18_SPECTROSCOPY,ZWARNING_0_SCIENCEPRIMARY
TRD000781,173.90419,-0.12331672,STAR,SDSS_DR18_SPECTROSCOPY,ZWARNING_0_SCIENCEPRIMARY
TRD000782,173.58293,-0.67197516,STAR,SDSS_DR18_SPECTROSCOPY,ZWARNING_0_SCIENCEPRIMARY
TRD000783,173.84423,-0.37241049,STAR,SDSS_DR18_SPECTROSCOPY,ZWARNING_0_SCIENCEPRIMARY
TRD000784,173.20078,-1.1322287,STAR,SDSS_DR18_SPECTROSCOPY,ZWARNING_0_SCIENCEPRIMARY
TRD000785,173.15919,-1.1551477,STAR,SDSS_DR18_SPECTROSCOPY,ZWARNING_0_SCIENCEPRIMARY
TRD000786,173.1132,-1.2156011,STAR,SDSS_DR18_SPECTROSCOPY,ZWARNING_0_SCIENCEPRIMARY
TRD000787,173.39853,-1.1702097,STAR,SDSS_DR18_SPECTROSCOPY,ZWARNING_0_SCIENCEPRIMARY
TRD000788,173.59092,-1.2380943,STAR,SDSS_DR18_SPECTROSCOPY,ZWARNING_0_SCIENCEPRIMARY
TRD000789,173.50069,-0.89760542,STAR,SDSS_DR18_SPECTROSCOPY,ZWARNING_0_SCIENCEPRIMARY
TRD000790,173.61697,-0.8694525,STAR,SDSS_DR18_SPECTROSCOPY,ZWARNING_0_SCIENCEPRIMARY
TRD000791,173.2089,-0.95087164,STAR,SDSS_DR18_SPECTROSCOPY,ZWARNING_0_SCIENCEPRIMARY
TRD000792,173.14452,-0.82362788,STAR,SDSS_DR18_SPECTROSCOPY,ZWARNING_0_SCIENCEPRIMARY
TRD000793,173.10879,-1.0903025,STAR,SDSS_DR18_SPECTROSCOPY,ZWARNING_0_SCIENCEPRIMARY
TRD000794,173.37426,-0.73901127,STAR,SDSS_DR18_SPECTROSCOPY,ZWARNING_0_SCIENCEPRIMARY
TRD000795,173.42125,-0.68105641,STAR,SDSS_DR18_SPECTROSCOPY,ZWARNING_0_SCIENCEPRIMARY
TRD000796,173.08665,-1.0578854,STAR,SDSS_DR18_SPECTROSCOPY,ZWARNING_0_SCIENCEPRIMARY
TRD000797,172.87041,-1.1426231,STAR,SDSS_DR18_SPECTROSCOPY,ZWARNING_0_SCIENCEPRIMARY
TRD000798,172.88792,-0.5742668,STAR,SDSS_DR18_SPECTROSCOPY,ZWARNING_0_SCIENCEPRIMARY
TRD000799,173.03588,-0.32948028,STAR,SDSS_DR18_SPECTROSCOPY,ZWARNING_0_SCIENCEPRIMARY
TRD000800,173.15199,-0.66374101,STAR,SDSS_DR18_SPECTROSCOPY,ZWARNING_0_SCIENCEPRIMARY
TRD000801,172.8307,-1.0887835,STAR,SDSS_DR18_SPECTROSCOPY,ZWARNING_0_SCIENCEPRIMARY
TRD000802,172.60964,-1.0540282,STAR,SDSS_DR18_SPECTROSCOPY,ZWARNING_0_SCIENCEPRIMARY
TRD000803,172.83532,-1.2292251,STAR,SDSS_DR18_SPECTROSCOPY,ZWARNING_0_SCIENCEPRIMARY
TRD000804,172.64645,-0.87380351,STAR,SDSS_DR18_SPECTROSCOPY,ZWARNING_0_SCIENCEPRIMARY
TRD000805,172.29197,-0.18633637,STAR,SDSS_DR18_SPECTROSCOPY,ZWARNING_0_SCIENCEPRIMARY
TRD000806,172.62783,-0.70646282,STAR,SDSS_DR18_SPECTROSCOPY,ZWARNING_0_SCIENCEPRIMARY
TRD000807,172.67663,0.75083149,STAR,SDSS_DR18_SPECTROSCOPY,ZWARNING_0_SCIENCEPRIMARY
TRD000808,173.12987,0.81955433,STAR,SDSS_DR18_SPECTROSCOPY,ZWARNING_0_SCIENCEPRIMARY
TRD000809,172.82224,0.89824098,STAR,SDSS_DR18_SPECTROSCOPY,ZWARNING_0_SCIENCEPRIMARY
TRD000810,172.52392,0.18549262,STAR,SDSS_DR18_SPECTROSCOPY,ZWARNING_0_SCIENCEPRIMARY
TRD000811,172.45991,0.5624712,STAR,SDSS_DR18_SPECTROSCOPY,ZWARNING_0_SCIENCEPRIMARY
TRD000812,172.56881,0.61298162,STAR,SDSS_DR18_SPECTROSCOPY,ZWARNING_0_SCIENCEPRIMARY
TRD000813,173.31841,1.1470076,STAR,SDSS_DR18_SPECTROSCOPY,ZWARNING_0_SCIENCEPRIMARY
TRD000814,173.29261,1.0007372,STAR,SDSS_DR18_SPECTROSCOPY,ZWARNING_0_SCIENCEPRIMARY
TRD000815,173.24583,1.0944889,STAR,SDSS_DR18_SPECTROSCOPY,ZWARNING_0_SCIENCEPRIMARY
TRD000816,173.14897,0.51127396,STAR,SDSS_DR18_SPECTROSCOPY,ZWARNING_0_SCIENCEPRIMARY
TRD000817,172.92504,0.57919565,STAR,SDSS_DR18_SPECTROSCOPY,ZWARNING_0_SCIENCEPRIMARY
TRD000818,172.94737,0.47123139,STAR,SDSS_DR18_SPECTROSCOPY,ZWARNING_0_SCIENCEPRIMARY
TRD000819,173.51119,1.1945699,STAR,SDSS_DR18_SPECTROSCOPY,ZWARNING_0_SCIENCEPRIMARY
TRD000820,173.47551,0.3126886,STAR,SDSS_DR18_SPECTROSCOPY,ZWARNING_0_SCIENCEPRIMARY
TRD000821,173.4954,0.52766669,STAR,SDSS_DR18_SPECTROSCOPY,ZWARNING_0_SCIENCEPRIMARY
TRD000822,173.47262,0.33169712,STAR,SDSS_DR18_SPECTROSCOPY,ZWARNING_0_SCIENCEPRIMARY
TRD000823,173.58027,1.2051149,STAR,SDSS_DR18_SPECTROSCOPY,ZWARNING_0_SCIENCEPRIMARY
TRD000824,173.77292,0.20680165,STAR,SDSS_DR18_SPECTROSCOPY,ZWARNING_0_SCIENCEPRIMARY
TRD000825,173.87392,0.21922334,STAR,SDSS_DR18_SPECTROSCOPY,ZWARNING_0_SCIENCEPRIMARY
TRD000826,173.74778,0.41924311,STAR,SDSS_DR18_SPECTROSCOPY,ZWARNING_0_SCIENCEPRIMARY
TRD000827,173.74718,0.01036827,STAR,SDSS_DR18_SPECTROSCOPY,ZWARNING_0_SCIENCEPRIMARY
TRD000828,174.06086,0.20264713,STAR,SDSS_DR18_SPECTROSCOPY,ZWARNING_0_SCIENCEPRIMARY
TRD000829,174.20666,0.74128874,STAR,SDSS_DR18_SPECTROSCOPY,ZWARNING_0_SCIENCEPRIMARY
TRD000830,174.10948,1.0957829,STAR,SDSS_DR18_SPECTROSCOPY,ZWARNING_0_SCIENCEPRIMARY
TRD000831,173.86699,1.1468856,STAR,SDSS_DR18_SPECTROSCOPY,ZWARNING_0_SCIENCEPRIMARY
TRD000832,174.06205,0.8519236,STAR,SDSS_DR18_SPECTROSCOPY,ZWARNING_0_SCIENCEPRIMARY
TRD000833,173.95435,0.81503243,STAR,SDSS_DR18_SPECTROSCOPY,ZWARNING_0_SCIENCEPRIMARY
TRD000834,174.26362,0.40869948,STAR,SDSS_DR18_SPECTROSCOPY,ZWARNING_0_SCIENCEPRIMARY
TRD000835,174.37254,0.58274444,STAR,SDSS_DR18_SPECTROSCOPY,ZWARNING_0_SCIENCEPRIMARY
TRD000836,174.11789,0.39426315,STAR,SDSS_DR18_SPECTROSCOPY,ZWARNING_0_SCIENCEPRIMARY
TRD000837,174.45692,1.0065975,STAR,SDSS_DR18_SPECTROSCOPY,ZWARNING_0_SCIENCEPRIMARY
TRD000838,174.27013,1.2010059,STAR,SDSS_DR18_SPECTROSCOPY,ZWARNING_0_SCIENCEPRIMARY
TRD000839,174.69227,0.047637833,STAR,SDSS_DR18_SPECTROSCOPY,ZWARNING_0_SCIENCEPRIMARY
TRD000840,174.84198,0.01355064,STAR,SDSS_DR18_SPECTROSCOPY,ZWARNING_0_SCIENCEPRIMARY
TRD000841,174.60107,0.0095234523,STAR,SDSS_DR18_SPECTROSCOPY,ZWARNING_0_SCIENCEPRIMARY
TRD000842,174.46825,-0.0086883853,STAR,SDSS_DR18_SPECTROSCOPY,ZWARNING_0_SCIENCEPRIMARY
TRD000843,174.3634,-0.11760234,STAR,SDSS_DR18_SPECTROSCOPY,ZWARNING_0_SCIENCEPRIMARY
TRD000844,174.85758,0.78709324,STAR,SDSS_DR18_SPECTROSCOPY,ZWARNING_0_SCIENCEPRIMARY
TRD000845,174.59121,0.75230685,STAR,SDSS_DR18_SPECTROSCOPY,ZWARNING_0_SCIENCEPRIMARY
TRD000846,174.86565,0.65867211,STAR,SDSS_DR18_SPECTROSCOPY,ZWARNING_0_SCIENCEPRIMARY
TRD000847,174.63341,0.68364709,STAR,SDSS_DR18_SPECTROSCOPY,ZWARNING_0_SCIENCEPRIMARY
TRD000848,174.61938,0.78426497,STAR,SDSS_DR18_SPECTROSCOPY,ZWARNING_0_SCIENCEPRIMARY
TRD000849,174.55904,1.091183,STAR,SDSS_DR18_SPECTROSCOPY,ZWARNING_0_SCIENCEPRIMARY
TRD000850,175.05209,0.06236507,STAR,SDSS_DR18_SPECTROSCOPY,ZWARNING_0_SCIENCEPRIMARY
TRD000851,176.99295,-0.95638328,STAR,SDSS_DR18_SPECTROSCOPY,ZWARNING_0_SCIENCEPRIMARY
TRD000852,176.7642,-0.88209132,STAR,SDSS_DR18_SPECTROSCOPY,ZWARNING_0_SCIENCEPRIMARY
TRD000853,177.20929,-0.81333569,STAR,SDSS_DR18_SPECTROSCOPY,ZWARNING_0_SCIENCEPRIMARY
TRD000854,177.22731,-0.54613218,STAR,SDSS_DR18_SPECTROSCOPY,ZWARNING_0_SCIENCEPRIMARY
TRD000855,176.7329,-0.55441645,STAR,SDSS_DR18_SPECTROSCOPY,ZWARNING_0_SCIENCEPRIMARY
TRD000856,176.83503,-0.4015726,STAR,SDSS_DR18_SPECTROSCOPY,ZWARNING_0_SCIENCEPRIMARY
TRD000857,176.15038,-1.1645593,STAR,SDSS_DR18_SPECTROSCOPY,ZWARNING_0_SCIENCEPRIMARY
TRD000858,176.21405,-1.1747992,STAR,SDSS_DR18_SPECTROSCOPY,ZWARNING_0_SCIENCEPRIMARY
TRD000859,176.15392,-1.0875195,STAR,SDSS_DR18_SPECTROSCOPY,ZWARNING_0_SCIENCEPRIMARY
TRD000860,176.1532,-1.1182507,STAR,SDSS_DR18_SPECTROSCOPY,ZWARNING_0_SCIENCEPRIMARY
TRD000861,176.53637,-0.41087837,STAR,SDSS_DR18_SPECTROSCOPY,ZWARNING_0_SCIENCEPRIMARY
TRD000862,176.60193,-0.47301868,STAR,SDSS_DR18_SPECTROSCOPY,ZWARNING_0_SCIENCEPRIMARY
TRD000863,176.60182,-0.35698493,STAR,SDSS_DR18_SPECTROSCOPY,ZWARNING_0_SCIENCEPRIMARY
TRD000864,175.99974,-0.42444132,STAR,SDSS_DR18_SPECTROSCOPY,ZWARNING_0_SCIENCEPRIMARY
TRD000865,176.10267,-0.78296447,STAR,SDSS_DR18_SPECTROSCOPY,ZWARNING_0_SCIENCEPRIMARY
TRD000866,175.99808,-0.21177983,STAR,SDSS_DR18_SPECTROSCOPY,ZWARNING_0_SCIENCEPRIMARY
TRD000867,176.0862,-0.33273392,STAR,SDSS_DR18_SPECTROSCOPY,ZWARNING_0_SCIENCEPRIMARY
TRD000868,176.23663,-0.2396203,STAR,SDSS_DR18_SPECTROSCOPY,ZWARNING_0_SCIENCEPRIMARY
TRD000869,175.89499,-1.1896091,STAR,SDSS_DR18_SPECTROSCOPY,ZWARNING_0_SCIENCEPRIMARY
TRD000870,175.93159,-0.92997188,STAR,SDSS_DR18_SPECTROSCOPY,ZWARNING_0_SCIENCEPRIMARY
TRD000871,176.08862,-1.210483,STAR,SDSS_DR18_SPECTROSCOPY,ZWARNING_0_SCIENCEPRIMARY
TRD000872,176.07234,-0.87543594,STAR,SDSS_DR18_SPECTROSCOPY,ZWARNING_0_SCIENCEPRIMARY
TRD000873,175.82701,-0.38190932,STAR,SDSS_DR18_SPECTROSCOPY,ZWARNING_0_SCIENCEPRIMARY
TRD000874,175.60434,-1.0018549,STAR,SDSS_DR18_SPECTROSCOPY,ZWARNING_0_SCIENCEPRIMARY
TRD000875,174.87112,-0.53559139,STAR,SDSS_DR18_SPECTROSCOPY,ZWARNING_0_SCIENCEPRIMARY
TRD000876,174.91313,-0.56310215,STAR,SDSS_DR18_SPECTROSCOPY,ZWARNING_0_SCIENCEPRIMARY
TRD000877,175.20846,-0.55944118,STAR,SDSS_DR18_SPECTROSCOPY,ZWARNING_0_SCIENCEPRIMARY
TRD000878,175.21804,0.20237056,STAR,SDSS_DR18_SPECTROSCOPY,ZWARNING_0_SCIENCEPRIMARY
TRD000879,175.10886,0.20518285,STAR,SDSS_DR18_SPECTROSCOPY,ZWARNING_0_SCIENCEPRIMARY
TRD000880,175.35769,1.0845317,STAR,SDSS_DR18_SPECTROSCOPY,ZWARNING_0_SCIENCEPRIMARY
TRD000881,175.50137,0.045548009,STAR,SDSS_DR18_SPECTROSCOPY,ZWARNING_0_SCIENCEPRIMARY
TRD000882,175.51265,0.1416345,STAR,SDSS_DR18_SPECTROSCOPY,ZWARNING_0_SCIENCEPRIMARY
TRD000883,175.58006,-0.15709718,STAR,SDSS_DR18_SPECTROSCOPY,ZWARNING_0_SCIENCEPRIMARY
TRD000884,175.4638,-0.12493058,STAR,SDSS_DR18_SPECTROSCOPY,ZWARNING_0_SCIENCEPRIMARY
TRD000885,175.48734,1.1215044,STAR,SDSS_DR18_SPECTROSCOPY,ZWARNING_0_SCIENCEPRIMARY
TRD000886,175.72873,1.2069196,STAR,SDSS_DR18_SPECTROSCOPY,ZWARNING_0_SCIENCEPRIMARY
TRD000887,175.68683,0.081245297,STAR,SDSS_DR18_SPECTROSCOPY,ZWARNING_0_SCIENCEPRIMARY
TRD000888,175.66645,0.348195,STAR,SDSS_DR18_SPECTROSCOPY,ZWARNING_0_SCIENCEPRIMARY
TRD000889,175.76827,0.1171381,STAR,SDSS_DR18_SPECTROSCOPY,ZWARNING_0_SCIENCEPRIMARY
TRD000890,175.80239,0.1573648,STAR,SDSS_DR18_SPECTROSCOPY,ZWARNING_0_SCIENCEPRIMARY
TRD000891,175.82644,0.1147508,STAR,SDSS_DR18_SPECTROSCOPY,ZWARNING_0_SCIENCEPRIMARY
TRD000892,175.70924,0.24304559,STAR,SDSS_DR18_SPECTROSCOPY,ZWARNING_0_SCIENCEPRIMARY
TRD000893,175.93786,1.0938713,STAR,SDSS_DR18_SPECTROSCOPY,ZWARNING_0_SCIENCEPRIMARY
TRD000894,176.03991,1.1517027,STAR,SDSS_DR18_SPECTROSCOPY,ZWARNING_0_SCIENCEPRIMARY
TRD000895,175.98919,0.6394136,STAR,SDSS_DR18_SPECTROSCOPY,ZWARNING_0_SCIENCEPRIMARY
TRD000896,176.02942,0.64738132,STAR,SDSS_DR18_SPECTROSCOPY,ZWARNING_0_SCIENCEPRIMARY
TRD000897,176.01111,0.63262223,STAR,SDSS_DR18_SPECTROSCOPY,ZWARNING_0_SCIENCEPRIMARY
TRD000898,175.83629,0.22221171,STAR,SDSS_DR18_SPECTROSCOPY,ZWARNING_0_SCIENCEPRIMARY
TRD000899,176.06615,0.18131557,STAR,SDSS_DR18_SPECTROSCOPY,ZWARNING_0_SCIENCEPRIMARY
TRD000900,175.95199,-0.029143045,STAR,SDSS_DR18_SPECTROSCOPY,ZWARNING_0_SCIENCEPRIMARY
TRD000901,176.35166,0.13373293,STAR,SDSS_DR18_SPECTROSCOPY,ZWARNING_0_SCIENCEPRIMARY
TRD000902,176.52244,0.2496237,STAR,SDSS_DR18_SPECTROSCOPY,ZWARNING_0_SCIENCEPRIMARY
TRD000903,176.1264,0.79916872,STAR,SDSS_DR18_SPECTROSCOPY,ZWARNING_0_SCIENCEPRIMARY
TRD000904,176.96554,0.2836625,STAR,SDSS_DR18_SPECTROSCOPY,ZWARNING_0_SCIENCEPRIMARY
TRD000905,176.77707,0.085281325,STAR,SDSS_DR18_SPECTROSCOPY,ZWARNING_0_SCIENCEPRIMARY
TRD000906,176.94823,-0.11893442,STAR,SDSS_DR18_SPECTROSCOPY,ZWARNING_0_SCIENCEPRIMARY
TRD000907,176.86068,0.11953969,STAR,SDSS_DR18_SPECTROSCOPY,ZWARNING_0_SCIENCEPRIMARY
TRD000908,176.72166,1.158921,STAR,SDSS_DR18_SPECTROSCOPY,ZWARNING_0_SCIENCEPRIMARY
TRD000909,176.684,1.1035799,STAR,SDSS_DR18_SPECTROSCOPY,ZWARNING_0_SCIENCEPRIMARY
TRD000910,176.4009,0.94150344,STAR,SDSS_DR18_SPECTROSCOPY,ZWARNING_0_SCIENCEPRIMARY
TRD000911,176.98338,0.72801556,STAR,SDSS_DR18_SPECTROSCOPY,ZWARNING_0_SCIENCEPRIMARY
TRD000912,176.93711,0.81040798,STAR,SDSS_DR18_SPECTROSCOPY,ZWARNING_0_SCIENCEPRIMARY
TRD000913,176.88203,0.62345934,STAR,SDSS_DR18_SPECTROSCOPY,ZWARNING_0_SCIENCEPRIMARY
TRD000914,177.03165,0.70691947,STAR,SDSS_DR18_SPECTROSCOPY,ZWARNING_0_SCIENCEPRIMARY
TRD000915,177.33303,-0.031511308,STAR,SDSS_DR18_SPECTROSCOPY,ZWARNING_0_SCIENCEPRIMARY
TRD000916,177.21143,0.59433044,STAR,SDSS_DR18_SPECTROSCOPY,ZWARNING_0_SCIENCEPRIMARY
TRD000917,179.14645,-0.81350053,STAR,SDSS_DR18_SPECTROSCOPY,ZWARNING_0_SCIENCEPRIMARY
TRD000918,179.13406,-0.56521449,STAR,SDSS_DR18_SPECTROSCOPY,ZWARNING_0_SCIENCEPRIMARY
TRD000919,179.40456,-0.28487593,STAR,SDSS_DR18_SPECTROSCOPY,ZWARNING_0_SCIENCEPRIMARY
TRD000920,179.27807,-0.27215827,STAR,SDSS_DR18_SPECTROSCOPY,ZWARNING_0_SCIENCEPRIMARY
TRD000921,178.97809,-0.21939838,STAR,SDSS_DR18_SPECTROSCOPY,ZWARNING_0_SCIENCEPRIMARY
TRD000922,178.2343,-1.0558518,STAR,SDSS_DR18_SPECTROSCOPY,ZWARNING_0_SCIENCEPRIMARY
TRD000923,178.89331,-0.60052327,STAR,SDSS_DR18_SPECTROSCOPY,ZWARNING_0_SCIENCEPRIMARY
TRD000924,178.03438,-0.95717766,STAR,SDSS_DR18_SPECTROSCOPY,ZWARNING_0_SCIENCEPRIMARY
TRD000925,178.07162,-0.81879699,STAR,SDSS_DR18_SPECTROSCOPY,ZWARNING_0_SCIENCEPRIMARY
TRD000926,178.66856,-0.31619916,STAR,SDSS_DR18_SPECTROSCOPY,ZWARNING_0_SCIENCEPRIMARY
TRD000927,178.65585,-0.28015746,STAR,SDSS_DR18_SPECTROSCOPY,ZWARNING_0_SCIENCEPRIMARY
TRD000928,177.89586,-0.94887295,STAR,SDSS_DR18_SPECTROSCOPY,ZWARNING_0_SCIENCEPRIMARY
TRD000929,177.7774,-0.93275036,STAR,SDSS_DR18_SPECTROSCOPY,ZWARNING_0_SCIENCEPRIMARY
TRD000930,177.47889,-1.2101757,STAR,SDSS_DR18_SPECTROSCOPY,ZWARNING_0_SCIENCEPRIMARY
TRD000931,177.52646,-0.65605553,STAR,SDSS_DR18_SPECTROSCOPY,ZWARNING_0_SCIENCEPRIMARY
TRD000932,176.94133,-0.78391073,STAR,SDSS_DR18_SPECTROSCOPY,ZWARNING_0_SCIENCEPRIMARY
TRD000933,176.86236,-0.78743091,STAR,SDSS_DR18_SPECTROSCOPY,ZWARNING_0_SCIENCEPRIMARY
TRD000934,177.00343,-0.25774205,STAR,SDSS_DR18_SPECTROSCOPY,ZWARNING_0_SCIENCEPRIMARY
TRD000935,177.0167,-0.78169565,STAR,SDSS_DR18_SPECTROSCOPY,ZWARNING_0_SCIENCEPRIMARY
TRD000936,177.24918,1.0829446,STAR,SDSS_DR18_SPECTROSCOPY,ZWARNING_0_SCIENCEPRIMARY
TRD000937,177.13874,0.6144982,STAR,SDSS_DR18_SPECTROSCOPY,ZWARNING_0_SCIENCEPRIMARY
TRD000938,177.47703,0.91717029,STAR,SDSS_DR18_SPECTROSCOPY,ZWARNING_0_SCIENCEPRIMARY
TRD000939,177.86047,0.27049765,STAR,SDSS_DR18_SPECTROSCOPY,ZWARNING_0_SCIENCEPRIMARY
TRD000940,177.71932,1.2332233,STAR,SDSS_DR18_SPECTROSCOPY,ZWARNING_0_SCIENCEPRIMARY
TRD000941,177.98727,-0.12374827,STAR,SDSS_DR18_SPECTROSCOPY,ZWARNING_0_SCIENCEPRIMARY
TRD000942,177.95734,1.030116,STAR,SDSS_DR18_SPECTROSCOPY,ZWARNING_0_SCIENCEPRIMARY
TRD000943,178.15413,0.36162097,STAR,SDSS_DR18_SPECTROSCOPY,ZWARNING_0_SCIENCEPRIMARY
TRD000944,178.06316,0.12584445,STAR,SDSS_DR18_SPECTROSCOPY,ZWARNING_0_SCIENCEPRIMARY
TRD000945,178.49752,0.45459046,STAR,SDSS_DR18_SPECTROSCOPY,ZWARNING_0_SCIENCEPRIMARY
TRD000946,178.48224,0.43626493,STAR,SDSS_DR18_SPECTROSCOPY,ZWARNING_0_SCIENCEPRIMARY
TRD000947,178.363,0.40893978,STAR,SDSS_DR18_SPECTROSCOPY,ZWARNING_0_SCIENCEPRIMARY
TRD000948,178.53292,-0.021876223,STAR,SDSS_DR18_SPECTROSCOPY,ZWARNING_0_SCIENCEPRIMARY
TRD000949,178.67634,0.42060009,STAR,SDSS_DR18_SPECTROSCOPY,ZWARNING_0_SCIENCEPRIMARY
TRD000950,178.6848,0.44416055,STAR,SDSS_DR18_SPECTROSCOPY,ZWARNING_0_SCIENCEPRIMARY
TRD000951,178.53345,0.4346441,STAR,SDSS_DR18_SPECTROSCOPY,ZWARNING_0_SCIENCEPRIMARY
TRD000952,178.2111,1.102687,STAR,SDSS_DR18_SPECTROSCOPY,ZWARNING_0_SCIENCEPRIMARY
TRD000953,178.24933,0.98424094,STAR,SDSS_DR18_SPECTROSCOPY,ZWARNING_0_SCIENCEPRIMARY
TRD000954,178.82984,0.11983821,STAR,SDSS_DR18_SPECTROSCOPY,ZWARNING_0_SCIENCEPRIMARY
TRD000955,178.50273,0.97134068,STAR,SDSS_DR18_SPECTROSCOPY,ZWARNING_0_SCIENCEPRIMARY
TRD000956,178.54609,0.58636237,STAR,SDSS_DR18_SPECTROSCOPY,ZWARNING_0_SCIENCEPRIMARY
TRD000957,178.7101,0.92624083,STAR,SDSS_DR18_SPECTROSCOPY,ZWARNING_0_SCIENCEPRIMARY
TRD000958,180.82568,-0.76183128,STAR,SDSS_DR18_SPECTROSCOPY,ZWARNING_0_SCIENCEPRIMARY
TRD000959,180.4777,-0.69478968,STAR,SDSS_DR18_SPECTROSCOPY,ZWARNING_0_SCIENCEPRIMARY
TRD000960,179.80827,-1.0584943,STAR,SDSS_DR18_SPECTROSCOPY,ZWARNING_0_SCIENCEPRIMARY
TRD000961,179.78504,-1.144067,STAR,SDSS_DR18_SPECTROSCOPY,ZWARNING_0_SCIENCEPRIMARY
TRD000962,179.89125,-1.0358333,STAR,SDSS_DR18_SPECTROSCOPY,ZWARNING_0_SCIENCEPRIMARY
TRD000963,179.58112,-1.0697558,STAR,SDSS_DR18_SPECTROSCOPY,ZWARNING_0_SCIENCEPRIMARY
TRD000964,179.68465,-0.9934841,STAR,SDSS_DR18_SPECTROSCOPY,ZWARNING_0_SCIENCEPRIMARY
TRD000965,179.91252,-0.39861933,STAR,SDSS_DR18_SPECTROSCOPY,ZWARNING_0_SCIENCEPRIMARY
TRD000966,179.6813,-0.11182124,STAR,SDSS_DR18_SPECTROSCOPY,ZWARNING_0_SCIENCEPRIMARY
TRD000967,179.18272,-1.1438425,STAR,SDSS_DR18_SPECTROSCOPY,ZWARNING_0_SCIENCEPRIMARY
TRD000968,179.19199,-1.0921583,STAR,SDSS_DR18_SPECTROSCOPY,ZWARNING_0_SCIENCEPRIMARY
TRD000969,179.25713,-1.256554,STAR,SDSS_DR18_SPECTROSCOPY,ZWARNING_0_SCIENCEPRIMARY
TRD000970,179.20176,-1.2104338,STAR,SDSS_DR18_SPECTROSCOPY,ZWARNING_0_SCIENCEPRIMARY
TRD000971,179.25861,-1.1233247,STAR,SDSS_DR18_SPECTROSCOPY,ZWARNING_0_SCIENCEPRIMARY
TRD000972,179.26808,-1.2288943,STAR,SDSS_DR18_SPECTROSCOPY,ZWARNING_0_SCIENCEPRIMARY
TRD000973,179.24953,-1.0792869,STAR,SDSS_DR18_SPECTROSCOPY,ZWARNING_0_SCIENCEPRIMARY
TRD000974,179.2149,-1.1159868,STAR,SDSS_DR18_SPECTROSCOPY,ZWARNING_0_SCIENCEPRIMARY
TRD000975,179.48483,-0.67160503,STAR,SDSS_DR18_SPECTROSCOPY,ZWARNING_0_SCIENCEPRIMARY
TRD000976,179.37346,-0.29715926,STAR,SDSS_DR18_SPECTROSCOPY,ZWARNING_0_SCIENCEPRIMARY
TRD000977,178.69082,-1.20959,STAR,SDSS_DR18_SPECTROSCOPY,ZWARNING_0_SCIENCEPRIMARY
TRD000978,179.11543,-1.1497082,STAR,SDSS_DR18_SPECTROSCOPY,ZWARNING_0_SCIENCEPRIMARY
TRD000979,179.12244,-1.1151116,STAR,SDSS_DR18_SPECTROSCOPY,ZWARNING_0_SCIENCEPRIMARY
TRD000980,179.11724,-1.2181552,STAR,SDSS_DR18_SPECTROSCOPY,ZWARNING_0_SCIENCEPRIMARY
TRD000981,179.1643,-1.1768044,STAR,SDSS_DR18_SPECTROSCOPY,ZWARNING_0_SCIENCEPRIMARY
TRD000982,178.83801,-1.2584926,STAR,SDSS_DR18_SPECTROSCOPY,ZWARNING_0_SCIENCEPRIMARY
TRD000983,179.1134,-1.0628748,STAR,SDSS_DR18_SPECTROSCOPY,ZWARNING_0_SCIENCEPRIMARY
TRD000984,178.75456,-0.31557338,STAR,SDSS_DR18_SPECTROSCOPY,ZWARNING_0_SCIENCEPRIMARY
TRD000985,178.77935,-0.40560845,STAR,SDSS_DR18_SPECTROSCOPY,ZWARNING_0_SCIENCEPRIMARY
TRD000986,178.39117,-0.11127581,STAR,SDSS_DR18_SPECTROSCOPY,ZWARNING_0_SCIENCEPRIMARY
TRD000987,178.52602,-0.17167647,STAR,SDSS_DR18_SPECTROSCOPY,ZWARNING_0_SCIENCEPRIMARY
TRD000988,179.0168,-0.1132085,STAR,SDSS_DR18_SPECTROSCOPY,ZWARNING_0_SCIENCEPRIMARY
TRD000989,179.21812,1.0665142,STAR,SDSS_DR18_SPECTROSCOPY,ZWARNING_0_SCIENCEPRIMARY
TRD000990,179.11916,1.2066656,STAR,SDSS_DR18_SPECTROSCOPY,ZWARNING_0_SCIENCEPRIMARY
TRD000991,179.11676,1.0367662,STAR,SDSS_DR18_SPECTROSCOPY,ZWARNING_0_SCIENCEPRIMARY
TRD000992,178.8409,0.9471342,STAR,SDSS_DR18_SPECTROSCOPY,ZWARNING_0_SCIENCEPRIMARY
TRD000993,178.89394,-0.01793703,STAR,SDSS_DR18_SPECTROSCOPY,ZWARNING_0_SCIENCEPRIMARY
TRD000994,178.35175,0.12213087,STAR,SDSS_DR18_SPECTROSCOPY,ZWARNING_0_SCIENCEPRIMARY
TRD000995,178.4445,0.14941846,STAR,SDSS_DR18_SPECTROSCOPY,ZWARNING_0_SCIENCEPRIMARY
TRD000996,178.5381,0.14704319,STAR,SDSS_DR18_SPECTROSCOPY,ZWARNING_0_SCIENCEPRIMARY
TRD000997,179.31456,1.0613902,STAR,SDSS_DR18_SPECTROSCOPY,ZWARNING_0_SCIENCEPRIMARY
TRD000998,179.43637,0.73395546,STAR,SDSS_DR18_SPECTROSCOPY,ZWARNING_0_SCIENCEPRIMARY
TRD000999,179.26682,0.10892438,STAR,SDSS_DR18_SPECTROSCOPY,ZWARNING_0_SCIENCEPRIMARY
TRD001000,179.70276,1.0461396,STAR,SDSS_DR18_SPECTROSCOPY,ZWARNING_0_SCIENCEPRIMARY
TRD001001,146.71421,-1.0413043,GALAXY,SDSS_DR18_SPECTROSCOPY,ZWARNING_0_SCIENCEPRIMARY
TRD001002,146.74413,-0.65219064,GALAXY,SDSS_DR18_SPECTROSCOPY,ZWARNING_0_SCIENCEPRIMARY
TRD001003,146.62857,-0.76513683,GALAXY,SDSS_DR18_SPECTROSCOPY,ZWARNING_0_SCIENCEPRIMARY
TRD001004,146.63167,-0.98827781,GALAXY,SDSS_DR18_SPECTROSCOPY,ZWARNING_0_SCIENCEPRIMARY
TRD001005,146.91945,-0.99049175,GALAXY,SDSS_DR18_SPECTROSCOPY,ZWARNING_0_SCIENCEPRIMARY
TRD001006,146.76339,-0.81043316,GALAXY,SDSS_DR18_SPECTROSCOPY,ZWARNING_0_SCIENCEPRIMARY
TRD001007,146.62282,-0.95138526,GALAXY,SDSS_DR18_SPECTROSCOPY,ZWARNING_0_SCIENCEPRIMARY
TRD001008,146.9341,-0.67040397,GALAXY,SDSS_DR18_SPECTROSCOPY,ZWARNING_0_SCIENCEPRIMARY
TRD001009,146.9635,-0.75935173,GALAXY,SDSS_DR18_SPECTROSCOPY,ZWARNING_0_SCIENCEPRIMARY
TRD001010,146.85983,-0.80890165,GALAXY,SDSS_DR18_SPECTROSCOPY,ZWARNING_0_SCIENCEPRIMARY
TRD001011,146.59272,-0.76025604,GALAXY,SDSS_DR18_SPECTROSCOPY,ZWARNING_0_SCIENCEPRIMARY
TRD001012,146.8577,-0.66285236,GALAXY,SDSS_DR18_SPECTROSCOPY,ZWARNING_0_SCIENCEPRIMARY
TRD001013,146.72794,-0.55687994,GALAXY,SDSS_DR18_SPECTROSCOPY,ZWARNING_0_SCIENCEPRIMARY
TRD001014,146.60721,-1.240753,GALAXY,SDSS_DR18_SPECTROSCOPY,ZWARNING_0_SCIENCEPRIMARY
TRD001015,147.18679,-0.49381256,GALAXY,SDSS_DR18_SPECTROSCOPY,ZWARNING_0_SCIENCEPRIMARY
TRD001016,147.02336,-0.16009352,GALAXY,SDSS_DR18_SPECTROSCOPY,ZWARNING_0_SCIENCEPRIMARY
TRD001017,146.95607,-0.34230044,GALAXY,SDSS_DR18_SPECTROSCOPY,ZWARNING_0_SCIENCEPRIMARY
TRD001018,147.17639,-0.35405684,GALAXY,SDSS_DR18_SPECTROSCOPY,ZWARNING_0_SCIENCEPRIMARY
TRD001019,147.11461,-0.16521837,GALAXY,SDSS_DR18_SPECTROSCOPY,ZWARNING_0_SCIENCEPRIMARY
TRD001020,147.22569,-0.29262062,GALAXY,SDSS_DR18_SPECTROSCOPY,ZWARNING_0_SCIENCEPRIMARY
TRD001021,147.24805,-0.035723556,GALAXY,SDSS_DR18_SPECTROSCOPY,ZWARNING_0_SCIENCEPRIMARY
TRD001022,146.92403,-0.10514302,GALAXY,SDSS_DR18_SPECTROSCOPY,ZWARNING_0_SCIENCEPRIMARY
TRD001023,146.9201,-0.30646208,GALAXY,SDSS_DR18_SPECTROSCOPY,ZWARNING_0_SCIENCEPRIMARY
TRD001024,147.32951,0.028902695,GALAXY,SDSS_DR18_SPECTROSCOPY,ZWARNING_0_SCIENCEPRIMARY
TRD001025,147.08969,-0.26650926,GALAXY,SDSS_DR18_SPECTROSCOPY,ZWARNING_0_SCIENCEPRIMARY
TRD001026,146.57134,-0.95721148,GALAXY,SDSS_DR18_SPECTROSCOPY,ZWARNING_0_SCIENCEPRIMARY
TRD001027,146.56561,-1.0847419,GALAXY,SDSS_DR18_SPECTROSCOPY,ZWARNING_0_SCIENCEPRIMARY
TRD001028,146.30548,-1.1305512,GALAXY,SDSS_DR18_SPECTROSCOPY,ZWARNING_0_SCIENCEPRIMARY
TRD001029,146.36033,-0.81665691,GALAXY,SDSS_DR18_SPECTROSCOPY,ZWARNING_0_SCIENCEPRIMARY
TRD001030,146.43281,-0.98737835,GALAXY,SDSS_DR18_SPECTROSCOPY,ZWARNING_0_SCIENCEPRIMARY
TRD001031,146.9639,-0.54500256,GALAXY,SDSS_DR18_SPECTROSCOPY,ZWARNING_0_SCIENCEPRIMARY
TRD001032,146.94999,-0.59220225,GALAXY,SDSS_DR18_SPECTROSCOPY,ZWARNING_0_SCIENCEPRIMARY
TRD001033,146.32349,-1.1808359,GALAXY,SDSS_DR18_SPECTROSCOPY,ZWARNING_0_SCIENCEPRIMARY
TRD001034,146.51283,-0.84576492,GALAXY,SDSS_DR18_SPECTROSCOPY,ZWARNING_0_SCIENCEPRIMARY
TRD001035,146.31179,-0.81320921,GALAXY,SDSS_DR18_SPECTROSCOPY,ZWARNING_0_SCIENCEPRIMARY
TRD001036,146.44831,-0.71339967,GALAXY,SDSS_DR18_SPECTROSCOPY,ZWARNING_0_SCIENCEPRIMARY
TRD001037,146.57273,-1.0608357,GALAXY,SDSS_DR18_SPECTROSCOPY,ZWARNING_0_SCIENCEPRIMARY
TRD001038,146.27838,-0.6115498,GALAXY,SDSS_DR18_SPECTROSCOPY,ZWARNING_0_SCIENCEPRIMARY
TRD001039,146.36894,-0.66824731,GALAXY,SDSS_DR18_SPECTROSCOPY,ZWARNING_0_SCIENCEPRIMARY
TRD001040,146.85757,-0.21877608,GALAXY,SDSS_DR18_SPECTROSCOPY,ZWARNING_0_SCIENCEPRIMARY
TRD001041,146.90125,-0.4131573,GALAXY,SDSS_DR18_SPECTROSCOPY,ZWARNING_0_SCIENCEPRIMARY
TRD001042,146.84292,-0.39093546,GALAXY,SDSS_DR18_SPECTROSCOPY,ZWARNING_0_SCIENCEPRIMARY
TRD001043,146.86816,-0.48679252,GALAXY,SDSS_DR18_SPECTROSCOPY,ZWARNING_0_SCIENCEPRIMARY
TRD001044,146.86432,-0.46407191,GALAXY,SDSS_DR18_SPECTROSCOPY,ZWARNING_0_SCIENCEPRIMARY
TRD001045,146.89158,-0.51266153,GALAXY,SDSS_DR18_SPECTROSCOPY,ZWARNING_0_SCIENCEPRIMARY
TRD001046,146.8833,-0.49469887,GALAXY,SDSS_DR18_SPECTROSCOPY,ZWARNING_0_SCIENCEPRIMARY
TRD001047,146.85967,-0.098938627,GALAXY,SDSS_DR18_SPECTROSCOPY,ZWARNING_0_SCIENCEPRIMARY
TRD001048,146.85676,-0.27404021,GALAXY,SDSS_DR18_SPECTROSCOPY,ZWARNING_0_SCIENCEPRIMARY
TRD001049,146.76078,0.015978141,GALAXY,SDSS_DR18_SPECTROSCOPY,ZWARNING_0_SCIENCEPRIMARY
TRD001050,146.90232,-0.31366176,GALAXY,SDSS_DR18_SPECTROSCOPY,ZWARNING_0_SCIENCEPRIMARY
TRD001051,146.77711,-0.24198689,GALAXY,SDSS_DR18_SPECTROSCOPY,ZWARNING_0_SCIENCEPRIMARY
TRD001052,146.89733,-0.18636779,GALAXY,SDSS_DR18_SPECTROSCOPY,ZWARNING_0_SCIENCEPRIMARY
TRD001053,146.80914,0.026384187,GALAXY,SDSS_DR18_SPECTROSCOPY,ZWARNING_0_SCIENCEPRIMARY
TRD001054,146.75599,-0.16821182,GALAXY,SDSS_DR18_SPECTROSCOPY,ZWARNING_0_SCIENCEPRIMARY
TRD001055,146.81199,-0.19004646,GALAXY,SDSS_DR18_SPECTROSCOPY,ZWARNING_0_SCIENCEPRIMARY
TRD001056,146.11835,-0.8681462,GALAXY,SDSS_DR18_SPECTROSCOPY,ZWARNING_0_SCIENCEPRIMARY
TRD001057,146.09369,-0.79308773,GALAXY,SDSS_DR18_SPECTROSCOPY,ZWARNING_0_SCIENCEPRIMARY
TRD001058,146.09344,-1.0081668,GALAXY,SDSS_DR18_SPECTROSCOPY,ZWARNING_0_SCIENCEPRIMARY
TRD001059,146.23657,-1.1192325,GALAXY,SDSS_DR18_SPECTROSCOPY,ZWARNING_0_SCIENCEPRIMARY
TRD001060,146.12796,-1.1897714,GALAXY,SDSS_DR18_SPECTROSCOPY,ZWARNING_0_SCIENCEPRIMARY
TRD001061,146.23485,-1.1527694,GALAXY,SDSS_DR18_SPECTROSCOPY,ZWARNING_0_SCIENCEPRIMARY
TRD001062,146.07916,-1.1580268,GALAXY,SDSS_DR18_SPECTROSCOPY,ZWARNING_0_SCIENCEPRIMARY
TRD001063,146.14358,-0.74164105,GALAXY,SDSS_DR18_SPECTROSCOPY,ZWARNING_0_SCIENCEPRIMARY
TRD001064,146.01189,-0.97522919,GALAXY,SDSS_DR18_SPECTROSCOPY,ZWARNING_0_SCIENCEPRIMARY
TRD001065,146.24259,-0.76261796,GALAXY,SDSS_DR18_SPECTROSCOPY,ZWARNING_0_SCIENCEPRIMARY
TRD001066,146.07944,-0.68096046,GALAXY,SDSS_DR18_SPECTROSCOPY,ZWARNING_0_SCIENCEPRIMARY
TRD001067,146.26033,-0.94079185,GALAXY,SDSS_DR18_SPECTROSCOPY,ZWARNING_0_SCIENCEPRIMARY
TRD001068,146.13557,-0.68219057,GALAXY,SDSS_DR18_SPECTROSCOPY,ZWARNING_0_SCIENCEPRIMARY
TRD001069,146.19262,-0.68840099,GALAXY,SDSS_DR18_SPECTROSCOPY,ZWARNING_0_SCIENCEPRIMARY
TRD001070,146.57562,-0.29127367,GALAXY,SDSS_DR18_SPECTROSCOPY,ZWARNING_0_SCIENCEPRIMARY
TRD001071,146.59449,-0.13317431,GALAXY,SDSS_DR18_SPECTROSCOPY,ZWARNING_0_SCIENCEPRIMARY
TRD001072,146.74174,-0.52469154,GALAXY,SDSS_DR18_SPECTROSCOPY,ZWARNING_0_SCIENCEPRIMARY
TRD001073,146.61904,-0.43432227,GALAXY,SDSS_DR18_SPECTROSCOPY,ZWARNING_0_SCIENCEPRIMARY
TRD001074,146.62966,-0.46568888,GALAXY,SDSS_DR18_SPECTROSCOPY,ZWARNING_0_SCIENCEPRIMARY
TRD001075,146.49052,-0.36931044,GALAXY,SDSS_DR18_SPECTROSCOPY,ZWARNING_0_SCIENCEPRIMARY
TRD001076,146.7517,-0.40839151,GALAXY,SDSS_DR18_SPECTROSCOPY,ZWARNING_0_SCIENCEPRIMARY
TRD001077,146.69572,-0.28693372,GALAXY,SDSS_DR18_SPECTROSCOPY,ZWARNING_0_SCIENCEPRIMARY
TRD001078,146.64357,-0.33134525,GALAXY,SDSS_DR18_SPECTROSCOPY,ZWARNING_0_SCIENCEPRIMARY
TRD001079,146.60365,-0.19149282,GALAXY,SDSS_DR18_SPECTROSCOPY,ZWARNING_0_SCIENCEPRIMARY
TRD001080,146.63068,0.070984066,GALAXY,SDSS_DR18_SPECTROSCOPY,ZWARNING_0_SCIENCEPRIMARY
TRD001081,146.60806,0.047679187,GALAXY,SDSS_DR18_SPECTROSCOPY,ZWARNING_0_SCIENCEPRIMARY
TRD001082,146.60631,-0.21322083,GALAXY,SDSS_DR18_SPECTROSCOPY,ZWARNING_0_SCIENCEPRIMARY
TRD001083,146.72901,0.026971893,GALAXY,SDSS_DR18_SPECTROSCOPY,ZWARNING_0_SCIENCEPRIMARY
TRD001084,146.74794,-0.2682818,GALAXY,SDSS_DR18_SPECTROSCOPY,ZWARNING_0_SCIENCEPRIMARY
TRD001085,146.63489,-0.19229113,GALAXY,SDSS_DR18_SPECTROSCOPY,ZWARNING_0_SCIENCEPRIMARY
TRD001086,146.73712,-0.2521827,GALAXY,SDSS_DR18_SPECTROSCOPY,ZWARNING_0_SCIENCEPRIMARY
TRD001087,146.66136,-0.1033698,GALAXY,SDSS_DR18_SPECTROSCOPY,ZWARNING_0_SCIENCEPRIMARY
TRD001088,145.96877,-1.0577835,GALAXY,SDSS_DR18_SPECTROSCOPY,ZWARNING_0_SCIENCEPRIMARY
TRD001089,145.84664,-1.1867962,GALAXY,SDSS_DR18_SPECTROSCOPY,ZWARNING_0_SCIENCEPRIMARY
TRD001090,145.80475,-1.184054,GALAXY,SDSS_DR18_SPECTROSCOPY,ZWARNING_0_SCIENCEPRIMARY
TRD001091,145.89059,-1.0976161,GALAXY,SDSS_DR18_SPECTROSCOPY,ZWARNING_0_SCIENCEPRIMARY
TRD001092,145.81811,-0.87895114,GALAXY,SDSS_DR18_SPECTROSCOPY,ZWARNING_0_SCIENCEPRIMARY
TRD001093,145.93788,-0.73396501,GALAXY,SDSS_DR18_SPECTROSCOPY,ZWARNING_0_SCIENCEPRIMARY
TRD001094,145.89232,-1.0226363,GALAXY,SDSS_DR18_SPECTROSCOPY,ZWARNING_0_SCIENCEPRIMARY
TRD001095,145.91067,-0.66994126,GALAXY,SDSS_DR18_SPECTROSCOPY,ZWARNING_0_SCIENCEPRIMARY
TRD001096,145.85318,-0.99705018,GALAXY,SDSS_DR18_SPECTROSCOPY,ZWARNING_0_SCIENCEPRIMARY
TRD001097,145.80638,-0.54706451,GALAXY,SDSS_DR18_SPECTROSCOPY,ZWARNING_0_SCIENCEPRIMARY
TRD001098,145.82165,-0.84656746,GALAXY,SDSS_DR18_SPECTROSCOPY,ZWARNING_0_SCIENCEPRIMARY
TRD001099,145.87447,-0.60874859,GALAXY,SDSS_DR18_SPECTROSCOPY,ZWARNING_0_SCIENCEPRIMARY
TRD001100,145.98911,-0.61503643,GALAXY,SDSS_DR18_SPECTROSCOPY,ZWARNING_0_SCIENCEPRIMARY
TRD001101,146.37378,-0.36838682,GALAXY,SDSS_DR18_SPECTROSCOPY,ZWARNING_0_SCIENCEPRIMARY
TRD001102,146.38135,-0.38646442,GALAXY,SDSS_DR18_SPECTROSCOPY,ZWARNING_0_SCIENCEPRIMARY
TRD001103,146.46892,-0.092843508,GALAXY,SDSS_DR18_SPECTROSCOPY,ZWARNING_0_SCIENCEPRIMARY
TRD001104,146.35579,-0.14338836,GALAXY,SDSS_DR18_SPECTROSCOPY,ZWARNING_0_SCIENCEPRIMARY
TRD001105,146.47181,-0.32044988,GALAXY,SDSS_DR18_SPECTROSCOPY,ZWARNING_0_SCIENCEPRIMARY
TRD001106,146.35204,-0.33269118,GALAXY,SDSS_DR18_SPECTROSCOPY,ZWARNING_0_SCIENCEPRIMARY
TRD001107,146.29988,-0.12001413,GALAXY,SDSS_DR18_SPECTROSCOPY,ZWARNING_0_SCIENCEPRIMARY
TRD001108,146.43376,-0.10567172,GALAXY,SDSS_DR18_SPECTROSCOPY,ZWARNING_0_SCIENCEPRIMARY
TRD001109,146.36539,-0.34351527,GALAXY,SDSS_DR18_SPECTROSCOPY,ZWARNING_0_SCIENCEPRIMARY
TRD001110,146.477,0.07743098,GALAXY,SDSS_DR18_SPECTROSCOPY,ZWARNING_0_SCIENCEPRIMARY
TRD001111,146.39902,-0.35038267,GALAXY,SDSS_DR18_SPECTROSCOPY,ZWARNING_0_SCIENCEPRIMARY
TRD001112,146.32316,-0.029989881,GALAXY,SDSS_DR18_SPECTROSCOPY,ZWARNING_0_SCIENCEPRIMARY
TRD001113,146.36979,0.082264176,GALAXY,SDSS_DR18_SPECTROSCOPY,ZWARNING_0_SCIENCEPRIMARY
TRD001114,146.30086,0.035479627,GALAXY,SDSS_DR18_SPECTROSCOPY,ZWARNING_0_SCIENCEPRIMARY
TRD001115,146.32958,-0.30622363,GALAXY,SDSS_DR18_SPECTROSCOPY,ZWARNING_0_SCIENCEPRIMARY
TRD001116,146.39968,0.032246051,GALAXY,SDSS_DR18_SPECTROSCOPY,ZWARNING_0_SCIENCEPRIMARY
TRD001117,146.34706,0.075416437,GALAXY,SDSS_DR18_SPECTROSCOPY,ZWARNING_0_SCIENCEPRIMARY
TRD001118,146.05733,-0.097030167,GALAXY,SDSS_DR18_SPECTROSCOPY,ZWARNING_0_SCIENCEPRIMARY
TRD001119,146.23462,-0.40626115,GALAXY,SDSS_DR18_SPECTROSCOPY,ZWARNING_0_SCIENCEPRIMARY
TRD001120,146.10554,-0.28541597,GALAXY,SDSS_DR18_SPECTROSCOPY,ZWARNING_0_SCIENCEPRIMARY
TRD001121,146.19333,-0.038867315,GALAXY,SDSS_DR18_SPECTROSCOPY,ZWARNING_0_SCIENCEPRIMARY
TRD001122,146.2278,0.043565824,GALAXY,SDSS_DR18_SPECTROSCOPY,ZWARNING_0_SCIENCEPRIMARY
TRD001123,146.22225,-0.3758881,GALAXY,SDSS_DR18_SPECTROSCOPY,ZWARNING_0_SCIENCEPRIMARY
TRD001124,146.28017,-0.40694922,GALAXY,SDSS_DR18_SPECTROSCOPY,ZWARNING_0_SCIENCEPRIMARY
TRD001125,146.19248,-0.50827897,GALAXY,SDSS_DR18_SPECTROSCOPY,ZWARNING_0_SCIENCEPRIMARY
TRD001126,146.16234,-0.022424349,GALAXY,SDSS_DR18_SPECTROSCOPY,ZWARNING_0_SCIENCEPRIMARY
TRD001127,146.28301,0.064056069,GALAXY,SDSS_DR18_SPECTROSCOPY,ZWARNING_0_SCIENCEPRIMARY
TRD001128,146.23184,0.068229156,GALAXY,SDSS_DR18_SPECTROSCOPY,ZWARNING_0_SCIENCEPRIMARY
TRD001129,146.02339,0.021997188,GALAXY,SDSS_DR18_SPECTROSCOPY,ZWARNING_0_SCIENCEPRIMARY
TRD001130,145.97523,0.10664574,GALAXY,SDSS_DR18_SPECTROSCOPY,ZWARNING_0_SCIENCEPRIMARY
TRD001131,146.16563,-0.064166288,GALAXY,SDSS_DR18_SPECTROSCOPY,ZWARNING_0_SCIENCEPRIMARY
TRD001132,146.06648,-0.00089458762,GALAXY,SDSS_DR18_SPECTROSCOPY,ZWARNING_0_SCIENCEPRIMARY
TRD001133,145.98758,-0.34255457,GALAXY,SDSS_DR18_SPECTROSCOPY,ZWARNING_0_SCIENCEPRIMARY
TRD001134,145.99396,-0.13584762,GALAXY,SDSS_DR18_SPECTROSCOPY,ZWARNING_0_SCIENCEPRIMARY
TRD001135,145.90594,-0.36835753,GALAXY,SDSS_DR18_SPECTROSCOPY,ZWARNING_0_SCIENCEPRIMARY
TRD001136,145.93037,-0.060302718,GALAXY,SDSS_DR18_SPECTROSCOPY,ZWARNING_0_SCIENCEPRIMARY
TRD001137,145.82519,0.043159343,GALAXY,SDSS_DR18_SPECTROSCOPY,ZWARNING_0_SCIENCEPRIMARY
TRD001138,145.8765,-0.010999021,GALAXY,SDSS_DR18_SPECTROSCOPY,ZWARNING_0_SCIENCEPRIMARY
TRD001139,145.89112,-0.46704537,GALAXY,SDSS_DR18_SPECTROSCOPY,ZWARNING_0_SCIENCEPRIMARY
TRD001140,145.89245,-0.33629819,GALAXY,SDSS_DR18_SPECTROSCOPY,ZWARNING_0_SCIENCEPRIMARY
TRD001141,145.8774,-0.050187511,GALAXY,SDSS_DR18_SPECTROSCOPY,ZWARNING_0_SCIENCEPRIMARY
TRD001142,145.95019,0.072020428,GALAXY,SDSS_DR18_SPECTROSCOPY,ZWARNING_0_SCIENCEPRIMARY
TRD001143,145.86533,0.089624319,GALAXY,SDSS_DR18_SPECTROSCOPY,ZWARNING_0_SCIENCEPRIMARY
TRD001144,145.83689,0.0028933788,GALAXY,SDSS_DR18_SPECTROSCOPY,ZWARNING_0_SCIENCEPRIMARY
TRD001145,145.81742,-0.094309636,GALAXY,SDSS_DR18_SPECTROSCOPY,ZWARNING_0_SCIENCEPRIMARY
TRD001146,145.84425,0.030685407,GALAXY,SDSS_DR18_SPECTROSCOPY,ZWARNING_0_SCIENCEPRIMARY
TRD001147,145.86564,0.05618939,GALAXY,SDSS_DR18_SPECTROSCOPY,ZWARNING_0_SCIENCEPRIMARY
TRD001148,145.84849,0.051299053,GALAXY,SDSS_DR18_SPECTROSCOPY,ZWARNING_0_SCIENCEPRIMARY
TRD001149,145.82273,-0.16028957,GALAXY,SDSS_DR18_SPECTROSCOPY,ZWARNING_0_SCIENCEPRIMARY
TRD001150,145.8013,-1.0741946,GALAXY,SDSS_DR18_SPECTROSCOPY,ZWARNING_0_SCIENCEPRIMARY
TRD001151,145.68613,-1.2440377,GALAXY,SDSS_DR18_SPECTROSCOPY,ZWARNING_0_SCIENCEPRIMARY
TRD001152,145.63394,-1.0506031,GALAXY,SDSS_DR18_SPECTROSCOPY,ZWARNING_0_SCIENCEPRIMARY
TRD001153,145.67849,-0.79140064,GALAXY,SDSS_DR18_SPECTROSCOPY,ZWARNING_0_SCIENCEPRIMARY
TRD001154,145.76792,-1.074726,GALAXY,SDSS_DR18_SPECTROSCOPY,ZWARNING_0_SCIENCEPRIMARY
TRD001155,145.61886,-0.97268613,GALAXY,SDSS_DR18_SPECTROSCOPY,ZWARNING_0_SCIENCEPRIMARY
TRD001156,145.68114,-0.86722346,GALAXY,SDSS_DR18_SPECTROSCOPY,ZWARNING_0_SCIENCEPRIMARY
TRD001157,145.59655,-1.2053233,GALAXY,SDSS_DR18_SPECTROSCOPY,ZWARNING_0_SCIENCEPRIMARY
TRD001158,145.61421,-0.86576193,GALAXY,SDSS_DR18_SPECTROSCOPY,ZWARNING_0_SCIENCEPRIMARY
TRD001159,145.75413,-0.75339419,GALAXY,SDSS_DR18_SPECTROSCOPY,ZWARNING_0_SCIENCEPRIMARY
TRD001160,145.5822,-0.89274307,GALAXY,SDSS_DR18_SPECTROSCOPY,ZWARNING_0_SCIENCEPRIMARY
TRD001161,145.64525,-0.81551887,GALAXY,SDSS_DR18_SPECTROSCOPY,ZWARNING_0_SCIENCEPRIMARY
TRD001162,145.64788,-0.77176336,GALAXY,SDSS_DR18_SPECTROSCOPY,ZWARNING_0_SCIENCEPRIMARY
TRD001163,145.75973,-0.81389214,GALAXY,SDSS_DR18_SPECTROSCOPY,ZWARNING_0_SCIENCEPRIMARY
TRD001164,145.70894,-0.74767797,GALAXY,SDSS_DR18_SPECTROSCOPY,ZWARNING_0_SCIENCEPRIMARY
TRD001165,145.78109,-0.60534054,GALAXY,SDSS_DR18_SPECTROSCOPY,ZWARNING_0_SCIENCEPRIMARY
TRD001166,145.70728,-0.67774657,GALAXY,SDSS_DR18_SPECTROSCOPY,ZWARNING_0_SCIENCEPRIMARY
TRD001167,145.74475,-0.076351718,GALAXY,SDSS_DR18_SPECTROSCOPY,ZWARNING_0_SCIENCEPRIMARY
TRD001168,145.6012,-0.001388682,GALAXY,SDSS_DR18_SPECTROSCOPY,ZWARNING_0_SCIENCEPRIMARY
TRD001169,145.73722,-0.061008544,GALAXY,SDSS_DR18_SPECTROSCOPY,ZWARNING_0_SCIENCEPRIMARY
TRD001170,145.66949,0.11167288,GALAXY,SDSS_DR18_SPECTROSCOPY,ZWARNING_0_SCIENCEPRIMARY
TRD001171,145.71827,0.069322999,GALAXY,SDSS_DR18_SPECTROSCOPY,ZWARNING_0_SCIENCEPRIMARY
TRD001172,145.68939,-0.011335705,GALAXY,SDSS_DR18_SPECTROSCOPY,ZWARNING_0_SCIENCEPRIMARY
TRD001173,145.70269,-0.048527481,GALAXY,SDSS_DR18_SPECTROSCOPY,ZWARNING_0_SCIENCEPRIMARY
TRD001174,145.59828,-0.20219947,GALAXY,SDSS_DR18_SPECTROSCOPY,ZWARNING_0_SCIENCEPRIMARY
TRD001175,145.64341,-0.3001479,GALAXY,SDSS_DR18_SPECTROSCOPY,ZWARNING_0_SCIENCEPRIMARY
TRD001176,145.63696,-0.45449248,GALAXY,SDSS_DR18_SPECTROSCOPY,ZWARNING_0_SCIENCEPRIMARY
TRD001177,145.72206,-0.52713707,GALAXY,SDSS_DR18_SPECTROSCOPY,ZWARNING_0_SCIENCEPRIMARY
TRD001178,145.77842,-0.13455067,GALAXY,SDSS_DR18_SPECTROSCOPY,ZWARNING_0_SCIENCEPRIMARY
TRD001179,145.80121,-0.21112851,GALAXY,SDSS_DR18_SPECTROSCOPY,ZWARNING_0_SCIENCEPRIMARY
TRD001180,145.66918,-0.42102498,GALAXY,SDSS_DR18_SPECTROSCOPY,ZWARNING_0_SCIENCEPRIMARY
TRD001181,145.3983,-0.67092618,GALAXY,SDSS_DR18_SPECTROSCOPY,ZWARNING_0_SCIENCEPRIMARY
TRD001182,145.37814,-0.67431767,GALAXY,SDSS_DR18_SPECTROSCOPY,ZWARNING_0_SCIENCEPRIMARY
TRD001183,145.48725,-0.80693196,GALAXY,SDSS_DR18_SPECTROSCOPY,ZWARNING_0_SCIENCEPRIMARY
TRD001184,145.50248,-0.9666317,GALAXY,SDSS_DR18_SPECTROSCOPY,ZWARNING_0_SCIENCEPRIMARY
TRD001185,145.38815,-0.69227045,GALAXY,SDSS_DR18_SPECTROSCOPY,ZWARNING_0_SCIENCEPRIMARY
TRD001186,145.46323,-0.84422273,GALAXY,SDSS_DR18_SPECTROSCOPY,ZWARNING_0_SCIENCEPRIMARY
TRD001187,145.37115,-1.0810148,GALAXY,SDSS_DR18_SPECTROSCOPY,ZWARNING_0_SCIENCEPRIMARY
TRD001188,145.44408,-1.1954565,GALAXY,SDSS_DR18_SPECTROSCOPY,ZWARNING_0_SCIENCEPRIMARY
TRD001189,145.37411,-1.24932,GALAXY,SDSS_DR18_SPECTROSCOPY,ZWARNING_0_SCIENCEPRIMARY
TRD001190,145.53585,-1.0782817,GALAXY,SDSS_DR18_SPECTROSCOPY,ZWARNING_0_SCIENCEPRIMARY
TRD001191,145.39427,-0.55765535,GALAXY,SDSS_DR18_SPECTROSCOPY,ZWARNING_0_SCIENCEPRIMARY
TRD001192,145.52621,-0.74745062,GALAXY,SDSS_DR18_SPECTROSCOPY,ZWARNING_0_SCIENCEPRIMARY
TRD001193,145.55749,-0.69320463,GALAXY,SDSS_DR18_SPECTROSCOPY,ZWARNING_0_SCIENCEPRIMARY
TRD001194,145.47929,-1.0534252,GALAXY,SDSS_DR18_SPECTROSCOPY,ZWARNING_0_SCIENCEPRIMARY
TRD001195,145.49628,-0.73679163,GALAXY,SDSS_DR18_SPECTROSCOPY,ZWARNING_0_SCIENCEPRIMARY
TRD001196,145.47822,-0.59981627,GALAXY,SDSS_DR18_SPECTROSCOPY,ZWARNING_0_SCIENCEPRIMARY
TRD001197,145.41306,0.10646309,GALAXY,SDSS_DR18_SPECTROSCOPY,ZWARNING_0_SCIENCEPRIMARY
TRD001198,145.44666,0.077354713,GALAXY,SDSS_DR18_SPECTROSCOPY,ZWARNING_0_SCIENCEPRIMARY
TRD001199,145.55032,0.0094953996,GALAXY,SDSS_DR18_SPECTROSCOPY,ZWARNING_0_SCIENCEPRIMARY
TRD001200,145.36478,-0.34279396,GALAXY,SDSS_DR18_SPECTROSCOPY,ZWARNING_0_SCIENCEPRIMARY
TRD001201,145.39106,-0.41559587,GALAXY,SDSS_DR18_SPECTROSCOPY,ZWARNING_0_SCIENCEPRIMARY
TRD001202,145.42694,0.049536734,GALAXY,SDSS_DR18_SPECTROSCOPY,ZWARNING_0_SCIENCEPRIMARY
TRD001203,145.36789,-0.46545391,GALAXY,SDSS_DR18_SPECTROSCOPY,ZWARNING_0_SCIENCEPRIMARY
TRD001204,145.40681,-0.31439655,GALAXY,SDSS_DR18_SPECTROSCOPY,ZWARNING_0_SCIENCEPRIMARY
TRD001205,145.49979,-0.430594,GALAXY,SDSS_DR18_SPECTROSCOPY,ZWARNING_0_SCIENCEPRIMARY
TRD001206,145.44549,-0.12267788,GALAXY,SDSS_DR18_SPECTROSCOPY,ZWARNING_0_SCIENCEPRIMARY
TRD001207,145.39609,-0.091230941,GALAXY,SDSS_DR18_SPECTROSCOPY,ZWARNING_0_SCIENCEPRIMARY
TRD001208,145.53049,-0.29051266,GALAXY,SDSS_DR18_SPECTROSCOPY,ZWARNING_0_SCIENCEPRIMARY
TRD001209,145.51629,-0.51919387,GALAXY,SDSS_DR18_SPECTROSCOPY,ZWARNING_0_SCIENCEPRIMARY
TRD001210,145.46451,0.10700143,GALAXY,SDSS_DR18_SPECTROSCOPY,ZWARNING_0_SCIENCEPRIMARY
TRD001211,145.45408,0.039078341,GALAXY,SDSS_DR18_SPECTROSCOPY,ZWARNING_0_SCIENCEPRIMARY
TRD001212,145.51958,-0.2775546,GALAXY,SDSS_DR18_SPECTROSCOPY,ZWARNING_0_SCIENCEPRIMARY
TRD001213,145.34744,0.05434486,GALAXY,SDSS_DR18_SPECTROSCOPY,ZWARNING_0_SCIENCEPRIMARY
TRD001214,145.34998,-1.2538597,GALAXY,SDSS_DR18_SPECTROSCOPY,ZWARNING_0_SCIENCEPRIMARY
TRD001215,145.20738,-0.8630533,GALAXY,SDSS_DR18_SPECTROSCOPY,ZWARNING_0_SCIENCEPRIMARY
TRD001216,145.27784,-0.73313608,GALAXY,SDSS_DR18_SPECTROSCOPY,ZWARNING_0_SCIENCEPRIMARY
TRD001217,145.35048,-1.0805558,GALAXY,SDSS_DR18_SPECTROSCOPY,ZWARNING_0_SCIENCEPRIMARY
TRD001218,145.29601,-0.94320703,GALAXY,SDSS_DR18_SPECTROSCOPY,ZWARNING_0_SCIENCEPRIMARY
TRD001219,145.25691,-1.1018864,GALAXY,SDSS_DR18_SPECTROSCOPY,ZWARNING_0_SCIENCEPRIMARY
TRD001220,145.29141,-0.86035856,GALAXY,SDSS_DR18_SPECTROSCOPY,ZWARNING_0_SCIENCEPRIMARY
TRD001221,145.35144,-1.2385576,GALAXY,SDSS_DR18_SPECTROSCOPY,ZWARNING_0_SCIENCEPRIMARY
TRD001222,145.1963,-0.87997986,GALAXY,SDSS_DR18_SPECTROSCOPY,ZWARNING_0_SCIENCEPRIMARY
TRD001223,145.36211,-0.71402013,GALAXY,SDSS_DR18_SPECTROSCOPY,ZWARNING_0_SCIENCEPRIMARY
TRD001224,145.3416,-0.5772753,GALAXY,SDSS_DR18_SPECTROSCOPY,ZWARNING_0_SCIENCEPRIMARY
TRD001225,145.34203,-0.90634094,GALAXY,SDSS_DR18_SPECTROSCOPY,ZWARNING_0_SCIENCEPRIMARY
TRD001226,145.16039,-0.6554685,GALAXY,SDSS_DR18_SPECTROSCOPY,ZWARNING_0_SCIENCEPRIMARY
TRD001227,145.22485,-0.54802267,GALAXY,SDSS_DR18_SPECTROSCOPY,ZWARNING_0_SCIENCEPRIMARY
TRD001228,145.2669,-0.95732134,GALAXY,SDSS_DR18_SPECTROSCOPY,ZWARNING_0_SCIENCEPRIMARY
TRD001229,145.3206,-0.25286139,GALAXY,SDSS_DR18_SPECTROSCOPY,ZWARNING_0_SCIENCEPRIMARY
TRD001230,145.28961,-0.14730667,GALAXY,SDSS_DR18_SPECTROSCOPY,ZWARNING_0_SCIENCEPRIMARY
TRD001231,145.34432,-0.016916477,GALAXY,SDSS_DR18_SPECTROSCOPY,ZWARNING_0_SCIENCEPRIMARY
TRD001232,145.17299,-0.0056539813,GALAXY,SDSS_DR18_SPECTROSCOPY,ZWARNING_0_SCIENCEPRIMARY
TRD001233,145.34424,-0.36850145,GALAXY,SDSS_DR18_SPECTROSCOPY,ZWARNING_0_SCIENCEPRIMARY
TRD001234,145.32998,0.043081214,GALAXY,SDSS_DR18_SPECTROSCOPY,ZWARNING_0_SCIENCEPRIMARY
TRD001235,145.20774,-0.32210594,GALAXY,SDSS_DR18_SPECTROSCOPY,ZWARNING_0_SCIENCEPRIMARY
TRD001236,145.34053,0.019135029,GALAXY,SDSS_DR18_SPECTROSCOPY,ZWARNING_0_SCIENCEPRIMARY
TRD001237,145.25355,-0.10723425,GALAXY,SDSS_DR18_SPECTROSCOPY,ZWARNING_0_SCIENCEPRIMARY
TRD001238,145.23331,-0.43567204,GALAXY,SDSS_DR18_SPECTROSCOPY,ZWARNING_0_SCIENCEPRIMARY
TRD001239,145.21905,-0.18615382,GALAXY,SDSS_DR18_SPECTROSCOPY,ZWARNING_0_SCIENCEPRIMARY
TRD001240,145.31208,-0.40076564,GALAXY,SDSS_DR18_SPECTROSCOPY,ZWARNING_0_SCIENCEPRIMARY
TRD001241,145.33123,-0.54206811,GALAXY,SDSS_DR18_SPECTROSCOPY,ZWARNING_0_SCIENCEPRIMARY
TRD001242,145.2754,-0.47347782,GALAXY,SDSS_DR18_SPECTROSCOPY,ZWARNING_0_SCIENCEPRIMARY
TRD001243,145.16739,-0.4823431,GALAXY,SDSS_DR18_SPECTROSCOPY,ZWARNING_0_SCIENCEPRIMARY
TRD001244,145.33158,-0.35072129,GALAXY,SDSS_DR18_SPECTROSCOPY,ZWARNING_0_SCIENCEPRIMARY
TRD001245,145.54119,0.79539687,GALAXY,SDSS_DR18_SPECTROSCOPY,ZWARNING_0_SCIENCEPRIMARY
TRD001246,145.19872,0.93266524,GALAXY,SDSS_DR18_SPECTROSCOPY,ZWARNING_0_SCIENCEPRIMARY
TRD001247,145.39045,0.9578064,GALAXY,SDSS_DR18_SPECTROSCOPY,ZWARNING_0_SCIENCEPRIMARY
TRD001248,145.51643,1.0443355,GALAXY,SDSS_DR18_SPECTROSCOPY,ZWARNING_0_SCIENCEPRIMARY
TRD001249,145.35216,1.113849,GALAXY,SDSS_DR18_SPECTROSCOPY,ZWARNING_0_SCIENCEPRIMARY
TRD001250,145.40988,1.0265349,GALAXY,SDSS_DR18_SPECTROSCOPY,ZWARNING_0_SCIENCEPRIMARY
TRD001251,145.22993,0.76255666,GALAXY,SDSS_DR18_SPECTROSCOPY,ZWARNING_0_SCIENCEPRIMARY
TRD001252,145.44311,0.82657169,GALAXY,SDSS_DR18_SPECTROSCOPY,ZWARNING_0_SCIENCEPRIMARY
TRD001253,145.34769,1.0774531,GALAXY,SDSS_DR18_SPECTROSCOPY,ZWARNING_0_SCIENCEPRIMARY
TRD001254,145.20053,0.87098003,GALAXY,SDSS_DR18_SPECTROSCOPY,ZWARNING_0_SCIENCEPRIMARY
TRD001255,145.26325,0.99193054,GALAXY,SDSS_DR18_SPECTROSCOPY,ZWARNING_0_SCIENCEPRIMARY
TRD001256,145.32091,0.77109766,GALAXY,SDSS_DR18_SPECTROSCOPY,ZWARNING_0_SCIENCEPRIMARY
TRD001257,145.29603,0.80159953,GALAXY,SDSS_DR18_SPECTROSCOPY,ZWARNING_0_SCIENCEPRIMARY
TRD001258,145.34123,0.54730699,GALAXY,SDSS_DR18_SPECTROSCOPY,ZWARNING_0_SCIENCEPRIMARY
TRD001259,145.39406,0.35570036,GALAXY,SDSS_DR18_SPECTROSCOPY,ZWARNING_0_SCIENCEPRIMARY
TRD001260,145.30472,0.56238456,GALAXY,SDSS_DR18_SPECTROSCOPY,ZWARNING_0_SCIENCEPRIMARY
TRD001261,145.31181,0.50329966,GALAXY,SDSS_DR18_SPECTROSCOPY,ZWARNING_0_SCIENCEPRIMARY
TRD001262,145.32998,0.1754678,GALAXY,SDSS_DR18_SPECTROSCOPY,ZWARNING_0_SCIENCEPRIMARY
TRD001263,145.22038,0.41085475,GALAXY,SDSS_DR18_SPECTROSCOPY,ZWARNING_0_SCIENCEPRIMARY
TRD001264,145.29315,0.30617839,GALAXY,SDSS_DR18_SPECTROSCOPY,ZWARNING_0_SCIENCEPRIMARY
TRD001265,145.19382,0.16887025,GALAXY,SDSS_DR18_SPECTROSCOPY,ZWARNING_0_SCIENCEPRIMARY
TRD001266,145.25193,0.12645211,GALAXY,SDSS_DR18_SPECTROSCOPY,ZWARNING_0_SCIENCEPRIMARY
TRD001267,145.33843,0.27131682,GALAXY,SDSS_DR18_SPECTROSCOPY,ZWARNING_0_SCIENCEPRIMARY
TRD001268,145.2499,0.26180076,GALAXY,SDSS_DR18_SPECTROSCOPY,ZWARNING_0_SCIENCEPRIMARY
TRD001269,145.28856,0.34651307,GALAXY,SDSS_DR18_SPECTROSCOPY,ZWARNING_0_SCIENCEPRIMARY
TRD001270,145.21869,0.14700021,GALAXY,SDSS_DR18_SPECTROSCOPY,ZWARNING_0_SCIENCEPRIMARY
TRD001271,145.60223,1.1496867,GALAXY,SDSS_DR18_SPECTROSCOPY,ZWARNING_0_SCIENCEPRIMARY
TRD001272,145.86812,0.82938446,GALAXY,SDSS_DR18_SPECTROSCOPY,ZWARNING_0_SCIENCEPRIMARY
TRD001273,145.80749,0.94992811,GALAXY,SDSS_DR18_SPECTROSCOPY,ZWARNING_0_SCIENCEPRIMARY
TRD001274,145.86626,1.1416569,GALAXY,SDSS_DR18_SPECTROSCOPY,ZWARNING_0_SCIENCEPRIMARY
TRD001275,145.85052,1.203525,GALAXY,SDSS_DR18_SPECTROSCOPY,ZWARNING_0_SCIENCEPRIMARY
TRD001276,145.5446,0.93933415,GALAXY,SDSS_DR18_SPECTROSCOPY,ZWARNING_0_SCIENCEPRIMARY
TRD001277,145.61284,0.97233302,GALAXY,SDSS_DR18_SPECTROSCOPY,ZWARNING_0_SCIENCEPRIMARY
TRD001278,145.59891,0.84379434,GALAXY,SDSS_DR18_SPECTROSCOPY,ZWARNING_0_SCIENCEPRIMARY
TRD001279,145.84294,0.74785818,GALAXY,SDSS_DR18_SPECTROSCOPY,ZWARNING_0_SCIENCEPRIMARY
TRD001280,145.79341,1.1856538,GALAXY,SDSS_DR18_SPECTROSCOPY,ZWARNING_0_SCIENCEPRIMARY
TRD001281,145.64213,0.97197048,GALAXY,SDSS_DR18_SPECTROSCOPY,ZWARNING_0_SCIENCEPRIMARY
TRD001282,145.7134,1.167356,GALAXY,SDSS_DR18_SPECTROSCOPY,ZWARNING_0_SCIENCEPRIMARY
TRD001283,145.56952,0.75237106,GALAXY,SDSS_DR18_SPECTROSCOPY,ZWARNING_0_SCIENCEPRIMARY
TRD001284,145.59509,1.0056251,GALAXY,SDSS_DR18_SPECTROSCOPY,ZWARNING_0_SCIENCEPRIMARY
TRD001285,145.66358,0.97364599,GALAXY,SDSS_DR18_SPECTROSCOPY,ZWARNING_0_SCIENCEPRIMARY
TRD001286,145.49682,0.7331675,GALAXY,SDSS_DR18_SPECTROSCOPY,ZWARNING_0_SCIENCEPRIMARY
TRD001287,145.43387,0.56413952,GALAXY,SDSS_DR18_SPECTROSCOPY,ZWARNING_0_SCIENCEPRIMARY
TRD001288,145.59403,0.30938427,GALAXY,SDSS_DR18_SPECTROSCOPY,ZWARNING_0_SCIENCEPRIMARY
TRD001289,145.53343,0.72985508,GALAXY,SDSS_DR18_SPECTROSCOPY,ZWARNING_0_SCIENCEPRIMARY
TRD001290,145.63365,0.62077958,GALAXY,SDSS_DR18_SPECTROSCOPY,ZWARNING_0_SCIENCEPRIMARY
TRD001291,145.55448,0.22326714,GALAXY,SDSS_DR18_SPECTROSCOPY,ZWARNING_0_SCIENCEPRIMARY
TRD001292,145.51241,0.33917087,GALAXY,SDSS_DR18_SPECTROSCOPY,ZWARNING_0_SCIENCEPRIMARY
TRD001293,145.42138,0.53370588,GALAXY,SDSS_DR18_SPECTROSCOPY,ZWARNING_0_SCIENCEPRIMARY
TRD001294,145.49927,0.12144706,GALAXY,SDSS_DR18_SPECTROSCOPY,ZWARNING_0_SCIENCEPRIMARY
TRD001295,145.47131,0.15515025,GALAXY,SDSS_DR18_SPECTROSCOPY,ZWARNING_0_SCIENCEPRIMARY
TRD001296,145.57687,0.23361317,GALAXY,SDSS_DR18_SPECTROSCOPY,ZWARNING_0_SCIENCEPRIMARY
TRD001297,145.55632,0.23846866,GALAXY,SDSS_DR18_SPECTROSCOPY,ZWARNING_0_SCIENCEPRIMARY
TRD001298,145.55565,0.18343852,GALAXY,SDSS_DR18_SPECTROSCOPY,ZWARNING_0_SCIENCEPRIMARY
TRD001299,145.43888,0.14695969,GALAXY,SDSS_DR18_SPECTROSCOPY,ZWARNING_0_SCIENCEPRIMARY
TRD001300,145.88081,1.0470699,GALAXY,SDSS_DR18_SPECTROSCOPY,ZWARNING_0_SCIENCEPRIMARY
TRD001301,146.06725,1.1094246,GALAXY,SDSS_DR18_SPECTROSCOPY,ZWARNING_0_SCIENCEPRIMARY
TRD001302,145.99263,0.78807767,GALAXY,SDSS_DR18_SPECTROSCOPY,ZWARNING_0_SCIENCEPRIMARY
TRD001303,146.00114,1.2461454,GALAXY,SDSS_DR18_SPECTROSCOPY,ZWARNING_0_SCIENCEPRIMARY
TRD001304,145.9506,1.0651305,GALAXY,SDSS_DR18_SPECTROSCOPY,ZWARNING_0_SCIENCEPRIMARY
TRD001305,145.89128,1.1165244,GALAXY,SDSS_DR18_SPECTROSCOPY,ZWARNING_0_SCIENCEPRIMARY
TRD001306,145.9373,1.1418559,GALAXY,SDSS_DR18_SPECTROSCOPY,ZWARNING_0_SCIENCEPRIMARY
TRD001307,145.88615,1.1964676,GALAXY,SDSS_DR18_SPECTROSCOPY,ZWARNING_0_SCIENCEPRIMARY
TRD001308,146.01513,0.8235057,GALAXY,SDSS_DR18_SPECTROSCOPY,ZWARNING_0_SCIENCEPRIMARY
TRD001309,145.96966,0.83091776,GALAXY,SDSS_DR18_SPECTROSCOPY,ZWARNING_0_SCIENCEPRIMARY
TRD001310,146.01225,0.76563817,GALAXY,SDSS_DR18_SPECTROSCOPY,ZWARNING_0_SCIENCEPRIMARY
TRD001311,146.02566,1.0713275,GALAXY,SDSS_DR18_SPECTROSCOPY,ZWARNING_0_SCIENCEPRIMARY
TRD001312,146.04623,0.76611923,GALAXY,SDSS_DR18_SPECTROSCOPY,ZWARNING_0_SCIENCEPRIMARY
TRD001313,145.87525,0.91247639,GALAXY,SDSS_DR18_SPECTROSCOPY,ZWARNING_0_SCIENCEPRIMARY
TRD001314,146.08224,1.0348001,GALAXY,SDSS_DR18_SPECTROSCOPY,ZWARNING_0_SCIENCEPRIMARY
TRD001315,145.87188,0.87375974,GALAXY,SDSS_DR18_SPECTROSCOPY,ZWARNING_0_SCIENCEPRIMARY
TRD001316,145.89356,1.0284222,GALAXY,SDSS_DR18_SPECTROSCOPY,ZWARNING_0_SCIENCEPRIMARY
TRD001317,145.79884,0.6504951,GALAXY,SDSS_DR18_SPECTROSCOPY,ZWARNING_0_SCIENCEPRIMARY
TRD001318,145.8475,0.67573036,GALAXY,SDSS_DR18_SPECTROSCOPY,ZWARNING_0_SCIENCEPRIMARY
TRD001319,145.70654,0.45938881,GALAXY,SDSS_DR18_SPECTROSCOPY,ZWARNING_0_SCIENCEPRIMARY
TRD001320,145.6607,0.6338449,GALAXY,SDSS_DR18_SPECTROSCOPY,ZWARNING_0_SCIENCEPRIMARY
TRD001321,145.64564,0.50959376,GALAXY,SDSS_DR18_SPECTROSCOPY,ZWARNING_0_SCIENCEPRIMARY
TRD001322,145.73267,0.53403606,GALAXY,SDSS_DR18_SPECTROSCOPY,ZWARNING_0_SCIENCEPRIMARY
TRD001323,145.79259,0.52472729,GALAXY,SDSS_DR18_SPECTROSCOPY,ZWARNING_0_SCIENCEPRIMARY
TRD001324,145.81392,0.48850601,GALAXY,SDSS_DR18_SPECTROSCOPY,ZWARNING_0_SCIENCEPRIMARY
TRD001325,145.80019,0.41417226,GALAXY,SDSS_DR18_SPECTROSCOPY,ZWARNING_0_SCIENCEPRIMARY
TRD001326,145.6519,0.46908714,GALAXY,SDSS_DR18_SPECTROSCOPY,ZWARNING_0_SCIENCEPRIMARY
TRD001327,145.79648,0.56150148,GALAXY,SDSS_DR18_SPECTROSCOPY,ZWARNING_0_SCIENCEPRIMARY
TRD001328,145.72549,0.73065387,GALAXY,SDSS_DR18_SPECTROSCOPY,ZWARNING_0_SCIENCEPRIMARY
TRD001329,145.82657,0.37310286,GALAXY,SDSS_DR18_SPECTROSCOPY,ZWARNING_0_SCIENCEPRIMARY
TRD001330,145.72946,0.12689565,GALAXY,SDSS_DR18_SPECTROSCOPY,ZWARNING_0_SCIENCEPRIMARY
TRD001331,145.74324,0.46346691,GALAXY,SDSS_DR18_SPECTROSCOPY,ZWARNING_0_SCIENCEPRIMARY
TRD001332,145.77515,0.32021602,GALAXY,SDSS_DR18_SPECTROSCOPY,ZWARNING_0_SCIENCEPRIMARY
TRD001333,145.76582,0.13534552,GALAXY,SDSS_DR18_SPECTROSCOPY,ZWARNING_0_SCIENCEPRIMARY
TRD001334,145.82799,0.19321664,GALAXY,SDSS_DR18_SPECTROSCOPY,ZWARNING_0_SCIENCEPRIMARY
TRD001335,146.18715,0.96667596,GALAXY,SDSS_DR18_SPECTROSCOPY,ZWARNING_0_SCIENCEPRIMARY
TRD001336,146.23428,1.1255896,GALAXY,SDSS_DR18_SPECTROSCOPY,ZWARNING_0_SCIENCEPRIMARY
TRD001337,146.24704,0.92494778,GALAXY,SDSS_DR18_SPECTROSCOPY,ZWARNING_0_SCIENCEPRIMARY
TRD001338,146.18955,1.0375748,GALAXY,SDSS_DR18_SPECTROSCOPY,ZWARNING_0_SCIENCEPRIMARY
TRD001339,146.29967,1.2087009,GALAXY,SDSS_DR18_SPECTROSCOPY,ZWARNING_0_SCIENCEPRIMARY
TRD001340,146.25244,1.1195781,GALAXY,SDSS_DR18_SPECTROSCOPY,ZWARNING_0_SCIENCEPRIMARY
TRD001341,146.08739,0.99799906,GALAXY,SDSS_DR18_SPECTROSCOPY,ZWARNING_0_SCIENCEPRIMARY
TRD001342,146.22688,1.2452673,GALAXY,SDSS_DR18_SPECTROSCOPY,ZWARNING_0_SCIENCEPRIMARY
TRD001343,146.26584,1.2304246,GALAXY,SDSS_DR18_SPECTROSCOPY,ZWARNING_0_SCIENCEPRIMARY
TRD001344,146.10837,0.79938927,GALAXY,SDSS_DR18_SPECTROSCOPY,ZWARNING_0_SCIENCEPRIMARY
TRD001345,146.15329,0.86874136,GALAXY,SDSS_DR18_SPECTROSCOPY,ZWARNING_0_SCIENCEPRIMARY
TRD001346,146.14741,0.81735361,GALAXY,SDSS_DR18_SPECTROSCOPY,ZWARNING_0_SCIENCEPRIMARY
TRD001347,146.15976,0.84071746,GALAXY,SDSS_DR18_SPECTROSCOPY,ZWARNING_0_SCIENCEPRIMARY
TRD001348,146.12635,0.75790423,GALAXY,SDSS_DR18_SPECTROSCOPY,ZWARNING_0_SCIENCEPRIMARY
TRD001349,146.13155,0.84119279,GALAXY,SDSS_DR18_SPECTROSCOPY,ZWARNING_0_SCIENCEPRIMARY
TRD001350,146.2856,1.1721241,GALAXY,SDSS_DR18_SPECTROSCOPY,ZWARNING_0_SCIENCEPRIMARY
TRD001351,146.20631,1.1483018,GALAXY,SDSS_DR18_SPECTROSCOPY,ZWARNING_0_SCIENCEPRIMARY
TRD001352,146.02091,0.7335569,GALAXY,SDSS_DR18_SPECTROSCOPY,ZWARNING_0_SCIENCEPRIMARY
TRD001353,145.99917,0.35244454,GALAXY,SDSS_DR18_SPECTROSCOPY,ZWARNING_0_SCIENCEPRIMARY
TRD001354,145.92821,0.53113356,GALAXY,SDSS_DR18_SPECTROSCOPY,ZWARNING_0_SCIENCEPRIMARY
TRD001355,146.05095,0.44008916,GALAXY,SDSS_DR18_SPECTROSCOPY,ZWARNING_0_SCIENCEPRIMARY
TRD001356,146.01687,0.71680772,GALAXY,SDSS_DR18_SPECTROSCOPY,ZWARNING_0_SCIENCEPRIMARY
TRD001357,145.94781,0.46529716,GALAXY,SDSS_DR18_SPECTROSCOPY,ZWARNING_0_SCIENCEPRIMARY
TRD001358,146.06202,0.30231485,GALAXY,SDSS_DR18_SPECTROSCOPY,ZWARNING_0_SCIENCEPRIMARY
TRD001359,145.93673,0.49889122,GALAXY,SDSS_DR18_SPECTROSCOPY,ZWARNING_0_SCIENCEPRIMARY
TRD001360,145.93774,0.67207956,GALAXY,SDSS_DR18_SPECTROSCOPY,ZWARNING_0_SCIENCEPRIMARY
TRD001361,146.00604,0.14544788,GALAXY,SDSS_DR18_SPECTROSCOPY,ZWARNING_0_SCIENCEPRIMARY
TRD001362,145.90721,0.40090482,GALAXY,SDSS_DR18_SPECTROSCOPY,ZWARNING_0_SCIENCEPRIMARY
TRD001363,146.04543,0.17980546,GALAXY,SDSS_DR18_SPECTROSCOPY,ZWARNING_0_SCIENCEPRIMARY
TRD001364,145.93972,0.11688777,GALAXY,SDSS_DR18_SPECTROSCOPY,ZWARNING_0_SCIENCEPRIMARY
TRD001365,146.00406,0.20363364,GALAXY,SDSS_DR18_SPECTROSCOPY,ZWARNING_0_SCIENCEPRIMARY
TRD001366,145.95625,0.19937236,GALAXY,SDSS_DR18_SPECTROSCOPY,ZWARNING_0_SCIENCEPRIMARY
TRD001367,146.01594,0.3131747,GALAXY,SDSS_DR18_SPECTROSCOPY,ZWARNING_0_SCIENCEPRIMARY
TRD001368,145.93858,0.15101524,GALAXY,SDSS_DR18_SPECTROSCOPY,ZWARNING_0_SCIENCEPRIMARY
TRD001369,145.97847,0.29494694,GALAXY,SDSS_DR18_SPECTROSCOPY,ZWARNING_0_SCIENCEPRIMARY
TRD001370,146.27502,0.58101816,GALAXY,SDSS_DR18_SPECTROSCOPY,ZWARNING_0_SCIENCEPRIMARY
TRD001371,146.21636,0.65945184,GALAXY,SDSS_DR18_SPECTROSCOPY,ZWARNING_0_SCIENCEPRIMARY
TRD001372,146.25172,0.506149,GALAXY,SDSS_DR18_SPECTROSCOPY,ZWARNING_0_SCIENCEPRIMARY
TRD001373,146.15186,0.61346142,GALAXY,SDSS_DR18_SPECTROSCOPY,ZWARNING_0_SCIENCEPRIMARY
TRD001374,146.14438,0.24309987,GALAXY,SDSS_DR18_SPECTROSCOPY,ZWARNING_0_SCIENCEPRIMARY
TRD001375,146.08981,0.65983497,GALAXY,SDSS_DR18_SPECTROSCOPY,ZWARNING_0_SCIENCEPRIMARY
TRD001376,146.06942,0.69821674,GALAXY,SDSS_DR18_SPECTROSCOPY,ZWARNING_0_SCIENCEPRIMARY
TRD001377,146.18532,0.1193105,GALAXY,SDSS_DR18_SPECTROSCOPY,ZWARNING_0_SCIENCEPRIMARY
TRD001378,146.20851,0.39060401,GALAXY,SDSS_DR18_SPECTROSCOPY,ZWARNING_0_SCIENCEPRIMARY
TRD001379,146.14242,0.30903218,GALAXY,SDSS_DR18_SPECTROSCOPY,ZWARNING_0_SCIENCEPRIMARY
TRD001380,146.07867,0.21277136,GALAXY,SDSS_DR18_SPECTROSCOPY,ZWARNING_0_SCIENCEPRIMARY
TRD001381,146.17224,0.57064832,GALAXY,SDSS_DR18_SPECTROSCOPY,ZWARNING_0_SCIENCEPRIMARY
TRD001382,146.14448,0.12700616,GALAXY,SDSS_DR18_SPECTROSCOPY,ZWARNING_0_SCIENCEPRIMARY
TRD001383,146.07338,0.1562641,GALAXY,SDSS_DR18_SPECTROSCOPY,ZWARNING_0_SCIENCEPRIMARY
TRD001384,146.1566,0.56959059,GALAXY,SDSS_DR18_SPECTROSCOPY,ZWARNING_0_SCIENCEPRIMARY
TRD001385,146.31675,0.58920156,GALAXY,SDSS_DR18_SPECTROSCOPY,ZWARNING_0_SCIENCEPRIMARY
TRD001386,146.42944,0.24000639,GALAXY,SDSS_DR18_SPECTROSCOPY,ZWARNING_0_SCIENCEPRIMARY
TRD001387,146.32035,0.57342009,GALAXY,SDSS_DR18_SPECTROSCOPY,ZWARNING_0_SCIENCEPRIMARY
TRD001388,146.40623,0.6041419,GALAXY,SDSS_DR18_SPECTROSCOPY,ZWARNING_0_SCIENCEPRIMARY
TRD001389,146.42536,0.56713104,GALAXY,SDSS_DR18_SPECTROSCOPY,ZWARNING_0_SCIENCEPRIMARY
TRD001390,146.46299,0.63870908,GALAXY,SDSS_DR18_SPECTROSCOPY,ZWARNING_0_SCIENCEPRIMARY
TRD001391,146.33806,0.72218147,GALAXY,SDSS_DR18_SPECTROSCOPY,ZWARNING_0_SCIENCEPRIMARY
TRD001392,146.29875,0.65613355,GALAXY,SDSS_DR18_SPECTROSCOPY,ZWARNING_0_SCIENCEPRIMARY
TRD001393,146.4187,0.39886801,GALAXY,SDSS_DR18_SPECTROSCOPY,ZWARNING_0_SCIENCEPRIMARY
TRD001394,146.51535,0.16677959,GALAXY,SDSS_DR18_SPECTROSCOPY,ZWARNING_0_SCIENCEPRIMARY
TRD001395,146.41406,0.18838338,GALAXY,SDSS_DR18_SPECTROSCOPY,ZWARNING_0_SCIENCEPRIMARY
TRD001396,146.39576,0.24010216,GALAXY,SDSS_DR18_SPECTROSCOPY,ZWARNING_0_SCIENCEPRIMARY
TRD001397,146.37363,0.25553936,GALAXY,SDSS_DR18_SPECTROSCOPY,ZWARNING_0_SCIENCEPRIMARY
TRD001398,146.56889,0.26607889,GALAXY,SDSS_DR18_SPECTROSCOPY,ZWARNING_0_SCIENCEPRIMARY
TRD001399,146.41187,0.21531922,GALAXY,SDSS_DR18_SPECTROSCOPY,ZWARNING_0_SCIENCEPRIMARY
TRD001400,146.58882,0.1725996,GALAXY,SDSS_DR18_SPECTROSCOPY,ZWARNING_0_SCIENCEPRIMARY
TRD001401,146.31813,0.98577663,GALAXY,SDSS_DR18_SPECTROSCOPY,ZWARNING_0_SCIENCEPRIMARY
TRD001402,146.6088,0.80469883,GALAXY,SDSS_DR18_SPECTROSCOPY,ZWARNING_0_SCIENCEPRIMARY
TRD001403,146.35326,1.0603733,GALAXY,SDSS_DR18_SPECTROSCOPY,ZWARNING_0_SCIENCEPRIMARY
TRD001404,146.58351,1.2272745,GALAXY,SDSS_DR18_SPECTROSCOPY,ZWARNING_0_SCIENCEPRIMARY
TRD001405,146.52027,0.87187462,GALAXY,SDSS_DR18_SPECTROSCOPY,ZWARNING_0_SCIENCEPRIMARY
TRD001406,146.38552,1.1469976,GALAXY,SDSS_DR18_SPECTROSCOPY,ZWARNING_0_SCIENCEPRIMARY
TRD001407,146.39189,0.97823298,GALAXY,SDSS_DR18_SPECTROSCOPY,ZWARNING_0_SCIENCEPRIMARY
TRD001408,146.37291,1.070121,GALAXY,SDSS_DR18_SPECTROSCOPY,ZWARNING_0_SCIENCEPRIMARY
TRD001409,146.58426,1.0811228,GALAXY,SDSS_DR18_SPECTROSCOPY,ZWARNING_0_SCIENCEPRIMARY
TRD001410,146.51129,0.81325715,GALAXY,SDSS_DR18_SPECTROSCOPY,ZWARNING_0_SCIENCEPRIMARY
TRD001411,146.53089,0.7819304,GALAXY,SDSS_DR18_SPECTROSCOPY,ZWARNING_0_SCIENCEPRIMARY
TRD001412,146.37977,0.92667107,GALAXY,SDSS_DR18_SPECTROSCOPY,ZWARNING_0_SCIENCEPRIMARY
TRD001413,146.47466,0.9057312,GALAXY,SDSS_DR18_SPECTROSCOPY,ZWARNING_0_SCIENCEPRIMARY
TRD001414,146.36651,0.8511818,GALAXY,SDSS_DR18_SPECTROSCOPY,ZWARNING_0_SCIENCEPRIMARY
TRD001415,146.34873,0.90581202,GALAXY,SDSS_DR18_SPECTROSCOPY,ZWARNING_0_SCIENCEPRIMARY
TRD001416,146.43634,1.0591926,GALAXY,SDSS_DR18_SPECTROSCOPY,ZWARNING_0_SCIENCEPRIMARY
TRD001417,146.5912,0.89671788,GALAXY,SDSS_DR18_SPECTROSCOPY,ZWARNING_0_SCIENCEPRIMARY
TRD001418,146.83636,0.51181492,GALAXY,SDSS_DR18_SPECTROSCOPY,ZWARNING_0_SCIENCEPRIMARY
TRD001419,146.78188,0.70441663,GALAXY,SDSS_DR18_SPECTROSCOPY,ZWARNING_0_SCIENCEPRIMARY
TRD001420,146.8068,0.66563514,GALAXY,SDSS_DR18_SPECTROSCOPY,ZWARNING_0_SCIENCEPRIMARY
TRD001421,146.64377,0.46720989,GALAXY,SDSS_DR18_SPECTROSCOPY,ZWARNING_0_SCIENCEPRIMARY
TRD001422,146.79909,0.70274154,GALAXY,SDSS_DR18_SPECTROSCOPY,ZWARNING_0_SCIENCEPRIMARY
TRD001423,146.74774,0.26577222,GALAXY,SDSS_DR18_SPECTROSCOPY,ZWARNING_0_SCIENCEPRIMARY
TRD001424,146.85248,0.68705168,GALAXY,SDSS_DR18_SPECTROSCOPY,ZWARNING_0_SCIENCEPRIMARY
TRD001425,146.72474,0.65004519,GALAXY,SDSS_DR18_SPECTROSCOPY,ZWARNING_0_SCIENCEPRIMARY
TRD001426,146.68492,0.67847921,GALAXY,SDSS_DR18_SPECTROSCOPY,ZWARNING_0_SCIENCEPRIMARY
TRD001427,146.61129,0.69305476,GALAXY,SDSS_DR18_SPECTROSCOPY,ZWARNING_0_SCIENCEPRIMARY
TRD001428,146.69457,0.17236098,GALAXY,SDSS_DR18_SPECTROSCOPY,ZWARNING_0_SCIENCEPRIMARY
TRD001429,146.67518,0.27798105,GALAXY,SDSS_DR18_SPECTROSCOPY,ZWARNING_0_SCIENCEPRIMARY
TRD001430,146.72511,0.50828311,GALAXY,SDSS_DR18_SPECTROSCOPY,ZWARNING_0_SCIENCEPRIMARY
TRD001431,146.63864,0.19621885,GALAXY,SDSS_DR18_SPECTROSCOPY,ZWARNING_0_SCIENCEPRIMARY
TRD001432,146.61674,0.13787023,GALAXY,SDSS_DR18_SPECTROSCOPY,ZWARNING_0_SCIENCEPRIMARY
TRD001433,146.66771,1.1020897,GALAXY,SDSS_DR18_SPECTROSCOPY,ZWARNING_0_SCIENCEPRIMARY
TRD001434,146.81624,0.94410756,GALAXY,SDSS_DR18_SPECTROSCOPY,ZWARNING_0_SCIENCEPRIMARY
TRD001435,146.74791,0.73472126,GALAXY,SDSS_DR18_SPECTROSCOPY,ZWARNING_0_SCIENCEPRIMARY
TRD001436,146.76759,1.0747132,GALAXY,SDSS_DR18_SPECTROSCOPY,ZWARNING_0_SCIENCEPRIMARY
TRD001437,146.71326,1.0093138,GALAXY,SDSS_DR18_SPECTROSCOPY,ZWARNING_0_SCIENCEPRIMARY
TRD001438,146.72476,1.0311295,GALAXY,SDSS_DR18_SPECTROSCOPY,ZWARNING_0_SCIENCEPRIMARY
TRD001439,146.77792,1.0396275,GALAXY,SDSS_DR18_SPECTROSCOPY,ZWARNING_0_SCIENCEPRIMARY
TRD001440,146.7815,0.73798191,GALAXY,SDSS_DR18_SPECTROSCOPY,ZWARNING_0_SCIENCEPRIMARY
TRD001441,146.77163,1.010302,GALAXY,SDSS_DR18_SPECTROSCOPY,ZWARNING_0_SCIENCEPRIMARY
TRD001442,146.77295,0.96442822,GALAXY,SDSS_DR18_SPECTROSCOPY,ZWARNING_0_SCIENCEPRIMARY
TRD001443,146.67719,1.1295687,GALAXY,SDSS_DR18_SPECTROSCOPY,ZWARNING_0_SCIENCEPRIMARY
TRD001444,146.69213,1.066522,GALAXY,SDSS_DR18_SPECTROSCOPY,ZWARNING_0_SCIENCEPRIMARY
TRD001445,146.7989,0.85056678,GALAXY,SDSS_DR18_SPECTROSCOPY,ZWARNING_0_SCIENCEPRIMARY
TRD001446,146.7823,0.7944099,GALAXY,SDSS_DR18_SPECTROSCOPY,ZWARNING_0_SCIENCEPRIMARY
TRD001447,146.6873,0.86093703,GALAXY,SDSS_DR18_SPECTROSCOPY,ZWARNING_0_SCIENCEPRIMARY
TRD001448,146.9038,0.6322135,GALAXY,SDSS_DR18_SPECTROSCOPY,ZWARNING_0_SCIENCEPRIMARY
TRD001449,146.87104,0.42252041,GALAXY,SDSS_DR18_SPECTROSCOPY,ZWARNING_0_SCIENCEPRIMARY
TRD001450,146.8769,0.36161608,GALAXY,SDSS_DR18_SPECTROSCOPY,ZWARNING_0_SCIENCEPRIMARY
TRD001451,147.02282,0.66094747,GALAXY,SDSS_DR18_SPECTROSCOPY,ZWARNING_0_SCIENCEPRIMARY
TRD001452,146.86054,0.52471508,GALAXY,SDSS_DR18_SPECTROSCOPY,ZWARNING_0_SCIENCEPRIMARY
TRD001453,146.91732,0.69489356,GALAXY,SDSS_DR18_SPECTROSCOPY,ZWARNING_0_SCIENCEPRIMARY
TRD001454,146.98213,0.52149846,GALAXY,SDSS_DR18_SPECTROSCOPY,ZWARNING_0_SCIENCEPRIMARY
TRD001455,146.8965,0.5474319,GALAXY,SDSS_DR18_SPECTROSCOPY,ZWARNING_0_SCIENCEPRIMARY
TRD001456,147.00379,0.59493357,GALAXY,SDSS_DR18_SPECTROSCOPY,ZWARNING_0_SCIENCEPRIMARY
TRD001457,147.03909,0.52560708,GALAXY,SDSS_DR18_SPECTROSCOPY,ZWARNING_0_SCIENCEPRIMARY
TRD001458,146.89532,0.35901356,GALAXY,SDSS_DR18_SPECTROSCOPY,ZWARNING_0_SCIENCEPRIMARY
TRD001459,147.09159,0.20767254,GALAXY,SDSS_DR18_SPECTROSCOPY,ZWARNING_0_SCIENCEPRIMARY
TRD001460,146.88773,0.21745855,GALAXY,SDSS_DR18_SPECTROSCOPY,ZWARNING_0_SCIENCEPRIMARY
TRD001461,146.97831,0.38903265,GALAXY,SDSS_DR18_SPECTROSCOPY,ZWARNING_0_SCIENCEPRIMARY
TRD001462,146.90289,0.20893553,GALAXY,SDSS_DR18_SPECTROSCOPY,ZWARNING_0_SCIENCEPRIMARY
TRD001463,146.95764,0.39340648,GALAXY,SDSS_DR18_SPECTROSCOPY,ZWARNING_0_SCIENCEPRIMARY
TRD001464,147.11309,0.44008895,GALAXY,SDSS_DR18_SPECTROSCOPY,ZWARNING_0_SCIENCEPRIMARY
TRD001465,146.934,0.81888985,GALAXY,SDSS_DR18_SPECTROSCOPY,ZWARNING_0_SCIENCEPRIMARY
TRD001466,146.90637,1.1250269,GALAXY,SDSS_DR18_SPECTROSCOPY,ZWARNING_0_SCIENCEPRIMARY
TRD001467,146.90368,1.0353793,GALAXY,SDSS_DR18_SPECTROSCOPY,ZWARNING_0_SCIENCEPRIMARY
TRD001468,146.80985,1.0727752,GALAXY,SDSS_DR18_SPECTROSCOPY,ZWARNING_0_SCIENCEPRIMARY
TRD001469,146.9318,1.0351669,GALAXY,SDSS_DR18_SPECTROSCOPY,ZWARNING_0_SCIENCEPRIMARY
TRD001470,146.9372,1.1077349,GALAXY,SDSS_DR18_SPECTROSCOPY,ZWARNING_0_SCIENCEPRIMARY
TRD001471,147.06404,0.93964634,GALAXY,SDSS_DR18_SPECTROSCOPY,ZWARNING_0_SCIENCEPRIMARY
TRD001472,146.94866,1.0045674,GALAXY,SDSS_DR18_SPECTROSCOPY,ZWARNING_0_SCIENCEPRIMARY
TRD001473,147.032,0.77534942,GALAXY,SDSS_DR18_SPECTROSCOPY,ZWARNING_0_SCIENCEPRIMARY
TRD001474,147.0805,0.78802023,GALAXY,SDSS_DR18_SPECTROSCOPY,ZWARNING_0_SCIENCEPRIMARY
TRD001475,146.90205,0.89976236,GALAXY,SDSS_DR18_SPECTROSCOPY,ZWARNING_0_SCIENCEPRIMARY
TRD001476,146.84077,0.88626588,GALAXY,SDSS_DR18_SPECTROSCOPY,ZWARNING_0_SCIENCEPRIMARY
TRD001477,146.84222,0.74084309,GALAXY,SDSS_DR18_SPECTROSCOPY,ZWARNING_0_SCIENCEPRIMARY
TRD001478,147.07442,0.88521055,GALAXY,SDSS_DR18_SPECTROSCOPY,ZWARNING_0_SCIENCEPRIMARY
TRD001479,147.02167,0.75447111,GALAXY,SDSS_DR18_SPECTROSCOPY,ZWARNING_0_SCIENCEPRIMARY
TRD001480,147.17057,0.53120746,GALAXY,SDSS_DR18_SPECTROSCOPY,ZWARNING_0_SCIENCEPRIMARY
TRD001481,147.15059,0.41658878,GALAXY,SDSS_DR18_SPECTROSCOPY,ZWARNING_0_SCIENCEPRIMARY
TRD001482,147.18007,0.4296096,GALAXY,SDSS_DR18_SPECTROSCOPY,ZWARNING_0_SCIENCEPRIMARY
TRD001483,147.29397,0.38134272,GALAXY,SDSS_DR18_SPECTROSCOPY,ZWARNING_0_SCIENCEPRIMARY
TRD001484,147.17998,0.49299324,GALAXY,SDSS_DR18_SPECTROSCOPY,ZWARNING_0_SCIENCEPRIMARY
TRD001485,147.12735,0.50446172,GALAXY,SDSS_DR18_SPECTROSCOPY,ZWARNING_0_SCIENCEPRIMARY
TRD001486,147.2654,0.46567798,GALAXY,SDSS_DR18_SPECTROSCOPY,ZWARNING_0_SCIENCEPRIMARY
TRD001487,147.3296,0.32443263,GALAXY,SDSS_DR18_SPECTROSCOPY,ZWARNING_0_SCIENCEPRIMARY
TRD001488,147.32681,0.2454933,GALAXY,SDSS_DR18_SPECTROSCOPY,ZWARNING_0_SCIENCEPRIMARY
TRD001489,147.30829,0.15116349,GALAXY,SDSS_DR18_SPECTROSCOPY,ZWARNING_0_SCIENCEPRIMARY
TRD001490,147.12832,0.3692322,GALAXY,SDSS_DR18_SPECTROSCOPY,ZWARNING_0_SCIENCEPRIMARY
TRD001491,147.24832,0.31141852,GALAXY,SDSS_DR18_SPECTROSCOPY,ZWARNING_0_SCIENCEPRIMARY
TRD001492,147.31446,0.17484306,GALAXY,SDSS_DR18_SPECTROSCOPY,ZWARNING_0_SCIENCEPRIMARY
TRD001493,147.19292,0.27191843,GALAXY,SDSS_DR18_SPECTROSCOPY,ZWARNING_0_SCIENCEPRIMARY
TRD001494,147.3056,0.2175774,GALAXY,SDSS_DR18_SPECTROSCOPY,ZWARNING_0_SCIENCEPRIMARY
TRD001495,148.59859,-0.73222758,GALAXY,SDSS_DR18_SPECTROSCOPY,ZWARNING_0_SCIENCEPRIMARY
TRD001496,148.64627,-1.0468933,GALAXY,SDSS_DR18_SPECTROSCOPY,ZWARNING_0_SCIENCEPRIMARY
TRD001497,148.6669,-0.89910499,GALAXY,SDSS_DR18_SPECTROSCOPY,ZWARNING_0_SCIENCEPRIMARY
TRD001498,148.57358,-0.89900167,GALAXY,SDSS_DR18_SPECTROSCOPY,ZWARNING_0_SCIENCEPRIMARY
TRD001499,148.57064,-0.71583138,GALAXY,SDSS_DR18_SPECTROSCOPY,ZWARNING_0_SCIENCEPRIMARY
TRD001500,148.65516,-1.0329952,GALAXY,SDSS_DR18_SPECTROSCOPY,ZWARNING_0_SCIENCEPRIMARY
TRD001501,148.73288,-0.76115921,GALAXY,SDSS_DR18_SPECTROSCOPY,ZWARNING_0_SCIENCEPRIMARY
TRD001502,148.82978,-0.74093264,GALAXY,SDSS_DR18_SPECTROSCOPY,ZWARNING_0_SCIENCEPRIMARY
TRD001503,148.58323,-1.1467697,GALAXY,SDSS_DR18_SPECTROSCOPY,ZWARNING_0_SCIENCEPRIMARY
TRD001504,148.57247,-1.1724518,GALAXY,SDSS_DR18_SPECTROSCOPY,ZWARNING_0_SCIENCEPRIMARY
TRD001505,148.56496,-0.95461485,GALAXY,SDSS_DR18_SPECTROSCOPY,ZWARNING_0_SCIENCEPRIMARY
TRD001506,148.58499,-0.94207436,GALAXY,SDSS_DR18_SPECTROSCOPY,ZWARNING_0_SCIENCEPRIMARY
TRD001507,148.62082,-1.1087992,GALAXY,SDSS_DR18_SPECTROSCOPY,ZWARNING_0_SCIENCEPRIMARY
TRD001508,148.56556,-0.93608348,GALAXY,SDSS_DR18_SPECTROSCOPY,ZWARNING_0_SCIENCEPRIMARY
TRD001509,148.59436,-1.1734795,GALAXY,SDSS_DR18_SPECTROSCOPY,ZWARNING_0_SCIENCEPRIMARY
TRD001510,148.60658,-0.92868782,GALAXY,SDSS_DR18_SPECTROSCOPY,ZWARNING_0_SCIENCEPRIMARY
TRD001511,148.72704,-1.1209844,GALAXY,SDSS_DR18_SPECTROSCOPY,ZWARNING_0_SCIENCEPRIMARY
TRD001512,149.16857,-0.38049866,GALAXY,SDSS_DR18_SPECTROSCOPY,ZWARNING_0_SCIENCEPRIMARY
TRD001513,149.16089,-0.35802021,GALAXY,SDSS_DR18_SPECTROSCOPY,ZWARNING_0_SCIENCEPRIMARY
TRD001514,149.12558,-0.30699451,GALAXY,SDSS_DR18_SPECTROSCOPY,ZWARNING_0_SCIENCEPRIMARY
TRD001515,149.12382,-0.39828319,GALAXY,SDSS_DR18_SPECTROSCOPY,ZWARNING_0_SCIENCEPRIMARY
TRD001516,149.11298,-0.34882857,GALAXY,SDSS_DR18_SPECTROSCOPY,ZWARNING_0_SCIENCEPRIMARY
TRD001517,149.18631,-0.3118078,GALAXY,SDSS_DR18_SPECTROSCOPY,ZWARNING_0_SCIENCEPRIMARY
TRD001518,149.11264,-0.47562545,GALAXY,SDSS_DR18_SPECTROSCOPY,ZWARNING_0_SCIENCEPRIMARY
TRD001519,149.19127,-0.25953399,GALAXY,SDSS_DR18_SPECTROSCOPY,ZWARNING_0_SCIENCEPRIMARY
TRD001520,149.1499,-0.49002964,GALAXY,SDSS_DR18_SPECTROSCOPY,ZWARNING_0_SCIENCEPRIMARY
TRD001521,149.17153,-0.41298084,GALAXY,SDSS_DR18_SPECTROSCOPY,ZWARNING_0_SCIENCEPRIMARY
TRD001522,149.15457,-0.11572062,GALAXY,SDSS_DR18_SPECTROSCOPY,ZWARNING_0_SCIENCEPRIMARY
TRD001523,149.13546,-0.34629229,GALAXY,SDSS_DR18_SPECTROSCOPY,ZWARNING_0_SCIENCEPRIMARY
TRD001524,149.17529,0.19213513,GALAXY,SDSS_DR18_SPECTROSCOPY,ZWARNING_0_SCIENCEPRIMARY
TRD001525,149.16987,-0.023341153,GALAXY,SDSS_DR18_SPECTROSCOPY,ZWARNING_0_SCIENCEPRIMARY
TRD001526,149.14242,-0.37241929,GALAXY,SDSS_DR18_SPECTROSCOPY,ZWARNING_0_SCIENCEPRIMARY
TRD001527,149.11792,0.18398894,GALAXY,SDSS_DR18_SPECTROSCOPY,ZWARNING_0_SCIENCEPRIMARY
TRD001528,149.15617,-0.31522682,GALAXY,SDSS_DR18_SPECTROSCOPY,ZWARNING_0_SCIENCEPRIMARY
TRD001529,149.12806,0.08362819,GALAXY,SDSS_DR18_SPECTROSCOPY,ZWARNING_0_SCIENCEPRIMARY
TRD001530,149.15395,0.17248053,GALAXY,SDSS_DR18_SPECTROSCOPY,ZWARNING_0_SCIENCEPRIMARY
TRD001531,148.45331,-1.1332843,GALAXY,SDSS_DR18_SPECTROSCOPY,ZWARNING_0_SCIENCEPRIMARY
TRD001532,148.53075,-1.205395,GALAXY,SDSS_DR18_SPECTROSCOPY,ZWARNING_0_SCIENCEPRIMARY
TRD001533,148.54241,-1.1945817,GALAXY,SDSS_DR18_SPECTROSCOPY,ZWARNING_0_SCIENCEPRIMARY
TRD001534,148.54758,-1.0880765,GALAXY,SDSS_DR18_SPECTROSCOPY,ZWARNING_0_SCIENCEPRIMARY
TRD001535,148.41086,-1.2333835,GALAXY,SDSS_DR18_SPECTROSCOPY,ZWARNING_0_SCIENCEPRIMARY
TRD001536,148.4325,-1.0264118,GALAXY,SDSS_DR18_SPECTROSCOPY,ZWARNING_0_SCIENCEPRIMARY
TRD001537,148.53557,-1.1786423,GALAXY,SDSS_DR18_SPECTROSCOPY,ZWARNING_0_SCIENCEPRIMARY
TRD001538,148.50906,-1.0035186,GALAXY,SDSS_DR18_SPECTROSCOPY,ZWARNING_0_SCIENCEPRIMARY
TRD001539,148.5592,-0.76021668,GALAXY,SDSS_DR18_SPECTROSCOPY,ZWARNING_0_SCIENCEPRIMARY
TRD001540,148.43988,-1.070231,GALAXY,SDSS_DR18_SPECTROSCOPY,ZWARNING_0_SCIENCEPRIMARY
TRD001541,148.44055,-0.80351664,GALAXY,SDSS_DR18_SPECTROSCOPY,ZWARNING_0_SCIENCEPRIMARY
TRD001542,148.50864,-0.89222436,GALAXY,SDSS_DR18_SPECTROSCOPY,ZWARNING_0_SCIENCEPRIMARY
TRD001543,148.49489,-1.0809097,GALAXY,SDSS_DR18_SPECTROSCOPY,ZWARNING_0_SCIENCEPRIMARY
TRD001544,148.50439,-0.7917225,GALAXY,SDSS_DR18_SPECTROSCOPY,ZWARNING_0_SCIENCEPRIMARY
TRD001545,148.50001,-0.74543922,GALAXY,SDSS_DR18_SPECTROSCOPY,ZWARNING_0_SCIENCEPRIMARY
TRD001546,148.45399,-0.79593592,GALAXY,SDSS_DR18_SPECTROSCOPY,ZWARNING_0_SCIENCEPRIMARY
TRD001547,149.06944,-0.55499982,GALAXY,SDSS_DR18_SPECTROSCOPY,ZWARNING_0_SCIENCEPRIMARY
TRD001548,149.06937,-0.233999,GALAXY,SDSS_DR18_SPECTROSCOPY,ZWARNING_0_SCIENCEPRIMARY
TRD001549,149.09028,-0.25137208,GALAXY,SDSS_DR18_SPECTROSCOPY,ZWARNING_0_SCIENCEPRIMARY
TRD001550,149.1053,-0.36742265,GALAXY,SDSS_DR18_SPECTROSCOPY,ZWARNING_0_SCIENCEPRIMARY
TRD001551,149.04851,-0.077647411,GALAXY,SDSS_DR18_SPECTROSCOPY,ZWARNING_0_SCIENCEPRIMARY
TRD001552,149.06268,-0.029201504,GALAXY,SDSS_DR18_SPECTROSCOPY,ZWARNING_0_SCIENCEPRIMARY
TRD001553,149.11249,0.1297301,GALAXY,SDSS_DR18_SPECTROSCOPY,ZWARNING_0_SCIENCEPRIMARY
TRD001554,149.01975,-0.59644421,GALAXY,SDSS_DR18_SPECTROSCOPY,ZWARNING_0_SCIENCEPRIMARY
TRD001555,149.04382,-0.62281596,GALAXY,SDSS_DR18_SPECTROSCOPY,ZWARNING_0_SCIENCEPRIMARY
TRD001556,149.02543,-0.12057915,GALAXY,SDSS_DR18_SPECTROSCOPY,ZWARNING_0_SCIENCEPRIMARY
TRD001557,149.0197,-0.23986022,GALAXY,SDSS_DR18_SPECTROSCOPY,ZWARNING_0_SCIENCEPRIMARY
TRD001558,149.07118,-0.10311127,GALAXY,SDSS_DR18_SPECTROSCOPY,ZWARNING_0_SCIENCEPRIMARY
TRD001559,148.99701,-0.24462691,GALAXY,SDSS_DR18_SPECTROSCOPY,ZWARNING_0_SCIENCEPRIMARY
TRD001560,149.08494,-0.30017934,GALAXY,SDSS_DR18_SPECTROSCOPY,ZWARNING_0_SCIENCEPRIMARY
TRD001561,149.02733,0.14326649,GALAXY,SDSS_DR18_SPECTROSCOPY,ZWARNING_0_SCIENCEPRIMARY
TRD001562,149.01061,0.13973901,GALAXY,SDSS_DR18_SPECTROSCOPY,ZWARNING_0_SCIENCEPRIMARY
TRD001563,149.01119,-0.080028731,GALAXY,SDSS_DR18_SPECTROSCOPY,ZWARNING_0_SCIENCEPRIMARY
TRD001564,148.38183,-1.2066102,GALAXY,SDSS_DR18_SPECTROSCOPY,ZWARNING_0_SCIENCEPRIMARY
TRD001565,148.21563,-0.87471248,GALAXY,SDSS_DR18_SPECTROSCOPY,ZWARNING_0_SCIENCEPRIMARY
TRD001566,148.31755,-1.0505461,GALAXY,SDSS_DR18_SPECTROSCOPY,ZWARNING_0_SCIENCEPRIMARY
TRD001567,148.35708,-1.0615241,GALAXY,SDSS_DR18_SPECTROSCOPY,ZWARNING_0_SCIENCEPRIMARY
TRD001568,148.39456,-0.88771162,GALAXY,SDSS_DR18_SPECTROSCOPY,ZWARNING_0_SCIENCEPRIMARY
TRD001569,148.26946,-0.85665628,GALAXY,SDSS_DR18_SPECTROSCOPY,ZWARNING_0_SCIENCEPRIMARY
TRD001570,148.24551,-0.97315015,GALAXY,SDSS_DR18_SPECTROSCOPY,ZWARNING_0_SCIENCEPRIMARY
TRD001571,148.35353,-0.90500968,GALAXY,SDSS_DR18_SPECTROSCOPY,ZWARNING_0_SCIENCEPRIMARY
TRD001572,148.38497,-0.94142973,GALAXY,SDSS_DR18_SPECTROSCOPY,ZWARNING_0_SCIENCEPRIMARY
TRD001573,148.22293,-0.73857738,GALAXY,SDSS_DR18_SPECTROSCOPY,ZWARNING_0_SCIENCEPRIMARY
TRD001574,148.36573,-1.0232385,GALAXY,SDSS_DR18_SPECTROSCOPY,ZWARNING_0_SCIENCEPRIMARY
TRD001575,148.35425,-0.74138513,GALAXY,SDSS_DR18_SPECTROSCOPY,ZWARNING_0_SCIENCEPRIMARY
TRD001576,148.24882,-0.80775746,GALAXY,SDSS_DR18_SPECTROSCOPY,ZWARNING_0_SCIENCEPRIMARY
TRD001577,148.26686,-0.78332894,GALAXY,SDSS_DR18_SPECTROSCOPY,ZWARNING_0_SCIENCEPRIMARY
TRD001578,148.25222,-0.77420296,GALAXY,SDSS_DR18_SPECTROSCOPY,ZWARNING_0_SCIENCEPRIMARY
TRD001579,148.23767,-0.79198332,GALAXY,SDSS_DR18_SPECTROSCOPY,ZWARNING_0_SCIENCEPRIMARY
TRD001580,148.2798,-1.0609262,GALAXY,SDSS_DR18_SPECTROSCOPY,ZWARNING_0_SCIENCEPRIMARY
TRD001581,148.23213,-0.86359612,GALAXY,SDSS_DR18_SPECTROSCOPY,ZWARNING_0_SCIENCEPRIMARY
TRD001582,148.90844,0.0087633028,GALAXY,SDSS_DR18_SPECTROSCOPY,ZWARNING_0_SCIENCEPRIMARY
TRD001583,148.85664,-0.059159696,GALAXY,SDSS_DR18_SPECTROSCOPY,ZWARNING_0_SCIENCEPRIMARY
TRD001584,148.75351,-0.59619364,GALAXY,SDSS_DR18_SPECTROSCOPY,ZWARNING_0_SCIENCEPRIMARY
TRD001585,148.87361,-0.29058415,GALAXY,SDSS_DR18_SPECTROSCOPY,ZWARNING_0_SCIENCEPRIMARY
TRD001586,148.97947,-0.19030594,GALAXY,SDSS_DR18_SPECTROSCOPY,ZWARNING_0_SCIENCEPRIMARY
TRD001587,148.84251,-0.044114155,GALAXY,SDSS_DR18_SPECTROSCOPY,ZWARNING_0_SCIENCEPRIMARY
TRD001588,148.88621,-0.037319689,GALAXY,SDSS_DR18_SPECTROSCOPY,ZWARNING_0_SCIENCEPRIMARY
TRD001589,148.87996,-0.46726397,GALAXY,SDSS_DR18_SPECTROSCOPY,ZWARNING_0_SCIENCEPRIMARY
TRD001590,148.79165,-0.021022616,GALAXY,SDSS_DR18_SPECTROSCOPY,ZWARNING_0_SCIENCEPRIMARY
TRD001591,148.95363,-0.097142812,GALAXY,SDSS_DR18_SPECTROSCOPY,ZWARNING_0_SCIENCEPRIMARY
TRD001592,148.9724,0.094808663,GALAXY,SDSS_DR18_SPECTROSCOPY,ZWARNING_0_SCIENCEPRIMARY
TRD001593,148.84821,-0.5873222,GALAXY,SDSS_DR18_SPECTROSCOPY,ZWARNING_0_SCIENCEPRIMARY
TRD001594,148.84264,-0.078736738,GALAXY,SDSS_DR18_SPECTROSCOPY,ZWARNING_0_SCIENCEPRIMARY
TRD001595,148.87511,-0.064060118,GALAXY,SDSS_DR18_SPECTROSCOPY,ZWARNING_0_SCIENCEPRIMARY
TRD001596,148.77557,-0.14121193,GALAXY,SDSS_DR18_SPECTROSCOPY,ZWARNING_0_SCIENCEPRIMARY
TRD001597,148.81068,0.16484644,GALAXY,SDSS_DR18_SPECTROSCOPY,ZWARNING_0_SCIENCEPRIMARY
TRD001598,148.95481,-0.0020917873,GALAXY,SDSS_DR18_SPECTROSCOPY,ZWARNING_0_SCIENCEPRIMARY
TRD001599,148.91534,-0.096735712,GALAXY,SDSS_DR18_SPECTROSCOPY,ZWARNING_0_SCIENCEPRIMARY
TRD001600,148.13724,-1.1731878,GALAXY,SDSS_DR18_SPECTROSCOPY,ZWARNING_0_SCIENCEPRIMARY
TRD001601,148.21427,-1.0016697,GALAXY,SDSS_DR18_SPECTROSCOPY,ZWARNING_0_SCIENCEPRIMARY
TRD001602,147.94455,-1.22337,GALAXY,SDSS_DR18_SPECTROSCOPY,ZWARNING_0_SCIENCEPRIMARY
TRD001603,148.09525,-1.1431802,GALAXY,SDSS_DR18_SPECTROSCOPY,ZWARNING_0_SCIENCEPRIMARY
TRD001604,147.92786,-0.95696057,GALAXY,SDSS_DR18_SPECTROSCOPY,ZWARNING_0_SCIENCEPRIMARY
TRD001605,148.12154,-1.0319943,GALAXY,SDSS_DR18_SPECTROSCOPY,ZWARNING_0_SCIENCEPRIMARY
TRD001606,148.01223,-1.2109547,GALAXY,SDSS_DR18_SPECTROSCOPY,ZWARNING_0_SCIENCEPRIMARY
TRD001607,148.2123,-1.1734604,GALAXY,SDSS_DR18_SPECTROSCOPY,ZWARNING_0_SCIENCEPRIMARY
TRD001608,147.99099,-1.1068001,GALAXY,SDSS_DR18_SPECTROSCOPY,ZWARNING_0_SCIENCEPRIMARY
TRD001609,148.06218,-0.66082464,GALAXY,SDSS_DR18_SPECTROSCOPY,ZWARNING_0_SCIENCEPRIMARY
TRD001610,148.00631,-1.0176983,GALAXY,SDSS_DR18_SPECTROSCOPY,ZWARNING_0_SCIENCEPRIMARY
TRD001611,148.0682,-0.70477622,GALAXY,SDSS_DR18_SPECTROSCOPY,ZWARNING_0_SCIENCEPRIMARY
TRD001612,148.15747,-0.82559275,GALAXY,SDSS_DR18_SPECTROSCOPY,ZWARNING_0_SCIENCEPRIMARY
TRD001613,148.00219,-0.78406217,GALAXY,SDSS_DR18_SPECTROSCOPY,ZWARNING_0_SCIENCEPRIMARY
TRD001614,147.96518,-0.94934334,GALAXY,SDSS_DR18_SPECTROSCOPY,ZWARNING_0_SCIENCEPRIMARY
TRD001615,148.00553,-0.76804989,GALAXY,SDSS_DR18_SPECTROSCOPY,ZWARNING_0_SCIENCEPRIMARY
TRD001616,148.04897,-0.85206301,GALAXY,SDSS_DR18_SPECTROSCOPY,ZWARNING_0_SCIENCEPRIMARY
TRD001617,148.03294,-1.1427995,GALAXY,SDSS_DR18_SPECTROSCOPY,ZWARNING_0_SCIENCEPRIMARY
TRD001618,148.65027,-0.059539396,GALAXY,SDSS_DR18_SPECTROSCOPY,ZWARNING_0_SCIENCEPRIMARY
TRD001619,148.54937,-0.066125284,GALAXY,SDSS_DR18_SPECTROSCOPY,ZWARNING_0_SCIENCEPRIMARY
TRD001620,148.47822,-0.54423455,GALAXY,SDSS_DR18_SPECTROSCOPY,ZWARNING_0_SCIENCEPRIMARY
TRD001621,148.67172,-0.37126581,GALAXY,SDSS_DR18_SPECTROSCOPY,ZWARNING_0_SCIENCEPRIMARY
TRD001622,148.42037,-0.23196749,GALAXY,SDSS_DR18_SPECTROSCOPY,ZWARNING_0_SCIENCEPRIMARY
TRD001623,148.58493,-0.31146803,GALAXY,SDSS_DR18_SPECTROSCOPY,ZWARNING_0_SCIENCEPRIMARY
TRD001624,148.50575,-0.11386407,GALAXY,SDSS_DR18_SPECTROSCOPY,ZWARNING_0_SCIENCEPRIMARY
TRD001625,148.65765,-0.59984333,GALAXY,SDSS_DR18_SPECTROSCOPY,ZWARNING_0_SCIENCEPRIMARY
TRD001626,148.72889,0.18885939,GALAXY,SDSS_DR18_SPECTROSCOPY,ZWARNING_0_SCIENCEPRIMARY
TRD001627,148.43474,-0.090464332,GALAXY,SDSS_DR18_SPECTROSCOPY,ZWARNING_0_SCIENCEPRIMARY
TRD001628,148.59294,-0.19599728,GALAXY,SDSS_DR18_SPECTROSCOPY,ZWARNING_0_SCIENCEPRIMARY
TRD001629,148.67968,-0.025100879,GALAXY,SDSS_DR18_SPECTROSCOPY,ZWARNING_0_SCIENCEPRIMARY
TRD001630,148.60004,0.12917036,GALAXY,SDSS_DR18_SPECTROSCOPY,ZWARNING_0_SCIENCEPRIMARY
TRD001631,148.58999,0.15324382,GALAXY,SDSS_DR18_SPECTROSCOPY,ZWARNING_0_SCIENCEPRIMARY
TRD001632,148.69239,0.042002604,GALAXY,SDSS_DR18_SPECTROSCOPY,ZWARNING_0_SCIENCEPRIMARY
TRD001633,148.72793,-0.37073055,GALAXY,SDSS_DR18_SPECTROSCOPY,ZWARNING_0_SCIENCEPRIMARY
TRD001634,148.68383,-0.34381083,GALAXY,SDSS_DR18_SPECTROSCOPY,ZWARNING_0_SCIENCEPRIMARY
TRD001635,148.10352,-0.46224293,GALAXY,SDSS_DR18_SPECTROSCOPY,ZWARNING_0_SCIENCEPRIMARY
TRD001636,148.21834,-0.27664619,GALAXY,SDSS_DR18_SPECTROSCOPY,ZWARNING_0_SCIENCEPRIMARY
TRD001637,148.28484,-0.61908774,GALAXY,SDSS_DR18_SPECTROSCOPY,ZWARNING_0_SCIENCEPRIMARY
TRD001638,148.18303,-0.058259826,GALAXY,SDSS_DR18_SPECTROSCOPY,ZWARNING_0_SCIENCEPRIMARY
TRD001639,148.13318,-0.52455899,GALAXY,SDSS_DR18_SPECTROSCOPY,ZWARNING_0_SCIENCEPRIMARY
TRD001640,148.13563,-0.3423445,GALAXY,SDSS_DR18_SPECTROSCOPY,ZWARNING_0_SCIENCEPRIMARY
TRD001641,148.11417,-0.49295285,GALAXY,SDSS_DR18_SPECTROSCOPY,ZWARNING_0_SCIENCEPRIMARY
TRD001642,148.32486,0.11508665,GALAXY,SDSS_DR18_SPECTROSCOPY,ZWARNING_0_SCIENCEPRIMARY
TRD001643,148.40568,-0.041013942,GALAXY,SDSS_DR18_SPECTROSCOPY,ZWARNING_0_SCIENCEPRIMARY
TRD001644,148.24054,0.11791934,GALAXY,SDSS_DR18_SPECTROSCOPY,ZWARNING_0_SCIENCEPRIMARY
TRD001645,148.34596,-0.16596411,GALAXY,SDSS_DR18_SPECTROSCOPY,ZWARNING_0_SCIENCEPRIMARY
TRD001646,148.28257,0.048570229,GALAXY,SDSS_DR18_SPECTROSCOPY,ZWARNING_0_SCIENCEPRIMARY
TRD001647,148.35715,-0.019001911,GALAXY,SDSS_DR18_SPECTROSCOPY,ZWARNING_0_SCIENCEPRIMARY
TRD001648,148.12516,-0.41786911,GALAXY,SDSS_DR18_SPECTROSCOPY,ZWARNING_0_SCIENCEPRIMARY
TRD001649,148.23615,-0.17441482,GALAXY,SDSS_DR18_SPECTROSCOPY,ZWARNING_0_SCIENCEPRIMARY
TRD001650,148.08477,-0.14661638,GALAXY,SDSS_DR18_SPECTROSCOPY,ZWARNING_0_SCIENCEPRIMARY
TRD001651,147.8307,-0.17603576,GALAXY,SDSS_DR18_SPECTROSCOPY,ZWARNING_0_SCIENCEPRIMARY
TRD001652,147.72827,0.13585898,GALAXY,SDSS_DR18_SPECTROSCOPY,ZWARNING_0_SCIENCEPRIMARY
TRD001653,147.92467,-0.23894113,GALAXY,SDSS_DR18_SPECTROSCOPY,ZWARNING_0_SCIENCEPRIMARY
TRD001654,148.05021,-0.086273806,GALAXY,SDSS_DR18_SPECTROSCOPY,ZWARNING_0_SCIENCEPRIMARY
TRD001655,147.8615,-0.26639602,GALAXY,SDSS_DR18_SPECTROSCOPY,ZWARNING_0_SCIENCEPRIMARY
TRD001656,147.86306,-0.16839547,GALAXY,SDSS_DR18_SPECTROSCOPY,ZWARNING_0_SCIENCEPRIMARY
TRD001657,147.93709,-0.27135387,GALAXY,SDSS_DR18_SPECTROSCOPY,ZWARNING_0_SCIENCEPRIMARY
TRD001658,147.78785,0.0098501986,GALAXY,SDSS_DR18_SPECTROSCOPY,ZWARNING_0_SCIENCEPRIMARY
TRD001659,147.90346,-0.3177735,GALAXY,SDSS_DR18_SPECTROSCOPY,ZWARNING_0_SCIENCEPRIMARY
TRD001660,147.69322,0.13053617,GALAXY,SDSS_DR18_SPECTROSCOPY,ZWARNING_0_SCIENCEPRIMARY
TRD001661,147.85775,-0.04388436,GALAXY,SDSS_DR18_SPECTROSCOPY,ZWARNING_0_SCIENCEPRIMARY
TRD001662,147.89962,-0.21525091,GALAXY,SDSS_DR18_SPECTROSCOPY,ZWARNING_0_SCIENCEPRIMARY
TRD001663,147.79347,0.12325749,GALAXY,SDSS_DR18_SPECTROSCOPY,ZWARNING_0_SCIENCEPRIMARY
TRD001664,147.73989,0.15970833,GALAXY,SDSS_DR18_SPECTROSCOPY,ZWARNING_0_SCIENCEPRIMARY
TRD001665,148.07759,-0.12739408,GALAXY,SDSS_DR18_SPECTROSCOPY,ZWARNING_0_SCIENCEPRIMARY
TRD001666,147.81045,0.046493486,GALAXY,SDSS_DR18_SPECTROSCOPY,ZWARNING_0_SCIENCEPRIMARY
TRD001667,147.74868,0.11584035,GALAXY,SDSS_DR18_SPECTROSCOPY,ZWARNING_0_SCIENCEPRIMARY
TRD001668,147.77579,0.05411649,GALAXY,SDSS_DR18_SPECTROSCOPY,ZWARNING_0_SCIENCEPRIMARY
TRD001669,147.63101,-1.1331063,GALAXY,SDSS_DR18_SPECTROSCOPY,ZWARNING_0_SCIENCEPRIMARY
TRD001670,147.7552,-0.86806671,GALAXY,SDSS_DR18_SPECTROSCOPY,ZWARNING_0_SCIENCEPRIMARY
TRD001671,147.87054,-0.95820669,GALAXY,SDSS_DR18_SPECTROSCOPY,ZWARNING_0_SCIENCEPRIMARY
TRD001672,147.70857,-0.88775026,GALAXY,SDSS_DR18_SPECTROSCOPY,ZWARNING_0_SCIENCEPRIMARY
TRD001673,147.79717,-0.77937724,GALAXY,SDSS_DR18_SPECTROSCOPY,ZWARNING_0_SCIENCEPRIMARY
TRD001674,147.90662,-1.1703902,GALAXY,SDSS_DR18_SPECTROSCOPY,ZWARNING_0_SCIENCEPRIMARY
TRD001675,147.80667,-1.1099,GALAXY,SDSS_DR18_SPECTROSCOPY,ZWARNING_0_SCIENCEPRIMARY
TRD001676,147.78838,-1.2410359,GALAXY,SDSS_DR18_SPECTROSCOPY,ZWARNING_0_SCIENCEPRIMARY
TRD001677,147.80753,-0.88459728,GALAXY,SDSS_DR18_SPECTROSCOPY,ZWARNING_0_SCIENCEPRIMARY
TRD001678,147.72206,-0.69100875,GALAXY,SDSS_DR18_SPECTROSCOPY,ZWARNING_0_SCIENCEPRIMARY
TRD001679,147.80929,-0.72849148,GALAXY,SDSS_DR18_SPECTROSCOPY,ZWARNING_0_SCIENCEPRIMARY
TRD001680,147.74008,-0.74340141,GALAXY,SDSS_DR18_SPECTROSCOPY,ZWARNING_0_SCIENCEPRIMARY
TRD001681,147.72786,-0.83489403,GALAXY,SDSS_DR18_SPECTROSCOPY,ZWARNING_0_SCIENCEPRIMARY
TRD001682,147.73297,-0.72031643,GALAXY,SDSS_DR18_SPECTROSCOPY,ZWARNING_0_SCIENCEPRIMARY
TRD001683,147.65921,-1.0037984,GALAXY,SDSS_DR18_SPECTROSCOPY,ZWARNING_0_SCIENCEPRIMARY
TRD001684,147.64572,-0.27665868,GALAXY,SDSS_DR18_SPECTROSCOPY,ZWARNING_0_SCIENCEPRIMARY
TRD001685,147.82997,-0.44150459,GALAXY,SDSS_DR18_SPECTROSCOPY,ZWARNING_0_SCIENCEPRIMARY
TRD001686,147.96631,-0.50010909,GALAXY,SDSS_DR18_SPECTROSCOPY,ZWARNING_0_SCIENCEPRIMARY
TRD001687,147.80629,-0.48122158,GALAXY,SDSS_DR18_SPECTROSCOPY,ZWARNING_0_SCIENCEPRIMARY
TRD001688,147.86931,-0.56269163,GALAXY,SDSS_DR18_SPECTROSCOPY,ZWARNING_0_SCIENCEPRIMARY
TRD001689,147.8548,-0.36901139,GALAXY,SDSS_DR18_SPECTROSCOPY,ZWARNING_0_SCIENCEPRIMARY
TRD001690,147.7359,-0.31801106,GALAXY,SDSS_DR18_SPECTROSCOPY,ZWARNING_0_SCIENCEPRIMARY
TRD001691,147.63436,-0.098223832,GALAXY,SDSS_DR18_SPECTROSCOPY,ZWARNING_0_SCIENCEPRIMARY
TRD001692,147.91036,-0.57613996,GALAXY,SDSS_DR18_SPECTROSCOPY,ZWARNING_0_SCIENCEPRIMARY
TRD001693,148.03322,-0.56225306,GALAXY,SDSS_DR18_SPECTROSCOPY,ZWARNING_0_SCIENCEPRIMARY
TRD001694,147.68812,-0.061740106,GALAXY,SDSS_DR18_SPECTROSCOPY,ZWARNING_0_SCIENCEPRIMARY
TRD001695,147.62973,-0.28923372,GALAXY,SDSS_DR18_SPECTROSCOPY,ZWARNING_0_SCIENCEPRIMARY
TRD001696,147.88098,-0.37988926,GALAXY,SDSS_DR18_SPECTROSCOPY,ZWARNING_0_SCIENCEPRIMARY
TRD001697,147.86304,-0.40424782,GALAXY,SDSS_DR18_SPECTROSCOPY,ZWARNING_0_SCIENCEPRIMARY
TRD001698,147.50021,-1.017404,GALAXY,SDSS_DR18_SPECTROSCOPY,ZWARNING_0_SCIENCEPRIMARY
TRD001699,147.24633,-1.2532563,GALAXY,SDSS_DR18_SPECTROSCOPY,ZWARNING_0_SCIENCEPRIMARY
TRD001700,147.40154,-0.83309354,GALAXY,SDSS_DR18_SPECTROSCOPY,ZWARNING_0_SCIENCEPRIMARY
TRD001701,147.37478,-0.85898878,GALAXY,SDSS_DR18_SPECTROSCOPY,ZWARNING_0_SCIENCEPRIMARY
TRD001702,147.43112,-0.86728318,GALAXY,SDSS_DR18_SPECTROSCOPY,ZWARNING_0_SCIENCEPRIMARY
TRD001703,147.48643,-0.97518784,GALAXY,SDSS_DR18_SPECTROSCOPY,ZWARNING_0_SCIENCEPRIMARY
TRD001704,147.40814,-0.88704365,GALAXY,SDSS_DR18_SPECTROSCOPY,ZWARNING_0_SCIENCEPRIMARY
TRD001705,147.404,-1.1733014,GALAXY,SDSS_DR18_SPECTROSCOPY,ZWARNING_0_SCIENCEPRIMARY
TRD001706,147.4937,-0.88315004,GALAXY,SDSS_DR18_SPECTROSCOPY,ZWARNING_0_SCIENCEPRIMARY
TRD001707,147.65468,-0.88138554,GALAXY,SDSS_DR18_SPECTROSCOPY,ZWARNING_0_SCIENCEPRIMARY
TRD001708,147.62052,-0.91486919,GALAXY,SDSS_DR18_SPECTROSCOPY,ZWARNING_0_SCIENCEPRIMARY
TRD001709,147.60714,-0.75427855,GALAXY,SDSS_DR18_SPECTROSCOPY,ZWARNING_0_SCIENCEPRIMARY
TRD001710,147.52334,-0.84953021,GALAXY,SDSS_DR18_SPECTROSCOPY,ZWARNING_0_SCIENCEPRIMARY
TRD001711,147.47438,-0.80832652,GALAXY,SDSS_DR18_SPECTROSCOPY,ZWARNING_0_SCIENCEPRIMARY
TRD001712,147.42829,-0.84007574,GALAXY,SDSS_DR18_SPECTROSCOPY,ZWARNING_0_SCIENCEPRIMARY
TRD001713,147.48496,-0.23136338,GALAXY,SDSS_DR18_SPECTROSCOPY,ZWARNING_0_SCIENCEPRIMARY
TRD001714,147.45883,-0.32263375,GALAXY,SDSS_DR18_SPECTROSCOPY,ZWARNING_0_SCIENCEPRIMARY
TRD001715,147.43725,-0.34209863,GALAXY,SDSS_DR18_SPECTROSCOPY,ZWARNING_0_SCIENCEPRIMARY
TRD001716,147.43912,0.046829915,GALAXY,SDSS_DR18_SPECTROSCOPY,ZWARNING_0_SCIENCEPRIMARY
TRD001717,147.51706,0.04412864,GALAXY,SDSS_DR18_SPECTROSCOPY,ZWARNING_0_SCIENCEPRIMARY
TRD001718,147.4701,-0.35133896,GALAXY,SDSS_DR18_SPECTROSCOPY,ZWARNING_0_SCIENCEPRIMARY
TRD001719,147.56782,-0.28138654,GALAXY,SDSS_DR18_SPECTROSCOPY,ZWARNING_0_SCIENCEPRIMARY
TRD001720,147.46847,-0.45818737,GALAXY,SDSS_DR18_SPECTROSCOPY,ZWARNING_0_SCIENCEPRIMARY
TRD001721,147.46024,-0.30102857,GALAXY,SDSS_DR18_SPECTROSCOPY,ZWARNING_0_SCIENCEPRIMARY
TRD001722,147.59691,-0.32988611,GALAXY,SDSS_DR18_SPECTROSCOPY,ZWARNING_0_SCIENCEPRIMARY
TRD001723,147.57061,-0.43424172,GALAXY,SDSS_DR18_SPECTROSCOPY,ZWARNING_0_SCIENCEPRIMARY
TRD001724,147.7083,0.19797583,GALAXY,SDSS_DR18_SPECTROSCOPY,ZWARNING_0_SCIENCEPRIMARY
TRD001725,147.47772,-0.16522961,GALAXY,SDSS_DR18_SPECTROSCOPY,ZWARNING_0_SCIENCEPRIMARY
TRD001726,147.4905,-0.31634141,GALAXY,SDSS_DR18_SPECTROSCOPY,ZWARNING_0_SCIENCEPRIMARY
TRD001727,147.17678,-0.95284717,GALAXY,SDSS_DR18_SPECTROSCOPY,ZWARNING_0_SCIENCEPRIMARY
TRD001728,147.15075,-1.173309,GALAXY,SDSS_DR18_SPECTROSCOPY,ZWARNING_0_SCIENCEPRIMARY
TRD001729,147.20493,-0.88747863,GALAXY,SDSS_DR18_SPECTROSCOPY,ZWARNING_0_SCIENCEPRIMARY
TRD001730,147.16557,-0.89132692,GALAXY,SDSS_DR18_SPECTROSCOPY,ZWARNING_0_SCIENCEPRIMARY
TRD001731,147.19617,-1.2085178,GALAXY,SDSS_DR18_SPECTROSCOPY,ZWARNING_0_SCIENCEPRIMARY
TRD001732,146.86807,-1.1923667,GALAXY,SDSS_DR18_SPECTROSCOPY,ZWARNING_0_SCIENCEPRIMARY
TRD001733,147.07152,-1.2306963,GALAXY,SDSS_DR18_SPECTROSCOPY,ZWARNING_0_SCIENCEPRIMARY
TRD001734,147.22992,-0.89837162,GALAXY,SDSS_DR18_SPECTROSCOPY,ZWARNING_0_SCIENCEPRIMARY
TRD001735,147.07786,-0.87301304,GALAXY,SDSS_DR18_SPECTROSCOPY,ZWARNING_0_SCIENCEPRIMARY
TRD001736,147.27217,-0.67572859,GALAXY,SDSS_DR18_SPECTROSCOPY,ZWARNING_0_SCIENCEPRIMARY
TRD001737,147.2077,-1.1858975,GALAXY,SDSS_DR18_SPECTROSCOPY,ZWARNING_0_SCIENCEPRIMARY
TRD001738,146.88131,-0.51417256,GALAXY,SDSS_DR18_SPECTROSCOPY,ZWARNING_0_SCIENCEPRIMARY
TRD001739,146.94621,-1.2129408,GALAXY,SDSS_DR18_SPECTROSCOPY,ZWARNING_0_SCIENCEPRIMARY
TRD001740,146.78847,-0.31065752,GALAXY,SDSS_DR18_SPECTROSCOPY,ZWARNING_0_SCIENCEPRIMARY
TRD001741,147.39993,-0.55694386,GALAXY,SDSS_DR18_SPECTROSCOPY,ZWARNING_0_SCIENCEPRIMARY
TRD001742,146.9108,-0.074559356,GALAXY,SDSS_DR18_SPECTROSCOPY,ZWARNING_0_SCIENCEPRIMARY
TRD001743,147.34191,-0.54030367,GALAXY,SDSS_DR18_SPECTROSCOPY,ZWARNING_0_SCIENCEPRIMARY
TRD001744,147.36287,-0.32793275,GALAXY,SDSS_DR18_SPECTROSCOPY,ZWARNING_0_SCIENCEPRIMARY
TRD001745,147.22073,-0.29316914,GALAXY,SDSS_DR18_SPECTROSCOPY,ZWARNING_0_SCIENCEPRIMARY
TRD001746,146.75722,0.0084061309,GALAXY,SDSS_DR18_SPECTROSCOPY,ZWARNING_0_SCIENCEPRIMARY
TRD001747,147.39152,-0.24981181,GALAXY,SDSS_DR18_SPECTROSCOPY,ZWARNING_0_SCIENCEPRIMARY
TRD001748,146.82604,-0.33740932,GALAXY,SDSS_DR18_SPECTROSCOPY,ZWARNING_0_SCIENCEPRIMARY
TRD001749,147.40538,0.11135887,GALAXY,SDSS_DR18_SPECTROSCOPY,ZWARNING_0_SCIENCEPRIMARY
TRD001750,147.2941,0.14651592,GALAXY,SDSS_DR18_SPECTROSCOPY,ZWARNING_0_SCIENCEPRIMARY
TRD001751,146.72968,-0.25966202,GALAXY,SDSS_DR18_SPECTROSCOPY,ZWARNING_0_SCIENCEPRIMARY
TRD001752,147.08843,-0.25609269,GALAXY,SDSS_DR18_SPECTROSCOPY,ZWARNING_0_SCIENCEPRIMARY
TRD001753,147.49765,0.10419984,GALAXY,SDSS_DR18_SPECTROSCOPY,ZWARNING_0_SCIENCEPRIMARY
TRD001754,147.38902,0.09016696,GALAXY,SDSS_DR18_SPECTROSCOPY,ZWARNING_0_SCIENCEPRIMARY
TRD001755,147.37888,-0.38506069,GALAXY,SDSS_DR18_SPECTROSCOPY,ZWARNING_0_SCIENCEPRIMARY
TRD001756,146.96299,1.1877911,GALAXY,SDSS_DR18_SPECTROSCOPY,ZWARNING_0_SCIENCEPRIMARY
TRD001757,147.17196,1.1956607,GALAXY,SDSS_DR18_SPECTROSCOPY,ZWARNING_0_SCIENCEPRIMARY
TRD001758,147.04649,1.1119265,GALAXY,SDSS_DR18_SPECTROSCOPY,ZWARNING_0_SCIENCEPRIMARY
TRD001759,147.24571,1.1384966,GALAXY,SDSS_DR18_SPECTROSCOPY,ZWARNING_0_SCIENCEPRIMARY
TRD001760,147.19636,1.0532201,GALAXY,SDSS_DR18_SPECTROSCOPY,ZWARNING_0_SCIENCEPRIMARY
TRD001761,147.09307,0.91700535,GALAXY,SDSS_DR18_SPECTROSCOPY,ZWARNING_0_SCIENCEPRIMARY
TRD001762,147.16742,0.9439156,GALAXY,SDSS_DR18_SPECTROSCOPY,ZWARNING_0_SCIENCEPRIMARY
TRD001763,147.31346,0.89716009,GALAXY,SDSS_DR18_SPECTROSCOPY,ZWARNING_0_SCIENCEPRIMARY
TRD001764,147.30638,1.1777612,GALAXY,SDSS_DR18_SPECTROSCOPY,ZWARNING_0_SCIENCEPRIMARY
TRD001765,147.31845,0.82160167,GALAXY,SDSS_DR18_SPECTROSCOPY,ZWARNING_0_SCIENCEPRIMARY
TRD001766,147.20183,0.92040828,GALAXY,SDSS_DR18_SPECTROSCOPY,ZWARNING_0_SCIENCEPRIMARY
TRD001767,147.33565,1.1533879,GALAXY,SDSS_DR18_SPECTROSCOPY,ZWARNING_0_SCIENCEPRIMARY
TRD001768,147.27313,0.83022894,GALAXY,SDSS_DR18_SPECTROSCOPY,ZWARNING_0_SCIENCEPRIMARY
TRD001769,147.04945,1.0050011,GALAXY,SDSS_DR18_SPECTROSCOPY,ZWARNING_0_SCIENCEPRIMARY
TRD001770,147.43172,0.45632675,GALAXY,SDSS_DR18_SPECTROSCOPY,ZWARNING_0_SCIENCEPRIMARY
TRD001771,147.32443,0.66098239,GALAXY,SDSS_DR18_SPECTROSCOPY,ZWARNING_0_SCIENCEPRIMARY
TRD001772,147.16549,0.43377448,GALAXY,SDSS_DR18_SPECTROSCOPY,ZWARNING_0_SCIENCEPRIMARY
TRD001773,146.7729,0.70115846,GALAXY,SDSS_DR18_SPECTROSCOPY,ZWARNING_0_SCIENCEPRIMARY
TRD001774,147.37271,0.24256335,GALAXY,SDSS_DR18_SPECTROSCOPY,ZWARNING_0_SCIENCEPRIMARY
TRD001775,147.34962,0.39104812,GALAXY,SDSS_DR18_SPECTROSCOPY,ZWARNING_0_SCIENCEPRIMARY
TRD001776,147.30934,0.3442723,GALAXY,SDSS_DR18_SPECTROSCOPY,ZWARNING_0_SCIENCEPRIMARY
TRD001777,146.72333,0.50733857,GALAXY,SDSS_DR18_SPECTROSCOPY,ZWARNING_0_SCIENCEPRIMARY
TRD001778,147.36684,0.9683458,GALAXY,SDSS_DR18_SPECTROSCOPY,ZWARNING_0_SCIENCEPRIMARY
TRD001779,147.42873,1.1074838,GALAXY,SDSS_DR18_SPECTROSCOPY,ZWARNING_0_SCIENCEPRIMARY
TRD001780,147.45678,1.0925697,GALAXY,SDSS_DR18_SPECTROSCOPY,ZWARNING_0_SCIENCEPRIMARY
TRD001781,147.48325,1.1850187,GALAXY,SDSS_DR18_SPECTROSCOPY,ZWARNING_0_SCIENCEPRIMARY
TRD001782,147.51478,0.83430352,GALAXY,SDSS_DR18_SPECTROSCOPY,ZWARNING_0_SCIENCEPRIMARY
TRD001783,147.51138,1.100611,GALAXY,SDSS_DR18_SPECTROSCOPY,ZWARNING_0_SCIENCEPRIMARY
TRD001784,147.50311,0.84813827,GALAXY,SDSS_DR18_SPECTROSCOPY,ZWARNING_0_SCIENCEPRIMARY
TRD001785,147.42242,0.85559369,GALAXY,SDSS_DR18_SPECTROSCOPY,ZWARNING_0_SCIENCEPRIMARY
TRD001786,147.51772,1.1528299,GALAXY,SDSS_DR18_SPECTROSCOPY,ZWARNING_0_SCIENCEPRIMARY
TRD001787,147.64263,0.78011335,GALAXY,SDSS_DR18_SPECTROSCOPY,ZWARNING_0_SCIENCEPRIMARY
TRD001788,147.47507,0.80458016,GALAXY,SDSS_DR18_SPECTROSCOPY,ZWARNING_0_SCIENCEPRIMARY
TRD001789,147.33859,0.79272399,GALAXY,SDSS_DR18_SPECTROSCOPY,ZWARNING_0_SCIENCEPRIMARY
TRD001790,147.56153,1.2298604,GALAXY,SDSS_DR18_SPECTROSCOPY,ZWARNING_0_SCIENCEPRIMARY
TRD001791,147.45095,0.83770769,GALAXY,SDSS_DR18_SPECTROSCOPY,ZWARNING_0_SCIENCEPRIMARY
TRD001792,147.45014,0.75806793,GALAXY,SDSS_DR18_SPECTROSCOPY,ZWARNING_0_SCIENCEPRIMARY
TRD001793,147.53905,0.59759859,GALAXY,SDSS_DR18_SPECTROSCOPY,ZWARNING_0_SCIENCEPRIMARY
TRD001794,147.51314,0.71902039,GALAXY,SDSS_DR18_SPECTROSCOPY,ZWARNING_0_SCIENCEPRIMARY
TRD001795,147.55219,0.53963391,GALAXY,SDSS_DR18_SPECTROSCOPY,ZWARNING_0_SCIENCEPRIMARY
TRD001796,147.47559,0.61629296,GALAXY,SDSS_DR18_SPECTROSCOPY,ZWARNING_0_SCIENCEPRIMARY
TRD001797,147.50009,0.64493882,GALAXY,SDSS_DR18_SPECTROSCOPY,ZWARNING_0_SCIENCEPRIMARY
TRD001798,147.52575,0.51223237,GALAXY,SDSS_DR18_SPECTROSCOPY,ZWARNING_0_SCIENCEPRIMARY
TRD001799,147.51757,0.45016298,GALAXY,SDSS_DR18_SPECTROSCOPY,ZWARNING_0_SCIENCEPRIMARY
TRD001800,147.54778,0.66767806,GALAXY,SDSS_DR18_SPECTROSCOPY,ZWARNING_0_SCIENCEPRIMARY
TRD001801,147.46057,0.61188203,GALAXY,SDSS_DR18_SPECTROSCOPY,ZWARNING_0_SCIENCEPRIMARY
TRD001802,147.52494,0.53880446,GALAXY,SDSS_DR18_SPECTROSCOPY,ZWARNING_0_SCIENCEPRIMARY
TRD001803,147.47106,0.3150296,GALAXY,SDSS_DR18_SPECTROSCOPY,ZWARNING_0_SCIENCEPRIMARY
TRD001804,147.50223,0.54138405,GALAXY,SDSS_DR18_SPECTROSCOPY,ZWARNING_0_SCIENCEPRIMARY
TRD001805,147.50014,0.3590334,GALAXY,SDSS_DR18_SPECTROSCOPY,ZWARNING_0_SCIENCEPRIMARY
TRD001806,147.58299,0.30968378,GALAXY,SDSS_DR18_SPECTROSCOPY,ZWARNING_0_SCIENCEPRIMARY
TRD001807,147.49091,0.53099268,GALAXY,SDSS_DR18_SPECTROSCOPY,ZWARNING_0_SCIENCEPRIMARY
TRD001808,147.5686,0.7060949,GALAXY,SDSS_DR18_SPECTROSCOPY,ZWARNING_0_SCIENCEPRIMARY
TRD001809,147.54677,0.56461052,GALAXY,SDSS_DR18_SPECTROSCOPY,ZWARNING_0_SCIENCEPRIMARY
TRD001810,147.45621,0.51267418,GALAXY,SDSS_DR18_SPECTROSCOPY,ZWARNING_0_SCIENCEPRIMARY
TRD001811,147.69204,1.1795035,GALAXY,SDSS_DR18_SPECTROSCOPY,ZWARNING_0_SCIENCEPRIMARY
TRD001812,147.66407,1.210253,GALAXY,SDSS_DR18_SPECTROSCOPY,ZWARNING_0_SCIENCEPRIMARY
TRD001813,147.8556,0.93210938,GALAXY,SDSS_DR18_SPECTROSCOPY,ZWARNING_0_SCIENCEPRIMARY
TRD001814,147.62725,1.220489,GALAXY,SDSS_DR18_SPECTROSCOPY,ZWARNING_0_SCIENCEPRIMARY
TRD001815,147.88701,0.78927231,GALAXY,SDSS_DR18_SPECTROSCOPY,ZWARNING_0_SCIENCEPRIMARY
TRD001816,147.70565,0.92256808,GALAXY,SDSS_DR18_SPECTROSCOPY,ZWARNING_0_SCIENCEPRIMARY
TRD001817,147.72594,1.1926648,GALAXY,SDSS_DR18_SPECTROSCOPY,ZWARNING_0_SCIENCEPRIMARY
TRD001818,147.70917,1.148224,GALAXY,SDSS_DR18_SPECTROSCOPY,ZWARNING_0_SCIENCEPRIMARY
TRD001819,147.68664,0.88235642,GALAXY,SDSS_DR18_SPECTROSCOPY,ZWARNING_0_SCIENCEPRIMARY
TRD001820,147.81589,0.84598526,GALAXY,SDSS_DR18_SPECTROSCOPY,ZWARNING_0_SCIENCEPRIMARY
TRD001821,147.78993,0.91617023,GALAXY,SDSS_DR18_SPECTROSCOPY,ZWARNING_0_SCIENCEPRIMARY
TRD001822,147.76167,0.86981835,GALAXY,SDSS_DR18_SPECTROSCOPY,ZWARNING_0_SCIENCEPRIMARY
TRD001823,147.79689,0.77265689,GALAXY,SDSS_DR18_SPECTROSCOPY,ZWARNING_0_SCIENCEPRIMARY
TRD001824,147.74024,0.86319252,GALAXY,SDSS_DR18_SPECTROSCOPY,ZWARNING_0_SCIENCEPRIMARY
TRD001825,147.83541,0.89975941,GALAXY,SDSS_DR18_SPECTROSCOPY,ZWARNING_0_SCIENCEPRIMARY
TRD001826,147.70052,0.82952751,GALAXY,SDSS_DR18_SPECTROSCOPY,ZWARNING_0_SCIENCEPRIMARY
TRD001827,147.61928,0.74705046,GALAXY,SDSS_DR18_SPECTROSCOPY,ZWARNING_0_SCIENCEPRIMARY
TRD001828,147.5984,0.30336233,GALAXY,SDSS_DR18_SPECTROSCOPY,ZWARNING_0_SCIENCEPRIMARY
TRD001829,147.74002,0.61567399,GALAXY,SDSS_DR18_SPECTROSCOPY,ZWARNING_0_SCIENCEPRIMARY
TRD001830,147.67103,0.66726577,GALAXY,SDSS_DR18_SPECTROSCOPY,ZWARNING_0_SCIENCEPRIMARY
TRD001831,147.59101,0.73643446,GALAXY,SDSS_DR18_SPECTROSCOPY,ZWARNING_0_SCIENCEPRIMARY
TRD001832,147.63041,0.40751089,GALAXY,SDSS_DR18_SPECTROSCOPY,ZWARNING_0_SCIENCEPRIMARY
TRD001833,147.72238,0.60230019,GALAXY,SDSS_DR18_SPECTROSCOPY,ZWARNING_0_SCIENCEPRIMARY
TRD001834,147.65778,0.42546506,GALAXY,SDSS_DR18_SPECTROSCOPY,ZWARNING_0_SCIENCEPRIMARY
TRD001835,147.89525,0.25563302,GALAXY,SDSS_DR18_SPECTROSCOPY,ZWARNING_0_SCIENCEPRIMARY
TRD001836,147.86563,0.5020026,GALAXY,SDSS_DR18_SPECTROSCOPY,ZWARNING_0_SCIENCEPRIMARY
TRD001837,147.72897,0.76968722,GALAXY,SDSS_DR18_SPECTROSCOPY,ZWARNING_0_SCIENCEPRIMARY
TRD001838,147.73956,0.63468838,GALAXY,SDSS_DR18_SPECTROSCOPY,ZWARNING_0_SCIENCEPRIMARY
TRD001839,147.7793,0.22625902,GALAXY,SDSS_DR18_SPECTROSCOPY,ZWARNING_0_SCIENCEPRIMARY
TRD001840,147.70082,0.65954872,GALAXY,SDSS_DR18_SPECTROSCOPY,ZWARNING_0_SCIENCEPRIMARY
TRD001841,147.86458,0.25588937,GALAXY,SDSS_DR18_SPECTROSCOPY,ZWARNING_0_SCIENCEPRIMARY
TRD001842,147.91077,1.0319759,GALAXY,SDSS_DR18_SPECTROSCOPY,ZWARNING_0_SCIENCEPRIMARY
TRD001843,148.0158,1.1484408,GALAXY,SDSS_DR18_SPECTROSCOPY,ZWARNING_0_SCIENCEPRIMARY
TRD001844,147.99892,1.0464703,GALAXY,SDSS_DR18_SPECTROSCOPY,ZWARNING_0_SCIENCEPRIMARY
TRD001845,147.95673,1.1428177,GALAXY,SDSS_DR18_SPECTROSCOPY,ZWARNING_0_SCIENCEPRIMARY
TRD001846,147.82756,1.1323062,GALAXY,SDSS_DR18_SPECTROSCOPY,ZWARNING_0_SCIENCEPRIMARY
TRD001847,147.89586,1.1120728,GALAXY,SDSS_DR18_SPECTROSCOPY,ZWARNING_0_SCIENCEPRIMARY
TRD001848,147.93739,1.2099997,GALAXY,SDSS_DR18_SPECTROSCOPY,ZWARNING_0_SCIENCEPRIMARY
TRD001849,147.99447,0.98467764,GALAXY,SDSS_DR18_SPECTROSCOPY,ZWARNING_0_SCIENCEPRIMARY
TRD001850,147.96838,0.76446076,GALAXY,SDSS_DR18_SPECTROSCOPY,ZWARNING_0_SCIENCEPRIMARY
TRD001851,147.83631,1.0717713,GALAXY,SDSS_DR18_SPECTROSCOPY,ZWARNING_0_SCIENCEPRIMARY
TRD001852,147.97111,1.1016382,GALAXY,SDSS_DR18_SPECTROSCOPY,ZWARNING_0_SCIENCEPRIMARY
TRD001853,147.99331,0.93640433,GALAXY,SDSS_DR18_SPECTROSCOPY,ZWARNING_0_SCIENCEPRIMARY
TRD001854,147.89257,1.1388515,GALAXY,SDSS_DR18_SPECTROSCOPY,ZWARNING_0_SCIENCEPRIMARY
TRD001855,147.98555,1.1110018,GALAXY,SDSS_DR18_SPECTROSCOPY,ZWARNING_0_SCIENCEPRIMARY
TRD001856,148.01434,0.87120136,GALAXY,SDSS_DR18_SPECTROSCOPY,ZWARNING_0_SCIENCEPRIMARY
TRD001857,147.9313,0.95214425,GALAXY,SDSS_DR18_SPECTROSCOPY,ZWARNING_0_SCIENCEPRIMARY
TRD001858,147.97524,0.71403702,GALAXY,SDSS_DR18_SPECTROSCOPY,ZWARNING_0_SCIENCEPRIMARY
TRD001859,148.00626,0.34887564,GALAXY,SDSS_DR18_SPECTROSCOPY,ZWARNING_0_SCIENCEPRIMARY
TRD001860,147.92802,0.49422737,GALAXY,SDSS_DR18_SPECTROSCOPY,ZWARNING_0_SCIENCEPRIMARY
TRD001861,147.95132,0.60521717,GALAXY,SDSS_DR18_SPECTROSCOPY,ZWARNING_0_SCIENCEPRIMARY
TRD001862,148.13452,0.23581516,GALAXY,SDSS_DR18_SPECTROSCOPY,ZWARNING_0_SCIENCEPRIMARY
TRD001863,148.13094,0.20183335,GALAXY,SDSS_DR18_SPECTROSCOPY,ZWARNING_0_SCIENCEPRIMARY
TRD001864,147.94533,0.33047679,GALAXY,SDSS_DR18_SPECTROSCOPY,ZWARNING_0_SCIENCEPRIMARY
TRD001865,147.99765,0.45431067,GALAXY,SDSS_DR18_SPECTROSCOPY,ZWARNING_0_SCIENCEPRIMARY
TRD001866,148.06682,0.64561747,GALAXY,SDSS_DR18_SPECTROSCOPY,ZWARNING_0_SCIENCEPRIMARY
TRD001867,147.89741,0.67591946,GALAXY,SDSS_DR18_SPECTROSCOPY,ZWARNING_0_SCIENCEPRIMARY
TRD001868,148.06874,0.5475899,GALAXY,SDSS_DR18_SPECTROSCOPY,ZWARNING_0_SCIENCEPRIMARY
TRD001869,147.94919,0.29022669,GALAXY,SDSS_DR18_SPECTROSCOPY,ZWARNING_0_SCIENCEPRIMARY
TRD001870,148.0587,0.23593928,GALAXY,SDSS_DR18_SPECTROSCOPY,ZWARNING_0_SCIENCEPRIMARY
TRD001871,147.89718,0.43473978,GALAXY,SDSS_DR18_SPECTROSCOPY,ZWARNING_0_SCIENCEPRIMARY
TRD001872,148.0828,0.20366493,GALAXY,SDSS_DR18_SPECTROSCOPY,ZWARNING_0_SCIENCEPRIMARY
TRD001873,147.90535,0.41213467,GALAXY,SDSS_DR18_SPECTROSCOPY,ZWARNING_0_SCIENCEPRIMARY
TRD001874,147.9647,0.6583516,GALAXY,SDSS_DR18_SPECTROSCOPY,ZWARNING_0_SCIENCEPRIMARY
TRD001875,147.93482,0.26840802,GALAXY,SDSS_DR18_SPECTROSCOPY,ZWARNING_0_SCIENCEPRIMARY
TRD001876,148.1863,0.62503698,GALAXY,SDSS_DR18_SPECTROSCOPY,ZWARNING_0_SCIENCEPRIMARY
TRD001877,148.23685,0.61102889,GALAXY,SDSS_DR18_SPECTROSCOPY,ZWARNING_0_SCIENCEPRIMARY
TRD001878,148.24725,0.50288721,GALAXY,SDSS_DR18_SPECTROSCOPY,ZWARNING_0_SCIENCEPRIMARY
TRD001879,148.31783,0.66672233,GALAXY,SDSS_DR18_SPECTROSCOPY,ZWARNING_0_SCIENCEPRIMARY
TRD001880,148.18812,0.75165767,GALAXY,SDSS_DR18_SPECTROSCOPY,ZWARNING_0_SCIENCEPRIMARY
TRD001881,148.29024,0.58349607,GALAXY,SDSS_DR18_SPECTROSCOPY,ZWARNING_0_SCIENCEPRIMARY
TRD001882,148.15677,0.30885575,GALAXY,SDSS_DR18_SPECTROSCOPY,ZWARNING_0_SCIENCEPRIMARY
TRD001883,148.23848,0.54952673,GALAXY,SDSS_DR18_SPECTROSCOPY,ZWARNING_0_SCIENCEPRIMARY
TRD001884,148.18203,0.53722087,GALAXY,SDSS_DR18_SPECTROSCOPY,ZWARNING_0_SCIENCEPRIMARY
TRD001885,148.16746,0.53038622,GALAXY,SDSS_DR18_SPECTROSCOPY,ZWARNING_0_SCIENCEPRIMARY
TRD001886,148.14636,0.24905748,GALAXY,SDSS_DR18_SPECTROSCOPY,ZWARNING_0_SCIENCEPRIMARY
TRD001887,148.29325,0.20397009,GALAXY,SDSS_DR18_SPECTROSCOPY,ZWARNING_0_SCIENCEPRIMARY
TRD001888,148.2522,0.24086148,GALAXY,SDSS_DR18_SPECTROSCOPY,ZWARNING_0_SCIENCEPRIMARY
TRD001889,148.30689,0.38998363,GALAXY,SDSS_DR18_SPECTROSCOPY,ZWARNING_0_SCIENCEPRIMARY
TRD001890,148.2334,0.3577425,GALAXY,SDSS_DR18_SPECTROSCOPY,ZWARNING_0_SCIENCEPRIMARY
TRD001891,148.25575,0.29638612,GALAXY,SDSS_DR18_SPECTROSCOPY,ZWARNING_0_SCIENCEPRIMARY
TRD001892,148.31189,0.64998063,GALAXY,SDSS_DR18_SPECTROSCOPY,ZWARNING_0_SCIENCEPRIMARY
TRD001893,148.30796,0.62854595,GALAXY,SDSS_DR18_SPECTROSCOPY,ZWARNING_0_SCIENCEPRIMARY
TRD001894,148.41382,0.59534421,GALAXY,SDSS_DR18_SPECTROSCOPY,ZWARNING_0_SCIENCEPRIMARY
TRD001895,148.4105,0.52682083,GALAXY,SDSS_DR18_SPECTROSCOPY,ZWARNING_0_SCIENCEPRIMARY
TRD001896,148.33526,0.72067232,GALAXY,SDSS_DR18_SPECTROSCOPY,ZWARNING_0_SCIENCEPRIMARY
TRD001897,148.4297,0.66652892,GALAXY,SDSS_DR18_SPECTROSCOPY,ZWARNING_0_SCIENCEPRIMARY
TRD001898,148.33426,0.69772982,GALAXY,SDSS_DR18_SPECTROSCOPY,ZWARNING_0_SCIENCEPRIMARY
TRD001899,148.42935,0.57138303,GALAXY,SDSS_DR18_SPECTROSCOPY,ZWARNING_0_SCIENCEPRIMARY
TRD001900,148.39516,0.59630101,GALAXY,SDSS_DR18_SPECTROSCOPY,ZWARNING_0_SCIENCEPRIMARY
TRD001901,148.40289,0.75513614,GALAXY,SDSS_DR18_SPECTROSCOPY,ZWARNING_0_SCIENCEPRIMARY
TRD001902,148.3768,0.44866958,GALAXY,SDSS_DR18_SPECTROSCOPY,ZWARNING_0_SCIENCEPRIMARY
TRD001903,148.34105,0.52984944,GALAXY,SDSS_DR18_SPECTROSCOPY,ZWARNING_0_SCIENCEPRIMARY
TRD001904,148.35487,0.48701206,GALAXY,SDSS_DR18_SPECTROSCOPY,ZWARNING_0_SCIENCEPRIMARY
TRD001905,148.41006,0.61535483,GALAXY,SDSS_DR18_SPECTROSCOPY,ZWARNING_0_SCIENCEPRIMARY
TRD001906,148.40998,0.42522767,GALAXY,SDSS_DR18_SPECTROSCOPY,ZWARNING_0_SCIENCEPRIMARY
TRD001907,148.42275,0.48484471,GALAXY,SDSS_DR18_SPECTROSCOPY,ZWARNING_0_SCIENCEPRIMARY
TRD001908,148.33551,0.62868702,GALAXY,SDSS_DR18_SPECTROSCOPY,ZWARNING_0_SCIENCEPRIMARY
TRD001909,148.44366,0.49440186,GALAXY,SDSS_DR18_SPECTROSCOPY,ZWARNING_0_SCIENCEPRIMARY
TRD001910,148.06238,1.2082125,GALAXY,SDSS_DR18_SPECTROSCOPY,ZWARNING_0_SCIENCEPRIMARY
TRD001911,148.04775,1.0954677,GALAXY,SDSS_DR18_SPECTROSCOPY,ZWARNING_0_SCIENCEPRIMARY
TRD001912,148.04667,1.1789327,GALAXY,SDSS_DR18_SPECTROSCOPY,ZWARNING_0_SCIENCEPRIMARY
TRD001913,148.20526,1.0561776,GALAXY,SDSS_DR18_SPECTROSCOPY,ZWARNING_0_SCIENCEPRIMARY
TRD001914,148.11748,1.2269232,GALAXY,SDSS_DR18_SPECTROSCOPY,ZWARNING_0_SCIENCEPRIMARY
TRD001915,148.23259,1.0715144,GALAXY,SDSS_DR18_SPECTROSCOPY,ZWARNING_0_SCIENCEPRIMARY
TRD001916,148.16127,1.1031797,GALAXY,SDSS_DR18_SPECTROSCOPY,ZWARNING_0_SCIENCEPRIMARY
TRD001917,148.10327,1.2529087,GALAXY,SDSS_DR18_SPECTROSCOPY,ZWARNING_0_SCIENCEPRIMARY
TRD001918,148.27844,1.2497718,GALAXY,SDSS_DR18_SPECTROSCOPY,ZWARNING_0_SCIENCEPRIMARY
TRD001919,148.07488,0.88948517,GALAXY,SDSS_DR18_SPECTROSCOPY,ZWARNING_0_SCIENCEPRIMARY
TRD001920,148.18634,1.0591506,GALAXY,SDSS_DR18_SPECTROSCOPY,ZWARNING_0_SCIENCEPRIMARY
TRD001921,148.08728,0.97031516,GALAXY,SDSS_DR18_SPECTROSCOPY,ZWARNING_0_SCIENCEPRIMARY
TRD001922,148.13787,0.98408445,GALAXY,SDSS_DR18_SPECTROSCOPY,ZWARNING_0_SCIENCEPRIMARY
TRD001923,148.20619,0.95540114,GALAXY,SDSS_DR18_SPECTROSCOPY,ZWARNING_0_SCIENCEPRIMARY
TRD001924,148.05468,0.92452048,GALAXY,SDSS_DR18_SPECTROSCOPY,ZWARNING_0_SCIENCEPRIMARY
TRD001925,148.03551,0.929627,GALAXY,SDSS_DR18_SPECTROSCOPY,ZWARNING_0_SCIENCEPRIMARY
TRD001926,148.27178,0.8443218,GALAXY,SDSS_DR18_SPECTROSCOPY,ZWARNING_0_SCIENCEPRIMARY
TRD001927,148.03558,0.97315437,GALAXY,SDSS_DR18_SPECTROSCOPY,ZWARNING_0_SCIENCEPRIMARY
TRD001928,148.52474,0.65054949,GALAXY,SDSS_DR18_SPECTROSCOPY,ZWARNING_0_SCIENCEPRIMARY
TRD001929,148.56238,0.56457321,GALAXY,SDSS_DR18_SPECTROSCOPY,ZWARNING_0_SCIENCEPRIMARY
TRD001930,148.46686,0.56135996,GALAXY,SDSS_DR18_SPECTROSCOPY,ZWARNING_0_SCIENCEPRIMARY
TRD001931,148.54249,0.60547208,GALAXY,SDSS_DR18_SPECTROSCOPY,ZWARNING_0_SCIENCEPRIMARY
TRD001932,148.61056,0.47630546,GALAXY,SDSS_DR18_SPECTROSCOPY,ZWARNING_0_SCIENCEPRIMARY
TRD001933,148.58608,0.67695265,GALAXY,SDSS_DR18_SPECTROSCOPY,ZWARNING_0_SCIENCEPRIMARY
TRD001934,148.55894,0.63831949,GALAXY,SDSS_DR18_SPECTROSCOPY,ZWARNING_0_SCIENCEPRIMARY
TRD001935,148.50585,0.49759475,GALAXY,SDSS_DR18_SPECTROSCOPY,ZWARNING_0_SCIENCEPRIMARY
TRD001936,148.64297,0.69178339,GALAXY,SDSS_DR18_SPECTROSCOPY,ZWARNING_0_SCIENCEPRIMARY
TRD001937,148.60823,0.60640483,GALAXY,SDSS_DR18_SPECTROSCOPY,ZWARNING_0_SCIENCEPRIMARY
TRD001938,148.53515,0.33165732,GALAXY,SDSS_DR18_SPECTROSCOPY,ZWARNING_0_SCIENCEPRIMARY
TRD001939,148.45264,0.20496516,GALAXY,SDSS_DR18_SPECTROSCOPY,ZWARNING_0_SCIENCEPRIMARY
TRD001940,148.46508,0.42882728,GALAXY,SDSS_DR18_SPECTROSCOPY,ZWARNING_0_SCIENCEPRIMARY
TRD001941,148.50917,0.23923705,GALAXY,SDSS_DR18_SPECTROSCOPY,ZWARNING_0_SCIENCEPRIMARY
TRD001942,148.55923,0.25539659,GALAXY,SDSS_DR18_SPECTROSCOPY,ZWARNING_0_SCIENCEPRIMARY
TRD001943,148.61933,0.25455036,GALAXY,SDSS_DR18_SPECTROSCOPY,ZWARNING_0_SCIENCEPRIMARY
TRD001944,148.34836,1.0864122,GALAXY,SDSS_DR18_SPECTROSCOPY,ZWARNING_0_SCIENCEPRIMARY
TRD001945,148.34463,1.1424065,GALAXY,SDSS_DR18_SPECTROSCOPY,ZWARNING_0_SCIENCEPRIMARY
TRD001946,148.29094,1.1770019,GALAXY,SDSS_DR18_SPECTROSCOPY,ZWARNING_0_SCIENCEPRIMARY
TRD001947,148.33607,1.0306268,GALAXY,SDSS_DR18_SPECTROSCOPY,ZWARNING_0_SCIENCEPRIMARY
TRD001948,148.40118,1.0127249,GALAXY,SDSS_DR18_SPECTROSCOPY,ZWARNING_0_SCIENCEPRIMARY
TRD001949,148.32598,0.88944426,GALAXY,SDSS_DR18_SPECTROSCOPY,ZWARNING_0_SCIENCEPRIMARY
TRD001950,148.41749,0.9181401,GALAXY,SDSS_DR18_SPECTROSCOPY,ZWARNING_0_SCIENCEPRIMARY
TRD001951,148.30144,0.97190834,GALAXY,SDSS_DR18_SPECTROSCOPY,ZWARNING_0_SCIENCEPRIMARY
TRD001952,148.35329,0.91225836,GALAXY,SDSS_DR18_SPECTROSCOPY,ZWARNING_0_SCIENCEPRIMARY
TRD001953,148.28534,0.7705913,GALAXY,SDSS_DR18_SPECTROSCOPY,ZWARNING_0_SCIENCEPRIMARY
TRD001954,148.29993,1.0584058,GALAXY,SDSS_DR18_SPECTROSCOPY,ZWARNING_0_SCIENCEPRIMARY
TRD001955,148.34859,0.77161295,GALAXY,SDSS_DR18_SPECTROSCOPY,ZWARNING_0_SCIENCEPRIMARY
TRD001956,148.55166,0.80530386,GALAXY,SDSS_DR18_SPECTROSCOPY,ZWARNING_0_SCIENCEPRIMARY
TRD001957,148.38996,0.92365105,GALAXY,SDSS_DR18_SPECTROSCOPY,ZWARNING_0_SCIENCEPRIMARY
TRD001958,148.29933,0.85746074,GALAXY,SDSS_DR18_SPECTROSCOPY,ZWARNING_0_SCIENCEPRIMARY
TRD001959,148.44252,0.89058843,GALAXY,SDSS_DR18_SPECTROSCOPY,ZWARNING_0_SCIENCEPRIMARY
TRD001960,148.44052,0.78675317,GALAXY,SDSS_DR18_SPECTROSCOPY,ZWARNING_0_SCIENCEPRIMARY
TRD001961,148.32862,0.94470695,GALAXY,SDSS_DR18_SPECTROSCOPY,ZWARNING_0_SCIENCEPRIMARY
TRD001962,148.85593,0.45463914,GALAXY,SDSS_DR18_SPECTROSCOPY,ZWARNING_0_SCIENCEPRIMARY
TRD001963,148.92037,0.54011713,GALAXY,SDSS_DR18_SPECTROSCOPY,ZWARNING_0_SCIENCEPRIMARY
TRD001964,148.85481,0.54131065,GALAXY,SDSS_DR18_SPECTROSCOPY,ZWARNING_0_SCIENCEPRIMARY
TRD001965,148.8171,0.5629577,GALAXY,SDSS_DR18_SPECTROSCOPY,ZWARNING_0_SCIENCEPRIMARY
TRD001966,148.75811,0.71648227,GALAXY,SDSS_DR18_SPECTROSCOPY,ZWARNING_0_SCIENCEPRIMARY
TRD001967,148.89918,0.70034673,GALAXY,SDSS_DR18_SPECTROSCOPY,ZWARNING_0_SCIENCEPRIMARY
TRD001968,148.80088,0.67021018,GALAXY,SDSS_DR18_SPECTROSCOPY,ZWARNING_0_SCIENCEPRIMARY
TRD001969,148.66201,0.22649023,GALAXY,SDSS_DR18_SPECTROSCOPY,ZWARNING_0_SCIENCEPRIMARY
TRD001970,148.81045,0.61289957,GALAXY,SDSS_DR18_SPECTROSCOPY,ZWARNING_0_SCIENCEPRIMARY
TRD001971,148.86002,0.74859553,GALAXY,SDSS_DR18_SPECTROSCOPY,ZWARNING_0_SCIENCEPRIMARY
TRD001972,148.87962,0.35484861,GALAXY,SDSS_DR18_SPECTROSCOPY,ZWARNING_0_SCIENCEPRIMARY
TRD001973,148.78171,0.27732919,GALAXY,SDSS_DR18_SPECTROSCOPY,ZWARNING_0_SCIENCEPRIMARY
TRD001974,148.90099,0.60628011,GALAXY,SDSS_DR18_SPECTROSCOPY,ZWARNING_0_SCIENCEPRIMARY
TRD001975,148.72043,0.38881386,GALAXY,SDSS_DR18_SPECTROSCOPY,ZWARNING_0_SCIENCEPRIMARY
TRD001976,148.81109,0.28004509,GALAXY,SDSS_DR18_SPECTROSCOPY,ZWARNING_0_SCIENCEPRIMARY
TRD001977,148.72179,0.3181771,GALAXY,SDSS_DR18_SPECTROSCOPY,ZWARNING_0_SCIENCEPRIMARY
TRD001978,148.73256,0.44106498,GALAXY,SDSS_DR18_SPECTROSCOPY,ZWARNING_0_SCIENCEPRIMARY
TRD001979,148.80535,0.48843689,GALAXY,SDSS_DR18_SPECTROSCOPY,ZWARNING_0_SCIENCEPRIMARY
TRD001980,148.75745,0.96953324,GALAXY,SDSS_DR18_SPECTROSCOPY,ZWARNING_0_SCIENCEPRIMARY
TRD001981,148.63264,1.0879794,GALAXY,SDSS_DR18_SPECTROSCOPY,ZWARNING_0_SCIENCEPRIMARY
TRD001982,148.76194,0.75748407,GALAXY,SDSS_DR18_SPECTROSCOPY,ZWARNING_0_SCIENCEPRIMARY
TRD001983,148.70954,0.82668867,GALAXY,SDSS_DR18_SPECTROSCOPY,ZWARNING_0_SCIENCEPRIMARY
TRD001984,148.54049,0.76850027,GALAXY,SDSS_DR18_SPECTROSCOPY,ZWARNING_0_SCIENCEPRIMARY
TRD001985,148.81867,0.87349438,GALAXY,SDSS_DR18_SPECTROSCOPY,ZWARNING_0_SCIENCEPRIMARY
TRD001986,148.89222,0.78120565,GALAXY,SDSS_DR18_SPECTROSCOPY,ZWARNING_0_SCIENCEPRIMARY
TRD001987,148.92474,0.22252607,GALAXY,SDSS_DR18_SPECTROSCOPY,ZWARNING_0_SCIENCEPRIMARY
TRD001988,148.97539,0.33293438,GALAXY,SDSS_DR18_SPECTROSCOPY,ZWARNING_0_SCIENCEPRIMARY
TRD001989,149.041,0.32583021,GALAXY,SDSS_DR18_SPECTROSCOPY,ZWARNING_0_SCIENCEPRIMARY
TRD001990,148.94854,0.5559619,GALAXY,SDSS_DR18_SPECTROSCOPY,ZWARNING_0_SCIENCEPRIMARY
TRD001991,149.06013,0.50943641,GALAXY,SDSS_DR18_SPECTROSCOPY,ZWARNING_0_SCIENCEPRIMARY
TRD001992,148.96171,0.68728913,GALAXY,SDSS_DR18_SPECTROSCOPY,ZWARNING_0_SCIENCEPRIMARY
TRD001993,149.00501,0.66500728,GALAXY,SDSS_DR18_SPECTROSCOPY,ZWARNING_0_SCIENCEPRIMARY
TRD001994,149.07411,0.57468091,GALAXY,SDSS_DR18_SPECTROSCOPY,ZWARNING_0_SCIENCEPRIMARY
TRD001995,149.11525,0.30553309,GALAXY,SDSS_DR18_SPECTROSCOPY,ZWARNING_0_SCIENCEPRIMARY
TRD001996,149.10965,0.33502811,GALAXY,SDSS_DR18_SPECTROSCOPY,ZWARNING_0_SCIENCEPRIMARY
TRD001997,149.03238,0.28812968,GALAXY,SDSS_DR18_SPECTROSCOPY,ZWARNING_0_SCIENCEPRIMARY
TRD001998,149.1849,0.24209695,GALAXY,SDSS_DR18_SPECTROSCOPY,ZWARNING_0_SCIENCEPRIMARY
TRD001999,149.00909,0.44023281,GALAXY,SDSS_DR18_SPECTROSCOPY,ZWARNING_0_SCIENCEPRIMARY
TRD002000,149.19443,0.20273723,GALAXY,SDSS_DR18_SPECTROSCOPY,ZWARNING_0_SCIENCEPRIMARY
TRD002001,146.90229,-0.98491332,QSO,SDSS_DR18_SPECTROSCOPY,ZWARNING_0_SCIENCEPRIMARY
TRD002002,146.438,-0.65600998,QSO,SDSS_DR18_SPECTROSCOPY,ZWARNING_0_SCIENCEPRIMARY
TRD002003,146.76383,0.041421411,QSO,SDSS_DR18_SPECTROSCOPY,ZWARNING_0_SCIENCEPRIMARY
TRD002004,145.89838,-0.72280608,QSO,SDSS_DR18_SPECTROSCOPY,ZWARNING_0_SCIENCEPRIMARY
TRD002005,145.92005,-0.78353938,QSO,SDSS_DR18_SPECTROSCOPY,ZWARNING_0_SCIENCEPRIMARY
TRD002006,145.93986,-0.79011435,QSO,SDSS_DR18_SPECTROSCOPY,ZWARNING_0_SCIENCEPRIMARY
TRD002007,146.2918,-0.25947359,QSO,SDSS_DR18_SPECTROSCOPY,ZWARNING_0_SCIENCEPRIMARY
TRD002008,145.9253,0.04879248,QSO,SDSS_DR18_SPECTROSCOPY,ZWARNING_0_SCIENCEPRIMARY
TRD002009,145.74093,-0.78478748,QSO,SDSS_DR18_SPECTROSCOPY,ZWARNING_0_SCIENCEPRIMARY
TRD002010,145.74414,-0.04356676,QSO,SDSS_DR18_SPECTROSCOPY,ZWARNING_0_SCIENCEPRIMARY
TRD002011,145.62226,0.034593059,QSO,SDSS_DR18_SPECTROSCOPY,ZWARNING_0_SCIENCEPRIMARY
TRD002012,145.76225,-0.21964896,QSO,SDSS_DR18_SPECTROSCOPY,ZWARNING_0_SCIENCEPRIMARY
TRD002013,145.46519,-1.0644753,QSO,SDSS_DR18_SPECTROSCOPY,ZWARNING_0_SCIENCEPRIMARY
TRD002014,145.19927,-1.2327324,QSO,SDSS_DR18_SPECTROSCOPY,ZWARNING_0_SCIENCEPRIMARY
TRD002015,145.24564,-0.64077363,QSO,SDSS_DR18_SPECTROSCOPY,ZWARNING_0_SCIENCEPRIMARY
TRD002016,145.19933,-0.28622504,QSO,SDSS_DR18_SPECTROSCOPY,ZWARNING_0_SCIENCEPRIMARY
TRD002017,145.21389,1.1517021,QSO,SDSS_DR18_SPECTROSCOPY,ZWARNING_0_SCIENCEPRIMARY
TRD002018,145.4801,1.232539,QSO,SDSS_DR18_SPECTROSCOPY,ZWARNING_0_SCIENCEPRIMARY
TRD002019,145.39104,1.171197,QSO,SDSS_DR18_SPECTROSCOPY,ZWARNING_0_SCIENCEPRIMARY
TRD002020,145.33887,1.1966007,QSO,SDSS_DR18_SPECTROSCOPY,ZWARNING_0_SCIENCEPRIMARY
TRD002021,145.3386,0.140315,QSO,SDSS_DR18_SPECTROSCOPY,ZWARNING_0_SCIENCEPRIMARY
TRD002022,145.38704,0.12528484,QSO,SDSS_DR18_SPECTROSCOPY,ZWARNING_0_SCIENCEPRIMARY
TRD002023,145.67367,0.94780421,QSO,SDSS_DR18_SPECTROSCOPY,ZWARNING_0_SCIENCEPRIMARY
TRD002024,145.59384,0.27826036,QSO,SDSS_DR18_SPECTROSCOPY,ZWARNING_0_SCIENCEPRIMARY
TRD002025,146.05906,1.0485111,QSO,SDSS_DR18_SPECTROSCOPY,ZWARNING_0_SCIENCEPRIMARY
TRD002026,146.06576,0.18365913,QSO,SDSS_DR18_SPECTROSCOPY,ZWARNING_0_SCIENCEPRIMARY
TRD002027,146.39794,0.14516539,QSO,SDSS_DR18_SPECTROSCOPY,ZWARNING_0_SCIENCEPRIMARY
TRD002028,146.50879,0.58851764,QSO,SDSS_DR18_SPECTROSCOPY,ZWARNING_0_SCIENCEPRIMARY
TRD002029,146.64496,0.93743071,QSO,SDSS_DR18_SPECTROSCOPY,ZWARNING_0_SCIENCEPRIMARY
TRD002030,146.6342,1.1572622,QSO,SDSS_DR18_SPECTROSCOPY,ZWARNING_0_SCIENCEPRIMARY
TRD002031,145.46536,0.33402647,QSO,SDSS_DR18_SPECTROSCOPY,ZWARNING_0_SCIENCEPRIMARY
TRD002032,146.82659,1.0099402,QSO,SDSS_DR18_SPECTROSCOPY,ZWARNING_0_SCIENCEPRIMARY
TRD002033,147.23886,0.37375648,QSO,SDSS_DR18_SPECTROSCOPY,ZWARNING_0_SCIENCEPRIMARY
TRD002034,148.70752,-0.73061966,QSO,SDSS_DR18_SPECTROSCOPY,ZWARNING_0_SCIENCEPRIMARY
TRD002035,148.42886,-0.86325794,QSO,SDSS_DR18_SPECTROSCOPY,ZWARNING_0_SCIENCEPRIMARY
TRD002036,148.41438,-0.72075858,QSO,SDSS_DR18_SPECTROSCOPY,ZWARNING_0_SCIENCEPRIMARY
TRD002037,149.10806,-0.064752321,QSO,SDSS_DR18_SPECTROSCOPY,ZWARNING_0_SCIENCEPRIMARY
TRD002038,148.56975,0.13592029,QSO,SDSS_DR18_SPECTROSCOPY,ZWARNING_0_SCIENCEPRIMARY
TRD002039,148.18988,0.0043093332,QSO,SDSS_DR18_SPECTROSCOPY,ZWARNING_0_SCIENCEPRIMARY
TRD002040,148.34861,-0.63410067,QSO,SDSS_DR18_SPECTROSCOPY,ZWARNING_0_SCIENCEPRIMARY
TRD002041,147.77177,0.013687602,QSO,SDSS_DR18_SPECTROSCOPY,ZWARNING_0_SCIENCEPRIMARY
TRD002042,147.75059,-1.0198861,QSO,SDSS_DR18_SPECTROSCOPY,ZWARNING_0_SCIENCEPRIMARY
TRD002043,147.87927,-0.50882584,QSO,SDSS_DR18_SPECTROSCOPY,ZWARNING_0_SCIENCEPRIMARY
TRD002044,147.31391,-0.98929375,QSO,SDSS_DR18_SPECTROSCOPY,ZWARNING_0_SCIENCEPRIMARY
TRD002045,147.55427,-0.47753803,QSO,SDSS_DR18_SPECTROSCOPY,ZWARNING_0_SCIENCEPRIMARY
TRD002046,147.52062,-0.33674168,QSO,SDSS_DR18_SPECTROSCOPY,ZWARNING_0_SCIENCEPRIMARY
TRD002047,147.03099,-1.1456056,QSO,SDSS_DR18_SPECTROSCOPY,ZWARNING_0_SCIENCEPRIMARY
TRD002048,146.93358,-1.2453737,QSO,SDSS_DR18_SPECTROSCOPY,ZWARNING_0_SCIENCEPRIMARY
TRD002049,147.13939,-0.85096747,QSO,SDSS_DR18_SPECTROSCOPY,ZWARNING_0_SCIENCEPRIMARY
TRD002050,147.22198,-0.86545331,QSO,SDSS_DR18_SPECTROSCOPY,ZWARNING_0_SCIENCEPRIMARY
TRD002051,147.43057,0.093389564,QSO,SDSS_DR18_SPECTROSCOPY,ZWARNING_0_SCIENCEPRIMARY
TRD002052,147.16954,1.0962524,QSO,SDSS_DR18_SPECTROSCOPY,ZWARNING_0_SCIENCEPRIMARY
TRD002053,147.1701,0.53908692,QSO,SDSS_DR18_SPECTROSCOPY,ZWARNING_0_SCIENCEPRIMARY
TRD002054,147.14063,0.41625138,QSO,SDSS_DR18_SPECTROSCOPY,ZWARNING_0_SCIENCEPRIMARY
TRD002055,147.53349,1.2363404,QSO,SDSS_DR18_SPECTROSCOPY,ZWARNING_0_SCIENCEPRIMARY
TRD002056,147.57777,0.84719788,QSO,SDSS_DR18_SPECTROSCOPY,ZWARNING_0_SCIENCEPRIMARY
TRD002057,147.81092,0.68123605,QSO,SDSS_DR18_SPECTROSCOPY,ZWARNING_0_SCIENCEPRIMARY
TRD002058,148.88333,0.68576117,QSO,SDSS_DR18_SPECTROSCOPY,ZWARNING_0_SCIENCEPRIMARY
TRD002059,148.91747,0.811696,QSO,SDSS_DR18_SPECTROSCOPY,ZWARNING_0_SCIENCEPRIMARY
TRD002060,149.03443,0.47026995,QSO,SDSS_DR18_SPECTROSCOPY,ZWARNING_0_SCIENCEPRIMARY
TRD002061,150.29383,-0.68029948,QSO,SDSS_DR18_SPECTROSCOPY,ZWARNING_0_SCIENCEPRIMARY
TRD002062,150.42554,-0.4193162,QSO,SDSS_DR18_SPECTROSCOPY,ZWARNING_0_SCIENCEPRIMARY
TRD002063,149.75901,-1.1803174,QSO,SDSS_DR18_SPECTROSCOPY,ZWARNING_0_SCIENCEPRIMARY
TRD002064,149.90953,-0.58358358,QSO,SDSS_DR18_SPECTROSCOPY,ZWARNING_0_SCIENCEPRIMARY
TRD002065,149.63833,-0.85517059,QSO,SDSS_DR18_SPECTROSCOPY,ZWARNING_0_SCIENCEPRIMARY
TRD002066,149.65,-0.99515956,QSO,SDSS_DR18_SPECTROSCOPY,ZWARNING_0_SCIENCEPRIMARY
TRD002067,149.95966,-0.22748983,QSO,SDSS_DR18_SPECTROSCOPY,ZWARNING_0_SCIENCEPRIMARY
TRD002068,150.07363,0.089920355,QSO,SDSS_DR18_SPECTROSCOPY,ZWARNING_0_SCIENCEPRIMARY
TRD002069,149.66694,-0.15537314,QSO,SDSS_DR18_SPECTROSCOPY,ZWARNING_0_SCIENCEPRIMARY
TRD002070,149.12819,-0.57726153,QSO,SDSS_DR18_SPECTROSCOPY,ZWARNING_0_SCIENCEPRIMARY
TRD002071,149.49356,-0.39835189,QSO,SDSS_DR18_SPECTROSCOPY,ZWARNING_0_SCIENCEPRIMARY
TRD002072,149.08388,-0.9940763,QSO,SDSS_DR18_SPECTROSCOPY,ZWARNING_0_SCIENCEPRIMARY
TRD002073,148.71099,-1.161625,QSO,SDSS_DR18_SPECTROSCOPY,ZWARNING_0_SCIENCEPRIMARY
TRD002074,148.59067,-0.031089026,QSO,SDSS_DR18_SPECTROSCOPY,ZWARNING_0_SCIENCEPRIMARY
TRD002075,149.34127,0.298858,QSO,SDSS_DR18_SPECTROSCOPY,ZWARNING_0_SCIENCEPRIMARY
TRD002076,149.9147,0.58670266,QSO,SDSS_DR18_SPECTROSCOPY,ZWARNING_0_SCIENCEPRIMARY
TRD002077,149.74915,0.78858374,QSO,SDSS_DR18_SPECTROSCOPY,ZWARNING_0_SCIENCEPRIMARY
TRD002078,150.28957,0.3771786,QSO,SDSS_DR18_SPECTROSCOPY,ZWARNING_0_SCIENCEPRIMARY
TRD002079,150.12147,1.0291548,QSO,SDSS_DR18_SPECTROSCOPY,ZWARNING_0_SCIENCEPRIMARY
TRD002080,151.92844,-0.59236915,QSO,SDSS_DR18_SPECTROSCOPY,ZWARNING_0_SCIENCEPRIMARY
TRD002081,152.05662,-0.038472541,QSO,SDSS_DR18_SPECTROSCOPY,ZWARNING_0_SCIENCEPRIMARY
TRD002082,151.27729,-1.218695,QSO,SDSS_DR18_SPECTROSCOPY,ZWARNING_0_SCIENCEPRIMARY
TRD002083,151.43094,-0.9333294,QSO,SDSS_DR18_SPECTROSCOPY,ZWARNING_0_SCIENCEPRIMARY
TRD002084,150.98397,-0.99457663,QSO,SDSS_DR18_SPECTROSCOPY,ZWARNING_0_SCIENCEPRIMARY
TRD002085,151.13167,-0.82198079,QSO,SDSS_DR18_SPECTROSCOPY,ZWARNING_0_SCIENCEPRIMARY
TRD002086,151.60892,-0.58778081,QSO,SDSS_DR18_SPECTROSCOPY,ZWARNING_0_SCIENCEPRIMARY
TRD002087,151.37488,-0.69795861,QSO,SDSS_DR18_SPECTROSCOPY,ZWARNING_0_SCIENCEPRIMARY
TRD002088,151.02084,-0.54816942,QSO,SDSS_DR18_SPECTROSCOPY,ZWARNING_0_SCIENCEPRIMARY
TRD002089,150.72962,-0.41385309,QSO,SDSS_DR18_SPECTROSCOPY,ZWARNING_0_SCIENCEPRIMARY
TRD002090,150.70803,-0.41486469,QSO,SDSS_DR18_SPECTROSCOPY,ZWARNING_0_SCIENCEPRIMARY
TRD002091,149.99127,-1.1790507,QSO,SDSS_DR18_SPECTROSCOPY,ZWARNING_0_SCIENCEPRIMARY
TRD002092,150.09098,-1.0088649,QSO,SDSS_DR18_SPECTROSCOPY,ZWARNING_0_SCIENCEPRIMARY
TRD002093,149.87765,-1.2583306,QSO,SDSS_DR18_SPECTROSCOPY,ZWARNING_0_SCIENCEPRIMARY
TRD002094,150.43031,-0.60292552,QSO,SDSS_DR18_SPECTROSCOPY,ZWARNING_0_SCIENCEPRIMARY
TRD002095,150.56599,-0.18226843,QSO,SDSS_DR18_SPECTROSCOPY,ZWARNING_0_SCIENCEPRIMARY
TRD002096,150.48304,0.62983799,QSO,SDSS_DR18_SPECTROSCOPY,ZWARNING_0_SCIENCEPRIMARY
TRD002097,150.35611,0.86824367,QSO,SDSS_DR18_SPECTROSCOPY,ZWARNING_0_SCIENCEPRIMARY
TRD002098,150.47733,0.75718711,QSO,SDSS_DR18_SPECTROSCOPY,ZWARNING_0_SCIENCEPRIMARY
TRD002099,150.69524,0.35111674,QSO,SDSS_DR18_SPECTROSCOPY,ZWARNING_0_SCIENCEPRIMARY
TRD002100,150.62088,1.1495727,QSO,SDSS_DR18_SPECTROSCOPY,ZWARNING_0_SCIENCEPRIMARY
TRD002101,151.11849,0.30711517,QSO,SDSS_DR18_SPECTROSCOPY,ZWARNING_0_SCIENCEPRIMARY
TRD002102,151.46081,0.22038842,QSO,SDSS_DR18_SPECTROSCOPY,ZWARNING_0_SCIENCEPRIMARY
TRD002103,151.47226,0.32421986,QSO,SDSS_DR18_SPECTROSCOPY,ZWARNING_0_SCIENCEPRIMARY
TRD002104,151.67523,0.26377476,QSO,SDSS_DR18_SPECTROSCOPY,ZWARNING_0_SCIENCEPRIMARY
TRD002105,151.20107,0.66928368,QSO,SDSS_DR18_SPECTROSCOPY,ZWARNING_0_SCIENCEPRIMARY
TRD002106,151.32088,0.98498232,QSO,SDSS_DR18_SPECTROSCOPY,ZWARNING_0_SCIENCEPRIMARY
TRD002107,151.31152,0.8948027,QSO,SDSS_DR18_SPECTROSCOPY,ZWARNING_0_SCIENCEPRIMARY
TRD002108,151.62429,0.67989723,QSO,SDSS_DR18_SPECTROSCOPY,ZWARNING_0_SCIENCEPRIMARY
TRD002109,151.81473,0.71621817,QSO,SDSS_DR18_SPECTROSCOPY,ZWARNING_0_SCIENCEPRIMARY
TRD002110,153.58085,-0.47619202,QSO,SDSS_DR18_SPECTROSCOPY,ZWARNING_0_SCIENCEPRIMARY
TRD002111,153.32174,-1.1823067,QSO,SDSS_DR18_SPECTROSCOPY,ZWARNING_0_SCIENCEPRIMARY
TRD002112,153.31193,-0.87598273,QSO,SDSS_DR18_SPECTROSCOPY,ZWARNING_0_SCIENCEPRIMARY
TRD002113,153.42456,-0.15714263,QSO,SDSS_DR18_SPECTROSCOPY,ZWARNING_0_SCIENCEPRIMARY
TRD002114,152.83313,-0.6959672,QSO,SDSS_DR18_SPECTROSCOPY,ZWARNING_0_SCIENCEPRIMARY
TRD002115,152.77141,-0.38680371,QSO,SDSS_DR18_SPECTROSCOPY,ZWARNING_0_SCIENCEPRIMARY
TRD002116,152.5131,-0.22563445,QSO,SDSS_DR18_SPECTROSCOPY,ZWARNING_0_SCIENCEPRIMARY
TRD002117,152.56559,-1.010586,QSO,SDSS_DR18_SPECTROSCOPY,ZWARNING_0_SCIENCEPRIMARY
TRD002118,152.63938,-0.79015212,QSO,SDSS_DR18_SPECTROSCOPY,ZWARNING_0_SCIENCEPRIMARY
TRD002119,152.36013,-0.27243481,QSO,SDSS_DR18_SPECTROSCOPY,ZWARNING_0_SCIENCEPRIMARY
TRD002120,152.34051,-1.0003369,QSO,SDSS_DR18_SPECTROSCOPY,ZWARNING_0_SCIENCEPRIMARY
TRD002121,152.20893,-0.20239725,QSO,SDSS_DR18_SPECTROSCOPY,ZWARNING_0_SCIENCEPRIMARY
TRD002122,151.98393,-1.2205778,QSO,SDSS_DR18_SPECTROSCOPY,ZWARNING_0_SCIENCEPRIMARY
TRD002123,152.15567,-0.30977704,QSO,SDSS_DR18_SPECTROSCOPY,ZWARNING_0_SCIENCEPRIMARY
TRD002124,152.27086,0.45127272,QSO,SDSS_DR18_SPECTROSCOPY,ZWARNING_0_SCIENCEPRIMARY
TRD002125,152.50022,0.30628625,QSO,SDSS_DR18_SPECTROSCOPY,ZWARNING_0_SCIENCEPRIMARY
TRD002126,152.57582,0.064226707,QSO,SDSS_DR18_SPECTROSCOPY,ZWARNING_0_SCIENCEPRIMARY
TRD002127,152.75386,0.34428675,QSO,SDSS_DR18_SPECTROSCOPY,ZWARNING_0_SCIENCEPRIMARY
TRD002128,153.48003,0.48065892,QSO,SDSS_DR18_SPECTROSCOPY,ZWARNING_0_SCIENCEPRIMARY
TRD002129,152.68546,0.72537002,QSO,SDSS_DR18_SPECTROSCOPY,ZWARNING_0_SCIENCEPRIMARY
TRD002130,153.52455,0.10564722,QSO,SDSS_DR18_SPECTROSCOPY,ZWARNING_0_SCIENCEPRIMARY
TRD002131,152.86112,0.72199018,QSO,SDSS_DR18_SPECTROSCOPY,ZWARNING_0_SCIENCEPRIMARY
TRD002132,153.84348,0.068632976,QSO,SDSS_DR18_SPECTROSCOPY,ZWARNING_0_SCIENCEPRIMARY
TRD002133,155.15029,-0.80764233,QSO,SDSS_DR18_SPECTROSCOPY,ZWARNING_0_SCIENCEPRIMARY
TRD002134,155.68603,-0.12652436,QSO,SDSS_DR18_SPECTROSCOPY,ZWARNING_0_SCIENCEPRIMARY
TRD002135,155.11626,-0.60273547,QSO,SDSS_DR18_SPECTROSCOPY,ZWARNING_0_SCIENCEPRIMARY
TRD002136,155.12528,-0.2835131,QSO,SDSS_DR18_SPECTROSCOPY,ZWARNING_0_SCIENCEPRIMARY
TRD002137,155.12197,-0.10080957,QSO,SDSS_DR18_SPECTROSCOPY,ZWARNING_0_SCIENCEPRIMARY
TRD002138,154.26453,-0.91901828,QSO,SDSS_DR18_SPECTROSCOPY,ZWARNING_0_SCIENCEPRIMARY
TRD002139,154.77966,-0.33030599,QSO,SDSS_DR18_SPECTROSCOPY,ZWARNING_0_SCIENCEPRIMARY
TRD002140,154.77707,-0.35650228,QSO,SDSS_DR18_SPECTROSCOPY,ZWARNING_0_SCIENCEPRIMARY
TRD002141,154.62245,-0.14185164,QSO,SDSS_DR18_SPECTROSCOPY,ZWARNING_0_SCIENCEPRIMARY
TRD002142,154.61189,-0.16417995,QSO,SDSS_DR18_SPECTROSCOPY,ZWARNING_0_SCIENCEPRIMARY
TRD002143,154.76223,-0.34085395,QSO,SDSS_DR18_SPECTROSCOPY,ZWARNING_0_SCIENCEPRIMARY
TRD002144,154.59842,-0.091028462,QSO,SDSS_DR18_SPECTROSCOPY,ZWARNING_0_SCIENCEPRIMARY
TRD002145,154.58702,-0.57547796,QSO,SDSS_DR18_SPECTROSCOPY,ZWARNING_0_SCIENCEPRIMARY
TRD002146,154.3596,-0.16420642,QSO,SDSS_DR18_SPECTROSCOPY,ZWARNING_0_SCIENCEPRIMARY
TRD002147,154.38835,-0.029231852,QSO,SDSS_DR18_SPECTROSCOPY,ZWARNING_0_SCIENCEPRIMARY
TRD002148,154.04396,-1.1712473,QSO,SDSS_DR18_SPECTROSCOPY,ZWARNING_0_SCIENCEPRIMARY
TRD002149,154.21557,-0.56305664,QSO,SDSS_DR18_SPECTROSCOPY,ZWARNING_0_SCIENCEPRIMARY
TRD002150,154.24438,-0.11900407,QSO,SDSS_DR18_SPECTROSCOPY,ZWARNING_0_SCIENCEPRIMARY
TRD002151,154.11385,-0.1207135,QSO,SDSS_DR18_SPECTROSCOPY,ZWARNING_0_SCIENCEPRIMARY
TRD002152,153.726,0.57244246,QSO,SDSS_DR18_SPECTROSCOPY,ZWARNING_0_SCIENCEPRIMARY
TRD002153,153.32326,0.13343361,QSO,SDSS_DR18_SPECTROSCOPY,ZWARNING_0_SCIENCEPRIMARY
TRD002154,153.64231,0.2856663,QSO,SDSS_DR18_SPECTROSCOPY,ZWARNING_0_SCIENCEPRIMARY
TRD002155,153.93869,0.85544787,QSO,SDSS_DR18_SPECTROSCOPY,ZWARNING_0_SCIENCEPRIMARY
TRD002156,154.04122,0.16803791,QSO,SDSS_DR18_SPECTROSCOPY,ZWARNING_0_SCIENCEPRIMARY
TRD002157,154.01775,0.20358453,QSO,SDSS_DR18_SPECTROSCOPY,ZWARNING_0_SCIENCEPRIMARY
TRD002158,154.03325,0.88341759,QSO,SDSS_DR18_SPECTROSCOPY,ZWARNING_0_SCIENCEPRIMARY
TRD002159,154.15276,0.22596864,QSO,SDSS_DR18_SPECTROSCOPY,ZWARNING_0_SCIENCEPRIMARY
TRD002160,154.03949,0.46962903,QSO,SDSS_DR18_SPECTROSCOPY,ZWARNING_0_SCIENCEPRIMARY
TRD002161,154.24826,0.3783393,QSO,SDSS_DR18_SPECTROSCOPY,ZWARNING_0_SCIENCEPRIMARY
TRD002162,154.5186,0.35000118,QSO,SDSS_DR18_SPECTROSCOPY,ZWARNING_0_SCIENCEPRIMARY
TRD002163,154.61305,-0.0023331305,QSO,SDSS_DR18_SPECTROSCOPY,ZWARNING_0_SCIENCEPRIMARY
TRD002164,155.08746,0.41630905,QSO,SDSS_DR18_SPECTROSCOPY,ZWARNING_0_SCIENCEPRIMARY
TRD002165,155.03748,0.12819747,QSO,SDSS_DR18_SPECTROSCOPY,ZWARNING_0_SCIENCEPRIMARY
TRD002166,155.53053,0.80013637,QSO,SDSS_DR18_SPECTROSCOPY,ZWARNING_0_SCIENCEPRIMARY
TRD002167,155.46494,0.69649517,QSO,SDSS_DR18_SPECTROSCOPY,ZWARNING_0_SCIENCEPRIMARY
TRD002168,155.68836,0.38909458,QSO,SDSS_DR18_SPECTROSCOPY,ZWARNING_0_SCIENCEPRIMARY
TRD002169,156.75099,-1.0736104,QSO,SDSS_DR18_SPECTROSCOPY,ZWARNING_0_SCIENCEPRIMARY
TRD002170,157.26314,-0.6334657,QSO,SDSS_DR18_SPECTROSCOPY,ZWARNING_0_SCIENCEPRIMARY
TRD002171,157.39606,-0.26494839,QSO,SDSS_DR18_SPECTROSCOPY,ZWARNING_0_SCIENCEPRIMARY
TRD002172,157.3589,-0.44540332,QSO,SDSS_DR18_SPECTROSCOPY,ZWARNING_0_SCIENCEPRIMARY
TRD002173,156.52807,-0.84414153,QSO,SDSS_DR18_SPECTROSCOPY,ZWARNING_0_SCIENCEPRIMARY
TRD002174,156.42652,-0.92887573,QSO,SDSS_DR18_SPECTROSCOPY,ZWARNING_0_SCIENCEPRIMARY
TRD002175,156.83349,0.014336943,QSO,SDSS_DR18_SPECTROSCOPY,ZWARNING_0_SCIENCEPRIMARY
TRD002176,156.33799,-0.86039667,QSO,SDSS_DR18_SPECTROSCOPY,ZWARNING_0_SCIENCEPRIMARY
TRD002177,156.26809,-0.7718972,QSO,SDSS_DR18_SPECTROSCOPY,ZWARNING_0_SCIENCEPRIMARY
TRD002178,156.61919,-0.3734479,QSO,SDSS_DR18_SPECTROSCOPY,ZWARNING_0_SCIENCEPRIMARY
TRD002179,155.763,-0.65789218,QSO,SDSS_DR18_SPECTROSCOPY,ZWARNING_0_SCIENCEPRIMARY
TRD002180,156.34445,-0.26452037,QSO,SDSS_DR18_SPECTROSCOPY,ZWARNING_0_SCIENCEPRIMARY
TRD002181,156.26717,-0.10847333,QSO,SDSS_DR18_SPECTROSCOPY,ZWARNING_0_SCIENCEPRIMARY
TRD002182,156.21049,-0.35065686,QSO,SDSS_DR18_SPECTROSCOPY,ZWARNING_0_SCIENCEPRIMARY
TRD002183,156.20354,-0.38675016,QSO,SDSS_DR18_SPECTROSCOPY,ZWARNING_0_SCIENCEPRIMARY
TRD002184,155.62867,-0.96648913,QSO,SDSS_DR18_SPECTROSCOPY,ZWARNING_0_SCIENCEPRIMARY
TRD002185,155.7423,-0.68114682,QSO,SDSS_DR18_SPECTROSCOPY,ZWARNING_0_SCIENCEPRIMARY
TRD002186,155.74446,-0.26065317,QSO,SDSS_DR18_SPECTROSCOPY,ZWARNING_0_SCIENCEPRIMARY
TRD002187,155.50311,-1.0697767,QSO,SDSS_DR18_SPECTROSCOPY,ZWARNING_0_SCIENCEPRIMARY
TRD002188,155.39934,-1.1185616,QSO,SDSS_DR18_SPECTROSCOPY,ZWARNING_0_SCIENCEPRIMARY
TRD002189,155.34141,-0.57844181,QSO,SDSS_DR18_SPECTROSCOPY,ZWARNING_0_SCIENCEPRIMARY
TRD002190,155.45949,-0.64775094,QSO,SDSS_DR18_SPECTROSCOPY,ZWARNING_0_SCIENCEPRIMARY
TRD002191,154.85615,-0.029896934,QSO,SDSS_DR18_SPECTROSCOPY,ZWARNING_0_SCIENCEPRIMARY
TRD002192,154.67992,-0.58095136,QSO,SDSS_DR18_SPECTROSCOPY,ZWARNING_0_SCIENCEPRIMARY
TRD002193,155.24885,1.0095356,QSO,SDSS_DR18_SPECTROSCOPY,ZWARNING_0_SCIENCEPRIMARY
TRD002194,154.90114,0.34159576,QSO,SDSS_DR18_SPECTROSCOPY,ZWARNING_0_SCIENCEPRIMARY
TRD002195,155.74132,0.81960187,QSO,SDSS_DR18_SPECTROSCOPY,ZWARNING_0_SCIENCEPRIMARY
TRD002196,155.74914,1.0231981,QSO,SDSS_DR18_SPECTROSCOPY,ZWARNING_0_SCIENCEPRIMARY
TRD002197,155.7013,0.88038881,QSO,SDSS_DR18_SPECTROSCOPY,ZWARNING_0_SCIENCEPRIMARY
TRD002198,155.62198,0.95291713,QSO,SDSS_DR18_SPECTROSCOPY,ZWARNING_0_SCIENCEPRIMARY
TRD002199,155.60345,0.1118451,QSO,SDSS_DR18_SPECTROSCOPY,ZWARNING_0_SCIENCEPRIMARY
TRD002200,155.8192,0.16007739,QSO,SDSS_DR18_SPECTROSCOPY,ZWARNING_0_SCIENCEPRIMARY
TRD002201,156.20239,0.59390075,QSO,SDSS_DR18_SPECTROSCOPY,ZWARNING_0_SCIENCEPRIMARY
TRD002202,156.26145,0.52415147,QSO,SDSS_DR18_SPECTROSCOPY,ZWARNING_0_SCIENCEPRIMARY
TRD002203,156.32326,0.57282473,QSO,SDSS_DR18_SPECTROSCOPY,ZWARNING_0_SCIENCEPRIMARY
TRD002204,156.48301,0.72974681,QSO,SDSS_DR18_SPECTROSCOPY,ZWARNING_0_SCIENCEPRIMARY
TRD002205,156.27623,0.59815382,QSO,SDSS_DR18_SPECTROSCOPY,ZWARNING_0_SCIENCEPRIMARY
TRD002206,156.68378,0.10816617,QSO,SDSS_DR18_SPECTROSCOPY,ZWARNING_0_SCIENCEPRIMARY
TRD002207,156.92554,0.91780884,QSO,SDSS_DR18_SPECTROSCOPY,ZWARNING_0_SCIENCEPRIMARY
TRD002208,156.97434,0.51539666,QSO,SDSS_DR18_SPECTROSCOPY,ZWARNING_0_SCIENCEPRIMARY
TRD002209,158.73871,-1.0358418,QSO,SDSS_DR18_SPECTROSCOPY,ZWARNING_0_SCIENCEPRIMARY
TRD002210,158.65624,-0.88338127,QSO,SDSS_DR18_SPECTROSCOPY,ZWARNING_0_SCIENCEPRIMARY
TRD002211,158.74418,-0.7649548,QSO,SDSS_DR18_SPECTROSCOPY,ZWARNING_0_SCIENCEPRIMARY
TRD002212,159.26291,-0.31522617,QSO,SDSS_DR18_SPECTROSCOPY,ZWARNING_0_SCIENCEPRIMARY
TRD002213,158.5282,-1.0242064,QSO,SDSS_DR18_SPECTROSCOPY,ZWARNING_0_SCIENCEPRIMARY
TRD002214,158.88399,-0.44052944,QSO,SDSS_DR18_SPECTROSCOPY,ZWARNING_0_SCIENCEPRIMARY
TRD002215,158.9373,-0.49022279,QSO,SDSS_DR18_SPECTROSCOPY,ZWARNING_0_SCIENCEPRIMARY
TRD002216,158.15353,-1.1030662,QSO,SDSS_DR18_SPECTROSCOPY,ZWARNING_0_SCIENCEPRIMARY
TRD002217,158.19055,-0.81939438,QSO,SDSS_DR18_SPECTROSCOPY,ZWARNING_0_SCIENCEPRIMARY
TRD002218,158.603,-0.62828576,QSO,SDSS_DR18_SPECTROSCOPY,ZWARNING_0_SCIENCEPRIMARY
TRD002219,158.61488,-0.37605504,QSO,SDSS_DR18_SPECTROSCOPY,ZWARNING_0_SCIENCEPRIMARY
TRD002220,158.56797,-0.17868389,QSO,SDSS_DR18_SPECTROSCOPY,ZWARNING_0_SCIENCEPRIMARY
TRD002221,158.44241,-0.037609405,QSO,SDSS_DR18_SPECTROSCOPY,ZWARNING_0_SCIENCEPRIMARY
TRD002222,158.28719,-0.27708653,QSO,SDSS_DR18_SPECTROSCOPY,ZWARNING_0_SCIENCEPRIMARY
TRD002223,158.05927,-0.53255163,QSO,SDSS_DR18_SPECTROSCOPY,ZWARNING_0_SCIENCEPRIMARY
TRD002224,158.01038,-0.4296777,QSO,SDSS_DR18_SPECTROSCOPY,ZWARNING_0_SCIENCEPRIMARY
TRD002225,157.93954,-0.37137042,QSO,SDSS_DR18_SPECTROSCOPY,ZWARNING_0_SCIENCEPRIMARY
TRD002226,158.09408,-0.062662662,QSO,SDSS_DR18_SPECTROSCOPY,ZWARNING_0_SCIENCEPRIMARY
TRD002227,158.01976,-0.18864272,QSO,SDSS_DR18_SPECTROSCOPY,ZWARNING_0_SCIENCEPRIMARY
TRD002228,157.95172,-0.60280935,QSO,SDSS_DR18_SPECTROSCOPY,ZWARNING_0_SCIENCEPRIMARY
TRD002229,157.55672,-1.0156883,QSO,SDSS_DR18_SPECTROSCOPY,ZWARNING_0_SCIENCEPRIMARY
TRD002230,157.68263,-0.59049095,QSO,SDSS_DR18_SPECTROSCOPY,ZWARNING_0_SCIENCEPRIMARY
TRD002231,157.63089,-0.31737708,QSO,SDSS_DR18_SPECTROSCOPY,ZWARNING_0_SCIENCEPRIMARY
TRD002232,157.33622,-0.79651288,QSO,SDSS_DR18_SPECTROSCOPY,ZWARNING_0_SCIENCEPRIMARY
TRD002233,157.15168,-1.0776891,QSO,SDSS_DR18_SPECTROSCOPY,ZWARNING_0_SCIENCEPRIMARY
TRD002234,157.15427,-1.0076586,QSO,SDSS_DR18_SPECTROSCOPY,ZWARNING_0_SCIENCEPRIMARY
TRD002235,157.15363,-0.72066525,QSO,SDSS_DR18_SPECTROSCOPY,ZWARNING_0_SCIENCEPRIMARY
TRD002236,156.66845,-0.70180159,QSO,SDSS_DR18_SPECTROSCOPY,ZWARNING_0_SCIENCEPRIMARY
TRD002237,156.96728,-0.58232198,QSO,SDSS_DR18_SPECTROSCOPY,ZWARNING_0_SCIENCEPRIMARY
TRD002238,156.98791,0.90193089,QSO,SDSS_DR18_SPECTROSCOPY,ZWARNING_0_SCIENCEPRIMARY
TRD002239,156.90169,0.75817815,QSO,SDSS_DR18_SPECTROSCOPY,ZWARNING_0_SCIENCEPRIMARY
TRD002240,156.94182,0.53472232,QSO,SDSS_DR18_SPECTROSCOPY,ZWARNING_0_SCIENCEPRIMARY
TRD002241,157.51824,0.14235642,QSO,SDSS_DR18_SPECTROSCOPY,ZWARNING_0_SCIENCEPRIMARY
TRD002242,157.9704,1.1564056,QSO,SDSS_DR18_SPECTROSCOPY,ZWARNING_0_SCIENCEPRIMARY
TRD002243,158.03829,1.1619739,QSO,SDSS_DR18_SPECTROSCOPY,ZWARNING_0_SCIENCEPRIMARY
TRD002244,158.16339,0.065052063,QSO,SDSS_DR18_SPECTROSCOPY,ZWARNING_0_SCIENCEPRIMARY
TRD002245,158.00116,0.57455319,QSO,SDSS_DR18_SPECTROSCOPY,ZWARNING_0_SCIENCEPRIMARY
TRD002246,158.48844,0.89027426,QSO,SDSS_DR18_SPECTROSCOPY,ZWARNING_0_SCIENCEPRIMARY
TRD002247,158.41117,0.70737549,QSO,SDSS_DR18_SPECTROSCOPY,ZWARNING_0_SCIENCEPRIMARY
TRD002248,158.46913,0.73426859,QSO,SDSS_DR18_SPECTROSCOPY,ZWARNING_0_SCIENCEPRIMARY
TRD002249,158.9464,0.21106121,QSO,SDSS_DR18_SPECTROSCOPY,ZWARNING_0_SCIENCEPRIMARY
TRD002250,159.01339,0.79237063,QSO,SDSS_DR18_SPECTROSCOPY,ZWARNING_0_SCIENCEPRIMARY
TRD002251,159.10711,0.6914869,QSO,SDSS_DR18_SPECTROSCOPY,ZWARNING_0_SCIENCEPRIMARY
TRD002252,159.04555,0.54139815,QSO,SDSS_DR18_SPECTROSCOPY,ZWARNING_0_SCIENCEPRIMARY
TRD002253,159.26938,0.25958258,QSO,SDSS_DR18_SPECTROSCOPY,ZWARNING_0_SCIENCEPRIMARY
TRD002254,160.54542,-1.0855791,QSO,SDSS_DR18_SPECTROSCOPY,ZWARNING_0_SCIENCEPRIMARY
TRD002255,161.05551,-0.056865107,QSO,SDSS_DR18_SPECTROSCOPY,ZWARNING_0_SCIENCEPRIMARY
TRD002256,161.13241,-0.18850828,QSO,SDSS_DR18_SPECTROSCOPY,ZWARNING_0_SCIENCEPRIMARY
TRD002257,160.52563,-0.65487256,QSO,SDSS_DR18_SPECTROSCOPY,ZWARNING_0_SCIENCEPRIMARY
TRD002258,160.27971,-1.1793853,QSO,SDSS_DR18_SPECTROSCOPY,ZWARNING_0_SCIENCEPRIMARY
TRD002259,160.38658,-0.84929597,QSO,SDSS_DR18_SPECTROSCOPY,ZWARNING_0_SCIENCEPRIMARY
TRD002260,160.34518,-0.93846041,QSO,SDSS_DR18_SPECTROSCOPY,ZWARNING_0_SCIENCEPRIMARY
TRD002261,160.72268,-0.21689202,QSO,SDSS_DR18_SPECTROSCOPY,ZWARNING_0_SCIENCEPRIMARY
TRD002262,160.6797,-0.28498294,QSO,SDSS_DR18_SPECTROSCOPY,ZWARNING_0_SCIENCEPRIMARY
TRD002263,160.49358,-0.50143401,QSO,SDSS_DR18_SPECTROSCOPY,ZWARNING_0_SCIENCEPRIMARY
TRD002264,159.84302,-0.56778968,QSO,SDSS_DR18_SPECTROSCOPY,ZWARNING_0_SCIENCEPRIMARY
TRD002265,159.69885,-0.88918742,QSO,SDSS_DR18_SPECTROSCOPY,ZWARNING_0_SCIENCEPRIMARY
TRD002266,159.77533,-0.095534221,QSO,SDSS_DR18_SPECTROSCOPY,ZWARNING_0_SCIENCEPRIMARY
TRD002267,159.28034,-0.94329628,QSO,SDSS_DR18_SPECTROSCOPY,ZWARNING_0_SCIENCEPRIMARY
TRD002268,159.44756,-0.27886953,QSO,SDSS_DR18_SPECTROSCOPY,ZWARNING_0_SCIENCEPRIMARY
TRD002269,159.21849,-0.8246021,QSO,SDSS_DR18_SPECTROSCOPY,ZWARNING_0_SCIENCEPRIMARY
TRD002270,159.23178,-1.0829613,QSO,SDSS_DR18_SPECTROSCOPY,ZWARNING_0_SCIENCEPRIMARY
TRD002271,158.5884,-0.62563715,QSO,SDSS_DR18_SPECTROSCOPY,ZWARNING_0_SCIENCEPRIMARY
TRD002272,159.36438,0.60989185,QSO,SDSS_DR18_SPECTROSCOPY,ZWARNING_0_SCIENCEPRIMARY
TRD002273,159.57424,0.31228015,QSO,SDSS_DR18_SPECTROSCOPY,ZWARNING_0_SCIENCEPRIMARY
TRD002274,159.70051,0.79819114,QSO,SDSS_DR18_SPECTROSCOPY,ZWARNING_0_SCIENCEPRIMARY
TRD002275,159.92676,0.99833971,QSO,SDSS_DR18_SPECTROSCOPY,ZWARNING_0_SCIENCEPRIMARY
TRD002276,160.11915,0.085414052,QSO,SDSS_DR18_SPECTROSCOPY,ZWARNING_0_SCIENCEPRIMARY
TRD002277,160.41088,0.83366496,QSO,SDSS_DR18_SPECTROSCOPY,ZWARNING_0_SCIENCEPRIMARY
TRD002278,160.61301,0.7810109,QSO,SDSS_DR18_SPECTROSCOPY,ZWARNING_0_SCIENCEPRIMARY
TRD002279,160.83991,0.72262799,QSO,SDSS_DR18_SPECTROSCOPY,ZWARNING_0_SCIENCEPRIMARY
TRD002280,160.62776,1.0004577,QSO,SDSS_DR18_SPECTROSCOPY,ZWARNING_0_SCIENCEPRIMARY
TRD002281,160.94676,0.8342322,QSO,SDSS_DR18_SPECTROSCOPY,ZWARNING_0_SCIENCEPRIMARY
TRD002282,162.30564,-1.0037799,QSO,SDSS_DR18_SPECTROSCOPY,ZWARNING_0_SCIENCEPRIMARY
TRD002283,162.92542,-0.12838374,QSO,SDSS_DR18_SPECTROSCOPY,ZWARNING_0_SCIENCEPRIMARY
TRD002284,162.1477,-0.66973679,QSO,SDSS_DR18_SPECTROSCOPY,ZWARNING_0_SCIENCEPRIMARY
TRD002285,162.12005,-0.96306311,QSO,SDSS_DR18_SPECTROSCOPY,ZWARNING_0_SCIENCEPRIMARY
TRD002286,161.88911,-0.78344513,QSO,SDSS_DR18_SPECTROSCOPY,ZWARNING_0_SCIENCEPRIMARY
TRD002287,161.90609,-0.2348479,QSO,SDSS_DR18_SPECTROSCOPY,ZWARNING_0_SCIENCEPRIMARY
TRD002288,161.18442,-1.1076207,QSO,SDSS_DR18_SPECTROSCOPY,ZWARNING_0_SCIENCEPRIMARY
TRD002289,161.35852,-1.0200246,QSO,SDSS_DR18_SPECTROSCOPY,ZWARNING_0_SCIENCEPRIMARY
TRD002290,161.35183,-0.95898137,QSO,SDSS_DR18_SPECTROSCOPY,ZWARNING_0_SCIENCEPRIMARY
TRD002291,161.45715,-1.1169181,QSO,SDSS_DR18_SPECTROSCOPY,ZWARNING_0_SCIENCEPRIMARY
TRD002292,161.25169,-0.26497633,QSO,SDSS_DR18_SPECTROSCOPY,ZWARNING_0_SCIENCEPRIMARY
TRD002293,161.20534,0.050345243,QSO,SDSS_DR18_SPECTROSCOPY,ZWARNING_0_SCIENCEPRIMARY
TRD002294,160.8813,-1.1257931,QSO,SDSS_DR18_SPECTROSCOPY,ZWARNING_0_SCIENCEPRIMARY
TRD002295,160.77506,0.16852475,QSO,SDSS_DR18_SPECTROSCOPY,ZWARNING_0_SCIENCEPRIMARY
TRD002296,160.3848,-0.58671644,QSO,SDSS_DR18_SPECTROSCOPY,ZWARNING_0_SCIENCEPRIMARY
TRD002297,160.38931,-0.043445154,QSO,SDSS_DR18_SPECTROSCOPY,ZWARNING_0_SCIENCEPRIMARY
TRD002298,160.49641,-0.19066896,QSO,SDSS_DR18_SPECTROSCOPY,ZWARNING_0_SCIENCEPRIMARY
TRD002299,160.54179,-0.30408553,QSO,SDSS_DR18_SPECTROSCOPY,ZWARNING_0_SCIENCEPRIMARY
TRD002300,160.62557,1.0399054,QSO,SDSS_DR18_SPECTROSCOPY,ZWARNING_0_SCIENCEPRIMARY
TRD002301,160.71512,1.2173807,QSO,SDSS_DR18_SPECTROSCOPY,ZWARNING_0_SCIENCEPRIMARY
TRD002302,160.16358,0.22690535,QSO,SDSS_DR18_SPECTROSCOPY,ZWARNING_0_SCIENCEPRIMARY
TRD002303,160.42738,0.6752738,QSO,SDSS_DR18_SPECTROSCOPY,ZWARNING_0_SCIENCEPRIMARY
TRD002304,160.88701,1.0191099,QSO,SDSS_DR18_SPECTROSCOPY,ZWARNING_0_SCIENCEPRIMARY
TRD002305,161.22651,1.2195637,QSO,SDSS_DR18_SPECTROSCOPY,ZWARNING_0_SCIENCEPRIMARY
TRD002306,161.00275,0.84833514,QSO,SDSS_DR18_SPECTROSCOPY,ZWARNING_0_SCIENCEPRIMARY
TRD002307,161.07143,0.62327958,QSO,SDSS_DR18_SPECTROSCOPY,ZWARNING_0_SCIENCEPRIMARY
TRD002308,161.09624,0.68213561,QSO,SDSS_DR18_SPECTROSCOPY,ZWARNING_0_SCIENCEPRIMARY
TRD002309,161.24291,0.93587726,QSO,SDSS_DR18_SPECTROSCOPY,ZWARNING_0_SCIENCEPRIMARY
TRD002310,161.28431,0.907703,QSO,SDSS_DR18_SPECTROSCOPY,ZWARNING_0_SCIENCEPRIMARY
TRD002311,161.30149,0.92295405,QSO,SDSS_DR18_SPECTROSCOPY,ZWARNING_0_SCIENCEPRIMARY
TRD002312,161.40641,1.0604634,QSO,SDSS_DR18_SPECTROSCOPY,ZWARNING_0_SCIENCEPRIMARY
TRD002313,161.46842,0.40290271,QSO,SDSS_DR18_SPECTROSCOPY,ZWARNING_0_SCIENCEPRIMARY
TRD002314,161.87061,1.0176649,QSO,SDSS_DR18_SPECTROSCOPY,ZWARNING_0_SCIENCEPRIMARY
TRD002315,162.21787,0.26578371,QSO,SDSS_DR18_SPECTROSCOPY,ZWARNING_0_SCIENCEPRIMARY
TRD002316,162.03225,0.92872036,QSO,SDSS_DR18_SPECTROSCOPY,ZWARNING_0_SCIENCEPRIMARY
TRD002317,164.273,-1.1272137,QSO,SDSS_DR18_SPECTROSCOPY,ZWARNING_0_SCIENCEPRIMARY
TRD002318,164.68092,-0.31322756,QSO,SDSS_DR18_SPECTROSCOPY,ZWARNING_0_SCIENCEPRIMARY
TRD002319,164.27892,-0.69588589,QSO,SDSS_DR18_SPECTROSCOPY,ZWARNING_0_SCIENCEPRIMARY
TRD002320,163.77638,-0.82897008,QSO,SDSS_DR18_SPECTROSCOPY,ZWARNING_0_SCIENCEPRIMARY
TRD002321,164.06341,-1.1546201,QSO,SDSS_DR18_SPECTROSCOPY,ZWARNING_0_SCIENCEPRIMARY
TRD002322,163.86457,-0.47130389,QSO,SDSS_DR18_SPECTROSCOPY,ZWARNING_0_SCIENCEPRIMARY
TRD002323,163.72236,-1.2368293,QSO,SDSS_DR18_SPECTROSCOPY,ZWARNING_0_SCIENCEPRIMARY
TRD002324,163.67974,-1.1171644,QSO,SDSS_DR18_SPECTROSCOPY,ZWARNING_0_SCIENCEPRIMARY
TRD002325,163.73766,-0.76473279,QSO,SDSS_DR18_SPECTROSCOPY,ZWARNING_0_SCIENCEPRIMARY
TRD002326,163.39698,-0.86535542,QSO,SDSS_DR18_SPECTROSCOPY,ZWARNING_0_SCIENCEPRIMARY
TRD002327,163.42589,-0.2389271,QSO,SDSS_DR18_SPECTROSCOPY,ZWARNING_0_SCIENCEPRIMARY
TRD002328,163.55875,-0.30100604,QSO,SDSS_DR18_SPECTROSCOPY,ZWARNING_0_SCIENCEPRIMARY
TRD002329,163.4099,-0.46789186,QSO,SDSS_DR18_SPECTROSCOPY,ZWARNING_0_SCIENCEPRIMARY
TRD002330,163.40298,-0.29090584,QSO,SDSS_DR18_SPECTROSCOPY,ZWARNING_0_SCIENCEPRIMARY
TRD002331,163.11808,-1.0800156,QSO,SDSS_DR18_SPECTROSCOPY,ZWARNING_0_SCIENCEPRIMARY
TRD002332,162.79297,-0.062293114,QSO,SDSS_DR18_SPECTROSCOPY,ZWARNING_0_SCIENCEPRIMARY
TRD002333,162.90158,-0.80191552,QSO,SDSS_DR18_SPECTROSCOPY,ZWARNING_0_SCIENCEPRIMARY
TRD002334,162.96439,-0.85491191,QSO,SDSS_DR18_SPECTROSCOPY,ZWARNING_0_SCIENCEPRIMARY
TRD002335,162.63785,-0.23189271,QSO,SDSS_DR18_SPECTROSCOPY,ZWARNING_0_SCIENCEPRIMARY
TRD002336,162.72474,0.037125459,QSO,SDSS_DR18_SPECTROSCOPY,ZWARNING_0_SCIENCEPRIMARY
TRD002337,162.59871,-1.0987453,QSO,SDSS_DR18_SPECTROSCOPY,ZWARNING_0_SCIENCEPRIMARY
TRD002338,162.14889,0.00061963687,QSO,SDSS_DR18_SPECTROSCOPY,ZWARNING_0_SCIENCEPRIMARY
TRD002339,162.45133,0.98634812,QSO,SDSS_DR18_SPECTROSCOPY,ZWARNING_0_SCIENCEPRIMARY
TRD002340,162.25716,0.9261072,QSO,SDSS_DR18_SPECTROSCOPY,ZWARNING_0_SCIENCEPRIMARY
TRD002341,162.11941,0.23969476,QSO,SDSS_DR18_SPECTROSCOPY,ZWARNING_0_SCIENCEPRIMARY
TRD002342,162.21891,0.54165019,QSO,SDSS_DR18_SPECTROSCOPY,ZWARNING_0_SCIENCEPRIMARY
TRD002343,162.36229,0.40189895,QSO,SDSS_DR18_SPECTROSCOPY,ZWARNING_0_SCIENCEPRIMARY
TRD002344,163.14702,0.088159757,QSO,SDSS_DR18_SPECTROSCOPY,ZWARNING_0_SCIENCEPRIMARY
TRD002345,162.86584,0.64668407,QSO,SDSS_DR18_SPECTROSCOPY,ZWARNING_0_SCIENCEPRIMARY
TRD002346,163.61299,0.40743487,QSO,SDSS_DR18_SPECTROSCOPY,ZWARNING_0_SCIENCEPRIMARY
TRD002347,163.73763,0.5738993,QSO,SDSS_DR18_SPECTROSCOPY,ZWARNING_0_SCIENCEPRIMARY
TRD002348,163.57625,0.10429247,QSO,SDSS_DR18_SPECTROSCOPY,ZWARNING_0_SCIENCEPRIMARY
TRD002349,163.40815,0.99966166,QSO,SDSS_DR18_SPECTROSCOPY,ZWARNING_0_SCIENCEPRIMARY
TRD002350,163.38318,0.78372019,QSO,SDSS_DR18_SPECTROSCOPY,ZWARNING_0_SCIENCEPRIMARY
TRD002351,163.38183,0.76027237,QSO,SDSS_DR18_SPECTROSCOPY,ZWARNING_0_SCIENCEPRIMARY
TRD002352,163.58846,0.88956032,QSO,SDSS_DR18_SPECTROSCOPY,ZWARNING_0_SCIENCEPRIMARY
TRD002353,163.62869,1.2225442,QSO,SDSS_DR18_SPECTROSCOPY,ZWARNING_0_SCIENCEPRIMARY
TRD002354,163.7349,0.90052451,QSO,SDSS_DR18_SPECTROSCOPY,ZWARNING_0_SCIENCEPRIMARY
TRD002355,164.09022,0.21212171,QSO,SDSS_DR18_SPECTROSCOPY,ZWARNING_0_SCIENCEPRIMARY
TRD002356,163.92925,0.16711876,QSO,SDSS_DR18_SPECTROSCOPY,ZWARNING_0_SCIENCEPRIMARY
TRD002357,163.8653,0.33376681,QSO,SDSS_DR18_SPECTROSCOPY,ZWARNING_0_SCIENCEPRIMARY
TRD002358,164.07748,1.1333607,QSO,SDSS_DR18_SPECTROSCOPY,ZWARNING_0_SCIENCEPRIMARY
TRD002359,163.83333,0.96641076,QSO,SDSS_DR18_SPECTROSCOPY,ZWARNING_0_SCIENCEPRIMARY
TRD002360,164.58444,0.54788745,QSO,SDSS_DR18_SPECTROSCOPY,ZWARNING_0_SCIENCEPRIMARY
TRD002361,164.54659,0.4216093,QSO,SDSS_DR18_SPECTROSCOPY,ZWARNING_0_SCIENCEPRIMARY
TRD002362,164.58208,0.064329322,QSO,SDSS_DR18_SPECTROSCOPY,ZWARNING_0_SCIENCEPRIMARY
TRD002363,165.9367,-0.85073849,QSO,SDSS_DR18_SPECTROSCOPY,ZWARNING_0_SCIENCEPRIMARY
TRD002364,166.12644,-0.55367956,QSO,SDSS_DR18_SPECTROSCOPY,ZWARNING_0_SCIENCEPRIMARY
TRD002365,166.25829,-0.74849605,QSO,SDSS_DR18_SPECTROSCOPY,ZWARNING_0_SCIENCEPRIMARY
TRD002366,166.17011,-0.078229752,QSO,SDSS_DR18_SPECTROSCOPY,ZWARNING_0_SCIENCEPRIMARY
TRD002367,165.6288,-1.0916415,QSO,SDSS_DR18_SPECTROSCOPY,ZWARNING_0_SCIENCEPRIMARY
TRD002368,165.86037,-0.11829192,QSO,SDSS_DR18_SPECTROSCOPY,ZWARNING_0_SCIENCEPRIMARY
TRD002369,165.79201,-0.21244379,QSO,SDSS_DR18_SPECTROSCOPY,ZWARNING_0_SCIENCEPRIMARY
TRD002370,165.81309,-0.25370137,QSO,SDSS_DR18_SPECTROSCOPY,ZWARNING_0_SCIENCEPRIMARY
TRD002371,165.66319,-0.67561671,QSO,SDSS_DR18_SPECTROSCOPY,ZWARNING_0_SCIENCEPRIMARY
TRD002372,165.5025,-0.70643215,QSO,SDSS_DR18_SPECTROSCOPY,ZWARNING_0_SCIENCEPRIMARY
TRD002373,165.2818,-0.98949192,QSO,SDSS_DR18_SPECTROSCOPY,ZWARNING_0_SCIENCEPRIMARY
TRD002374,165.22558,-0.84400074,QSO,SDSS_DR18_SPECTROSCOPY,ZWARNING_0_SCIENCEPRIMARY
TRD002375,165.1351,-0.43416034,QSO,SDSS_DR18_SPECTROSCOPY,ZWARNING_0_SCIENCEPRIMARY
TRD002376,164.7075,-1.1674962,QSO,SDSS_DR18_SPECTROSCOPY,ZWARNING_0_SCIENCEPRIMARY
TRD002377,164.8855,-0.73185929,QSO,SDSS_DR18_SPECTROSCOPY,ZWARNING_0_SCIENCEPRIMARY
TRD002378,164.899,-0.09757181,QSO,SDSS_DR18_SPECTROSCOPY,ZWARNING_0_SCIENCEPRIMARY
TRD002379,164.92698,-0.38359397,QSO,SDSS_DR18_SPECTROSCOPY,ZWARNING_0_SCIENCEPRIMARY
TRD002380,164.51315,-0.90420385,QSO,SDSS_DR18_SPECTROSCOPY,ZWARNING_0_SCIENCEPRIMARY
TRD002381,164.41957,-1.1648163,QSO,SDSS_DR18_SPECTROSCOPY,ZWARNING_0_SCIENCEPRIMARY
TRD002382,164.54445,-1.1938065,QSO,SDSS_DR18_SPECTROSCOPY,ZWARNING_0_SCIENCEPRIMARY
TRD002383,164.02891,-0.78208728,QSO,SDSS_DR18_SPECTROSCOPY,ZWARNING_0_SCIENCEPRIMARY
TRD002384,164.1781,-0.7155497,QSO,SDSS_DR18_SPECTROSCOPY,ZWARNING_0_SCIENCEPRIMARY
TRD002385,164.58119,0.77998885,QSO,SDSS_DR18_SPECTROSCOPY,ZWARNING_0_SCIENCEPRIMARY
TRD002386,164.78199,1.0509826,QSO,SDSS_DR18_SPECTROSCOPY,ZWARNING_0_SCIENCEPRIMARY
TRD002387,164.76801,0.59700141,QSO,SDSS_DR18_SPECTROSCOPY,ZWARNING_0_SCIENCEPRIMARY
TRD002388,165.03545,0.84106195,QSO,SDSS_DR18_SPECTROSCOPY,ZWARNING_0_SCIENCEPRIMARY
TRD002389,165.13688,0.69825065,QSO,SDSS_DR18_SPECTROSCOPY,ZWARNING_0_SCIENCEPRIMARY
TRD002390,165.04145,1.2451201,QSO,SDSS_DR18_SPECTROSCOPY,ZWARNING_0_SCIENCEPRIMARY
TRD002391,164.97501,0.77990766,QSO,SDSS_DR18_SPECTROSCOPY,ZWARNING_0_SCIENCEPRIMARY
TRD002392,165.01788,0.90216004,QSO,SDSS_DR18_SPECTROSCOPY,ZWARNING_0_SCIENCEPRIMARY
TRD002393,165.66217,0.39795703,QSO,SDSS_DR18_SPECTROSCOPY,ZWARNING_0_SCIENCEPRIMARY
TRD002394,165.60956,0.59809134,QSO,SDSS_DR18_SPECTROSCOPY,ZWARNING_0_SCIENCEPRIMARY
TRD002395,165.64723,0.41702261,QSO,SDSS_DR18_SPECTROSCOPY,ZWARNING_0_SCIENCEPRIMARY
TRD002396,165.80344,0.0034622173,QSO,SDSS_DR18_SPECTROSCOPY,ZWARNING_0_SCIENCEPRIMARY
TRD002397,165.89492,0.20220557,QSO,SDSS_DR18_SPECTROSCOPY,ZWARNING_0_SCIENCEPRIMARY
TRD002398,165.67963,0.78908754,QSO,SDSS_DR18_SPECTROSCOPY,ZWARNING_0_SCIENCEPRIMARY
TRD002399,166.11441,0.55185463,QSO,SDSS_DR18_SPECTROSCOPY,ZWARNING_0_SCIENCEPRIMARY
TRD002400,166.01975,1.0770232,QSO,SDSS_DR18_SPECTROSCOPY,ZWARNING_0_SCIENCEPRIMARY
TRD002401,166.25111,0.65921866,QSO,SDSS_DR18_SPECTROSCOPY,ZWARNING_0_SCIENCEPRIMARY
TRD002402,166.18019,0.38198155,QSO,SDSS_DR18_SPECTROSCOPY,ZWARNING_0_SCIENCEPRIMARY
TRD002403,166.40026,0.29031395,QSO,SDSS_DR18_SPECTROSCOPY,ZWARNING_0_SCIENCEPRIMARY
TRD002404,166.52718,0.53678616,QSO,SDSS_DR18_SPECTROSCOPY,ZWARNING_0_SCIENCEPRIMARY
TRD002405,166.51423,0.36886002,QSO,SDSS_DR18_SPECTROSCOPY,ZWARNING_0_SCIENCEPRIMARY
TRD002406,168.08366,-0.8581607,QSO,SDSS_DR18_SPECTROSCOPY,ZWARNING_0_SCIENCEPRIMARY
TRD002407,168.1072,-0.85045357,QSO,SDSS_DR18_SPECTROSCOPY,ZWARNING_0_SCIENCEPRIMARY
TRD002408,167.9696,-0.81083392,QSO,SDSS_DR18_SPECTROSCOPY,ZWARNING_0_SCIENCEPRIMARY
TRD002409,168.47499,-0.038276778,QSO,SDSS_DR18_SPECTROSCOPY,ZWARNING_0_SCIENCEPRIMARY
TRD002410,167.75253,-0.89300905,QSO,SDSS_DR18_SPECTROSCOPY,ZWARNING_0_SCIENCEPRIMARY
TRD002411,167.59329,-0.9290365,QSO,SDSS_DR18_SPECTROSCOPY,ZWARNING_0_SCIENCEPRIMARY
TRD002412,167.7786,-1.2317073,QSO,SDSS_DR18_SPECTROSCOPY,ZWARNING_0_SCIENCEPRIMARY
TRD002413,167.66753,-0.88182298,QSO,SDSS_DR18_SPECTROSCOPY,ZWARNING_0_SCIENCEPRIMARY
TRD002414,168.2545,-0.56137847,QSO,SDSS_DR18_SPECTROSCOPY,ZWARNING_0_SCIENCEPRIMARY
TRD002415,167.7734,-0.67734409,QSO,SDSS_DR18_SPECTROSCOPY,ZWARNING_0_SCIENCEPRIMARY
TRD002416,168.12971,-0.42618324,QSO,SDSS_DR18_SPECTROSCOPY,ZWARNING_0_SCIENCEPRIMARY
TRD002417,167.16154,-0.92603789,QSO,SDSS_DR18_SPECTROSCOPY,ZWARNING_0_SCIENCEPRIMARY
TRD002418,167.26353,-0.42907311,QSO,SDSS_DR18_SPECTROSCOPY,ZWARNING_0_SCIENCEPRIMARY
TRD002419,166.86858,-0.85628012,QSO,SDSS_DR18_SPECTROSCOPY,ZWARNING_0_SCIENCEPRIMARY
TRD002420,167.25678,-0.058406208,QSO,SDSS_DR18_SPECTROSCOPY,ZWARNING_0_SCIENCEPRIMARY
TRD002421,167.12719,-0.092804079,QSO,SDSS_DR18_SPECTROSCOPY,ZWARNING_0_SCIENCEPRIMARY
TRD002422,166.6533,-1.2485032,QSO,SDSS_DR18_SPECTROSCOPY,ZWARNING_0_SCIENCEPRIMARY
TRD002423,166.9477,-0.512278,QSO,SDSS_DR18_SPECTROSCOPY,ZWARNING_0_SCIENCEPRIMARY
TRD002424,166.97152,-0.12156497,QSO,SDSS_DR18_SPECTROSCOPY,ZWARNING_0_SCIENCEPRIMARY
TRD002425,166.38824,-0.98002567,QSO,SDSS_DR18_SPECTROSCOPY,ZWARNING_0_SCIENCEPRIMARY
TRD002426,165.91386,-0.52034658,QSO,SDSS_DR18_SPECTROSCOPY,ZWARNING_0_SCIENCEPRIMARY
TRD002427,166.74259,-0.4120884,QSO,SDSS_DR18_SPECTROSCOPY,ZWARNING_0_SCIENCEPRIMARY
TRD002428,166.30949,1.1522764,QSO,SDSS_DR18_SPECTROSCOPY,ZWARNING_0_SCIENCEPRIMARY
TRD002429,166.76565,0.70065485,QSO,SDSS_DR18_SPECTROSCOPY,ZWARNING_0_SCIENCEPRIMARY
TRD002430,166.68467,0.52643877,QSO,SDSS_DR18_SPECTROSCOPY,ZWARNING_0_SCIENCEPRIMARY
TRD002431,166.87099,0.80311576,QSO,SDSS_DR18_SPECTROSCOPY,ZWARNING_0_SCIENCEPRIMARY
TRD002432,166.85708,0.56499187,QSO,SDSS_DR18_SPECTROSCOPY,ZWARNING_0_SCIENCEPRIMARY
TRD002433,167.12646,0.57642248,QSO,SDSS_DR18_SPECTROSCOPY,ZWARNING_0_SCIENCEPRIMARY
TRD002434,167.49626,1.0321334,QSO,SDSS_DR18_SPECTROSCOPY,ZWARNING_0_SCIENCEPRIMARY
TRD002435,167.40148,0.8531511,QSO,SDSS_DR18_SPECTROSCOPY,ZWARNING_0_SCIENCEPRIMARY
TRD002436,167.54954,0.064590794,QSO,SDSS_DR18_SPECTROSCOPY,ZWARNING_0_SCIENCEPRIMARY
TRD002437,167.4796,0.47234781,QSO,SDSS_DR18_SPECTROSCOPY,ZWARNING_0_SCIENCEPRIMARY
TRD002438,167.54035,0.65890364,QSO,SDSS_DR18_SPECTROSCOPY,ZWARNING_0_SCIENCEPRIMARY
TRD002439,167.80202,0.29655692,QSO,SDSS_DR18_SPECTROSCOPY,ZWARNING_0_SCIENCEPRIMARY
TRD002440,167.55029,1.2243894,QSO,SDSS_DR18_SPECTROSCOPY,ZWARNING_0_SCIENCEPRIMARY
TRD002441,167.72886,0.81506941,QSO,SDSS_DR18_SPECTROSCOPY,ZWARNING_0_SCIENCEPRIMARY
TRD002442,167.82403,0.3091429,QSO,SDSS_DR18_SPECTROSCOPY,ZWARNING_0_SCIENCEPRIMARY
TRD002443,168.10077,0.7750995,QSO,SDSS_DR18_SPECTROSCOPY,ZWARNING_0_SCIENCEPRIMARY
TRD002444,168.23389,0.22872759,QSO,SDSS_DR18_SPECTROSCOPY,ZWARNING_0_SCIENCEPRIMARY
TRD002445,167.90189,1.1037646,QSO,SDSS_DR18_SPECTROSCOPY,ZWARNING_0_SCIENCEPRIMARY
TRD002446,168.28221,0.53622105,QSO,SDSS_DR18_SPECTROSCOPY,ZWARNING_0_SCIENCEPRIMARY
TRD002447,168.41901,0.49251311,QSO,SDSS_DR18_SPECTROSCOPY,ZWARNING_0_SCIENCEPRIMARY
TRD002448,168.96754,-0.75650276,QSO,SDSS_DR18_SPECTROSCOPY,ZWARNING_0_SCIENCEPRIMARY
TRD002449,169.18773,-0.73601814,QSO,SDSS_DR18_SPECTROSCOPY,ZWARNING_0_SCIENCEPRIMARY
TRD002450,169.70891,-0.35017093,QSO,SDSS_DR18_SPECTROSCOPY,ZWARNING_0_SCIENCEPRIMARY
TRD002451,169.10376,-1.03875,QSO,SDSS_DR18_SPECTROSCOPY,ZWARNING_0_SCIENCEPRIMARY
TRD002452,168.76106,-0.39557537,QSO,SDSS_DR18_SPECTROSCOPY,ZWARNING_0_SCIENCEPRIMARY
TRD002453,168.73343,-0.67195633,QSO,SDSS_DR18_SPECTROSCOPY,ZWARNING_0_SCIENCEPRIMARY
TRD002454,168.86869,-0.58184778,QSO,SDSS_DR18_SPECTROSCOPY,ZWARNING_0_SCIENCEPRIMARY
TRD002455,168.56597,-0.98897809,QSO,SDSS_DR18_SPECTROSCOPY,ZWARNING_0_SCIENCEPRIMARY
TRD002456,168.63476,-0.34631792,QSO,SDSS_DR18_SPECTROSCOPY,ZWARNING_0_SCIENCEPRIMARY
TRD002457,168.43685,-0.73653724,QSO,SDSS_DR18_SPECTROSCOPY,ZWARNING_0_SCIENCEPRIMARY
TRD002458,168.49114,-0.91275606,QSO,SDSS_DR18_SPECTROSCOPY,ZWARNING_0_SCIENCEPRIMARY
TRD002459,168.5,-0.39510303,QSO,SDSS_DR18_SPECTROSCOPY,ZWARNING_0_SCIENCEPRIMARY
TRD002460,168.54129,-0.13573419,QSO,SDSS_DR18_SPECTROSCOPY,ZWARNING_0_SCIENCEPRIMARY
TRD002461,168.12952,-1.0682627,QSO,SDSS_DR18_SPECTROSCOPY,ZWARNING_0_SCIENCEPRIMARY
TRD002462,168.1655,-1.1271853,QSO,SDSS_DR18_SPECTROSCOPY,ZWARNING_0_SCIENCEPRIMARY
TRD002463,167.95616,-0.43299171,QSO,SDSS_DR18_SPECTROSCOPY,ZWARNING_0_SCIENCEPRIMARY
TRD002464,168.39558,0.51338719,QSO,SDSS_DR18_SPECTROSCOPY,ZWARNING_0_SCIENCEPRIMARY
TRD002465,168.09094,0.50792887,QSO,SDSS_DR18_SPECTROSCOPY,ZWARNING_0_SCIENCEPRIMARY
TRD002466,168.33306,1.0858083,QSO,SDSS_DR18_SPECTROSCOPY,ZWARNING_0_SCIENCEPRIMARY
TRD002467,168.61809,0.80890384,QSO,SDSS_DR18_SPECTROSCOPY,ZWARNING_0_SCIENCEPRIMARY
TRD002468,168.53064,-0.0086051784,QSO,SDSS_DR18_SPECTROSCOPY,ZWARNING_0_SCIENCEPRIMARY
TRD002469,168.65944,0.95229261,QSO,SDSS_DR18_SPECTROSCOPY,ZWARNING_0_SCIENCEPRIMARY
TRD002470,168.75197,0.027221249,QSO,SDSS_DR18_SPECTROSCOPY,ZWARNING_0_SCIENCEPRIMARY
TRD002471,169.05007,0.78570453,QSO,SDSS_DR18_SPECTROSCOPY,ZWARNING_0_SCIENCEPRIMARY
TRD002472,169.08199,0.7962794,QSO,SDSS_DR18_SPECTROSCOPY,ZWARNING_0_SCIENCEPRIMARY
TRD002473,169.17645,0.099257874,QSO,SDSS_DR18_SPECTROSCOPY,ZWARNING_0_SCIENCEPRIMARY
TRD002474,169.48692,-0.039060467,QSO,SDSS_DR18_SPECTROSCOPY,ZWARNING_0_SCIENCEPRIMARY
TRD002475,169.10486,1.2539581,QSO,SDSS_DR18_SPECTROSCOPY,ZWARNING_0_SCIENCEPRIMARY
TRD002476,169.34902,0.67559476,QSO,SDSS_DR18_SPECTROSCOPY,ZWARNING_0_SCIENCEPRIMARY
TRD002477,169.73416,0.39466061,QSO,SDSS_DR18_SPECTROSCOPY,ZWARNING_0_SCIENCEPRIMARY
TRD002478,169.54908,0.010856785,QSO,SDSS_DR18_SPECTROSCOPY,ZWARNING_0_SCIENCEPRIMARY
TRD002479,169.57523,1.1428115,QSO,SDSS_DR18_SPECTROSCOPY,ZWARNING_0_SCIENCEPRIMARY
TRD002480,169.97004,0.45442591,QSO,SDSS_DR18_SPECTROSCOPY,ZWARNING_0_SCIENCEPRIMARY
TRD002481,169.90251,0.45328535,QSO,SDSS_DR18_SPECTROSCOPY,ZWARNING_0_SCIENCEPRIMARY
TRD002482,169.9066,0.93900586,QSO,SDSS_DR18_SPECTROSCOPY,ZWARNING_0_SCIENCEPRIMARY
TRD002483,171.50577,-0.75250594,QSO,SDSS_DR18_SPECTROSCOPY,ZWARNING_0_SCIENCEPRIMARY
TRD002484,171.06506,-0.44656698,QSO,SDSS_DR18_SPECTROSCOPY,ZWARNING_0_SCIENCEPRIMARY
TRD002485,171.42623,0.017036962,QSO,SDSS_DR18_SPECTROSCOPY,ZWARNING_0_SCIENCEPRIMARY
TRD002486,171.25266,0.24478524,QSO,SDSS_DR18_SPECTROSCOPY,ZWARNING_0_SCIENCEPRIMARY
TRD002487,170.5454,-1.1909753,QSO,SDSS_DR18_SPECTROSCOPY,ZWARNING_0_SCIENCEPRIMARY
TRD002488,171.05806,0.26285782,QSO,SDSS_DR18_SPECTROSCOPY,ZWARNING_0_SCIENCEPRIMARY
TRD002489,170.28899,-1.2148621,QSO,SDSS_DR18_SPECTROSCOPY,ZWARNING_0_SCIENCEPRIMARY
TRD002490,169.77623,-0.41833995,QSO,SDSS_DR18_SPECTROSCOPY,ZWARNING_0_SCIENCEPRIMARY
TRD002491,169.15372,0.24350016,QSO,SDSS_DR18_SPECTROSCOPY,ZWARNING_0_SCIENCEPRIMARY
TRD002492,169.81475,1.2386535,QSO,SDSS_DR18_SPECTROSCOPY,ZWARNING_0_SCIENCEPRIMARY
TRD002493,169.70419,1.2464345,QSO,SDSS_DR18_SPECTROSCOPY,ZWARNING_0_SCIENCEPRIMARY
TRD002494,169.92989,1.0405714,QSO,SDSS_DR18_SPECTROSCOPY,ZWARNING_0_SCIENCEPRIMARY
TRD002495,169.10725,0.52805868,QSO,SDSS_DR18_SPECTROSCOPY,ZWARNING_0_SCIENCEPRIMARY
TRD002496,170.09929,0.65588796,QSO,SDSS_DR18_SPECTROSCOPY,ZWARNING_0_SCIENCEPRIMARY
TRD002497,170.52383,1.1752603,QSO,SDSS_DR18_SPECTROSCOPY,ZWARNING_0_SCIENCEPRIMARY
TRD002498,170.33294,0.71889665,QSO,SDSS_DR18_SPECTROSCOPY,ZWARNING_0_SCIENCEPRIMARY
TRD002499,170.72292,0.89161262,QSO,SDSS_DR18_SPECTROSCOPY,ZWARNING_0_SCIENCEPRIMARY
TRD002500,171.16549,0.40548132,QSO,SDSS_DR18_SPECTROSCOPY,ZWARNING_0_SCIENCEPRIMARY
TRD002501,170.88894,1.0438485,QSO,SDSS_DR18_SPECTROSCOPY,ZWARNING_0_SCIENCEPRIMARY
TRD002502,171.348,0.49944484,QSO,SDSS_DR18_SPECTROSCOPY,ZWARNING_0_SCIENCEPRIMARY
TRD002503,171.51523,0.55225609,QSO,SDSS_DR18_SPECTROSCOPY,ZWARNING_0_SCIENCEPRIMARY
TRD002504,171.38093,1.0285867,QSO,SDSS_DR18_SPECTROSCOPY,ZWARNING_0_SCIENCEPRIMARY
TRD002505,171.65399,0.58210536,QSO,SDSS_DR18_SPECTROSCOPY,ZWARNING_0_SCIENCEPRIMARY
TRD002506,171.55464,0.79357816,QSO,SDSS_DR18_SPECTROSCOPY,ZWARNING_0_SCIENCEPRIMARY
TRD002507,173.10503,-0.49112105,QSO,SDSS_DR18_SPECTROSCOPY,ZWARNING_0_SCIENCEPRIMARY
TRD002508,173.06944,-0.11445075,QSO,SDSS_DR18_SPECTROSCOPY,ZWARNING_0_SCIENCEPRIMARY
TRD002509,173.2011,0.032136079,QSO,SDSS_DR18_SPECTROSCOPY,ZWARNING_0_SCIENCEPRIMARY
TRD002510,172.39831,-0.89223911,QSO,SDSS_DR18_SPECTROSCOPY,ZWARNING_0_SCIENCEPRIMARY
TRD002511,172.77768,0.093898948,QSO,SDSS_DR18_SPECTROSCOPY,ZWARNING_0_SCIENCEPRIMARY
TRD002512,172.11894,-0.84954199,QSO,SDSS_DR18_SPECTROSCOPY,ZWARNING_0_SCIENCEPRIMARY
TRD002513,172.15966,-0.96950293,QSO,SDSS_DR18_SPECTROSCOPY,ZWARNING_0_SCIENCEPRIMARY
TRD002514,171.92466,-0.7556474,QSO,SDSS_DR18_SPECTROSCOPY,ZWARNING_0_SCIENCEPRIMARY
TRD002515,172.02385,-0.98083429,QSO,SDSS_DR18_SPECTROSCOPY,ZWARNING_0_SCIENCEPRIMARY
TRD002516,172.01778,-0.51160416,QSO,SDSS_DR18_SPECTROSCOPY,ZWARNING_0_SCIENCEPRIMARY
TRD002517,172.04802,-0.64946282,QSO,SDSS_DR18_SPECTROSCOPY,ZWARNING_0_SCIENCEPRIMARY
TRD002518,171.97301,0.088329896,QSO,SDSS_DR18_SPECTROSCOPY,ZWARNING_0_SCIENCEPRIMARY
TRD002519,171.8106,-0.055550162,QSO,SDSS_DR18_SPECTROSCOPY,ZWARNING_0_SCIENCEPRIMARY
TRD002520,171.78267,-0.23467881,QSO,SDSS_DR18_SPECTROSCOPY,ZWARNING_0_SCIENCEPRIMARY
TRD002521,171.98972,-1.2111543,QSO,SDSS_DR18_SPECTROSCOPY,ZWARNING_0_SCIENCEPRIMARY
TRD002522,171.82383,-0.79520069,QSO,SDSS_DR18_SPECTROSCOPY,ZWARNING_0_SCIENCEPRIMARY
TRD002523,171.27814,-0.13336481,QSO,SDSS_DR18_SPECTROSCOPY,ZWARNING_0_SCIENCEPRIMARY
TRD002524,171.07017,-0.34747548,QSO,SDSS_DR18_SPECTROSCOPY,ZWARNING_0_SCIENCEPRIMARY
TRD002525,170.84198,-0.46440033,QSO,SDSS_DR18_SPECTROSCOPY,ZWARNING_0_SCIENCEPRIMARY
TRD002526,170.60938,-0.088333778,QSO,SDSS_DR18_SPECTROSCOPY,ZWARNING_0_SCIENCEPRIMARY
TRD002527,170.79229,-0.16147522,QSO,SDSS_DR18_SPECTROSCOPY,ZWARNING_0_SCIENCEPRIMARY
TRD002528,170.70837,0.50858531,QSO,SDSS_DR18_SPECTROSCOPY,ZWARNING_0_SCIENCEPRIMARY
TRD002529,170.67195,0.33677546,QSO,SDSS_DR18_SPECTROSCOPY,ZWARNING_0_SCIENCEPRIMARY
TRD002530,170.7957,0.62916471,QSO,SDSS_DR18_SPECTROSCOPY,ZWARNING_0_SCIENCEPRIMARY
TRD002531,171.02284,0.40058381,QSO,SDSS_DR18_SPECTROSCOPY,ZWARNING_0_SCIENCEPRIMARY
TRD002532,171.01771,0.21357439,QSO,SDSS_DR18_SPECTROSCOPY,ZWARNING_0_SCIENCEPRIMARY
TRD002533,171.69297,0.9148885,QSO,SDSS_DR18_SPECTROSCOPY,ZWARNING_0_SCIENCEPRIMARY
TRD002534,171.5117,0.57172969,QSO,SDSS_DR18_SPECTROSCOPY,ZWARNING_0_SCIENCEPRIMARY
TRD002535,171.52677,0.39722565,QSO,SDSS_DR18_SPECTROSCOPY,ZWARNING_0_SCIENCEPRIMARY
TRD002536,172.38064,0.64924095,QSO,SDSS_DR18_SPECTROSCOPY,ZWARNING_0_SCIENCEPRIMARY
TRD002537,172.77509,0.4970053,QSO,SDSS_DR18_SPECTROSCOPY,ZWARNING_0_SCIENCEPRIMARY
TRD002538,172.56386,0.47886828,QSO,SDSS_DR18_SPECTROSCOPY,ZWARNING_0_SCIENCEPRIMARY
TRD002539,172.58921,0.97306561,QSO,SDSS_DR18_SPECTROSCOPY,ZWARNING_0_SCIENCEPRIMARY
TRD002540,172.99552,0.20827732,QSO,SDSS_DR18_SPECTROSCOPY,ZWARNING_0_SCIENCEPRIMARY
TRD002541,173.13457,0.35247604,QSO,SDSS_DR18_SPECTROSCOPY,ZWARNING_0_SCIENCEPRIMARY
TRD002542,175.096,-0.17877818,QSO,SDSS_DR18_SPECTROSCOPY,ZWARNING_0_SCIENCEPRIMARY
TRD002543,174.55834,-0.9556293,QSO,SDSS_DR18_SPECTROSCOPY,ZWARNING_0_SCIENCEPRIMARY
TRD002544,174.79024,-0.26907207,QSO,SDSS_DR18_SPECTROSCOPY,ZWARNING_0_SCIENCEPRIMARY
TRD002545,174.24995,-0.92147928,QSO,SDSS_DR18_SPECTROSCOPY,ZWARNING_0_SCIENCEPRIMARY
TRD002546,173.86843,-1.1732363,QSO,SDSS_DR18_SPECTROSCOPY,ZWARNING_0_SCIENCEPRIMARY
TRD002547,173.67903,-0.85847677,QSO,SDSS_DR18_SPECTROSCOPY,ZWARNING_0_SCIENCEPRIMARY
TRD002548,173.63458,-0.93005491,QSO,SDSS_DR18_SPECTROSCOPY,ZWARNING_0_SCIENCEPRIMARY
TRD002549,174.30354,-0.65613467,QSO,SDSS_DR18_SPECTROSCOPY,ZWARNING_0_SCIENCEPRIMARY
TRD002550,174.06285,-0.38731543,QSO,SDSS_DR18_SPECTROSCOPY,ZWARNING_0_SCIENCEPRIMARY
TRD002551,174.06903,-0.4452193,QSO,SDSS_DR18_SPECTROSCOPY,ZWARNING_0_SCIENCEPRIMARY
TRD002552,174.06681,-0.47511345,QSO,SDSS_DR18_SPECTROSCOPY,ZWARNING_0_SCIENCEPRIMARY
TRD002553,174.30947,-0.32350322,QSO,SDSS_DR18_SPECTROSCOPY,ZWARNING_0_SCIENCEPRIMARY
TRD002554,174.21478,-0.47665695,QSO,SDSS_DR18_SPECTROSCOPY,ZWARNING_0_SCIENCEPRIMARY
TRD002555,174.12737,-0.3616805,QSO,SDSS_DR18_SPECTROSCOPY,ZWARNING_0_SCIENCEPRIMARY
TRD002556,173.79281,-0.5995125,QSO,SDSS_DR18_SPECTROSCOPY,ZWARNING_0_SCIENCEPRIMARY
TRD002557,173.84564,-0.49930508,QSO,SDSS_DR18_SPECTROSCOPY,ZWARNING_0_SCIENCEPRIMARY
TRD002558,173.71083,-0.6487727,QSO,SDSS_DR18_SPECTROSCOPY,ZWARNING_0_SCIENCEPRIMARY
TRD002559,173.60772,-0.09222059,QSO,SDSS_DR18_SPECTROSCOPY,ZWARNING_0_SCIENCEPRIMARY
TRD002560,173.42206,-0.96112691,QSO,SDSS_DR18_SPECTROSCOPY,ZWARNING_0_SCIENCEPRIMARY
TRD002561,173.57002,-0.31731891,QSO,SDSS_DR18_SPECTROSCOPY,ZWARNING_0_SCIENCEPRIMARY
TRD002562,173.32871,-0.68672823,QSO,SDSS_DR18_SPECTROSCOPY,ZWARNING_0_SCIENCEPRIMARY
TRD002563,173.45017,-0.18944234,QSO,SDSS_DR18_SPECTROSCOPY,ZWARNING_0_SCIENCEPRIMARY
TRD002564,173.57327,-0.51847476,QSO,SDSS_DR18_SPECTROSCOPY,ZWARNING_0_SCIENCEPRIMARY
TRD002565,173.05429,-0.87920319,QSO,SDSS_DR18_SPECTROSCOPY,ZWARNING_0_SCIENCEPRIMARY
TRD002566,173.07281,-0.82543785,QSO,SDSS_DR18_SPECTROSCOPY,ZWARNING_0_SCIENCEPRIMARY
TRD002567,173.14429,-0.59655998,QSO,SDSS_DR18_SPECTROSCOPY,ZWARNING_0_SCIENCEPRIMARY
TRD002568,172.89466,-0.33748009,QSO,SDSS_DR18_SPECTROSCOPY,ZWARNING_0_SCIENCEPRIMARY
TRD002569,173.19056,-0.70873843,QSO,SDSS_DR18_SPECTROSCOPY,ZWARNING_0_SCIENCEPRIMARY
TRD002570,172.75948,-1.0227868,QSO,SDSS_DR18_SPECTROSCOPY,ZWARNING_0_SCIENCEPRIMARY
TRD002571,172.32195,-0.19746316,QSO,SDSS_DR18_SPECTROSCOPY,ZWARNING_0_SCIENCEPRIMARY
TRD002572,172.66291,-0.67307006,QSO,SDSS_DR18_SPECTROSCOPY,ZWARNING_0_SCIENCEPRIMARY
TRD002573,172.61334,-0.76317924,QSO,SDSS_DR18_SPECTROSCOPY,ZWARNING_0_SCIENCEPRIMARY
TRD002574,172.61185,0.44696912,QSO,SDSS_DR18_SPECTROSCOPY,ZWARNING_0_SCIENCEPRIMARY
TRD002575,172.63155,0.34260577,QSO,SDSS_DR18_SPECTROSCOPY,ZWARNING_0_SCIENCEPRIMARY
TRD002576,172.55158,0.55408976,QSO,SDSS_DR18_SPECTROSCOPY,ZWARNING_0_SCIENCEPRIMARY
TRD002577,172.51358,0.058997246,QSO,SDSS_DR18_SPECTROSCOPY,ZWARNING_0_SCIENCEPRIMARY
TRD002578,173.00145,-0.06656285,QSO,SDSS_DR18_SPECTROSCOPY,ZWARNING_0_SCIENCEPRIMARY
TRD002579,173.57213,1.22125,QSO,SDSS_DR18_SPECTROSCOPY,ZWARNING_0_SCIENCEPRIMARY
TRD002580,173.44007,0.97041414,QSO,SDSS_DR18_SPECTROSCOPY,ZWARNING_0_SCIENCEPRIMARY
TRD002581,173.17204,0.0054855825,QSO,SDSS_DR18_SPECTROSCOPY,ZWARNING_0_SCIENCEPRIMARY
TRD002582,173.26264,0.26359342,QSO,SDSS_DR18_SPECTROSCOPY,ZWARNING_0_SCIENCEPRIMARY
TRD002583,173.59308,0.68357405,QSO,SDSS_DR18_SPECTROSCOPY,ZWARNING_0_SCIENCEPRIMARY
TRD002584,173.55615,0.17833058,QSO,SDSS_DR18_SPECTROSCOPY,ZWARNING_0_SCIENCEPRIMARY
TRD002585,173.88693,0.23652479,QSO,SDSS_DR18_SPECTROSCOPY,ZWARNING_0_SCIENCEPRIMARY
TRD002586,173.75865,-0.047261296,QSO,SDSS_DR18_SPECTROSCOPY,ZWARNING_0_SCIENCEPRIMARY
TRD002587,173.92166,0.3765106,QSO,SDSS_DR18_SPECTROSCOPY,ZWARNING_0_SCIENCEPRIMARY
TRD002588,173.93472,0.18852873,QSO,SDSS_DR18_SPECTROSCOPY,ZWARNING_0_SCIENCEPRIMARY
TRD002589,173.90515,0.0071641274,QSO,SDSS_DR18_SPECTROSCOPY,ZWARNING_0_SCIENCEPRIMARY
TRD002590,174.21797,1.1467325,QSO,SDSS_DR18_SPECTROSCOPY,ZWARNING_0_SCIENCEPRIMARY
TRD002591,174.16109,1.1754939,QSO,SDSS_DR18_SPECTROSCOPY,ZWARNING_0_SCIENCEPRIMARY
TRD002592,174.08771,0.8392401,QSO,SDSS_DR18_SPECTROSCOPY,ZWARNING_0_SCIENCEPRIMARY
TRD002593,174.21327,-0.016495701,QSO,SDSS_DR18_SPECTROSCOPY,ZWARNING_0_SCIENCEPRIMARY
TRD002594,174.48791,0.8954595,QSO,SDSS_DR18_SPECTROSCOPY,ZWARNING_0_SCIENCEPRIMARY
TRD002595,174.45733,0.45984324,QSO,SDSS_DR18_SPECTROSCOPY,ZWARNING_0_SCIENCEPRIMARY
TRD002596,174.59657,0.22897345,QSO,SDSS_DR18_SPECTROSCOPY,ZWARNING_0_SCIENCEPRIMARY
TRD002597,174.64097,0.79126616,QSO,SDSS_DR18_SPECTROSCOPY,ZWARNING_0_SCIENCEPRIMARY
TRD002598,174.92947,0.58927204,QSO,SDSS_DR18_SPECTROSCOPY,ZWARNING_0_SCIENCEPRIMARY
TRD002599,175.18196,-0.023969277,QSO,SDSS_DR18_SPECTROSCOPY,ZWARNING_0_SCIENCEPRIMARY
TRD002600,175.13378,0.32883922,QSO,SDSS_DR18_SPECTROSCOPY,ZWARNING_0_SCIENCEPRIMARY
TRD002601,176.9399,-0.93597749,QSO,SDSS_DR18_SPECTROSCOPY,ZWARNING_0_SCIENCEPRIMARY
TRD002602,176.9815,-1.0968438,QSO,SDSS_DR18_SPECTROSCOPY,ZWARNING_0_SCIENCEPRIMARY
TRD002603,177.27309,-0.65795928,QSO,SDSS_DR18_SPECTROSCOPY,ZWARNING_0_SCIENCEPRIMARY
TRD002604,177.28809,-0.39717518,QSO,SDSS_DR18_SPECTROSCOPY,ZWARNING_0_SCIENCEPRIMARY
TRD002605,176.69337,-1.0984214,QSO,SDSS_DR18_SPECTROSCOPY,ZWARNING_0_SCIENCEPRIMARY
TRD002606,176.99328,-0.26437112,QSO,SDSS_DR18_SPECTROSCOPY,ZWARNING_0_SCIENCEPRIMARY
TRD002607,176.40907,-1.0029386,QSO,SDSS_DR18_SPECTROSCOPY,ZWARNING_0_SCIENCEPRIMARY
TRD002608,176.47362,-0.55127614,QSO,SDSS_DR18_SPECTROSCOPY,ZWARNING_0_SCIENCEPRIMARY
TRD002609,176.36904,-0.79419532,QSO,SDSS_DR18_SPECTROSCOPY,ZWARNING_0_SCIENCEPRIMARY
TRD002610,176.39381,-0.72744359,QSO,SDSS_DR18_SPECTROSCOPY,ZWARNING_0_SCIENCEPRIMARY
TRD002611,176.44811,-0.51853248,QSO,SDSS_DR18_SPECTROSCOPY,ZWARNING_0_SCIENCEPRIMARY
TRD002612,176.37679,-0.19981375,QSO,SDSS_DR18_SPECTROSCOPY,ZWARNING_0_SCIENCEPRIMARY
TRD002613,176.23247,-0.36184647,QSO,SDSS_DR18_SPECTROSCOPY,ZWARNING_0_SCIENCEPRIMARY
TRD002614,176.01113,-0.2477932,QSO,SDSS_DR18_SPECTROSCOPY,ZWARNING_0_SCIENCEPRIMARY
TRD002615,175.94631,-0.913528,QSO,SDSS_DR18_SPECTROSCOPY,ZWARNING_0_SCIENCEPRIMARY
TRD002616,175.85403,-0.6040529,QSO,SDSS_DR18_SPECTROSCOPY,ZWARNING_0_SCIENCEPRIMARY
TRD002617,175.79681,-0.35917868,QSO,SDSS_DR18_SPECTROSCOPY,ZWARNING_0_SCIENCEPRIMARY
TRD002618,175.84068,-0.49486114,QSO,SDSS_DR18_SPECTROSCOPY,ZWARNING_0_SCIENCEPRIMARY
TRD002619,175.54364,-0.33693846,QSO,SDSS_DR18_SPECTROSCOPY,ZWARNING_0_SCIENCEPRIMARY
TRD002620,175.54832,-0.89562786,QSO,SDSS_DR18_SPECTROSCOPY,ZWARNING_0_SCIENCEPRIMARY
TRD002621,175.70065,-1.1823597,QSO,SDSS_DR18_SPECTROSCOPY,ZWARNING_0_SCIENCEPRIMARY
TRD002622,175.50518,-0.74504022,QSO,SDSS_DR18_SPECTROSCOPY,ZWARNING_0_SCIENCEPRIMARY
TRD002623,175.32347,-0.21400432,QSO,SDSS_DR18_SPECTROSCOPY,ZWARNING_0_SCIENCEPRIMARY
TRD002624,174.89431,-0.98378904,QSO,SDSS_DR18_SPECTROSCOPY,ZWARNING_0_SCIENCEPRIMARY
TRD002625,175.01814,-1.090952,QSO,SDSS_DR18_SPECTROSCOPY,ZWARNING_0_SCIENCEPRIMARY
TRD002626,175.23671,-0.39164699,QSO,SDSS_DR18_SPECTROSCOPY,ZWARNING_0_SCIENCEPRIMARY
TRD002627,175.25348,-0.31576384,QSO,SDSS_DR18_SPECTROSCOPY,ZWARNING_0_SCIENCEPRIMARY
TRD002628,175.00622,1.0616014,QSO,SDSS_DR18_SPECTROSCOPY,ZWARNING_0_SCIENCEPRIMARY
TRD002629,175.06949,0.89760804,QSO,SDSS_DR18_SPECTROSCOPY,ZWARNING_0_SCIENCEPRIMARY
TRD002630,174.84859,0.38378317,QSO,SDSS_DR18_SPECTROSCOPY,ZWARNING_0_SCIENCEPRIMARY
TRD002631,175.26813,1.090617,QSO,SDSS_DR18_SPECTROSCOPY,ZWARNING_0_SCIENCEPRIMARY
TRD002632,175.30124,0.79973973,QSO,SDSS_DR18_SPECTROSCOPY,ZWARNING_0_SCIENCEPRIMARY
TRD002633,175.49387,0.8241829,QSO,SDSS_DR18_SPECTROSCOPY,ZWARNING_0_SCIENCEPRIMARY
TRD002634,175.80605,0.49380129,QSO,SDSS_DR18_SPECTROSCOPY,ZWARNING_0_SCIENCEPRIMARY
TRD002635,175.97511,1.2286547,QSO,SDSS_DR18_SPECTROSCOPY,ZWARNING_0_SCIENCEPRIMARY
TRD002636,175.90493,0.76969193,QSO,SDSS_DR18_SPECTROSCOPY,ZWARNING_0_SCIENCEPRIMARY
TRD002637,176.04222,0.30382301,QSO,SDSS_DR18_SPECTROSCOPY,ZWARNING_0_SCIENCEPRIMARY
TRD002638,176.00201,0.15502258,QSO,SDSS_DR18_SPECTROSCOPY,ZWARNING_0_SCIENCEPRIMARY
TRD002639,176.39108,-0.15918632,QSO,SDSS_DR18_SPECTROSCOPY,ZWARNING_0_SCIENCEPRIMARY
TRD002640,176.55038,0.35143824,QSO,SDSS_DR18_SPECTROSCOPY,ZWARNING_0_SCIENCEPRIMARY
TRD002641,176.69884,0.23072452,QSO,SDSS_DR18_SPECTROSCOPY,ZWARNING_0_SCIENCEPRIMARY
TRD002642,176.29328,1.1823041,QSO,SDSS_DR18_SPECTROSCOPY,ZWARNING_0_SCIENCEPRIMARY
TRD002643,176.83008,0.56422042,QSO,SDSS_DR18_SPECTROSCOPY,ZWARNING_0_SCIENCEPRIMARY
TRD002644,176.90774,0.21692857,QSO,SDSS_DR18_SPECTROSCOPY,ZWARNING_0_SCIENCEPRIMARY
TRD002645,176.89029,0.1365652,QSO,SDSS_DR18_SPECTROSCOPY,ZWARNING_0_SCIENCEPRIMARY
TRD002646,176.95693,-0.019301507,QSO,SDSS_DR18_SPECTROSCOPY,ZWARNING_0_SCIENCEPRIMARY
TRD002647,176.39215,1.0522709,QSO,SDSS_DR18_SPECTROSCOPY,ZWARNING_0_SCIENCEPRIMARY
TRD002648,176.58391,0.68309758,QSO,SDSS_DR18_SPECTROSCOPY,ZWARNING_0_SCIENCEPRIMARY
TRD002649,176.65798,1.0272503,QSO,SDSS_DR18_SPECTROSCOPY,ZWARNING_0_SCIENCEPRIMARY
TRD002650,177.12605,0.29365685,QSO,SDSS_DR18_SPECTROSCOPY,ZWARNING_0_SCIENCEPRIMARY
TRD002651,176.99063,-0.093388314,QSO,SDSS_DR18_SPECTROSCOPY,ZWARNING_0_SCIENCEPRIMARY
TRD002652,176.96948,1.0752145,QSO,SDSS_DR18_SPECTROSCOPY,ZWARNING_0_SCIENCEPRIMARY
TRD002653,177.36906,-0.12092398,QSO,SDSS_DR18_SPECTROSCOPY,ZWARNING_0_SCIENCEPRIMARY
TRD002654,177.3678,-0.078494408,QSO,SDSS_DR18_SPECTROSCOPY,ZWARNING_0_SCIENCEPRIMARY
TRD002655,177.45338,0.14884271,QSO,SDSS_DR18_SPECTROSCOPY,ZWARNING_0_SCIENCEPRIMARY
TRD002656,178.97547,-1.0613359,QSO,SDSS_DR18_SPECTROSCOPY,ZWARNING_0_SCIENCEPRIMARY
TRD002657,179.03741,-0.68635183,QSO,SDSS_DR18_SPECTROSCOPY,ZWARNING_0_SCIENCEPRIMARY
TRD002658,178.44913,-0.77375867,QSO,SDSS_DR18_SPECTROSCOPY,ZWARNING_0_SCIENCEPRIMARY
TRD002659,178.28033,-1.0908855,QSO,SDSS_DR18_SPECTROSCOPY,ZWARNING_0_SCIENCEPRIMARY
TRD002660,178.27876,-1.1827334,QSO,SDSS_DR18_SPECTROSCOPY,ZWARNING_0_SCIENCEPRIMARY
TRD002661,178.78345,-0.61645183,QSO,SDSS_DR18_SPECTROSCOPY,ZWARNING_0_SCIENCEPRIMARY
TRD002662,177.97847,-0.9846289,QSO,SDSS_DR18_SPECTROSCOPY,ZWARNING_0_SCIENCEPRIMARY
TRD002663,178.06718,-0.8978282,QSO,SDSS_DR18_SPECTROSCOPY,ZWARNING_0_SCIENCEPRIMARY
TRD002664,177.90502,-0.83695518,QSO,SDSS_DR18_SPECTROSCOPY,ZWARNING_0_SCIENCEPRIMARY
TRD002665,178.42914,-0.19994773,QSO,SDSS_DR18_SPECTROSCOPY,ZWARNING_0_SCIENCEPRIMARY
TRD002666,178.16242,-0.76838821,QSO,SDSS_DR18_SPECTROSCOPY,ZWARNING_0_SCIENCEPRIMARY
TRD002667,178.33647,-0.76044853,QSO,SDSS_DR18_SPECTROSCOPY,ZWARNING_0_SCIENCEPRIMARY
TRD002668,178.16884,-0.50121262,QSO,SDSS_DR18_SPECTROSCOPY,ZWARNING_0_SCIENCEPRIMARY
TRD002669,178.27894,-0.75353785,QSO,SDSS_DR18_SPECTROSCOPY,ZWARNING_0_SCIENCEPRIMARY
TRD002670,177.98774,-0.23685832,QSO,SDSS_DR18_SPECTROSCOPY,ZWARNING_0_SCIENCEPRIMARY
TRD002671,177.7179,-0.83786347,QSO,SDSS_DR18_SPECTROSCOPY,ZWARNING_0_SCIENCEPRIMARY
TRD002672,177.35323,-1.0028645,QSO,SDSS_DR18_SPECTROSCOPY,ZWARNING_0_SCIENCEPRIMARY
TRD002673,177.48987,-1.1096025,QSO,SDSS_DR18_SPECTROSCOPY,ZWARNING_0_SCIENCEPRIMARY
TRD002674,177.68282,-0.39835407,QSO,SDSS_DR18_SPECTROSCOPY,ZWARNING_0_SCIENCEPRIMARY
TRD002675,177.19365,-1.0488879,QSO,SDSS_DR18_SPECTROSCOPY,ZWARNING_0_SCIENCEPRIMARY
TRD002676,177.20685,-1.1695925,QSO,SDSS_DR18_SPECTROSCOPY,ZWARNING_0_SCIENCEPRIMARY
TRD002677,177.31976,-0.70885821,QSO,SDSS_DR18_SPECTROSCOPY,ZWARNING_0_SCIENCEPRIMARY
TRD002678,177.07047,1.0659731,QSO,SDSS_DR18_SPECTROSCOPY,ZWARNING_0_SCIENCEPRIMARY
TRD002679,177.47892,0.21536445,QSO,SDSS_DR18_SPECTROSCOPY,ZWARNING_0_SCIENCEPRIMARY
TRD002680,177.59829,0.14418153,QSO,SDSS_DR18_SPECTROSCOPY,ZWARNING_0_SCIENCEPRIMARY
TRD002681,177.70919,0.75164222,QSO,SDSS_DR18_SPECTROSCOPY,ZWARNING_0_SCIENCEPRIMARY
TRD002682,177.38141,0.71174659,QSO,SDSS_DR18_SPECTROSCOPY,ZWARNING_0_SCIENCEPRIMARY
TRD002683,177.73534,0.36811167,QSO,SDSS_DR18_SPECTROSCOPY,ZWARNING_0_SCIENCEPRIMARY
TRD002684,177.77222,0.49121561,QSO,SDSS_DR18_SPECTROSCOPY,ZWARNING_0_SCIENCEPRIMARY
TRD002685,177.74472,0.91789262,QSO,SDSS_DR18_SPECTROSCOPY,ZWARNING_0_SCIENCEPRIMARY
TRD002686,177.7413,0.95504323,QSO,SDSS_DR18_SPECTROSCOPY,ZWARNING_0_SCIENCEPRIMARY
TRD002687,177.84464,1.0375958,QSO,SDSS_DR18_SPECTROSCOPY,ZWARNING_0_SCIENCEPRIMARY
TRD002688,177.90937,0.82956501,QSO,SDSS_DR18_SPECTROSCOPY,ZWARNING_0_SCIENCEPRIMARY
TRD002689,177.8141,0.64084074,QSO,SDSS_DR18_SPECTROSCOPY,ZWARNING_0_SCIENCEPRIMARY
TRD002690,177.82883,0.92230974,QSO,SDSS_DR18_SPECTROSCOPY,ZWARNING_0_SCIENCEPRIMARY
TRD002691,178.04661,0.1124084,QSO,SDSS_DR18_SPECTROSCOPY,ZWARNING_0_SCIENCEPRIMARY
TRD002692,178.16359,1.1883728,QSO,SDSS_DR18_SPECTROSCOPY,ZWARNING_0_SCIENCEPRIMARY
TRD002693,178.19397,0.41112129,QSO,SDSS_DR18_SPECTROSCOPY,ZWARNING_0_SCIENCEPRIMARY
TRD002694,178.05647,0.32964638,QSO,SDSS_DR18_SPECTROSCOPY,ZWARNING_0_SCIENCEPRIMARY
TRD002695,178.14581,-0.095211432,QSO,SDSS_DR18_SPECTROSCOPY,ZWARNING_0_SCIENCEPRIMARY
TRD002696,178.2237,0.025521556,QSO,SDSS_DR18_SPECTROSCOPY,ZWARNING_0_SCIENCEPRIMARY
TRD002697,178.5125,0.53164106,QSO,SDSS_DR18_SPECTROSCOPY,ZWARNING_0_SCIENCEPRIMARY
TRD002698,178.55228,-0.031458147,QSO,SDSS_DR18_SPECTROSCOPY,ZWARNING_0_SCIENCEPRIMARY
TRD002699,178.51726,0.23874419,QSO,SDSS_DR18_SPECTROSCOPY,ZWARNING_0_SCIENCEPRIMARY
TRD002700,178.5843,0.28701852,QSO,SDSS_DR18_SPECTROSCOPY,ZWARNING_0_SCIENCEPRIMARY
TRD002701,178.5532,1.0259442,QSO,SDSS_DR18_SPECTROSCOPY,ZWARNING_0_SCIENCEPRIMARY
TRD002702,178.3665,0.90893868,QSO,SDSS_DR18_SPECTROSCOPY,ZWARNING_0_SCIENCEPRIMARY
TRD002703,178.42641,0.92812486,QSO,SDSS_DR18_SPECTROSCOPY,ZWARNING_0_SCIENCEPRIMARY
TRD002704,178.61823,0.68770015,QSO,SDSS_DR18_SPECTROSCOPY,ZWARNING_0_SCIENCEPRIMARY
TRD002705,179.07115,0.72499069,QSO,SDSS_DR18_SPECTROSCOPY,ZWARNING_0_SCIENCEPRIMARY
TRD002706,178.82371,0.70648277,QSO,SDSS_DR18_SPECTROSCOPY,ZWARNING_0_SCIENCEPRIMARY
TRD002707,179.28362,0.047051012,QSO,SDSS_DR18_SPECTROSCOPY,ZWARNING_0_SCIENCEPRIMARY
TRD002708,180.83794,-0.6223902,QSO,SDSS_DR18_SPECTROSCOPY,ZWARNING_0_SCIENCEPRIMARY
TRD002709,179.94472,-1.0807244,QSO,SDSS_DR18_SPECTROSCOPY,ZWARNING_0_SCIENCEPRIMARY
TRD002710,180.42602,-0.27775702,QSO,SDSS_DR18_SPECTROSCOPY,ZWARNING_0_SCIENCEPRIMARY
TRD002711,179.99606,-0.53835792,QSO,SDSS_DR18_SPECTROSCOPY,ZWARNING_0_SCIENCEPRIMARY
TRD002712,180.05873,-0.77742639,QSO,SDSS_DR18_SPECTROSCOPY,ZWARNING_0_SCIENCEPRIMARY
TRD002713,179.72028,-0.7172144,QSO,SDSS_DR18_SPECTROSCOPY,ZWARNING_0_SCIENCEPRIMARY
TRD002714,179.53529,-0.93127109,QSO,SDSS_DR18_SPECTROSCOPY,ZWARNING_0_SCIENCEPRIMARY
TRD002715,179.56164,-0.56773896,QSO,SDSS_DR18_SPECTROSCOPY,ZWARNING_0_SCIENCEPRIMARY
TRD002716,179.60726,-0.70990625,QSO,SDSS_DR18_SPECTROSCOPY,ZWARNING_0_SCIENCEPRIMARY
TRD002717,179.61226,-0.11706027,QSO,SDSS_DR18_SPECTROSCOPY,ZWARNING_0_SCIENCEPRIMARY
TRD002718,179.49471,-0.37244417,QSO,SDSS_DR18_SPECTROSCOPY,ZWARNING_0_SCIENCEPRIMARY
TRD002719,178.51371,-0.88151026,QSO,SDSS_DR18_SPECTROSCOPY,ZWARNING_0_SCIENCEPRIMARY
TRD002720,178.48864,-0.46501146,QSO,SDSS_DR18_SPECTROSCOPY,ZWARNING_0_SCIENCEPRIMARY
TRD002721,178.88958,1.1251547,QSO,SDSS_DR18_SPECTROSCOPY,ZWARNING_0_SCIENCEPRIMARY
TRD002722,179.24518,0.9320371,QSO,SDSS_DR18_SPECTROSCOPY,ZWARNING_0_SCIENCEPRIMARY
TRD002723,179.39471,1.218182,QSO,SDSS_DR18_SPECTROSCOPY,ZWARNING_0_SCIENCEPRIMARY
TRD002724,179.34901,0.90545636,QSO,SDSS_DR18_SPECTROSCOPY,ZWARNING_0_SCIENCEPRIMARY
TRD002725,179.48113,0.28445193,QSO,SDSS_DR18_SPECTROSCOPY,ZWARNING_0_SCIENCEPRIMARY
TRD002726,179.6367,0.86087635,QSO,SDSS_DR18_SPECTROSCOPY,ZWARNING_0_SCIENCEPRIMARY
TRD002727,179.55468,0.42456661,QSO,SDSS_DR18_SPECTROSCOPY,ZWARNING_0_SCIENCEPRIMARY
TRD002728,179.6224,0.13836775,QSO,SDSS_DR18_SPECTROSCOPY,ZWARNING_0_SCIENCEPRIMARY
TRD002729,180.05432,0.29921614,QSO,SDSS_DR18_SPECTROSCOPY,ZWARNING_0_SCIENCEPRIMARY
TRD002730,180.15948,1.2128693,QSO,SDSS_DR18_SPECTROSCOPY,ZWARNING_0_SCIENCEPRIMARY
TRD002731,180.34685,0.4745465,QSO,SDSS_DR18_SPECTROSCOPY,ZWARNING_0_SCIENCEPRIMARY
TRD002732,180.37656,1.1940737,QSO,SDSS_DR18_SPECTROSCOPY,ZWARNING_0_SCIENCEPRIMARY
TRD002733,180.54474,0.92232878,QSO,SDSS_DR18_SPECTROSCOPY,ZWARNING_0_SCIENCEPRIMARY
TRD002734,180.42912,0.82357288,QSO,SDSS_DR18_SPECTROSCOPY,ZWARNING_0_SCIENCEPRIMARY
TRD002735,182.52115,-0.68588871,QSO,SDSS_DR18_SPECTROSCOPY,ZWARNING_0_SCIENCEPRIMARY
TRD002736,182.61001,-0.36039193,QSO,SDSS_DR18_SPECTROSCOPY,ZWARNING_0_SCIENCEPRIMARY
TRD002737,182.09972,-0.89618844,QSO,SDSS_DR18_SPECTROSCOPY,ZWARNING_0_SCIENCEPRIMARY
TRD002738,181.78481,-1.0006893,QSO,SDSS_DR18_SPECTROSCOPY,ZWARNING_0_SCIENCEPRIMARY
TRD002739,181.46067,-0.8491179,QSO,SDSS_DR18_SPECTROSCOPY,ZWARNING_0_SCIENCEPRIMARY
TRD002740,181.57967,-1.007604,QSO,SDSS_DR18_SPECTROSCOPY,ZWARNING_0_SCIENCEPRIMARY
TRD002741,181.58551,-0.64778908,QSO,SDSS_DR18_SPECTROSCOPY,ZWARNING_0_SCIENCEPRIMARY
TRD002742,181.47352,-0.78085378,QSO,SDSS_DR18_SPECTROSCOPY,ZWARNING_0_SCIENCEPRIMARY
TRD002743,181.57928,-0.6665011,QSO,SDSS_DR18_SPECTROSCOPY,ZWARNING_0_SCIENCEPRIMARY
TRD002744,181.62335,-0.80860748,QSO,SDSS_DR18_SPECTROSCOPY,ZWARNING_0_SCIENCEPRIMARY
TRD002745,181.7825,-0.083030869,QSO,SDSS_DR18_SPECTROSCOPY,ZWARNING_0_SCIENCEPRIMARY
TRD002746,181.30263,-0.61710239,QSO,SDSS_DR18_SPECTROSCOPY,ZWARNING_0_SCIENCEPRIMARY
TRD002747,181.06092,-0.50263565,QSO,SDSS_DR18_SPECTROSCOPY,ZWARNING_0_SCIENCEPRIMARY
TRD002748,180.94436,-0.28974616,QSO,SDSS_DR18_SPECTROSCOPY,ZWARNING_0_SCIENCEPRIMARY
TRD002749,180.35752,-0.042469126,QSO,SDSS_DR18_SPECTROSCOPY,ZWARNING_0_SCIENCEPRIMARY
TRD002750,180.01492,-0.39416087,QSO,SDSS_DR18_SPECTROSCOPY,ZWARNING_0_SCIENCEPRIMARY
TRD002751,179.92115,-0.055532453,QSO,SDSS_DR18_SPECTROSCOPY,ZWARNING_0_SCIENCEPRIMARY
TRD002752,179.91996,-0.53431603,QSO,SDSS_DR18_SPECTROSCOPY,ZWARNING_0_SCIENCEPRIMARY
TRD002753,180.26068,0.40899796,QSO,SDSS_DR18_SPECTROSCOPY,ZWARNING_0_SCIENCEPRIMARY
TRD002754,180.22603,0.37622024,QSO,SDSS_DR18_SPECTROSCOPY,ZWARNING_0_SCIENCEPRIMARY
TRD002755,180.9243,1.0019064,QSO,SDSS_DR18_SPECTROSCOPY,ZWARNING_0_SCIENCEPRIMARY
TRD002756,180.97731,0.063805874,QSO,SDSS_DR18_SPECTROSCOPY,ZWARNING_0_SCIENCEPRIMARY
TRD002757,181.45204,0.89553428,QSO,SDSS_DR18_SPECTROSCOPY,ZWARNING_0_SCIENCEPRIMARY
TRD002758,181.22954,0.44483138,QSO,SDSS_DR18_SPECTROSCOPY,ZWARNING_0_SCIENCEPRIMARY
TRD002759,181.60259,0.20164877,QSO,SDSS_DR18_SPECTROSCOPY,ZWARNING_0_SCIENCEPRIMARY
TRD002760,181.49254,0.38141505,QSO,SDSS_DR18_SPECTROSCOPY,ZWARNING_0_SCIENCEPRIMARY
TRD002761,181.79262,0.13502973,QSO,SDSS_DR18_SPECTROSCOPY,ZWARNING_0_SCIENCEPRIMARY
TRD002762,181.85642,1.031854,QSO,SDSS_DR18_SPECTROSCOPY,ZWARNING_0_SCIENCEPRIMARY
TRD002763,182.36715,0.5865569,QSO,SDSS_DR18_SPECTROSCOPY,ZWARNING_0_SCIENCEPRIMARY
TRD002764,184.37438,-0.7876684,QSO,SDSS_DR18_SPECTROSCOPY,ZWARNING_0_SCIENCEPRIMARY
TRD002765,184.36188,-0.72316826,QSO,SDSS_DR18_SPECTROSCOPY,ZWARNING_0_SCIENCEPRIMARY
TRD002766,184.51541,-0.39801655,QSO,SDSS_DR18_SPECTROSCOPY,ZWARNING_0_SCIENCEPRIMARY
TRD002767,184.00725,-1.0406998,QSO,SDSS_DR18_SPECTROSCOPY,ZWARNING_0_SCIENCEPRIMARY
TRD002768,184.15443,-0.37777574,QSO,SDSS_DR18_SPECTROSCOPY,ZWARNING_0_SCIENCEPRIMARY
TRD002769,184.20723,-0.46954271,QSO,SDSS_DR18_SPECTROSCOPY,ZWARNING_0_SCIENCEPRIMARY
TRD002770,183.79555,-1.1192237,QSO,SDSS_DR18_SPECTROSCOPY,ZWARNING_0_SCIENCEPRIMARY
TRD002771,183.43234,-1.00072,QSO,SDSS_DR18_SPECTROSCOPY,ZWARNING_0_SCIENCEPRIMARY
TRD002772,183.42051,-0.58024884,QSO,SDSS_DR18_SPECTROSCOPY,ZWARNING_0_SCIENCEPRIMARY
TRD002773,183.34956,-0.58784591,QSO,SDSS_DR18_SPECTROSCOPY,ZWARNING_0_SCIENCEPRIMARY
TRD002774,183.49333,-0.080326781,QSO,SDSS_DR18_SPECTROSCOPY,ZWARNING_0_SCIENCEPRIMARY
TRD002775,183.09729,-0.83759388,QSO,SDSS_DR18_SPECTROSCOPY,ZWARNING_0_SCIENCEPRIMARY
TRD002776,183.293,-1.1955605,QSO,SDSS_DR18_SPECTROSCOPY,ZWARNING_0_SCIENCEPRIMARY
TRD002777,182.68148,-0.65201896,QSO,SDSS_DR18_SPECTROSCOPY,ZWARNING_0_SCIENCEPRIMARY
TRD002778,182.48829,-0.38388852,QSO,SDSS_DR18_SPECTROSCOPY,ZWARNING_0_SCIENCEPRIMARY
TRD002779,182.45376,-0.98485469,QSO,SDSS_DR18_SPECTROSCOPY,ZWARNING_0_SCIENCEPRIMARY
TRD002780,181.89607,-0.2639688,QSO,SDSS_DR18_SPECTROSCOPY,ZWARNING_0_SCIENCEPRIMARY
TRD002781,182.12319,0.27851078,QSO,SDSS_DR18_SPECTROSCOPY,ZWARNING_0_SCIENCEPRIMARY
TRD002782,182.70207,0.60227352,QSO,SDSS_DR18_SPECTROSCOPY,ZWARNING_0_SCIENCEPRIMARY
TRD002783,182.92743,1.0603204,QSO,SDSS_DR18_SPECTROSCOPY,ZWARNING_0_SCIENCEPRIMARY
TRD002784,182.82419,-0.036783459,QSO,SDSS_DR18_SPECTROSCOPY,ZWARNING_0_SCIENCEPRIMARY
TRD002785,183.08607,0.14787897,QSO,SDSS_DR18_SPECTROSCOPY,ZWARNING_0_SCIENCEPRIMARY
TRD002786,183.03583,0.28304176,QSO,SDSS_DR18_SPECTROSCOPY,ZWARNING_0_SCIENCEPRIMARY
TRD002787,183.19102,-0.13249476,QSO,SDSS_DR18_SPECTROSCOPY,ZWARNING_0_SCIENCEPRIMARY
TRD002788,183.10339,0.074068323,QSO,SDSS_DR18_SPECTROSCOPY,ZWARNING_0_SCIENCEPRIMARY
TRD002789,183.67261,-0.027170034,QSO,SDSS_DR18_SPECTROSCOPY,ZWARNING_0_SCIENCEPRIMARY
TRD002790,183.44804,0.024996086,QSO,SDSS_DR18_SPECTROSCOPY,ZWARNING_0_SCIENCEPRIMARY
TRD002791,183.52139,1.0347254,QSO,SDSS_DR18_SPECTROSCOPY,ZWARNING_0_SCIENCEPRIMARY
TRD002792,184.24565,0.19825941,QSO,SDSS_DR18_SPECTROSCOPY,ZWARNING_0_SCIENCEPRIMARY
TRD002793,184.35065,0.20722476,QSO,SDSS_DR18_SPECTROSCOPY,ZWARNING_0_SCIENCEPRIMARY
TRD002794,184.2308,0.2375954,QSO,SDSS_DR18_SPECTROSCOPY,ZWARNING_0_SCIENCEPRIMARY
TRD002795,184.19051,0.066562855,QSO,SDSS_DR18_SPECTROSCOPY,ZWARNING_0_SCIENCEPRIMARY
TRD002796,184.14132,1.1258182,QSO,SDSS_DR18_SPECTROSCOPY,ZWARNING_0_SCIENCEPRIMARY
TRD002797,184.32198,0.70110767,QSO,SDSS_DR18_SPECTROSCOPY,ZWARNING_0_SCIENCEPRIMARY
TRD002798,184.51366,0.21026545,QSO,SDSS_DR18_SPECTROSCOPY,ZWARNING_0_SCIENCEPRIMARY
TRD002799,186.19852,-0.12015658,QSO,SDSS_DR18_SPECTROSCOPY,ZWARNING_0_SCIENCEPRIMARY
TRD002800,186.13501,-0.45871142,QSO,SDSS_DR18_SPECTROSCOPY,ZWARNING_0_SCIENCEPRIMARY
TRD002801,185.53436,-0.6123968,QSO,SDSS_DR18_SPECTROSCOPY,ZWARNING_0_SCIENCEPRIMARY
TRD002802,185.72435,-0.56278468,QSO,SDSS_DR18_SPECTROSCOPY,ZWARNING_0_SCIENCEPRIMARY
TRD002803,185.43595,-0.19496584,QSO,SDSS_DR18_SPECTROSCOPY,ZWARNING_0_SCIENCEPRIMARY
TRD002804,185.05246,-1.0920518,QSO,SDSS_DR18_SPECTROSCOPY,ZWARNING_0_SCIENCEPRIMARY
TRD002805,185.29256,-0.20145253,QSO,SDSS_DR18_SPECTROSCOPY,ZWARNING_0_SCIENCEPRIMARY
TRD002806,185.13737,-0.24277871,QSO,SDSS_DR18_SPECTROSCOPY,ZWARNING_0_SCIENCEPRIMARY
TRD002807,184.91821,-1.0020819,QSO,SDSS_DR18_SPECTROSCOPY,ZWARNING_0_SCIENCEPRIMARY
TRD002808,184.78254,-0.93589623,QSO,SDSS_DR18_SPECTROSCOPY,ZWARNING_0_SCIENCEPRIMARY
TRD002809,184.74888,-1.0289188,QSO,SDSS_DR18_SPECTROSCOPY,ZWARNING_0_SCIENCEPRIMARY
TRD002810,185.15421,-0.67565786,QSO,SDSS_DR18_SPECTROSCOPY,ZWARNING_0_SCIENCEPRIMARY
TRD002811,184.9146,-0.31712815,QSO,SDSS_DR18_SPECTROSCOPY,ZWARNING_0_SCIENCEPRIMARY
TRD002812,184.92691,-0.30593417,QSO,SDSS_DR18_SPECTROSCOPY,ZWARNING_0_SCIENCEPRIMARY
TRD002813,184.68298,-0.37578284,QSO,SDSS_DR18_SPECTROSCOPY,ZWARNING_0_SCIENCEPRIMARY
TRD002814,184.6623,-0.20482865,QSO,SDSS_DR18_SPECTROSCOPY,ZWARNING_0_SCIENCEPRIMARY
TRD002815,184.61024,-0.86699715,QSO,SDSS_DR18_SPECTROSCOPY,ZWARNING_0_SCIENCEPRIMARY
TRD002816,184.66239,-1.0262047,QSO,SDSS_DR18_SPECTROSCOPY,ZWARNING_0_SCIENCEPRIMARY
TRD002817,184.43903,-0.86503668,QSO,SDSS_DR18_SPECTROSCOPY,ZWARNING_0_SCIENCEPRIMARY
TRD002818,184.44919,-0.885649,QSO,SDSS_DR18_SPECTROSCOPY,ZWARNING_0_SCIENCEPRIMARY
TRD002819,184.25627,-0.49955023,QSO,SDSS_DR18_SPECTROSCOPY,ZWARNING_0_SCIENCEPRIMARY
TRD002820,183.91874,-0.57602092,QSO,SDSS_DR18_SPECTROSCOPY,ZWARNING_0_SCIENCEPRIMARY
TRD002821,184.19425,-0.81448848,QSO,SDSS_DR18_SPECTROSCOPY,ZWARNING_0_SCIENCEPRIMARY
TRD002822,183.70829,-0.80988525,QSO,SDSS_DR18_SPECTROSCOPY,ZWARNING_0_SCIENCEPRIMARY
TRD002823,183.96049,1.0132163,QSO,SDSS_DR18_SPECTROSCOPY,ZWARNING_0_SCIENCEPRIMARY
TRD002824,184.23241,1.0806274,QSO,SDSS_DR18_SPECTROSCOPY,ZWARNING_0_SCIENCEPRIMARY
TRD002825,183.65844,0.74195923,QSO,SDSS_DR18_SPECTROSCOPY,ZWARNING_0_SCIENCEPRIMARY
TRD002826,183.85474,0.88804351,QSO,SDSS_DR18_SPECTROSCOPY,ZWARNING_0_SCIENCEPRIMARY
TRD002827,183.40447,-0.013069204,QSO,SDSS_DR18_SPECTROSCOPY,ZWARNING_0_SCIENCEPRIMARY
TRD002828,183.65697,0.47637372,QSO,SDSS_DR18_SPECTROSCOPY,ZWARNING_0_SCIENCEPRIMARY
TRD002829,184.4758,0.94628939,QSO,SDSS_DR18_SPECTROSCOPY,ZWARNING_0_SCIENCEPRIMARY
TRD002830,184.1043,0.41530189,QSO,SDSS_DR18_SPECTROSCOPY,ZWARNING_0_SCIENCEPRIMARY
TRD002831,184.26633,0.27350343,QSO,SDSS_DR18_SPECTROSCOPY,ZWARNING_0_SCIENCEPRIMARY
TRD002832,184.74486,0.89741133,QSO,SDSS_DR18_SPECTROSCOPY,ZWARNING_0_SCIENCEPRIMARY
TRD002833,184.65417,0.1226841,QSO,SDSS_DR18_SPECTROSCOPY,ZWARNING_0_SCIENCEPRIMARY
TRD002834,185.07115,0.71812607,QSO,SDSS_DR18_SPECTROSCOPY,ZWARNING_0_SCIENCEPRIMARY
TRD002835,184.88382,0.93415403,QSO,SDSS_DR18_SPECTROSCOPY,ZWARNING_0_SCIENCEPRIMARY
TRD002836,184.81241,-0.089068198,QSO,SDSS_DR18_SPECTROSCOPY,ZWARNING_0_SCIENCEPRIMARY
TRD002837,184.82018,0.13715262,QSO,SDSS_DR18_SPECTROSCOPY,ZWARNING_0_SCIENCEPRIMARY
TRD002838,185.06543,-0.047644617,QSO,SDSS_DR18_SPECTROSCOPY,ZWARNING_0_SCIENCEPRIMARY
TRD002839,185.16436,0.074346416,QSO,SDSS_DR18_SPECTROSCOPY,ZWARNING_0_SCIENCEPRIMARY
TRD002840,185.29843,0.94308271,QSO,SDSS_DR18_SPECTROSCOPY,ZWARNING_0_SCIENCEPRIMARY
TRD002841,185.28078,0.047532551,QSO,SDSS_DR18_SPECTROSCOPY,ZWARNING_0_SCIENCEPRIMARY
TRD002842,185.37945,0.12851354,QSO,SDSS_DR18_SPECTROSCOPY,ZWARNING_0_SCIENCEPRIMARY
TRD002843,185.46016,0.55676547,QSO,SDSS_DR18_SPECTROSCOPY,ZWARNING_0_SCIENCEPRIMARY
TRD002844,185.37906,1.1244127,QSO,SDSS_DR18_SPECTROSCOPY,ZWARNING_0_SCIENCEPRIMARY
TRD002845,185.47935,1.2116549,QSO,SDSS_DR18_SPECTROSCOPY,ZWARNING_0_SCIENCEPRIMARY
TRD002846,185.65197,0.041563393,QSO,SDSS_DR18_SPECTROSCOPY,ZWARNING_0_SCIENCEPRIMARY
TRD002847,185.47963,0.40676699,QSO,SDSS_DR18_SPECTROSCOPY,ZWARNING_0_SCIENCEPRIMARY
TRD002848,185.74713,0.19628294,QSO,SDSS_DR18_SPECTROSCOPY,ZWARNING_0_SCIENCEPRIMARY
TRD002849,185.74751,1.1586825,QSO,SDSS_DR18_SPECTROSCOPY,ZWARNING_0_SCIENCEPRIMARY
TRD002850,186.02625,0.75005905,QSO,SDSS_DR18_SPECTROSCOPY,ZWARNING_0_SCIENCEPRIMARY
TRD002851,185.92055,0.46629282,QSO,SDSS_DR18_SPECTROSCOPY,ZWARNING_0_SCIENCEPRIMARY
TRD002852,185.95674,0.60063866,QSO,SDSS_DR18_SPECTROSCOPY,ZWARNING_0_SCIENCEPRIMARY
TRD002853,186.05957,0.61916938,QSO,SDSS_DR18_SPECTROSCOPY,ZWARNING_0_SCIENCEPRIMARY
TRD002854,186.13894,0.23776352,QSO,SDSS_DR18_SPECTROSCOPY,ZWARNING_0_SCIENCEPRIMARY
TRD002855,187.61726,-0.73384877,QSO,SDSS_DR18_SPECTROSCOPY,ZWARNING_0_SCIENCEPRIMARY
TRD002856,187.55348,-1.0981692,QSO,SDSS_DR18_SPECTROSCOPY,ZWARNING_0_SCIENCEPRIMARY
TRD002857,187.53997,-1.0456927,QSO,SDSS_DR18_SPECTROSCOPY,ZWARNING_0_SCIENCEPRIMARY
TRD002858,187.66353,-0.56937259,QSO,SDSS_DR18_SPECTROSCOPY,ZWARNING_0_SCIENCEPRIMARY
TRD002859,187.75134,-0.1736573,QSO,SDSS_DR18_SPECTROSCOPY,ZWARNING_0_SCIENCEPRIMARY
TRD002860,187.20251,-0.69190047,QSO,SDSS_DR18_SPECTROSCOPY,ZWARNING_0_SCIENCEPRIMARY
TRD002861,186.85463,-1.1177508,QSO,SDSS_DR18_SPECTROSCOPY,ZWARNING_0_SCIENCEPRIMARY
TRD002862,187.13195,-0.52474119,QSO,SDSS_DR18_SPECTROSCOPY,ZWARNING_0_SCIENCEPRIMARY
TRD002863,186.99301,-0.25551328,QSO,SDSS_DR18_SPECTROSCOPY,ZWARNING_0_SCIENCEPRIMARY
TRD002864,186.86212,-0.16774167,QSO,SDSS_DR18_SPECTROSCOPY,ZWARNING_0_SCIENCEPRIMARY
TRD002865,186.71672,-0.19985323,QSO,SDSS_DR18_SPECTROSCOPY,ZWARNING_0_SCIENCEPRIMARY
TRD002866,186.60034,-1.2096101,QSO,SDSS_DR18_SPECTROSCOPY,ZWARNING_0_SCIENCEPRIMARY
TRD002867,186.80513,-1.2373847,QSO,SDSS_DR18_SPECTROSCOPY,ZWARNING_0_SCIENCEPRIMARY
TRD002868,186.53343,-0.10062077,QSO,SDSS_DR18_SPECTROSCOPY,ZWARNING_0_SCIENCEPRIMARY
TRD002869,186.47032,-0.55315625,QSO,SDSS_DR18_SPECTROSCOPY,ZWARNING_0_SCIENCEPRIMARY
TRD002870,186.6726,-0.33474192,QSO,SDSS_DR18_SPECTROSCOPY,ZWARNING_0_SCIENCEPRIMARY
TRD002871,186.39758,-0.34427379,QSO,SDSS_DR18_SPECTROSCOPY,ZWARNING_0_SCIENCEPRIMARY
TRD002872,186.49354,-0.87392805,QSO,SDSS_DR18_SPECTROSCOPY,ZWARNING_0_SCIENCEPRIMARY
TRD002873,185.65359,0.96615723,QSO,SDSS_DR18_SPECTROSCOPY,ZWARNING_0_SCIENCEPRIMARY
TRD002874,185.9509,1.0394078,QSO,SDSS_DR18_SPECTROSCOPY,ZWARNING_0_SCIENCEPRIMARY
TRD002875,185.62159,0.73747874,QSO,SDSS_DR18_SPECTROSCOPY,ZWARNING_0_SCIENCEPRIMARY
TRD002876,185.46715,0.2884995,QSO,SDSS_DR18_SPECTROSCOPY,ZWARNING_0_SCIENCEPRIMARY
TRD002877,186.00326,0.98885982,QSO,SDSS_DR18_SPECTROSCOPY,ZWARNING_0_SCIENCEPRIMARY
TRD002878,186.04981,0.74477905,QSO,SDSS_DR18_SPECTROSCOPY,ZWARNING_0_SCIENCEPRIMARY
TRD002879,186.13376,0.71374277,QSO,SDSS_DR18_SPECTROSCOPY,ZWARNING_0_SCIENCEPRIMARY
TRD002880,186.48592,0.59306137,QSO,SDSS_DR18_SPECTROSCOPY,ZWARNING_0_SCIENCEPRIMARY
TRD002881,186.35284,0.10621443,QSO,SDSS_DR18_SPECTROSCOPY,ZWARNING_0_SCIENCEPRIMARY
TRD002882,186.56826,0.010079544,QSO,SDSS_DR18_SPECTROSCOPY,ZWARNING_0_SCIENCEPRIMARY
TRD002883,186.85946,1.1229779,QSO,SDSS_DR18_SPECTROSCOPY,ZWARNING_0_SCIENCEPRIMARY
TRD002884,186.9483,0.84635767,QSO,SDSS_DR18_SPECTROSCOPY,ZWARNING_0_SCIENCEPRIMARY
TRD002885,186.62688,0.60391092,QSO,SDSS_DR18_SPECTROSCOPY,ZWARNING_0_SCIENCEPRIMARY
TRD002886,186.66342,0.086939924,QSO,SDSS_DR18_SPECTROSCOPY,ZWARNING_0_SCIENCEPRIMARY
TRD002887,186.89731,0.16471959,QSO,SDSS_DR18_SPECTROSCOPY,ZWARNING_0_SCIENCEPRIMARY
TRD002888,187.09922,0.24185067,QSO,SDSS_DR18_SPECTROSCOPY,ZWARNING_0_SCIENCEPRIMARY
TRD002889,187.28181,0.17919554,QSO,SDSS_DR18_SPECTROSCOPY,ZWARNING_0_SCIENCEPRIMARY
TRD002890,187.16878,0.075934249,QSO,SDSS_DR18_SPECTROSCOPY,ZWARNING_0_SCIENCEPRIMARY
TRD002891,187.53674,0.37470737,QSO,SDSS_DR18_SPECTROSCOPY,ZWARNING_0_SCIENCEPRIMARY
TRD002892,187.51167,0.45162258,QSO,SDSS_DR18_SPECTROSCOPY,ZWARNING_0_SCIENCEPRIMARY
TRD002893,187.46118,0.98087063,QSO,SDSS_DR18_SPECTROSCOPY,ZWARNING_0_SCIENCEPRIMARY
TRD002894,187.8435,0.014736585,QSO,SDSS_DR18_SPECTROSCOPY,ZWARNING_0_SCIENCEPRIMARY
TRD002895,187.90179,0.45536583,QSO,SDSS_DR18_SPECTROSCOPY,ZWARNING_0_SCIENCEPRIMARY
TRD002896,187.60354,0.16521933,QSO,SDSS_DR18_SPECTROSCOPY,ZWARNING_0_SCIENCEPRIMARY
TRD002897,187.61893,0.13493101,QSO,SDSS_DR18_SPECTROSCOPY,ZWARNING_0_SCIENCEPRIMARY
TRD002898,187.70037,0.78982191,QSO,SDSS_DR18_SPECTROSCOPY,ZWARNING_0_SCIENCEPRIMARY
TRD002899,187.85298,0.78866687,QSO,SDSS_DR18_SPECTROSCOPY,ZWARNING_0_SCIENCEPRIMARY
TRD002900,188.04456,0.5054135,QSO,SDSS_DR18_SPECTROSCOPY,ZWARNING_0_SCIENCEPRIMARY
TRD002901,187.94357,0.59285687,QSO,SDSS_DR18_SPECTROSCOPY,ZWARNING_0_SCIENCEPRIMARY
TRD002902,189.73376,-0.99191954,QSO,SDSS_DR18_SPECTROSCOPY,ZWARNING_0_SCIENCEPRIMARY
TRD002903,189.69465,-0.70653151,QSO,SDSS_DR18_SPECTROSCOPY,ZWARNING_0_SCIENCEPRIMARY
TRD002904,190.14925,-0.48874332,QSO,SDSS_DR18_SPECTROSCOPY,ZWARNING_0_SCIENCEPRIMARY
TRD002905,190.02648,-0.61691123,QSO,SDSS_DR18_SPECTROSCOPY,ZWARNING_0_SCIENCEPRIMARY
TRD002906,190.05798,-0.60041523,QSO,SDSS_DR18_SPECTROSCOPY,ZWARNING_0_SCIENCEPRIMARY
TRD002907,190.13866,-0.24541353,QSO,SDSS_DR18_SPECTROSCOPY,ZWARNING_0_SCIENCEPRIMARY
TRD002908,189.57021,-0.94903057,QSO,SDSS_DR18_SPECTROSCOPY,ZWARNING_0_SCIENCEPRIMARY
TRD002909,189.93729,-0.71612172,QSO,SDSS_DR18_SPECTROSCOPY,ZWARNING_0_SCIENCEPRIMARY
TRD002910,189.68509,-0.19451012,QSO,SDSS_DR18_SPECTROSCOPY,ZWARNING_0_SCIENCEPRIMARY
TRD002911,189.96591,-0.47910573,QSO,SDSS_DR18_SPECTROSCOPY,ZWARNING_0_SCIENCEPRIMARY
TRD002912,189.99491,-0.42604127,QSO,SDSS_DR18_SPECTROSCOPY,ZWARNING_0_SCIENCEPRIMARY
TRD002913,189.49009,-0.47458569,QSO,SDSS_DR18_SPECTROSCOPY,ZWARNING_0_SCIENCEPRIMARY
TRD002914,188.97344,-1.1968149,QSO,SDSS_DR18_SPECTROSCOPY,ZWARNING_0_SCIENCEPRIMARY
TRD002915,189.34946,-0.70278202,QSO,SDSS_DR18_SPECTROSCOPY,ZWARNING_0_SCIENCEPRIMARY
TRD002916,189.42908,-0.55853289,QSO,SDSS_DR18_SPECTROSCOPY,ZWARNING_0_SCIENCEPRIMARY
TRD002917,189.30437,-0.4055596,QSO,SDSS_DR18_SPECTROSCOPY,ZWARNING_0_SCIENCEPRIMARY
TRD002918,189.14968,-0.5481596,QSO,SDSS_DR18_SPECTROSCOPY,ZWARNING_0_SCIENCEPRIMARY
TRD002919,189.2374,-0.68537521,QSO,SDSS_DR18_SPECTROSCOPY,ZWARNING_0_SCIENCEPRIMARY
TRD002920,188.85532,-0.61493507,QSO,SDSS_DR18_SPECTROSCOPY,ZWARNING_0_SCIENCEPRIMARY
TRD002921,188.8748,-0.69468401,QSO,SDSS_DR18_SPECTROSCOPY,ZWARNING_0_SCIENCEPRIMARY
TRD002922,188.77465,-0.50620769,QSO,SDSS_DR18_SPECTROSCOPY,ZWARNING_0_SCIENCEPRIMARY
TRD002923,188.26691,-0.52614891,QSO,SDSS_DR18_SPECTROSCOPY,ZWARNING_0_SCIENCEPRIMARY
TRD002924,188.40766,-0.5261137,QSO,SDSS_DR18_SPECTROSCOPY,ZWARNING_0_SCIENCEPRIMARY
TRD002925,188.04035,0.83761657,QSO,SDSS_DR18_SPECTROSCOPY,ZWARNING_0_SCIENCEPRIMARY
TRD002926,188.6159,0.96650961,QSO,SDSS_DR18_SPECTROSCOPY,ZWARNING_0_SCIENCEPRIMARY
TRD002927,188.50434,1.1470684,QSO,SDSS_DR18_SPECTROSCOPY,ZWARNING_0_SCIENCEPRIMARY
TRD002928,188.4302,1.135344,QSO,SDSS_DR18_SPECTROSCOPY,ZWARNING_0_SCIENCEPRIMARY
TRD002929,188.50027,0.052233799,QSO,SDSS_DR18_SPECTROSCOPY,ZWARNING_0_SCIENCEPRIMARY
TRD002930,188.43996,0.19949035,QSO,SDSS_DR18_SPECTROSCOPY,ZWARNING_0_SCIENCEPRIMARY
TRD002931,188.85703,0.04993203,QSO,SDSS_DR18_SPECTROSCOPY,ZWARNING_0_SCIENCEPRIMARY
TRD002932,189.01178,0.39548319,QSO,SDSS_DR18_SPECTROSCOPY,ZWARNING_0_SCIENCEPRIMARY
TRD002933,189.286,0.058065224,QSO,SDSS_DR18_SPECTROSCOPY,ZWARNING_0_SCIENCEPRIMARY
TRD002934,189.05687,0.29273751,QSO,SDSS_DR18_SPECTROSCOPY,ZWARNING_0_SCIENCEPRIMARY
TRD002935,189.55313,0.2544899,QSO,SDSS_DR18_SPECTROSCOPY,ZWARNING_0_SCIENCEPRIMARY
TRD002936,189.43497,1.0757281,QSO,SDSS_DR18_SPECTROSCOPY,ZWARNING_0_SCIENCEPRIMARY
TRD002937,189.35218,1.1043159,QSO,SDSS_DR18_SPECTROSCOPY,ZWARNING_0_SCIENCEPRIMARY
TRD002938,189.4024,0.64286013,QSO,SDSS_DR18_SPECTROSCOPY,ZWARNING_0_SCIENCEPRIMARY
TRD002939,189.37916,0.74126364,QSO,SDSS_DR18_SPECTROSCOPY,ZWARNING_0_SCIENCEPRIMARY
TRD002940,189.63391,1.1371276,QSO,SDSS_DR18_SPECTROSCOPY,ZWARNING_0_SCIENCEPRIMARY
TRD002941,189.53494,0.87951967,QSO,SDSS_DR18_SPECTROSCOPY,ZWARNING_0_SCIENCEPRIMARY
TRD002942,189.91278,0.57772128,QSO,SDSS_DR18_SPECTROSCOPY,ZWARNING_0_SCIENCEPRIMARY
TRD002943,189.79789,1.2038625,QSO,SDSS_DR18_SPECTROSCOPY,ZWARNING_0_SCIENCEPRIMARY
TRD002944,190.00872,0.83178788,QSO,SDSS_DR18_SPECTROSCOPY,ZWARNING_0_SCIENCEPRIMARY
TRD002945,190.04483,0.85814891,QSO,SDSS_DR18_SPECTROSCOPY,ZWARNING_0_SCIENCEPRIMARY
TRD002946,190.11985,0.28502859,QSO,SDSS_DR18_SPECTROSCOPY,ZWARNING_0_SCIENCEPRIMARY
TRD002947,190.26128,0.19955488,QSO,SDSS_DR18_SPECTROSCOPY,ZWARNING_0_SCIENCEPRIMARY
TRD002948,191.5547,-0.70916876,QSO,SDSS_DR18_SPECTROSCOPY,ZWARNING_0_SCIENCEPRIMARY
TRD002949,191.33221,-0.8751071,QSO,SDSS_DR18_SPECTROSCOPY,ZWARNING_0_SCIENCEPRIMARY
TRD002950,191.06596,-1.0748865,QSO,SDSS_DR18_SPECTROSCOPY,ZWARNING_0_SCIENCEPRIMARY
TRD002951,191.07318,-0.87674894,QSO,SDSS_DR18_SPECTROSCOPY,ZWARNING_0_SCIENCEPRIMARY
TRD002952,190.99315,-0.97927837,QSO,SDSS_DR18_SPECTROSCOPY,ZWARNING_0_SCIENCEPRIMARY
TRD002953,190.98807,-0.9103668,QSO,SDSS_DR18_SPECTROSCOPY,ZWARNING_0_SCIENCEPRIMARY
TRD002954,191.47963,-0.62648464,QSO,SDSS_DR18_SPECTROSCOPY,ZWARNING_0_SCIENCEPRIMARY
TRD002955,191.4208,-0.46243715,QSO,SDSS_DR18_SPECTROSCOPY,ZWARNING_0_SCIENCEPRIMARY
TRD002956,190.98429,-0.0060702096,QSO,SDSS_DR18_SPECTROSCOPY,ZWARNING_0_SCIENCEPRIMARY
TRD002957,190.65245,-0.9879371,QSO,SDSS_DR18_SPECTROSCOPY,ZWARNING_0_SCIENCEPRIMARY
TRD002958,190.79499,-0.61132914,QSO,SDSS_DR18_SPECTROSCOPY,ZWARNING_0_SCIENCEPRIMARY
TRD002959,190.05541,-1.0944218,QSO,SDSS_DR18_SPECTROSCOPY,ZWARNING_0_SCIENCEPRIMARY
TRD002960,189.99916,-1.179166,QSO,SDSS_DR18_SPECTROSCOPY,ZWARNING_0_SCIENCEPRIMARY
TRD002961,189.99086,-1.0959586,QSO,SDSS_DR18_SPECTROSCOPY,ZWARNING_0_SCIENCEPRIMARY
TRD002962,189.7524,0.8605577,QSO,SDSS_DR18_SPECTROSCOPY,ZWARNING_0_SCIENCEPRIMARY
TRD002963,189.94837,0.42117497,QSO,SDSS_DR18_SPECTROSCOPY,ZWARNING_0_SCIENCEPRIMARY
TRD002964,189.53388,0.53810716,QSO,SDSS_DR18_SPECTROSCOPY,ZWARNING_0_SCIENCEPRIMARY
TRD002965,190.28514,0.38249092,QSO,SDSS_DR18_SPECTROSCOPY,ZWARNING_0_SCIENCEPRIMARY
TRD002966,190.53782,1.1987564,QSO,SDSS_DR18_SPECTROSCOPY,ZWARNING_0_SCIENCEPRIMARY
TRD002967,190.84234,1.0633157,QSO,SDSS_DR18_SPECTROSCOPY,ZWARNING_0_SCIENCEPRIMARY
TRD002968,191.0481,0.84401786,QSO,SDSS_DR18_SPECTROSCOPY,ZWARNING_0_SCIENCEPRIMARY
TRD002969,190.8509,1.0078117,QSO,SDSS_DR18_SPECTROSCOPY,ZWARNING_0_SCIENCEPRIMARY
TRD002970,191.03112,1.1093087,QSO,SDSS_DR18_SPECTROSCOPY,ZWARNING_0_SCIENCEPRIMARY
TRD002971,190.84069,0.26032778,QSO,SDSS_DR18_SPECTROSCOPY,ZWARNING_0_SCIENCEPRIMARY
TRD002972,190.99841,0.27651643,QSO,SDSS_DR18_SPECTROSCOPY,ZWARNING_0_SCIENCEPRIMARY
TRD002973,191.09611,0.45442698,QSO,SDSS_DR18_SPECTROSCOPY,ZWARNING_0_SCIENCEPRIMARY
TRD002974,191.72657,0.70173995,QSO,SDSS_DR18_SPECTROSCOPY,ZWARNING_0_SCIENCEPRIMARY
TRD002975,193.3711,-0.90303167,QSO,SDSS_DR18_SPECTROSCOPY,ZWARNING_0_SCIENCEPRIMARY
TRD002976,193.41229,-1.25675,QSO,SDSS_DR18_SPECTROSCOPY,ZWARNING_0_SCIENCEPRIMARY
TRD002977,193.40565,-0.8026529,QSO,SDSS_DR18_SPECTROSCOPY,ZWARNING_0_SCIENCEPRIMARY
TRD002978,193.72335,-0.72360755,QSO,SDSS_DR18_SPECTROSCOPY,ZWARNING_0_SCIENCEPRIMARY
TRD002979,193.66313,-0.72629496,QSO,SDSS_DR18_SPECTROSCOPY,ZWARNING_0_SCIENCEPRIMARY
TRD002980,192.994,-1.1071841,QSO,SDSS_DR18_SPECTROSCOPY,ZWARNING_0_SCIENCEPRIMARY
TRD002981,192.92148,-0.89925909,QSO,SDSS_DR18_SPECTROSCOPY,ZWARNING_0_SCIENCEPRIMARY
TRD002982,193.58799,-0.097025667,QSO,SDSS_DR18_SPECTROSCOPY,ZWARNING_0_SCIENCEPRIMARY
TRD002983,192.74867,-1.0679167,QSO,SDSS_DR18_SPECTROSCOPY,ZWARNING_0_SCIENCEPRIMARY
TRD002984,192.73632,-0.96871979,QSO,SDSS_DR18_SPECTROSCOPY,ZWARNING_0_SCIENCEPRIMARY
TRD002985,192.96763,-0.242701,QSO,SDSS_DR18_SPECTROSCOPY,ZWARNING_0_SCIENCEPRIMARY
TRD002986,192.48255,-1.2562609,QSO,SDSS_DR18_SPECTROSCOPY,ZWARNING_0_SCIENCEPRIMARY
TRD002987,192.45537,-0.83745077,QSO,SDSS_DR18_SPECTROSCOPY,ZWARNING_0_SCIENCEPRIMARY
TRD002988,192.95123,-0.35180066,QSO,SDSS_DR18_SPECTROSCOPY,ZWARNING_0_SCIENCEPRIMARY
TRD002989,192.67294,-0.090399317,QSO,SDSS_DR18_SPECTROSCOPY,ZWARNING_0_SCIENCEPRIMARY
TRD002990,192.62756,-0.19508712,QSO,SDSS_DR18_SPECTROSCOPY,ZWARNING_0_SCIENCEPRIMARY
TRD002991,192.19337,-0.87842758,QSO,SDSS_DR18_SPECTROSCOPY,ZWARNING_0_SCIENCEPRIMARY
TRD002992,192.41606,-1.1137825,QSO,SDSS_DR18_SPECTROSCOPY,ZWARNING_0_SCIENCEPRIMARY
TRD002993,192.24968,-1.1598499,QSO,SDSS_DR18_SPECTROSCOPY,ZWARNING_0_SCIENCEPRIMARY
TRD002994,191.68497,-0.7131209,QSO,SDSS_DR18_SPECTROSCOPY,ZWARNING_0_SCIENCEPRIMARY
TRD002995,191.78541,-0.59362869,QSO,SDSS_DR18_SPECTROSCOPY,ZWARNING_0_SCIENCEPRIMARY
TRD002996,191.51873,-0.94777699,QSO,SDSS_DR18_SPECTROSCOPY,ZWARNING_0_SCIENCEPRIMARY
TRD002997,191.38487,-0.79499548,QSO,SDSS_DR18_SPECTROSCOPY,ZWARNING_0_SCIENCEPRIMARY
TRD002998,191.31685,-0.31644617,QSO,SDSS_DR18_SPECTROSCOPY,ZWARNING_0_SCIENCEPRIMARY
TRD002999,191.37755,0.6339375,QSO,SDSS_DR18_SPECTROSCOPY,ZWARNING_0_SCIENCEPRIMARY
TRD003000,191.49653,0.15072229,QSO,SDSS_DR18_SPECTROSCOPY,ZWARNING_0_SCIENCEPRIMARY
