benchmark_id,ra,dec,truth_class,truth_source,truth_quality
TRD000001,146.91375,-0.64448137,STAR,SDSS_DR18_SPECTROSCOPY,ZWARNING_0_SCIENCEPRIMARY
TRD000002,147.25534,-0.31933693,STAR,SDSS_DR18_SPECTROSCOPY,ZWARNING_0_SCIENCEPRIMARY
TRD000003,147.01792,-0.1272663,STAR,SDSS_DR18_SPECTROSCOPY,ZWARNING_0_SCIENCEPRIMARY
TRD000004,147.09176,-0.07734624,STAR,SDSS_DR18_SPECTROSCOPY,ZWARNING_0_SCIENCEPRIMARY
TRD000005,147.32107,-0.0065757249,STAR,SDSS_DR18_SPECTROSCOPY,ZWARNING_0_SCIENCEPRIMARY
TRD000006,146.94386,0.039168534,STAR,SDSS_DR18_SPECTROSCOPY,ZWARNING_0_SCIENCEPRIMARY
TRD000007,146.47335,-0.58450953,STAR,SDSS_DR18_SPECTROSCOPY,ZWARNING_0_SCIENCEPRIMARY
TRD000008,146.83368,-0.3359704,STAR,SDSS_DR18_SPECTROSCOPY,ZWARNING_0_SCIENCEPRIMARY
TRD000009,146.17616,-0.98244054,STAR,SDSS_DR18_SPECTROSCOPY,ZWARNING_0_SCIENCEPRIMARY
TRD000010,145.83254,-1.0027092,STAR,SDSS_DR18_SPECTROSCOPY,ZWARNING_0_SCIENCEPRIMARY
TRD000011,145.8232,-1.1725503,STAR,SDSS_DR18_SPECTROSCOPY,ZWARNING_0_SCIENCEPRIMARY
TRD000012,146.40564,-0.50711993,STAR,SDSS_DR18_SPECTROSCOPY,ZWARNING_0_SCIENCEPRIMARY
TRD000013,145.97827,-0.030849846,STAR,SDSS_DR18_SPECTROSCOPY,ZWARNING_0_SCIENCEPRIMARY
TRD000014,145.87459,-0.33551457,STAR,SDSS_DR18_SPECTROSCOPY,ZWARNING_0_SCIENCEPRIMARY
TRD000015,145.84176,-0.27778925,STAR,SDSS_DR18_SPECTROSCOPY,ZWARNING_0_SCIENCEPRIMARY
TRD000016,145.57595,-0.42212484,STAR,SDSS_DR18_SPECTROSCOPY,ZWARNING_0_SCIENCEPRIMARY
TRD000017,145.67423,-0.38081052,STAR,SDSS_DR18_SPECTROSCOPY,ZWARNING_0_SCIENCEPRIMARY
TRD000018,145.44053,-0.72903632,STAR,SDSS_DR18_SPECTROSCOPY,ZWARNING_0_SCIENCEPRIMARY
TRD000019,145.29542,-0.74985409,STAR,SDSS_DR18_SPECTROSCOPY,ZWARNING_0_SCIENCEPRIMARY
TRD000020,145.24573,0.044365969,STAR,SDSS_DR18_SPECTROSCOPY,ZWARNING_0_SCIENCEPRIMARY
TRD000021,145.28112,-0.3304716,STAR,SDSS_DR18_SPECTROSCOPY,ZWARNING_0_SCIENCEPRIMARY
TRD000022,145.28412,0.706299,STAR,SDSS_DR18_SPECTROSCOPY,ZWARNING_0_SCIENCEPRIMARY
TRD000023,145.2928,0.37633508,STAR,SDSS_DR18_SPECTROSCOPY,ZWARNING_0_SCIENCEPRIMARY
TRD000024,145.26257,0.31093104,STAR,SDSS_DR18_SPECTROSCOPY,ZWARNING_0_SCIENCEPRIMARY
TRD000025,145.7304,1.1649383,STAR,SDSS_DR18_SPECTROSCOPY,ZWARNING_0_SCIENCEPRIMARY
TRD000026,145.56677,0.99523194,STAR,SDSS_DR18_SPECTROSCOPY,ZWARNING_0_SCIENCEPRIMARY
TRD000027,145.63729,0.37329958,STAR,SDSS_DR18_SPECTROSCOPY,ZWARNING_0_SCIENCEPRIMARY
TRD000028,145.87385,0.94870332,STAR,SDSS_DR18_SPECTROSCOPY,ZWARNING_0_SCIENCEPRIMARY
TRD000029,145.76527,0.30018593,STAR,SDSS_DR18_SPECTROSCOPY,ZWARNING_0_SCIENCEPRIMARY
TRD000030,146.33534,1.2198521,STAR,SDSS_DR18_SPECTROSCOPY,ZWARNING_0_SCIENCEPRIMARY
TRD000031,147.0479,-0.32770152,STAR,SDSS_DR18_SPECTROSCOPY,ZWARNING_0_SCIENCEPRIMARY
TRD000032,146.54425,-1.1064971,STAR,SDSS_DR18_SPECTROSCOPY,ZWARNING_0_SCIENCEPRIMARY
TRD000033,146.03,-0.65827367,STAR,SDSS_DR18_SPECTROSCOPY,ZWARNING_0_SCIENCEPRIMARY
TRD000034,145.40905,0.30596715,STAR,SDSS_DR18_SPECTROSCOPY,ZWARNING_0_SCIENCEPRIMARY
TRD000035,146.02863,0.55695456,STAR,SDSS_DR18_SPECTROSCOPY,ZWARNING_0_SCIENCEPRIMARY
TRD000036,146.18598,0.27795367,STAR,SDSS_DR18_SPECTROSCOPY,ZWARNING_0_SCIENCEPRIMARY
TRD000037,146.08468,0.25722726,STAR,SDSS_DR18_SPECTROSCOPY,ZWARNING_0_SCIENCEPRIMARY
TRD000038,146.49713,0.7424233,STAR,SDSS_DR18_SPECTROSCOPY,ZWARNING_0_SCIENCEPRIMARY
TRD000039,146.7187,0.12311831,STAR,SDSS_DR18_SPECTROSCOPY,ZWARNING_0_SCIENCEPRIMARY
TRD000040,146.78593,0.28355444,STAR,SDSS_DR18_SPECTROSCOPY,ZWARNING_0_SCIENCEPRIMARY
TRD000041,146.66811,1.2221831,STAR,SDSS_DR18_SPECTROSCOPY,ZWARNING_0_SCIENCEPRIMARY
TRD000042,146.8094,0.97601012,STAR,SDSS_DR18_SPECTROSCOPY,ZWARNING_0_SCIENCEPRIMARY
TRD000043,147.01354,0.15538982,STAR,SDSS_DR18_SPECTROSCOPY,ZWARNING_0_SCIENCEPRIMARY
TRD000044,146.98697,0.90994195,STAR,SDSS_DR18_SPECTROSCOPY,ZWARNING_0_SCIENCEPRIMARY
TRD000045,147.16763,0.47167291,STAR,SDSS_DR18_SPECTROSCOPY,ZWARNING_0_SCIENCEPRIMARY
TRD000046,147.18683,0.58795241,STAR,SDSS_DR18_SPECTROSCOPY,ZWARNING_0_SCIENCEPRIMARY
TRD000047,148.96675,-0.77607839,STAR,SDSS_DR18_SPECTROSCOPY,ZWARNING_0_SCIENCEPRIMARY
TRD000048,148.5264,-0.97168901,STAR,SDSS_DR18_SPECTROSCOPY,ZWARNING_0_SCIENCEPRIMARY
TRD000049,148.98573,0.005366197,STAR,SDSS_DR18_SPECTROSCOPY,ZWARNING_0_SCIENCEPRIMARY
TRD000050,148.37166,-0.8501361,STAR,SDSS_DR18_SPECTROSCOPY,ZWARNING_0_SCIENCEPRIMARY
TRD000051,148.76817,-0.22083189,STAR,SDSS_DR18_SPECTROSCOPY,ZWARNING_0_SCIENCEPRIMARY
TRD000052,148.1694,-1.1243151,STAR,SDSS_DR18_SPECTROSCOPY,ZWARNING_0_SCIENCEPRIMARY
TRD000053,148.53234,-0.38237117,STAR,SDSS_DR18_SPECTROSCOPY,ZWARNING_0_SCIENCEPRIMARY
TRD000054,148.38949,-0.034760168,STAR,SDSS_DR18_SPECTROSCOPY,ZWARNING_0_SCIENCEPRIMARY
TRD000055,147.85068,-1.0771943,STAR,SDSS_DR18_SPECTROSCOPY,ZWARNING_0_SCIENCEPRIMARY
TRD000056,147.86705,-0.71049327,STAR,SDSS_DR18_SPECTROSCOPY,ZWARNING_0_SCIENCEPRIMARY
TRD000057,147.76419,-0.58103041,STAR,SDSS_DR18_SPECTROSCOPY,ZWARNING_0_SCIENCEPRIMARY
TRD000058,147.65636,-0.54811511,STAR,SDSS_DR18_SPECTROSCOPY,ZWARNING_0_SCIENCEPRIMARY
TRD000059,147.47546,-1.1815886,STAR,SDSS_DR18_SPECTROSCOPY,ZWARNING_0_SCIENCEPRIMARY
TRD000060,147.28951,-0.79756098,STAR,SDSS_DR18_SPECTROSCOPY,ZWARNING_0_SCIENCEPRIMARY
TRD000061,147.4488,-0.96330768,STAR,SDSS_DR18_SPECTROSCOPY,ZWARNING_0_SCIENCEPRIMARY
TRD000062,147.61614,0.093248577,STAR,SDSS_DR18_SPECTROSCOPY,ZWARNING_0_SCIENCEPRIMARY
TRD000063,147.08272,-1.2156437,STAR,SDSS_DR18_SPECTROSCOPY,ZWARNING_0_SCIENCEPRIMARY
TRD000064,147.21337,-0.8131697,STAR,SDSS_DR18_SPECTROSCOPY,ZWARNING_0_SCIENCEPRIMARY
TRD000065,147.10709,-0.34790731,STAR,SDSS_DR18_SPECTROSCOPY,ZWARNING_0_SCIENCEPRIMARY
TRD000066,146.52448,0.83016299,STAR,SDSS_DR18_SPECTROSCOPY,ZWARNING_0_SCIENCEPRIMARY
TRD000067,147.18509,1.0136953,STAR,SDSS_DR18_SPECTROSCOPY,ZWARNING_0_SCIENCEPRIMARY
TRD000068,146.50391,0.41384664,STAR,SDSS_DR18_SPECTROSCOPY,ZWARNING_0_SCIENCEPRIMARY
TRD000069,147.09942,0.47544679,STAR,SDSS_DR18_SPECTROSCOPY,ZWARNING_0_SCIENCEPRIMARY
TRD000070,147.39408,0.28653246,STAR,SDSS_DR18_SPECTROSCOPY,ZWARNING_0_SCIENCEPRIMARY
TRD000071,147.50014,1.0065357,STAR,SDSS_DR18_SPECTROSCOPY,ZWARNING_0_SCIENCEPRIMARY
TRD000072,147.67551,1.2573303,STAR,SDSS_DR18_SPECTROSCOPY,ZWARNING_0_SCIENCEPRIMARY
TRD000073,147.73122,0.54832364,STAR,SDSS_DR18_SPECTROSCOPY,ZWARNING_0_SCIENCEPRIMARY
TRD000074,147.65394,0.52316504,STAR,SDSS_DR18_SPECTROSCOPY,ZWARNING_0_SCIENCEPRIMARY
TRD000075,148.10993,0.37240762,STAR,SDSS_DR18_SPECTROSCOPY,ZWARNING_0_SCIENCEPRIMARY
TRD000076,148.16678,0.72642294,STAR,SDSS_DR18_SPECTROSCOPY,ZWARNING_0_SCIENCEPRIMARY
TRD000077,148.36464,0.62225381,STAR,SDSS_DR18_SPECTROSCOPY,ZWARNING_0_SCIENCEPRIMARY
TRD000078,148.32412,0.41432082,STAR,SDSS_DR18_SPECTROSCOPY,ZWARNING_0_SCIENCEPRIMARY
TRD000079,148.54058,0.25761725,STAR,SDSS_DR18_SPECTROSCOPY,ZWARNING_0_SCIENCEPRIMARY
TRD000080,148.76657,0.92770885,STAR,SDSS_DR18_SPECTROSCOPY,ZWARNING_0_SCIENCEPRIMARY
TRD000081,148.49046,1.088089,STAR,SDSS_DR18_SPECTROSCOPY,ZWARNING_0_SCIENCEPRIMARY
TRD000082,150.24775,-0.70635261,STAR,SDSS_DR18_SPECTROSCOPY,ZWARNING_0_SCIENCEPRIMARY
TRD000083,150.21882,-0.5674201,STAR,SDSS_DR18_SPECTROSCOPY,ZWARNING_0_SCIENCEPRIMARY
TRD000084,149.81852,-0.82974198,STAR,SDSS_DR18_SPECTROSCOPY,ZWARNING_0_SCIENCEPRIMARY
TRD000085,149.6984,-0.66619961,STAR,SDSS_DR18_SPECTROSCOPY,ZWARNING_0_SCIENCEPRIMARY
TRD000086,149.93783,-0.81879212,STAR,SDSS_DR18_SPECTROSCOPY,ZWARNING_0_SCIENCEPRIMARY
TRD000087,149.98047,-0.49724368,STAR,SDSS_DR18_SPECTROSCOPY,ZWARNING_0_SCIENCEPRIMARY
TRD000088,150.30047,-0.3368643,STAR,SDSS_DR18_SPECTROSCOPY,ZWARNING_0_SCIENCEPRIMARY
TRD000089,150.3032,-0.40868281,STAR,SDSS_DR18_SPECTROSCOPY,ZWARNING_0_SCIENCEPRIMARY
TRD000090,150.25163,-0.40262853,STAR,SDSS_DR18_SPECTROSCOPY,ZWARNING_0_SCIENCEPRIMARY
TRD000091,149.49651,-1.1186917,STAR,SDSS_DR18_SPECTROSCOPY,ZWARNING_0_SCIENCEPRIMARY
TRD000092,149.65236,-0.38533516,STAR,SDSS_DR18_SPECTROSCOPY,ZWARNING_0_SCIENCEPRIMARY
TRD000093,149.21152,-0.63278803,STAR,SDSS_DR18_SPECTROSCOPY,ZWARNING_0_SCIENCEPRIMARY
TRD000094,149.14113,-0.16971801,STAR,SDSS_DR18_SPECTROSCOPY,ZWARNING_0_SCIENCEPRIMARY
TRD000095,149.09645,-0.28140122,STAR,SDSS_DR18_SPECTROSCOPY,ZWARNING_0_SCIENCEPRIMARY
TRD000096,148.64859,-1.2369798,STAR,SDSS_DR18_SPECTROSCOPY,ZWARNING_0_SCIENCEPRIMARY
TRD000097,148.34904,-1.0635568,STAR,SDSS_DR18_SPECTROSCOPY,ZWARNING_0_SCIENCEPRIMARY
TRD000098,147.83633,-0.74426931,STAR,SDSS_DR18_SPECTROSCOPY,ZWARNING_0_SCIENCEPRIMARY
TRD000099,148.72993,-0.76054033,STAR,SDSS_DR18_SPECTROSCOPY,ZWARNING_0_SCIENCEPRIMARY
TRD000100,148.00729,-0.77663315,STAR,SDSS_DR18_SPECTROSCOPY,ZWARNING_0_SCIENCEPRIMARY
TRD000101,147.75936,-0.079764558,STAR,SDSS_DR18_SPECTROSCOPY,ZWARNING_0_SCIENCEPRIMARY
TRD000102,148.15135,0.079704841,STAR,SDSS_DR18_SPECTROSCOPY,ZWARNING_0_SCIENCEPRIMARY
TRD000103,148.24913,-0.079779342,STAR,SDSS_DR18_SPECTROSCOPY,ZWARNING_0_SCIENCEPRIMARY
TRD000104,148.77811,1.1167403,STAR,SDSS_DR18_SPECTROSCOPY,ZWARNING_0_SCIENCEPRIMARY
TRD000105,147.92671,1.0015873,STAR,SDSS_DR18_SPECTROSCOPY,ZWARNING_0_SCIENCEPRIMARY
TRD000106,148.64941,0.82692182,STAR,SDSS_DR18_SPECTROSCOPY,ZWARNING_0_SCIENCEPRIMARY
TRD000107,148.8052,0.82585887,STAR,SDSS_DR18_SPECTROSCOPY,ZWARNING_0_SCIENCEPRIMARY
TRD000108,148.62824,0.50453457,STAR,SDSS_DR18_SPECTROSCOPY,ZWARNING_0_SCIENCEPRIMARY
TRD000109,147.94903,0.60333151,STAR,SDSS_DR18_SPECTROSCOPY,ZWARNING_0_SCIENCEPRIMARY
TRD000110,148.21301,0.25800234,STAR,SDSS_DR18_SPECTROSCOPY,ZWARNING_0_SCIENCEPRIMARY
TRD000111,149.24111,0.14031858,STAR,SDSS_DR18_SPECTROSCOPY,ZWARNING_0_SCIENCEPRIMARY
TRD000112,149.41611,0.40912052,STAR,SDSS_DR18_SPECTROSCOPY,ZWARNING_0_SCIENCEPRIMARY
TRD000113,149.91764,0.60949123,STAR,SDSS_DR18_SPECTROSCOPY,ZWARNING_0_SCIENCEPRIMARY
TRD000114,149.99838,0.63627988,STAR,SDSS_DR18_SPECTROSCOPY,ZWARNING_0_SCIENCEPRIMARY
TRD000115,149.66589,1.0547394,STAR,SDSS_DR18_SPECTROSCOPY,ZWARNING_0_SCIENCEPRIMARY
TRD000116,150.10747,0.19635549,STAR,SDSS_DR18_SPECTROSCOPY,ZWARNING_0_SCIENCEPRIMARY
TRD000117,150.12601,0.40909457,STAR,SDSS_DR18_SPECTROSCOPY,ZWARNING_0_SCIENCEPRIMARY
TRD000118,150.0278,0.9245107,STAR,SDSS_DR18_SPECTROSCOPY,ZWARNING_0_SCIENCEPRIMARY
TRD000119,151.28348,-1.2585743,STAR,SDSS_DR18_SPECTROSCOPY,ZWARNING_0_SCIENCEPRIMARY
TRD000120,151.29969,-1.2486452,STAR,SDSS_DR18_SPECTROSCOPY,ZWARNING_0_SCIENCEPRIMARY
TRD000121,151.31993,-1.1349967,STAR,SDSS_DR18_SPECTROSCOPY,ZWARNING_0_SCIENCEPRIMARY
TRD000122,151.34413,-1.146497,STAR,SDSS_DR18_SPECTROSCOPY,ZWARNING_0_SCIENCEPRIMARY
TRD000123,151.4004,-1.044536,STAR,SDSS_DR18_SPECTROSCOPY,ZWARNING_0_SCIENCEPRIMARY
TRD000124,151.08873,-1.1110137,STAR,SDSS_DR18_SPECTROSCOPY,ZWARNING_0_SCIENCEPRIMARY
TRD000125,151.72321,-0.68248075,STAR,SDSS_DR18_SPECTROSCOPY,ZWARNING_0_SCIENCEPRIMARY
TRD000126,151.63655,0.061524437,STAR,SDSS_DR18_SPECTROSCOPY,ZWARNING_0_SCIENCEPRIMARY
TRD000127,150.66008,-1.1994978,STAR,SDSS_DR18_SPECTROSCOPY,ZWARNING_0_SCIENCEPRIMARY
TRD000128,150.68226,-1.1214575,STAR,SDSS_DR18_SPECTROSCOPY,ZWARNING_0_SCIENCEPRIMARY
TRD000129,150.60043,-1.0595924,STAR,SDSS_DR18_SPECTROSCOPY,ZWARNING_0_SCIENCEPRIMARY
TRD000130,150.86966,-1.0554253,STAR,SDSS_DR18_SPECTROSCOPY,ZWARNING_0_SCIENCEPRIMARY
TRD000131,150.61191,-1.2451664,STAR,SDSS_DR18_SPECTROSCOPY,ZWARNING_0_SCIENCEPRIMARY
TRD000132,150.67978,-1.1888915,STAR,SDSS_DR18_SPECTROSCOPY,ZWARNING_0_SCIENCEPRIMARY
TRD000133,150.8299,-1.0856019,STAR,SDSS_DR18_SPECTROSCOPY,ZWARNING_0_SCIENCEPRIMARY
TRD000134,150.71811,-0.9837803,STAR,SDSS_DR18_SPECTROSCOPY,ZWARNING_0_SCIENCEPRIMARY
TRD000135,150.64445,-1.163734,STAR,SDSS_DR18_SPECTROSCOPY,ZWARNING_0_SCIENCEPRIMARY
TRD000136,151.49645,0.039025737,STAR,SDSS_DR18_SPECTROSCOPY,ZWARNING_0_SCIENCEPRIMARY
TRD000137,150.55252,-1.1922472,STAR,SDSS_DR18_SPECTROSCOPY,ZWARNING_0_SCIENCEPRIMARY
TRD000138,150.56324,-1.111372,STAR,SDSS_DR18_SPECTROSCOPY,ZWARNING_0_SCIENCEPRIMARY
TRD000139,150.59915,-1.1929492,STAR,SDSS_DR18_SPECTROSCOPY,ZWARNING_0_SCIENCEPRIMARY
TRD000140,150.5856,-1.1451054,STAR,SDSS_DR18_SPECTROSCOPY,ZWARNING_0_SCIENCEPRIMARY
TRD000141,150.56749,-1.1994403,STAR,SDSS_DR18_SPECTROSCOPY,ZWARNING_0_SCIENCEPRIMARY
TRD000142,150.57614,-1.1743091,STAR,SDSS_DR18_SPECTROSCOPY,ZWARNING_0_SCIENCEPRIMARY
TRD000143,150.54669,-1.1562122,STAR,SDSS_DR18_SPECTROSCOPY,ZWARNING_0_SCIENCEPRIMARY
TRD000144,150.55177,-1.0905185,STAR,SDSS_DR18_SPECTROSCOPY,ZWARNING_0_SCIENCEPRIMARY
TRD000145,150.56785,-1.0585291,STAR,SDSS_DR18_SPECTROSCOPY,ZWARNING_0_SCIENCEPRIMARY
TRD000146,150.79104,-0.040892645,STAR,SDSS_DR18_SPECTROSCOPY,ZWARNING_0_SCIENCEPRIMARY
TRD000147,150.57756,-0.069016835,STAR,SDSS_DR18_SPECTROSCOPY,ZWARNING_0_SCIENCEPRIMARY
TRD000148,150.0371,-1.0789458,STAR,SDSS_DR18_SPECTROSCOPY,ZWARNING_0_SCIENCEPRIMARY
TRD000149,149.87701,-0.51284792,STAR,SDSS_DR18_SPECTROSCOPY,ZWARNING_0_SCIENCEPRIMARY
TRD000150,149.73618,-0.20105045,STAR,SDSS_DR18_SPECTROSCOPY,ZWARNING_0_SCIENCEPRIMARY
TRD000151,150.07596,0.090938378,STAR,SDSS_DR18_SPECTROSCOPY,ZWARNING_0_SCIENCEPRIMARY
TRD000152,150.53805,-0.47204098,STAR,SDSS_DR18_SPECTROSCOPY,ZWARNING_0_SCIENCEPRIMARY
TRD000153,149.48749,-0.39972091,STAR,SDSS_DR18_SPECTROSCOPY,ZWARNING_0_SCIENCEPRIMARY
TRD000154,149.78613,1.2159955,STAR,SDSS_DR18_SPECTROSCOPY,ZWARNING_0_SCIENCEPRIMARY
TRD000155,149.75677,0.79320029,STAR,SDSS_DR18_SPECTROSCOPY,ZWARNING_0_SCIENCEPRIMARY
TRD000156,150.49963,0.36268506,STAR,SDSS_DR18_SPECTROSCOPY,ZWARNING_0_SCIENCEPRIMARY
TRD000157,150.05524,0.31283612,STAR,SDSS_DR18_SPECTROSCOPY,ZWARNING_0_SCIENCEPRIMARY
TRD000158,150.94769,0.3143437,STAR,SDSS_DR18_SPECTROSCOPY,ZWARNING_0_SCIENCEPRIMARY
TRD000159,150.91338,0.5826408,STAR,SDSS_DR18_SPECTROSCOPY,ZWARNING_0_SCIENCEPRIMARY
TRD000160,150.9641,0.33904684,STAR,SDSS_DR18_SPECTROSCOPY,ZWARNING_0_SCIENCEPRIMARY
TRD000161,150.96499,0.23675472,STAR,SDSS_DR18_SPECTROSCOPY,ZWARNING_0_SCIENCEPRIMARY
TRD000162,150.93541,1.1979132,STAR,SDSS_DR18_SPECTROSCOPY,ZWARNING_0_SCIENCEPRIMARY
TRD000163,151.5945,0.30655272,STAR,SDSS_DR18_SPECTROSCOPY,ZWARNING_0_SCIENCEPRIMARY
TRD000164,151.65164,0.2047929,STAR,SDSS_DR18_SPECTROSCOPY,ZWARNING_0_SCIENCEPRIMARY
TRD000165,151.05187,0.66619933,STAR,SDSS_DR18_SPECTROSCOPY,ZWARNING_0_SCIENCEPRIMARY
TRD000166,151.13521,0.72713079,STAR,SDSS_DR18_SPECTROSCOPY,ZWARNING_0_SCIENCEPRIMARY
TRD000167,151.82023,0.62532314,STAR,SDSS_DR18_SPECTROSCOPY,ZWARNING_0_SCIENCEPRIMARY
TRD000168,151.2808,1.2022459,STAR,SDSS_DR18_SPECTROSCOPY,ZWARNING_0_SCIENCEPRIMARY
TRD000169,151.53825,0.73807449,STAR,SDSS_DR18_SPECTROSCOPY,ZWARNING_0_SCIENCEPRIMARY
TRD000170,153.64691,-0.78733235,STAR,SDSS_DR18_SPECTROSCOPY,ZWARNING_0_SCIENCEPRIMARY
TRD000171,153.57418,-0.95260259,STAR,SDSS_DR18_SPECTROSCOPY,ZWARNING_0_SCIENCEPRIMARY
TRD000172,153.67598,-0.67460004,STAR,SDSS_DR18_SPECTROSCOPY,ZWARNING_0_SCIENCEPRIMARY
TRD000173,153.71476,-0.5181401,STAR,SDSS_DR18_SPECTROSCOPY,ZWARNING_0_SCIENCEPRIMARY
TRD000174,153.54676,-0.39691753,STAR,SDSS_DR18_SPECTROSCOPY,ZWARNING_0_SCIENCEPRIMARY
TRD000175,153.12794,-0.93070054,STAR,SDSS_DR18_SPECTROSCOPY,ZWARNING_0_SCIENCEPRIMARY
TRD000176,152.74977,-0.3803511,STAR,SDSS_DR18_SPECTROSCOPY,ZWARNING_0_SCIENCEPRIMARY
TRD000177,152.7555,-0.12160573,STAR,SDSS_DR18_SPECTROSCOPY,ZWARNING_0_SCIENCEPRIMARY
TRD000178,152.7811,-0.2218184,STAR,SDSS_DR18_SPECTROSCOPY,ZWARNING_0_SCIENCEPRIMARY
TRD000179,152.72457,-0.70503555,STAR,SDSS_DR18_SPECTROSCOPY,ZWARNING_0_SCIENCEPRIMARY
TRD000180,152.62681,-0.61516081,STAR,SDSS_DR18_SPECTROSCOPY,ZWARNING_0_SCIENCEPRIMARY
TRD000181,152.47374,-0.48152095,STAR,SDSS_DR18_SPECTROSCOPY,ZWARNING_0_SCIENCEPRIMARY
TRD000182,152.44337,-1.1378482,STAR,SDSS_DR18_SPECTROSCOPY,ZWARNING_0_SCIENCEPRIMARY
TRD000183,152.34893,-0.71374768,STAR,SDSS_DR18_SPECTROSCOPY,ZWARNING_0_SCIENCEPRIMARY
TRD000184,152.30435,-1.0986817,STAR,SDSS_DR18_SPECTROSCOPY,ZWARNING_0_SCIENCEPRIMARY
TRD000185,152.27703,-0.97052993,STAR,SDSS_DR18_SPECTROSCOPY,ZWARNING_0_SCIENCEPRIMARY
TRD000186,152.18151,-0.91937689,STAR,SDSS_DR18_SPECTROSCOPY,ZWARNING_0_SCIENCEPRIMARY
TRD000187,152.17106,-0.37915232,STAR,SDSS_DR18_SPECTROSCOPY,ZWARNING_0_SCIENCEPRIMARY
TRD000188,151.98541,-0.72817649,STAR,SDSS_DR18_SPECTROSCOPY,ZWARNING_0_SCIENCEPRIMARY
TRD000189,151.77897,0.64313756,STAR,SDSS_DR18_SPECTROSCOPY,ZWARNING_0_SCIENCEPRIMARY
TRD000190,151.71853,1.0412559,STAR,SDSS_DR18_SPECTROSCOPY,ZWARNING_0_SCIENCEPRIMARY
TRD000191,151.87289,0.86423138,STAR,SDSS_DR18_SPECTROSCOPY,ZWARNING_0_SCIENCEPRIMARY
TRD000192,150.99527,0.16545354,STAR,SDSS_DR18_SPECTROSCOPY,ZWARNING_0_SCIENCEPRIMARY
TRD000193,151.79119,0.61472251,STAR,SDSS_DR18_SPECTROSCOPY,ZWARNING_0_SCIENCEPRIMARY
TRD000194,151.50631,0.21698552,STAR,SDSS_DR18_SPECTROSCOPY,ZWARNING_0_SCIENCEPRIMARY
TRD000195,152.05816,0.12715943,STAR,SDSS_DR18_SPECTROSCOPY,ZWARNING_0_SCIENCEPRIMARY
TRD000196,151.13819,0.058669893,STAR,SDSS_DR18_SPECTROSCOPY,ZWARNING_0_SCIENCEPRIMARY
TRD000197,152.35066,0.82319226,STAR,SDSS_DR18_SPECTROSCOPY,ZWARNING_0_SCIENCEPRIMARY
TRD000198,152.66939,1.2575476,STAR,SDSS_DR18_SPECTROSCOPY,ZWARNING_0_SCIENCEPRIMARY
TRD000199,152.55093,0.95665642,STAR,SDSS_DR18_SPECTROSCOPY,ZWARNING_0_SCIENCEPRIMARY
TRD000200,152.48074,0.16218438,STAR,SDSS_DR18_SPECTROSCOPY,ZWARNING_0_SCIENCEPRIMARY
TRD000201,153.07842,-0.060250912,STAR,SDSS_DR18_SPECTROSCOPY,ZWARNING_0_SCIENCEPRIMARY
TRD000202,153.36426,-0.029091154,STAR,SDSS_DR18_SPECTROSCOPY,ZWARNING_0_SCIENCEPRIMARY
TRD000203,152.98267,0.95873718,STAR,SDSS_DR18_SPECTROSCOPY,ZWARNING_0_SCIENCEPRIMARY
TRD000204,153.05827,0.99776492,STAR,SDSS_DR18_SPECTROSCOPY,ZWARNING_0_SCIENCEPRIMARY
TRD000205,152.88637,1.1320091,STAR,SDSS_DR18_SPECTROSCOPY,ZWARNING_0_SCIENCEPRIMARY
TRD000206,153.70336,0.11905441,STAR,SDSS_DR18_SPECTROSCOPY,ZWARNING_0_SCIENCEPRIMARY
TRD000207,153.34306,0.8739991,STAR,SDSS_DR18_SPECTROSCOPY,ZWARNING_0_SCIENCEPRIMARY
TRD000208,153.57225,0.93874027,STAR,SDSS_DR18_SPECTROSCOPY,ZWARNING_0_SCIENCEPRIMARY
TRD000209,153.36742,0.84611976,STAR,SDSS_DR18_SPECTROSCOPY,ZWARNING_0_SCIENCEPRIMARY
TRD000210,153.83801,0.43836874,STAR,SDSS_DR18_SPECTROSCOPY,ZWARNING_0_SCIENCEPRIMARY
TRD000211,155.10076,-1.0792522,STAR,SDSS_DR18_SPECTROSCOPY,ZWARNING_0_SCIENCEPRIMARY
TRD000212,155.03585,-0.98831675,STAR,SDSS_DR18_SPECTROSCOPY,ZWARNING_0_SCIENCEPRIMARY
TRD000213,155.54324,-0.34289179,STAR,SDSS_DR18_SPECTROSCOPY,ZWARNING_0_SCIENCEPRIMARY
TRD000214,155.44024,-0.18141384,STAR,SDSS_DR18_SPECTROSCOPY,ZWARNING_0_SCIENCEPRIMARY
TRD000215,154.76597,-0.83534002,STAR,SDSS_DR18_SPECTROSCOPY,ZWARNING_0_SCIENCEPRIMARY
TRD000216,155.0319,-0.54633242,STAR,SDSS_DR18_SPECTROSCOPY,ZWARNING_0_SCIENCEPRIMARY
TRD000217,155.27889,-0.049187334,STAR,SDSS_DR18_SPECTROSCOPY,ZWARNING_0_SCIENCEPRIMARY
TRD000218,155.08075,-0.21568499,STAR,SDSS_DR18_SPECTROSCOPY,ZWARNING_0_SCIENCEPRIMARY
TRD000219,154.58967,-1.2084097,STAR,SDSS_DR18_SPECTROSCOPY,ZWARNING_0_SCIENCEPRIMARY
TRD000220,154.91948,-0.54356129,STAR,SDSS_DR18_SPECTROSCOPY,ZWARNING_0_SCIENCEPRIMARY
TRD000221,154.17018,-1.150176,STAR,SDSS_DR18_SPECTROSCOPY,ZWARNING_0_SCIENCEPRIMARY
TRD000222,154.27754,-1.2444646,STAR,SDSS_DR18_SPECTROSCOPY,ZWARNING_0_SCIENCEPRIMARY
TRD000223,154.26953,-1.0505229,STAR,SDSS_DR18_SPECTROSCOPY,ZWARNING_0_SCIENCEPRIMARY
TRD000224,154.71632,-0.51845556,STAR,SDSS_DR18_SPECTROSCOPY,ZWARNING_0_SCIENCEPRIMARY
TRD000225,154.42373,-0.49280509,STAR,SDSS_DR18_SPECTROSCOPY,ZWARNING_0_SCIENCEPRIMARY
TRD000226,154.4048,-0.71507502,STAR,SDSS_DR18_SPECTROSCOPY,ZWARNING_0_SCIENCEPRIMARY
TRD000227,154.12108,-1.0911703,STAR,SDSS_DR18_SPECTROSCOPY,ZWARNING_0_SCIENCEPRIMARY
TRD000228,154.23726,-0.37125591,STAR,SDSS_DR18_SPECTROSCOPY,ZWARNING_0_SCIENCEPRIMARY
TRD000229,154.00509,-0.45292806,STAR,SDSS_DR18_SPECTROSCOPY,ZWARNING_0_SCIENCEPRIMARY
TRD000230,153.48913,-1.2409264,STAR,SDSS_DR18_SPECTROSCOPY,ZWARNING_0_SCIENCEPRIMARY
TRD000231,153.78315,-0.53540694,STAR,SDSS_DR18_SPECTROSCOPY,ZWARNING_0_SCIENCEPRIMARY
TRD000232,153.69063,1.1328313,STAR,SDSS_DR18_SPECTROSCOPY,ZWARNING_0_SCIENCEPRIMARY
TRD000233,153.76942,0.9180957,STAR,SDSS_DR18_SPECTROSCOPY,ZWARNING_0_SCIENCEPRIMARY
TRD000234,153.93606,0.47194036,STAR,SDSS_DR18_SPECTROSCOPY,ZWARNING_0_SCIENCEPRIMARY
TRD000235,153.98605,0.66610109,STAR,SDSS_DR18_SPECTROSCOPY,ZWARNING_0_SCIENCEPRIMARY
TRD000236,154.15487,0.61152482,STAR,SDSS_DR18_SPECTROSCOPY,ZWARNING_0_SCIENCEPRIMARY
TRD000237,154.17439,0.74609341,STAR,SDSS_DR18_SPECTROSCOPY,ZWARNING_0_SCIENCEPRIMARY
TRD000238,154.1951,0.15417696,STAR,SDSS_DR18_SPECTROSCOPY,ZWARNING_0_SCIENCEPRIMARY
TRD000239,154.10359,1.168794,STAR,SDSS_DR18_SPECTROSCOPY,ZWARNING_0_SCIENCEPRIMARY
TRD000240,154.65141,0.53143234,STAR,SDSS_DR18_SPECTROSCOPY,ZWARNING_0_SCIENCEPRIMARY
TRD000241,154.51194,0.052566017,STAR,SDSS_DR18_SPECTROSCOPY,ZWARNING_0_SCIENCEPRIMARY
TRD000242,154.78985,0.62515271,STAR,SDSS_DR18_SPECTROSCOPY,ZWARNING_0_SCIENCEPRIMARY
TRD000243,155.04141,0.32924739,STAR,SDSS_DR18_SPECTROSCOPY,ZWARNING_0_SCIENCEPRIMARY
TRD000244,155.09689,0.20773628,STAR,SDSS_DR18_SPECTROSCOPY,ZWARNING_0_SCIENCEPRIMARY
TRD000245,154.90817,0.60798499,STAR,SDSS_DR18_SPECTROSCOPY,ZWARNING_0_SCIENCEPRIMARY
TRD000246,155.11954,0.93427783,STAR,SDSS_DR18_SPECTROSCOPY,ZWARNING_0_SCIENCEPRIMARY
TRD000247,155.35172,0.17120119,STAR,SDSS_DR18_SPECTROSCOPY,ZWARNING_0_SCIENCEPRIMARY
TRD000248,155.25599,0.14500774,STAR,SDSS_DR18_SPECTROSCOPY,ZWARNING_0_SCIENCEPRIMARY
TRD000249,155.30574,0.068172763,STAR,SDSS_DR18_SPECTROSCOPY,ZWARNING_0_SCIENCEPRIMARY
TRD000250,155.55133,0.0053898192,STAR,SDSS_DR18_SPECTROSCOPY,ZWARNING_0_SCIENCEPRIMARY
TRD000251,156.92181,-0.70499763,STAR,SDSS_DR18_SPECTROSCOPY,ZWARNING_0_SCIENCEPRIMARY
TRD000252,157.20617,-0.83961385,STAR,SDSS_DR18_SPECTROSCOPY,ZWARNING_0_SCIENCEPRIMARY
TRD000253,156.51305,-1.0696484,STAR,SDSS_DR18_SPECTROSCOPY,ZWARNING_0_SCIENCEPRIMARY
TRD000254,156.43695,-1.0753926,STAR,SDSS_DR18_SPECTROSCOPY,ZWARNING_0_SCIENCEPRIMARY
TRD000255,156.50252,-1.1340382,STAR,SDSS_DR18_SPECTROSCOPY,ZWARNING_0_SCIENCEPRIMARY
TRD000256,156.81504,-0.25788834,STAR,SDSS_DR18_SPECTROSCOPY,ZWARNING_0_SCIENCEPRIMARY
TRD000257,156.19845,-1.2273457,STAR,SDSS_DR18_SPECTROSCOPY,ZWARNING_0_SCIENCEPRIMARY
TRD000258,156.20303,-1.2099214,STAR,SDSS_DR18_SPECTROSCOPY,ZWARNING_0_SCIENCEPRIMARY
TRD000259,156.19528,-1.0653714,STAR,SDSS_DR18_SPECTROSCOPY,ZWARNING_0_SCIENCEPRIMARY
TRD000260,156.28041,-0.84991659,STAR,SDSS_DR18_SPECTROSCOPY,ZWARNING_0_SCIENCEPRIMARY
TRD000261,156.77149,-0.3133401,STAR,SDSS_DR18_SPECTROSCOPY,ZWARNING_0_SCIENCEPRIMARY
TRD000262,155.9947,-1.2363021,STAR,SDSS_DR18_SPECTROSCOPY,ZWARNING_0_SCIENCEPRIMARY
TRD000263,155.93894,-1.2346038,STAR,SDSS_DR18_SPECTROSCOPY,ZWARNING_0_SCIENCEPRIMARY
TRD000264,155.83915,-0.95969484,STAR,SDSS_DR18_SPECTROSCOPY,ZWARNING_0_SCIENCEPRIMARY
TRD000265,156.36304,-0.62362668,STAR,SDSS_DR18_SPECTROSCOPY,ZWARNING_0_SCIENCEPRIMARY
TRD000266,156.28679,-0.4163458,STAR,SDSS_DR18_SPECTROSCOPY,ZWARNING_0_SCIENCEPRIMARY
TRD000267,156.2148,-0.26282603,STAR,SDSS_DR18_SPECTROSCOPY,ZWARNING_0_SCIENCEPRIMARY
TRD000268,155.99482,-0.54656501,STAR,SDSS_DR18_SPECTROSCOPY,ZWARNING_0_SCIENCEPRIMARY
TRD000269,155.85958,-0.47513018,STAR,SDSS_DR18_SPECTROSCOPY,ZWARNING_0_SCIENCEPRIMARY
TRD000270,155.62605,-0.8317055,STAR,SDSS_DR18_SPECTROSCOPY,ZWARNING_0_SCIENCEPRIMARY
TRD000271,155.75661,-0.73005913,STAR,SDSS_DR18_SPECTROSCOPY,ZWARNING_0_SCIENCEPRIMARY
TRD000272,155.15432,-0.2506409,STAR,SDSS_DR18_SPECTROSCOPY,ZWARNING_0_SCIENCEPRIMARY
TRD000273,155.16431,-0.43681458,STAR,SDSS_DR18_SPECTROSCOPY,ZWARNING_0_SCIENCEPRIMARY
TRD000274,155.4388,-0.3182466,STAR,SDSS_DR18_SPECTROSCOPY,ZWARNING_0_SCIENCEPRIMARY
TRD000275,155.1739,-1.1836469,STAR,SDSS_DR18_SPECTROSCOPY,ZWARNING_0_SCIENCEPRIMARY
TRD000276,154.79795,0.0047906305,STAR,SDSS_DR18_SPECTROSCOPY,ZWARNING_0_SCIENCEPRIMARY
TRD000277,154.9122,-0.61022366,STAR,SDSS_DR18_SPECTROSCOPY,ZWARNING_0_SCIENCEPRIMARY
TRD000278,154.84223,-0.64647973,STAR,SDSS_DR18_SPECTROSCOPY,ZWARNING_0_SCIENCEPRIMARY
TRD000279,155.09146,0.91910251,STAR,SDSS_DR18_SPECTROSCOPY,ZWARNING_0_SCIENCEPRIMARY
TRD000280,155.279,0.64062915,STAR,SDSS_DR18_SPECTROSCOPY,ZWARNING_0_SCIENCEPRIMARY
TRD000281,155.86154,1.2461861,STAR,SDSS_DR18_SPECTROSCOPY,ZWARNING_0_SCIENCEPRIMARY
TRD000282,155.94867,0.64476744,STAR,SDSS_DR18_SPECTROSCOPY,ZWARNING_0_SCIENCEPRIMARY
TRD000283,155.88717,0.37688648,STAR,SDSS_DR18_SPECTROSCOPY,ZWARNING_0_SCIENCEPRIMARY
TRD000284,156.03779,0.70492538,STAR,SDSS_DR18_SPECTROSCOPY,ZWARNING_0_SCIENCEPRIMARY
TRD000285,156.39277,0.22382429,STAR,SDSS_DR18_SPECTROSCOPY,ZWARNING_0_SCIENCEPRIMARY
TRD000286,156.42392,0.36756155,STAR,SDSS_DR18_SPECTROSCOPY,ZWARNING_0_SCIENCEPRIMARY
TRD000287,156.44465,0.48261839,STAR,SDSS_DR18_SPECTROSCOPY,ZWARNING_0_SCIENCEPRIMARY
TRD000288,156.37773,0.76205521,STAR,SDSS_DR18_SPECTROSCOPY,ZWARNING_0_SCIENCEPRIMARY
TRD000289,156.54192,0.46662828,STAR,SDSS_DR18_SPECTROSCOPY,ZWARNING_0_SCIENCEPRIMARY
TRD000290,156.55476,0.53179785,STAR,SDSS_DR18_SPECTROSCOPY,ZWARNING_0_SCIENCEPRIMARY
TRD000291,156.50471,0.31903505,STAR,SDSS_DR18_SPECTROSCOPY,ZWARNING_0_SCIENCEPRIMARY
TRD000292,156.62716,0.75941061,STAR,SDSS_DR18_SPECTROSCOPY,ZWARNING_0_SCIENCEPRIMARY
TRD000293,156.82132,0.31424416,STAR,SDSS_DR18_SPECTROSCOPY,ZWARNING_0_SCIENCEPRIMARY
TRD000294,156.73173,0.94981417,STAR,SDSS_DR18_SPECTROSCOPY,ZWARNING_0_SCIENCEPRIMARY
TRD000295,157.3826,0.30628514,STAR,SDSS_DR18_SPECTROSCOPY,ZWARNING_0_SCIENCEPRIMARY
TRD000296,157.3555,0.34497431,STAR,SDSS_DR18_SPECTROSCOPY,ZWARNING_0_SCIENCEPRIMARY
TRD000297,158.71222,-1.088171,STAR,SDSS_DR18_SPECTROSCOPY,ZWARNING_0_SCIENCEPRIMARY
TRD000298,158.92061,-0.70791104,STAR,SDSS_DR18_SPECTROSCOPY,ZWARNING_0_SCIENCEPRIMARY
TRD000299,158.95576,-1.0399466,STAR,SDSS_DR18_SPECTROSCOPY,ZWARNING_0_SCIENCEPRIMARY
TRD000300,159.34072,-0.0015361063,STAR,SDSS_DR18_SPECTROSCOPY,ZWARNING_0_SCIENCEPRIMARY
TRD000301,158.594,-1.2564526,STAR,SDSS_DR18_SPECTROSCOPY,ZWARNING_0_SCIENCEPRIMARY
TRD000302,158.36864,-0.98857783,STAR,SDSS_DR18_SPECTROSCOPY,ZWARNING_0_SCIENCEPRIMARY
TRD000303,158.35012,-1.0496768,STAR,SDSS_DR18_SPECTROSCOPY,ZWARNING_0_SCIENCEPRIMARY
TRD000304,158.30978,-0.74001589,STAR,SDSS_DR18_SPECTROSCOPY,ZWARNING_0_SCIENCEPRIMARY
TRD000305,158.83511,-0.33533095,STAR,SDSS_DR18_SPECTROSCOPY,ZWARNING_0_SCIENCEPRIMARY
TRD000306,158.66294,-0.58748365,STAR,SDSS_DR18_SPECTROSCOPY,ZWARNING_0_SCIENCEPRIMARY
TRD000307,157.91717,-0.86108099,STAR,SDSS_DR18_SPECTROSCOPY,ZWARNING_0_SCIENCEPRIMARY
TRD000308,158.09055,-0.77472172,STAR,SDSS_DR18_SPECTROSCOPY,ZWARNING_0_SCIENCEPRIMARY
TRD000309,158.05081,-1.184143,STAR,SDSS_DR18_SPECTROSCOPY,ZWARNING_0_SCIENCEPRIMARY
TRD000310,158.49678,-0.47169443,STAR,SDSS_DR18_SPECTROSCOPY,ZWARNING_0_SCIENCEPRIMARY
TRD000311,158.54133,-0.29014613,STAR,SDSS_DR18_SPECTROSCOPY,ZWARNING_0_SCIENCEPRIMARY
TRD000312,158.46513,-0.33577403,STAR,SDSS_DR18_SPECTROSCOPY,ZWARNING_0_SCIENCEPRIMARY
TRD000313,158.43926,-0.071608321,STAR,SDSS_DR18_SPECTROSCOPY,ZWARNING_0_SCIENCEPRIMARY
TRD000314,158.29246,-0.47252463,STAR,SDSS_DR18_SPECTROSCOPY,ZWARNING_0_SCIENCEPRIMARY
TRD000315,158.19104,-0.073699209,STAR,SDSS_DR18_SPECTROSCOPY,ZWARNING_0_SCIENCEPRIMARY
TRD000316,157.94824,-0.13448395,STAR,SDSS_DR18_SPECTROSCOPY,ZWARNING_0_SCIENCEPRIMARY
TRD000317,157.58075,-0.96087289,STAR,SDSS_DR18_SPECTROSCOPY,ZWARNING_0_SCIENCEPRIMARY
TRD000318,157.65614,-0.78709053,STAR,SDSS_DR18_SPECTROSCOPY,ZWARNING_0_SCIENCEPRIMARY
TRD000319,157.57201,-0.65650218,STAR,SDSS_DR18_SPECTROSCOPY,ZWARNING_0_SCIENCEPRIMARY
TRD000320,157.69156,-0.071730996,STAR,SDSS_DR18_SPECTROSCOPY,ZWARNING_0_SCIENCEPRIMARY
TRD000321,157.709,-0.39241376,STAR,SDSS_DR18_SPECTROSCOPY,ZWARNING_0_SCIENCEPRIMARY
TRD000322,157.31195,-0.87010608,STAR,SDSS_DR18_SPECTROSCOPY,ZWARNING_0_SCIENCEPRIMARY
TRD000323,157.22871,-0.93284185,STAR,SDSS_DR18_SPECTROSCOPY,ZWARNING_0_SCIENCEPRIMARY
TRD000324,157.3973,-1.0133235,STAR,SDSS_DR18_SPECTROSCOPY,ZWARNING_0_SCIENCEPRIMARY
TRD000325,157.2276,-0.5636103,STAR,SDSS_DR18_SPECTROSCOPY,ZWARNING_0_SCIENCEPRIMARY
TRD000326,157.43915,-0.1715844,STAR,SDSS_DR18_SPECTROSCOPY,ZWARNING_0_SCIENCEPRIMARY
TRD000327,157.2985,-0.50195519,STAR,SDSS_DR18_SPECTROSCOPY,ZWARNING_0_SCIENCEPRIMARY
TRD000328,157.47538,-0.35813765,STAR,SDSS_DR18_SPECTROSCOPY,ZWARNING_0_SCIENCEPRIMARY
TRD000329,157.10264,-0.14373363,STAR,SDSS_DR18_SPECTROSCOPY,ZWARNING_0_SCIENCEPRIMARY
TRD000330,157.36332,-0.19797231,STAR,SDSS_DR18_SPECTROSCOPY,ZWARNING_0_SCIENCEPRIMARY
TRD000331,157.02786,-0.94258058,STAR,SDSS_DR18_SPECTROSCOPY,ZWARNING_0_SCIENCEPRIMARY
TRD000332,156.856,-0.09321643,STAR,SDSS_DR18_SPECTROSCOPY,ZWARNING_0_SCIENCEPRIMARY
TRD000333,156.85427,-0.065693556,STAR,SDSS_DR18_SPECTROSCOPY,ZWARNING_0_SCIENCEPRIMARY
TRD000334,156.77214,0.83202188,STAR,SDSS_DR18_SPECTROSCOPY,ZWARNING_0_SCIENCEPRIMARY
TRD000335,156.82549,0.86823435,STAR,SDSS_DR18_SPECTROSCOPY,ZWARNING_0_SCIENCEPRIMARY
TRD000336,157.05548,1.1696859,STAR,SDSS_DR18_SPECTROSCOPY,ZWARNING_0_SCIENCEPRIMARY
TRD000337,156.98123,0.71661942,STAR,SDSS_DR18_SPECTROSCOPY,ZWARNING_0_SCIENCEPRIMARY
TRD000338,156.72135,0.85292824,STAR,SDSS_DR18_SPECTROSCOPY,ZWARNING_0_SCIENCEPRIMARY
TRD000339,156.70584,0.65155366,STAR,SDSS_DR18_SPECTROSCOPY,ZWARNING_0_SCIENCEPRIMARY
TRD000340,156.89526,0.79608691,STAR,SDSS_DR18_SPECTROSCOPY,ZWARNING_0_SCIENCEPRIMARY
TRD000341,156.5641,0.53718268,STAR,SDSS_DR18_SPECTROSCOPY,ZWARNING_0_SCIENCEPRIMARY
TRD000342,156.63731,0.57597833,STAR,SDSS_DR18_SPECTROSCOPY,ZWARNING_0_SCIENCEPRIMARY
TRD000343,156.74412,0.43210462,STAR,SDSS_DR18_SPECTROSCOPY,ZWARNING_0_SCIENCEPRIMARY
TRD000344,157.26465,1.1696654,STAR,SDSS_DR18_SPECTROSCOPY,ZWARNING_0_SCIENCEPRIMARY
TRD000345,157.23379,0.77092847,STAR,SDSS_DR18_SPECTROSCOPY,ZWARNING_0_SCIENCEPRIMARY
TRD000346,157.37348,1.2113091,STAR,SDSS_DR18_SPECTROSCOPY,ZWARNING_0_SCIENCEPRIMARY
TRD000347,157.3832,0.75737794,STAR,SDSS_DR18_SPECTROSCOPY,ZWARNING_0_SCIENCEPRIMARY
TRD000348,157.39366,0.57066453,STAR,SDSS_DR18_SPECTROSCOPY,ZWARNING_0_SCIENCEPRIMARY
TRD000349,157.15945,0.51747906,STAR,SDSS_DR18_SPECTROSCOPY,ZWARNING_0_SCIENCEPRIMARY
TRD000350,156.8855,0.58474407,STAR,SDSS_DR18_SPECTROSCOPY,ZWARNING_0_SCIENCEPRIMARY
TRD000351,156.82452,0.28337427,STAR,SDSS_DR18_SPECTROSCOPY,ZWARNING_0_SCIENCEPRIMARY
TRD000352,157.48782,0.11245288,STAR,SDSS_DR18_SPECTROSCOPY,ZWARNING_0_SCIENCEPRIMARY
TRD000353,157.6447,0.8160882,STAR,SDSS_DR18_SPECTROSCOPY,ZWARNING_0_SCIENCEPRIMARY
TRD000354,157.69737,1.0782044,STAR,SDSS_DR18_SPECTROSCOPY,ZWARNING_0_SCIENCEPRIMARY
TRD000355,157.78998,0.32672549,STAR,SDSS_DR18_SPECTROSCOPY,ZWARNING_0_SCIENCEPRIMARY
TRD000356,157.58796,0.37012764,STAR,SDSS_DR18_SPECTROSCOPY,ZWARNING_0_SCIENCEPRIMARY
TRD000357,157.64476,0.30780064,STAR,SDSS_DR18_SPECTROSCOPY,ZWARNING_0_SCIENCEPRIMARY
TRD000358,157.80582,0.79008763,STAR,SDSS_DR18_SPECTROSCOPY,ZWARNING_0_SCIENCEPRIMARY
TRD000359,158.0296,1.238785,STAR,SDSS_DR18_SPECTROSCOPY,ZWARNING_0_SCIENCEPRIMARY
TRD000360,157.98838,0.16827284,STAR,SDSS_DR18_SPECTROSCOPY,ZWARNING_0_SCIENCEPRIMARY
TRD000361,157.97038,0.21308152,STAR,SDSS_DR18_SPECTROSCOPY,ZWARNING_0_SCIENCEPRIMARY
TRD000362,158.24508,0.4817772,STAR,SDSS_DR18_SPECTROSCOPY,ZWARNING_0_SCIENCEPRIMARY
TRD000363,158.14749,0.13776324,STAR,SDSS_DR18_SPECTROSCOPY,ZWARNING_0_SCIENCEPRIMARY
TRD000364,158.34284,0.46395321,STAR,SDSS_DR18_SPECTROSCOPY,ZWARNING_0_SCIENCEPRIMARY
TRD000365,158.4359,0.56482449,STAR,SDSS_DR18_SPECTROSCOPY,ZWARNING_0_SCIENCEPRIMARY
TRD000366,158.38725,0.53001536,STAR,SDSS_DR18_SPECTROSCOPY,ZWARNING_0_SCIENCEPRIMARY
TRD000367,158.18047,1.0419894,STAR,SDSS_DR18_SPECTROSCOPY,ZWARNING_0_SCIENCEPRIMARY
TRD000368,158.30218,1.1207954,STAR,SDSS_DR18_SPECTROSCOPY,ZWARNING_0_SCIENCEPRIMARY
TRD000369,158.21839,0.73909099,STAR,SDSS_DR18_SPECTROSCOPY,ZWARNING_0_SCIENCEPRIMARY
TRD000370,158.13105,0.97467068,STAR,SDSS_DR18_SPECTROSCOPY,ZWARNING_0_SCIENCEPRIMARY
TRD000371,158.33104,0.8888829,STAR,SDSS_DR18_SPECTROSCOPY,ZWARNING_0_SCIENCEPRIMARY
TRD000372,158.65123,0.47073924,STAR,SDSS_DR18_SPECTROSCOPY,ZWARNING_0_SCIENCEPRIMARY
TRD000373,158.59034,1.0452611,STAR,SDSS_DR18_SPECTROSCOPY,ZWARNING_0_SCIENCEPRIMARY
TRD000374,158.50758,0.80329615,STAR,SDSS_DR18_SPECTROSCOPY,ZWARNING_0_SCIENCEPRIMARY
TRD000375,158.99202,0.2940101,STAR,SDSS_DR18_SPECTROSCOPY,ZWARNING_0_SCIENCEPRIMARY
TRD000376,158.80328,0.3267077,STAR,SDSS_DR18_SPECTROSCOPY,ZWARNING_0_SCIENCEPRIMARY
TRD000377,158.72795,0.97017738,STAR,SDSS_DR18_SPECTROSCOPY,ZWARNING_0_SCIENCEPRIMARY
TRD000378,158.90247,0.68802812,STAR,SDSS_DR18_SPECTROSCOPY,ZWARNING_0_SCIENCEPRIMARY
TRD000379,158.7039,0.86703743,STAR,SDSS_DR18_SPECTROSCOPY,ZWARNING_0_SCIENCEPRIMARY
TRD000380,159.31444,0.10789235,STAR,SDSS_DR18_SPECTROSCOPY,ZWARNING_0_SCIENCEPRIMARY
TRD000381,160.29229,-0.7586184,STAR,SDSS_DR18_SPECTROSCOPY,ZWARNING_0_SCIENCEPRIMARY
TRD000382,160.49545,-0.68513941,STAR,SDSS_DR18_SPECTROSCOPY,ZWARNING_0_SCIENCEPRIMARY
TRD000383,160.36294,-1.0551706,STAR,SDSS_DR18_SPECTROSCOPY,ZWARNING_0_SCIENCEPRIMARY
TRD000384,160.7916,-0.6391045,STAR,SDSS_DR18_SPECTROSCOPY,ZWARNING_0_SCIENCEPRIMARY
TRD000385,159.98624,-0.75477885,STAR,SDSS_DR18_SPECTROSCOPY,ZWARNING_0_SCIENCEPRIMARY
TRD000386,160.57541,-0.37040509,STAR,SDSS_DR18_SPECTROSCOPY,ZWARNING_0_SCIENCEPRIMARY
TRD000387,159.86004,-1.0215766,STAR,SDSS_DR18_SPECTROSCOPY,ZWARNING_0_SCIENCEPRIMARY
TRD000388,160.14422,-0.48934308,STAR,SDSS_DR18_SPECTROSCOPY,ZWARNING_0_SCIENCEPRIMARY
TRD000389,159.6396,-0.33325298,STAR,SDSS_DR18_SPECTROSCOPY,ZWARNING_0_SCIENCEPRIMARY
TRD000390,159.7671,-0.12989191,STAR,SDSS_DR18_SPECTROSCOPY,ZWARNING_0_SCIENCEPRIMARY
TRD000391,159.40951,-0.39134672,STAR,SDSS_DR18_SPECTROSCOPY,ZWARNING_0_SCIENCEPRIMARY
TRD000392,159.26155,-1.0467336,STAR,SDSS_DR18_SPECTROSCOPY,ZWARNING_0_SCIENCEPRIMARY
TRD000393,159.09844,-1.0948778,STAR,SDSS_DR18_SPECTROSCOPY,ZWARNING_0_SCIENCEPRIMARY
TRD000394,159.1486,-0.010115702,STAR,SDSS_DR18_SPECTROSCOPY,ZWARNING_0_SCIENCEPRIMARY
TRD000395,158.67499,-0.64885941,STAR,SDSS_DR18_SPECTROSCOPY,ZWARNING_0_SCIENCEPRIMARY
TRD000396,158.89146,0.82083055,STAR,SDSS_DR18_SPECTROSCOPY,ZWARNING_0_SCIENCEPRIMARY
TRD000397,159.27889,0.27089999,STAR,SDSS_DR18_SPECTROSCOPY,ZWARNING_0_SCIENCEPRIMARY
TRD000398,159.02711,0.43308577,STAR,SDSS_DR18_SPECTROSCOPY,ZWARNING_0_SCIENCEPRIMARY
TRD000399,159.32242,0.6667663,STAR,SDSS_DR18_SPECTROSCOPY,ZWARNING_0_SCIENCEPRIMARY
TRD000400,159.37033,0.9549642,STAR,SDSS_DR18_SPECTROSCOPY,ZWARNING_0_SCIENCEPRIMARY
TRD000401,159.64189,0.84741681,STAR,SDSS_DR18_SPECTROSCOPY,ZWARNING_0_SCIENCEPRIMARY
TRD000402,159.95679,0.52669989,STAR,SDSS_DR18_SPECTROSCOPY,ZWARNING_0_SCIENCEPRIMARY
TRD000403,159.81525,0.66594401,STAR,SDSS_DR18_SPECTROSCOPY,ZWARNING_0_SCIENCEPRIMARY
TRD000404,160.13887,0.26191101,STAR,SDSS_DR18_SPECTROSCOPY,ZWARNING_0_SCIENCEPRIMARY
TRD000405,160.12027,0.58266446,STAR,SDSS_DR18_SPECTROSCOPY,ZWARNING_0_SCIENCEPRIMARY
TRD000406,160.20329,0.096851916,STAR,SDSS_DR18_SPECTROSCOPY,ZWARNING_0_SCIENCEPRIMARY
TRD000407,160.22881,0.39006045,STAR,SDSS_DR18_SPECTROSCOPY,ZWARNING_0_SCIENCEPRIMARY
TRD000408,160.36774,0.78062633,STAR,SDSS_DR18_SPECTROSCOPY,ZWARNING_0_SCIENCEPRIMARY
TRD000409,160.2655,1.2445884,STAR,SDSS_DR18_SPECTROSCOPY,ZWARNING_0_SCIENCEPRIMARY
TRD000410,160.38447,1.141918,STAR,SDSS_DR18_SPECTROSCOPY,ZWARNING_0_SCIENCEPRIMARY
TRD000411,160.94876,0.75241255,STAR,SDSS_DR18_SPECTROSCOPY,ZWARNING_0_SCIENCEPRIMARY
TRD000412,162.1492,-1.0535091,STAR,SDSS_DR18_SPECTROSCOPY,ZWARNING_0_SCIENCEPRIMARY
TRD000413,162.18006,-1.0520082,STAR,SDSS_DR18_SPECTROSCOPY,ZWARNING_0_SCIENCEPRIMARY
TRD000414,162.50801,-0.10340415,STAR,SDSS_DR18_SPECTROSCOPY,ZWARNING_0_SCIENCEPRIMARY
TRD000415,162.54538,-0.11877666,STAR,SDSS_DR18_SPECTROSCOPY,ZWARNING_0_SCIENCEPRIMARY
TRD000416,162.30576,0.067733806,STAR,SDSS_DR18_SPECTROSCOPY,ZWARNING_0_SCIENCEPRIMARY
TRD000417,161.64687,-0.83224627,STAR,SDSS_DR18_SPECTROSCOPY,ZWARNING_0_SCIENCEPRIMARY
TRD000418,161.50096,-0.70700927,STAR,SDSS_DR18_SPECTROSCOPY,ZWARNING_0_SCIENCEPRIMARY
TRD000419,161.43971,-0.9741342,STAR,SDSS_DR18_SPECTROSCOPY,ZWARNING_0_SCIENCEPRIMARY
TRD000420,161.32408,-0.30936475,STAR,SDSS_DR18_SPECTROSCOPY,ZWARNING_0_SCIENCEPRIMARY
TRD000421,161.30324,-0.092310023,STAR,SDSS_DR18_SPECTROSCOPY,ZWARNING_0_SCIENCEPRIMARY
TRD000422,160.86426,-0.98028289,STAR,SDSS_DR18_SPECTROSCOPY,ZWARNING_0_SCIENCEPRIMARY
TRD000423,160.99532,-0.47853899,STAR,SDSS_DR18_SPECTROSCOPY,ZWARNING_0_SCIENCEPRIMARY
TRD000424,160.71367,0.072842565,STAR,SDSS_DR18_SPECTROSCOPY,ZWARNING_0_SCIENCEPRIMARY
TRD000425,160.29026,-0.75533448,STAR,SDSS_DR18_SPECTROSCOPY,ZWARNING_0_SCIENCEPRIMARY
TRD000426,160.58211,-0.14014307,STAR,SDSS_DR18_SPECTROSCOPY,ZWARNING_0_SCIENCEPRIMARY
TRD000427,160.59926,1.0356062,STAR,SDSS_DR18_SPECTROSCOPY,ZWARNING_0_SCIENCEPRIMARY
TRD000428,160.8353,1.0776131,STAR,SDSS_DR18_SPECTROSCOPY,ZWARNING_0_SCIENCEPRIMARY
TRD000429,160.21413,0.2686448,STAR,SDSS_DR18_SPECTROSCOPY,ZWARNING_0_SCIENCEPRIMARY
TRD000430,160.91454,1.0762572,STAR,SDSS_DR18_SPECTROSCOPY,ZWARNING_0_SCIENCEPRIMARY
TRD000431,160.48149,0.58896729,STAR,SDSS_DR18_SPECTROSCOPY,ZWARNING_0_SCIENCEPRIMARY
TRD000432,160.83969,0.22381158,STAR,SDSS_DR18_SPECTROSCOPY,ZWARNING_0_SCIENCEPRIMARY
TRD000433,161.04519,0.87661692,STAR,SDSS_DR18_SPECTROSCOPY,ZWARNING_0_SCIENCEPRIMARY
TRD000434,161.31435,0.25713116,STAR,SDSS_DR18_SPECTROSCOPY,ZWARNING_0_SCIENCEPRIMARY
TRD000435,161.61253,0.30634278,STAR,SDSS_DR18_SPECTROSCOPY,ZWARNING_0_SCIENCEPRIMARY
TRD000436,161.51924,0.60491603,STAR,SDSS_DR18_SPECTROSCOPY,ZWARNING_0_SCIENCEPRIMARY
TRD000437,161.62239,0.49131168,STAR,SDSS_DR18_SPECTROSCOPY,ZWARNING_0_SCIENCEPRIMARY
TRD000438,161.7576,0.52245694,STAR,SDSS_DR18_SPECTROSCOPY,ZWARNING_0_SCIENCEPRIMARY
TRD000439,161.77676,0.86222623,STAR,SDSS_DR18_SPECTROSCOPY,ZWARNING_0_SCIENCEPRIMARY
TRD000440,161.8289,1.2361111,STAR,SDSS_DR18_SPECTROSCOPY,ZWARNING_0_SCIENCEPRIMARY
TRD000441,161.62831,1.0778518,STAR,SDSS_DR18_SPECTROSCOPY,ZWARNING_0_SCIENCEPRIMARY
TRD000442,162.0881,0.84392736,STAR,SDSS_DR18_SPECTROSCOPY,ZWARNING_0_SCIENCEPRIMARY
TRD000443,162.13094,0.32272741,STAR,SDSS_DR18_SPECTROSCOPY,ZWARNING_0_SCIENCEPRIMARY
TRD000444,162.17848,1.1995777,STAR,SDSS_DR18_SPECTROSCOPY,ZWARNING_0_SCIENCEPRIMARY
TRD000445,162.65471,0.37841672,STAR,SDSS_DR18_SPECTROSCOPY,ZWARNING_0_SCIENCEPRIMARY
TRD000446,164.10519,-0.98670102,STAR,SDSS_DR18_SPECTROSCOPY,ZWARNING_0_SCIENCEPRIMARY
TRD000447,164.17259,-0.72597182,STAR,SDSS_DR18_SPECTROSCOPY,ZWARNING_0_SCIENCEPRIMARY
TRD000448,164.38551,-0.11758569,STAR,SDSS_DR18_SPECTROSCOPY,ZWARNING_0_SCIENCEPRIMARY
TRD000449,164.40165,-0.29609692,STAR,SDSS_DR18_SPECTROSCOPY,ZWARNING_0_SCIENCEPRIMARY
TRD000450,163.88732,-0.77180398,STAR,SDSS_DR18_SPECTROSCOPY,ZWARNING_0_SCIENCEPRIMARY
TRD000451,163.95283,-0.77088245,STAR,SDSS_DR18_SPECTROSCOPY,ZWARNING_0_SCIENCEPRIMARY
TRD000452,163.86121,-0.84138528,STAR,SDSS_DR18_SPECTROSCOPY,ZWARNING_0_SCIENCEPRIMARY
TRD000453,164.05133,-0.10601633,STAR,SDSS_DR18_SPECTROSCOPY,ZWARNING_0_SCIENCEPRIMARY
TRD000454,163.59294,-0.90622619,STAR,SDSS_DR18_SPECTROSCOPY,ZWARNING_0_SCIENCEPRIMARY
TRD000455,163.52396,-1.192494,STAR,SDSS_DR18_SPECTROSCOPY,ZWARNING_0_SCIENCEPRIMARY
TRD000456,163.80513,-0.57217542,STAR,SDSS_DR18_SPECTROSCOPY,ZWARNING_0_SCIENCEPRIMARY
TRD000457,163.7131,-0.46996523,STAR,SDSS_DR18_SPECTROSCOPY,ZWARNING_0_SCIENCEPRIMARY
TRD000458,163.75158,-0.13615648,STAR,SDSS_DR18_SPECTROSCOPY,ZWARNING_0_SCIENCEPRIMARY
TRD000459,163.26918,-1.137142,STAR,SDSS_DR18_SPECTROSCOPY,ZWARNING_0_SCIENCEPRIMARY
TRD000460,163.48437,-0.19239848,STAR,SDSS_DR18_SPECTROSCOPY,ZWARNING_0_SCIENCEPRIMARY
TRD000461,163.27656,-0.34693483,STAR,SDSS_DR18_SPECTROSCOPY,ZWARNING_0_SCIENCEPRIMARY
TRD000462,163.19587,-0.17149766,STAR,SDSS_DR18_SPECTROSCOPY,ZWARNING_0_SCIENCEPRIMARY
TRD000463,163.05513,-1.0785515,STAR,SDSS_DR18_SPECTROSCOPY,ZWARNING_0_SCIENCEPRIMARY
TRD000464,163.07272,-1.1024443,STAR,SDSS_DR18_SPECTROSCOPY,ZWARNING_0_SCIENCEPRIMARY
TRD000465,163.02936,-1.1754112,STAR,SDSS_DR18_SPECTROSCOPY,ZWARNING_0_SCIENCEPRIMARY
TRD000466,163.1627,-0.94347255,STAR,SDSS_DR18_SPECTROSCOPY,ZWARNING_0_SCIENCEPRIMARY
TRD000467,162.90778,-0.49890247,STAR,SDSS_DR18_SPECTROSCOPY,ZWARNING_0_SCIENCEPRIMARY
TRD000468,162.68729,-0.79122453,STAR,SDSS_DR18_SPECTROSCOPY,ZWARNING_0_SCIENCEPRIMARY
TRD000469,162.40941,0.87976137,STAR,SDSS_DR18_SPECTROSCOPY,ZWARNING_0_SCIENCEPRIMARY
TRD000470,162.67467,0.88554138,STAR,SDSS_DR18_SPECTROSCOPY,ZWARNING_0_SCIENCEPRIMARY
TRD000471,163.02668,0.90937862,STAR,SDSS_DR18_SPECTROSCOPY,ZWARNING_0_SCIENCEPRIMARY
TRD000472,162.99228,0.88793376,STAR,SDSS_DR18_SPECTROSCOPY,ZWARNING_0_SCIENCEPRIMARY
TRD000473,162.97825,0.86590657,STAR,SDSS_DR18_SPECTROSCOPY,ZWARNING_0_SCIENCEPRIMARY
TRD000474,163.05526,0.91958472,STAR,SDSS_DR18_SPECTROSCOPY,ZWARNING_0_SCIENCEPRIMARY
TRD000475,162.86271,1.1521278,STAR,SDSS_DR18_SPECTROSCOPY,ZWARNING_0_SCIENCEPRIMARY
TRD000476,163.06089,0.97112309,STAR,SDSS_DR18_SPECTROSCOPY,ZWARNING_0_SCIENCEPRIMARY
TRD000477,163.01556,0.97625529,STAR,SDSS_DR18_SPECTROSCOPY,ZWARNING_0_SCIENCEPRIMARY
TRD000478,163.05637,0.95054406,STAR,SDSS_DR18_SPECTROSCOPY,ZWARNING_0_SCIENCEPRIMARY
TRD000479,163.06506,1.0703926,STAR,SDSS_DR18_SPECTROSCOPY,ZWARNING_0_SCIENCEPRIMARY
TRD000480,163.19063,1.2282466,STAR,SDSS_DR18_SPECTROSCOPY,ZWARNING_0_SCIENCEPRIMARY
TRD000481,163.08279,0.83971466,STAR,SDSS_DR18_SPECTROSCOPY,ZWARNING_0_SCIENCEPRIMARY
TRD000482,163.0932,0.96880015,STAR,SDSS_DR18_SPECTROSCOPY,ZWARNING_0_SCIENCEPRIMARY
TRD000483,163.36648,0.87176665,STAR,SDSS_DR18_SPECTROSCOPY,ZWARNING_0_SCIENCEPRIMARY
TRD000484,163.08937,0.85806642,STAR,SDSS_DR18_SPECTROSCOPY,ZWARNING_0_SCIENCEPRIMARY
TRD000485,163.08935,0.94213278,STAR,SDSS_DR18_SPECTROSCOPY,ZWARNING_0_SCIENCEPRIMARY
TRD000486,163.10556,0.86815031,STAR,SDSS_DR18_SPECTROSCOPY,ZWARNING_0_SCIENCEPRIMARY
TRD000487,163.00934,0.54048627,STAR,SDSS_DR18_SPECTROSCOPY,ZWARNING_0_SCIENCEPRIMARY
TRD000488,163.26171,0.29368876,STAR,SDSS_DR18_SPECTROSCOPY,ZWARNING_0_SCIENCEPRIMARY
TRD000489,163.5229,0.058820917,STAR,SDSS_DR18_SPECTROSCOPY,ZWARNING_0_SCIENCEPRIMARY
TRD000490,163.45646,0.72958611,STAR,SDSS_DR18_SPECTROSCOPY,ZWARNING_0_SCIENCEPRIMARY
TRD000491,164.02345,0.85701494,STAR,SDSS_DR18_SPECTROSCOPY,ZWARNING_0_SCIENCEPRIMARY
TRD000492,163.96554,1.0204259,STAR,SDSS_DR18_SPECTROSCOPY,ZWARNING_0_SCIENCEPRIMARY
TRD000493,163.8697,1.0867901,STAR,SDSS_DR18_SPECTROSCOPY,ZWARNING_0_SCIENCEPRIMARY
TRD000494,164.36843,0.55558857,STAR,SDSS_DR18_SPECTROSCOPY,ZWARNING_0_SCIENCEPRIMARY
TRD000495,164.42736,0.32510967,STAR,SDSS_DR18_SPECTROSCOPY,ZWARNING_0_SCIENCEPRIMARY
TRD000496,164.36589,0.35519549,STAR,SDSS_DR18_SPECTROSCOPY,ZWARNING_0_SCIENCEPRIMARY
TRD000497,164.46828,0.22398423,STAR,SDSS_DR18_SPECTROSCOPY,ZWARNING_0_SCIENCEPRIMARY
TRD000498,164.3792,0.77828294,STAR,SDSS_DR18_SPECTROSCOPY,ZWARNING_0_SCIENCEPRIMARY
TRD000499,164.41576,0.75764454,STAR,SDSS_DR18_SPECTROSCOPY,ZWARNING_0_SCIENCEPRIMARY
TRD000500,164.74916,0.40929658,STAR,SDSS_DR18_SPECTROSCOPY,ZWARNING_0_SCIENCEPRIMARY
TRD000501,166.1899,-1.0302826,STAR,SDSS_DR18_SPECTROSCOPY,ZWARNING_0_SCIENCEPRIMARY
TRD000502,165.97221,-1.2120107,STAR,SDSS_DR18_SPECTROSCOPY,ZWARNING_0_SCIENCEPRIMARY
TRD000503,166.19465,-1.0734164,STAR,SDSS_DR18_SPECTROSCOPY,ZWARNING_0_SCIENCEPRIMARY
TRD000504,166.65299,-0.1895481,STAR,SDSS_DR18_SPECTROSCOPY,ZWARNING_0_SCIENCEPRIMARY
TRD000505,165.70658,-1.1220208,STAR,SDSS_DR18_SPECTROSCOPY,ZWARNING_0_SCIENCEPRIMARY
TRD000506,166.08348,-0.60783666,STAR,SDSS_DR18_SPECTROSCOPY,ZWARNING_0_SCIENCEPRIMARY
TRD000507,166.29229,-0.29198888,STAR,SDSS_DR18_SPECTROSCOPY,ZWARNING_0_SCIENCEPRIMARY
TRD000508,166.04396,-0.64859044,STAR,SDSS_DR18_SPECTROSCOPY,ZWARNING_0_SCIENCEPRIMARY
TRD000509,165.50963,-0.80991027,STAR,SDSS_DR18_SPECTROSCOPY,ZWARNING_0_SCIENCEPRIMARY
TRD000510,165.49326,-0.90728755,STAR,SDSS_DR18_SPECTROSCOPY,ZWARNING_0_SCIENCEPRIMARY
TRD000511,165.30323,-0.9570523,STAR,SDSS_DR18_SPECTROSCOPY,ZWARNING_0_SCIENCEPRIMARY
TRD000512,165.72502,-0.5707671,STAR,SDSS_DR18_SPECTROSCOPY,ZWARNING_0_SCIENCEPRIMARY
TRD000513,165.78237,-0.045366985,STAR,SDSS_DR18_SPECTROSCOPY,ZWARNING_0_SCIENCEPRIMARY
TRD000514,165.81359,-0.65640289,STAR,SDSS_DR18_SPECTROSCOPY,ZWARNING_0_SCIENCEPRIMARY
TRD000515,165.62385,-0.55661559,STAR,SDSS_DR18_SPECTROSCOPY,ZWARNING_0_SCIENCEPRIMARY
TRD000516,165.37722,-0.52798743,STAR,SDSS_DR18_SPECTROSCOPY,ZWARNING_0_SCIENCEPRIMARY
TRD000517,165.51308,-0.66084446,STAR,SDSS_DR18_SPECTROSCOPY,ZWARNING_0_SCIENCEPRIMARY
TRD000518,165.09176,-1.1002128,STAR,SDSS_DR18_SPECTROSCOPY,ZWARNING_0_SCIENCEPRIMARY
TRD000519,165.14383,-1.1558327,STAR,SDSS_DR18_SPECTROSCOPY,ZWARNING_0_SCIENCEPRIMARY
TRD000520,165.25928,-0.092776727,STAR,SDSS_DR18_SPECTROSCOPY,ZWARNING_0_SCIENCEPRIMARY
TRD000521,165.19289,-0.63638646,STAR,SDSS_DR18_SPECTROSCOPY,ZWARNING_0_SCIENCEPRIMARY
TRD000522,164.8607,-1.0719424,STAR,SDSS_DR18_SPECTROSCOPY,ZWARNING_0_SCIENCEPRIMARY
TRD000523,164.99074,-1.1628828,STAR,SDSS_DR18_SPECTROSCOPY,ZWARNING_0_SCIENCEPRIMARY
TRD000524,164.91413,-0.81000856,STAR,SDSS_DR18_SPECTROSCOPY,ZWARNING_0_SCIENCEPRIMARY
TRD000525,164.66699,-0.084146857,STAR,SDSS_DR18_SPECTROSCOPY,ZWARNING_0_SCIENCEPRIMARY
TRD000526,164.88118,-0.39585736,STAR,SDSS_DR18_SPECTROSCOPY,ZWARNING_0_SCIENCEPRIMARY
TRD000527,164.74341,-0.60596878,STAR,SDSS_DR18_SPECTROSCOPY,ZWARNING_0_SCIENCEPRIMARY
TRD000528,164.2525,-1.0926065,STAR,SDSS_DR18_SPECTROSCOPY,ZWARNING_0_SCIENCEPRIMARY
TRD000529,164.0138,-0.57187823,STAR,SDSS_DR18_SPECTROSCOPY,ZWARNING_0_SCIENCEPRIMARY
TRD000530,164.44781,-0.13269439,STAR,SDSS_DR18_SPECTROSCOPY,ZWARNING_0_SCIENCEPRIMARY
TRD000531,164.41831,-0.78338225,STAR,SDSS_DR18_SPECTROSCOPY,ZWARNING_0_SCIENCEPRIMARY
TRD000532,163.98245,-0.40251167,STAR,SDSS_DR18_SPECTROSCOPY,ZWARNING_0_SCIENCEPRIMARY
TRD000533,163.85487,-0.46702722,STAR,SDSS_DR18_SPECTROSCOPY,ZWARNING_0_SCIENCEPRIMARY
TRD000534,164.16242,-0.65293949,STAR,SDSS_DR18_SPECTROSCOPY,ZWARNING_0_SCIENCEPRIMARY
TRD000535,164.28628,-0.4748282,STAR,SDSS_DR18_SPECTROSCOPY,ZWARNING_0_SCIENCEPRIMARY
TRD000536,164.25915,-0.25863739,STAR,SDSS_DR18_SPECTROSCOPY,ZWARNING_0_SCIENCEPRIMARY
TRD000537,164.16477,-0.38891502,STAR,SDSS_DR18_SPECTROSCOPY,ZWARNING_0_SCIENCEPRIMARY
TRD000538,164.0388,0.86127494,STAR,SDSS_DR18_SPECTROSCOPY,ZWARNING_0_SCIENCEPRIMARY
TRD000539,164.58128,1.1123557,STAR,SDSS_DR18_SPECTROSCOPY,ZWARNING_0_SCIENCEPRIMARY
TRD000540,164.10381,0.77061352,STAR,SDSS_DR18_SPECTROSCOPY,ZWARNING_0_SCIENCEPRIMARY
TRD000541,164.579,0.004881332,STAR,SDSS_DR18_SPECTROSCOPY,ZWARNING_0_SCIENCEPRIMARY
TRD000542,164.45638,0.64895465,STAR,SDSS_DR18_SPECTROSCOPY,ZWARNING_0_SCIENCEPRIMARY
TRD000543,164.24409,0.50453233,STAR,SDSS_DR18_SPECTROSCOPY,ZWARNING_0_SCIENCEPRIMARY
TRD000544,164.7233,0.93571595,STAR,SDSS_DR18_SPECTROSCOPY,ZWARNING_0_SCIENCEPRIMARY
TRD000545,164.76511,0.81544291,STAR,SDSS_DR18_SPECTROSCOPY,ZWARNING_0_SCIENCEPRIMARY
TRD000546,164.89422,1.1866871,STAR,SDSS_DR18_SPECTROSCOPY,ZWARNING_0_SCIENCEPRIMARY
TRD000547,165.02512,0.20898543,STAR,SDSS_DR18_SPECTROSCOPY,ZWARNING_0_SCIENCEPRIMARY
TRD000548,164.96048,0.36928038,STAR,SDSS_DR18_SPECTROSCOPY,ZWARNING_0_SCIENCEPRIMARY
TRD000549,165.03915,1.1923328,STAR,SDSS_DR18_SPECTROSCOPY,ZWARNING_0_SCIENCEPRIMARY
TRD000550,165.06524,1.1279296,STAR,SDSS_DR18_SPECTROSCOPY,ZWARNING_0_SCIENCEPRIMARY
TRD000551,165.24296,1.0220189,STAR,SDSS_DR18_SPECTROSCOPY,ZWARNING_0_SCIENCEPRIMARY
TRD000552,165.04448,1.0578606,STAR,SDSS_DR18_SPECTROSCOPY,ZWARNING_0_SCIENCEPRIMARY
TRD000553,165.25171,0.065200723,STAR,SDSS_DR18_SPECTROSCOPY,ZWARNING_0_SCIENCEPRIMARY
TRD000554,165.20951,0.67804567,STAR,SDSS_DR18_SPECTROSCOPY,ZWARNING_0_SCIENCEPRIMARY
TRD000555,165.17039,0.068199909,STAR,SDSS_DR18_SPECTROSCOPY,ZWARNING_0_SCIENCEPRIMARY
TRD000556,165.61328,1.258538,STAR,SDSS_DR18_SPECTROSCOPY,ZWARNING_0_SCIENCEPRIMARY
TRD000557,165.51972,0.81376818,STAR,SDSS_DR18_SPECTROSCOPY,ZWARNING_0_SCIENCEPRIMARY
TRD000558,165.49971,0.88996711,STAR,SDSS_DR18_SPECTROSCOPY,ZWARNING_0_SCIENCEPRIMARY
TRD000559,165.34665,0.26976511,STAR,SDSS_DR18_SPECTROSCOPY,ZWARNING_0_SCIENCEPRIMARY
TRD000560,165.29378,0.45909773,STAR,SDSS_DR18_SPECTROSCOPY,ZWARNING_0_SCIENCEPRIMARY
TRD000561,165.6997,0.51099629,STAR,SDSS_DR18_SPECTROSCOPY,ZWARNING_0_SCIENCEPRIMARY
TRD000562,165.86131,0.62383406,STAR,SDSS_DR18_SPECTROSCOPY,ZWARNING_0_SCIENCEPRIMARY
TRD000563,165.88354,0.74490429,STAR,SDSS_DR18_SPECTROSCOPY,ZWARNING_0_SCIENCEPRIMARY
TRD000564,165.80682,1.0337909,STAR,SDSS_DR18_SPECTROSCOPY,ZWARNING_0_SCIENCEPRIMARY
TRD000565,165.78515,1.1523325,STAR,SDSS_DR18_SPECTROSCOPY,ZWARNING_0_SCIENCEPRIMARY
TRD000566,165.92198,1.1469392,STAR,SDSS_DR18_SPECTROSCOPY,ZWARNING_0_SCIENCEPRIMARY
TRD000567,165.67617,0.92483374,STAR,SDSS_DR18_SPECTROSCOPY,ZWARNING_0_SCIENCEPRIMARY
TRD000568,166.02874,0.53026056,STAR,SDSS_DR18_SPECTROSCOPY,ZWARNING_0_SCIENCEPRIMARY
TRD000569,166.06831,0.79103304,STAR,SDSS_DR18_SPECTROSCOPY,ZWARNING_0_SCIENCEPRIMARY
TRD000570,166.03409,0.75999086,STAR,SDSS_DR18_SPECTROSCOPY,ZWARNING_0_SCIENCEPRIMARY
TRD000571,166.23054,0.51746113,STAR,SDSS_DR18_SPECTROSCOPY,ZWARNING_0_SCIENCEPRIMARY
TRD000572,166.31383,0.27392367,STAR,SDSS_DR18_SPECTROSCOPY,ZWARNING_0_SCIENCEPRIMARY
TRD000573,166.23573,0.75475967,STAR,SDSS_DR18_SPECTROSCOPY,ZWARNING_0_SCIENCEPRIMARY
TRD000574,166.62,0.45916448,STAR,SDSS_DR18_SPECTROSCOPY,ZWARNING_0_SCIENCEPRIMARY
TRD000575,166.50669,0.33427956,STAR,SDSS_DR18_SPECTROSCOPY,ZWARNING_0_SCIENCEPRIMARY
TRD000576,168.43887,-0.2508339,STAR,SDSS_DR18_SPECTROSCOPY,ZWARNING_0_SCIENCEPRIMARY
TRD000577,168.40904,-0.14716533,STAR,SDSS_DR18_SPECTROSCOPY,ZWARNING_0_SCIENCEPRIMARY
TRD000578,168.35945,-0.33403868,STAR,SDSS_DR18_SPECTROSCOPY,ZWARNING_0_SCIENCEPRIMARY
TRD000579,167.50779,-0.77318665,STAR,SDSS_DR18_SPECTROSCOPY,ZWARNING_0_SCIENCEPRIMARY
TRD000580,167.06151,-1.2342049,STAR,SDSS_DR18_SPECTROSCOPY,ZWARNING_0_SCIENCEPRIMARY
TRD000581,166.86147,-0.75977726,STAR,SDSS_DR18_SPECTROSCOPY,ZWARNING_0_SCIENCEPRIMARY
TRD000582,166.94916,-0.93267004,STAR,SDSS_DR18_SPECTROSCOPY,ZWARNING_0_SCIENCEPRIMARY
TRD000583,167.16406,-0.084808076,STAR,SDSS_DR18_SPECTROSCOPY,ZWARNING_0_SCIENCEPRIMARY
TRD000584,166.61551,-1.0673817,STAR,SDSS_DR18_SPECTROSCOPY,ZWARNING_0_SCIENCEPRIMARY
TRD000585,166.63518,-0.87821729,STAR,SDSS_DR18_SPECTROSCOPY,ZWARNING_0_SCIENCEPRIMARY
TRD000586,166.98484,-0.079988802,STAR,SDSS_DR18_SPECTROSCOPY,ZWARNING_0_SCIENCEPRIMARY
TRD000587,166.83335,-0.17846498,STAR,SDSS_DR18_SPECTROSCOPY,ZWARNING_0_SCIENCEPRIMARY
TRD000588,166.06441,-0.39137228,STAR,SDSS_DR18_SPECTROSCOPY,ZWARNING_0_SCIENCEPRIMARY
TRD000589,166.20931,-0.16881158,STAR,SDSS_DR18_SPECTROSCOPY,ZWARNING_0_SCIENCEPRIMARY
TRD000590,166.15428,1.187773,STAR,SDSS_DR18_SPECTROSCOPY,ZWARNING_0_SCIENCEPRIMARY
TRD000591,166.32892,0.89657108,STAR,SDSS_DR18_SPECTROSCOPY,ZWARNING_0_SCIENCEPRIMARY
TRD000592,166.09524,0.35578033,STAR,SDSS_DR18_SPECTROSCOPY,ZWARNING_0_SCIENCEPRIMARY
TRD000593,166.59748,1.2558195,STAR,SDSS_DR18_SPECTROSCOPY,ZWARNING_0_SCIENCEPRIMARY
TRD000594,166.96712,0.22640547,STAR,SDSS_DR18_SPECTROSCOPY,ZWARNING_0_SCIENCEPRIMARY
TRD000595,167.32649,0.93289126,STAR,SDSS_DR18_SPECTROSCOPY,ZWARNING_0_SCIENCEPRIMARY
TRD000596,167.4753,0.85963248,STAR,SDSS_DR18_SPECTROSCOPY,ZWARNING_0_SCIENCEPRIMARY
TRD000597,167.37209,0.69263756,STAR,SDSS_DR18_SPECTROSCOPY,ZWARNING_0_SCIENCEPRIMARY
TRD000598,167.54492,1.1257639,STAR,SDSS_DR18_SPECTROSCOPY,ZWARNING_0_SCIENCEPRIMARY
TRD000599,167.98707,0.56356979,STAR,SDSS_DR18_SPECTROSCOPY,ZWARNING_0_SCIENCEPRIMARY
TRD000600,168.16806,0.7343908,STAR,SDSS_DR18_SPECTROSCOPY,ZWARNING_0_SCIENCEPRIMARY
TRD000601,168.12557,0.50070854,STAR,SDSS_DR18_SPECTROSCOPY,ZWARNING_0_SCIENCEPRIMARY
TRD000602,168.07857,1.0167241,STAR,SDSS_DR18_SPECTROSCOPY,ZWARNING_0_SCIENCEPRIMARY
TRD000603,167.89151,1.2136421,STAR,SDSS_DR18_SPECTROSCOPY,ZWARNING_0_SCIENCEPRIMARY
TRD000604,168.32114,0.46252997,STAR,SDSS_DR18_SPECTROSCOPY,ZWARNING_0_SCIENCEPRIMARY
TRD000605,168.23612,0.40920721,STAR,SDSS_DR18_SPECTROSCOPY,ZWARNING_0_SCIENCEPRIMARY
TRD000606,168.29758,0.30225218,STAR,SDSS_DR18_SPECTROSCOPY,ZWARNING_0_SCIENCEPRIMARY
TRD000607,168.30172,0.28285562,STAR,SDSS_DR18_SPECTROSCOPY,ZWARNING_0_SCIENCEPRIMARY
TRD000608,169.68914,-0.75192341,STAR,SDSS_DR18_SPECTROSCOPY,ZWARNING_0_SCIENCEPRIMARY
TRD000609,169.89752,-0.52808332,STAR,SDSS_DR18_SPECTROSCOPY,ZWARNING_0_SCIENCEPRIMARY
TRD000610,169.8531,-0.60579332,STAR,SDSS_DR18_SPECTROSCOPY,ZWARNING_0_SCIENCEPRIMARY
TRD000611,169.08286,-0.77078348,STAR,SDSS_DR18_SPECTROSCOPY,ZWARNING_0_SCIENCEPRIMARY
TRD000612,169.7349,-0.45489764,STAR,SDSS_DR18_SPECTROSCOPY,ZWARNING_0_SCIENCEPRIMARY
TRD000613,169.55042,-0.12759279,STAR,SDSS_DR18_SPECTROSCOPY,ZWARNING_0_SCIENCEPRIMARY
TRD000614,169.00648,-1.1901338,STAR,SDSS_DR18_SPECTROSCOPY,ZWARNING_0_SCIENCEPRIMARY
TRD000615,169.08228,-0.93855461,STAR,SDSS_DR18_SPECTROSCOPY,ZWARNING_0_SCIENCEPRIMARY
TRD000616,169.25739,-0.30350281,STAR,SDSS_DR18_SPECTROSCOPY,ZWARNING_0_SCIENCEPRIMARY
TRD000617,168.92505,-0.98835722,STAR,SDSS_DR18_SPECTROSCOPY,ZWARNING_0_SCIENCEPRIMARY
TRD000618,168.61654,-0.33359594,STAR,SDSS_DR18_SPECTROSCOPY,ZWARNING_0_SCIENCEPRIMARY
TRD000619,168.25384,-1.173555,STAR,SDSS_DR18_SPECTROSCOPY,ZWARNING_0_SCIENCEPRIMARY
TRD000620,167.61959,-0.56207204,STAR,SDSS_DR18_SPECTROSCOPY,ZWARNING_0_SCIENCEPRIMARY
TRD000621,168.20643,-0.10004055,STAR,SDSS_DR18_SPECTROSCOPY,ZWARNING_0_SCIENCEPRIMARY
TRD000622,167.69799,0.9059306,STAR,SDSS_DR18_SPECTROSCOPY,ZWARNING_0_SCIENCEPRIMARY
TRD000623,167.88151,0.059997797,STAR,SDSS_DR18_SPECTROSCOPY,ZWARNING_0_SCIENCEPRIMARY
TRD000624,168.43207,0.96660221,STAR,SDSS_DR18_SPECTROSCOPY,ZWARNING_0_SCIENCEPRIMARY
TRD000625,168.64119,0.67894427,STAR,SDSS_DR18_SPECTROSCOPY,ZWARNING_0_SCIENCEPRIMARY
TRD000626,168.49382,0.43146476,STAR,SDSS_DR18_SPECTROSCOPY,ZWARNING_0_SCIENCEPRIMARY
TRD000627,168.67419,0.71748125,STAR,SDSS_DR18_SPECTROSCOPY,ZWARNING_0_SCIENCEPRIMARY
TRD000628,168.78398,0.87377712,STAR,SDSS_DR18_SPECTROSCOPY,ZWARNING_0_SCIENCEPRIMARY
TRD000629,168.80143,0.88712548,STAR,SDSS_DR18_SPECTROSCOPY,ZWARNING_0_SCIENCEPRIMARY
TRD000630,168.68884,0.40941556,STAR,SDSS_DR18_SPECTROSCOPY,ZWARNING_0_SCIENCEPRIMARY
TRD000631,168.75632,0.25129906,STAR,SDSS_DR18_SPECTROSCOPY,ZWARNING_0_SCIENCEPRIMARY
TRD000632,168.90949,0.083418132,STAR,SDSS_DR18_SPECTROSCOPY,ZWARNING_0_SCIENCEPRIMARY
TRD000633,169.19109,0.049795219,STAR,SDSS_DR18_SPECTROSCOPY,ZWARNING_0_SCIENCEPRIMARY
TRD000634,169.42232,0.76697752,STAR,SDSS_DR18_SPECTROSCOPY,ZWARNING_0_SCIENCEPRIMARY
TRD000635,169.45894,0.7350324,STAR,SDSS_DR18_SPECTROSCOPY,ZWARNING_0_SCIENCEPRIMARY
TRD000636,169.4862,1.1164948,STAR,SDSS_DR18_SPECTROSCOPY,ZWARNING_0_SCIENCEPRIMARY
TRD000637,169.57116,1.0436795,STAR,SDSS_DR18_SPECTROSCOPY,ZWARNING_0_SCIENCEPRIMARY
TRD000638,169.56488,0.82072654,STAR,SDSS_DR18_SPECTROSCOPY,ZWARNING_0_SCIENCEPRIMARY
TRD000639,169.6491,0.74078053,STAR,SDSS_DR18_SPECTROSCOPY,ZWARNING_0_SCIENCEPRIMARY
TRD000640,169.96743,0.50275204,STAR,SDSS_DR18_SPECTROSCOPY,ZWARNING_0_SCIENCEPRIMARY
TRD000641,171.77441,0.027344183,STAR,SDSS_DR18_SPECTROSCOPY,ZWARNING_0_SCIENCEPRIMARY
TRD000642,171.79165,0.18904344,STAR,SDSS_DR18_SPECTROSCOPY,ZWARNING_0_SCIENCEPRIMARY
TRD000643,171.78892,0.020349801,STAR,SDSS_DR18_SPECTROSCOPY,ZWARNING_0_SCIENCEPRIMARY
TRD000644,171.52601,-0.11257032,STAR,SDSS_DR18_SPECTROSCOPY,ZWARNING_0_SCIENCEPRIMARY
TRD000645,171.35078,-0.19824979,STAR,SDSS_DR18_SPECTROSCOPY,ZWARNING_0_SCIENCEPRIMARY
TRD000646,170.57525,-0.95103305,STAR,SDSS_DR18_SPECTROSCOPY,ZWARNING_0_SCIENCEPRIMARY
TRD000647,170.88744,0.041361432,STAR,SDSS_DR18_SPECTROSCOPY,ZWARNING_0_SCIENCEPRIMARY
TRD000648,170.94816,0.071706374,STAR,SDSS_DR18_SPECTROSCOPY,ZWARNING_0_SCIENCEPRIMARY
TRD000649,170.8817,0.17554959,STAR,SDSS_DR18_SPECTROSCOPY,ZWARNING_0_SCIENCEPRIMARY
TRD000650,170.73487,0.10720915,STAR,SDSS_DR18_SPECTROSCOPY,ZWARNING_0_SCIENCEPRIMARY
TRD000651,170.25353,-1.1875409,STAR,SDSS_DR18_SPECTROSCOPY,ZWARNING_0_SCIENCEPRIMARY
TRD000652,170.19463,-1.1888464,STAR,SDSS_DR18_SPECTROSCOPY,ZWARNING_0_SCIENCEPRIMARY
TRD000653,170.16411,-1.0873652,STAR,SDSS_DR18_SPECTROSCOPY,ZWARNING_0_SCIENCEPRIMARY
TRD000654,170.09543,-0.34819161,STAR,SDSS_DR18_SPECTROSCOPY,ZWARNING_0_SCIENCEPRIMARY
TRD000655,170.0791,-1.1026356,STAR,SDSS_DR18_SPECTROSCOPY,ZWARNING_0_SCIENCEPRIMARY
TRD000656,170.01664,-0.38968843,STAR,SDSS_DR18_SPECTROSCOPY,ZWARNING_0_SCIENCEPRIMARY
TRD000657,170.13999,-0.57195085,STAR,SDSS_DR18_SPECTROSCOPY,ZWARNING_0_SCIENCEPRIMARY
TRD000658,169.60421,-0.28403918,STAR,SDSS_DR18_SPECTROSCOPY,ZWARNING_0_SCIENCEPRIMARY
TRD000659,169.572,-0.073210469,STAR,SDSS_DR18_SPECTROSCOPY,ZWARNING_0_SCIENCEPRIMARY
TRD000660,169.32264,0.11583779,STAR,SDSS_DR18_SPECTROSCOPY,ZWARNING_0_SCIENCEPRIMARY
TRD000661,168.97574,0.17651053,STAR,SDSS_DR18_SPECTROSCOPY,ZWARNING_0_SCIENCEPRIMARY
TRD000662,169.58433,0.5607814,STAR,SDSS_DR18_SPECTROSCOPY,ZWARNING_0_SCIENCEPRIMARY
TRD000663,169.57639,0.62283685,STAR,SDSS_DR18_SPECTROSCOPY,ZWARNING_0_SCIENCEPRIMARY
TRD000664,169.92548,0.59355104,STAR,SDSS_DR18_SPECTROSCOPY,ZWARNING_0_SCIENCEPRIMARY
TRD000665,170.22302,0.33303371,STAR,SDSS_DR18_SPECTROSCOPY,ZWARNING_0_SCIENCEPRIMARY
TRD000666,170.33745,0.30638818,STAR,SDSS_DR18_SPECTROSCOPY,ZWARNING_0_SCIENCEPRIMARY
TRD000667,170.53677,0.54368451,STAR,SDSS_DR18_SPECTROSCOPY,ZWARNING_0_SCIENCEPRIMARY
TRD000668,170.78068,0.5378143,STAR,SDSS_DR18_SPECTROSCOPY,ZWARNING_0_SCIENCEPRIMARY
TRD000669,170.84745,1.1111265,STAR,SDSS_DR18_SPECTROSCOPY,ZWARNING_0_SCIENCEPRIMARY
TRD000670,170.91817,1.2512873,STAR,SDSS_DR18_SPECTROSCOPY,ZWARNING_0_SCIENCEPRIMARY
TRD000671,171.49528,0.79092266,STAR,SDSS_DR18_SPECTROSCOPY,ZWARNING_0_SCIENCEPRIMARY
TRD000672,171.52158,0.47352314,STAR,SDSS_DR18_SPECTROSCOPY,ZWARNING_0_SCIENCEPRIMARY
TRD000673,171.54793,0.43177592,STAR,SDSS_DR18_SPECTROSCOPY,ZWARNING_0_SCIENCEPRIMARY
TRD000674,171.5269,0.40560159,STAR,SDSS_DR18_SPECTROSCOPY,ZWARNING_0_SCIENCEPRIMARY
TRD000675,171.43618,0.92657274,STAR,SDSS_DR18_SPECTROSCOPY,ZWARNING_0_SCIENCEPRIMARY
TRD000676,171.90559,0.43309777,STAR,SDSS_DR18_SPECTROSCOPY,ZWARNING_0_SCIENCEPRIMARY
TRD000677,172.5948,-1.1552804,STAR,SDSS_DR18_SPECTROSCOPY,ZWARNING_0_SCIENCEPRIMARY
TRD000678,172.59188,-1.1835342,STAR,SDSS_DR18_SPECTROSCOPY,ZWARNING_0_SCIENCEPRIMARY
TRD000679,173.24309,-0.42928649,STAR,SDSS_DR18_SPECTROSCOPY,ZWARNING_0_SCIENCEPRIMARY
TRD000680,172.39546,-1.0643409,STAR,SDSS_DR18_SPECTROSCOPY,ZWARNING_0_SCIENCEPRIMARY
TRD000681,172.54121,-1.2155375,STAR,SDSS_DR18_SPECTROSCOPY,ZWARNING_0_SCIENCEPRIMARY
TRD000682,172.49475,-0.77454823,STAR,SDSS_DR18_SPECTROSCOPY,ZWARNING_0_SCIENCEPRIMARY
TRD000683,172.56137,-1.0799353,STAR,SDSS_DR18_SPECTROSCOPY,ZWARNING_0_SCIENCEPRIMARY
TRD000684,172.52646,-0.31484275,STAR,SDSS_DR18_SPECTROSCOPY,ZWARNING_0_SCIENCEPRIMARY
TRD000685,172.8717,0.032929037,STAR,SDSS_DR18_SPECTROSCOPY,ZWARNING_0_SCIENCEPRIMARY
TRD000686,172.38265,-1.250545,STAR,SDSS_DR18_SPECTROSCOPY,ZWARNING_0_SCIENCEPRIMARY
TRD000687,172.34135,-1.1804616,STAR,SDSS_DR18_SPECTROSCOPY,ZWARNING_0_SCIENCEPRIMARY
TRD000688,172.11312,-1.1925424,STAR,SDSS_DR18_SPECTROSCOPY,ZWARNING_0_SCIENCEPRIMARY
TRD000689,172.34377,-0.82771106,STAR,SDSS_DR18_SPECTROSCOPY,ZWARNING_0_SCIENCEPRIMARY
TRD000690,172.26173,0.1666303,STAR,SDSS_DR18_SPECTROSCOPY,ZWARNING_0_SCIENCEPRIMARY
TRD000691,172.03521,-1.1576206,STAR,SDSS_DR18_SPECTROSCOPY,ZWARNING_0_SCIENCEPRIMARY
TRD000692,172.02894,-1.2085236,STAR,SDSS_DR18_SPECTROSCOPY,ZWARNING_0_SCIENCEPRIMARY
TRD000693,172.02028,-1.0803169,STAR,SDSS_DR18_SPECTROSCOPY,ZWARNING_0_SCIENCEPRIMARY
TRD000694,171.97429,-0.86096592,STAR,SDSS_DR18_SPECTROSCOPY,ZWARNING_0_SCIENCEPRIMARY
TRD000695,172.04232,-1.0690492,STAR,SDSS_DR18_SPECTROSCOPY,ZWARNING_0_SCIENCEPRIMARY
TRD000696,171.93665,-0.091965804,STAR,SDSS_DR18_SPECTROSCOPY,ZWARNING_0_SCIENCEPRIMARY
TRD000697,171.96396,-0.21299017,STAR,SDSS_DR18_SPECTROSCOPY,ZWARNING_0_SCIENCEPRIMARY
TRD000698,171.63854,-0.57501929,STAR,SDSS_DR18_SPECTROSCOPY,ZWARNING_0_SCIENCEPRIMARY
TRD000699,171.79937,-1.1945596,STAR,SDSS_DR18_SPECTROSCOPY,ZWARNING_0_SCIENCEPRIMARY
TRD000700,171.73491,-1.2490318,STAR,SDSS_DR18_SPECTROSCOPY,ZWARNING_0_SCIENCEPRIMARY
TRD000701,171.8128,-1.1196716,STAR,SDSS_DR18_SPECTROSCOPY,ZWARNING_0_SCIENCEPRIMARY
TRD000702,171.17583,-0.5154138,STAR,SDSS_DR18_SPECTROSCOPY,ZWARNING_0_SCIENCEPRIMARY
TRD000703,171.50617,-1.2295745,STAR,SDSS_DR18_SPECTROSCOPY,ZWARNING_0_SCIENCEPRIMARY
TRD000704,171.68775,-1.0511533,STAR,SDSS_DR18_SPECTROSCOPY,ZWARNING_0_SCIENCEPRIMARY
TRD000705,171.49475,-1.0968965,STAR,SDSS_DR18_SPECTROSCOPY,ZWARNING_0_SCIENCEPRIMARY
TRD000706,171.70768,-1.0670499,STAR,SDSS_DR18_SPECTROSCOPY,ZWARNING_0_SCIENCEPRIMARY
TRD000707,171.49911,-1.0595897,STAR,SDSS_DR18_SPECTROSCOPY,ZWARNING_0_SCIENCEPRIMARY
TRD000708,171.02878,0.048559825,STAR,SDSS_DR18_SPECTROSCOPY,ZWARNING_0_SCIENCEPRIMARY
TRD000709,170.84406,0.020635901,STAR,SDSS_DR18_SPECTROSCOPY,ZWARNING_0_SCIENCEPRIMARY
TRD000710,171.02171,0.11774472,STAR,SDSS_DR18_SPECTROSCOPY,ZWARNING_0_SCIENCEPRIMARY
TRD000711,170.9211,0.16004499,STAR,SDSS_DR18_SPECTROSCOPY,ZWARNING_0_SCIENCEPRIMARY
TRD000712,171.00971,0.072839667,STAR,SDSS_DR18_SPECTROSCOPY,ZWARNING_0_SCIENCEPRIMARY
TRD000713,171.01498,0.16828506,STAR,SDSS_DR18_SPECTROSCOPY,ZWARNING_0_SCIENCEPRIMARY
TRD000714,170.90776,0.047724451,STAR,SDSS_DR18_SPECTROSCOPY,ZWARNING_0_SCIENCEPRIMARY
TRD000715,171.50009,-1.2084499,STAR,SDSS_DR18_SPECTROSCOPY,ZWARNING_0_SCIENCEPRIMARY
TRD000716,171.0263,-1.0866676,STAR,SDSS_DR18_SPECTROSCOPY,ZWARNING_0_SCIENCEPRIMARY
TRD000717,171.01424,-1.0545253,STAR,SDSS_DR18_SPECTROSCOPY,ZWARNING_0_SCIENCEPRIMARY
TRD000718,170.76914,-0.78394159,STAR,SDSS_DR18_SPECTROSCOPY,ZWARNING_0_SCIENCEPRIMARY
TRD000719,170.99728,-1.0677514,STAR,SDSS_DR18_SPECTROSCOPY,ZWARNING_0_SCIENCEPRIMARY
TRD000720,170.77441,9.4959898e-05,STAR,SDSS_DR18_SPECTROSCOPY,ZWARNING_0_SCIENCEPRIMARY
TRD000721,170.55057,-0.15113874,STAR,SDSS_DR18_SPECTROSCOPY,ZWARNING_0_SCIENCEPRIMARY
TRD000722,170.96243,1.1609564,STAR,SDSS_DR18_SPECTROSCOPY,ZWARNING_0_SCIENCEPRIMARY
TRD000723,171.17426,0.88007387,STAR,SDSS_DR18_SPECTROSCOPY,ZWARNING_0_SCIENCEPRIMARY
TRD000724,171.27968,0.78453323,STAR,SDSS_DR18_SPECTROSCOPY,ZWARNING_0_SCIENCEPRIMARY
TRD000725,170.86576,0.2048237,STAR,SDSS_DR18_SPECTROSCOPY,ZWARNING_0_SCIENCEPRIMARY
TRD000726,170.96708,0.57459892,STAR,SDSS_DR18_SPECTROSCOPY,ZWARNING_0_SCIENCEPRIMARY
TRD000727,171.26866,1.1227895,STAR,SDSS_DR18_SPECTROSCOPY,ZWARNING_0_SCIENCEPRIMARY
TRD000728,171.59949,1.1491373,STAR,SDSS_DR18_SPECTROSCOPY,ZWARNING_0_SCIENCEPRIMARY
TRD000729,171.78892,1.1211223,STAR,SDSS_DR18_SPECTROSCOPY,ZWARNING_0_SCIENCEPRIMARY
TRD000730,171.76739,1.0764878,STAR,SDSS_DR18_SPECTROSCOPY,ZWARNING_0_SCIENCEPRIMARY
TRD000731,171.5802,1.0332401,STAR,SDSS_DR18_SPECTROSCOPY,ZWARNING_0_SCIENCEPRIMARY
TRD000732,171.81404,0.75256057,STAR,SDSS_DR18_SPECTROSCOPY,ZWARNING_0_SCIENCEPRIMARY
TRD000733,171.50569,0.47609282,STAR,SDSS_DR18_SPECTROSCOPY,ZWARNING_0_SCIENCEPRIMARY
TRD000734,171.43171,0.43458994,STAR,SDSS_DR18_SPECTROSCOPY,ZWARNING_0_SCIENCEPRIMARY
TRD000735,171.30418,0.73515139,STAR,SDSS_DR18_SPECTROSCOPY,ZWARNING_0_SCIENCEPRIMARY
TRD000736,171.30829,0.7020817,STAR,SDSS_DR18_SPECTROSCOPY,ZWARNING_0_SCIENCEPRIMARY
TRD000737,172.18591,0.8503536,STAR,SDSS_DR18_SPECTROSCOPY,ZWARNING_0_SCIENCEPRIMARY
TRD000738,171.94967,1.1625744,STAR,SDSS_DR18_SPECTROSCOPY,ZWARNING_0_SCIENCEPRIMARY
TRD000739,171.86471,0.60161915,STAR,SDSS_DR18_SPECTROSCOPY,ZWARNING_0_SCIENCEPRIMARY
TRD000740,171.80675,0.62870568,STAR,SDSS_DR18_SPECTROSCOPY,ZWARNING_0_SCIENCEPRIMARY
TRD000741,171.91354,0.43857061,STAR,SDSS_DR18_SPECTROSCOPY,ZWARNING_0_SCIENCEPRIMARY
TRD000742,171.95096,0.42997787,STAR,SDSS_DR18_SPECTROSCOPY,ZWARNING_0_SCIENCEPRIMARY
TRD000743,171.80924,0.20440389,STAR,SDSS_DR18_SPECTROSCOPY,ZWARNING_0_SCIENCEPRIMARY
TRD000744,171.80071,0.2789693,STAR,SDSS_DR18_SPECTROSCOPY,ZWARNING_0_SCIENCEPRIMARY
TRD000745,171.78746,0.19609781,STAR,SDSS_DR18_SPECTROSCOPY,ZWARNING_0_SCIENCEPRIMARY
TRD000746,172.00698,0.67630125,STAR,SDSS_DR18_SPECTROSCOPY,ZWARNING_0_SCIENCEPRIMARY
TRD000747,172.18112,0.60917001,STAR,SDSS_DR18_SPECTROSCOPY,ZWARNING_0_SCIENCEPRIMARY
TRD000748,172.00142,0.52006893,STAR,SDSS_DR18_SPECTROSCOPY,ZWARNING_0_SCIENCEPRIMARY
TRD000749,172.48778,0.22373768,STAR,SDSS_DR18_SPECTROSCOPY,ZWARNING_0_SCIENCEPRIMARY
TRD000750,172.37086,0.43618325,STAR,SDSS_DR18_SPECTROSCOPY,ZWARNING_0_SCIENCEPRIMARY
TRD000751,172.51291,0.24626527,STAR,SDSS_DR18_SPECTROSCOPY,ZWARNING_0_SCIENCEPRIMARY
TRD000752,172.51428,0.8775628,STAR,SDSS_DR18_SPECTROSCOPY,ZWARNING_0_SCIENCEPRIMARY
TRD000753,172.82854,0.62263469,STAR,SDSS_DR18_SPECTROSCOPY,ZWARNING_0_SCIENCEPRIMARY
TRD000754,172.78912,0.44329154,STAR,SDSS_DR18_SPECTROSCOPY,ZWARNING_0_SCIENCEPRIMARY
TRD000755,172.75532,0.5098558,STAR,SDSS_DR18_SPECTROSCOPY,ZWARNING_0_SCIENCEPRIMARY
TRD000756,172.93435,0.52846302,STAR,SDSS_DR18_SPECTROSCOPY,ZWARNING_0_SCIENCEPRIMARY
TRD000757,172.91366,0.58277126,STAR,SDSS_DR18_SPECTROSCOPY,ZWARNING_0_SCIENCEPRIMARY
TRD000758,172.94618,0.47443807,STAR,SDSS_DR18_SPECTROSCOPY,ZWARNING_0_SCIENCEPRIMARY
TRD000759,173.03266,0.31002164,STAR,SDSS_DR18_SPECTROSCOPY,ZWARNING_0_SCIENCEPRIMARY
TRD000760,174.91526,-1.0606176,STAR,SDSS_DR18_SPECTROSCOPY,ZWARNING_0_SCIENCEPRIMARY
TRD000761,174.93012,-1.0520896,STAR,SDSS_DR18_SPECTROSCOPY,ZWARNING_0_SCIENCEPRIMARY
TRD000762,174.83142,-1.141468,STAR,SDSS_DR18_SPECTROSCOPY,ZWARNING_0_SCIENCEPRIMARY
TRD000763,175.0457,-0.77962795,STAR,SDSS_DR18_SPECTROSCOPY,ZWARNING_0_SCIENCEPRIMARY
TRD000764,175.20428,-0.31111777,STAR,SDSS_DR18_SPECTROSCOPY,ZWARNING_0_SCIENCEPRIMARY
TRD000765,174.48584,-0.85752316,STAR,SDSS_DR18_SPECTROSCOPY,ZWARNING_0_SCIENCEPRIMARY
TRD000766,174.51027,-0.95846583,STAR,SDSS_DR18_SPECTROSCOPY,ZWARNING_0_SCIENCEPRIMARY
TRD000767,174.65703,-0.93295187,STAR,SDSS_DR18_SPECTROSCOPY,ZWARNING_0_SCIENCEPRIMARY
TRD000768,174.71543,-0.79545938,STAR,SDSS_DR18_SPECTROSCOPY,ZWARNING_0_SCIENCEPRIMARY
TRD000769,174.6996,-0.25197506,STAR,SDSS_DR18_SPECTROSCOPY,ZWARNING_0_SCIENCEPRIMARY
TRD000770,174.80268,-0.2256127,STAR,SDSS_DR18_SPECTROSCOPY,ZWARNING_0_SCIENCEPRIMARY
TRD000771,174.82183,-0.45617343,STAR,SDSS_DR18_SPECTROSCOPY,ZWARNING_0_SCIENCEPRIMARY
TRD000772,174.16449,-0.95670241,STAR,SDSS_DR18_SPECTROSCOPY,ZWARNING_0_SCIENCEPRIMARY
TRD000773,174.50197,-0.74739454,STAR,SDSS_DR18_SPECTROSCOPY,ZWARNING_0_SCIENCEPRIMARY
TRD000774,174.66953,-0.59216771,STAR,SDSS_DR18_SPECTROSCOPY,ZWARNING_0_SCIENCEPRIMARY
TRD000775,174.65333,-0.084819668,STAR,SDSS_DR18_SPECTROSCOPY,ZWARNING_0_SCIENCEPRIMARY
TRD000776,173.81256,-1.2043947,STAR,SDSS_DR18_SPECTROSCOPY,ZWARNING_0_SCIENCEPRIMARY
TRD000777,173.81738,-1.1816578,STAR,SDSS_DR18_SPECTROSCOPY,ZWARNING_0_SCIENCEPRIMARY
TRD000778,173.93151,-1.091137,STAR,SDSS_DR18_SPECTROSCOPY,ZWARNING_0_SCIENCEPRIMARY
TRD000779,173.94602,-0.57552324,STAR,SDSS_DR18_SPECTROSCOPY,ZWARNING_0_SCIENCEPRIMARY
TRD000780,173.95561,-0.52061418,STAR,SDSS_DR18_SPECTROSCOPY,ZWARNING_0_SCIENCEPRIMARY
TRD000781,173.90419,-0.12331672,STAR,SDSS_DR18_SPECTROSCOPY,ZWARNING_0_SCIENCEPRIMARY
TRD000782,173.58293,-0.67197516,STAR,SDSS_DR18_SPECTROSCOPY,ZWARNING_0_SCIENCEPRIMARY
TRD000783,173.84423,-0.37241049,STAR,SDSS_DR18_SPECTROSCOPY,ZWARNING_0_SCIENCEPRIMARY
TRD000784,173.20078,-1.1322287,STAR,SDSS_DR18_SPECTROSCOPY,ZWARNING_0_SCIENCEPRIMARY
TRD000785,173.15919,-1.1551477,STAR,SDSS_DR18_SPECTROSCOPY,ZWARNING_0_SCIENCEPRIMARY
TRD000786,173.1132,-1.2156011,STAR,SDSS_DR18_SPECTROSCOPY,ZWARNING_0_SCIENCEPRIMARY
TRD000787,173.39853,-1.1702097,STAR,SDSS_DR18_SPECTROSCOPY,ZWARNING_0_SCIENCEPRIMARY
TRD000788,173.59092,-1.2380943,STAR,SDSS_DR18_SPECTROSCOPY,ZWARNING_0_SCIENCEPRIMARY
TRD000789,173.50069,-0.89760542,STAR,SDSS_DR18_SPECTROSCOPY,ZWARNING_0_SCIENCEPRIMARY
TRD000790,173.61697,-0.8694525,STAR,SDSS_DR18_SPECTROSCOPY,ZWARNING_0_SCIENCEPRIMARY
TRD000791,173.2089,-0.95087164,STAR,SDSS_DR18_SPECTROSCOPY,ZWARNING_0_SCIENCEPRIMARY
TRD000792,173.14452,-0.82362788,STAR,SDSS_DR18_SPECTROSCOPY,ZWARNING_0_SCIENCEPRIMARY
TRD000793,173.10879,-1.0903025,STAR,SDSS_DR18_SPECTROSCOPY,ZWARNING_0_SCIENCEPRIMARY
TRD000794,173.37426,-0.73901127,STAR,SDSS_DR18_SPECTROSCOPY,ZWARNING_0_SCIENCEPRIMARY
TRD000795,173.42125,-0.68105641,STAR,SDSS_DR18_SPECTROSCOPY,ZWARNING_0_SCIENCEPRIMARY
TRD000796,173.08665,-1.0578854,STAR,SDSS_DR18_SPECTROSCOPY,ZWARNING_0_SCIENCEPRIMARY
TRD000797,172.87041,-1.1426231,STAR,SDSS_DR18_SPECTROSCOPY,ZWARNING_0_SCIENCEPRIMARY
TRD000798,172.88792,-0.5742668,STAR,SDSS_DR18_SPECTROSCOPY,ZWARNING_0_SCIENCEPRIMARY
TRD000799,173.03588,-0.32948028,STAR,SDSS_DR18_SPECTROSCOPY,ZWARNING_0_SCIENCEPRIMARY
TRD000800,173.15199,-0.66374101,STAR,SDSS_DR18_SPECTROSCOPY,ZWARNING_0_SCIENCEPRIMARY
TRD000801,172.8307,-1.0887835,STAR,SDSS_DR18_SPECTROSCOPY,ZWARNING_0_SCIENCEPRIMARY
TRD000802,172.60964,-1.0540282,STAR,SDSS_DR18_SPECTROSCOPY,ZWARNING_0_SCIENCEPRIMARY
TRD000803,172.83532,-1.2292251,STAR,SDSS_DR18_SPECTROSCOPY,ZWARNING_0_SCIENCEPRIMARY
TRD000804,172.64645,-0.87380351,STAR,SDSS_DR18_SPECTROSCOPY,ZWARNING_0_SCIENCEPRIMARY
TRD000805,172.29197,-0.18633637,STAR,SDSS_DR18_SPECTROSCOPY,ZWARNING_0_SCIENCEPRIMARY
TRD000806,172.62783,-0.70646282,STAR,SDSS_DR18_SPECTROSCOPY,ZWARNING_0_SCIENCEPRIMARY
TRD000807,172.67663,0.75083149,STAR,SDSS_DR18_SPECTROSCOPY,ZWARNING_0_SCIENCEPRIMARY
TRD000808,173.12987,0.81955433,STAR,SDSS_DR18_SPECTROSCOPY,ZWARNING_0_SCIENCEPRIMARY
TRD000809,172.82224,0.89824098,STAR,SDSS_DR18_SPECTROSCOPY,ZWARNING_0_SCIENCEPRIMARY
TRD000810,172.52392,0.18549262,STAR,SDSS_DR18_SPECTROSCOPY,ZWARNING_0_SCIENCEPRIMARY
TRD000811,172.45991,0.5624712,STAR,SDSS_DR18_SPECTROSCOPY,ZWARNING_0_SCIENCEPRIMARY
TRD000812,172.56881,0.61298162,STAR,SDSS_DR18_SPECTROSCOPY,ZWARNING_0_SCIENCEPRIMARY
TRD000813,173.31841,1.1470076,STAR,SDSS_DR18_SPECTROSCOPY,ZWARNING_0_SCIENCEPRIMARY
TRD000814,173.29261,1.0007372,STAR,SDSS_DR18_SPECTROSCOPY,ZWARNING_0_SCIENCEPRIMARY
TRD000815,173.24583,1.0944889,STAR,SDSS_DR18_SPECTROSCOPY,ZWARNING_0_SCIENCEPRIMARY
TRD000816,173.14897,0.51127396,STAR,SDSS_DR18_SPECTROSCOPY,ZWARNING_0_SCIENCEPRIMARY
TRD000817,172.92504,0.57919565,STAR,SDSS_DR18_SPECTROSCOPY,ZWARNING_0_SCIENCEPRIMARY
TRD000818,172.94737,0.47123139,STAR,SDSS_DR18_SPECTROSCOPY,ZWARNING_0_SCIENCEPRIMARY
TRD000819,173.51119,1.1945699,STAR,SDSS_DR18_SPECTROSCOPY,ZWARNING_0_SCIENCEPRIMARY
TRD000820,173.47551,0.3126886,STAR,SDSS_DR18_SPECTROSCOPY,ZWARNING_0_SCIENCEPRIMARY
TRD000821,173.4954,0.52766669,STAR,SDSS_DR18_SPECTROSCOPY,ZWARNING_0_SCIENCEPRIMARY
TRD000822,173.47262,0.33169712,STAR,SDSS_DR18_SPECTROSCOPY,ZWARNING_0_SCIENCEPRIMARY
TRD000823,173.58027,1.2051149,STAR,SDSS_DR18_SPECTROSCOPY,ZWARNING_0_SCIENCEPRIMARY
TRD000824,173.77292,0.20680165,STAR,SDSS_DR18_SPECTROSCOPY,ZWARNING_0_SCIENCEPRIMARY
TRD000825,173.87392,0.21922334,STAR,SDSS_DR18_SPECTROSCOPY,ZWARNING_0_SCIENCEPRIMARY
TRD000826,173.74778,0.41924311,STAR,SDSS_DR18_SPECTROSCOPY,ZWARNING_0_SCIENCEPRIMARY
TRD000827,173.74718,0.01036827,STAR,SDSS_DR18_SPECTROSCOPY,ZWARNING_0_SCIENCEPRIMARY
TRD000828,174.06086,0.20264713,STAR,SDSS_DR18_SPECTROSCOPY,ZWARNING_0_SCIENCEPRIMARY
TRD000829,174.20666,0.74128874,STAR,SDSS_DR18_SPECTROSCOPY,ZWARNING_0_SCIENCEPRIMARY
TRD000830,174.10948,1.0957829,STAR,SDSS_DR18_SPECTROSCOPY,ZWARNING_0_SCIENCEPRIMARY
TRD000831,173.86699,1.1468856,STAR,SDSS_DR18_SPECTROSCOPY,ZWARNING_0_SCIENCEPRIMARY
TRD000832,174.06205,0.8519236,STAR,SDSS_DR18_SPECTROSCOPY,ZWARNING_0_SCIENCEPRIMARY
TRD000833,173.95435,0.81503243,STAR,SDSS_DR18_SPECTROSCOPY,ZWARNING_0_SCIENCEPRIMARY
TRD000834,174.26362,0.40869948,STAR,SDSS_DR18_SPECTROSCOPY,ZWARNING_0_SCIENCEPRIMARY
TRD000835,174.37254,0.58274444,STAR,SDSS_DR18_SPECTROSCOPY,ZWARNING_0_SCIENCEPRIMARY
TRD000836,174.11789,0.39426315,STAR,SDSS_DR18_SPECTROSCOPY,ZWARNING_0_SCIENCEPRIMARY
TRD000837,174.45692,1.0065975,STAR,SDSS_DR18_SPECTROSCOPY,ZWARNING_0_SCIENCEPRIMARY
TRD000838,174.27013,1.2010059,STAR,SDSS_DR18_SPECTROSCOPY,ZWARNING_0_SCIENCEPRIMARY
TRD000839,174.69227,0.047637833,STAR,SDSS_DR18_SPECTROSCOPY,ZWARNING_0_SCIENCEPRIMARY
TRD000840,174.84198,0.01355064,STAR,SDSS_DR18_SPECTROSCOPY,ZWARNING_0_SCIENCEPRIMARY
TRD000841,174.60107,0.0095234523,STAR,SDSS_DR18_SPECTROSCOPY,ZWARNING_0_SCIENCEPRIMARY
TRD000842,174.46825,-0.0086883853,STAR,SDSS_DR18_SPECTROSCOPY,ZWARNING_0_SCIENCEPRIMARY
TRD000843,174.3634,-0.11760234,STAR,SDSS_DR18_SPECTROSCOPY,ZWARNING_0_SCIENCEPRIMARY
TRD000844,174.85758,0.78709324,STAR,SDSS_DR18_SPECTROSCOPY,ZWARNING_0_SCIENCEPRIMARY
TRD000845,174.59121,0.75230685,STAR,SDSS_DR18_SPECTROSCOPY,ZWARNING_0_SCIENCEPRIMARY
TRD000846,174.86565,0.65867211,STAR,SDSS_DR18_SPECTROSCOPY,ZWARNING_0_SCIENCEPRIMARY
TRD000847,174.63341,0.68364709,STAR,SDSS_DR18_SPECTROSCOPY,ZWARNING_0_SCIENCEPRIMARY
TRD000848,174.61938,0.78426497,STAR,SDSS_DR18_SPECTROSCOPY,ZWARNING_0_SCIENCEPRIMARY
TRD000849,174.55904,1.091183,STAR,SDSS_DR18_SPECTROSCOPY,ZWARNING_0_SCIENCEPRIMARY
TRD000850,175.05209,0.06236507,STAR,SDSS_DR18_SPECTROSCOPY,ZWARNING_0_SCIENCEPRIMARY
TRD000851,176.99295,-0.95638328,STAR,SDSS_DR18_SPECTROSCOPY,ZWARNING_0_SCIENCEPRIMARY
TRD000852,176.7642,-0.88209132,STAR,SDSS_DR18_SPECTROSCOPY,ZWARNING_0_SCIENCEPRIMARY
TRD000853,177.20929,-0.81333569,STAR,SDSS_DR18_SPECTROSCOPY,ZWARNING_0_SCIENCEPRIMARY
TRD000854,177.22731,-0.54613218,STAR,SDSS_DR18_SPECTROSCOPY,ZWARNING_0_SCIENCEPRIMARY
TRD000855,176.7329,-0.55441645,STAR,SDSS_DR18_SPECTROSCOPY,ZWARNING_0_SCIENCEPRIMARY
TRD000856,176.83503,-0.4015726,STAR,SDSS_DR18_SPECTROSCOPY,ZWARNING_0_SCIENCEPRIMARY
TRD000857,176.15038,-1.1645593,STAR,SDSS_DR18_SPECTROSCOPY,ZWARNING_0_SCIENCEPRIMARY
TRD000858,176.21405,-1.1747992,STAR,SDSS_DR18_SPECTROSCOPY,ZWARNING_0_SCIENCEPRIMARY
TRD000859,176.15392,-1.0875195,STAR,SDSS_DR18_SPECTROSCOPY,ZWARNING_0_SCIENCEPRIMARY
TRD000860,176.1532,-1.1182507,STAR,SDSS_DR18_SPECTROSCOPY,ZWARNING_0_SCIENCEPRIMARY
TRD000861,176.53637,-0.41087837,STAR,SDSS_DR18_SPECTROSCOPY,ZWARNING_0_SCIENCEPRIMARY
TRD000862,176.60193,-0.47301868,STAR,SDSS_DR18_SPECTROSCOPY,ZWARNING_0_SCIENCEPRIMARY
TRD000863,176.60182,-0.35698493,STAR,SDSS_DR18_SPECTROSCOPY,ZWARNING_0_SCIENCEPRIMARY
TRD000864,175.99974,-0.42444132,STAR,SDSS_DR18_SPECTROSCOPY,ZWARNING_0_SCIENCEPRIMARY
TRD000865,176.10267,-0.78296447,STAR,SDSS_DR18_SPECTROSCOPY,ZWARNING_0_SCIENCEPRIMARY
TRD000866,175.99808,-0.21177983,STAR,SDSS_DR18_SPECTROSCOPY,ZWARNING_0_SCIENCEPRIMARY
TRD000867,176.0862,-0.33273392,STAR,SDSS_DR18_SPECTROSCOPY,ZWARNING_0_SCIENCEPRIMARY
TRD000868,176.23663,-0.2396203,STAR,SDSS_DR18_SPECTROSCOPY,ZWARNING_0_SCIENCEPRIMARY
TRD000869,175.89499,-1.1896091,STAR,SDSS_DR18_SPECTROSCOPY,ZWARNING_0_SCIENCEPRIMARY
TRD000870,175.93159,-0.92997188,STAR,SDSS_DR18_SPECTROSCOPY,ZWARNING_0_SCIENCEPRIMARY
TRD000871,176.08862,-1.210483,STAR,SDSS_DR18_SPECTROSCOPY,ZWARNING_0_SCIENCEPRIMARY
TRD000872,176.07234,-0.87543594,STAR,SDSS_DR18_SPECTROSCOPY,ZWARNING_0_SCIENCEPRIMARY
TRD000873,175.82701,-0.38190932,STAR,SDSS_DR18_SPECTROSCOPY,ZWARNING_0_SCIENCEPRIMARY
TRD000874,175.60434,-1.0018549,STAR,SDSS_DR18_SPECTROSCOPY,ZWARNING_0_SCIENCEPRIMARY
TRD000875,174.87112,-0.53559139,STAR,SDSS_DR18_SPECTROSCOPY,ZWARNING_0_SCIENCEPRIMARY
TRD000876,174.91313,-0.56310215,STAR,SDSS_DR18_SPECTROSCOPY,ZWARNING_0_SCIENCEPRIMARY
TRD000877,175.20846,-0.55944118,STAR,SDSS_DR18_SPECTROSCOPY,ZWARNING_0_SCIENCEPRIMARY
TRD000878,175.21804,0.20237056,STAR,SDSS_DR18_SPECTROSCOPY,ZWARNING_0_SCIENCEPRIMARY
TRD000879,175.10886,0.20518285,STAR,SDSS_DR18_SPECTROSCOPY,ZWARNING_0_SCIENCEPRIMARY
TRD000880,175.35769,1.0845317,STAR,SDSS_DR18_SPECTROSCOPY,ZWARNING_0_SCIENCEPRIMARY
TRD000881,175.50137,0.045548009,STAR,SDSS_DR18_SPECTROSCOPY,ZWARNING_0_SCIENCEPRIMARY
TRD000882,175.51265,0.1416345,STAR,SDSS_DR18_SPECTROSCOPY,ZWARNING_0_SCIENCEPRIMARY
TRD000883,175.58006,-0.15709718,STAR,SDSS_DR18_SPECTROSCOPY,ZWARNING_0_SCIENCEPRIMARY
TRD000884,175.4638,-0.12493058,STAR,SDSS_DR18_SPECTROSCOPY,ZWARNING_0_SCIENCEPRIMARY
TRD000885,175.48734,1.1215044,STAR,SDSS_DR18_SPECTROSCOPY,ZWARNING_0_SCIENCEPRIMARY
TRD000886,175.72873,1.2069196,STAR,SDSS_DR18_SPECTROSCOPY,ZWARNING_0_SCIENCEPRIMARY
TRD000887,175.68683,0.081245297,STAR,SDSS_DR18_SPECTROSCOPY,ZWARNING_0_SCIENCEPRIMARY
TRD000888,175.66645,0.348195,STAR,SDSS_DR18_SPECTROSCOPY,ZWARNING_0_SCIENCEPRIMARY
TRD000889,175.76827,0.1171381,STAR,SDSS_DR18_SPECTROSCOPY,ZWARNING_0_SCIENCEPRIMARY
TRD000890,175.80239,0.1573648,STAR,SDSS_DR18_SPECTROSCOPY,ZWARNING_0_SCIENCEPRIMARY
TRD000891,175.82644,0.1147508,STAR,SDSS_DR18_SPECTROSCOPY,ZWARNING_0_SCIENCEPRIMARY
TRD000892,175.70924,0.24304559,STAR,SDSS_DR18_SPECTROSCOPY,ZWARNING_0_SCIENCEPRIMARY
TRD000893,175.93786,1.0938713,STAR,SDSS_DR18_SPECTROSCOPY,ZWARNING_0_SCIENCEPRIMARY
TRD000894,176.03991,1.1517027,STAR,SDSS_DR18_SPECTROSCOPY,ZWARNING_0_SCIENCEPRIMARY
TRD000895,175.98919,0.6394136,STAR,SDSS_DR18_SPECTROSCOPY,ZWARNING_0_SCIENCEPRIMARY
TRD000896,176.02942,0.64738132,STAR,SDSS_DR18_SPECTROSCOPY,ZWARNING_0_SCIENCEPRIMARY
TRD000897,176.01111,0.63262223,STAR,SDSS_DR18_SPECTROSCOPY,ZWARNING_0_SCIENCEPRIMARY
TRD000898,175.83629,0.22221171,STAR,SDSS_DR18_SPECTROSCOPY,ZWARNING_0_SCIENCEPRIMARY
TRD000899,176.06615,0.18131557,STAR,SDSS_DR18_SPECTROSCOPY,ZWARNING_0_SCIENCEPRIMARY
TRD000900,175.95199,-0.029143045,STAR,SDSS_DR18_SPECTROSCOPY,ZWARNING_0_SCIENCEPRIMARY
TRD000901,176.35166,0.13373293,STAR,SDSS_DR18_SPECTROSCOPY,ZWARNING_0_SCIENCEPRIMARY
TRD000902,176.52244,0.2496237,STAR,SDSS_DR18_SPECTROSCOPY,ZWARNING_0_SCIENCEPRIMARY
TRD000903,176.1264,0.79916872,STAR,SDSS_DR18_SPECTROSCOPY,ZWARNING_0_SCIENCEPRIMARY
TRD000904,176.96554,0.2836625,STAR,SDSS_DR18_SPECTROSCOPY,ZWARNING_0_SCIENCEPRIMARY
TRD000905,176.77707,0.085281325,STAR,SDSS_DR18_SPECTROSCOPY,ZWARNING_0_SCIENCEPRIMARY
TRD000906,176.94823,-0.11893442,STAR,SDSS_DR18_SPECTROSCOPY,ZWARNING_0_SCIENCEPRIMARY
TRD000907,176.86068,0.11953969,STAR,SDSS_DR18_SPECTROSCOPY,ZWARNING_0_SCIENCEPRIMARY
TRD000908,176.72166,1.158921,STAR,SDSS_DR18_SPECTROSCOPY,ZWARNING_0_SCIENCEPRIMARY
TRD000909,176.684,1.1035799,STAR,SDSS_DR18_SPECTROSCOPY,ZWARNING_0_SCIENCEPRIMARY
TRD000910,176.4009,0.94150344,STAR,SDSS_DR18_SPECTROSCOPY,ZWARNING_0_SCIENCEPRIMARY
TRD000911,176.98338,0.72801556,STAR,SDSS_DR18_SPECTROSCOPY,ZWARNING_0_SCIENCEPRIMARY
TRD000912,176.93711,0.81040798,STAR,SDSS_DR18_SPECTROSCOPY,ZWARNING_0_SCIENCEPRIMARY
TRD000913,176.88203,0.62345934,STAR,SDSS_DR18_SPECTROSCOPY,ZWARNING_0_SCIENCEPRIMARY
TRD000914,177.03165,0.70691947,STAR,SDSS_DR18_SPECTROSCOPY,ZWARNING_0_SCIENCEPRIMARY
TRD000915,177.33303,-0.031511308,STAR,SDSS_DR18_SPECTROSCOPY,ZWARNING_0_SCIENCEPRIMARY
TRD000916,177.21143,0.59433044,STAR,SDSS_DR18_SPECTROSCOPY,ZWARNING_0_SCIENCEPRIMARY
TRD000917,179.14645,-0.81350053,STAR,SDSS_DR18_SPECTROSCOPY,ZWARNING_0_SCIENCEPRIMARY
TRD000918,179.13406,-0.56521449,STAR,SDSS_DR18_SPECTROSCOPY,ZWARNING_0_SCIENCEPRIMARY
TRD000919,179.40456,-0.28487593,STAR,SDSS_DR18_SPECTROSCOPY,ZWARNING_0_SCIENCEPRIMARY
TRD000920,179.27807,-0.27215827,STAR,SDSS_DR18_SPECTROSCOPY,ZWARNING_0_SCIENCEPRIMARY
TRD000921,178.97809,-0.21939838,STAR,SDSS_DR18_SPECTROSCOPY,ZWARNING_0_SCIENCEPRIMARY
TRD000922,178.2343,-1.0558518,STAR,SDSS_DR18_SPECTROSCOPY,ZWARNING_0_SCIENCEPRIMARY
TRD000923,178.89331,-0.60052327,STAR,SDSS_DR18_SPECTROSCOPY,ZWARNING_0_SCIENCEPRIMARY
TRD000924,178.03438,-0.95717766,STAR,SDSS_DR18_SPECTROSCOPY,ZWARNING_0_SCIENCEPRIMARY
TRD000925,178.07162,-0.81879699,STAR,SDSS_DR18_SPECTROSCOPY,ZWARNING_0_SCIENCEPRIMARY
TRD000926,178.66856,-0.31619916,STAR,SDSS_DR18_SPECTROSCOPY,ZWARNING_0_SCIENCEPRIMARY
TRD000927,178.65585,-0.28015746,STAR,SDSS_DR18_SPECTROSCOPY,ZWARNING_0_SCIENCEPRIMARY
TRD000928,177.89586,-0.94887295,STAR,SDSS_DR18_SPECTROSCOPY,ZWARNING_0_SCIENCEPRIMARY
TRD000929,177.7774,-0.93275036,STAR,SDSS_DR18_SPECTROSCOPY,ZWARNING_0_SCIENCEPRIMARY
TRD000930,177.47889,-1.2101757,STAR,SDSS_DR18_SPECTROSCOPY,ZWARNING_0_SCIENCEPRIMARY
TRD000931,177.52646,-0.65605553,STAR,SDSS_DR18_SPECTROSCOPY,ZWARNING_0_SCIENCEPRIMARY
TRD000932,176.94133,-0.78391073,STAR,SDSS_DR18_SPECTROSCOPY,ZWARNING_0_SCIENCEPRIMARY
TRD000933,176.86236,-0.78743091,STAR,SDSS_DR18_SPECTROSCOPY,ZWARNING_0_SCIENCEPRIMARY
TRD000934,177.00343,-0.25774205,STAR,SDSS_DR18_SPECTROSCOPY,ZWARNING_0_SCIENCEPRIMARY
TRD000935,177.0167,-0.78169565,STAR,SDSS_DR18_SPECTROSCOPY,ZWARNING_0_SCIENCEPRIMARY
TRD000936,177.24918,1.0829446,STAR,SDSS_DR18_SPECTROSCOPY,ZWARNING_0_SCIENCEPRIMARY
TRD000937,177.13874,0.6144982,STAR,SDSS_DR18_SPECTROSCOPY,ZWARNING_0_SCIENCEPRIMARY
TRD000938,177.47703,0.91717029,STAR,SDSS_DR18_SPECTROSCOPY,ZWARNING_0_SCIENCEPRIMARY
TRD000939,177.86047,0.27049765,STAR,SDSS_DR18_SPECTROSCOPY,ZWARNING_0_SCIENCEPRIMARY
TRD000940,177.71932,1.2332233,STAR,SDSS_DR18_SPECTROSCOPY,ZWARNING_0_SCIENCEPRIMARY
TRD000941,177.98727,-0.12374827,STAR,SDSS_DR18_SPECTROSCOPY,ZWARNING_0_SCIENCEPRIMARY
TRD000942,177.95734,1.030116,STAR,SDSS_DR18_SPECTROSCOPY,ZWARNING_0_SCIENCEPRIMARY
TRD000943,178.15413,0.36162097,STAR,SDSS_DR18_SPECTROSCOPY,ZWARNING_0_SCIENCEPRIMARY
TRD000944,178.06316,0.12584445,STAR,SDSS_DR18_SPECTROSCOPY,ZWARNING_0_SCIENCEPRIMARY
TRD000945,178.49752,0.45459046,STAR,SDSS_DR18_SPECTROSCOPY,ZWARNING_0_SCIENCEPRIMARY
TRD000946,178.48224,0.43626493,STAR,SDSS_DR18_SPECTROSCOPY,ZWARNING_0_SCIENCEPRIMARY
TRD000947,178.363,0.40893978,STAR,SDSS_DR18_SPECTROSCOPY,ZWARNING_0_SCIENCEPRIMARY
TRD000948,178.53292,-0.021876223,STAR,SDSS_DR18_SPECTROSCOPY,ZWARNING_0_SCIENCEPRIMARY
TRD000949,178.67634,0.42060009,STAR,SDSS_DR18_SPECTROSCOPY,ZWARNING_0_SCIENCEPRIMARY
TRD000950,178.6848,0.44416055,STAR,SDSS_DR18_SPECTROSCOPY,ZWARNING_0_SCIENCEPRIMARY
TRD000951,178.53345,0.4346441,STAR,SDSS_DR18_SPECTROSCOPY,ZWARNING_0_SCIENCEPRIMARY
TRD000952,178.2111,1.102687,STAR,SDSS_DR18_SPECTROSCOPY,ZWARNING_0_SCIENCEPRIMARY
TRD000953,178.24933,0.98424094,STAR,SDSS_DR18_SPECTROSCOPY,ZWARNING_0_SCIENCEPRIMARY
TRD000954,178.82984,0.11983821,STAR,SDSS_DR18_SPECTROSCOPY,ZWARNING_0_SCIENCEPRIMARY
TRD000955,178.50273,0.97134068,STAR,SDSS_DR18_SPECTROSCOPY,ZWARNING_0_SCIENCEPRIMARY
TRD000956,178.54609,0.58636237,STAR,SDSS_DR18_SPECTROSCOPY,ZWARNING_0_SCIENCEPRIMARY
TRD000957,178.7101,0.92624083,STAR,SDSS_DR18_SPECTROSCOPY,ZWARNING_0_SCIENCEPRIMARY
TRD000958,180.82568,-0.76183128,STAR,SDSS_DR18_SPECTROSCOPY,ZWARNING_0_SCIENCEPRIMARY
TRD000959,180.4777,-0.69478968,STAR,SDSS_DR18_SPECTROSCOPY,ZWARNING_0_SCIENCEPRIMARY
TRD000960,179.80827,-1.0584943,STAR,SDSS_DR18_SPECTROSCOPY,ZWARNING_0_SCIENCEPRIMARY
TRD000961,179.78504,-1.144067,STAR,SDSS_DR18_SPECTROSCOPY,ZWARNING_0_SCIENCEPRIMARY
TRD000962,179.89125,-1.0358333,STAR,SDSS_DR18_SPECTROSCOPY,ZWARNING_0_SCIENCEPRIMARY
TRD000963,179.58112,-1.0697558,STAR,SDSS_DR18_SPECTROSCOPY,ZWARNING_0_SCIENCEPRIMARY
TRD000964,179.68465,-0.9934841,STAR,SDSS_DR18_SPECTROSCOPY,ZWARNING_0_SCIENCEPRIMARY
TRD000965,179.91252,-0.39861933,STAR,SDSS_DR18_SPECTROSCOPY,ZWARNING_0_SCIENCEPRIMARY
TRD000966,179.6813,-0.11182124,STAR,SDSS_DR18_SPECTROSCOPY,ZWARNING_0_SCIENCEPRIMARY
TRD000967,179.18272,-1.1438425,STAR,SDSS_DR18_SPECTROSCOPY,ZWARNING_0_SCIENCEPRIMARY
TRD000968,179.19199,-1.0921583,STAR,SDSS_DR18_SPECTROSCOPY,ZWARNING_0_SCIENCEPRIMARY
TRD000969,179.25713,-1.256554,STAR,SDSS_DR18_SPECTROSCOPY,ZWARNING_0_SCIENCEPRIMARY
TRD000970,179.20176,-1.2104338,STAR,SDSS_DR18_SPECTROSCOPY,ZWARNING_0_SCIENCEPRIMARY
TRD000971,179.25861,-1.1233247,STAR,SDSS_DR18_SPECTROSCOPY,ZWARNING_0_SCIENCEPRIMARY
TRD000972,179.26808,-1.2288943,STAR,SDSS_DR18_SPECTROSCOPY,ZWARNING_0_SCIENCEPRIMARY
TRD000973,179.24953,-1.0792869,STAR,SDSS_DR18_SPECTROSCOPY,ZWARNING_0_SCIENCEPRIMARY
TRD000974,179.2149,-1.1159868,STAR,SDSS_DR18_SPECTROSCOPY,ZWARNING_0_SCIENCEPRIMARY
TRD000975,179.48483,-0.67160503,STAR,SDSS_DR18_SPECTROSCOPY,ZWARNING_0_SCIENCEPRIMARY
TRD000976,179.37346,-0.29715926,STAR,SDSS_DR18_SPECTROSCOPY,ZWARNING_0_SCIENCEPRIMARY
TRD000977,178.69082,-1.20959,STAR,SDSS_DR18_SPECTROSCOPY,ZWARNING_0_SCIENCEPRIMARY
TRD000978,179.11543,-1.1497082,STAR,SDSS_DR18_SPECTROSCOPY,ZWARNING_0_SCIENCEPRIMARY
TRD000979,179.12244,-1.1151116,STAR,SDSS_DR18_SPECTROSCOPY,ZWARNING_0_SCIENCEPRIMARY
TRD000980,179.11724,-1.2181552,STAR,SDSS_DR18_SPECTROSCOPY,ZWARNING_0_SCIENCEPRIMARY
TRD000981,179.1643,-1.1768044,STAR,SDSS_DR18_SPECTROSCOPY,ZWARNING_0_SCIENCEPRIMARY
TRD000982,178.83801,-1.2584926,STAR,SDSS_DR18_SPECTROSCOPY,ZWARNING_0_SCIENCEPRIMARY
TRD000983,179.1134,-1.0628748,STAR,SDSS_DR18_SPECTROSCOPY,ZWARNING_0_SCIENCEPRIMARY
TRD000984,178.75456,-0.31557338,STAR,SDSS_DR18_SPECTROSCOPY,ZWARNING_0_SCIENCEPRIMARY
TRD000985,178.77935,-0.40560845,STAR,SDSS_DR18_SPECTROSCOPY,ZWARNING_0_SCIENCEPRIMARY
TRD000986,178.39117,-0.11127581,STAR,SDSS_DR18_SPECTROSCOPY,ZWARNING_0_SCIENCEPRIMARY
TRD000987,178.52602,-0.17167647,STAR,SDSS_DR18_SPECTROSCOPY,ZWARNING_0_SCIENCEPRIMARY
TRD000988,179.0168,-0.1132085,STAR,SDSS_DR18_SPECTROSCOPY,ZWARNING_0_SCIENCEPRIMARY
TRD000989,179.21812,1.0665142,STAR,SDSS_DR18_SPECTROSCOPY,ZWARNING_0_SCIENCEPRIMARY
TRD000990,179.11916,1.2066656,STAR,SDSS_DR18_SPECTROSCOPY,ZWARNING_0_SCIENCEPRIMARY
TRD000991,179.11676,1.0367662,STAR,SDSS_DR18_SPECTROSCOPY,ZWARNING_0_SCIENCEPRIMARY
TRD000992,178.8409,0.9471342,STAR,SDSS_DR18_SPECTROSCOPY,ZWARNING_0_SCIENCEPRIMARY
TRD000993,178.89394,-0.01793703,STAR,SDSS_DR18_SPECTROSCOPY,ZWARNING_0_SCIENCEPRIMARY
TRD000994,178.35175,0.12213087,STAR,SDSS_DR18_SPECTROSCOPY,ZWARNING_0_SCIENCEPRIMARY
TRD000995,178.4445,0.14941846,STAR,SDSS_DR18_SPECTROSCOPY,ZWARNING_0_SCIENCEPRIMARY
TRD000996,178.5381,0.14704319,STAR,SDSS_DR18_SPECTROSCOPY,ZWARNING_0_SCIENCEPRIMARY
TRD000997,179.31456,1.0613902,STAR,SDSS_DR18_SPECTROSCOPY,ZWARNING_0_SCIENCEPRIMARY
TRD000998,179.43637,0.73395546,STAR,SDSS_DR18_SPECTROSCOPY,ZWARNING_0_SCIENCEPRIMARY
TRD000999,179.26682,0.10892438,STAR,SDSS_DR18_SPECTROSCOPY,ZWARNING_0_SCIENCEPRIMARY
TRD001000,179.70276,1.0461396,STAR,SDSS_DR18_SPECTROSCOPY,ZWARNING_0_SCIENCEPRIMARY
TRD001001,179.7129,0.59955266,STAR,SDSS_DR18_SPECTROSCOPY,ZWARNING_0_SCIENCEPRIMARY
TRD001002,179.71859,0.43106477,STAR,SDSS_DR18_SPECTROSCOPY,ZWARNING_0_SCIENCEPRIMARY
TRD001003,179.98749,0.44920168,STAR,SDSS_DR18_SPECTROSCOPY,ZWARNING_0_SCIENCEPRIMARY
TRD001004,180.19975,0.76970007,STAR,SDSS_DR18_SPECTROSCOPY,ZWARNING_0_SCIENCEPRIMARY
TRD001005,180.03456,1.1468552,STAR,SDSS_DR18_SPECTROSCOPY,ZWARNING_0_SCIENCEPRIMARY
TRD001006,179.91043,0.95748604,STAR,SDSS_DR18_SPECTROSCOPY,ZWARNING_0_SCIENCEPRIMARY
TRD001007,180.24861,0.86589847,STAR,SDSS_DR18_SPECTROSCOPY,ZWARNING_0_SCIENCEPRIMARY
TRD001008,180.34312,0.84187261,STAR,SDSS_DR18_SPECTROSCOPY,ZWARNING_0_SCIENCEPRIMARY
TRD001009,180.32777,0.79115446,STAR,SDSS_DR18_SPECTROSCOPY,ZWARNING_0_SCIENCEPRIMARY
TRD001010,180.34414,1.0059184,STAR,SDSS_DR18_SPECTROSCOPY,ZWARNING_0_SCIENCEPRIMARY
TRD001011,180.42438,0.21349685,STAR,SDSS_DR18_SPECTROSCOPY,ZWARNING_0_SCIENCEPRIMARY
TRD001012,180.84666,0.031474275,STAR,SDSS_DR18_SPECTROSCOPY,ZWARNING_0_SCIENCEPRIMARY
TRD001013,182.69363,-0.23355588,STAR,SDSS_DR18_SPECTROSCOPY,ZWARNING_0_SCIENCEPRIMARY
TRD001014,182.37865,-0.14132194,STAR,SDSS_DR18_SPECTROSCOPY,ZWARNING_0_SCIENCEPRIMARY
TRD001015,181.71645,-1.2460672,STAR,SDSS_DR18_SPECTROSCOPY,ZWARNING_0_SCIENCEPRIMARY
TRD001016,181.87447,-0.83056099,STAR,SDSS_DR18_SPECTROSCOPY,ZWARNING_0_SCIENCEPRIMARY
TRD001017,181.78994,-0.93283991,STAR,SDSS_DR18_SPECTROSCOPY,ZWARNING_0_SCIENCEPRIMARY
TRD001018,181.86273,-0.35183649,STAR,SDSS_DR18_SPECTROSCOPY,ZWARNING_0_SCIENCEPRIMARY
TRD001019,181.70135,-0.53389197,STAR,SDSS_DR18_SPECTROSCOPY,ZWARNING_0_SCIENCEPRIMARY
TRD001020,181.62595,-0.50128147,STAR,SDSS_DR18_SPECTROSCOPY,ZWARNING_0_SCIENCEPRIMARY
TRD001021,181.60865,-0.56648023,STAR,SDSS_DR18_SPECTROSCOPY,ZWARNING_0_SCIENCEPRIMARY
TRD001022,181.09728,-1.2232607,STAR,SDSS_DR18_SPECTROSCOPY,ZWARNING_0_SCIENCEPRIMARY
TRD001023,180.8686,-1.2469701,STAR,SDSS_DR18_SPECTROSCOPY,ZWARNING_0_SCIENCEPRIMARY
TRD001024,180.61378,-0.17279421,STAR,SDSS_DR18_SPECTROSCOPY,ZWARNING_0_SCIENCEPRIMARY
TRD001025,180.3735,-1.0514734,STAR,SDSS_DR18_SPECTROSCOPY,ZWARNING_0_SCIENCEPRIMARY
TRD001026,180.43375,-1.0744364,STAR,SDSS_DR18_SPECTROSCOPY,ZWARNING_0_SCIENCEPRIMARY
TRD001027,180.40153,-0.70974932,STAR,SDSS_DR18_SPECTROSCOPY,ZWARNING_0_SCIENCEPRIMARY
TRD001028,180.52216,-1.1418206,STAR,SDSS_DR18_SPECTROSCOPY,ZWARNING_0_SCIENCEPRIMARY
TRD001029,180.42114,-0.65200081,STAR,SDSS_DR18_SPECTROSCOPY,ZWARNING_0_SCIENCEPRIMARY
TRD001030,180.59505,0.94690536,STAR,SDSS_DR18_SPECTROSCOPY,ZWARNING_0_SCIENCEPRIMARY
TRD001031,180.74721,0.8162119,STAR,SDSS_DR18_SPECTROSCOPY,ZWARNING_0_SCIENCEPRIMARY
TRD001032,180.95682,0.28258638,STAR,SDSS_DR18_SPECTROSCOPY,ZWARNING_0_SCIENCEPRIMARY
TRD001033,180.7025,0.74053772,STAR,SDSS_DR18_SPECTROSCOPY,ZWARNING_0_SCIENCEPRIMARY
TRD001034,180.63055,0.21949697,STAR,SDSS_DR18_SPECTROSCOPY,ZWARNING_0_SCIENCEPRIMARY
TRD001035,181.02002,0.96908195,STAR,SDSS_DR18_SPECTROSCOPY,ZWARNING_0_SCIENCEPRIMARY
TRD001036,181.03081,0.94037377,STAR,SDSS_DR18_SPECTROSCOPY,ZWARNING_0_SCIENCEPRIMARY
TRD001037,180.99249,0.26395365,STAR,SDSS_DR18_SPECTROSCOPY,ZWARNING_0_SCIENCEPRIMARY
TRD001038,181.39389,0.17220572,STAR,SDSS_DR18_SPECTROSCOPY,ZWARNING_0_SCIENCEPRIMARY
TRD001039,181.27912,0.60060034,STAR,SDSS_DR18_SPECTROSCOPY,ZWARNING_0_SCIENCEPRIMARY
TRD001040,181.43469,0.00086548153,STAR,SDSS_DR18_SPECTROSCOPY,ZWARNING_0_SCIENCEPRIMARY
TRD001041,181.86763,0.11498665,STAR,SDSS_DR18_SPECTROSCOPY,ZWARNING_0_SCIENCEPRIMARY
TRD001042,181.58733,1.0422913,STAR,SDSS_DR18_SPECTROSCOPY,ZWARNING_0_SCIENCEPRIMARY
TRD001043,181.99537,0.58584157,STAR,SDSS_DR18_SPECTROSCOPY,ZWARNING_0_SCIENCEPRIMARY
TRD001044,182.00114,0.22347773,STAR,SDSS_DR18_SPECTROSCOPY,ZWARNING_0_SCIENCEPRIMARY
TRD001045,181.9027,0.015325931,STAR,SDSS_DR18_SPECTROSCOPY,ZWARNING_0_SCIENCEPRIMARY
TRD001046,181.97102,1.0225191,STAR,SDSS_DR18_SPECTROSCOPY,ZWARNING_0_SCIENCEPRIMARY
TRD001047,182.32113,0.31985456,STAR,SDSS_DR18_SPECTROSCOPY,ZWARNING_0_SCIENCEPRIMARY
TRD001048,182.29333,0.23708057,STAR,SDSS_DR18_SPECTROSCOPY,ZWARNING_0_SCIENCEPRIMARY
TRD001049,182.20504,1.1671449,STAR,SDSS_DR18_SPECTROSCOPY,ZWARNING_0_SCIENCEPRIMARY
TRD001050,182.44391,0.93803228,STAR,SDSS_DR18_SPECTROSCOPY,ZWARNING_0_SCIENCEPRIMARY
TRD001051,182.31645,0.91993827,STAR,SDSS_DR18_SPECTROSCOPY,ZWARNING_0_SCIENCEPRIMARY
TRD001052,184.18795,-1.0546288,STAR,SDSS_DR18_SPECTROSCOPY,ZWARNING_0_SCIENCEPRIMARY
TRD001053,184.10659,-1.0824566,STAR,SDSS_DR18_SPECTROSCOPY,ZWARNING_0_SCIENCEPRIMARY
TRD001054,184.06413,-0.29536006,STAR,SDSS_DR18_SPECTROSCOPY,ZWARNING_0_SCIENCEPRIMARY
TRD001055,183.95586,-0.61073815,STAR,SDSS_DR18_SPECTROSCOPY,ZWARNING_0_SCIENCEPRIMARY
TRD001056,183.84881,-0.46538344,STAR,SDSS_DR18_SPECTROSCOPY,ZWARNING_0_SCIENCEPRIMARY
TRD001057,183.99865,-0.29407018,STAR,SDSS_DR18_SPECTROSCOPY,ZWARNING_0_SCIENCEPRIMARY
TRD001058,183.48246,-0.81648328,STAR,SDSS_DR18_SPECTROSCOPY,ZWARNING_0_SCIENCEPRIMARY
TRD001059,183.36986,-0.57927139,STAR,SDSS_DR18_SPECTROSCOPY,ZWARNING_0_SCIENCEPRIMARY
TRD001060,183.11383,-0.17313944,STAR,SDSS_DR18_SPECTROSCOPY,ZWARNING_0_SCIENCEPRIMARY
TRD001061,183.20825,-0.34243778,STAR,SDSS_DR18_SPECTROSCOPY,ZWARNING_0_SCIENCEPRIMARY
TRD001062,183.05103,-1.1902397,STAR,SDSS_DR18_SPECTROSCOPY,ZWARNING_0_SCIENCEPRIMARY
TRD001063,183.1047,-1.242804,STAR,SDSS_DR18_SPECTROSCOPY,ZWARNING_0_SCIENCEPRIMARY
TRD001064,182.91328,-0.13319106,STAR,SDSS_DR18_SPECTROSCOPY,ZWARNING_0_SCIENCEPRIMARY
TRD001065,182.95752,-0.33773439,STAR,SDSS_DR18_SPECTROSCOPY,ZWARNING_0_SCIENCEPRIMARY
TRD001066,182.90927,-0.53673745,STAR,SDSS_DR18_SPECTROSCOPY,ZWARNING_0_SCIENCEPRIMARY
TRD001067,182.77187,-0.7745704,STAR,SDSS_DR18_SPECTROSCOPY,ZWARNING_0_SCIENCEPRIMARY
TRD001068,182.46017,-0.62686381,STAR,SDSS_DR18_SPECTROSCOPY,ZWARNING_0_SCIENCEPRIMARY
TRD001069,182.48613,-1.1976399,STAR,SDSS_DR18_SPECTROSCOPY,ZWARNING_0_SCIENCEPRIMARY
TRD001070,182.02584,-0.35661394,STAR,SDSS_DR18_SPECTROSCOPY,ZWARNING_0_SCIENCEPRIMARY
TRD001071,182.44135,-0.20622421,STAR,SDSS_DR18_SPECTROSCOPY,ZWARNING_0_SCIENCEPRIMARY
TRD001072,182.06561,0.62686708,STAR,SDSS_DR18_SPECTROSCOPY,ZWARNING_0_SCIENCEPRIMARY
TRD001073,182.04974,-0.0050985303,STAR,SDSS_DR18_SPECTROSCOPY,ZWARNING_0_SCIENCEPRIMARY
TRD001074,181.9106,-0.1589166,STAR,SDSS_DR18_SPECTROSCOPY,ZWARNING_0_SCIENCEPRIMARY
TRD001075,182.48631,1.051179,STAR,SDSS_DR18_SPECTROSCOPY,ZWARNING_0_SCIENCEPRIMARY
TRD001076,182.27436,0.58352242,STAR,SDSS_DR18_SPECTROSCOPY,ZWARNING_0_SCIENCEPRIMARY
TRD001077,182.61692,0.5980627,STAR,SDSS_DR18_SPECTROSCOPY,ZWARNING_0_SCIENCEPRIMARY
TRD001078,182.49505,0.59455651,STAR,SDSS_DR18_SPECTROSCOPY,ZWARNING_0_SCIENCEPRIMARY
TRD001079,182.82926,0.62553819,STAR,SDSS_DR18_SPECTROSCOPY,ZWARNING_0_SCIENCEPRIMARY
TRD001080,182.81618,0.12460779,STAR,SDSS_DR18_SPECTROSCOPY,ZWARNING_0_SCIENCEPRIMARY
TRD001081,182.88519,0.080509148,STAR,SDSS_DR18_SPECTROSCOPY,ZWARNING_0_SCIENCEPRIMARY
TRD001082,183.1823,0.95618822,STAR,SDSS_DR18_SPECTROSCOPY,ZWARNING_0_SCIENCEPRIMARY
TRD001083,183.16393,0.68876025,STAR,SDSS_DR18_SPECTROSCOPY,ZWARNING_0_SCIENCEPRIMARY
TRD001084,183.09489,0.42969949,STAR,SDSS_DR18_SPECTROSCOPY,ZWARNING_0_SCIENCEPRIMARY
TRD001085,183.10036,0.52041466,STAR,SDSS_DR18_SPECTROSCOPY,ZWARNING_0_SCIENCEPRIMARY
TRD001086,183.20404,0.37797412,STAR,SDSS_DR18_SPECTROSCOPY,ZWARNING_0_SCIENCEPRIMARY
TRD001087,183.4448,1.0611563,STAR,SDSS_DR18_SPECTROSCOPY,ZWARNING_0_SCIENCEPRIMARY
TRD001088,183.59261,0.94146054,STAR,SDSS_DR18_SPECTROSCOPY,ZWARNING_0_SCIENCEPRIMARY
TRD001089,183.61576,0.85668563,STAR,SDSS_DR18_SPECTROSCOPY,ZWARNING_0_SCIENCEPRIMARY
TRD001090,183.83124,0.31743062,STAR,SDSS_DR18_SPECTROSCOPY,ZWARNING_0_SCIENCEPRIMARY
TRD001091,183.85582,0.88275434,STAR,SDSS_DR18_SPECTROSCOPY,ZWARNING_0_SCIENCEPRIMARY
TRD001092,184.03614,0.37388762,STAR,SDSS_DR18_SPECTROSCOPY,ZWARNING_0_SCIENCEPRIMARY
TRD001093,183.97283,0.84725573,STAR,SDSS_DR18_SPECTROSCOPY,ZWARNING_0_SCIENCEPRIMARY
TRD001094,186.08296,-0.22743925,STAR,SDSS_DR18_SPECTROSCOPY,ZWARNING_0_SCIENCEPRIMARY
TRD001095,185.86132,-0.41195801,STAR,SDSS_DR18_SPECTROSCOPY,ZWARNING_0_SCIENCEPRIMARY
TRD001096,185.10631,-0.77902135,STAR,SDSS_DR18_SPECTROSCOPY,ZWARNING_0_SCIENCEPRIMARY
TRD001097,185.69693,-0.47677336,STAR,SDSS_DR18_SPECTROSCOPY,ZWARNING_0_SCIENCEPRIMARY
TRD001098,185.06944,-1.051089,STAR,SDSS_DR18_SPECTROSCOPY,ZWARNING_0_SCIENCEPRIMARY
TRD001099,184.99832,-0.83325156,STAR,SDSS_DR18_SPECTROSCOPY,ZWARNING_0_SCIENCEPRIMARY
TRD001100,185.14349,-0.52855028,STAR,SDSS_DR18_SPECTROSCOPY,ZWARNING_0_SCIENCEPRIMARY
TRD001101,185.05063,-0.11312861,STAR,SDSS_DR18_SPECTROSCOPY,ZWARNING_0_SCIENCEPRIMARY
TRD001102,185.06956,-0.64819523,STAR,SDSS_DR18_SPECTROSCOPY,ZWARNING_0_SCIENCEPRIMARY
TRD001103,184.9876,-0.74835928,STAR,SDSS_DR18_SPECTROSCOPY,ZWARNING_0_SCIENCEPRIMARY
TRD001104,184.68037,-0.704855,STAR,SDSS_DR18_SPECTROSCOPY,ZWARNING_0_SCIENCEPRIMARY
TRD001105,184.58128,-0.54603519,STAR,SDSS_DR18_SPECTROSCOPY,ZWARNING_0_SCIENCEPRIMARY
TRD001106,184.5979,-1.0133303,STAR,SDSS_DR18_SPECTROSCOPY,ZWARNING_0_SCIENCEPRIMARY
TRD001107,184.60594,-1.216351,STAR,SDSS_DR18_SPECTROSCOPY,ZWARNING_0_SCIENCEPRIMARY
TRD001108,184.17287,-0.18700463,STAR,SDSS_DR18_SPECTROSCOPY,ZWARNING_0_SCIENCEPRIMARY
TRD001109,183.87986,-0.38193194,STAR,SDSS_DR18_SPECTROSCOPY,ZWARNING_0_SCIENCEPRIMARY
TRD001110,183.96036,1.0969444,STAR,SDSS_DR18_SPECTROSCOPY,ZWARNING_0_SCIENCEPRIMARY
TRD001111,183.40843,0.17707312,STAR,SDSS_DR18_SPECTROSCOPY,ZWARNING_0_SCIENCEPRIMARY
TRD001112,183.50946,0.4618912,STAR,SDSS_DR18_SPECTROSCOPY,ZWARNING_0_SCIENCEPRIMARY
TRD001113,184.60395,0.79466669,STAR,SDSS_DR18_SPECTROSCOPY,ZWARNING_0_SCIENCEPRIMARY
TRD001114,183.91457,0.21806673,STAR,SDSS_DR18_SPECTROSCOPY,ZWARNING_0_SCIENCEPRIMARY
TRD001115,184.37228,0.59240153,STAR,SDSS_DR18_SPECTROSCOPY,ZWARNING_0_SCIENCEPRIMARY
TRD001116,183.90931,0.54497852,STAR,SDSS_DR18_SPECTROSCOPY,ZWARNING_0_SCIENCEPRIMARY
TRD001117,184.75553,0.77562525,STAR,SDSS_DR18_SPECTROSCOPY,ZWARNING_0_SCIENCEPRIMARY
TRD001118,184.70365,1.2068589,STAR,SDSS_DR18_SPECTROSCOPY,ZWARNING_0_SCIENCEPRIMARY
TRD001119,184.81131,0.94181118,STAR,SDSS_DR18_SPECTROSCOPY,ZWARNING_0_SCIENCEPRIMARY
TRD001120,184.62785,0.70451502,STAR,SDSS_DR18_SPECTROSCOPY,ZWARNING_0_SCIENCEPRIMARY
TRD001121,184.4324,0.58085162,STAR,SDSS_DR18_SPECTROSCOPY,ZWARNING_0_SCIENCEPRIMARY
TRD001122,184.56943,0.13709444,STAR,SDSS_DR18_SPECTROSCOPY,ZWARNING_0_SCIENCEPRIMARY
TRD001123,185.08634,0.73294697,STAR,SDSS_DR18_SPECTROSCOPY,ZWARNING_0_SCIENCEPRIMARY
TRD001124,184.96489,1.0712341,STAR,SDSS_DR18_SPECTROSCOPY,ZWARNING_0_SCIENCEPRIMARY
TRD001125,185.14481,0.88237315,STAR,SDSS_DR18_SPECTROSCOPY,ZWARNING_0_SCIENCEPRIMARY
TRD001126,185.25758,1.2247389,STAR,SDSS_DR18_SPECTROSCOPY,ZWARNING_0_SCIENCEPRIMARY
TRD001127,185.46814,0.22367833,STAR,SDSS_DR18_SPECTROSCOPY,ZWARNING_0_SCIENCEPRIMARY
TRD001128,185.41191,0.81646853,STAR,SDSS_DR18_SPECTROSCOPY,ZWARNING_0_SCIENCEPRIMARY
TRD001129,187.70064,-0.93889941,STAR,SDSS_DR18_SPECTROSCOPY,ZWARNING_0_SCIENCEPRIMARY
TRD001130,187.5781,-0.70466686,STAR,SDSS_DR18_SPECTROSCOPY,ZWARNING_0_SCIENCEPRIMARY
TRD001131,187.58881,-1.1827939,STAR,SDSS_DR18_SPECTROSCOPY,ZWARNING_0_SCIENCEPRIMARY
TRD001132,188.09364,-0.20628597,STAR,SDSS_DR18_SPECTROSCOPY,ZWARNING_0_SCIENCEPRIMARY
TRD001133,187.30403,-0.86288618,STAR,SDSS_DR18_SPECTROSCOPY,ZWARNING_0_SCIENCEPRIMARY
TRD001134,187.47961,-0.66971902,STAR,SDSS_DR18_SPECTROSCOPY,ZWARNING_0_SCIENCEPRIMARY
TRD001135,187.49245,-1.1484676,STAR,SDSS_DR18_SPECTROSCOPY,ZWARNING_0_SCIENCEPRIMARY
TRD001136,187.52089,-0.93614045,STAR,SDSS_DR18_SPECTROSCOPY,ZWARNING_0_SCIENCEPRIMARY
TRD001137,187.59198,-0.31048825,STAR,SDSS_DR18_SPECTROSCOPY,ZWARNING_0_SCIENCEPRIMARY
TRD001138,187.59701,-0.29546073,STAR,SDSS_DR18_SPECTROSCOPY,ZWARNING_0_SCIENCEPRIMARY
TRD001139,187.64827,-0.30501244,STAR,SDSS_DR18_SPECTROSCOPY,ZWARNING_0_SCIENCEPRIMARY
TRD001140,187.1779,-0.91288111,STAR,SDSS_DR18_SPECTROSCOPY,ZWARNING_0_SCIENCEPRIMARY
TRD001141,187.43584,-0.48143502,STAR,SDSS_DR18_SPECTROSCOPY,ZWARNING_0_SCIENCEPRIMARY
TRD001142,187.42854,-0.27713664,STAR,SDSS_DR18_SPECTROSCOPY,ZWARNING_0_SCIENCEPRIMARY
TRD001143,187.49679,-0.28736731,STAR,SDSS_DR18_SPECTROSCOPY,ZWARNING_0_SCIENCEPRIMARY
TRD001144,187.38833,-0.26756961,STAR,SDSS_DR18_SPECTROSCOPY,ZWARNING_0_SCIENCEPRIMARY
TRD001145,187.34815,-0.067876941,STAR,SDSS_DR18_SPECTROSCOPY,ZWARNING_0_SCIENCEPRIMARY
TRD001146,187.26727,-0.13096215,STAR,SDSS_DR18_SPECTROSCOPY,ZWARNING_0_SCIENCEPRIMARY
TRD001147,186.89876,-0.16379224,STAR,SDSS_DR18_SPECTROSCOPY,ZWARNING_0_SCIENCEPRIMARY
TRD001148,187.01955,-0.37813219,STAR,SDSS_DR18_SPECTROSCOPY,ZWARNING_0_SCIENCEPRIMARY
TRD001149,186.76463,-0.19006309,STAR,SDSS_DR18_SPECTROSCOPY,ZWARNING_0_SCIENCEPRIMARY
TRD001150,186.65779,-0.60189733,STAR,SDSS_DR18_SPECTROSCOPY,ZWARNING_0_SCIENCEPRIMARY
TRD001151,186.73298,-1.0818831,STAR,SDSS_DR18_SPECTROSCOPY,ZWARNING_0_SCIENCEPRIMARY
TRD001152,186.45928,-0.36051614,STAR,SDSS_DR18_SPECTROSCOPY,ZWARNING_0_SCIENCEPRIMARY
TRD001153,186.41065,-1.0406521,STAR,SDSS_DR18_SPECTROSCOPY,ZWARNING_0_SCIENCEPRIMARY
TRD001154,186.36636,-0.9106003,STAR,SDSS_DR18_SPECTROSCOPY,ZWARNING_0_SCIENCEPRIMARY
TRD001155,186.36104,-0.64629383,STAR,SDSS_DR18_SPECTROSCOPY,ZWARNING_0_SCIENCEPRIMARY
TRD001156,185.27082,-0.12168517,STAR,SDSS_DR18_SPECTROSCOPY,ZWARNING_0_SCIENCEPRIMARY
TRD001157,185.72922,0.67970537,STAR,SDSS_DR18_SPECTROSCOPY,ZWARNING_0_SCIENCEPRIMARY
TRD001158,186.09529,0.83389207,STAR,SDSS_DR18_SPECTROSCOPY,ZWARNING_0_SCIENCEPRIMARY
TRD001159,186.40096,1.1449401,STAR,SDSS_DR18_SPECTROSCOPY,ZWARNING_0_SCIENCEPRIMARY
TRD001160,186.58038,1.019617,STAR,SDSS_DR18_SPECTROSCOPY,ZWARNING_0_SCIENCEPRIMARY
TRD001161,186.56869,0.71236048,STAR,SDSS_DR18_SPECTROSCOPY,ZWARNING_0_SCIENCEPRIMARY
TRD001162,186.48997,0.72268553,STAR,SDSS_DR18_SPECTROSCOPY,ZWARNING_0_SCIENCEPRIMARY
TRD001163,186.48049,0.20024752,STAR,SDSS_DR18_SPECTROSCOPY,ZWARNING_0_SCIENCEPRIMARY
TRD001164,186.28598,0.061896597,STAR,SDSS_DR18_SPECTROSCOPY,ZWARNING_0_SCIENCEPRIMARY
TRD001165,186.42001,0.56634044,STAR,SDSS_DR18_SPECTROSCOPY,ZWARNING_0_SCIENCEPRIMARY
TRD001166,186.69332,1.2201297,STAR,SDSS_DR18_SPECTROSCOPY,ZWARNING_0_SCIENCEPRIMARY
TRD001167,186.69673,0.80729726,STAR,SDSS_DR18_SPECTROSCOPY,ZWARNING_0_SCIENCEPRIMARY
TRD001168,186.84567,0.23897016,STAR,SDSS_DR18_SPECTROSCOPY,ZWARNING_0_SCIENCEPRIMARY
TRD001169,186.95158,0.09568207,STAR,SDSS_DR18_SPECTROSCOPY,ZWARNING_0_SCIENCEPRIMARY
TRD001170,187.00288,0.29334685,STAR,SDSS_DR18_SPECTROSCOPY,ZWARNING_0_SCIENCEPRIMARY
TRD001171,187.10828,0.49487259,STAR,SDSS_DR18_SPECTROSCOPY,ZWARNING_0_SCIENCEPRIMARY
TRD001172,187.24428,0.2932767,STAR,SDSS_DR18_SPECTROSCOPY,ZWARNING_0_SCIENCEPRIMARY
TRD001173,187.0973,0.40851046,STAR,SDSS_DR18_SPECTROSCOPY,ZWARNING_0_SCIENCEPRIMARY
TRD001174,187.29278,0.98782282,STAR,SDSS_DR18_SPECTROSCOPY,ZWARNING_0_SCIENCEPRIMARY
TRD001175,187.26039,1.1538004,STAR,SDSS_DR18_SPECTROSCOPY,ZWARNING_0_SCIENCEPRIMARY
TRD001176,187.26369,0.98483905,STAR,SDSS_DR18_SPECTROSCOPY,ZWARNING_0_SCIENCEPRIMARY
TRD001177,187.14499,0.93935982,STAR,SDSS_DR18_SPECTROSCOPY,ZWARNING_0_SCIENCEPRIMARY
TRD001178,187.23075,0.84556974,STAR,SDSS_DR18_SPECTROSCOPY,ZWARNING_0_SCIENCEPRIMARY
TRD001179,187.54167,0.18435916,STAR,SDSS_DR18_SPECTROSCOPY,ZWARNING_0_SCIENCEPRIMARY
TRD001180,187.49468,1.030458,STAR,SDSS_DR18_SPECTROSCOPY,ZWARNING_0_SCIENCEPRIMARY
TRD001181,187.44021,0.7304088,STAR,SDSS_DR18_SPECTROSCOPY,ZWARNING_0_SCIENCEPRIMARY
TRD001182,187.61973,0.9629483,STAR,SDSS_DR18_SPECTROSCOPY,ZWARNING_0_SCIENCEPRIMARY
TRD001183,187.65001,0.87431844,STAR,SDSS_DR18_SPECTROSCOPY,ZWARNING_0_SCIENCEPRIMARY
TRD001184,187.99792,0.65012595,STAR,SDSS_DR18_SPECTROSCOPY,ZWARNING_0_SCIENCEPRIMARY
TRD001185,187.82515,0.85333703,STAR,SDSS_DR18_SPECTROSCOPY,ZWARNING_0_SCIENCEPRIMARY
TRD001186,189.8318,-1.1483669,STAR,SDSS_DR18_SPECTROSCOPY,ZWARNING_0_SCIENCEPRIMARY
TRD001187,189.70375,-0.78917966,STAR,SDSS_DR18_SPECTROSCOPY,ZWARNING_0_SCIENCEPRIMARY
TRD001188,189.48687,-1.1061887,STAR,SDSS_DR18_SPECTROSCOPY,ZWARNING_0_SCIENCEPRIMARY
TRD001189,189.83982,-0.48587142,STAR,SDSS_DR18_SPECTROSCOPY,ZWARNING_0_SCIENCEPRIMARY
TRD001190,189.08931,-1.2343862,STAR,SDSS_DR18_SPECTROSCOPY,ZWARNING_0_SCIENCEPRIMARY
TRD001191,189.06627,-0.9712031,STAR,SDSS_DR18_SPECTROSCOPY,ZWARNING_0_SCIENCEPRIMARY
TRD001192,189.38184,-0.31355996,STAR,SDSS_DR18_SPECTROSCOPY,ZWARNING_0_SCIENCEPRIMARY
TRD001193,189.1047,-0.39522775,STAR,SDSS_DR18_SPECTROSCOPY,ZWARNING_0_SCIENCEPRIMARY
TRD001194,189.24765,-0.3661572,STAR,SDSS_DR18_SPECTROSCOPY,ZWARNING_0_SCIENCEPRIMARY
TRD001195,189.2468,-0.57082885,STAR,SDSS_DR18_SPECTROSCOPY,ZWARNING_0_SCIENCEPRIMARY
TRD001196,188.82939,-0.78214411,STAR,SDSS_DR18_SPECTROSCOPY,ZWARNING_0_SCIENCEPRIMARY
TRD001197,188.72031,-0.63868563,STAR,SDSS_DR18_SPECTROSCOPY,ZWARNING_0_SCIENCEPRIMARY
TRD001198,188.64541,-0.14112614,STAR,SDSS_DR18_SPECTROSCOPY,ZWARNING_0_SCIENCEPRIMARY
TRD001199,188.29573,-0.47672035,STAR,SDSS_DR18_SPECTROSCOPY,ZWARNING_0_SCIENCEPRIMARY
TRD001200,188.2939,-0.74795089,STAR,SDSS_DR18_SPECTROSCOPY,ZWARNING_0_SCIENCEPRIMARY
TRD001201,187.71507,-0.74365262,STAR,SDSS_DR18_SPECTROSCOPY,ZWARNING_0_SCIENCEPRIMARY
TRD001202,187.61477,-0.60934692,STAR,SDSS_DR18_SPECTROSCOPY,ZWARNING_0_SCIENCEPRIMARY
TRD001203,187.87754,0.73453285,STAR,SDSS_DR18_SPECTROSCOPY,ZWARNING_0_SCIENCEPRIMARY
TRD001204,188.18244,0.52157975,STAR,SDSS_DR18_SPECTROSCOPY,ZWARNING_0_SCIENCEPRIMARY
TRD001205,188.24105,1.0956097,STAR,SDSS_DR18_SPECTROSCOPY,ZWARNING_0_SCIENCEPRIMARY
TRD001206,188.43508,0.57571607,STAR,SDSS_DR18_SPECTROSCOPY,ZWARNING_0_SCIENCEPRIMARY
TRD001207,188.52417,0.3665318,STAR,SDSS_DR18_SPECTROSCOPY,ZWARNING_0_SCIENCEPRIMARY
TRD001208,188.5757,0.1433299,STAR,SDSS_DR18_SPECTROSCOPY,ZWARNING_0_SCIENCEPRIMARY
TRD001209,189.09867,-0.10942235,STAR,SDSS_DR18_SPECTROSCOPY,ZWARNING_0_SCIENCEPRIMARY
TRD001210,189.32817,0.21340928,STAR,SDSS_DR18_SPECTROSCOPY,ZWARNING_0_SCIENCEPRIMARY
TRD001211,189.76715,0.40779913,STAR,SDSS_DR18_SPECTROSCOPY,ZWARNING_0_SCIENCEPRIMARY
TRD001212,189.7162,0.78625338,STAR,SDSS_DR18_SPECTROSCOPY,ZWARNING_0_SCIENCEPRIMARY
TRD001213,189.96339,1.0202013,STAR,SDSS_DR18_SPECTROSCOPY,ZWARNING_0_SCIENCEPRIMARY
TRD001214,190.25915,0.45334904,STAR,SDSS_DR18_SPECTROSCOPY,ZWARNING_0_SCIENCEPRIMARY
TRD001215,191.95242,-0.18201823,STAR,SDSS_DR18_SPECTROSCOPY,ZWARNING_0_SCIENCEPRIMARY
TRD001216,190.92024,-0.9725384,STAR,SDSS_DR18_SPECTROSCOPY,ZWARNING_0_SCIENCEPRIMARY
TRD001217,191.58038,-0.68316951,STAR,SDSS_DR18_SPECTROSCOPY,ZWARNING_0_SCIENCEPRIMARY
TRD001218,190.84184,-1.1614088,STAR,SDSS_DR18_SPECTROSCOPY,ZWARNING_0_SCIENCEPRIMARY
TRD001219,191.44165,-0.10134483,STAR,SDSS_DR18_SPECTROSCOPY,ZWARNING_0_SCIENCEPRIMARY
TRD001220,190.83137,-0.27172505,STAR,SDSS_DR18_SPECTROSCOPY,ZWARNING_0_SCIENCEPRIMARY
TRD001221,190.63333,-1.1958258,STAR,SDSS_DR18_SPECTROSCOPY,ZWARNING_0_SCIENCEPRIMARY
TRD001222,190.61167,-1.0351112,STAR,SDSS_DR18_SPECTROSCOPY,ZWARNING_0_SCIENCEPRIMARY
TRD001223,190.62513,0.00027289323,STAR,SDSS_DR18_SPECTROSCOPY,ZWARNING_0_SCIENCEPRIMARY
TRD001224,190.66922,-0.17098247,STAR,SDSS_DR18_SPECTROSCOPY,ZWARNING_0_SCIENCEPRIMARY
TRD001225,190.7688,-0.13315299,STAR,SDSS_DR18_SPECTROSCOPY,ZWARNING_0_SCIENCEPRIMARY
TRD001226,190.22725,-1.122662,STAR,SDSS_DR18_SPECTROSCOPY,ZWARNING_0_SCIENCEPRIMARY
TRD001227,190.39681,-0.45143889,STAR,SDSS_DR18_SPECTROSCOPY,ZWARNING_0_SCIENCEPRIMARY
TRD001228,190.01476,-0.06929854,STAR,SDSS_DR18_SPECTROSCOPY,ZWARNING_0_SCIENCEPRIMARY
TRD001229,189.97336,-0.77571583,STAR,SDSS_DR18_SPECTROSCOPY,ZWARNING_0_SCIENCEPRIMARY
TRD001230,189.44857,-0.052722056,STAR,SDSS_DR18_SPECTROSCOPY,ZWARNING_0_SCIENCEPRIMARY
TRD001231,189.25732,-0.19995461,STAR,SDSS_DR18_SPECTROSCOPY,ZWARNING_0_SCIENCEPRIMARY
TRD001232,190.01278,1.1178959,STAR,SDSS_DR18_SPECTROSCOPY,ZWARNING_0_SCIENCEPRIMARY
TRD001233,190.11285,0.97031374,STAR,SDSS_DR18_SPECTROSCOPY,ZWARNING_0_SCIENCEPRIMARY
TRD001234,190.12604,0.2891114,STAR,SDSS_DR18_SPECTROSCOPY,ZWARNING_0_SCIENCEPRIMARY
TRD001235,189.58651,0.17003817,STAR,SDSS_DR18_SPECTROSCOPY,ZWARNING_0_SCIENCEPRIMARY
TRD001236,190.26946,1.044692,STAR,SDSS_DR18_SPECTROSCOPY,ZWARNING_0_SCIENCEPRIMARY
TRD001237,190.40951,0.15730142,STAR,SDSS_DR18_SPECTROSCOPY,ZWARNING_0_SCIENCEPRIMARY
TRD001238,190.45133,0.35166589,STAR,SDSS_DR18_SPECTROSCOPY,ZWARNING_0_SCIENCEPRIMARY
TRD001239,190.38302,0.67533834,STAR,SDSS_DR18_SPECTROSCOPY,ZWARNING_0_SCIENCEPRIMARY
TRD001240,190.59567,0.72109321,STAR,SDSS_DR18_SPECTROSCOPY,ZWARNING_0_SCIENCEPRIMARY
TRD001241,190.66362,0.52239676,STAR,SDSS_DR18_SPECTROSCOPY,ZWARNING_0_SCIENCEPRIMARY
TRD001242,190.91012,1.219049,STAR,SDSS_DR18_SPECTROSCOPY,ZWARNING_0_SCIENCEPRIMARY
TRD001243,190.95846,1.0493744,STAR,SDSS_DR18_SPECTROSCOPY,ZWARNING_0_SCIENCEPRIMARY
TRD001244,190.88312,0.51722801,STAR,SDSS_DR18_SPECTROSCOPY,ZWARNING_0_SCIENCEPRIMARY
TRD001245,190.86924,0.30819454,STAR,SDSS_DR18_SPECTROSCOPY,ZWARNING_0_SCIENCEPRIMARY
TRD001246,190.93288,0.11449507,STAR,SDSS_DR18_SPECTROSCOPY,ZWARNING_0_SCIENCEPRIMARY
TRD001247,190.96156,0.17914302,STAR,SDSS_DR18_SPECTROSCOPY,ZWARNING_0_SCIENCEPRIMARY
TRD001248,190.94325,0.42637361,STAR,SDSS_DR18_SPECTROSCOPY,ZWARNING_0_SCIENCEPRIMARY
TRD001249,191.02757,0.54887553,STAR,SDSS_DR18_SPECTROSCOPY,ZWARNING_0_SCIENCEPRIMARY
TRD001250,191.75995,0.48085434,STAR,SDSS_DR18_SPECTROSCOPY,ZWARNING_0_SCIENCEPRIMARY
TRD001251,191.76609,0.38478203,STAR,SDSS_DR18_SPECTROSCOPY,ZWARNING_0_SCIENCEPRIMARY
TRD001252,192.13857,0.18687768,STAR,SDSS_DR18_SPECTROSCOPY,ZWARNING_0_SCIENCEPRIMARY
TRD001253,193.13972,-0.84708786,STAR,SDSS_DR18_SPECTROSCOPY,ZWARNING_0_SCIENCEPRIMARY
TRD001254,193.16304,-0.80343635,STAR,SDSS_DR18_SPECTROSCOPY,ZWARNING_0_SCIENCEPRIMARY
TRD001255,193.82996,-0.69540288,STAR,SDSS_DR18_SPECTROSCOPY,ZWARNING_0_SCIENCEPRIMARY
TRD001256,193.04035,-1.2345931,STAR,SDSS_DR18_SPECTROSCOPY,ZWARNING_0_SCIENCEPRIMARY
TRD001257,193.05947,-0.84931847,STAR,SDSS_DR18_SPECTROSCOPY,ZWARNING_0_SCIENCEPRIMARY
TRD001258,193.28481,-0.27917199,STAR,SDSS_DR18_SPECTROSCOPY,ZWARNING_0_SCIENCEPRIMARY
TRD001259,193.3356,-0.15116828,STAR,SDSS_DR18_SPECTROSCOPY,ZWARNING_0_SCIENCEPRIMARY
TRD001260,193.46245,-0.16954157,STAR,SDSS_DR18_SPECTROSCOPY,ZWARNING_0_SCIENCEPRIMARY
TRD001261,192.73673,-0.93310743,STAR,SDSS_DR18_SPECTROSCOPY,ZWARNING_0_SCIENCEPRIMARY
TRD001262,192.82033,-1.1861367,STAR,SDSS_DR18_SPECTROSCOPY,ZWARNING_0_SCIENCEPRIMARY
TRD001263,192.91577,-1.0483631,STAR,SDSS_DR18_SPECTROSCOPY,ZWARNING_0_SCIENCEPRIMARY
TRD001264,192.9143,-0.93722795,STAR,SDSS_DR18_SPECTROSCOPY,ZWARNING_0_SCIENCEPRIMARY
TRD001265,193.12276,-0.40658528,STAR,SDSS_DR18_SPECTROSCOPY,ZWARNING_0_SCIENCEPRIMARY
TRD001266,193.09809,-0.61893655,STAR,SDSS_DR18_SPECTROSCOPY,ZWARNING_0_SCIENCEPRIMARY
TRD001267,193.21149,-0.35626538,STAR,SDSS_DR18_SPECTROSCOPY,ZWARNING_0_SCIENCEPRIMARY
TRD001268,192.55101,-0.81062777,STAR,SDSS_DR18_SPECTROSCOPY,ZWARNING_0_SCIENCEPRIMARY
TRD001269,192.69223,-0.70316363,STAR,SDSS_DR18_SPECTROSCOPY,ZWARNING_0_SCIENCEPRIMARY
TRD001270,192.71196,-0.13503238,STAR,SDSS_DR18_SPECTROSCOPY,ZWARNING_0_SCIENCEPRIMARY
TRD001271,192.82957,-0.069210019,STAR,SDSS_DR18_SPECTROSCOPY,ZWARNING_0_SCIENCEPRIMARY
TRD001272,192.24104,-1.2582524,STAR,SDSS_DR18_SPECTROSCOPY,ZWARNING_0_SCIENCEPRIMARY
TRD001273,192.18914,-1.1772611,STAR,SDSS_DR18_SPECTROSCOPY,ZWARNING_0_SCIENCEPRIMARY
TRD001274,192.31065,-0.82374172,STAR,SDSS_DR18_SPECTROSCOPY,ZWARNING_0_SCIENCEPRIMARY
TRD001275,191.99921,-0.082266339,STAR,SDSS_DR18_SPECTROSCOPY,ZWARNING_0_SCIENCEPRIMARY
TRD001276,192.05913,-1.1477475,STAR,SDSS_DR18_SPECTROSCOPY,ZWARNING_0_SCIENCEPRIMARY
TRD001277,191.83795,-0.49208942,STAR,SDSS_DR18_SPECTROSCOPY,ZWARNING_0_SCIENCEPRIMARY
TRD001278,191.95374,-1.1860921,STAR,SDSS_DR18_SPECTROSCOPY,ZWARNING_0_SCIENCEPRIMARY
TRD001279,191.72565,-0.84446159,STAR,SDSS_DR18_SPECTROSCOPY,ZWARNING_0_SCIENCEPRIMARY
TRD001280,191.52717,-0.78867538,STAR,SDSS_DR18_SPECTROSCOPY,ZWARNING_0_SCIENCEPRIMARY
TRD001281,191.77544,-1.2412135,STAR,SDSS_DR18_SPECTROSCOPY,ZWARNING_0_SCIENCEPRIMARY
TRD001282,191.32867,-0.51489041,STAR,SDSS_DR18_SPECTROSCOPY,ZWARNING_0_SCIENCEPRIMARY
TRD001283,191.57409,0.89457406,STAR,SDSS_DR18_SPECTROSCOPY,ZWARNING_0_SCIENCEPRIMARY
TRD001284,191.56771,0.99660439,STAR,SDSS_DR18_SPECTROSCOPY,ZWARNING_0_SCIENCEPRIMARY
TRD001285,191.67357,0.63088429,STAR,SDSS_DR18_SPECTROSCOPY,ZWARNING_0_SCIENCEPRIMARY
TRD001286,191.33025,0.69851837,STAR,SDSS_DR18_SPECTROSCOPY,ZWARNING_0_SCIENCEPRIMARY
TRD001287,191.42499,0.67229018,STAR,SDSS_DR18_SPECTROSCOPY,ZWARNING_0_SCIENCEPRIMARY
TRD001288,191.43656,0.3632457,STAR,SDSS_DR18_SPECTROSCOPY,ZWARNING_0_SCIENCEPRIMARY
TRD001289,191.20561,0.3659579,STAR,SDSS_DR18_SPECTROSCOPY,ZWARNING_0_SCIENCEPRIMARY
TRD001290,191.29346,0.056598893,STAR,SDSS_DR18_SPECTROSCOPY,ZWARNING_0_SCIENCEPRIMARY
TRD001291,191.72543,0.98090288,STAR,SDSS_DR18_SPECTROSCOPY,ZWARNING_0_SCIENCEPRIMARY
TRD001292,191.79095,0.92583757,STAR,SDSS_DR18_SPECTROSCOPY,ZWARNING_0_SCIENCEPRIMARY
TRD001293,192.02134,1.020428,STAR,SDSS_DR18_SPECTROSCOPY,ZWARNING_0_SCIENCEPRIMARY
TRD001294,191.75751,0.84071798,STAR,SDSS_DR18_SPECTROSCOPY,ZWARNING_0_SCIENCEPRIMARY
TRD001295,192.12822,0.96308232,STAR,SDSS_DR18_SPECTROSCOPY,ZWARNING_0_SCIENCEPRIMARY
TRD001296,191.6313,0.065432181,STAR,SDSS_DR18_SPECTROSCOPY,ZWARNING_0_SCIENCEPRIMARY
TRD001297,192.41721,1.0459204,STAR,SDSS_DR18_SPECTROSCOPY,ZWARNING_0_SCIENCEPRIMARY
TRD001298,192.22505,1.1581142,STAR,SDSS_DR18_SPECTROSCOPY,ZWARNING_0_SCIENCEPRIMARY
TRD001299,192.20508,1.0326609,STAR,SDSS_DR18_SPECTROSCOPY,ZWARNING_0_SCIENCEPRIMARY
TRD001300,192.67832,1.1610878,STAR,SDSS_DR18_SPECTROSCOPY,ZWARNING_0_SCIENCEPRIMARY
TRD001301,192.16224,0.37069364,STAR,SDSS_DR18_SPECTROSCOPY,ZWARNING_0_SCIENCEPRIMARY
TRD001302,192.29461,0.15598792,STAR,SDSS_DR18_SPECTROSCOPY,ZWARNING_0_SCIENCEPRIMARY
TRD001303,191.93789,0.23071802,STAR,SDSS_DR18_SPECTROSCOPY,ZWARNING_0_SCIENCEPRIMARY
TRD001304,192.0488,0.078714287,STAR,SDSS_DR18_SPECTROSCOPY,ZWARNING_0_SCIENCEPRIMARY
TRD001305,192.50476,0.38617769,STAR,SDSS_DR18_SPECTROSCOPY,ZWARNING_0_SCIENCEPRIMARY
TRD001306,192.46705,0.43251034,STAR,SDSS_DR18_SPECTROSCOPY,ZWARNING_0_SCIENCEPRIMARY
TRD001307,192.33372,0.31989814,STAR,SDSS_DR18_SPECTROSCOPY,ZWARNING_0_SCIENCEPRIMARY
TRD001308,192.44511,0.47881729,STAR,SDSS_DR18_SPECTROSCOPY,ZWARNING_0_SCIENCEPRIMARY
TRD001309,192.76536,0.42240501,STAR,SDSS_DR18_SPECTROSCOPY,ZWARNING_0_SCIENCEPRIMARY
TRD001310,192.74671,0.87767349,STAR,SDSS_DR18_SPECTROSCOPY,ZWARNING_0_SCIENCEPRIMARY
TRD001311,192.78852,0.72252035,STAR,SDSS_DR18_SPECTROSCOPY,ZWARNING_0_SCIENCEPRIMARY
TRD001312,192.83343,0.73400644,STAR,SDSS_DR18_SPECTROSCOPY,ZWARNING_0_SCIENCEPRIMARY
TRD001313,193.02054,0.48384455,STAR,SDSS_DR18_SPECTROSCOPY,ZWARNING_0_SCIENCEPRIMARY
TRD001314,192.85811,0.44449037,STAR,SDSS_DR18_SPECTROSCOPY,ZWARNING_0_SCIENCEPRIMARY
TRD001315,193.14436,0.48641876,STAR,SDSS_DR18_SPECTROSCOPY,ZWARNING_0_SCIENCEPRIMARY
TRD001316,192.93169,1.0864282,STAR,SDSS_DR18_SPECTROSCOPY,ZWARNING_0_SCIENCEPRIMARY
TRD001317,192.93838,1.2247003,STAR,SDSS_DR18_SPECTROSCOPY,ZWARNING_0_SCIENCEPRIMARY
TRD001318,193.21405,1.0073279,STAR,SDSS_DR18_SPECTROSCOPY,ZWARNING_0_SCIENCEPRIMARY
TRD001319,193.22504,0.48422002,STAR,SDSS_DR18_SPECTROSCOPY,ZWARNING_0_SCIENCEPRIMARY
TRD001320,193.17616,0.38035507,STAR,SDSS_DR18_SPECTROSCOPY,ZWARNING_0_SCIENCEPRIMARY
TRD001321,193.30627,1.0938127,STAR,SDSS_DR18_SPECTROSCOPY,ZWARNING_0_SCIENCEPRIMARY
TRD001322,193.99975,0.11735816,STAR,SDSS_DR18_SPECTROSCOPY,ZWARNING_0_SCIENCEPRIMARY
TRD001323,195.37036,-1.1130027,STAR,SDSS_DR18_SPECTROSCOPY,ZWARNING_0_SCIENCEPRIMARY
TRD001324,195.81301,-0.3632887,STAR,SDSS_DR18_SPECTROSCOPY,ZWARNING_0_SCIENCEPRIMARY
TRD001325,195.61124,-0.0096056883,STAR,SDSS_DR18_SPECTROSCOPY,ZWARNING_0_SCIENCEPRIMARY
TRD001326,195.85554,-0.083715942,STAR,SDSS_DR18_SPECTROSCOPY,ZWARNING_0_SCIENCEPRIMARY
TRD001327,195.03239,-0.87304096,STAR,SDSS_DR18_SPECTROSCOPY,ZWARNING_0_SCIENCEPRIMARY
TRD001328,195.11818,-1.2080445,STAR,SDSS_DR18_SPECTROSCOPY,ZWARNING_0_SCIENCEPRIMARY
TRD001329,195.28297,-0.89368496,STAR,SDSS_DR18_SPECTROSCOPY,ZWARNING_0_SCIENCEPRIMARY
TRD001330,195.25175,-1.0497332,STAR,SDSS_DR18_SPECTROSCOPY,ZWARNING_0_SCIENCEPRIMARY
TRD001331,195.03006,-0.99640973,STAR,SDSS_DR18_SPECTROSCOPY,ZWARNING_0_SCIENCEPRIMARY
TRD001332,195.41928,-0.34843869,STAR,SDSS_DR18_SPECTROSCOPY,ZWARNING_0_SCIENCEPRIMARY
TRD001333,194.81876,-1.0228828,STAR,SDSS_DR18_SPECTROSCOPY,ZWARNING_0_SCIENCEPRIMARY
TRD001334,194.88521,-1.2062504,STAR,SDSS_DR18_SPECTROSCOPY,ZWARNING_0_SCIENCEPRIMARY
TRD001335,194.8167,-0.87189473,STAR,SDSS_DR18_SPECTROSCOPY,ZWARNING_0_SCIENCEPRIMARY
TRD001336,194.77008,-1.1454163,STAR,SDSS_DR18_SPECTROSCOPY,ZWARNING_0_SCIENCEPRIMARY
TRD001337,195.07991,-0.55011528,STAR,SDSS_DR18_SPECTROSCOPY,ZWARNING_0_SCIENCEPRIMARY
TRD001338,195.19337,-0.021546833,STAR,SDSS_DR18_SPECTROSCOPY,ZWARNING_0_SCIENCEPRIMARY
TRD001339,194.62454,-1.0917164,STAR,SDSS_DR18_SPECTROSCOPY,ZWARNING_0_SCIENCEPRIMARY
TRD001340,194.6961,-1.1693699,STAR,SDSS_DR18_SPECTROSCOPY,ZWARNING_0_SCIENCEPRIMARY
TRD001341,194.49057,-0.98238143,STAR,SDSS_DR18_SPECTROSCOPY,ZWARNING_0_SCIENCEPRIMARY
TRD001342,194.7441,-0.6721337,STAR,SDSS_DR18_SPECTROSCOPY,ZWARNING_0_SCIENCEPRIMARY
TRD001343,194.69478,-0.17214285,STAR,SDSS_DR18_SPECTROSCOPY,ZWARNING_0_SCIENCEPRIMARY
TRD001344,194.51313,-0.32976601,STAR,SDSS_DR18_SPECTROSCOPY,ZWARNING_0_SCIENCEPRIMARY
TRD001345,194.37014,-0.057868665,STAR,SDSS_DR18_SPECTROSCOPY,ZWARNING_0_SCIENCEPRIMARY
TRD001346,194.14962,-0.32916026,STAR,SDSS_DR18_SPECTROSCOPY,ZWARNING_0_SCIENCEPRIMARY
TRD001347,194.22016,-0.01959599,STAR,SDSS_DR18_SPECTROSCOPY,ZWARNING_0_SCIENCEPRIMARY
TRD001348,194.14014,-0.079059515,STAR,SDSS_DR18_SPECTROSCOPY,ZWARNING_0_SCIENCEPRIMARY
TRD001349,194.27133,-0.0015474852,STAR,SDSS_DR18_SPECTROSCOPY,ZWARNING_0_SCIENCEPRIMARY
TRD001350,194.33657,-1.0525089,STAR,SDSS_DR18_SPECTROSCOPY,ZWARNING_0_SCIENCEPRIMARY
TRD001351,194.40525,-1.2267039,STAR,SDSS_DR18_SPECTROSCOPY,ZWARNING_0_SCIENCEPRIMARY
TRD001352,194.00535,-0.46516802,STAR,SDSS_DR18_SPECTROSCOPY,ZWARNING_0_SCIENCEPRIMARY
TRD001353,194.00385,-0.24718804,STAR,SDSS_DR18_SPECTROSCOPY,ZWARNING_0_SCIENCEPRIMARY
TRD001354,194.05305,-0.86864249,STAR,SDSS_DR18_SPECTROSCOPY,ZWARNING_0_SCIENCEPRIMARY
TRD001355,194.10313,-0.74685664,STAR,SDSS_DR18_SPECTROSCOPY,ZWARNING_0_SCIENCEPRIMARY
TRD001356,193.51705,-0.44681067,STAR,SDSS_DR18_SPECTROSCOPY,ZWARNING_0_SCIENCEPRIMARY
TRD001357,193.77623,-0.31803992,STAR,SDSS_DR18_SPECTROSCOPY,ZWARNING_0_SCIENCEPRIMARY
TRD001358,193.74292,-1.1346094,STAR,SDSS_DR18_SPECTROSCOPY,ZWARNING_0_SCIENCEPRIMARY
TRD001359,193.3079,-0.79534882,STAR,SDSS_DR18_SPECTROSCOPY,ZWARNING_0_SCIENCEPRIMARY
TRD001360,193.77214,-0.80589841,STAR,SDSS_DR18_SPECTROSCOPY,ZWARNING_0_SCIENCEPRIMARY
TRD001361,193.0618,-0.42046116,STAR,SDSS_DR18_SPECTROSCOPY,ZWARNING_0_SCIENCEPRIMARY
TRD001362,193.2875,-0.63223108,STAR,SDSS_DR18_SPECTROSCOPY,ZWARNING_0_SCIENCEPRIMARY
TRD001363,193.17552,-0.32566919,STAR,SDSS_DR18_SPECTROSCOPY,ZWARNING_0_SCIENCEPRIMARY
TRD001364,193.3236,-0.33187304,STAR,SDSS_DR18_SPECTROSCOPY,ZWARNING_0_SCIENCEPRIMARY
TRD001365,193.18582,-0.42025627,STAR,SDSS_DR18_SPECTROSCOPY,ZWARNING_0_SCIENCEPRIMARY
TRD001366,193.61452,1.0310894,STAR,SDSS_DR18_SPECTROSCOPY,ZWARNING_0_SCIENCEPRIMARY
TRD001367,193.30048,0.92851896,STAR,SDSS_DR18_SPECTROSCOPY,ZWARNING_0_SCIENCEPRIMARY
TRD001368,193.32879,0.073214876,STAR,SDSS_DR18_SPECTROSCOPY,ZWARNING_0_SCIENCEPRIMARY
TRD001369,194.01093,1.0964272,STAR,SDSS_DR18_SPECTROSCOPY,ZWARNING_0_SCIENCEPRIMARY
TRD001370,194.02172,1.0742995,STAR,SDSS_DR18_SPECTROSCOPY,ZWARNING_0_SCIENCEPRIMARY
TRD001371,194.0467,0.78013095,STAR,SDSS_DR18_SPECTROSCOPY,ZWARNING_0_SCIENCEPRIMARY
TRD001372,194.04339,1.0778706,STAR,SDSS_DR18_SPECTROSCOPY,ZWARNING_0_SCIENCEPRIMARY
TRD001373,194.21136,1.2176603,STAR,SDSS_DR18_SPECTROSCOPY,ZWARNING_0_SCIENCEPRIMARY
TRD001374,193.3985,0.46254114,STAR,SDSS_DR18_SPECTROSCOPY,ZWARNING_0_SCIENCEPRIMARY
TRD001375,193.5545,0.65432653,STAR,SDSS_DR18_SPECTROSCOPY,ZWARNING_0_SCIENCEPRIMARY
TRD001376,193.56837,0.13756945,STAR,SDSS_DR18_SPECTROSCOPY,ZWARNING_0_SCIENCEPRIMARY
TRD001377,193.48034,0.2414979,STAR,SDSS_DR18_SPECTROSCOPY,ZWARNING_0_SCIENCEPRIMARY
TRD001378,193.57457,0.62640809,STAR,SDSS_DR18_SPECTROSCOPY,ZWARNING_0_SCIENCEPRIMARY
TRD001379,193.45834,0.41785151,STAR,SDSS_DR18_SPECTROSCOPY,ZWARNING_0_SCIENCEPRIMARY
TRD001380,194.3124,0.97171511,STAR,SDSS_DR18_SPECTROSCOPY,ZWARNING_0_SCIENCEPRIMARY
TRD001381,194.34791,1.0674341,STAR,SDSS_DR18_SPECTROSCOPY,ZWARNING_0_SCIENCEPRIMARY
TRD001382,194.61351,0.92088733,STAR,SDSS_DR18_SPECTROSCOPY,ZWARNING_0_SCIENCEPRIMARY
TRD001383,194.78431,0.96716084,STAR,SDSS_DR18_SPECTROSCOPY,ZWARNING_0_SCIENCEPRIMARY
TRD001384,194.52192,0.95303048,STAR,SDSS_DR18_SPECTROSCOPY,ZWARNING_0_SCIENCEPRIMARY
TRD001385,193.60278,0.47193231,STAR,SDSS_DR18_SPECTROSCOPY,ZWARNING_0_SCIENCEPRIMARY
TRD001386,193.98345,0.75017587,STAR,SDSS_DR18_SPECTROSCOPY,ZWARNING_0_SCIENCEPRIMARY
TRD001387,193.91537,0.19631587,STAR,SDSS_DR18_SPECTROSCOPY,ZWARNING_0_SCIENCEPRIMARY
TRD001388,194.84332,0.79976138,STAR,SDSS_DR18_SPECTROSCOPY,ZWARNING_0_SCIENCEPRIMARY
TRD001389,194.24299,0.055804834,STAR,SDSS_DR18_SPECTROSCOPY,ZWARNING_0_SCIENCEPRIMARY
TRD001390,194.44768,0.097349933,STAR,SDSS_DR18_SPECTROSCOPY,ZWARNING_0_SCIENCEPRIMARY
TRD001391,194.45947,0.57132481,STAR,SDSS_DR18_SPECTROSCOPY,ZWARNING_0_SCIENCEPRIMARY
TRD001392,194.40608,0.61243227,STAR,SDSS_DR18_SPECTROSCOPY,ZWARNING_0_SCIENCEPRIMARY
TRD001393,194.15321,0.71081308,STAR,SDSS_DR18_SPECTROSCOPY,ZWARNING_0_SCIENCEPRIMARY
TRD001394,194.5708,0.11950944,STAR,SDSS_DR18_SPECTROSCOPY,ZWARNING_0_SCIENCEPRIMARY
TRD001395,194.75851,0.22532619,STAR,SDSS_DR18_SPECTROSCOPY,ZWARNING_0_SCIENCEPRIMARY
TRD001396,195.10638,0.75837653,STAR,SDSS_DR18_SPECTROSCOPY,ZWARNING_0_SCIENCEPRIMARY
TRD001397,195.02291,1.1865813,STAR,SDSS_DR18_SPECTROSCOPY,ZWARNING_0_SCIENCEPRIMARY
TRD001398,195.29221,0.73198826,STAR,SDSS_DR18_SPECTROSCOPY,ZWARNING_0_SCIENCEPRIMARY
TRD001399,195.40205,0.33747561,STAR,SDSS_DR18_SPECTROSCOPY,ZWARNING_0_SCIENCEPRIMARY
TRD001400,195.37006,0.52637663,STAR,SDSS_DR18_SPECTROSCOPY,ZWARNING_0_SCIENCEPRIMARY
TRD001401,195.24302,1.2286854,STAR,SDSS_DR18_SPECTROSCOPY,ZWARNING_0_SCIENCEPRIMARY
TRD001402,195.24669,0.95326701,STAR,SDSS_DR18_SPECTROSCOPY,ZWARNING_0_SCIENCEPRIMARY
TRD001403,195.24429,1.1299749,STAR,SDSS_DR18_SPECTROSCOPY,ZWARNING_0_SCIENCEPRIMARY
TRD001404,195.45683,0.63995809,STAR,SDSS_DR18_SPECTROSCOPY,ZWARNING_0_SCIENCEPRIMARY
TRD001405,195.56731,0.32953423,STAR,SDSS_DR18_SPECTROSCOPY,ZWARNING_0_SCIENCEPRIMARY
TRD001406,195.2938,1.127755,STAR,SDSS_DR18_SPECTROSCOPY,ZWARNING_0_SCIENCEPRIMARY
TRD001407,195.28172,0.79416591,STAR,SDSS_DR18_SPECTROSCOPY,ZWARNING_0_SCIENCEPRIMARY
TRD001408,195.54903,0.7907526,STAR,SDSS_DR18_SPECTROSCOPY,ZWARNING_0_SCIENCEPRIMARY
TRD001409,195.68456,0.66341355,STAR,SDSS_DR18_SPECTROSCOPY,ZWARNING_0_SCIENCEPRIMARY
TRD001410,195.73383,0.090773563,STAR,SDSS_DR18_SPECTROSCOPY,ZWARNING_0_SCIENCEPRIMARY
TRD001411,195.88678,0.32341386,STAR,SDSS_DR18_SPECTROSCOPY,ZWARNING_0_SCIENCEPRIMARY
TRD001412,197.39251,-0.763418,STAR,SDSS_DR18_SPECTROSCOPY,ZWARNING_0_SCIENCEPRIMARY
TRD001413,196.90679,-1.0490203,STAR,SDSS_DR18_SPECTROSCOPY,ZWARNING_0_SCIENCEPRIMARY
TRD001414,197.31826,-0.12123405,STAR,SDSS_DR18_SPECTROSCOPY,ZWARNING_0_SCIENCEPRIMARY
TRD001415,197.22645,-0.25203657,STAR,SDSS_DR18_SPECTROSCOPY,ZWARNING_0_SCIENCEPRIMARY
TRD001416,197.22883,-0.46175495,STAR,SDSS_DR18_SPECTROSCOPY,ZWARNING_0_SCIENCEPRIMARY
TRD001417,196.48566,-1.2277138,STAR,SDSS_DR18_SPECTROSCOPY,ZWARNING_0_SCIENCEPRIMARY
TRD001418,196.41894,-1.1163795,STAR,SDSS_DR18_SPECTROSCOPY,ZWARNING_0_SCIENCEPRIMARY
TRD001419,196.40166,-0.80703699,STAR,SDSS_DR18_SPECTROSCOPY,ZWARNING_0_SCIENCEPRIMARY
TRD001420,196.21933,-0.70983203,STAR,SDSS_DR18_SPECTROSCOPY,ZWARNING_0_SCIENCEPRIMARY
TRD001421,196.14417,-1.0432409,STAR,SDSS_DR18_SPECTROSCOPY,ZWARNING_0_SCIENCEPRIMARY
TRD001422,196.5299,-0.50442586,STAR,SDSS_DR18_SPECTROSCOPY,ZWARNING_0_SCIENCEPRIMARY
TRD001423,196.42962,-0.080175539,STAR,SDSS_DR18_SPECTROSCOPY,ZWARNING_0_SCIENCEPRIMARY
TRD001424,195.95662,-0.73895594,STAR,SDSS_DR18_SPECTROSCOPY,ZWARNING_0_SCIENCEPRIMARY
TRD001425,196.07231,-0.54047879,STAR,SDSS_DR18_SPECTROSCOPY,ZWARNING_0_SCIENCEPRIMARY
TRD001426,196.04836,-0.5010907,STAR,SDSS_DR18_SPECTROSCOPY,ZWARNING_0_SCIENCEPRIMARY
TRD001427,196.10184,-0.44470432,STAR,SDSS_DR18_SPECTROSCOPY,ZWARNING_0_SCIENCEPRIMARY
TRD001428,195.82598,-1.1352041,STAR,SDSS_DR18_SPECTROSCOPY,ZWARNING_0_SCIENCEPRIMARY
TRD001429,195.69993,-0.83407393,STAR,SDSS_DR18_SPECTROSCOPY,ZWARNING_0_SCIENCEPRIMARY
TRD001430,195.53476,1.0791297,STAR,SDSS_DR18_SPECTROSCOPY,ZWARNING_0_SCIENCEPRIMARY
TRD001431,195.68734,0.74185112,STAR,SDSS_DR18_SPECTROSCOPY,ZWARNING_0_SCIENCEPRIMARY
TRD001432,195.54386,1.1202197,STAR,SDSS_DR18_SPECTROSCOPY,ZWARNING_0_SCIENCEPRIMARY
TRD001433,195.62988,0.39923046,STAR,SDSS_DR18_SPECTROSCOPY,ZWARNING_0_SCIENCEPRIMARY
TRD001434,195.23747,0.60650807,STAR,SDSS_DR18_SPECTROSCOPY,ZWARNING_0_SCIENCEPRIMARY
TRD001435,195.8718,0.085323232,STAR,SDSS_DR18_SPECTROSCOPY,ZWARNING_0_SCIENCEPRIMARY
TRD001436,196.09254,0.88381609,STAR,SDSS_DR18_SPECTROSCOPY,ZWARNING_0_SCIENCEPRIMARY
TRD001437,196.01833,0.27137853,STAR,SDSS_DR18_SPECTROSCOPY,ZWARNING_0_SCIENCEPRIMARY
TRD001438,196.1526,0.82745517,STAR,SDSS_DR18_SPECTROSCOPY,ZWARNING_0_SCIENCEPRIMARY
TRD001439,196.20826,0.89380813,STAR,SDSS_DR18_SPECTROSCOPY,ZWARNING_0_SCIENCEPRIMARY
TRD001440,196.48034,0.39647013,STAR,SDSS_DR18_SPECTROSCOPY,ZWARNING_0_SCIENCEPRIMARY
TRD001441,196.33316,0.64305935,STAR,SDSS_DR18_SPECTROSCOPY,ZWARNING_0_SCIENCEPRIMARY
TRD001442,196.66639,1.1532225,STAR,SDSS_DR18_SPECTROSCOPY,ZWARNING_0_SCIENCEPRIMARY
TRD001443,196.65104,1.1525609,STAR,SDSS_DR18_SPECTROSCOPY,ZWARNING_0_SCIENCEPRIMARY
TRD001444,197.08506,0.35067324,STAR,SDSS_DR18_SPECTROSCOPY,ZWARNING_0_SCIENCEPRIMARY
TRD001445,196.96282,0.15581413,STAR,SDSS_DR18_SPECTROSCOPY,ZWARNING_0_SCIENCEPRIMARY
TRD001446,197.14727,0.11391897,STAR,SDSS_DR18_SPECTROSCOPY,ZWARNING_0_SCIENCEPRIMARY
TRD001447,197.27981,0.10733476,STAR,SDSS_DR18_SPECTROSCOPY,ZWARNING_0_SCIENCEPRIMARY
TRD001448,197.49058,0.17661928,STAR,SDSS_DR18_SPECTROSCOPY,ZWARNING_0_SCIENCEPRIMARY
TRD001449,197.21242,0.95057118,STAR,SDSS_DR18_SPECTROSCOPY,ZWARNING_0_SCIENCEPRIMARY
TRD001450,197.64075,0.51248077,STAR,SDSS_DR18_SPECTROSCOPY,ZWARNING_0_SCIENCEPRIMARY
TRD001451,197.90476,0.13428487,STAR,SDSS_DR18_SPECTROSCOPY,ZWARNING_0_SCIENCEPRIMARY
TRD001452,197.90258,0.4029276,STAR,SDSS_DR18_SPECTROSCOPY,ZWARNING_0_SCIENCEPRIMARY
TRD001453,197.84983,0.020110549,STAR,SDSS_DR18_SPECTROSCOPY,ZWARNING_0_SCIENCEPRIMARY
TRD001454,199.14449,-1.050052,STAR,SDSS_DR18_SPECTROSCOPY,ZWARNING_0_SCIENCEPRIMARY
TRD001455,199.06444,-0.95462398,STAR,SDSS_DR18_SPECTROSCOPY,ZWARNING_0_SCIENCEPRIMARY
TRD001456,199.10328,-1.0528326,STAR,SDSS_DR18_SPECTROSCOPY,ZWARNING_0_SCIENCEPRIMARY
TRD001457,199.32404,-0.59943631,STAR,SDSS_DR18_SPECTROSCOPY,ZWARNING_0_SCIENCEPRIMARY
TRD001458,199.53246,-0.16399499,STAR,SDSS_DR18_SPECTROSCOPY,ZWARNING_0_SCIENCEPRIMARY
TRD001459,199.48943,-0.13857356,STAR,SDSS_DR18_SPECTROSCOPY,ZWARNING_0_SCIENCEPRIMARY
TRD001460,199.26198,-0.80157154,STAR,SDSS_DR18_SPECTROSCOPY,ZWARNING_0_SCIENCEPRIMARY
TRD001461,198.23553,-1.2333431,STAR,SDSS_DR18_SPECTROSCOPY,ZWARNING_0_SCIENCEPRIMARY
TRD001462,198.22299,-1.1449341,STAR,SDSS_DR18_SPECTROSCOPY,ZWARNING_0_SCIENCEPRIMARY
TRD001463,198.71598,-0.76025642,STAR,SDSS_DR18_SPECTROSCOPY,ZWARNING_0_SCIENCEPRIMARY
TRD001464,198.70139,-0.4127764,STAR,SDSS_DR18_SPECTROSCOPY,ZWARNING_0_SCIENCEPRIMARY
TRD001465,198.52937,-0.1524655,STAR,SDSS_DR18_SPECTROSCOPY,ZWARNING_0_SCIENCEPRIMARY
TRD001466,198.34065,-0.49049894,STAR,SDSS_DR18_SPECTROSCOPY,ZWARNING_0_SCIENCEPRIMARY
TRD001467,196.80799,-0.60702369,STAR,SDSS_DR18_SPECTROSCOPY,ZWARNING_0_SCIENCEPRIMARY
TRD001468,197.61339,-1.235458,STAR,SDSS_DR18_SPECTROSCOPY,ZWARNING_0_SCIENCEPRIMARY
TRD001469,197.59307,0.99069251,STAR,SDSS_DR18_SPECTROSCOPY,ZWARNING_0_SCIENCEPRIMARY
TRD001470,197.29905,0.27584354,STAR,SDSS_DR18_SPECTROSCOPY,ZWARNING_0_SCIENCEPRIMARY
TRD001471,197.30856,0.99609257,STAR,SDSS_DR18_SPECTROSCOPY,ZWARNING_0_SCIENCEPRIMARY
TRD001472,197.97294,0.37902932,STAR,SDSS_DR18_SPECTROSCOPY,ZWARNING_0_SCIENCEPRIMARY
TRD001473,198.20672,0.22101255,STAR,SDSS_DR18_SPECTROSCOPY,ZWARNING_0_SCIENCEPRIMARY
TRD001474,198.17972,0.22411987,STAR,SDSS_DR18_SPECTROSCOPY,ZWARNING_0_SCIENCEPRIMARY
TRD001475,198.2387,1.0575341,STAR,SDSS_DR18_SPECTROSCOPY,ZWARNING_0_SCIENCEPRIMARY
TRD001476,198.2654,1.0358269,STAR,SDSS_DR18_SPECTROSCOPY,ZWARNING_0_SCIENCEPRIMARY
TRD001477,198.657,0.50820995,STAR,SDSS_DR18_SPECTROSCOPY,ZWARNING_0_SCIENCEPRIMARY
TRD001478,198.53404,0.043022713,STAR,SDSS_DR18_SPECTROSCOPY,ZWARNING_0_SCIENCEPRIMARY
TRD001479,199.20249,0.5233269,STAR,SDSS_DR18_SPECTROSCOPY,ZWARNING_0_SCIENCEPRIMARY
TRD001480,198.93705,1.0042037,STAR,SDSS_DR18_SPECTROSCOPY,ZWARNING_0_SCIENCEPRIMARY
TRD001481,199.4869,0.31916938,STAR,SDSS_DR18_SPECTROSCOPY,ZWARNING_0_SCIENCEPRIMARY
TRD001482,200.83479,-0.96205201,STAR,SDSS_DR18_SPECTROSCOPY,ZWARNING_0_SCIENCEPRIMARY
TRD001483,200.54591,-1.0686299,STAR,SDSS_DR18_SPECTROSCOPY,ZWARNING_0_SCIENCEPRIMARY
TRD001484,200.88609,-0.59945575,STAR,SDSS_DR18_SPECTROSCOPY,ZWARNING_0_SCIENCEPRIMARY
TRD001485,200.94652,-0.81987536,STAR,SDSS_DR18_SPECTROSCOPY,ZWARNING_0_SCIENCEPRIMARY
TRD001486,200.74768,-0.21533827,STAR,SDSS_DR18_SPECTROSCOPY,ZWARNING_0_SCIENCEPRIMARY
TRD001487,199.99443,-1.0793683,STAR,SDSS_DR18_SPECTROSCOPY,ZWARNING_0_SCIENCEPRIMARY
TRD001488,200.35084,-0.16869169,STAR,SDSS_DR18_SPECTROSCOPY,ZWARNING_0_SCIENCEPRIMARY
TRD001489,199.92125,-0.72793974,STAR,SDSS_DR18_SPECTROSCOPY,ZWARNING_0_SCIENCEPRIMARY
TRD001490,199.78798,-1.1975931,STAR,SDSS_DR18_SPECTROSCOPY,ZWARNING_0_SCIENCEPRIMARY
TRD001491,199.83543,-0.27422336,STAR,SDSS_DR18_SPECTROSCOPY,ZWARNING_0_SCIENCEPRIMARY
TRD001492,199.32445,-0.81570305,STAR,SDSS_DR18_SPECTROSCOPY,ZWARNING_0_SCIENCEPRIMARY
TRD001493,199.51251,-0.67228392,STAR,SDSS_DR18_SPECTROSCOPY,ZWARNING_0_SCIENCEPRIMARY
TRD001494,198.59723,-0.26802733,STAR,SDSS_DR18_SPECTROSCOPY,ZWARNING_0_SCIENCEPRIMARY
TRD001495,199.01884,0.82215455,STAR,SDSS_DR18_SPECTROSCOPY,ZWARNING_0_SCIENCEPRIMARY
TRD001496,199.77221,0.32986579,STAR,SDSS_DR18_SPECTROSCOPY,ZWARNING_0_SCIENCEPRIMARY
TRD001497,199.79716,0.99290237,STAR,SDSS_DR18_SPECTROSCOPY,ZWARNING_0_SCIENCEPRIMARY
TRD001498,200.03567,0.43844557,STAR,SDSS_DR18_SPECTROSCOPY,ZWARNING_0_SCIENCEPRIMARY
TRD001499,200.13906,0.4702947,STAR,SDSS_DR18_SPECTROSCOPY,ZWARNING_0_SCIENCEPRIMARY
TRD001500,200.22391,0.6287531,STAR,SDSS_DR18_SPECTROSCOPY,ZWARNING_0_SCIENCEPRIMARY
TRD001501,200.22462,0.67431075,STAR,SDSS_DR18_SPECTROSCOPY,ZWARNING_0_SCIENCEPRIMARY
TRD001502,200.41632,0.40748572,STAR,SDSS_DR18_SPECTROSCOPY,ZWARNING_0_SCIENCEPRIMARY
TRD001503,200.65568,0.49089446,STAR,SDSS_DR18_SPECTROSCOPY,ZWARNING_0_SCIENCEPRIMARY
TRD001504,200.49349,-0.084427495,STAR,SDSS_DR18_SPECTROSCOPY,ZWARNING_0_SCIENCEPRIMARY
TRD001505,200.29652,0.98703836,STAR,SDSS_DR18_SPECTROSCOPY,ZWARNING_0_SCIENCEPRIMARY
TRD001506,201.03449,0.73561815,STAR,SDSS_DR18_SPECTROSCOPY,ZWARNING_0_SCIENCEPRIMARY
TRD001507,201.17562,0.47724143,STAR,SDSS_DR18_SPECTROSCOPY,ZWARNING_0_SCIENCEPRIMARY
TRD001508,202.3676,-0.91679569,STAR,SDSS_DR18_SPECTROSCOPY,ZWARNING_0_SCIENCEPRIMARY
TRD001509,201.89812,-1.1649396,STAR,SDSS_DR18_SPECTROSCOPY,ZWARNING_0_SCIENCEPRIMARY
TRD001510,202.01018,-0.77352359,STAR,SDSS_DR18_SPECTROSCOPY,ZWARNING_0_SCIENCEPRIMARY
TRD001511,202.52397,0.056050167,STAR,SDSS_DR18_SPECTROSCOPY,ZWARNING_0_SCIENCEPRIMARY
TRD001512,202.46626,-0.061823617,STAR,SDSS_DR18_SPECTROSCOPY,ZWARNING_0_SCIENCEPRIMARY
TRD001513,201.87883,-1.1735627,STAR,SDSS_DR18_SPECTROSCOPY,ZWARNING_0_SCIENCEPRIMARY
TRD001514,201.39583,-0.83566517,STAR,SDSS_DR18_SPECTROSCOPY,ZWARNING_0_SCIENCEPRIMARY
TRD001515,201.64581,-1.185615,STAR,SDSS_DR18_SPECTROSCOPY,ZWARNING_0_SCIENCEPRIMARY
TRD001516,201.71927,0.14869663,STAR,SDSS_DR18_SPECTROSCOPY,ZWARNING_0_SCIENCEPRIMARY
TRD001517,201.60394,-0.43673819,STAR,SDSS_DR18_SPECTROSCOPY,ZWARNING_0_SCIENCEPRIMARY
TRD001518,201.23612,-1.0929657,STAR,SDSS_DR18_SPECTROSCOPY,ZWARNING_0_SCIENCEPRIMARY
TRD001519,201.29407,-0.54267456,STAR,SDSS_DR18_SPECTROSCOPY,ZWARNING_0_SCIENCEPRIMARY
TRD001520,201.01864,-0.74135962,STAR,SDSS_DR18_SPECTROSCOPY,ZWARNING_0_SCIENCEPRIMARY
TRD001521,201.0655,-0.79934472,STAR,SDSS_DR18_SPECTROSCOPY,ZWARNING_0_SCIENCEPRIMARY
TRD001522,200.85663,-1.1983727,STAR,SDSS_DR18_SPECTROSCOPY,ZWARNING_0_SCIENCEPRIMARY
TRD001523,200.39415,-0.21796032,STAR,SDSS_DR18_SPECTROSCOPY,ZWARNING_0_SCIENCEPRIMARY
TRD001524,200.65587,-0.25577913,STAR,SDSS_DR18_SPECTROSCOPY,ZWARNING_0_SCIENCEPRIMARY
TRD001525,200.63548,0.066361687,STAR,SDSS_DR18_SPECTROSCOPY,ZWARNING_0_SCIENCEPRIMARY
TRD001526,200.53858,0.54699166,STAR,SDSS_DR18_SPECTROSCOPY,ZWARNING_0_SCIENCEPRIMARY
TRD001527,200.76916,0.15681384,STAR,SDSS_DR18_SPECTROSCOPY,ZWARNING_0_SCIENCEPRIMARY
TRD001528,200.91811,0.56075646,STAR,SDSS_DR18_SPECTROSCOPY,ZWARNING_0_SCIENCEPRIMARY
TRD001529,201.22396,0.1841593,STAR,SDSS_DR18_SPECTROSCOPY,ZWARNING_0_SCIENCEPRIMARY
TRD001530,201.44718,0.89466766,STAR,SDSS_DR18_SPECTROSCOPY,ZWARNING_0_SCIENCEPRIMARY
TRD001531,201.37132,0.86467127,STAR,SDSS_DR18_SPECTROSCOPY,ZWARNING_0_SCIENCEPRIMARY
TRD001532,201.69188,1.1712316,STAR,SDSS_DR18_SPECTROSCOPY,ZWARNING_0_SCIENCEPRIMARY
TRD001533,201.53257,0.96357888,STAR,SDSS_DR18_SPECTROSCOPY,ZWARNING_0_SCIENCEPRIMARY
TRD001534,201.64618,0.34297837,STAR,SDSS_DR18_SPECTROSCOPY,ZWARNING_0_SCIENCEPRIMARY
TRD001535,201.93972,0.32374342,STAR,SDSS_DR18_SPECTROSCOPY,ZWARNING_0_SCIENCEPRIMARY
TRD001536,201.89816,1.0453026,STAR,SDSS_DR18_SPECTROSCOPY,ZWARNING_0_SCIENCEPRIMARY
TRD001537,201.86973,0.96970502,STAR,SDSS_DR18_SPECTROSCOPY,ZWARNING_0_SCIENCEPRIMARY
TRD001538,202.19014,0.54396467,STAR,SDSS_DR18_SPECTROSCOPY,ZWARNING_0_SCIENCEPRIMARY
TRD001539,202.14574,0.58961469,STAR,SDSS_DR18_SPECTROSCOPY,ZWARNING_0_SCIENCEPRIMARY
TRD001540,202.16976,0.45468245,STAR,SDSS_DR18_SPECTROSCOPY,ZWARNING_0_SCIENCEPRIMARY
TRD001541,202.19923,1.1190571,STAR,SDSS_DR18_SPECTROSCOPY,ZWARNING_0_SCIENCEPRIMARY
TRD001542,202.1629,0.89971515,STAR,SDSS_DR18_SPECTROSCOPY,ZWARNING_0_SCIENCEPRIMARY
TRD001543,202.64721,0.96599057,STAR,SDSS_DR18_SPECTROSCOPY,ZWARNING_0_SCIENCEPRIMARY
TRD001544,202.67395,0.54119621,STAR,SDSS_DR18_SPECTROSCOPY,ZWARNING_0_SCIENCEPRIMARY
TRD001545,202.90323,0.33315594,STAR,SDSS_DR18_SPECTROSCOPY,ZWARNING_0_SCIENCEPRIMARY
TRD001546,204.48389,-0.82889827,STAR,SDSS_DR18_SPECTROSCOPY,ZWARNING_0_SCIENCEPRIMARY
TRD001547,204.6034,-0.70446271,STAR,SDSS_DR18_SPECTROSCOPY,ZWARNING_0_SCIENCEPRIMARY
TRD001548,204.84052,-0.40240903,STAR,SDSS_DR18_SPECTROSCOPY,ZWARNING_0_SCIENCEPRIMARY
TRD001549,204.6323,-0.39110289,STAR,SDSS_DR18_SPECTROSCOPY,ZWARNING_0_SCIENCEPRIMARY
TRD001550,204.66596,-0.19962937,STAR,SDSS_DR18_SPECTROSCOPY,ZWARNING_0_SCIENCEPRIMARY
TRD001551,204.66034,-0.12011295,STAR,SDSS_DR18_SPECTROSCOPY,ZWARNING_0_SCIENCEPRIMARY
TRD001552,204.1446,-1.0798337,STAR,SDSS_DR18_SPECTROSCOPY,ZWARNING_0_SCIENCEPRIMARY
TRD001553,203.95234,-0.90640075,STAR,SDSS_DR18_SPECTROSCOPY,ZWARNING_0_SCIENCEPRIMARY
TRD001554,204.57381,-0.59867435,STAR,SDSS_DR18_SPECTROSCOPY,ZWARNING_0_SCIENCEPRIMARY
TRD001555,203.89029,-1.0328928,STAR,SDSS_DR18_SPECTROSCOPY,ZWARNING_0_SCIENCEPRIMARY
TRD001556,203.79582,-0.83913088,STAR,SDSS_DR18_SPECTROSCOPY,ZWARNING_0_SCIENCEPRIMARY
TRD001557,203.66677,-0.74104154,STAR,SDSS_DR18_SPECTROSCOPY,ZWARNING_0_SCIENCEPRIMARY
TRD001558,203.71557,-0.54538507,STAR,SDSS_DR18_SPECTROSCOPY,ZWARNING_0_SCIENCEPRIMARY
TRD001559,203.8568,-0.63838674,STAR,SDSS_DR18_SPECTROSCOPY,ZWARNING_0_SCIENCEPRIMARY
TRD001560,203.76172,-0.2212713,STAR,SDSS_DR18_SPECTROSCOPY,ZWARNING_0_SCIENCEPRIMARY
TRD001561,203.71589,-0.38354028,STAR,SDSS_DR18_SPECTROSCOPY,ZWARNING_0_SCIENCEPRIMARY
TRD001562,203.49683,-0.36938525,STAR,SDSS_DR18_SPECTROSCOPY,ZWARNING_0_SCIENCEPRIMARY
TRD001563,203.39407,-0.57481964,STAR,SDSS_DR18_SPECTROSCOPY,ZWARNING_0_SCIENCEPRIMARY
TRD001564,203.32903,-0.073179229,STAR,SDSS_DR18_SPECTROSCOPY,ZWARNING_0_SCIENCEPRIMARY
TRD001565,203.34779,-0.19984505,STAR,SDSS_DR18_SPECTROSCOPY,ZWARNING_0_SCIENCEPRIMARY
TRD001566,203.40807,0.07788527,STAR,SDSS_DR18_SPECTROSCOPY,ZWARNING_0_SCIENCEPRIMARY
TRD001567,203.28594,-1.1443595,STAR,SDSS_DR18_SPECTROSCOPY,ZWARNING_0_SCIENCEPRIMARY
TRD001568,203.47243,-0.85751856,STAR,SDSS_DR18_SPECTROSCOPY,ZWARNING_0_SCIENCEPRIMARY
TRD001569,203.4687,-0.78951798,STAR,SDSS_DR18_SPECTROSCOPY,ZWARNING_0_SCIENCEPRIMARY
TRD001570,203.03349,-0.15759045,STAR,SDSS_DR18_SPECTROSCOPY,ZWARNING_0_SCIENCEPRIMARY
TRD001571,203.12658,0.014657414,STAR,SDSS_DR18_SPECTROSCOPY,ZWARNING_0_SCIENCEPRIMARY
TRD001572,203.05383,0.048557612,STAR,SDSS_DR18_SPECTROSCOPY,ZWARNING_0_SCIENCEPRIMARY
TRD001573,202.96313,-0.15527098,STAR,SDSS_DR18_SPECTROSCOPY,ZWARNING_0_SCIENCEPRIMARY
TRD001574,202.92222,-1.001638,STAR,SDSS_DR18_SPECTROSCOPY,ZWARNING_0_SCIENCEPRIMARY
TRD001575,202.80598,-1.1606298,STAR,SDSS_DR18_SPECTROSCOPY,ZWARNING_0_SCIENCEPRIMARY
TRD001576,203.1267,-0.83184657,STAR,SDSS_DR18_SPECTROSCOPY,ZWARNING_0_SCIENCEPRIMARY
TRD001577,202.80464,-0.13508647,STAR,SDSS_DR18_SPECTROSCOPY,ZWARNING_0_SCIENCEPRIMARY
TRD001578,202.60098,-0.27685265,STAR,SDSS_DR18_SPECTROSCOPY,ZWARNING_0_SCIENCEPRIMARY
TRD001579,202.66873,-1.2510204,STAR,SDSS_DR18_SPECTROSCOPY,ZWARNING_0_SCIENCEPRIMARY
TRD001580,202.65346,-0.91162461,STAR,SDSS_DR18_SPECTROSCOPY,ZWARNING_0_SCIENCEPRIMARY
TRD001581,202.40839,-0.71050703,STAR,SDSS_DR18_SPECTROSCOPY,ZWARNING_0_SCIENCEPRIMARY
TRD001582,202.62574,-1.1460689,STAR,SDSS_DR18_SPECTROSCOPY,ZWARNING_0_SCIENCEPRIMARY
TRD001583,202.50056,-0.038409651,STAR,SDSS_DR18_SPECTROSCOPY,ZWARNING_0_SCIENCEPRIMARY
TRD001584,202.64724,0.96401338,STAR,SDSS_DR18_SPECTROSCOPY,ZWARNING_0_SCIENCEPRIMARY
TRD001585,202.57999,1.1593673,STAR,SDSS_DR18_SPECTROSCOPY,ZWARNING_0_SCIENCEPRIMARY
TRD001586,202.52178,0.7545848,STAR,SDSS_DR18_SPECTROSCOPY,ZWARNING_0_SCIENCEPRIMARY
TRD001587,202.44395,0.7083264,STAR,SDSS_DR18_SPECTROSCOPY,ZWARNING_0_SCIENCEPRIMARY
TRD001588,202.57309,1.1807064,STAR,SDSS_DR18_SPECTROSCOPY,ZWARNING_0_SCIENCEPRIMARY
TRD001589,202.41123,0.286928,STAR,SDSS_DR18_SPECTROSCOPY,ZWARNING_0_SCIENCEPRIMARY
TRD001590,202.14567,0.52377349,STAR,SDSS_DR18_SPECTROSCOPY,ZWARNING_0_SCIENCEPRIMARY
TRD001591,202.33767,0.64599332,STAR,SDSS_DR18_SPECTROSCOPY,ZWARNING_0_SCIENCEPRIMARY
TRD001592,202.43496,0.47678463,STAR,SDSS_DR18_SPECTROSCOPY,ZWARNING_0_SCIENCEPRIMARY
TRD001593,202.12286,0.35107366,STAR,SDSS_DR18_SPECTROSCOPY,ZWARNING_0_SCIENCEPRIMARY
TRD001594,202.12464,0.27571661,STAR,SDSS_DR18_SPECTROSCOPY,ZWARNING_0_SCIENCEPRIMARY
TRD001595,202.34589,0.6295259,STAR,SDSS_DR18_SPECTROSCOPY,ZWARNING_0_SCIENCEPRIMARY
TRD001596,202.61172,0.5235612,STAR,SDSS_DR18_SPECTROSCOPY,ZWARNING_0_SCIENCEPRIMARY
TRD001597,202.7933,0.60724394,STAR,SDSS_DR18_SPECTROSCOPY,ZWARNING_0_SCIENCEPRIMARY
TRD001598,202.55482,0.26428262,STAR,SDSS_DR18_SPECTROSCOPY,ZWARNING_0_SCIENCEPRIMARY
TRD001599,202.44555,0.20447084,STAR,SDSS_DR18_SPECTROSCOPY,ZWARNING_0_SCIENCEPRIMARY
TRD001600,202.56638,0.0968098,STAR,SDSS_DR18_SPECTROSCOPY,ZWARNING_0_SCIENCEPRIMARY
TRD001601,203.0754,1.2466668,STAR,SDSS_DR18_SPECTROSCOPY,ZWARNING_0_SCIENCEPRIMARY
TRD001602,202.93213,0.19747701,STAR,SDSS_DR18_SPECTROSCOPY,ZWARNING_0_SCIENCEPRIMARY
TRD001603,202.87744,0.1259734,STAR,SDSS_DR18_SPECTROSCOPY,ZWARNING_0_SCIENCEPRIMARY
TRD001604,203.28389,1.0427002,STAR,SDSS_DR18_SPECTROSCOPY,ZWARNING_0_SCIENCEPRIMARY
TRD001605,203.38286,0.3101253,STAR,SDSS_DR18_SPECTROSCOPY,ZWARNING_0_SCIENCEPRIMARY
TRD001606,203.29459,0.21745729,STAR,SDSS_DR18_SPECTROSCOPY,ZWARNING_0_SCIENCEPRIMARY
TRD001607,203.72267,0.37738717,STAR,SDSS_DR18_SPECTROSCOPY,ZWARNING_0_SCIENCEPRIMARY
TRD001608,203.59171,0.51026849,STAR,SDSS_DR18_SPECTROSCOPY,ZWARNING_0_SCIENCEPRIMARY
TRD001609,203.88272,0.28085635,STAR,SDSS_DR18_SPECTROSCOPY,ZWARNING_0_SCIENCEPRIMARY
TRD001610,203.85102,0.11207077,STAR,SDSS_DR18_SPECTROSCOPY,ZWARNING_0_SCIENCEPRIMARY
TRD001611,203.58484,0.73571825,STAR,SDSS_DR18_SPECTROSCOPY,ZWARNING_0_SCIENCEPRIMARY
TRD001612,203.81893,0.4571662,STAR,SDSS_DR18_SPECTROSCOPY,ZWARNING_0_SCIENCEPRIMARY
TRD001613,203.95748,0.25031413,STAR,SDSS_DR18_SPECTROSCOPY,ZWARNING_0_SCIENCEPRIMARY
TRD001614,203.84712,1.2353779,STAR,SDSS_DR18_SPECTROSCOPY,ZWARNING_0_SCIENCEPRIMARY
TRD001615,204.16031,0.90522555,STAR,SDSS_DR18_SPECTROSCOPY,ZWARNING_0_SCIENCEPRIMARY
TRD001616,203.97969,1.0139152,STAR,SDSS_DR18_SPECTROSCOPY,ZWARNING_0_SCIENCEPRIMARY
TRD001617,203.95059,0.92338999,STAR,SDSS_DR18_SPECTROSCOPY,ZWARNING_0_SCIENCEPRIMARY
TRD001618,204.02739,0.84428692,STAR,SDSS_DR18_SPECTROSCOPY,ZWARNING_0_SCIENCEPRIMARY
TRD001619,204.13276,0.99560332,STAR,SDSS_DR18_SPECTROSCOPY,ZWARNING_0_SCIENCEPRIMARY
TRD001620,204.46707,0.51720165,STAR,SDSS_DR18_SPECTROSCOPY,ZWARNING_0_SCIENCEPRIMARY
TRD001621,204.25813,1.0046595,STAR,SDSS_DR18_SPECTROSCOPY,ZWARNING_0_SCIENCEPRIMARY
TRD001622,204.45198,1.0477738,STAR,SDSS_DR18_SPECTROSCOPY,ZWARNING_0_SCIENCEPRIMARY
TRD001623,204.31018,1.0788329,STAR,SDSS_DR18_SPECTROSCOPY,ZWARNING_0_SCIENCEPRIMARY
TRD001624,204.45983,0.72300838,STAR,SDSS_DR18_SPECTROSCOPY,ZWARNING_0_SCIENCEPRIMARY
TRD001625,204.17917,0.70591563,STAR,SDSS_DR18_SPECTROSCOPY,ZWARNING_0_SCIENCEPRIMARY
TRD001626,204.17543,0.94592204,STAR,SDSS_DR18_SPECTROSCOPY,ZWARNING_0_SCIENCEPRIMARY
TRD001627,204.73794,0.19196735,STAR,SDSS_DR18_SPECTROSCOPY,ZWARNING_0_SCIENCEPRIMARY
TRD001628,206.52459,-0.69890783,STAR,SDSS_DR18_SPECTROSCOPY,ZWARNING_0_SCIENCEPRIMARY
TRD001629,205.735,-1.1620665,STAR,SDSS_DR18_SPECTROSCOPY,ZWARNING_0_SCIENCEPRIMARY
TRD001630,206.28668,-0.24457997,STAR,SDSS_DR18_SPECTROSCOPY,ZWARNING_0_SCIENCEPRIMARY
TRD001631,205.91058,-0.34413799,STAR,SDSS_DR18_SPECTROSCOPY,ZWARNING_0_SCIENCEPRIMARY
TRD001632,205.5688,-1.1261276,STAR,SDSS_DR18_SPECTROSCOPY,ZWARNING_0_SCIENCEPRIMARY
TRD001633,205.64289,-1.1207236,STAR,SDSS_DR18_SPECTROSCOPY,ZWARNING_0_SCIENCEPRIMARY
TRD001634,205.66397,-1.0539677,STAR,SDSS_DR18_SPECTROSCOPY,ZWARNING_0_SCIENCEPRIMARY
TRD001635,205.64644,-0.51755951,STAR,SDSS_DR18_SPECTROSCOPY,ZWARNING_0_SCIENCEPRIMARY
TRD001636,205.69558,-0.69494577,STAR,SDSS_DR18_SPECTROSCOPY,ZWARNING_0_SCIENCEPRIMARY
TRD001637,205.59097,-0.45018,STAR,SDSS_DR18_SPECTROSCOPY,ZWARNING_0_SCIENCEPRIMARY
TRD001638,205.56971,-0.33951934,STAR,SDSS_DR18_SPECTROSCOPY,ZWARNING_0_SCIENCEPRIMARY
TRD001639,205.59281,-0.20175223,STAR,SDSS_DR18_SPECTROSCOPY,ZWARNING_0_SCIENCEPRIMARY
TRD001640,205.3855,-0.32889303,STAR,SDSS_DR18_SPECTROSCOPY,ZWARNING_0_SCIENCEPRIMARY
TRD001641,205.17311,-0.45938601,STAR,SDSS_DR18_SPECTROSCOPY,ZWARNING_0_SCIENCEPRIMARY
TRD001642,204.94892,-0.33432795,STAR,SDSS_DR18_SPECTROSCOPY,ZWARNING_0_SCIENCEPRIMARY
TRD001643,205.14342,-0.39316143,STAR,SDSS_DR18_SPECTROSCOPY,ZWARNING_0_SCIENCEPRIMARY
TRD001644,205.24056,-0.70646039,STAR,SDSS_DR18_SPECTROSCOPY,ZWARNING_0_SCIENCEPRIMARY
TRD001645,204.99677,-0.5983783,STAR,SDSS_DR18_SPECTROSCOPY,ZWARNING_0_SCIENCEPRIMARY
TRD001646,204.65587,-0.67252181,STAR,SDSS_DR18_SPECTROSCOPY,ZWARNING_0_SCIENCEPRIMARY
TRD001647,204.88856,-0.65475711,STAR,SDSS_DR18_SPECTROSCOPY,ZWARNING_0_SCIENCEPRIMARY
TRD001648,204.84361,-0.28183081,STAR,SDSS_DR18_SPECTROSCOPY,ZWARNING_0_SCIENCEPRIMARY
TRD001649,205.14807,-1.2480965,STAR,SDSS_DR18_SPECTROSCOPY,ZWARNING_0_SCIENCEPRIMARY
TRD001650,205.0873,-0.95566322,STAR,SDSS_DR18_SPECTROSCOPY,ZWARNING_0_SCIENCEPRIMARY
TRD001651,204.50909,-1.144113,STAR,SDSS_DR18_SPECTROSCOPY,ZWARNING_0_SCIENCEPRIMARY
TRD001652,204.44886,-1.0262663,STAR,SDSS_DR18_SPECTROSCOPY,ZWARNING_0_SCIENCEPRIMARY
TRD001653,204.22524,-0.82609762,STAR,SDSS_DR18_SPECTROSCOPY,ZWARNING_0_SCIENCEPRIMARY
TRD001654,204.55612,-1.1370208,STAR,SDSS_DR18_SPECTROSCOPY,ZWARNING_0_SCIENCEPRIMARY
TRD001655,204.18985,-0.37535767,STAR,SDSS_DR18_SPECTROSCOPY,ZWARNING_0_SCIENCEPRIMARY
TRD001656,204.11458,-0.58166189,STAR,SDSS_DR18_SPECTROSCOPY,ZWARNING_0_SCIENCEPRIMARY
TRD001657,204.16426,-0.53843928,STAR,SDSS_DR18_SPECTROSCOPY,ZWARNING_0_SCIENCEPRIMARY
TRD001658,204.11355,-0.42244541,STAR,SDSS_DR18_SPECTROSCOPY,ZWARNING_0_SCIENCEPRIMARY
TRD001659,204.35715,-0.18739122,STAR,SDSS_DR18_SPECTROSCOPY,ZWARNING_0_SCIENCEPRIMARY
TRD001660,204.6883,0.80027764,STAR,SDSS_DR18_SPECTROSCOPY,ZWARNING_0_SCIENCEPRIMARY
TRD001661,204.47496,0.63254522,STAR,SDSS_DR18_SPECTROSCOPY,ZWARNING_0_SCIENCEPRIMARY
TRD001662,204.64979,0.84501024,STAR,SDSS_DR18_SPECTROSCOPY,ZWARNING_0_SCIENCEPRIMARY
TRD001663,204.55263,1.0693717,STAR,SDSS_DR18_SPECTROSCOPY,ZWARNING_0_SCIENCEPRIMARY
TRD001664,204.28717,0.66073192,STAR,SDSS_DR18_SPECTROSCOPY,ZWARNING_0_SCIENCEPRIMARY
TRD001665,204.14863,0.26113998,STAR,SDSS_DR18_SPECTROSCOPY,ZWARNING_0_SCIENCEPRIMARY
TRD001666,204.19723,0.52472338,STAR,SDSS_DR18_SPECTROSCOPY,ZWARNING_0_SCIENCEPRIMARY
TRD001667,204.48346,0.07155497,STAR,SDSS_DR18_SPECTROSCOPY,ZWARNING_0_SCIENCEPRIMARY
TRD001668,204.25092,0.070332727,STAR,SDSS_DR18_SPECTROSCOPY,ZWARNING_0_SCIENCEPRIMARY
TRD001669,204.94091,0.89996934,STAR,SDSS_DR18_SPECTROSCOPY,ZWARNING_0_SCIENCEPRIMARY
TRD001670,204.93189,1.2189161,STAR,SDSS_DR18_SPECTROSCOPY,ZWARNING_0_SCIENCEPRIMARY
TRD001671,204.69217,0.93658253,STAR,SDSS_DR18_SPECTROSCOPY,ZWARNING_0_SCIENCEPRIMARY
TRD001672,204.86627,0.74008249,STAR,SDSS_DR18_SPECTROSCOPY,ZWARNING_0_SCIENCEPRIMARY
TRD001673,204.97312,0.71527409,STAR,SDSS_DR18_SPECTROSCOPY,ZWARNING_0_SCIENCEPRIMARY
TRD001674,204.85876,0.44487803,STAR,SDSS_DR18_SPECTROSCOPY,ZWARNING_0_SCIENCEPRIMARY
TRD001675,204.77985,0.55607354,STAR,SDSS_DR18_SPECTROSCOPY,ZWARNING_0_SCIENCEPRIMARY
TRD001676,204.78627,0.012201294,STAR,SDSS_DR18_SPECTROSCOPY,ZWARNING_0_SCIENCEPRIMARY
TRD001677,205.36354,0.85818386,STAR,SDSS_DR18_SPECTROSCOPY,ZWARNING_0_SCIENCEPRIMARY
TRD001678,205.19346,1.2203902,STAR,SDSS_DR18_SPECTROSCOPY,ZWARNING_0_SCIENCEPRIMARY
TRD001679,205.04343,1.2531389,STAR,SDSS_DR18_SPECTROSCOPY,ZWARNING_0_SCIENCEPRIMARY
TRD001680,205.43712,1.0261293,STAR,SDSS_DR18_SPECTROSCOPY,ZWARNING_0_SCIENCEPRIMARY
TRD001681,205.05763,0.99658031,STAR,SDSS_DR18_SPECTROSCOPY,ZWARNING_0_SCIENCEPRIMARY
TRD001682,205.20629,0.4943757,STAR,SDSS_DR18_SPECTROSCOPY,ZWARNING_0_SCIENCEPRIMARY
TRD001683,205.13599,0.19802201,STAR,SDSS_DR18_SPECTROSCOPY,ZWARNING_0_SCIENCEPRIMARY
TRD001684,205.51248,0.85697849,STAR,SDSS_DR18_SPECTROSCOPY,ZWARNING_0_SCIENCEPRIMARY
TRD001685,205.48363,0.73705212,STAR,SDSS_DR18_SPECTROSCOPY,ZWARNING_0_SCIENCEPRIMARY
TRD001686,205.40849,0.058459266,STAR,SDSS_DR18_SPECTROSCOPY,ZWARNING_0_SCIENCEPRIMARY
TRD001687,205.24795,0.34075642,STAR,SDSS_DR18_SPECTROSCOPY,ZWARNING_0_SCIENCEPRIMARY
TRD001688,205.25536,0.025184201,STAR,SDSS_DR18_SPECTROSCOPY,ZWARNING_0_SCIENCEPRIMARY
TRD001689,205.56688,0.082602211,STAR,SDSS_DR18_SPECTROSCOPY,ZWARNING_0_SCIENCEPRIMARY
TRD001690,206.05699,0.27757827,STAR,SDSS_DR18_SPECTROSCOPY,ZWARNING_0_SCIENCEPRIMARY
TRD001691,205.71969,0.045837011,STAR,SDSS_DR18_SPECTROSCOPY,ZWARNING_0_SCIENCEPRIMARY
TRD001692,205.65201,0.79530402,STAR,SDSS_DR18_SPECTROSCOPY,ZWARNING_0_SCIENCEPRIMARY
TRD001693,205.67248,0.89458964,STAR,SDSS_DR18_SPECTROSCOPY,ZWARNING_0_SCIENCEPRIMARY
TRD001694,205.67483,0.59752485,STAR,SDSS_DR18_SPECTROSCOPY,ZWARNING_0_SCIENCEPRIMARY
TRD001695,206.13623,0.29342116,STAR,SDSS_DR18_SPECTROSCOPY,ZWARNING_0_SCIENCEPRIMARY
TRD001696,205.8626,0.66176417,STAR,SDSS_DR18_SPECTROSCOPY,ZWARNING_0_SCIENCEPRIMARY
TRD001697,205.91589,0.81255963,STAR,SDSS_DR18_SPECTROSCOPY,ZWARNING_0_SCIENCEPRIMARY
TRD001698,205.88537,0.729909,STAR,SDSS_DR18_SPECTROSCOPY,ZWARNING_0_SCIENCEPRIMARY
TRD001699,206.37623,0.28863565,STAR,SDSS_DR18_SPECTROSCOPY,ZWARNING_0_SCIENCEPRIMARY
TRD001700,206.47593,0.87251282,STAR,SDSS_DR18_SPECTROSCOPY,ZWARNING_0_SCIENCEPRIMARY
TRD001701,206.09295,0.9090696,STAR,SDSS_DR18_SPECTROSCOPY,ZWARNING_0_SCIENCEPRIMARY
TRD001702,206.21821,0.63619311,STAR,SDSS_DR18_SPECTROSCOPY,ZWARNING_0_SCIENCEPRIMARY
TRD001703,206.68169,0.51042949,STAR,SDSS_DR18_SPECTROSCOPY,ZWARNING_0_SCIENCEPRIMARY
TRD001704,206.69683,0.19114156,STAR,SDSS_DR18_SPECTROSCOPY,ZWARNING_0_SCIENCEPRIMARY
TRD001705,206.55662,0.18405678,STAR,SDSS_DR18_SPECTROSCOPY,ZWARNING_0_SCIENCEPRIMARY
TRD001706,206.51866,-0.14058175,STAR,SDSS_DR18_SPECTROSCOPY,ZWARNING_0_SCIENCEPRIMARY
TRD001707,206.50446,-0.037290552,STAR,SDSS_DR18_SPECTROSCOPY,ZWARNING_0_SCIENCEPRIMARY
TRD001708,208.39473,-0.82414068,STAR,SDSS_DR18_SPECTROSCOPY,ZWARNING_0_SCIENCEPRIMARY
TRD001709,208.37735,-0.93025654,STAR,SDSS_DR18_SPECTROSCOPY,ZWARNING_0_SCIENCEPRIMARY
TRD001710,208.68866,-0.24102281,STAR,SDSS_DR18_SPECTROSCOPY,ZWARNING_0_SCIENCEPRIMARY
TRD001711,208.63412,0.08647615,STAR,SDSS_DR18_SPECTROSCOPY,ZWARNING_0_SCIENCEPRIMARY
TRD001712,208.00831,-0.90526891,STAR,SDSS_DR18_SPECTROSCOPY,ZWARNING_0_SCIENCEPRIMARY
TRD001713,207.98442,-0.8872442,STAR,SDSS_DR18_SPECTROSCOPY,ZWARNING_0_SCIENCEPRIMARY
TRD001714,207.87995,-0.74550272,STAR,SDSS_DR18_SPECTROSCOPY,ZWARNING_0_SCIENCEPRIMARY
TRD001715,207.90872,-0.44684573,STAR,SDSS_DR18_SPECTROSCOPY,ZWARNING_0_SCIENCEPRIMARY
TRD001716,208.1046,-0.29074879,STAR,SDSS_DR18_SPECTROSCOPY,ZWARNING_0_SCIENCEPRIMARY
TRD001717,207.61735,-1.2237032,STAR,SDSS_DR18_SPECTROSCOPY,ZWARNING_0_SCIENCEPRIMARY
TRD001718,207.60758,-1.1765669,STAR,SDSS_DR18_SPECTROSCOPY,ZWARNING_0_SCIENCEPRIMARY
TRD001719,207.53107,-0.94398367,STAR,SDSS_DR18_SPECTROSCOPY,ZWARNING_0_SCIENCEPRIMARY
TRD001720,207.55519,-0.60967798,STAR,SDSS_DR18_SPECTROSCOPY,ZWARNING_0_SCIENCEPRIMARY
TRD001721,207.49336,-0.61076858,STAR,SDSS_DR18_SPECTROSCOPY,ZWARNING_0_SCIENCEPRIMARY
TRD001722,207.6768,-0.33463895,STAR,SDSS_DR18_SPECTROSCOPY,ZWARNING_0_SCIENCEPRIMARY
TRD001723,207.30798,-0.8841441,STAR,SDSS_DR18_SPECTROSCOPY,ZWARNING_0_SCIENCEPRIMARY
TRD001724,207.25812,-0.8300671,STAR,SDSS_DR18_SPECTROSCOPY,ZWARNING_0_SCIENCEPRIMARY
TRD001725,207.38326,-0.25296249,STAR,SDSS_DR18_SPECTROSCOPY,ZWARNING_0_SCIENCEPRIMARY
TRD001726,207.48404,-0.27275995,STAR,SDSS_DR18_SPECTROSCOPY,ZWARNING_0_SCIENCEPRIMARY
TRD001727,207.18768,0.012254111,STAR,SDSS_DR18_SPECTROSCOPY,ZWARNING_0_SCIENCEPRIMARY
TRD001728,207.33391,0.069244002,STAR,SDSS_DR18_SPECTROSCOPY,ZWARNING_0_SCIENCEPRIMARY
TRD001729,207.16862,-0.082059508,STAR,SDSS_DR18_SPECTROSCOPY,ZWARNING_0_SCIENCEPRIMARY
TRD001730,207.02643,-0.30991123,STAR,SDSS_DR18_SPECTROSCOPY,ZWARNING_0_SCIENCEPRIMARY
TRD001731,207.14662,-0.67264021,STAR,SDSS_DR18_SPECTROSCOPY,ZWARNING_0_SCIENCEPRIMARY
TRD001732,206.98051,-1.1920078,STAR,SDSS_DR18_SPECTROSCOPY,ZWARNING_0_SCIENCEPRIMARY
TRD001733,207.18163,-0.72598656,STAR,SDSS_DR18_SPECTROSCOPY,ZWARNING_0_SCIENCEPRIMARY
TRD001734,207.12375,-0.82182546,STAR,SDSS_DR18_SPECTROSCOPY,ZWARNING_0_SCIENCEPRIMARY
TRD001735,207.1038,-0.81636995,STAR,SDSS_DR18_SPECTROSCOPY,ZWARNING_0_SCIENCEPRIMARY
TRD001736,206.95923,-0.7101709,STAR,SDSS_DR18_SPECTROSCOPY,ZWARNING_0_SCIENCEPRIMARY
TRD001737,207.20533,-1.2504395,STAR,SDSS_DR18_SPECTROSCOPY,ZWARNING_0_SCIENCEPRIMARY
TRD001738,206.66922,-0.11487693,STAR,SDSS_DR18_SPECTROSCOPY,ZWARNING_0_SCIENCEPRIMARY
TRD001739,206.66902,-0.0086694807,STAR,SDSS_DR18_SPECTROSCOPY,ZWARNING_0_SCIENCEPRIMARY
TRD001740,206.61552,-1.1244694,STAR,SDSS_DR18_SPECTROSCOPY,ZWARNING_0_SCIENCEPRIMARY
TRD001741,206.83632,-1.1740443,STAR,SDSS_DR18_SPECTROSCOPY,ZWARNING_0_SCIENCEPRIMARY
TRD001742,206.79429,-1.1941596,STAR,SDSS_DR18_SPECTROSCOPY,ZWARNING_0_SCIENCEPRIMARY
TRD001743,206.36179,-0.29853296,STAR,SDSS_DR18_SPECTROSCOPY,ZWARNING_0_SCIENCEPRIMARY
TRD001744,206.46222,-0.92679223,STAR,SDSS_DR18_SPECTROSCOPY,ZWARNING_0_SCIENCEPRIMARY
TRD001745,206.14164,-0.67873343,STAR,SDSS_DR18_SPECTROSCOPY,ZWARNING_0_SCIENCEPRIMARY
TRD001746,205.812,-0.39282737,STAR,SDSS_DR18_SPECTROSCOPY,ZWARNING_0_SCIENCEPRIMARY
TRD001747,206.05509,-0.045724962,STAR,SDSS_DR18_SPECTROSCOPY,ZWARNING_0_SCIENCEPRIMARY
TRD001748,205.82974,-0.10609922,STAR,SDSS_DR18_SPECTROSCOPY,ZWARNING_0_SCIENCEPRIMARY
TRD001749,206.06823,-0.35221722,STAR,SDSS_DR18_SPECTROSCOPY,ZWARNING_0_SCIENCEPRIMARY
TRD001750,205.97156,0.033769226,STAR,SDSS_DR18_SPECTROSCOPY,ZWARNING_0_SCIENCEPRIMARY
TRD001751,206.58898,0.87294507,STAR,SDSS_DR18_SPECTROSCOPY,ZWARNING_0_SCIENCEPRIMARY
TRD001752,206.50101,0.82568582,STAR,SDSS_DR18_SPECTROSCOPY,ZWARNING_0_SCIENCEPRIMARY
TRD001753,206.34904,0.80775187,STAR,SDSS_DR18_SPECTROSCOPY,ZWARNING_0_SCIENCEPRIMARY
TRD001754,206.12029,0.47234734,STAR,SDSS_DR18_SPECTROSCOPY,ZWARNING_0_SCIENCEPRIMARY
TRD001755,205.89961,0.56201012,STAR,SDSS_DR18_SPECTROSCOPY,ZWARNING_0_SCIENCEPRIMARY
TRD001756,205.92173,0.35791397,STAR,SDSS_DR18_SPECTROSCOPY,ZWARNING_0_SCIENCEPRIMARY
TRD001757,206.02487,0.16423141,STAR,SDSS_DR18_SPECTROSCOPY,ZWARNING_0_SCIENCEPRIMARY
TRD001758,206.11454,0.40308252,STAR,SDSS_DR18_SPECTROSCOPY,ZWARNING_0_SCIENCEPRIMARY
TRD001759,205.96092,0.52462212,STAR,SDSS_DR18_SPECTROSCOPY,ZWARNING_0_SCIENCEPRIMARY
TRD001760,205.88683,0.21208656,STAR,SDSS_DR18_SPECTROSCOPY,ZWARNING_0_SCIENCEPRIMARY
TRD001761,205.99212,0.20587885,STAR,SDSS_DR18_SPECTROSCOPY,ZWARNING_0_SCIENCEPRIMARY
TRD001762,206.81548,1.1742547,STAR,SDSS_DR18_SPECTROSCOPY,ZWARNING_0_SCIENCEPRIMARY
TRD001763,206.75547,1.2473188,STAR,SDSS_DR18_SPECTROSCOPY,ZWARNING_0_SCIENCEPRIMARY
TRD001764,206.77846,1.1923095,STAR,SDSS_DR18_SPECTROSCOPY,ZWARNING_0_SCIENCEPRIMARY
TRD001765,206.37332,0.36565889,STAR,SDSS_DR18_SPECTROSCOPY,ZWARNING_0_SCIENCEPRIMARY
TRD001766,206.2374,0.36308096,STAR,SDSS_DR18_SPECTROSCOPY,ZWARNING_0_SCIENCEPRIMARY
TRD001767,206.9464,0.95701014,STAR,SDSS_DR18_SPECTROSCOPY,ZWARNING_0_SCIENCEPRIMARY
TRD001768,206.56567,0.22583679,STAR,SDSS_DR18_SPECTROSCOPY,ZWARNING_0_SCIENCEPRIMARY
TRD001769,206.74711,0.51313497,STAR,SDSS_DR18_SPECTROSCOPY,ZWARNING_0_SCIENCEPRIMARY
TRD001770,206.86048,0.51306665,STAR,SDSS_DR18_SPECTROSCOPY,ZWARNING_0_SCIENCEPRIMARY
TRD001771,206.70847,0.28321848,STAR,SDSS_DR18_SPECTROSCOPY,ZWARNING_0_SCIENCEPRIMARY
TRD001772,207.30907,1.2134319,STAR,SDSS_DR18_SPECTROSCOPY,ZWARNING_0_SCIENCEPRIMARY
TRD001773,207.22898,0.77288365,STAR,SDSS_DR18_SPECTROSCOPY,ZWARNING_0_SCIENCEPRIMARY
TRD001774,207.18665,1.0409521,STAR,SDSS_DR18_SPECTROSCOPY,ZWARNING_0_SCIENCEPRIMARY
TRD001775,207.39584,0.70270034,STAR,SDSS_DR18_SPECTROSCOPY,ZWARNING_0_SCIENCEPRIMARY
TRD001776,207.41991,1.1811508,STAR,SDSS_DR18_SPECTROSCOPY,ZWARNING_0_SCIENCEPRIMARY
TRD001777,206.8793,0.52405095,STAR,SDSS_DR18_SPECTROSCOPY,ZWARNING_0_SCIENCEPRIMARY
TRD001778,207.09958,0.36026946,STAR,SDSS_DR18_SPECTROSCOPY,ZWARNING_0_SCIENCEPRIMARY
TRD001779,207.21485,0.21228104,STAR,SDSS_DR18_SPECTROSCOPY,ZWARNING_0_SCIENCEPRIMARY
TRD001780,207.49143,0.3817374,STAR,SDSS_DR18_SPECTROSCOPY,ZWARNING_0_SCIENCEPRIMARY
TRD001781,207.58151,0.33233622,STAR,SDSS_DR18_SPECTROSCOPY,ZWARNING_0_SCIENCEPRIMARY
TRD001782,207.45927,0.18725683,STAR,SDSS_DR18_SPECTROSCOPY,ZWARNING_0_SCIENCEPRIMARY
TRD001783,207.42517,0.11670119,STAR,SDSS_DR18_SPECTROSCOPY,ZWARNING_0_SCIENCEPRIMARY
TRD001784,207.49299,0.42386317,STAR,SDSS_DR18_SPECTROSCOPY,ZWARNING_0_SCIENCEPRIMARY
TRD001785,207.5053,0.9901387,STAR,SDSS_DR18_SPECTROSCOPY,ZWARNING_0_SCIENCEPRIMARY
TRD001786,207.87037,0.64031267,STAR,SDSS_DR18_SPECTROSCOPY,ZWARNING_0_SCIENCEPRIMARY
TRD001787,207.91372,0.24159143,STAR,SDSS_DR18_SPECTROSCOPY,ZWARNING_0_SCIENCEPRIMARY
TRD001788,207.89119,0.935868,STAR,SDSS_DR18_SPECTROSCOPY,ZWARNING_0_SCIENCEPRIMARY
TRD001789,208.17154,0.32123606,STAR,SDSS_DR18_SPECTROSCOPY,ZWARNING_0_SCIENCEPRIMARY
TRD001790,207.93827,0.52399722,STAR,SDSS_DR18_SPECTROSCOPY,ZWARNING_0_SCIENCEPRIMARY
TRD001791,207.98482,0.28778826,STAR,SDSS_DR18_SPECTROSCOPY,ZWARNING_0_SCIENCEPRIMARY
TRD001792,208.38946,0.87992175,STAR,SDSS_DR18_SPECTROSCOPY,ZWARNING_0_SCIENCEPRIMARY
TRD001793,208.18729,0.729227,STAR,SDSS_DR18_SPECTROSCOPY,ZWARNING_0_SCIENCEPRIMARY
TRD001794,210.49627,-0.9625698,STAR,SDSS_DR18_SPECTROSCOPY,ZWARNING_0_SCIENCEPRIMARY
TRD001795,210.94247,-0.42227561,STAR,SDSS_DR18_SPECTROSCOPY,ZWARNING_0_SCIENCEPRIMARY
TRD001796,210.82045,-0.41387968,STAR,SDSS_DR18_SPECTROSCOPY,ZWARNING_0_SCIENCEPRIMARY
TRD001797,210.94629,-0.46988988,STAR,SDSS_DR18_SPECTROSCOPY,ZWARNING_0_SCIENCEPRIMARY
TRD001798,210.26922,-0.939333,STAR,SDSS_DR18_SPECTROSCOPY,ZWARNING_0_SCIENCEPRIMARY
TRD001799,210.34793,-0.68443943,STAR,SDSS_DR18_SPECTROSCOPY,ZWARNING_0_SCIENCEPRIMARY
TRD001800,210.43165,-0.70874243,STAR,SDSS_DR18_SPECTROSCOPY,ZWARNING_0_SCIENCEPRIMARY
TRD001801,210.40004,-0.75992115,STAR,SDSS_DR18_SPECTROSCOPY,ZWARNING_0_SCIENCEPRIMARY
TRD001802,210.44797,-0.27571121,STAR,SDSS_DR18_SPECTROSCOPY,ZWARNING_0_SCIENCEPRIMARY
TRD001803,210.48741,-0.33873953,STAR,SDSS_DR18_SPECTROSCOPY,ZWARNING_0_SCIENCEPRIMARY
TRD001804,210.37109,-0.39739391,STAR,SDSS_DR18_SPECTROSCOPY,ZWARNING_0_SCIENCEPRIMARY
TRD001805,209.83614,-1.0502275,STAR,SDSS_DR18_SPECTROSCOPY,ZWARNING_0_SCIENCEPRIMARY
TRD001806,209.76214,-1.1437513,STAR,SDSS_DR18_SPECTROSCOPY,ZWARNING_0_SCIENCEPRIMARY
TRD001807,209.70512,-1.0805425,STAR,SDSS_DR18_SPECTROSCOPY,ZWARNING_0_SCIENCEPRIMARY
TRD001808,209.74591,-0.89930265,STAR,SDSS_DR18_SPECTROSCOPY,ZWARNING_0_SCIENCEPRIMARY
TRD001809,209.68807,-0.72495267,STAR,SDSS_DR18_SPECTROSCOPY,ZWARNING_0_SCIENCEPRIMARY
TRD001810,210.34794,-0.46297781,STAR,SDSS_DR18_SPECTROSCOPY,ZWARNING_0_SCIENCEPRIMARY
TRD001811,210.21473,-0.63244908,STAR,SDSS_DR18_SPECTROSCOPY,ZWARNING_0_SCIENCEPRIMARY
TRD001812,210.3372,-0.47444446,STAR,SDSS_DR18_SPECTROSCOPY,ZWARNING_0_SCIENCEPRIMARY
TRD001813,210.30854,-0.59823471,STAR,SDSS_DR18_SPECTROSCOPY,ZWARNING_0_SCIENCEPRIMARY
TRD001814,210.11606,-0.22775019,STAR,SDSS_DR18_SPECTROSCOPY,ZWARNING_0_SCIENCEPRIMARY
TRD001815,210.30146,-0.55178829,STAR,SDSS_DR18_SPECTROSCOPY,ZWARNING_0_SCIENCEPRIMARY
TRD001816,209.59141,-0.92894463,STAR,SDSS_DR18_SPECTROSCOPY,ZWARNING_0_SCIENCEPRIMARY
TRD001817,209.43776,-1.1438056,STAR,SDSS_DR18_SPECTROSCOPY,ZWARNING_0_SCIENCEPRIMARY
TRD001818,209.80034,-0.6444722,STAR,SDSS_DR18_SPECTROSCOPY,ZWARNING_0_SCIENCEPRIMARY
TRD001819,209.8555,-0.5740127,STAR,SDSS_DR18_SPECTROSCOPY,ZWARNING_0_SCIENCEPRIMARY
TRD001820,209.98073,-0.44092033,STAR,SDSS_DR18_SPECTROSCOPY,ZWARNING_0_SCIENCEPRIMARY
TRD001821,209.60017,-0.47186496,STAR,SDSS_DR18_SPECTROSCOPY,ZWARNING_0_SCIENCEPRIMARY
TRD001822,209.39495,-0.65352811,STAR,SDSS_DR18_SPECTROSCOPY,ZWARNING_0_SCIENCEPRIMARY
TRD001823,209.26233,-0.44000806,STAR,SDSS_DR18_SPECTROSCOPY,ZWARNING_0_SCIENCEPRIMARY
TRD001824,209.30451,-0.1971817,STAR,SDSS_DR18_SPECTROSCOPY,ZWARNING_0_SCIENCEPRIMARY
TRD001825,209.18675,-0.73073318,STAR,SDSS_DR18_SPECTROSCOPY,ZWARNING_0_SCIENCEPRIMARY
TRD001826,209.18141,-1.0621837,STAR,SDSS_DR18_SPECTROSCOPY,ZWARNING_0_SCIENCEPRIMARY
TRD001827,209.04297,-0.37516257,STAR,SDSS_DR18_SPECTROSCOPY,ZWARNING_0_SCIENCEPRIMARY
TRD001828,209.17632,-0.59721304,STAR,SDSS_DR18_SPECTROSCOPY,ZWARNING_0_SCIENCEPRIMARY
TRD001829,209.10101,-0.67843264,STAR,SDSS_DR18_SPECTROSCOPY,ZWARNING_0_SCIENCEPRIMARY
TRD001830,209.17124,-0.50477321,STAR,SDSS_DR18_SPECTROSCOPY,ZWARNING_0_SCIENCEPRIMARY
TRD001831,209.1177,-0.16143708,STAR,SDSS_DR18_SPECTROSCOPY,ZWARNING_0_SCIENCEPRIMARY
TRD001832,209.15295,-0.28472222,STAR,SDSS_DR18_SPECTROSCOPY,ZWARNING_0_SCIENCEPRIMARY
TRD001833,208.85827,-0.8586044,STAR,SDSS_DR18_SPECTROSCOPY,ZWARNING_0_SCIENCEPRIMARY
TRD001834,208.70919,-0.86363975,STAR,SDSS_DR18_SPECTROSCOPY,ZWARNING_0_SCIENCEPRIMARY
TRD001835,208.87972,-0.41706445,STAR,SDSS_DR18_SPECTROSCOPY,ZWARNING_0_SCIENCEPRIMARY
TRD001836,208.65342,-0.43574369,STAR,SDSS_DR18_SPECTROSCOPY,ZWARNING_0_SCIENCEPRIMARY
TRD001837,208.61683,-0.21419241,STAR,SDSS_DR18_SPECTROSCOPY,ZWARNING_0_SCIENCEPRIMARY
TRD001838,208.46452,-0.23426319,STAR,SDSS_DR18_SPECTROSCOPY,ZWARNING_0_SCIENCEPRIMARY
TRD001839,208.66738,-0.15090041,STAR,SDSS_DR18_SPECTROSCOPY,ZWARNING_0_SCIENCEPRIMARY
TRD001840,208.74955,1.138689,STAR,SDSS_DR18_SPECTROSCOPY,ZWARNING_0_SCIENCEPRIMARY
TRD001841,208.84792,0.98227737,STAR,SDSS_DR18_SPECTROSCOPY,ZWARNING_0_SCIENCEPRIMARY
TRD001842,208.92043,0.94837777,STAR,SDSS_DR18_SPECTROSCOPY,ZWARNING_0_SCIENCEPRIMARY
TRD001843,208.52191,0.74030311,STAR,SDSS_DR18_SPECTROSCOPY,ZWARNING_0_SCIENCEPRIMARY
TRD001844,208.23202,0.075433476,STAR,SDSS_DR18_SPECTROSCOPY,ZWARNING_0_SCIENCEPRIMARY
TRD001845,208.33666,0.29896311,STAR,SDSS_DR18_SPECTROSCOPY,ZWARNING_0_SCIENCEPRIMARY
TRD001846,208.95718,0.85210961,STAR,SDSS_DR18_SPECTROSCOPY,ZWARNING_0_SCIENCEPRIMARY
TRD001847,208.92375,1.0610847,STAR,SDSS_DR18_SPECTROSCOPY,ZWARNING_0_SCIENCEPRIMARY
TRD001848,209.09602,0.71661516,STAR,SDSS_DR18_SPECTROSCOPY,ZWARNING_0_SCIENCEPRIMARY
TRD001849,208.66334,0.41063522,STAR,SDSS_DR18_SPECTROSCOPY,ZWARNING_0_SCIENCEPRIMARY
TRD001850,208.72128,0.54018706,STAR,SDSS_DR18_SPECTROSCOPY,ZWARNING_0_SCIENCEPRIMARY
TRD001851,208.7458,0.42674637,STAR,SDSS_DR18_SPECTROSCOPY,ZWARNING_0_SCIENCEPRIMARY
TRD001852,208.65038,0.27784609,STAR,SDSS_DR18_SPECTROSCOPY,ZWARNING_0_SCIENCEPRIMARY
TRD001853,209.26711,0.90542641,STAR,SDSS_DR18_SPECTROSCOPY,ZWARNING_0_SCIENCEPRIMARY
TRD001854,209.36971,0.76426068,STAR,SDSS_DR18_SPECTROSCOPY,ZWARNING_0_SCIENCEPRIMARY
TRD001855,208.81789,0.22196011,STAR,SDSS_DR18_SPECTROSCOPY,ZWARNING_0_SCIENCEPRIMARY
TRD001856,209.01706,0.35233041,STAR,SDSS_DR18_SPECTROSCOPY,ZWARNING_0_SCIENCEPRIMARY
TRD001857,208.88508,0.189989,STAR,SDSS_DR18_SPECTROSCOPY,ZWARNING_0_SCIENCEPRIMARY
TRD001858,209.03459,0.087124602,STAR,SDSS_DR18_SPECTROSCOPY,ZWARNING_0_SCIENCEPRIMARY
TRD001859,208.97746,0.57039953,STAR,SDSS_DR18_SPECTROSCOPY,ZWARNING_0_SCIENCEPRIMARY
TRD001860,208.87081,0.19793285,STAR,SDSS_DR18_SPECTROSCOPY,ZWARNING_0_SCIENCEPRIMARY
TRD001861,209.53141,1.0007642,STAR,SDSS_DR18_SPECTROSCOPY,ZWARNING_0_SCIENCEPRIMARY
TRD001862,209.79516,1.1308286,STAR,SDSS_DR18_SPECTROSCOPY,ZWARNING_0_SCIENCEPRIMARY
TRD001863,209.67755,0.95209346,STAR,SDSS_DR18_SPECTROSCOPY,ZWARNING_0_SCIENCEPRIMARY
TRD001864,209.70094,1.0168122,STAR,SDSS_DR18_SPECTROSCOPY,ZWARNING_0_SCIENCEPRIMARY
TRD001865,209.70476,0.68845452,STAR,SDSS_DR18_SPECTROSCOPY,ZWARNING_0_SCIENCEPRIMARY
TRD001866,209.68198,0.81318461,STAR,SDSS_DR18_SPECTROSCOPY,ZWARNING_0_SCIENCEPRIMARY
TRD001867,209.33019,0.30473324,STAR,SDSS_DR18_SPECTROSCOPY,ZWARNING_0_SCIENCEPRIMARY
TRD001868,209.20384,0.45519117,STAR,SDSS_DR18_SPECTROSCOPY,ZWARNING_0_SCIENCEPRIMARY
TRD001869,209.3213,0.0075928167,STAR,SDSS_DR18_SPECTROSCOPY,ZWARNING_0_SCIENCEPRIMARY
TRD001870,209.06449,0.0489467,STAR,SDSS_DR18_SPECTROSCOPY,ZWARNING_0_SCIENCEPRIMARY
TRD001871,209.60189,0.40409931,STAR,SDSS_DR18_SPECTROSCOPY,ZWARNING_0_SCIENCEPRIMARY
TRD001872,209.3975,-0.034688552,STAR,SDSS_DR18_SPECTROSCOPY,ZWARNING_0_SCIENCEPRIMARY
TRD001873,209.64071,-0.041427287,STAR,SDSS_DR18_SPECTROSCOPY,ZWARNING_0_SCIENCEPRIMARY
TRD001874,209.6197,0.21348856,STAR,SDSS_DR18_SPECTROSCOPY,ZWARNING_0_SCIENCEPRIMARY
TRD001875,209.40924,0.34878342,STAR,SDSS_DR18_SPECTROSCOPY,ZWARNING_0_SCIENCEPRIMARY
TRD001876,209.81046,1.2428331,STAR,SDSS_DR18_SPECTROSCOPY,ZWARNING_0_SCIENCEPRIMARY
TRD001877,210.1335,1.2026283,STAR,SDSS_DR18_SPECTROSCOPY,ZWARNING_0_SCIENCEPRIMARY
TRD001878,209.88358,0.95236881,STAR,SDSS_DR18_SPECTROSCOPY,ZWARNING_0_SCIENCEPRIMARY
TRD001879,210.25672,0.35538488,STAR,SDSS_DR18_SPECTROSCOPY,ZWARNING_0_SCIENCEPRIMARY
TRD001880,210.14378,0.12845801,STAR,SDSS_DR18_SPECTROSCOPY,ZWARNING_0_SCIENCEPRIMARY
TRD001881,210.10442,0.41090163,STAR,SDSS_DR18_SPECTROSCOPY,ZWARNING_0_SCIENCEPRIMARY
TRD001882,210.04734,0.08586939,STAR,SDSS_DR18_SPECTROSCOPY,ZWARNING_0_SCIENCEPRIMARY
TRD001883,210.31324,0.73414501,STAR,SDSS_DR18_SPECTROSCOPY,ZWARNING_0_SCIENCEPRIMARY
TRD001884,210.35807,0.89658832,STAR,SDSS_DR18_SPECTROSCOPY,ZWARNING_0_SCIENCEPRIMARY
TRD001885,210.47187,0.090306537,STAR,SDSS_DR18_SPECTROSCOPY,ZWARNING_0_SCIENCEPRIMARY
TRD001886,210.60759,0.4196803,STAR,SDSS_DR18_SPECTROSCOPY,ZWARNING_0_SCIENCEPRIMARY
TRD001887,210.36192,0.53231849,STAR,SDSS_DR18_SPECTROSCOPY,ZWARNING_0_SCIENCEPRIMARY
TRD001888,210.24215,0.047754044,STAR,SDSS_DR18_SPECTROSCOPY,ZWARNING_0_SCIENCEPRIMARY
TRD001889,210.66039,0.77691307,STAR,SDSS_DR18_SPECTROSCOPY,ZWARNING_0_SCIENCEPRIMARY
TRD001890,210.87487,0.57339146,STAR,SDSS_DR18_SPECTROSCOPY,ZWARNING_0_SCIENCEPRIMARY
TRD001891,210.70818,0.71739591,STAR,SDSS_DR18_SPECTROSCOPY,ZWARNING_0_SCIENCEPRIMARY
TRD001892,210.71417,0.61257076,STAR,SDSS_DR18_SPECTROSCOPY,ZWARNING_0_SCIENCEPRIMARY
TRD001893,210.4788,0.77668993,STAR,SDSS_DR18_SPECTROSCOPY,ZWARNING_0_SCIENCEPRIMARY
TRD001894,210.92229,0.59473646,STAR,SDSS_DR18_SPECTROSCOPY,ZWARNING_0_SCIENCEPRIMARY
TRD001895,210.99064,0.37095105,STAR,SDSS_DR18_SPECTROSCOPY,ZWARNING_0_SCIENCEPRIMARY
TRD001896,210.81792,0.26726784,STAR,SDSS_DR18_SPECTROSCOPY,ZWARNING_0_SCIENCEPRIMARY
TRD001897,211.02357,0.059627049,STAR,SDSS_DR18_SPECTROSCOPY,ZWARNING_0_SCIENCEPRIMARY
TRD001898,212.57385,-0.75461893,STAR,SDSS_DR18_SPECTROSCOPY,ZWARNING_0_SCIENCEPRIMARY
TRD001899,212.58116,-0.90759404,STAR,SDSS_DR18_SPECTROSCOPY,ZWARNING_0_SCIENCEPRIMARY
TRD001900,213.04624,-0.30161646,STAR,SDSS_DR18_SPECTROSCOPY,ZWARNING_0_SCIENCEPRIMARY
TRD001901,213.03633,-0.1668702,STAR,SDSS_DR18_SPECTROSCOPY,ZWARNING_0_SCIENCEPRIMARY
TRD001902,212.35677,-0.75923169,STAR,SDSS_DR18_SPECTROSCOPY,ZWARNING_0_SCIENCEPRIMARY
TRD001903,212.81273,-0.4574837,STAR,SDSS_DR18_SPECTROSCOPY,ZWARNING_0_SCIENCEPRIMARY
TRD001904,212.89912,-0.43151276,STAR,SDSS_DR18_SPECTROSCOPY,ZWARNING_0_SCIENCEPRIMARY
TRD001905,212.26858,-1.1620521,STAR,SDSS_DR18_SPECTROSCOPY,ZWARNING_0_SCIENCEPRIMARY
TRD001906,212.53204,-0.63738086,STAR,SDSS_DR18_SPECTROSCOPY,ZWARNING_0_SCIENCEPRIMARY
TRD001907,212.63168,-0.299026,STAR,SDSS_DR18_SPECTROSCOPY,ZWARNING_0_SCIENCEPRIMARY
TRD001908,211.97497,-0.78154867,STAR,SDSS_DR18_SPECTROSCOPY,ZWARNING_0_SCIENCEPRIMARY
TRD001909,211.99894,-1.1151462,STAR,SDSS_DR18_SPECTROSCOPY,ZWARNING_0_SCIENCEPRIMARY
TRD001910,212.12477,-0.63087476,STAR,SDSS_DR18_SPECTROSCOPY,ZWARNING_0_SCIENCEPRIMARY
TRD001911,212.04258,-0.71123019,STAR,SDSS_DR18_SPECTROSCOPY,ZWARNING_0_SCIENCEPRIMARY
TRD001912,211.68163,-0.47841006,STAR,SDSS_DR18_SPECTROSCOPY,ZWARNING_0_SCIENCEPRIMARY
TRD001913,211.67826,-0.72644244,STAR,SDSS_DR18_SPECTROSCOPY,ZWARNING_0_SCIENCEPRIMARY
TRD001914,211.71647,-0.6264211,STAR,SDSS_DR18_SPECTROSCOPY,ZWARNING_0_SCIENCEPRIMARY
TRD001915,211.89546,-0.38876922,STAR,SDSS_DR18_SPECTROSCOPY,ZWARNING_0_SCIENCEPRIMARY
TRD001916,211.9629,-0.38934792,STAR,SDSS_DR18_SPECTROSCOPY,ZWARNING_0_SCIENCEPRIMARY
TRD001917,211.59211,-0.82066506,STAR,SDSS_DR18_SPECTROSCOPY,ZWARNING_0_SCIENCEPRIMARY
TRD001918,211.64491,-0.92494445,STAR,SDSS_DR18_SPECTROSCOPY,ZWARNING_0_SCIENCEPRIMARY
TRD001919,211.32882,-0.6533008,STAR,SDSS_DR18_SPECTROSCOPY,ZWARNING_0_SCIENCEPRIMARY
TRD001920,211.6174,-0.25881395,STAR,SDSS_DR18_SPECTROSCOPY,ZWARNING_0_SCIENCEPRIMARY
TRD001921,211.41079,-0.10031678,STAR,SDSS_DR18_SPECTROSCOPY,ZWARNING_0_SCIENCEPRIMARY
TRD001922,211.59843,-0.52365367,STAR,SDSS_DR18_SPECTROSCOPY,ZWARNING_0_SCIENCEPRIMARY
TRD001923,210.57141,-0.74594554,STAR,SDSS_DR18_SPECTROSCOPY,ZWARNING_0_SCIENCEPRIMARY
TRD001924,210.68966,-0.41092207,STAR,SDSS_DR18_SPECTROSCOPY,ZWARNING_0_SCIENCEPRIMARY
TRD001925,210.54199,-0.071039203,STAR,SDSS_DR18_SPECTROSCOPY,ZWARNING_0_SCIENCEPRIMARY
TRD001926,210.37139,-0.097373812,STAR,SDSS_DR18_SPECTROSCOPY,ZWARNING_0_SCIENCEPRIMARY
TRD001927,210.36395,-0.29456647,STAR,SDSS_DR18_SPECTROSCOPY,ZWARNING_0_SCIENCEPRIMARY
TRD001928,210.93494,0.74614544,STAR,SDSS_DR18_SPECTROSCOPY,ZWARNING_0_SCIENCEPRIMARY
TRD001929,211.09373,1.2369507,STAR,SDSS_DR18_SPECTROSCOPY,ZWARNING_0_SCIENCEPRIMARY
TRD001930,210.96358,0.85391957,STAR,SDSS_DR18_SPECTROSCOPY,ZWARNING_0_SCIENCEPRIMARY
TRD001931,210.88981,1.1549569,STAR,SDSS_DR18_SPECTROSCOPY,ZWARNING_0_SCIENCEPRIMARY
TRD001932,210.71759,0.33653348,STAR,SDSS_DR18_SPECTROSCOPY,ZWARNING_0_SCIENCEPRIMARY
TRD001933,210.38799,0.36146605,STAR,SDSS_DR18_SPECTROSCOPY,ZWARNING_0_SCIENCEPRIMARY
TRD001934,210.77102,0.52945413,STAR,SDSS_DR18_SPECTROSCOPY,ZWARNING_0_SCIENCEPRIMARY
TRD001935,211.34887,0.83723498,STAR,SDSS_DR18_SPECTROSCOPY,ZWARNING_0_SCIENCEPRIMARY
TRD001936,211.39664,0.57714963,STAR,SDSS_DR18_SPECTROSCOPY,ZWARNING_0_SCIENCEPRIMARY
TRD001937,211.10815,0.19807177,STAR,SDSS_DR18_SPECTROSCOPY,ZWARNING_0_SCIENCEPRIMARY
TRD001938,211.30744,0.45512955,STAR,SDSS_DR18_SPECTROSCOPY,ZWARNING_0_SCIENCEPRIMARY
TRD001939,211.19393,0.52354608,STAR,SDSS_DR18_SPECTROSCOPY,ZWARNING_0_SCIENCEPRIMARY
TRD001940,211.67214,1.138405,STAR,SDSS_DR18_SPECTROSCOPY,ZWARNING_0_SCIENCEPRIMARY
TRD001941,211.66853,0.90041121,STAR,SDSS_DR18_SPECTROSCOPY,ZWARNING_0_SCIENCEPRIMARY
TRD001942,211.56222,1.0220656,STAR,SDSS_DR18_SPECTROSCOPY,ZWARNING_0_SCIENCEPRIMARY
TRD001943,211.51256,0.73713332,STAR,SDSS_DR18_SPECTROSCOPY,ZWARNING_0_SCIENCEPRIMARY
TRD001944,211.46044,0.76810752,STAR,SDSS_DR18_SPECTROSCOPY,ZWARNING_0_SCIENCEPRIMARY
TRD001945,211.53986,0.43864555,STAR,SDSS_DR18_SPECTROSCOPY,ZWARNING_0_SCIENCEPRIMARY
TRD001946,211.64791,0.17952763,STAR,SDSS_DR18_SPECTROSCOPY,ZWARNING_0_SCIENCEPRIMARY
TRD001947,211.45533,0.5828811,STAR,SDSS_DR18_SPECTROSCOPY,ZWARNING_0_SCIENCEPRIMARY
TRD001948,211.85549,1.1234904,STAR,SDSS_DR18_SPECTROSCOPY,ZWARNING_0_SCIENCEPRIMARY
TRD001949,211.83647,0.75131432,STAR,SDSS_DR18_SPECTROSCOPY,ZWARNING_0_SCIENCEPRIMARY
TRD001950,211.8299,0.19048655,STAR,SDSS_DR18_SPECTROSCOPY,ZWARNING_0_SCIENCEPRIMARY
TRD001951,211.7733,0.42796702,STAR,SDSS_DR18_SPECTROSCOPY,ZWARNING_0_SCIENCEPRIMARY
TRD001952,211.84599,0.64493414,STAR,SDSS_DR18_SPECTROSCOPY,ZWARNING_0_SCIENCEPRIMARY
TRD001953,211.75672,0.50240981,STAR,SDSS_DR18_SPECTROSCOPY,ZWARNING_0_SCIENCEPRIMARY
TRD001954,212.15977,-0.029814575,STAR,SDSS_DR18_SPECTROSCOPY,ZWARNING_0_SCIENCEPRIMARY
TRD001955,212.39801,0.050605944,STAR,SDSS_DR18_SPECTROSCOPY,ZWARNING_0_SCIENCEPRIMARY
TRD001956,212.35227,0.85765433,STAR,SDSS_DR18_SPECTROSCOPY,ZWARNING_0_SCIENCEPRIMARY
TRD001957,212.24738,0.73724433,STAR,SDSS_DR18_SPECTROSCOPY,ZWARNING_0_SCIENCEPRIMARY
TRD001958,212.74551,0.41003203,STAR,SDSS_DR18_SPECTROSCOPY,ZWARNING_0_SCIENCEPRIMARY
TRD001959,212.42183,0.99598796,STAR,SDSS_DR18_SPECTROSCOPY,ZWARNING_0_SCIENCEPRIMARY
TRD001960,212.97523,0.63017023,STAR,SDSS_DR18_SPECTROSCOPY,ZWARNING_0_SCIENCEPRIMARY
TRD001961,212.87341,0.5139153,STAR,SDSS_DR18_SPECTROSCOPY,ZWARNING_0_SCIENCEPRIMARY
TRD001962,212.93312,0.29608054,STAR,SDSS_DR18_SPECTROSCOPY,ZWARNING_0_SCIENCEPRIMARY
TRD001963,213.15965,0.087285056,STAR,SDSS_DR18_SPECTROSCOPY,ZWARNING_0_SCIENCEPRIMARY
TRD001964,214.32533,-0.80339563,STAR,SDSS_DR18_SPECTROSCOPY,ZWARNING_0_SCIENCEPRIMARY
TRD001965,213.98874,-0.73789778,STAR,SDSS_DR18_SPECTROSCOPY,ZWARNING_0_SCIENCEPRIMARY
TRD001966,214.74194,-0.44530882,STAR,SDSS_DR18_SPECTROSCOPY,ZWARNING_0_SCIENCEPRIMARY
TRD001967,213.92335,-1.1871931,STAR,SDSS_DR18_SPECTROSCOPY,ZWARNING_0_SCIENCEPRIMARY
TRD001968,214.43649,-0.30836767,STAR,SDSS_DR18_SPECTROSCOPY,ZWARNING_0_SCIENCEPRIMARY
TRD001969,214.24123,-0.95861322,STAR,SDSS_DR18_SPECTROSCOPY,ZWARNING_0_SCIENCEPRIMARY
TRD001970,213.4855,-0.44533194,STAR,SDSS_DR18_SPECTROSCOPY,ZWARNING_0_SCIENCEPRIMARY
TRD001971,213.1444,-0.924702,STAR,SDSS_DR18_SPECTROSCOPY,ZWARNING_0_SCIENCEPRIMARY
TRD001972,212.62699,-0.84488455,STAR,SDSS_DR18_SPECTROSCOPY,ZWARNING_0_SCIENCEPRIMARY
TRD001973,212.4215,-0.87016008,STAR,SDSS_DR18_SPECTROSCOPY,ZWARNING_0_SCIENCEPRIMARY
TRD001974,212.97277,-0.71591837,STAR,SDSS_DR18_SPECTROSCOPY,ZWARNING_0_SCIENCEPRIMARY
TRD001975,212.90508,-1.1272563,STAR,SDSS_DR18_SPECTROSCOPY,ZWARNING_0_SCIENCEPRIMARY
TRD001976,212.8925,-0.82544202,STAR,SDSS_DR18_SPECTROSCOPY,ZWARNING_0_SCIENCEPRIMARY
TRD001977,213.14688,-0.16961664,STAR,SDSS_DR18_SPECTROSCOPY,ZWARNING_0_SCIENCEPRIMARY
TRD001978,212.04586,-0.27337138,STAR,SDSS_DR18_SPECTROSCOPY,ZWARNING_0_SCIENCEPRIMARY
TRD001979,212.75733,1.07181,STAR,SDSS_DR18_SPECTROSCOPY,ZWARNING_0_SCIENCEPRIMARY
TRD001980,212.61166,0.95676223,STAR,SDSS_DR18_SPECTROSCOPY,ZWARNING_0_SCIENCEPRIMARY
TRD001981,212.22406,0.48251647,STAR,SDSS_DR18_SPECTROSCOPY,ZWARNING_0_SCIENCEPRIMARY
TRD001982,212.60087,0.28547264,STAR,SDSS_DR18_SPECTROSCOPY,ZWARNING_0_SCIENCEPRIMARY
TRD001983,212.56768,0.22224471,STAR,SDSS_DR18_SPECTROSCOPY,ZWARNING_0_SCIENCEPRIMARY
TRD001984,213.07121,0.15793702,STAR,SDSS_DR18_SPECTROSCOPY,ZWARNING_0_SCIENCEPRIMARY
TRD001985,213.111,0.055349258,STAR,SDSS_DR18_SPECTROSCOPY,ZWARNING_0_SCIENCEPRIMARY
TRD001986,212.61461,0.092561472,STAR,SDSS_DR18_SPECTROSCOPY,ZWARNING_0_SCIENCEPRIMARY
TRD001987,213.1522,0.56132246,STAR,SDSS_DR18_SPECTROSCOPY,ZWARNING_0_SCIENCEPRIMARY
TRD001988,213.43712,1.1611131,STAR,SDSS_DR18_SPECTROSCOPY,ZWARNING_0_SCIENCEPRIMARY
TRD001989,213.27305,0.83168668,STAR,SDSS_DR18_SPECTROSCOPY,ZWARNING_0_SCIENCEPRIMARY
TRD001990,213.75628,0.38970401,STAR,SDSS_DR18_SPECTROSCOPY,ZWARNING_0_SCIENCEPRIMARY
TRD001991,213.70068,0.52442379,STAR,SDSS_DR18_SPECTROSCOPY,ZWARNING_0_SCIENCEPRIMARY
TRD001992,214.21531,0.064105155,STAR,SDSS_DR18_SPECTROSCOPY,ZWARNING_0_SCIENCEPRIMARY
TRD001993,213.94115,0.78732743,STAR,SDSS_DR18_SPECTROSCOPY,ZWARNING_0_SCIENCEPRIMARY
TRD001994,214.14183,0.6371914,STAR,SDSS_DR18_SPECTROSCOPY,ZWARNING_0_SCIENCEPRIMARY
TRD001995,214.44633,0.43684342,STAR,SDSS_DR18_SPECTROSCOPY,ZWARNING_0_SCIENCEPRIMARY
TRD001996,214.49873,0.40889457,STAR,SDSS_DR18_SPECTROSCOPY,ZWARNING_0_SCIENCEPRIMARY
TRD001997,214.4599,0.98058809,STAR,SDSS_DR18_SPECTROSCOPY,ZWARNING_0_SCIENCEPRIMARY
TRD001998,214.43075,0.84617226,STAR,SDSS_DR18_SPECTROSCOPY,ZWARNING_0_SCIENCEPRIMARY
TRD001999,214.66522,0.53176624,STAR,SDSS_DR18_SPECTROSCOPY,ZWARNING_0_SCIENCEPRIMARY
TRD002000,214.69357,-0.083486445,STAR,SDSS_DR18_SPECTROSCOPY,ZWARNING_0_SCIENCEPRIMARY
TRD002001,214.83553,0.42640368,STAR,SDSS_DR18_SPECTROSCOPY,ZWARNING_0_SCIENCEPRIMARY
TRD002002,214.72133,0.20961242,STAR,SDSS_DR18_SPECTROSCOPY,ZWARNING_0_SCIENCEPRIMARY
TRD002003,214.83453,0.12930324,STAR,SDSS_DR18_SPECTROSCOPY,ZWARNING_0_SCIENCEPRIMARY
TRD002004,214.71243,0.065472072,STAR,SDSS_DR18_SPECTROSCOPY,ZWARNING_0_SCIENCEPRIMARY
TRD002005,214.82471,0.10419415,STAR,SDSS_DR18_SPECTROSCOPY,ZWARNING_0_SCIENCEPRIMARY
TRD002006,214.83896,0.18411696,STAR,SDSS_DR18_SPECTROSCOPY,ZWARNING_0_SCIENCEPRIMARY
TRD002007,215.78549,-0.35181382,STAR,SDSS_DR18_SPECTROSCOPY,ZWARNING_0_SCIENCEPRIMARY
TRD002008,215.80038,-0.40525094,STAR,SDSS_DR18_SPECTROSCOPY,ZWARNING_0_SCIENCEPRIMARY
TRD002009,215.8053,-0.2378519,STAR,SDSS_DR18_SPECTROSCOPY,ZWARNING_0_SCIENCEPRIMARY
TRD002010,215.79899,-0.32563626,STAR,SDSS_DR18_SPECTROSCOPY,ZWARNING_0_SCIENCEPRIMARY
TRD002011,215.61842,-0.71668362,STAR,SDSS_DR18_SPECTROSCOPY,ZWARNING_0_SCIENCEPRIMARY
TRD002012,215.72609,-0.72107429,STAR,SDSS_DR18_SPECTROSCOPY,ZWARNING_0_SCIENCEPRIMARY
TRD002013,215.72231,-0.79705913,STAR,SDSS_DR18_SPECTROSCOPY,ZWARNING_0_SCIENCEPRIMARY
TRD002014,215.72928,-0.74407599,STAR,SDSS_DR18_SPECTROSCOPY,ZWARNING_0_SCIENCEPRIMARY
TRD002015,215.75519,-0.64558726,STAR,SDSS_DR18_SPECTROSCOPY,ZWARNING_0_SCIENCEPRIMARY
TRD002016,215.72201,-0.65287707,STAR,SDSS_DR18_SPECTROSCOPY,ZWARNING_0_SCIENCEPRIMARY
TRD002017,215.60511,-0.6566191,STAR,SDSS_DR18_SPECTROSCOPY,ZWARNING_0_SCIENCEPRIMARY
TRD002018,215.71068,-0.81747385,STAR,SDSS_DR18_SPECTROSCOPY,ZWARNING_0_SCIENCEPRIMARY
TRD002019,215.75841,-0.80206326,STAR,SDSS_DR18_SPECTROSCOPY,ZWARNING_0_SCIENCEPRIMARY
TRD002020,215.73945,-0.48965264,STAR,SDSS_DR18_SPECTROSCOPY,ZWARNING_0_SCIENCEPRIMARY
TRD002021,215.69471,-0.38799809,STAR,SDSS_DR18_SPECTROSCOPY,ZWARNING_0_SCIENCEPRIMARY
TRD002022,215.68631,-0.23147739,STAR,SDSS_DR18_SPECTROSCOPY,ZWARNING_0_SCIENCEPRIMARY
TRD002023,215.69553,-0.418079,STAR,SDSS_DR18_SPECTROSCOPY,ZWARNING_0_SCIENCEPRIMARY
TRD002024,215.74537,-0.4187615,STAR,SDSS_DR18_SPECTROSCOPY,ZWARNING_0_SCIENCEPRIMARY
TRD002025,215.68533,-0.32696919,STAR,SDSS_DR18_SPECTROSCOPY,ZWARNING_0_SCIENCEPRIMARY
TRD002026,215.73619,-0.39731964,STAR,SDSS_DR18_SPECTROSCOPY,ZWARNING_0_SCIENCEPRIMARY
TRD002027,215.74117,-0.23909752,STAR,SDSS_DR18_SPECTROSCOPY,ZWARNING_0_SCIENCEPRIMARY
TRD002028,215.67233,-0.28120183,STAR,SDSS_DR18_SPECTROSCOPY,ZWARNING_0_SCIENCEPRIMARY
TRD002029,215.64368,-0.21844139,STAR,SDSS_DR18_SPECTROSCOPY,ZWARNING_0_SCIENCEPRIMARY
TRD002030,215.68945,-0.36599308,STAR,SDSS_DR18_SPECTROSCOPY,ZWARNING_0_SCIENCEPRIMARY
TRD002031,215.33411,-0.7739581,STAR,SDSS_DR18_SPECTROSCOPY,ZWARNING_0_SCIENCEPRIMARY
TRD002032,215.32766,-0.70134204,STAR,SDSS_DR18_SPECTROSCOPY,ZWARNING_0_SCIENCEPRIMARY
TRD002033,215.14603,-0.73863241,STAR,SDSS_DR18_SPECTROSCOPY,ZWARNING_0_SCIENCEPRIMARY
TRD002034,215.13879,-0.90283,STAR,SDSS_DR18_SPECTROSCOPY,ZWARNING_0_SCIENCEPRIMARY
TRD002035,215.31376,-0.31444322,STAR,SDSS_DR18_SPECTROSCOPY,ZWARNING_0_SCIENCEPRIMARY
TRD002036,214.98103,-0.35066198,STAR,SDSS_DR18_SPECTROSCOPY,ZWARNING_0_SCIENCEPRIMARY
TRD002037,214.88019,-0.11053472,STAR,SDSS_DR18_SPECTROSCOPY,ZWARNING_0_SCIENCEPRIMARY
TRD002038,214.86983,-0.27753152,STAR,SDSS_DR18_SPECTROSCOPY,ZWARNING_0_SCIENCEPRIMARY
TRD002039,214.66834,-0.42127819,STAR,SDSS_DR18_SPECTROSCOPY,ZWARNING_0_SCIENCEPRIMARY
TRD002040,214.85135,-1.1249337,STAR,SDSS_DR18_SPECTROSCOPY,ZWARNING_0_SCIENCEPRIMARY
TRD002041,214.8416,-0.71475191,STAR,SDSS_DR18_SPECTROSCOPY,ZWARNING_0_SCIENCEPRIMARY
TRD002042,214.84633,-1.0685417,STAR,SDSS_DR18_SPECTROSCOPY,ZWARNING_0_SCIENCEPRIMARY
TRD002043,215.01031,-0.70791371,STAR,SDSS_DR18_SPECTROSCOPY,ZWARNING_0_SCIENCEPRIMARY
TRD002044,214.44984,-0.097046955,STAR,SDSS_DR18_SPECTROSCOPY,ZWARNING_0_SCIENCEPRIMARY
TRD002045,214.34951,-0.37243215,STAR,SDSS_DR18_SPECTROSCOPY,ZWARNING_0_SCIENCEPRIMARY
TRD002046,214.766,-1.0279441,STAR,SDSS_DR18_SPECTROSCOPY,ZWARNING_0_SCIENCEPRIMARY
TRD002047,214.81925,-1.1867516,STAR,SDSS_DR18_SPECTROSCOPY,ZWARNING_0_SCIENCEPRIMARY
TRD002048,214.60501,-1.0626903,STAR,SDSS_DR18_SPECTROSCOPY,ZWARNING_0_SCIENCEPRIMARY
TRD002049,214.81919,-0.7733172,STAR,SDSS_DR18_SPECTROSCOPY,ZWARNING_0_SCIENCEPRIMARY
TRD002050,213.69274,-0.13211656,STAR,SDSS_DR18_SPECTROSCOPY,ZWARNING_0_SCIENCEPRIMARY
TRD002051,214.42057,-1.2360791,STAR,SDSS_DR18_SPECTROSCOPY,ZWARNING_0_SCIENCEPRIMARY
TRD002052,214.2594,-0.91472674,STAR,SDSS_DR18_SPECTROSCOPY,ZWARNING_0_SCIENCEPRIMARY
TRD002053,214.44259,-1.180379,STAR,SDSS_DR18_SPECTROSCOPY,ZWARNING_0_SCIENCEPRIMARY
TRD002054,214.44512,-1.228497,STAR,SDSS_DR18_SPECTROSCOPY,ZWARNING_0_SCIENCEPRIMARY
TRD002055,214.41691,-0.75931637,STAR,SDSS_DR18_SPECTROSCOPY,ZWARNING_0_SCIENCEPRIMARY
TRD002056,213.875,-1.0862661,STAR,SDSS_DR18_SPECTROSCOPY,ZWARNING_0_SCIENCEPRIMARY
TRD002057,213.46575,-0.36904689,STAR,SDSS_DR18_SPECTROSCOPY,ZWARNING_0_SCIENCEPRIMARY
TRD002058,213.70198,-1.183384,STAR,SDSS_DR18_SPECTROSCOPY,ZWARNING_0_SCIENCEPRIMARY
TRD002059,213.49182,0.60976981,STAR,SDSS_DR18_SPECTROSCOPY,ZWARNING_0_SCIENCEPRIMARY
TRD002060,214.0557,0.95411754,STAR,SDSS_DR18_SPECTROSCOPY,ZWARNING_0_SCIENCEPRIMARY
TRD002061,213.99566,1.040797,STAR,SDSS_DR18_SPECTROSCOPY,ZWARNING_0_SCIENCEPRIMARY
TRD002062,214.28674,0.97425828,STAR,SDSS_DR18_SPECTROSCOPY,ZWARNING_0_SCIENCEPRIMARY
TRD002063,213.8688,0.42029383,STAR,SDSS_DR18_SPECTROSCOPY,ZWARNING_0_SCIENCEPRIMARY
TRD002064,214.22384,0.79003576,STAR,SDSS_DR18_SPECTROSCOPY,ZWARNING_0_SCIENCEPRIMARY
TRD002065,214.15419,0.56936029,STAR,SDSS_DR18_SPECTROSCOPY,ZWARNING_0_SCIENCEPRIMARY
TRD002066,214.37653,0.43367653,STAR,SDSS_DR18_SPECTROSCOPY,ZWARNING_0_SCIENCEPRIMARY
TRD002067,213.91393,0.25716684,STAR,SDSS_DR18_SPECTROSCOPY,ZWARNING_0_SCIENCEPRIMARY
TRD002068,214.1847,0.42850064,STAR,SDSS_DR18_SPECTROSCOPY,ZWARNING_0_SCIENCEPRIMARY
TRD002069,214.05079,-0.080798957,STAR,SDSS_DR18_SPECTROSCOPY,ZWARNING_0_SCIENCEPRIMARY
TRD002070,214.50432,0.96047431,STAR,SDSS_DR18_SPECTROSCOPY,ZWARNING_0_SCIENCEPRIMARY
TRD002071,214.44626,1.0303546,STAR,SDSS_DR18_SPECTROSCOPY,ZWARNING_0_SCIENCEPRIMARY
TRD002072,214.56229,0.82936976,STAR,SDSS_DR18_SPECTROSCOPY,ZWARNING_0_SCIENCEPRIMARY
TRD002073,214.55428,0.8904416,STAR,SDSS_DR18_SPECTROSCOPY,ZWARNING_0_SCIENCEPRIMARY
TRD002074,214.48668,0.74041374,STAR,SDSS_DR18_SPECTROSCOPY,ZWARNING_0_SCIENCEPRIMARY
TRD002075,214.82954,0.51821721,STAR,SDSS_DR18_SPECTROSCOPY,ZWARNING_0_SCIENCEPRIMARY
TRD002076,214.44123,0.44543518,STAR,SDSS_DR18_SPECTROSCOPY,ZWARNING_0_SCIENCEPRIMARY
TRD002077,214.83235,0.15388468,STAR,SDSS_DR18_SPECTROSCOPY,ZWARNING_0_SCIENCEPRIMARY
TRD002078,214.82804,0.43065848,STAR,SDSS_DR18_SPECTROSCOPY,ZWARNING_0_SCIENCEPRIMARY
TRD002079,214.73311,0.048889002,STAR,SDSS_DR18_SPECTROSCOPY,ZWARNING_0_SCIENCEPRIMARY
TRD002080,214.86245,1.0898652,STAR,SDSS_DR18_SPECTROSCOPY,ZWARNING_0_SCIENCEPRIMARY
TRD002081,214.85774,0.91408365,STAR,SDSS_DR18_SPECTROSCOPY,ZWARNING_0_SCIENCEPRIMARY
TRD002082,214.94507,0.54535026,STAR,SDSS_DR18_SPECTROSCOPY,ZWARNING_0_SCIENCEPRIMARY
TRD002083,214.86482,0.43196595,STAR,SDSS_DR18_SPECTROSCOPY,ZWARNING_0_SCIENCEPRIMARY
TRD002084,215.1097,0.44982915,STAR,SDSS_DR18_SPECTROSCOPY,ZWARNING_0_SCIENCEPRIMARY
TRD002085,215.10086,0.54194104,STAR,SDSS_DR18_SPECTROSCOPY,ZWARNING_0_SCIENCEPRIMARY
TRD002086,215.61271,0.45634069,STAR,SDSS_DR18_SPECTROSCOPY,ZWARNING_0_SCIENCEPRIMARY
TRD002087,215.31881,0.42615958,STAR,SDSS_DR18_SPECTROSCOPY,ZWARNING_0_SCIENCEPRIMARY
TRD002088,215.73224,0.088268895,STAR,SDSS_DR18_SPECTROSCOPY,ZWARNING_0_SCIENCEPRIMARY
TRD002089,215.69115,0.46702104,STAR,SDSS_DR18_SPECTROSCOPY,ZWARNING_0_SCIENCEPRIMARY
TRD002090,215.67791,0.42046613,STAR,SDSS_DR18_SPECTROSCOPY,ZWARNING_0_SCIENCEPRIMARY
TRD002091,215.72164,0.42553452,STAR,SDSS_DR18_SPECTROSCOPY,ZWARNING_0_SCIENCEPRIMARY
TRD002092,215.65033,0.5563855,STAR,SDSS_DR18_SPECTROSCOPY,ZWARNING_0_SCIENCEPRIMARY
TRD002093,215.68979,0.44443768,STAR,SDSS_DR18_SPECTROSCOPY,ZWARNING_0_SCIENCEPRIMARY
TRD002094,215.65597,0.51811384,STAR,SDSS_DR18_SPECTROSCOPY,ZWARNING_0_SCIENCEPRIMARY
TRD002095,215.73424,0.45087057,STAR,SDSS_DR18_SPECTROSCOPY,ZWARNING_0_SCIENCEPRIMARY
TRD002096,215.73884,0.060531608,STAR,SDSS_DR18_SPECTROSCOPY,ZWARNING_0_SCIENCEPRIMARY
TRD002097,215.30123,0.66003425,STAR,SDSS_DR18_SPECTROSCOPY,ZWARNING_0_SCIENCEPRIMARY
TRD002098,215.32179,0.92868656,STAR,SDSS_DR18_SPECTROSCOPY,ZWARNING_0_SCIENCEPRIMARY
TRD002099,215.80499,0.46290364,STAR,SDSS_DR18_SPECTROSCOPY,ZWARNING_0_SCIENCEPRIMARY
TRD002100,215.80617,0.42469213,STAR,SDSS_DR18_SPECTROSCOPY,ZWARNING_0_SCIENCEPRIMARY
TRD002101,215.75065,0.16006583,STAR,SDSS_DR18_SPECTROSCOPY,ZWARNING_0_SCIENCEPRIMARY
TRD002102,215.74082,0.56566415,STAR,SDSS_DR18_SPECTROSCOPY,ZWARNING_0_SCIENCEPRIMARY
TRD002103,215.69179,0.60750088,STAR,SDSS_DR18_SPECTROSCOPY,ZWARNING_0_SCIENCEPRIMARY
TRD002104,215.76133,0.44303839,STAR,SDSS_DR18_SPECTROSCOPY,ZWARNING_0_SCIENCEPRIMARY
TRD002105,215.82727,0.43745708,STAR,SDSS_DR18_SPECTROSCOPY,ZWARNING_0_SCIENCEPRIMARY
TRD002106,215.9169,0.49863659,STAR,SDSS_DR18_SPECTROSCOPY,ZWARNING_0_SCIENCEPRIMARY
TRD002107,215.86876,0.56105396,STAR,SDSS_DR18_SPECTROSCOPY,ZWARNING_0_SCIENCEPRIMARY
TRD002108,215.87144,0.59339201,STAR,SDSS_DR18_SPECTROSCOPY,ZWARNING_0_SCIENCEPRIMARY
TRD002109,215.86677,0.48932222,STAR,SDSS_DR18_SPECTROSCOPY,ZWARNING_0_SCIENCEPRIMARY
TRD002110,215.88114,0.45606446,STAR,SDSS_DR18_SPECTROSCOPY,ZWARNING_0_SCIENCEPRIMARY
TRD002111,215.90978,0.46506926,STAR,SDSS_DR18_SPECTROSCOPY,ZWARNING_0_SCIENCEPRIMARY
TRD002112,215.886,0.54238425,STAR,SDSS_DR18_SPECTROSCOPY,ZWARNING_0_SCIENCEPRIMARY
TRD002113,215.97505,-0.081727047,STAR,SDSS_DR18_SPECTROSCOPY,ZWARNING_0_SCIENCEPRIMARY
TRD002114,216.00013,-0.039358195,STAR,SDSS_DR18_SPECTROSCOPY,ZWARNING_0_SCIENCEPRIMARY
TRD002115,215.87392,0.44108777,STAR,SDSS_DR18_SPECTROSCOPY,ZWARNING_0_SCIENCEPRIMARY
TRD002116,215.67798,0.84594411,STAR,SDSS_DR18_SPECTROSCOPY,ZWARNING_0_SCIENCEPRIMARY
TRD002117,215.62493,0.97800255,STAR,SDSS_DR18_SPECTROSCOPY,ZWARNING_0_SCIENCEPRIMARY
TRD002118,215.63169,0.90556259,STAR,SDSS_DR18_SPECTROSCOPY,ZWARNING_0_SCIENCEPRIMARY
TRD002119,215.67499,0.86226269,STAR,SDSS_DR18_SPECTROSCOPY,ZWARNING_0_SCIENCEPRIMARY
TRD002120,215.72849,0.84916357,STAR,SDSS_DR18_SPECTROSCOPY,ZWARNING_0_SCIENCEPRIMARY
TRD002121,217.26716,-0.8772571,STAR,SDSS_DR18_SPECTROSCOPY,ZWARNING_0_SCIENCEPRIMARY
TRD002122,217.29222,-0.19818863,STAR,SDSS_DR18_SPECTROSCOPY,ZWARNING_0_SCIENCEPRIMARY
TRD002123,216.56191,-1.0554867,STAR,SDSS_DR18_SPECTROSCOPY,ZWARNING_0_SCIENCEPRIMARY
TRD002124,216.91033,-1.1541167,STAR,SDSS_DR18_SPECTROSCOPY,ZWARNING_0_SCIENCEPRIMARY
TRD002125,217.02974,-0.06157038,STAR,SDSS_DR18_SPECTROSCOPY,ZWARNING_0_SCIENCEPRIMARY
TRD002126,217.00585,-0.19486541,STAR,SDSS_DR18_SPECTROSCOPY,ZWARNING_0_SCIENCEPRIMARY
TRD002127,216.89877,-0.60144058,STAR,SDSS_DR18_SPECTROSCOPY,ZWARNING_0_SCIENCEPRIMARY
TRD002128,216.3761,-0.86494671,STAR,SDSS_DR18_SPECTROSCOPY,ZWARNING_0_SCIENCEPRIMARY
TRD002129,216.6505,-1.1441067,STAR,SDSS_DR18_SPECTROSCOPY,ZWARNING_0_SCIENCEPRIMARY
TRD002130,216.34403,-0.73717431,STAR,SDSS_DR18_SPECTROSCOPY,ZWARNING_0_SCIENCEPRIMARY
TRD002131,216.90555,-0.013874871,STAR,SDSS_DR18_SPECTROSCOPY,ZWARNING_0_SCIENCEPRIMARY
TRD002132,216.28877,-0.48049302,STAR,SDSS_DR18_SPECTROSCOPY,ZWARNING_0_SCIENCEPRIMARY
TRD002133,216.38753,-1.1415815,STAR,SDSS_DR18_SPECTROSCOPY,ZWARNING_0_SCIENCEPRIMARY
TRD002134,216.04446,-0.79905046,STAR,SDSS_DR18_SPECTROSCOPY,ZWARNING_0_SCIENCEPRIMARY
TRD002135,216.25667,-0.22077676,STAR,SDSS_DR18_SPECTROSCOPY,ZWARNING_0_SCIENCEPRIMARY
TRD002136,215.88141,-1.2105109,STAR,SDSS_DR18_SPECTROSCOPY,ZWARNING_0_SCIENCEPRIMARY
TRD002137,215.87188,-1.1214064,STAR,SDSS_DR18_SPECTROSCOPY,ZWARNING_0_SCIENCEPRIMARY
TRD002138,216.03434,-0.49184778,STAR,SDSS_DR18_SPECTROSCOPY,ZWARNING_0_SCIENCEPRIMARY
TRD002139,215.73009,-1.1836979,STAR,SDSS_DR18_SPECTROSCOPY,ZWARNING_0_SCIENCEPRIMARY
TRD002140,215.85273,-1.2522388,STAR,SDSS_DR18_SPECTROSCOPY,ZWARNING_0_SCIENCEPRIMARY
TRD002141,215.71167,-1.2427827,STAR,SDSS_DR18_SPECTROSCOPY,ZWARNING_0_SCIENCEPRIMARY
TRD002142,215.80335,-1.0879376,STAR,SDSS_DR18_SPECTROSCOPY,ZWARNING_0_SCIENCEPRIMARY
TRD002143,215.7312,-1.2204208,STAR,SDSS_DR18_SPECTROSCOPY,ZWARNING_0_SCIENCEPRIMARY
TRD002144,215.83468,-1.2095114,STAR,SDSS_DR18_SPECTROSCOPY,ZWARNING_0_SCIENCEPRIMARY
TRD002145,215.79084,-1.1328678,STAR,SDSS_DR18_SPECTROSCOPY,ZWARNING_0_SCIENCEPRIMARY
TRD002146,215.81939,-1.2084573,STAR,SDSS_DR18_SPECTROSCOPY,ZWARNING_0_SCIENCEPRIMARY
TRD002147,215.83406,-1.0965187,STAR,SDSS_DR18_SPECTROSCOPY,ZWARNING_0_SCIENCEPRIMARY
TRD002148,215.85729,-1.1293503,STAR,SDSS_DR18_SPECTROSCOPY,ZWARNING_0_SCIENCEPRIMARY
TRD002149,215.80218,-1.2470159,STAR,SDSS_DR18_SPECTROSCOPY,ZWARNING_0_SCIENCEPRIMARY
TRD002150,215.77853,-1.2078876,STAR,SDSS_DR18_SPECTROSCOPY,ZWARNING_0_SCIENCEPRIMARY
TRD002151,215.7354,-1.2456664,STAR,SDSS_DR18_SPECTROSCOPY,ZWARNING_0_SCIENCEPRIMARY
TRD002152,215.85119,-1.0577674,STAR,SDSS_DR18_SPECTROSCOPY,ZWARNING_0_SCIENCEPRIMARY
TRD002153,215.85317,-1.1630791,STAR,SDSS_DR18_SPECTROSCOPY,ZWARNING_0_SCIENCEPRIMARY
TRD002154,215.7317,-0.17024062,STAR,SDSS_DR18_SPECTROSCOPY,ZWARNING_0_SCIENCEPRIMARY
TRD002155,215.75083,-0.64824951,STAR,SDSS_DR18_SPECTROSCOPY,ZWARNING_0_SCIENCEPRIMARY
TRD002156,215.31087,-0.31100511,STAR,SDSS_DR18_SPECTROSCOPY,ZWARNING_0_SCIENCEPRIMARY
TRD002157,215.74551,-0.24482847,STAR,SDSS_DR18_SPECTROSCOPY,ZWARNING_0_SCIENCEPRIMARY
TRD002158,215.74297,0.056932063,STAR,SDSS_DR18_SPECTROSCOPY,ZWARNING_0_SCIENCEPRIMARY
TRD002159,215.59706,-0.082210647,STAR,SDSS_DR18_SPECTROSCOPY,ZWARNING_0_SCIENCEPRIMARY
TRD002160,215.69401,-1.2274847,STAR,SDSS_DR18_SPECTROSCOPY,ZWARNING_0_SCIENCEPRIMARY
TRD002161,215.6711,-1.0589131,STAR,SDSS_DR18_SPECTROSCOPY,ZWARNING_0_SCIENCEPRIMARY
TRD002162,215.64069,-1.1033464,STAR,SDSS_DR18_SPECTROSCOPY,ZWARNING_0_SCIENCEPRIMARY
TRD002163,215.59833,-1.077456,STAR,SDSS_DR18_SPECTROSCOPY,ZWARNING_0_SCIENCEPRIMARY
TRD002164,215.30174,-0.80627492,STAR,SDSS_DR18_SPECTROSCOPY,ZWARNING_0_SCIENCEPRIMARY
TRD002165,215.68295,-1.1541491,STAR,SDSS_DR18_SPECTROSCOPY,ZWARNING_0_SCIENCEPRIMARY
TRD002166,215.62657,-1.1313672,STAR,SDSS_DR18_SPECTROSCOPY,ZWARNING_0_SCIENCEPRIMARY
TRD002167,215.58923,-1.1916585,STAR,SDSS_DR18_SPECTROSCOPY,ZWARNING_0_SCIENCEPRIMARY
TRD002168,215.71038,-1.2188339,STAR,SDSS_DR18_SPECTROSCOPY,ZWARNING_0_SCIENCEPRIMARY
TRD002169,215.61476,-1.1449686,STAR,SDSS_DR18_SPECTROSCOPY,ZWARNING_0_SCIENCEPRIMARY
TRD002170,215.52172,-0.70545224,STAR,SDSS_DR18_SPECTROSCOPY,ZWARNING_0_SCIENCEPRIMARY
TRD002171,215.59389,-1.097533,STAR,SDSS_DR18_SPECTROSCOPY,ZWARNING_0_SCIENCEPRIMARY
TRD002172,215.60776,-1.0625447,STAR,SDSS_DR18_SPECTROSCOPY,ZWARNING_0_SCIENCEPRIMARY
TRD002173,215.70876,-1.0585789,STAR,SDSS_DR18_SPECTROSCOPY,ZWARNING_0_SCIENCEPRIMARY
TRD002174,215.69692,-1.1205213,STAR,SDSS_DR18_SPECTROSCOPY,ZWARNING_0_SCIENCEPRIMARY
TRD002175,215.91294,0.62584114,STAR,SDSS_DR18_SPECTROSCOPY,ZWARNING_0_SCIENCEPRIMARY
TRD002176,215.73898,0.15281257,STAR,SDSS_DR18_SPECTROSCOPY,ZWARNING_0_SCIENCEPRIMARY
TRD002177,215.91664,0.54058292,STAR,SDSS_DR18_SPECTROSCOPY,ZWARNING_0_SCIENCEPRIMARY
TRD002178,215.32078,0.46377372,STAR,SDSS_DR18_SPECTROSCOPY,ZWARNING_0_SCIENCEPRIMARY
TRD002179,215.88568,0.55371184,STAR,SDSS_DR18_SPECTROSCOPY,ZWARNING_0_SCIENCEPRIMARY
TRD002180,215.85678,0.48168263,STAR,SDSS_DR18_SPECTROSCOPY,ZWARNING_0_SCIENCEPRIMARY
TRD002181,215.34016,0.89288735,STAR,SDSS_DR18_SPECTROSCOPY,ZWARNING_0_SCIENCEPRIMARY
TRD002182,215.72706,0.076690974,STAR,SDSS_DR18_SPECTROSCOPY,ZWARNING_0_SCIENCEPRIMARY
TRD002183,215.65797,1.0400005,STAR,SDSS_DR18_SPECTROSCOPY,ZWARNING_0_SCIENCEPRIMARY
TRD002184,215.65249,0.98591163,STAR,SDSS_DR18_SPECTROSCOPY,ZWARNING_0_SCIENCEPRIMARY
TRD002185,215.67948,0.97288894,STAR,SDSS_DR18_SPECTROSCOPY,ZWARNING_0_SCIENCEPRIMARY
TRD002186,215.68249,0.99958317,STAR,SDSS_DR18_SPECTROSCOPY,ZWARNING_0_SCIENCEPRIMARY
TRD002187,215.40295,0.95073569,STAR,SDSS_DR18_SPECTROSCOPY,ZWARNING_0_SCIENCEPRIMARY
TRD002188,215.50676,0.99196693,STAR,SDSS_DR18_SPECTROSCOPY,ZWARNING_0_SCIENCEPRIMARY
TRD002189,215.69251,1.0455629,STAR,SDSS_DR18_SPECTROSCOPY,ZWARNING_0_SCIENCEPRIMARY
TRD002190,216.12026,0.76992582,STAR,SDSS_DR18_SPECTROSCOPY,ZWARNING_0_SCIENCEPRIMARY
TRD002191,216.18715,0.63046581,STAR,SDSS_DR18_SPECTROSCOPY,ZWARNING_0_SCIENCEPRIMARY
TRD002192,215.71344,0.91111097,STAR,SDSS_DR18_SPECTROSCOPY,ZWARNING_0_SCIENCEPRIMARY
TRD002193,215.74816,0.98261644,STAR,SDSS_DR18_SPECTROSCOPY,ZWARNING_0_SCIENCEPRIMARY
TRD002194,215.69668,0.96569263,STAR,SDSS_DR18_SPECTROSCOPY,ZWARNING_0_SCIENCEPRIMARY
TRD002195,215.76572,1.020178,STAR,SDSS_DR18_SPECTROSCOPY,ZWARNING_0_SCIENCEPRIMARY
TRD002196,215.70989,0.86188769,STAR,SDSS_DR18_SPECTROSCOPY,ZWARNING_0_SCIENCEPRIMARY
TRD002197,215.71554,0.9821271,STAR,SDSS_DR18_SPECTROSCOPY,ZWARNING_0_SCIENCEPRIMARY
TRD002198,215.76781,0.99943507,STAR,SDSS_DR18_SPECTROSCOPY,ZWARNING_0_SCIENCEPRIMARY
TRD002199,215.76322,0.87209269,STAR,SDSS_DR18_SPECTROSCOPY,ZWARNING_0_SCIENCEPRIMARY
TRD002200,215.72309,0.93651785,STAR,SDSS_DR18_SPECTROSCOPY,ZWARNING_0_SCIENCEPRIMARY
TRD002201,215.70712,0.94228216,STAR,SDSS_DR18_SPECTROSCOPY,ZWARNING_0_SCIENCEPRIMARY
TRD002202,215.72506,1.0154368,STAR,SDSS_DR18_SPECTROSCOPY,ZWARNING_0_SCIENCEPRIMARY
TRD002203,215.74425,0.92478844,STAR,SDSS_DR18_SPECTROSCOPY,ZWARNING_0_SCIENCEPRIMARY
TRD002204,216.00274,1.237227,STAR,SDSS_DR18_SPECTROSCOPY,ZWARNING_0_SCIENCEPRIMARY
TRD002205,216.08985,0.95045707,STAR,SDSS_DR18_SPECTROSCOPY,ZWARNING_0_SCIENCEPRIMARY
TRD002206,216.11877,1.189241,STAR,SDSS_DR18_SPECTROSCOPY,ZWARNING_0_SCIENCEPRIMARY
TRD002207,216.76144,0.64620771,STAR,SDSS_DR18_SPECTROSCOPY,ZWARNING_0_SCIENCEPRIMARY
TRD002208,216.71964,0.29678273,STAR,SDSS_DR18_SPECTROSCOPY,ZWARNING_0_SCIENCEPRIMARY
TRD002209,216.93108,0.8153786,STAR,SDSS_DR18_SPECTROSCOPY,ZWARNING_0_SCIENCEPRIMARY
TRD002210,217.10949,0.48761131,STAR,SDSS_DR18_SPECTROSCOPY,ZWARNING_0_SCIENCEPRIMARY
TRD002211,217.17489,0.68004753,STAR,SDSS_DR18_SPECTROSCOPY,ZWARNING_0_SCIENCEPRIMARY
TRD002212,216.50616,1.0000579,STAR,SDSS_DR18_SPECTROSCOPY,ZWARNING_0_SCIENCEPRIMARY
TRD002213,216.41559,1.1574694,STAR,SDSS_DR18_SPECTROSCOPY,ZWARNING_0_SCIENCEPRIMARY
TRD002214,216.34862,1.002688,STAR,SDSS_DR18_SPECTROSCOPY,ZWARNING_0_SCIENCEPRIMARY
TRD002215,217.49178,0.3950188,STAR,SDSS_DR18_SPECTROSCOPY,ZWARNING_0_SCIENCEPRIMARY
TRD002216,217.73293,0.23113628,STAR,SDSS_DR18_SPECTROSCOPY,ZWARNING_0_SCIENCEPRIMARY
TRD002217,218.75094,-0.76843896,STAR,SDSS_DR18_SPECTROSCOPY,ZWARNING_0_SCIENCEPRIMARY
TRD002218,219.01844,-0.99385828,STAR,SDSS_DR18_SPECTROSCOPY,ZWARNING_0_SCIENCEPRIMARY
TRD002219,219.21805,-0.17027687,STAR,SDSS_DR18_SPECTROSCOPY,ZWARNING_0_SCIENCEPRIMARY
TRD002220,218.64925,-1.2081566,STAR,SDSS_DR18_SPECTROSCOPY,ZWARNING_0_SCIENCEPRIMARY
TRD002221,218.57774,-1.1163446,STAR,SDSS_DR18_SPECTROSCOPY,ZWARNING_0_SCIENCEPRIMARY
TRD002222,218.7478,-0.3745007,STAR,SDSS_DR18_SPECTROSCOPY,ZWARNING_0_SCIENCEPRIMARY
TRD002223,218.8061,-0.13326715,STAR,SDSS_DR18_SPECTROSCOPY,ZWARNING_0_SCIENCEPRIMARY
TRD002224,218.06242,-1.1716951,STAR,SDSS_DR18_SPECTROSCOPY,ZWARNING_0_SCIENCEPRIMARY
TRD002225,218.06612,-0.6710411,STAR,SDSS_DR18_SPECTROSCOPY,ZWARNING_0_SCIENCEPRIMARY
TRD002226,218.37884,-0.6058695,STAR,SDSS_DR18_SPECTROSCOPY,ZWARNING_0_SCIENCEPRIMARY
TRD002227,218.28953,-0.025377246,STAR,SDSS_DR18_SPECTROSCOPY,ZWARNING_0_SCIENCEPRIMARY
TRD002228,218.34124,-0.096233963,STAR,SDSS_DR18_SPECTROSCOPY,ZWARNING_0_SCIENCEPRIMARY
TRD002229,218.28377,-0.27012179,STAR,SDSS_DR18_SPECTROSCOPY,ZWARNING_0_SCIENCEPRIMARY
TRD002230,218.26317,-0.39986896,STAR,SDSS_DR18_SPECTROSCOPY,ZWARNING_0_SCIENCEPRIMARY
TRD002231,217.88009,-0.52666086,STAR,SDSS_DR18_SPECTROSCOPY,ZWARNING_0_SCIENCEPRIMARY
TRD002232,217.97107,-0.47342313,STAR,SDSS_DR18_SPECTROSCOPY,ZWARNING_0_SCIENCEPRIMARY
TRD002233,217.97739,-0.20868045,STAR,SDSS_DR18_SPECTROSCOPY,ZWARNING_0_SCIENCEPRIMARY
TRD002234,217.78033,-0.89008551,STAR,SDSS_DR18_SPECTROSCOPY,ZWARNING_0_SCIENCEPRIMARY
TRD002235,217.71097,-0.51493321,STAR,SDSS_DR18_SPECTROSCOPY,ZWARNING_0_SCIENCEPRIMARY
TRD002236,217.53947,-0.076193027,STAR,SDSS_DR18_SPECTROSCOPY,ZWARNING_0_SCIENCEPRIMARY
TRD002237,217.65462,-0.79690859,STAR,SDSS_DR18_SPECTROSCOPY,ZWARNING_0_SCIENCEPRIMARY
TRD002238,216.97071,-0.18769965,STAR,SDSS_DR18_SPECTROSCOPY,ZWARNING_0_SCIENCEPRIMARY
TRD002239,217.28793,-1.1796209,STAR,SDSS_DR18_SPECTROSCOPY,ZWARNING_0_SCIENCEPRIMARY
TRD002240,217.31169,-1.0902476,STAR,SDSS_DR18_SPECTROSCOPY,ZWARNING_0_SCIENCEPRIMARY
TRD002241,217.2292,-1.1735917,STAR,SDSS_DR18_SPECTROSCOPY,ZWARNING_0_SCIENCEPRIMARY
TRD002242,217.17768,0.86525351,STAR,SDSS_DR18_SPECTROSCOPY,ZWARNING_0_SCIENCEPRIMARY
TRD002243,216.69567,0.77061249,STAR,SDSS_DR18_SPECTROSCOPY,ZWARNING_0_SCIENCEPRIMARY
TRD002244,217.14856,0.73739153,STAR,SDSS_DR18_SPECTROSCOPY,ZWARNING_0_SCIENCEPRIMARY
TRD002245,216.84508,0.52411881,STAR,SDSS_DR18_SPECTROSCOPY,ZWARNING_0_SCIENCEPRIMARY
TRD002246,216.95172,0.34963464,STAR,SDSS_DR18_SPECTROSCOPY,ZWARNING_0_SCIENCEPRIMARY
TRD002247,216.57519,0.18140133,STAR,SDSS_DR18_SPECTROSCOPY,ZWARNING_0_SCIENCEPRIMARY
TRD002248,217.48368,1.1885013,STAR,SDSS_DR18_SPECTROSCOPY,ZWARNING_0_SCIENCEPRIMARY
TRD002249,217.3527,0.88437967,STAR,SDSS_DR18_SPECTROSCOPY,ZWARNING_0_SCIENCEPRIMARY
TRD002250,217.19336,0.75731968,STAR,SDSS_DR18_SPECTROSCOPY,ZWARNING_0_SCIENCEPRIMARY
TRD002251,217.20553,0.44084479,STAR,SDSS_DR18_SPECTROSCOPY,ZWARNING_0_SCIENCEPRIMARY
TRD002252,217.9089,0.80907744,STAR,SDSS_DR18_SPECTROSCOPY,ZWARNING_0_SCIENCEPRIMARY
TRD002253,217.91911,0.88057149,STAR,SDSS_DR18_SPECTROSCOPY,ZWARNING_0_SCIENCEPRIMARY
TRD002254,217.99886,0.037812143,STAR,SDSS_DR18_SPECTROSCOPY,ZWARNING_0_SCIENCEPRIMARY
TRD002255,217.90718,0.16685592,STAR,SDSS_DR18_SPECTROSCOPY,ZWARNING_0_SCIENCEPRIMARY
TRD002256,218.05145,0.45224494,STAR,SDSS_DR18_SPECTROSCOPY,ZWARNING_0_SCIENCEPRIMARY
TRD002257,218.11446,0.63538288,STAR,SDSS_DR18_SPECTROSCOPY,ZWARNING_0_SCIENCEPRIMARY
TRD002258,218.14619,0.52472161,STAR,SDSS_DR18_SPECTROSCOPY,ZWARNING_0_SCIENCEPRIMARY
TRD002259,218.17391,0.26403767,STAR,SDSS_DR18_SPECTROSCOPY,ZWARNING_0_SCIENCEPRIMARY
TRD002260,218.25391,0.91081433,STAR,SDSS_DR18_SPECTROSCOPY,ZWARNING_0_SCIENCEPRIMARY
TRD002261,218.3922,0.034564033,STAR,SDSS_DR18_SPECTROSCOPY,ZWARNING_0_SCIENCEPRIMARY
TRD002262,218.20346,0.75586127,STAR,SDSS_DR18_SPECTROSCOPY,ZWARNING_0_SCIENCEPRIMARY
TRD002263,218.75042,0.31411385,STAR,SDSS_DR18_SPECTROSCOPY,ZWARNING_0_SCIENCEPRIMARY
TRD002264,218.5031,0.1309452,STAR,SDSS_DR18_SPECTROSCOPY,ZWARNING_0_SCIENCEPRIMARY
TRD002265,218.63934,1.0356072,STAR,SDSS_DR18_SPECTROSCOPY,ZWARNING_0_SCIENCEPRIMARY
TRD002266,219.00659,0.77188385,STAR,SDSS_DR18_SPECTROSCOPY,ZWARNING_0_SCIENCEPRIMARY
TRD002267,219.22927,0.21058121,STAR,SDSS_DR18_SPECTROSCOPY,ZWARNING_0_SCIENCEPRIMARY
TRD002268,219.08328,0.57621758,STAR,SDSS_DR18_SPECTROSCOPY,ZWARNING_0_SCIENCEPRIMARY
TRD002269,219.23345,0.41068966,STAR,SDSS_DR18_SPECTROSCOPY,ZWARNING_0_SCIENCEPRIMARY
TRD002270,220.44977,-1.1432531,STAR,SDSS_DR18_SPECTROSCOPY,ZWARNING_0_SCIENCEPRIMARY
TRD002271,220.77695,-0.80887865,STAR,SDSS_DR18_SPECTROSCOPY,ZWARNING_0_SCIENCEPRIMARY
TRD002272,220.62988,-0.45208158,STAR,SDSS_DR18_SPECTROSCOPY,ZWARNING_0_SCIENCEPRIMARY
TRD002273,220.99836,-0.34730496,STAR,SDSS_DR18_SPECTROSCOPY,ZWARNING_0_SCIENCEPRIMARY
TRD002274,220.21182,-1.1202127,STAR,SDSS_DR18_SPECTROSCOPY,ZWARNING_0_SCIENCEPRIMARY
TRD002275,220.14153,-0.77242819,STAR,SDSS_DR18_SPECTROSCOPY,ZWARNING_0_SCIENCEPRIMARY
TRD002276,220.27739,-1.1725172,STAR,SDSS_DR18_SPECTROSCOPY,ZWARNING_0_SCIENCEPRIMARY
TRD002277,220.00398,-0.90595589,STAR,SDSS_DR18_SPECTROSCOPY,ZWARNING_0_SCIENCEPRIMARY
TRD002278,220.06738,-1.1934939,STAR,SDSS_DR18_SPECTROSCOPY,ZWARNING_0_SCIENCEPRIMARY
TRD002279,219.9983,-0.30726329,STAR,SDSS_DR18_SPECTROSCOPY,ZWARNING_0_SCIENCEPRIMARY
TRD002280,220.00463,-0.34622844,STAR,SDSS_DR18_SPECTROSCOPY,ZWARNING_0_SCIENCEPRIMARY
TRD002281,219.73162,-1.1565253,STAR,SDSS_DR18_SPECTROSCOPY,ZWARNING_0_SCIENCEPRIMARY
TRD002282,219.64373,-0.82452232,STAR,SDSS_DR18_SPECTROSCOPY,ZWARNING_0_SCIENCEPRIMARY
TRD002283,219.82558,-0.41428033,STAR,SDSS_DR18_SPECTROSCOPY,ZWARNING_0_SCIENCEPRIMARY
TRD002284,219.82753,-0.22291127,STAR,SDSS_DR18_SPECTROSCOPY,ZWARNING_0_SCIENCEPRIMARY
TRD002285,219.85077,-0.53665296,STAR,SDSS_DR18_SPECTROSCOPY,ZWARNING_0_SCIENCEPRIMARY
TRD002286,219.76641,-0.52205868,STAR,SDSS_DR18_SPECTROSCOPY,ZWARNING_0_SCIENCEPRIMARY
TRD002287,219.61824,-0.49520794,STAR,SDSS_DR18_SPECTROSCOPY,ZWARNING_0_SCIENCEPRIMARY
TRD002288,219.41482,-0.31949491,STAR,SDSS_DR18_SPECTROSCOPY,ZWARNING_0_SCIENCEPRIMARY
TRD002289,219.51254,-1.2251176,STAR,SDSS_DR18_SPECTROSCOPY,ZWARNING_0_SCIENCEPRIMARY
TRD002290,219.25374,-0.73944076,STAR,SDSS_DR18_SPECTROSCOPY,ZWARNING_0_SCIENCEPRIMARY
TRD002291,219.3986,-0.86479044,STAR,SDSS_DR18_SPECTROSCOPY,ZWARNING_0_SCIENCEPRIMARY
TRD002292,219.26592,-0.54353393,STAR,SDSS_DR18_SPECTROSCOPY,ZWARNING_0_SCIENCEPRIMARY
TRD002293,219.28458,-0.60774728,STAR,SDSS_DR18_SPECTROSCOPY,ZWARNING_0_SCIENCEPRIMARY
TRD002294,219.09879,-1.0440561,STAR,SDSS_DR18_SPECTROSCOPY,ZWARNING_0_SCIENCEPRIMARY
TRD002295,219.22742,-1.0876222,STAR,SDSS_DR18_SPECTROSCOPY,ZWARNING_0_SCIENCEPRIMARY
TRD002296,219.12365,-0.755387,STAR,SDSS_DR18_SPECTROSCOPY,ZWARNING_0_SCIENCEPRIMARY
TRD002297,219.15619,-1.0141261,STAR,SDSS_DR18_SPECTROSCOPY,ZWARNING_0_SCIENCEPRIMARY
TRD002298,219.14394,-0.88148225,STAR,SDSS_DR18_SPECTROSCOPY,ZWARNING_0_SCIENCEPRIMARY
TRD002299,218.95862,-0.52666465,STAR,SDSS_DR18_SPECTROSCOPY,ZWARNING_0_SCIENCEPRIMARY
TRD002300,219.10629,-0.38803102,STAR,SDSS_DR18_SPECTROSCOPY,ZWARNING_0_SCIENCEPRIMARY
TRD002301,219.1316,-0.28953806,STAR,SDSS_DR18_SPECTROSCOPY,ZWARNING_0_SCIENCEPRIMARY
TRD002302,219.09554,-0.58309745,STAR,SDSS_DR18_SPECTROSCOPY,ZWARNING_0_SCIENCEPRIMARY
TRD002303,219.03967,-1.0335658,STAR,SDSS_DR18_SPECTROSCOPY,ZWARNING_0_SCIENCEPRIMARY
TRD002304,218.80879,-0.72343566,STAR,SDSS_DR18_SPECTROSCOPY,ZWARNING_0_SCIENCEPRIMARY
TRD002305,218.82171,-0.77025208,STAR,SDSS_DR18_SPECTROSCOPY,ZWARNING_0_SCIENCEPRIMARY
TRD002306,218.61676,-0.66028389,STAR,SDSS_DR18_SPECTROSCOPY,ZWARNING_0_SCIENCEPRIMARY
TRD002307,218.57713,-0.3433868,STAR,SDSS_DR18_SPECTROSCOPY,ZWARNING_0_SCIENCEPRIMARY
TRD002308,218.51243,-0.21448032,STAR,SDSS_DR18_SPECTROSCOPY,ZWARNING_0_SCIENCEPRIMARY
TRD002309,218.46414,-0.16486774,STAR,SDSS_DR18_SPECTROSCOPY,ZWARNING_0_SCIENCEPRIMARY
TRD002310,218.60637,-0.38410853,STAR,SDSS_DR18_SPECTROSCOPY,ZWARNING_0_SCIENCEPRIMARY
TRD002311,218.3083,-0.21852624,STAR,SDSS_DR18_SPECTROSCOPY,ZWARNING_0_SCIENCEPRIMARY
TRD002312,218.6107,0.75884654,STAR,SDSS_DR18_SPECTROSCOPY,ZWARNING_0_SCIENCEPRIMARY
TRD002313,218.74051,1.1568916,STAR,SDSS_DR18_SPECTROSCOPY,ZWARNING_0_SCIENCEPRIMARY
TRD002314,218.54901,0.42150037,STAR,SDSS_DR18_SPECTROSCOPY,ZWARNING_0_SCIENCEPRIMARY
TRD002315,218.54609,0.61640673,STAR,SDSS_DR18_SPECTROSCOPY,ZWARNING_0_SCIENCEPRIMARY
TRD002316,218.29004,0.20537988,STAR,SDSS_DR18_SPECTROSCOPY,ZWARNING_0_SCIENCEPRIMARY
TRD002317,218.55901,0.31235149,STAR,SDSS_DR18_SPECTROSCOPY,ZWARNING_0_SCIENCEPRIMARY
TRD002318,218.52138,0.58293114,STAR,SDSS_DR18_SPECTROSCOPY,ZWARNING_0_SCIENCEPRIMARY
TRD002319,219.05983,1.2405523,STAR,SDSS_DR18_SPECTROSCOPY,ZWARNING_0_SCIENCEPRIMARY
TRD002320,219.10963,1.1971006,STAR,SDSS_DR18_SPECTROSCOPY,ZWARNING_0_SCIENCEPRIMARY
TRD002321,219.10198,0.895008,STAR,SDSS_DR18_SPECTROSCOPY,ZWARNING_0_SCIENCEPRIMARY
TRD002322,218.945,0.64250851,STAR,SDSS_DR18_SPECTROSCOPY,ZWARNING_0_SCIENCEPRIMARY
TRD002323,218.72568,-0.08332831,STAR,SDSS_DR18_SPECTROSCOPY,ZWARNING_0_SCIENCEPRIMARY
TRD002324,218.7292,0.45810758,STAR,SDSS_DR18_SPECTROSCOPY,ZWARNING_0_SCIENCEPRIMARY
TRD002325,219.44071,1.0065954,STAR,SDSS_DR18_SPECTROSCOPY,ZWARNING_0_SCIENCEPRIMARY
TRD002326,219.3517,0.93544645,STAR,SDSS_DR18_SPECTROSCOPY,ZWARNING_0_SCIENCEPRIMARY
TRD002327,219.43806,0.90080803,STAR,SDSS_DR18_SPECTROSCOPY,ZWARNING_0_SCIENCEPRIMARY
TRD002328,219.37403,0.19001084,STAR,SDSS_DR18_SPECTROSCOPY,ZWARNING_0_SCIENCEPRIMARY
TRD002329,219.27398,0.11933787,STAR,SDSS_DR18_SPECTROSCOPY,ZWARNING_0_SCIENCEPRIMARY
TRD002330,219.56176,0.54765771,STAR,SDSS_DR18_SPECTROSCOPY,ZWARNING_0_SCIENCEPRIMARY
TRD002331,219.58224,0.59588797,STAR,SDSS_DR18_SPECTROSCOPY,ZWARNING_0_SCIENCEPRIMARY
TRD002332,219.49938,0.64731281,STAR,SDSS_DR18_SPECTROSCOPY,ZWARNING_0_SCIENCEPRIMARY
TRD002333,219.66113,0.56933392,STAR,SDSS_DR18_SPECTROSCOPY,ZWARNING_0_SCIENCEPRIMARY
TRD002334,219.58873,0.6106897,STAR,SDSS_DR18_SPECTROSCOPY,ZWARNING_0_SCIENCEPRIMARY
TRD002335,219.5524,0.27822772,STAR,SDSS_DR18_SPECTROSCOPY,ZWARNING_0_SCIENCEPRIMARY
TRD002336,219.6622,-0.057917583,STAR,SDSS_DR18_SPECTROSCOPY,ZWARNING_0_SCIENCEPRIMARY
TRD002337,219.96216,0.68510859,STAR,SDSS_DR18_SPECTROSCOPY,ZWARNING_0_SCIENCEPRIMARY
TRD002338,219.97357,0.19852549,STAR,SDSS_DR18_SPECTROSCOPY,ZWARNING_0_SCIENCEPRIMARY
TRD002339,219.88937,1.2575019,STAR,SDSS_DR18_SPECTROSCOPY,ZWARNING_0_SCIENCEPRIMARY
TRD002340,219.67145,0.90908366,STAR,SDSS_DR18_SPECTROSCOPY,ZWARNING_0_SCIENCEPRIMARY
TRD002341,220.11981,0.66101361,STAR,SDSS_DR18_SPECTROSCOPY,ZWARNING_0_SCIENCEPRIMARY
TRD002342,220.06493,0.41155541,STAR,SDSS_DR18_SPECTROSCOPY,ZWARNING_0_SCIENCEPRIMARY
TRD002343,220.0675,0.44413758,STAR,SDSS_DR18_SPECTROSCOPY,ZWARNING_0_SCIENCEPRIMARY
TRD002344,220.33763,1.0032799,STAR,SDSS_DR18_SPECTROSCOPY,ZWARNING_0_SCIENCEPRIMARY
TRD002345,220.11673,1.0312187,STAR,SDSS_DR18_SPECTROSCOPY,ZWARNING_0_SCIENCEPRIMARY
TRD002346,220.36796,0.73884307,STAR,SDSS_DR18_SPECTROSCOPY,ZWARNING_0_SCIENCEPRIMARY
TRD002347,220.19008,0.42337684,STAR,SDSS_DR18_SPECTROSCOPY,ZWARNING_0_SCIENCEPRIMARY
TRD002348,220.50662,-0.035387505,STAR,SDSS_DR18_SPECTROSCOPY,ZWARNING_0_SCIENCEPRIMARY
TRD002349,220.30921,0.61733355,STAR,SDSS_DR18_SPECTROSCOPY,ZWARNING_0_SCIENCEPRIMARY
TRD002350,220.63317,1.211846,STAR,SDSS_DR18_SPECTROSCOPY,ZWARNING_0_SCIENCEPRIMARY
TRD002351,220.56244,1.1553588,STAR,SDSS_DR18_SPECTROSCOPY,ZWARNING_0_SCIENCEPRIMARY
TRD002352,220.50394,0.93243345,STAR,SDSS_DR18_SPECTROSCOPY,ZWARNING_0_SCIENCEPRIMARY
TRD002353,220.44807,1.0752762,STAR,SDSS_DR18_SPECTROSCOPY,ZWARNING_0_SCIENCEPRIMARY
TRD002354,221.04172,0.56456345,STAR,SDSS_DR18_SPECTROSCOPY,ZWARNING_0_SCIENCEPRIMARY
TRD002355,221.0094,0.63500886,STAR,SDSS_DR18_SPECTROSCOPY,ZWARNING_0_SCIENCEPRIMARY
TRD002356,220.80124,0.42287468,STAR,SDSS_DR18_SPECTROSCOPY,ZWARNING_0_SCIENCEPRIMARY
TRD002357,222.47987,-1.021647,STAR,SDSS_DR18_SPECTROSCOPY,ZWARNING_0_SCIENCEPRIMARY
TRD002358,222.96269,-0.52201372,STAR,SDSS_DR18_SPECTROSCOPY,ZWARNING_0_SCIENCEPRIMARY
TRD002359,222.93215,-0.39722274,STAR,SDSS_DR18_SPECTROSCOPY,ZWARNING_0_SCIENCEPRIMARY
TRD002360,222.91961,-0.23490896,STAR,SDSS_DR18_SPECTROSCOPY,ZWARNING_0_SCIENCEPRIMARY
TRD002361,222.22231,-0.94001179,STAR,SDSS_DR18_SPECTROSCOPY,ZWARNING_0_SCIENCEPRIMARY
TRD002362,222.25764,-1.1004646,STAR,SDSS_DR18_SPECTROSCOPY,ZWARNING_0_SCIENCEPRIMARY
TRD002363,222.71859,-0.77486448,STAR,SDSS_DR18_SPECTROSCOPY,ZWARNING_0_SCIENCEPRIMARY
TRD002364,222.08455,-1.1426794,STAR,SDSS_DR18_SPECTROSCOPY,ZWARNING_0_SCIENCEPRIMARY
TRD002365,221.85876,-1.0235098,STAR,SDSS_DR18_SPECTROSCOPY,ZWARNING_0_SCIENCEPRIMARY
TRD002366,222.60332,-0.62489269,STAR,SDSS_DR18_SPECTROSCOPY,ZWARNING_0_SCIENCEPRIMARY
TRD002367,222.59926,-0.11039937,STAR,SDSS_DR18_SPECTROSCOPY,ZWARNING_0_SCIENCEPRIMARY
TRD002368,221.5858,-0.972625,STAR,SDSS_DR18_SPECTROSCOPY,ZWARNING_0_SCIENCEPRIMARY
TRD002369,222.01742,-0.77728558,STAR,SDSS_DR18_SPECTROSCOPY,ZWARNING_0_SCIENCEPRIMARY
TRD002370,221.58232,-0.6242136,STAR,SDSS_DR18_SPECTROSCOPY,ZWARNING_0_SCIENCEPRIMARY
TRD002371,221.06273,-0.92871031,STAR,SDSS_DR18_SPECTROSCOPY,ZWARNING_0_SCIENCEPRIMARY
TRD002372,220.75109,-0.94737464,STAR,SDSS_DR18_SPECTROSCOPY,ZWARNING_0_SCIENCEPRIMARY
TRD002373,220.72301,-1.0450602,STAR,SDSS_DR18_SPECTROSCOPY,ZWARNING_0_SCIENCEPRIMARY
TRD002374,220.36596,-0.71256252,STAR,SDSS_DR18_SPECTROSCOPY,ZWARNING_0_SCIENCEPRIMARY
TRD002375,220.48605,-0.69926007,STAR,SDSS_DR18_SPECTROSCOPY,ZWARNING_0_SCIENCEPRIMARY
TRD002376,220.54042,-0.1759128,STAR,SDSS_DR18_SPECTROSCOPY,ZWARNING_0_SCIENCEPRIMARY
TRD002377,220.46209,-0.40677053,STAR,SDSS_DR18_SPECTROSCOPY,ZWARNING_0_SCIENCEPRIMARY
TRD002378,220.51141,0.81183779,STAR,SDSS_DR18_SPECTROSCOPY,ZWARNING_0_SCIENCEPRIMARY
TRD002379,220.57543,0.54830887,STAR,SDSS_DR18_SPECTROSCOPY,ZWARNING_0_SCIENCEPRIMARY
TRD002380,220.5993,0.61893209,STAR,SDSS_DR18_SPECTROSCOPY,ZWARNING_0_SCIENCEPRIMARY
TRD002381,220.88341,1.0901773,STAR,SDSS_DR18_SPECTROSCOPY,ZWARNING_0_SCIENCEPRIMARY
TRD002382,220.86674,0.77363682,STAR,SDSS_DR18_SPECTROSCOPY,ZWARNING_0_SCIENCEPRIMARY
TRD002383,220.86967,0.92875641,STAR,SDSS_DR18_SPECTROSCOPY,ZWARNING_0_SCIENCEPRIMARY
TRD002384,220.16892,0.13507379,STAR,SDSS_DR18_SPECTROSCOPY,ZWARNING_0_SCIENCEPRIMARY
TRD002385,220.40577,-0.091290791,STAR,SDSS_DR18_SPECTROSCOPY,ZWARNING_0_SCIENCEPRIMARY
TRD002386,220.41532,0.18156749,STAR,SDSS_DR18_SPECTROSCOPY,ZWARNING_0_SCIENCEPRIMARY
TRD002387,220.57295,-0.10484421,STAR,SDSS_DR18_SPECTROSCOPY,ZWARNING_0_SCIENCEPRIMARY
TRD002388,220.20932,-0.016372659,STAR,SDSS_DR18_SPECTROSCOPY,ZWARNING_0_SCIENCEPRIMARY
TRD002389,220.80289,-0.11608814,STAR,SDSS_DR18_SPECTROSCOPY,ZWARNING_0_SCIENCEPRIMARY
TRD002390,220.54337,0.16957897,STAR,SDSS_DR18_SPECTROSCOPY,ZWARNING_0_SCIENCEPRIMARY
TRD002391,221.14886,0.71944766,STAR,SDSS_DR18_SPECTROSCOPY,ZWARNING_0_SCIENCEPRIMARY
TRD002392,220.9925,1.1428979,STAR,SDSS_DR18_SPECTROSCOPY,ZWARNING_0_SCIENCEPRIMARY
TRD002393,220.82176,0.19077393,STAR,SDSS_DR18_SPECTROSCOPY,ZWARNING_0_SCIENCEPRIMARY
TRD002394,221.391,-0.12444501,STAR,SDSS_DR18_SPECTROSCOPY,ZWARNING_0_SCIENCEPRIMARY
TRD002395,221.47708,0.68374503,STAR,SDSS_DR18_SPECTROSCOPY,ZWARNING_0_SCIENCEPRIMARY
TRD002396,221.48994,0.91948879,STAR,SDSS_DR18_SPECTROSCOPY,ZWARNING_0_SCIENCEPRIMARY
TRD002397,221.11961,0.19870839,STAR,SDSS_DR18_SPECTROSCOPY,ZWARNING_0_SCIENCEPRIMARY
TRD002398,221.24917,0.26462542,STAR,SDSS_DR18_SPECTROSCOPY,ZWARNING_0_SCIENCEPRIMARY
TRD002399,220.79962,0.22449955,STAR,SDSS_DR18_SPECTROSCOPY,ZWARNING_0_SCIENCEPRIMARY
TRD002400,221.22783,0.075046385,STAR,SDSS_DR18_SPECTROSCOPY,ZWARNING_0_SCIENCEPRIMARY
TRD002401,221.62346,0.76804367,STAR,SDSS_DR18_SPECTROSCOPY,ZWARNING_0_SCIENCEPRIMARY
TRD002402,221.74927,0.90095931,STAR,SDSS_DR18_SPECTROSCOPY,ZWARNING_0_SCIENCEPRIMARY
TRD002403,221.61482,1.1468264,STAR,SDSS_DR18_SPECTROSCOPY,ZWARNING_0_SCIENCEPRIMARY
TRD002404,221.75069,1.2513303,STAR,SDSS_DR18_SPECTROSCOPY,ZWARNING_0_SCIENCEPRIMARY
TRD002405,221.54953,-0.10298904,STAR,SDSS_DR18_SPECTROSCOPY,ZWARNING_0_SCIENCEPRIMARY
TRD002406,221.7822,0.10845653,STAR,SDSS_DR18_SPECTROSCOPY,ZWARNING_0_SCIENCEPRIMARY
TRD002407,221.69371,0.59198537,STAR,SDSS_DR18_SPECTROSCOPY,ZWARNING_0_SCIENCEPRIMARY
TRD002408,222.07039,0.57877331,STAR,SDSS_DR18_SPECTROSCOPY,ZWARNING_0_SCIENCEPRIMARY
TRD002409,221.80554,1.0250145,STAR,SDSS_DR18_SPECTROSCOPY,ZWARNING_0_SCIENCEPRIMARY
TRD002410,222.51962,0.40746441,STAR,SDSS_DR18_SPECTROSCOPY,ZWARNING_0_SCIENCEPRIMARY
TRD002411,222.49812,0.47521271,STAR,SDSS_DR18_SPECTROSCOPY,ZWARNING_0_SCIENCEPRIMARY
TRD002412,222.42449,0.19859707,STAR,SDSS_DR18_SPECTROSCOPY,ZWARNING_0_SCIENCEPRIMARY
TRD002413,222.33848,0.5242884,STAR,SDSS_DR18_SPECTROSCOPY,ZWARNING_0_SCIENCEPRIMARY
TRD002414,222.24748,1.2121246,STAR,SDSS_DR18_SPECTROSCOPY,ZWARNING_0_SCIENCEPRIMARY
TRD002415,222.12137,1.2153458,STAR,SDSS_DR18_SPECTROSCOPY,ZWARNING_0_SCIENCEPRIMARY
TRD002416,222.37216,0.92478497,STAR,SDSS_DR18_SPECTROSCOPY,ZWARNING_0_SCIENCEPRIMARY
TRD002417,222.16052,0.76801882,STAR,SDSS_DR18_SPECTROSCOPY,ZWARNING_0_SCIENCEPRIMARY
TRD002418,222.14602,0.82632562,STAR,SDSS_DR18_SPECTROSCOPY,ZWARNING_0_SCIENCEPRIMARY
TRD002419,222.38031,1.1106882,STAR,SDSS_DR18_SPECTROSCOPY,ZWARNING_0_SCIENCEPRIMARY
TRD002420,222.62873,0.61032898,STAR,SDSS_DR18_SPECTROSCOPY,ZWARNING_0_SCIENCEPRIMARY
TRD002421,222.55486,0.59302152,STAR,SDSS_DR18_SPECTROSCOPY,ZWARNING_0_SCIENCEPRIMARY
TRD002422,222.63488,0.0063425238,STAR,SDSS_DR18_SPECTROSCOPY,ZWARNING_0_SCIENCEPRIMARY
TRD002423,222.3198,0.7948326,STAR,SDSS_DR18_SPECTROSCOPY,ZWARNING_0_SCIENCEPRIMARY
TRD002424,224.49273,-0.93043319,STAR,SDSS_DR18_SPECTROSCOPY,ZWARNING_0_SCIENCEPRIMARY
TRD002425,224.94601,-0.66517829,STAR,SDSS_DR18_SPECTROSCOPY,ZWARNING_0_SCIENCEPRIMARY
TRD002426,224.45575,-0.82212062,STAR,SDSS_DR18_SPECTROSCOPY,ZWARNING_0_SCIENCEPRIMARY
TRD002427,224.96627,-0.2988811,STAR,SDSS_DR18_SPECTROSCOPY,ZWARNING_0_SCIENCEPRIMARY
TRD002428,224.14977,-0.93251774,STAR,SDSS_DR18_SPECTROSCOPY,ZWARNING_0_SCIENCEPRIMARY
TRD002429,224.38178,-0.41941441,STAR,SDSS_DR18_SPECTROSCOPY,ZWARNING_0_SCIENCEPRIMARY
TRD002430,224.63751,-0.51248978,STAR,SDSS_DR18_SPECTROSCOPY,ZWARNING_0_SCIENCEPRIMARY
TRD002431,224.57445,-0.34320069,STAR,SDSS_DR18_SPECTROSCOPY,ZWARNING_0_SCIENCEPRIMARY
TRD002432,224.66106,-0.59254418,STAR,SDSS_DR18_SPECTROSCOPY,ZWARNING_0_SCIENCEPRIMARY
TRD002433,223.90386,-0.9612281,STAR,SDSS_DR18_SPECTROSCOPY,ZWARNING_0_SCIENCEPRIMARY
TRD002434,223.87739,-1.2308258,STAR,SDSS_DR18_SPECTROSCOPY,ZWARNING_0_SCIENCEPRIMARY
TRD002435,223.93208,-0.92569128,STAR,SDSS_DR18_SPECTROSCOPY,ZWARNING_0_SCIENCEPRIMARY
TRD002436,224.28099,-0.27448405,STAR,SDSS_DR18_SPECTROSCOPY,ZWARNING_0_SCIENCEPRIMARY
TRD002437,223.80028,-1.0285826,STAR,SDSS_DR18_SPECTROSCOPY,ZWARNING_0_SCIENCEPRIMARY
TRD002438,223.65094,-1.219692,STAR,SDSS_DR18_SPECTROSCOPY,ZWARNING_0_SCIENCEPRIMARY
TRD002439,223.88909,0.053647462,STAR,SDSS_DR18_SPECTROSCOPY,ZWARNING_0_SCIENCEPRIMARY
TRD002440,223.85688,-0.29795128,STAR,SDSS_DR18_SPECTROSCOPY,ZWARNING_0_SCIENCEPRIMARY
TRD002441,223.68705,0.013272926,STAR,SDSS_DR18_SPECTROSCOPY,ZWARNING_0_SCIENCEPRIMARY
TRD002442,223.6775,-0.49839194,STAR,SDSS_DR18_SPECTROSCOPY,ZWARNING_0_SCIENCEPRIMARY
TRD002443,223.35755,0.016539009,STAR,SDSS_DR18_SPECTROSCOPY,ZWARNING_0_SCIENCEPRIMARY
TRD002444,223.38411,-0.48752772,STAR,SDSS_DR18_SPECTROSCOPY,ZWARNING_0_SCIENCEPRIMARY
TRD002445,223.20378,-1.1125415,STAR,SDSS_DR18_SPECTROSCOPY,ZWARNING_0_SCIENCEPRIMARY
TRD002446,223.21102,-0.54764821,STAR,SDSS_DR18_SPECTROSCOPY,ZWARNING_0_SCIENCEPRIMARY
TRD002447,223.03126,-0.49496866,STAR,SDSS_DR18_SPECTROSCOPY,ZWARNING_0_SCIENCEPRIMARY
TRD002448,223.17695,-0.22440525,STAR,SDSS_DR18_SPECTROSCOPY,ZWARNING_0_SCIENCEPRIMARY
TRD002449,223.10961,-0.23888333,STAR,SDSS_DR18_SPECTROSCOPY,ZWARNING_0_SCIENCEPRIMARY
TRD002450,223.21575,-0.20996523,STAR,SDSS_DR18_SPECTROSCOPY,ZWARNING_0_SCIENCEPRIMARY
TRD002451,222.63108,0.015382523,STAR,SDSS_DR18_SPECTROSCOPY,ZWARNING_0_SCIENCEPRIMARY
TRD002452,222.81161,-0.31265094,STAR,SDSS_DR18_SPECTROSCOPY,ZWARNING_0_SCIENCEPRIMARY
TRD002453,222.54185,0.96501696,STAR,SDSS_DR18_SPECTROSCOPY,ZWARNING_0_SCIENCEPRIMARY
TRD002454,222.82236,0.79168976,STAR,SDSS_DR18_SPECTROSCOPY,ZWARNING_0_SCIENCEPRIMARY
TRD002455,222.87057,1.1702839,STAR,SDSS_DR18_SPECTROSCOPY,ZWARNING_0_SCIENCEPRIMARY
TRD002456,223.18493,0.59638852,STAR,SDSS_DR18_SPECTROSCOPY,ZWARNING_0_SCIENCEPRIMARY
TRD002457,223.19806,0.072407938,STAR,SDSS_DR18_SPECTROSCOPY,ZWARNING_0_SCIENCEPRIMARY
TRD002458,223.16781,0.19830877,STAR,SDSS_DR18_SPECTROSCOPY,ZWARNING_0_SCIENCEPRIMARY
TRD002459,222.92435,0.35591131,STAR,SDSS_DR18_SPECTROSCOPY,ZWARNING_0_SCIENCEPRIMARY
TRD002460,223.03501,0.49468257,STAR,SDSS_DR18_SPECTROSCOPY,ZWARNING_0_SCIENCEPRIMARY
TRD002461,223.14634,0.10678948,STAR,SDSS_DR18_SPECTROSCOPY,ZWARNING_0_SCIENCEPRIMARY
TRD002462,223.25411,0.93252241,STAR,SDSS_DR18_SPECTROSCOPY,ZWARNING_0_SCIENCEPRIMARY
TRD002463,223.33199,1.1284686,STAR,SDSS_DR18_SPECTROSCOPY,ZWARNING_0_SCIENCEPRIMARY
TRD002464,223.31872,0.43232889,STAR,SDSS_DR18_SPECTROSCOPY,ZWARNING_0_SCIENCEPRIMARY
TRD002465,223.22464,0.13899645,STAR,SDSS_DR18_SPECTROSCOPY,ZWARNING_0_SCIENCEPRIMARY
TRD002466,223.59805,0.93437469,STAR,SDSS_DR18_SPECTROSCOPY,ZWARNING_0_SCIENCEPRIMARY
TRD002467,223.69717,1.1685602,STAR,SDSS_DR18_SPECTROSCOPY,ZWARNING_0_SCIENCEPRIMARY
TRD002468,223.53587,0.99248277,STAR,SDSS_DR18_SPECTROSCOPY,ZWARNING_0_SCIENCEPRIMARY
TRD002469,223.36041,0.85983494,STAR,SDSS_DR18_SPECTROSCOPY,ZWARNING_0_SCIENCEPRIMARY
TRD002470,223.63636,0.28340404,STAR,SDSS_DR18_SPECTROSCOPY,ZWARNING_0_SCIENCEPRIMARY
TRD002471,223.77504,0.37752873,STAR,SDSS_DR18_SPECTROSCOPY,ZWARNING_0_SCIENCEPRIMARY
TRD002472,223.72119,0.59225707,STAR,SDSS_DR18_SPECTROSCOPY,ZWARNING_0_SCIENCEPRIMARY
TRD002473,224.09079,0.32596612,STAR,SDSS_DR18_SPECTROSCOPY,ZWARNING_0_SCIENCEPRIMARY
TRD002474,224.13195,0.42036418,STAR,SDSS_DR18_SPECTROSCOPY,ZWARNING_0_SCIENCEPRIMARY
TRD002475,224.07516,0.1716545,STAR,SDSS_DR18_SPECTROSCOPY,ZWARNING_0_SCIENCEPRIMARY
TRD002476,223.82948,1.1729463,STAR,SDSS_DR18_SPECTROSCOPY,ZWARNING_0_SCIENCEPRIMARY
TRD002477,223.89791,1.0462122,STAR,SDSS_DR18_SPECTROSCOPY,ZWARNING_0_SCIENCEPRIMARY
TRD002478,223.76207,0.89278985,STAR,SDSS_DR18_SPECTROSCOPY,ZWARNING_0_SCIENCEPRIMARY
TRD002479,223.77571,0.90851225,STAR,SDSS_DR18_SPECTROSCOPY,ZWARNING_0_SCIENCEPRIMARY
TRD002480,224.20339,0.42164916,STAR,SDSS_DR18_SPECTROSCOPY,ZWARNING_0_SCIENCEPRIMARY
TRD002481,224.35185,0.056096422,STAR,SDSS_DR18_SPECTROSCOPY,ZWARNING_0_SCIENCEPRIMARY
TRD002482,224.18713,1.171522,STAR,SDSS_DR18_SPECTROSCOPY,ZWARNING_0_SCIENCEPRIMARY
TRD002483,224.12037,1.1004862,STAR,SDSS_DR18_SPECTROSCOPY,ZWARNING_0_SCIENCEPRIMARY
TRD002484,224.51197,0.093782676,STAR,SDSS_DR18_SPECTROSCOPY,ZWARNING_0_SCIENCEPRIMARY
TRD002485,224.38411,0.96574816,STAR,SDSS_DR18_SPECTROSCOPY,ZWARNING_0_SCIENCEPRIMARY
TRD002486,224.69753,0.58550129,STAR,SDSS_DR18_SPECTROSCOPY,ZWARNING_0_SCIENCEPRIMARY
TRD002487,225.00624,0.18911576,STAR,SDSS_DR18_SPECTROSCOPY,ZWARNING_0_SCIENCEPRIMARY
TRD002488,226.77674,-1.1484206,STAR,SDSS_DR18_SPECTROSCOPY,ZWARNING_0_SCIENCEPRIMARY
TRD002489,226.86225,-0.61387697,STAR,SDSS_DR18_SPECTROSCOPY,ZWARNING_0_SCIENCEPRIMARY
TRD002490,227.28183,-0.24424711,STAR,SDSS_DR18_SPECTROSCOPY,ZWARNING_0_SCIENCEPRIMARY
TRD002491,226.36834,-1.0357514,STAR,SDSS_DR18_SPECTROSCOPY,ZWARNING_0_SCIENCEPRIMARY
TRD002492,226.56427,-1.142689,STAR,SDSS_DR18_SPECTROSCOPY,ZWARNING_0_SCIENCEPRIMARY
TRD002493,226.44515,-0.80991241,STAR,SDSS_DR18_SPECTROSCOPY,ZWARNING_0_SCIENCEPRIMARY
TRD002494,226.65312,-0.71812085,STAR,SDSS_DR18_SPECTROSCOPY,ZWARNING_0_SCIENCEPRIMARY
TRD002495,226.19016,-1.0756515,STAR,SDSS_DR18_SPECTROSCOPY,ZWARNING_0_SCIENCEPRIMARY
TRD002496,226.13187,-1.1741508,STAR,SDSS_DR18_SPECTROSCOPY,ZWARNING_0_SCIENCEPRIMARY
TRD002497,226.18206,-0.9068883,STAR,SDSS_DR18_SPECTROSCOPY,ZWARNING_0_SCIENCEPRIMARY
TRD002498,226.10941,-0.79461893,STAR,SDSS_DR18_SPECTROSCOPY,ZWARNING_0_SCIENCEPRIMARY
TRD002499,226.32279,-0.78883158,STAR,SDSS_DR18_SPECTROSCOPY,ZWARNING_0_SCIENCEPRIMARY
TRD002500,226.30368,-0.74638686,STAR,SDSS_DR18_SPECTROSCOPY,ZWARNING_0_SCIENCEPRIMARY
TRD002501,226.13055,-0.8507786,STAR,SDSS_DR18_SPECTROSCOPY,ZWARNING_0_SCIENCEPRIMARY
TRD002502,225.89928,-0.9031387,STAR,SDSS_DR18_SPECTROSCOPY,ZWARNING_0_SCIENCEPRIMARY
TRD002503,225.8463,-0.80774099,STAR,SDSS_DR18_SPECTROSCOPY,ZWARNING_0_SCIENCEPRIMARY
TRD002504,225.87705,-0.86978447,STAR,SDSS_DR18_SPECTROSCOPY,ZWARNING_0_SCIENCEPRIMARY
TRD002505,225.9072,-0.75144122,STAR,SDSS_DR18_SPECTROSCOPY,ZWARNING_0_SCIENCEPRIMARY
TRD002506,225.98132,-1.1431047,STAR,SDSS_DR18_SPECTROSCOPY,ZWARNING_0_SCIENCEPRIMARY
TRD002507,226.60822,-0.086812492,STAR,SDSS_DR18_SPECTROSCOPY,ZWARNING_0_SCIENCEPRIMARY
TRD002508,226.79548,-0.51841532,STAR,SDSS_DR18_SPECTROSCOPY,ZWARNING_0_SCIENCEPRIMARY
TRD002509,226.71657,-0.27786512,STAR,SDSS_DR18_SPECTROSCOPY,ZWARNING_0_SCIENCEPRIMARY
TRD002510,226.66673,-0.37397488,STAR,SDSS_DR18_SPECTROSCOPY,ZWARNING_0_SCIENCEPRIMARY
TRD002511,226.46832,-0.48638771,STAR,SDSS_DR18_SPECTROSCOPY,ZWARNING_0_SCIENCEPRIMARY
TRD002512,226.42885,0.01970674,STAR,SDSS_DR18_SPECTROSCOPY,ZWARNING_0_SCIENCEPRIMARY
TRD002513,226.48708,-0.060777247,STAR,SDSS_DR18_SPECTROSCOPY,ZWARNING_0_SCIENCEPRIMARY
TRD002514,226.25255,-0.054953218,STAR,SDSS_DR18_SPECTROSCOPY,ZWARNING_0_SCIENCEPRIMARY
TRD002515,226.30414,-0.34765806,STAR,SDSS_DR18_SPECTROSCOPY,ZWARNING_0_SCIENCEPRIMARY
TRD002516,226.1529,-0.22512213,STAR,SDSS_DR18_SPECTROSCOPY,ZWARNING_0_SCIENCEPRIMARY
TRD002517,225.82623,-0.17040338,STAR,SDSS_DR18_SPECTROSCOPY,ZWARNING_0_SCIENCEPRIMARY
TRD002518,225.86128,0.047463427,STAR,SDSS_DR18_SPECTROSCOPY,ZWARNING_0_SCIENCEPRIMARY
TRD002519,225.61063,-1.1431167,STAR,SDSS_DR18_SPECTROSCOPY,ZWARNING_0_SCIENCEPRIMARY
TRD002520,225.55586,-1.0795902,STAR,SDSS_DR18_SPECTROSCOPY,ZWARNING_0_SCIENCEPRIMARY
TRD002521,225.47375,-1.0432476,STAR,SDSS_DR18_SPECTROSCOPY,ZWARNING_0_SCIENCEPRIMARY
TRD002522,225.55591,-0.85602881,STAR,SDSS_DR18_SPECTROSCOPY,ZWARNING_0_SCIENCEPRIMARY
TRD002523,225.73433,-0.99907301,STAR,SDSS_DR18_SPECTROSCOPY,ZWARNING_0_SCIENCEPRIMARY
TRD002524,225.73629,-0.87656505,STAR,SDSS_DR18_SPECTROSCOPY,ZWARNING_0_SCIENCEPRIMARY
TRD002525,225.78774,-0.97873867,STAR,SDSS_DR18_SPECTROSCOPY,ZWARNING_0_SCIENCEPRIMARY
TRD002526,225.76049,0.047030259,STAR,SDSS_DR18_SPECTROSCOPY,ZWARNING_0_SCIENCEPRIMARY
TRD002527,225.76714,-0.1080291,STAR,SDSS_DR18_SPECTROSCOPY,ZWARNING_0_SCIENCEPRIMARY
TRD002528,225.7545,-0.3682153,STAR,SDSS_DR18_SPECTROSCOPY,ZWARNING_0_SCIENCEPRIMARY
TRD002529,225.13462,-1.2346787,STAR,SDSS_DR18_SPECTROSCOPY,ZWARNING_0_SCIENCEPRIMARY
TRD002530,225.22846,-0.34358411,STAR,SDSS_DR18_SPECTROSCOPY,ZWARNING_0_SCIENCEPRIMARY
TRD002531,225.10974,-0.65778625,STAR,SDSS_DR18_SPECTROSCOPY,ZWARNING_0_SCIENCEPRIMARY
TRD002532,224.90396,-0.74175563,STAR,SDSS_DR18_SPECTROSCOPY,ZWARNING_0_SCIENCEPRIMARY
TRD002533,225.08767,-0.19748433,STAR,SDSS_DR18_SPECTROSCOPY,ZWARNING_0_SCIENCEPRIMARY
TRD002534,225.04511,0.027164646,STAR,SDSS_DR18_SPECTROSCOPY,ZWARNING_0_SCIENCEPRIMARY
TRD002535,224.84834,0.010327033,STAR,SDSS_DR18_SPECTROSCOPY,ZWARNING_0_SCIENCEPRIMARY
TRD002536,225.02529,-0.31447037,STAR,SDSS_DR18_SPECTROSCOPY,ZWARNING_0_SCIENCEPRIMARY
TRD002537,224.51866,-0.37804937,STAR,SDSS_DR18_SPECTROSCOPY,ZWARNING_0_SCIENCEPRIMARY
TRD002538,225.03382,-0.39937414,STAR,SDSS_DR18_SPECTROSCOPY,ZWARNING_0_SCIENCEPRIMARY
TRD002539,224.98168,0.81077259,STAR,SDSS_DR18_SPECTROSCOPY,ZWARNING_0_SCIENCEPRIMARY
TRD002540,224.58925,0.78036742,STAR,SDSS_DR18_SPECTROSCOPY,ZWARNING_0_SCIENCEPRIMARY
TRD002541,224.86601,0.12167368,STAR,SDSS_DR18_SPECTROSCOPY,ZWARNING_0_SCIENCEPRIMARY
TRD002542,224.5617,0.21186323,STAR,SDSS_DR18_SPECTROSCOPY,ZWARNING_0_SCIENCEPRIMARY
TRD002543,224.53599,0.15418234,STAR,SDSS_DR18_SPECTROSCOPY,ZWARNING_0_SCIENCEPRIMARY
TRD002544,225.56936,0.97072815,STAR,SDSS_DR18_SPECTROSCOPY,ZWARNING_0_SCIENCEPRIMARY
TRD002545,225.41502,0.87873896,STAR,SDSS_DR18_SPECTROSCOPY,ZWARNING_0_SCIENCEPRIMARY
TRD002546,225.35259,0.90843191,STAR,SDSS_DR18_SPECTROSCOPY,ZWARNING_0_SCIENCEPRIMARY
TRD002547,224.95029,0.23136223,STAR,SDSS_DR18_SPECTROSCOPY,ZWARNING_0_SCIENCEPRIMARY
TRD002548,225.01608,0.40554687,STAR,SDSS_DR18_SPECTROSCOPY,ZWARNING_0_SCIENCEPRIMARY
TRD002549,225.0327,0.31708511,STAR,SDSS_DR18_SPECTROSCOPY,ZWARNING_0_SCIENCEPRIMARY
TRD002550,225.76116,1.1686753,STAR,SDSS_DR18_SPECTROSCOPY,ZWARNING_0_SCIENCEPRIMARY
TRD002551,225.81473,0.97316494,STAR,SDSS_DR18_SPECTROSCOPY,ZWARNING_0_SCIENCEPRIMARY
TRD002552,225.55323,0.094529424,STAR,SDSS_DR18_SPECTROSCOPY,ZWARNING_0_SCIENCEPRIMARY
TRD002553,225.95285,0.82413203,STAR,SDSS_DR18_SPECTROSCOPY,ZWARNING_0_SCIENCEPRIMARY
TRD002554,226.08903,0.98672698,STAR,SDSS_DR18_SPECTROSCOPY,ZWARNING_0_SCIENCEPRIMARY
TRD002555,225.95208,0.90100586,STAR,SDSS_DR18_SPECTROSCOPY,ZWARNING_0_SCIENCEPRIMARY
TRD002556,225.62838,0.56199013,STAR,SDSS_DR18_SPECTROSCOPY,ZWARNING_0_SCIENCEPRIMARY
TRD002557,225.80114,0.41359396,STAR,SDSS_DR18_SPECTROSCOPY,ZWARNING_0_SCIENCEPRIMARY
TRD002558,226.13327,0.39629423,STAR,SDSS_DR18_SPECTROSCOPY,ZWARNING_0_SCIENCEPRIMARY
TRD002559,226.13202,0.54254542,STAR,SDSS_DR18_SPECTROSCOPY,ZWARNING_0_SCIENCEPRIMARY
TRD002560,225.86002,0.36408235,STAR,SDSS_DR18_SPECTROSCOPY,ZWARNING_0_SCIENCEPRIMARY
TRD002561,226.02394,0.4845072,STAR,SDSS_DR18_SPECTROSCOPY,ZWARNING_0_SCIENCEPRIMARY
TRD002562,226.4116,0.3306484,STAR,SDSS_DR18_SPECTROSCOPY,ZWARNING_0_SCIENCEPRIMARY
TRD002563,226.30477,0.31296258,STAR,SDSS_DR18_SPECTROSCOPY,ZWARNING_0_SCIENCEPRIMARY
TRD002564,226.31966,0.57188421,STAR,SDSS_DR18_SPECTROSCOPY,ZWARNING_0_SCIENCEPRIMARY
TRD002565,226.35307,0.11044834,STAR,SDSS_DR18_SPECTROSCOPY,ZWARNING_0_SCIENCEPRIMARY
TRD002566,226.43539,1.2115012,STAR,SDSS_DR18_SPECTROSCOPY,ZWARNING_0_SCIENCEPRIMARY
TRD002567,226.68165,1.0408466,STAR,SDSS_DR18_SPECTROSCOPY,ZWARNING_0_SCIENCEPRIMARY
TRD002568,226.84932,0.52437063,STAR,SDSS_DR18_SPECTROSCOPY,ZWARNING_0_SCIENCEPRIMARY
TRD002569,226.90835,0.31425944,STAR,SDSS_DR18_SPECTROSCOPY,ZWARNING_0_SCIENCEPRIMARY
TRD002570,226.92191,0.91229562,STAR,SDSS_DR18_SPECTROSCOPY,ZWARNING_0_SCIENCEPRIMARY
TRD002571,226.81884,0.89355885,STAR,SDSS_DR18_SPECTROSCOPY,ZWARNING_0_SCIENCEPRIMARY
TRD002572,226.75845,0.86461812,STAR,SDSS_DR18_SPECTROSCOPY,ZWARNING_0_SCIENCEPRIMARY
TRD002573,227.16942,0.50297346,STAR,SDSS_DR18_SPECTROSCOPY,ZWARNING_0_SCIENCEPRIMARY
TRD002574,227.08197,0.29859475,STAR,SDSS_DR18_SPECTROSCOPY,ZWARNING_0_SCIENCEPRIMARY
TRD002575,228.41679,-0.7639696,STAR,SDSS_DR18_SPECTROSCOPY,ZWARNING_0_SCIENCEPRIMARY
TRD002576,228.35604,-0.37914454,STAR,SDSS_DR18_SPECTROSCOPY,ZWARNING_0_SCIENCEPRIMARY
TRD002577,228.39903,-0.34263551,STAR,SDSS_DR18_SPECTROSCOPY,ZWARNING_0_SCIENCEPRIMARY
TRD002578,227.80359,-1.2311265,STAR,SDSS_DR18_SPECTROSCOPY,ZWARNING_0_SCIENCEPRIMARY
TRD002579,228.08038,-0.34307359,STAR,SDSS_DR18_SPECTROSCOPY,ZWARNING_0_SCIENCEPRIMARY
TRD002580,227.56079,-0.39941934,STAR,SDSS_DR18_SPECTROSCOPY,ZWARNING_0_SCIENCEPRIMARY
TRD002581,227.7369,-0.71862508,STAR,SDSS_DR18_SPECTROSCOPY,ZWARNING_0_SCIENCEPRIMARY
TRD002582,227.64799,-1.1136112,STAR,SDSS_DR18_SPECTROSCOPY,ZWARNING_0_SCIENCEPRIMARY
TRD002583,227.92148,0.013466662,STAR,SDSS_DR18_SPECTROSCOPY,ZWARNING_0_SCIENCEPRIMARY
TRD002584,227.67808,0.013541532,STAR,SDSS_DR18_SPECTROSCOPY,ZWARNING_0_SCIENCEPRIMARY
TRD002585,226.92518,-1.143003,STAR,SDSS_DR18_SPECTROSCOPY,ZWARNING_0_SCIENCEPRIMARY
TRD002586,226.96249,-0.64875188,STAR,SDSS_DR18_SPECTROSCOPY,ZWARNING_0_SCIENCEPRIMARY
TRD002587,227.21727,-0.1833895,STAR,SDSS_DR18_SPECTROSCOPY,ZWARNING_0_SCIENCEPRIMARY
TRD002588,227.37865,0.013580399,STAR,SDSS_DR18_SPECTROSCOPY,ZWARNING_0_SCIENCEPRIMARY
TRD002589,226.40743,-1.1039224,STAR,SDSS_DR18_SPECTROSCOPY,ZWARNING_0_SCIENCEPRIMARY
TRD002590,226.40913,-1.0470836,STAR,SDSS_DR18_SPECTROSCOPY,ZWARNING_0_SCIENCEPRIMARY
TRD002591,226.12861,-0.86322113,STAR,SDSS_DR18_SPECTROSCOPY,ZWARNING_0_SCIENCEPRIMARY
TRD002592,226.11006,-0.8011343,STAR,SDSS_DR18_SPECTROSCOPY,ZWARNING_0_SCIENCEPRIMARY
TRD002593,226.97777,-0.35619349,STAR,SDSS_DR18_SPECTROSCOPY,ZWARNING_0_SCIENCEPRIMARY
TRD002594,226.29536,-0.12048831,STAR,SDSS_DR18_SPECTROSCOPY,ZWARNING_0_SCIENCEPRIMARY
TRD002595,225.89719,0.11471449,STAR,SDSS_DR18_SPECTROSCOPY,ZWARNING_0_SCIENCEPRIMARY
TRD002596,226.51133,0.60413072,STAR,SDSS_DR18_SPECTROSCOPY,ZWARNING_0_SCIENCEPRIMARY
TRD002597,226.70052,0.45455648,STAR,SDSS_DR18_SPECTROSCOPY,ZWARNING_0_SCIENCEPRIMARY
TRD002598,226.90141,0.7886845,STAR,SDSS_DR18_SPECTROSCOPY,ZWARNING_0_SCIENCEPRIMARY
TRD002599,226.64156,0.30187259,STAR,SDSS_DR18_SPECTROSCOPY,ZWARNING_0_SCIENCEPRIMARY
TRD002600,226.98369,0.28408127,STAR,SDSS_DR18_SPECTROSCOPY,ZWARNING_0_SCIENCEPRIMARY
TRD002601,226.56412,0.21891325,STAR,SDSS_DR18_SPECTROSCOPY,ZWARNING_0_SCIENCEPRIMARY
TRD002602,227.0733,0.29496294,STAR,SDSS_DR18_SPECTROSCOPY,ZWARNING_0_SCIENCEPRIMARY
TRD002603,225.95003,0.52432484,STAR,SDSS_DR18_SPECTROSCOPY,ZWARNING_0_SCIENCEPRIMARY
TRD002604,227.40592,0.5761541,STAR,SDSS_DR18_SPECTROSCOPY,ZWARNING_0_SCIENCEPRIMARY
TRD002605,227.35673,0.34063356,STAR,SDSS_DR18_SPECTROSCOPY,ZWARNING_0_SCIENCEPRIMARY
TRD002606,227.33286,0.83163101,STAR,SDSS_DR18_SPECTROSCOPY,ZWARNING_0_SCIENCEPRIMARY
TRD002607,227.41919,0.95670638,STAR,SDSS_DR18_SPECTROSCOPY,ZWARNING_0_SCIENCEPRIMARY
TRD002608,227.59615,0.45637644,STAR,SDSS_DR18_SPECTROSCOPY,ZWARNING_0_SCIENCEPRIMARY
TRD002609,227.45484,0.54291448,STAR,SDSS_DR18_SPECTROSCOPY,ZWARNING_0_SCIENCEPRIMARY
TRD002610,227.74485,0.68686295,STAR,SDSS_DR18_SPECTROSCOPY,ZWARNING_0_SCIENCEPRIMARY
TRD002611,227.63695,0.74002631,STAR,SDSS_DR18_SPECTROSCOPY,ZWARNING_0_SCIENCEPRIMARY
TRD002612,227.78831,0.41400113,STAR,SDSS_DR18_SPECTROSCOPY,ZWARNING_0_SCIENCEPRIMARY
TRD002613,227.6475,0.54259055,STAR,SDSS_DR18_SPECTROSCOPY,ZWARNING_0_SCIENCEPRIMARY
TRD002614,227.96375,0.45590532,STAR,SDSS_DR18_SPECTROSCOPY,ZWARNING_0_SCIENCEPRIMARY
TRD002615,227.74289,0.9556465,STAR,SDSS_DR18_SPECTROSCOPY,ZWARNING_0_SCIENCEPRIMARY
TRD002616,228.21448,1.0336876,STAR,SDSS_DR18_SPECTROSCOPY,ZWARNING_0_SCIENCEPRIMARY
TRD002617,228.4373,0.3057662,STAR,SDSS_DR18_SPECTROSCOPY,ZWARNING_0_SCIENCEPRIMARY
TRD002618,228.57126,0.74654211,STAR,SDSS_DR18_SPECTROSCOPY,ZWARNING_0_SCIENCEPRIMARY
TRD002619,228.62421,0.19888781,STAR,SDSS_DR18_SPECTROSCOPY,ZWARNING_0_SCIENCEPRIMARY
TRD002620,229.80753,-1.1341253,STAR,SDSS_DR18_SPECTROSCOPY,ZWARNING_0_SCIENCEPRIMARY
TRD002621,230.42147,-0.47078597,STAR,SDSS_DR18_SPECTROSCOPY,ZWARNING_0_SCIENCEPRIMARY
TRD002622,230.46653,-0.39992635,STAR,SDSS_DR18_SPECTROSCOPY,ZWARNING_0_SCIENCEPRIMARY
TRD002623,230.26467,-0.43672315,STAR,SDSS_DR18_SPECTROSCOPY,ZWARNING_0_SCIENCEPRIMARY
TRD002624,229.50555,-0.88200245,STAR,SDSS_DR18_SPECTROSCOPY,ZWARNING_0_SCIENCEPRIMARY
TRD002625,229.63836,-0.94487643,STAR,SDSS_DR18_SPECTROSCOPY,ZWARNING_0_SCIENCEPRIMARY
TRD002626,229.93484,-0.69404999,STAR,SDSS_DR18_SPECTROSCOPY,ZWARNING_0_SCIENCEPRIMARY
TRD002627,229.3784,-1.0178533,STAR,SDSS_DR18_SPECTROSCOPY,ZWARNING_0_SCIENCEPRIMARY
TRD002628,229.5732,-1.2108099,STAR,SDSS_DR18_SPECTROSCOPY,ZWARNING_0_SCIENCEPRIMARY
TRD002629,229.48524,-0.89811161,STAR,SDSS_DR18_SPECTROSCOPY,ZWARNING_0_SCIENCEPRIMARY
TRD002630,229.53366,-0.50916774,STAR,SDSS_DR18_SPECTROSCOPY,ZWARNING_0_SCIENCEPRIMARY
TRD002631,229.65564,-0.58441521,STAR,SDSS_DR18_SPECTROSCOPY,ZWARNING_0_SCIENCEPRIMARY
TRD002632,229.67508,-0.3649904,STAR,SDSS_DR18_SPECTROSCOPY,ZWARNING_0_SCIENCEPRIMARY
TRD002633,229.17153,-0.27696607,STAR,SDSS_DR18_SPECTROSCOPY,ZWARNING_0_SCIENCEPRIMARY
TRD002634,229.13802,-0.95054263,STAR,SDSS_DR18_SPECTROSCOPY,ZWARNING_0_SCIENCEPRIMARY
TRD002635,229.0532,-0.16749466,STAR,SDSS_DR18_SPECTROSCOPY,ZWARNING_0_SCIENCEPRIMARY
TRD002636,229.01046,-0.22427082,STAR,SDSS_DR18_SPECTROSCOPY,ZWARNING_0_SCIENCEPRIMARY
TRD002637,228.99146,-0.18980993,STAR,SDSS_DR18_SPECTROSCOPY,ZWARNING_0_SCIENCEPRIMARY
TRD002638,228.93104,-0.64306976,STAR,SDSS_DR18_SPECTROSCOPY,ZWARNING_0_SCIENCEPRIMARY
TRD002639,228.99187,-0.52012521,STAR,SDSS_DR18_SPECTROSCOPY,ZWARNING_0_SCIENCEPRIMARY
TRD002640,228.62769,-1.2054431,STAR,SDSS_DR18_SPECTROSCOPY,ZWARNING_0_SCIENCEPRIMARY
TRD002641,228.54255,-1.1527739,STAR,SDSS_DR18_SPECTROSCOPY,ZWARNING_0_SCIENCEPRIMARY
TRD002642,228.75031,-0.39963897,STAR,SDSS_DR18_SPECTROSCOPY,ZWARNING_0_SCIENCEPRIMARY
TRD002643,228.10193,0.74904297,STAR,SDSS_DR18_SPECTROSCOPY,ZWARNING_0_SCIENCEPRIMARY
TRD002644,228.24086,0.55009824,STAR,SDSS_DR18_SPECTROSCOPY,ZWARNING_0_SCIENCEPRIMARY
TRD002645,228.83171,0.51320649,STAR,SDSS_DR18_SPECTROSCOPY,ZWARNING_0_SCIENCEPRIMARY
TRD002646,228.56198,0.30089143,STAR,SDSS_DR18_SPECTROSCOPY,ZWARNING_0_SCIENCEPRIMARY
TRD002647,227.75587,-0.12456997,STAR,SDSS_DR18_SPECTROSCOPY,ZWARNING_0_SCIENCEPRIMARY
TRD002648,228.20499,-0.081696061,STAR,SDSS_DR18_SPECTROSCOPY,ZWARNING_0_SCIENCEPRIMARY
TRD002649,228.95649,0.45651038,STAR,SDSS_DR18_SPECTROSCOPY,ZWARNING_0_SCIENCEPRIMARY
TRD002650,228.98842,-0.11475165,STAR,SDSS_DR18_SPECTROSCOPY,ZWARNING_0_SCIENCEPRIMARY
TRD002651,228.99269,-0.096552077,STAR,SDSS_DR18_SPECTROSCOPY,ZWARNING_0_SCIENCEPRIMARY
TRD002652,228.98008,0.19933979,STAR,SDSS_DR18_SPECTROSCOPY,ZWARNING_0_SCIENCEPRIMARY
TRD002653,228.94442,0.88568562,STAR,SDSS_DR18_SPECTROSCOPY,ZWARNING_0_SCIENCEPRIMARY
TRD002654,228.79735,0.89010998,STAR,SDSS_DR18_SPECTROSCOPY,ZWARNING_0_SCIENCEPRIMARY
TRD002655,229.20126,0.74020904,STAR,SDSS_DR18_SPECTROSCOPY,ZWARNING_0_SCIENCEPRIMARY
TRD002656,229.19368,0.85953899,STAR,SDSS_DR18_SPECTROSCOPY,ZWARNING_0_SCIENCEPRIMARY
TRD002657,229.12404,0.41417383,STAR,SDSS_DR18_SPECTROSCOPY,ZWARNING_0_SCIENCEPRIMARY
TRD002658,229.14465,-0.073600433,STAR,SDSS_DR18_SPECTROSCOPY,ZWARNING_0_SCIENCEPRIMARY
TRD002659,229.17663,0.52461265,STAR,SDSS_DR18_SPECTROSCOPY,ZWARNING_0_SCIENCEPRIMARY
TRD002660,229.26999,0.28166334,STAR,SDSS_DR18_SPECTROSCOPY,ZWARNING_0_SCIENCEPRIMARY
TRD002661,229.20516,0.012651865,STAR,SDSS_DR18_SPECTROSCOPY,ZWARNING_0_SCIENCEPRIMARY
TRD002662,229.22479,0.19937948,STAR,SDSS_DR18_SPECTROSCOPY,ZWARNING_0_SCIENCEPRIMARY
TRD002663,229.35724,0.34683536,STAR,SDSS_DR18_SPECTROSCOPY,ZWARNING_0_SCIENCEPRIMARY
TRD002664,229.60609,0.8227967,STAR,SDSS_DR18_SPECTROSCOPY,ZWARNING_0_SCIENCEPRIMARY
TRD002665,229.48295,0.58375645,STAR,SDSS_DR18_SPECTROSCOPY,ZWARNING_0_SCIENCEPRIMARY
TRD002666,229.67565,1.1083429,STAR,SDSS_DR18_SPECTROSCOPY,ZWARNING_0_SCIENCEPRIMARY
TRD002667,229.92112,0.2078338,STAR,SDSS_DR18_SPECTROSCOPY,ZWARNING_0_SCIENCEPRIMARY
TRD002668,230.19229,0.68056601,STAR,SDSS_DR18_SPECTROSCOPY,ZWARNING_0_SCIENCEPRIMARY
TRD002669,229.77847,0.43649293,STAR,SDSS_DR18_SPECTROSCOPY,ZWARNING_0_SCIENCEPRIMARY
TRD002670,230.03468,0.19059356,STAR,SDSS_DR18_SPECTROSCOPY,ZWARNING_0_SCIENCEPRIMARY
TRD002671,229.86393,0.45672386,STAR,SDSS_DR18_SPECTROSCOPY,ZWARNING_0_SCIENCEPRIMARY
TRD002672,229.78395,-0.1192761,STAR,SDSS_DR18_SPECTROSCOPY,ZWARNING_0_SCIENCEPRIMARY
TRD002673,230.23891,0.093861647,STAR,SDSS_DR18_SPECTROSCOPY,ZWARNING_0_SCIENCEPRIMARY
TRD002674,231.95331,-0.94402791,STAR,SDSS_DR18_SPECTROSCOPY,ZWARNING_0_SCIENCEPRIMARY
TRD002675,232.10343,-0.59306782,STAR,SDSS_DR18_SPECTROSCOPY,ZWARNING_0_SCIENCEPRIMARY
TRD002676,232.32344,-0.30904525,STAR,SDSS_DR18_SPECTROSCOPY,ZWARNING_0_SCIENCEPRIMARY
TRD002677,231.6855,-1.0606873,STAR,SDSS_DR18_SPECTROSCOPY,ZWARNING_0_SCIENCEPRIMARY
TRD002678,231.8647,-0.88397239,STAR,SDSS_DR18_SPECTROSCOPY,ZWARNING_0_SCIENCEPRIMARY
TRD002679,232.11579,-0.3499429,STAR,SDSS_DR18_SPECTROSCOPY,ZWARNING_0_SCIENCEPRIMARY
TRD002680,232.04366,0.014017665,STAR,SDSS_DR18_SPECTROSCOPY,ZWARNING_0_SCIENCEPRIMARY
TRD002681,232.12363,0.0059708893,STAR,SDSS_DR18_SPECTROSCOPY,ZWARNING_0_SCIENCEPRIMARY
TRD002682,231.36161,-1.1415562,STAR,SDSS_DR18_SPECTROSCOPY,ZWARNING_0_SCIENCEPRIMARY
TRD002683,231.35904,-1.1905333,STAR,SDSS_DR18_SPECTROSCOPY,ZWARNING_0_SCIENCEPRIMARY
TRD002684,231.54479,-0.70693354,STAR,SDSS_DR18_SPECTROSCOPY,ZWARNING_0_SCIENCEPRIMARY
TRD002685,232.02977,-0.044013076,STAR,SDSS_DR18_SPECTROSCOPY,ZWARNING_0_SCIENCEPRIMARY
TRD002686,231.19774,-0.74835894,STAR,SDSS_DR18_SPECTROSCOPY,ZWARNING_0_SCIENCEPRIMARY
TRD002687,231.29997,-1.0501972,STAR,SDSS_DR18_SPECTROSCOPY,ZWARNING_0_SCIENCEPRIMARY
TRD002688,231.10174,-0.52177646,STAR,SDSS_DR18_SPECTROSCOPY,ZWARNING_0_SCIENCEPRIMARY
TRD002689,231.77553,-0.36588062,STAR,SDSS_DR18_SPECTROSCOPY,ZWARNING_0_SCIENCEPRIMARY
TRD002690,231.89585,-0.17402242,STAR,SDSS_DR18_SPECTROSCOPY,ZWARNING_0_SCIENCEPRIMARY
TRD002691,231.70666,-0.073593924,STAR,SDSS_DR18_SPECTROSCOPY,ZWARNING_0_SCIENCEPRIMARY
TRD002692,231.549,-0.25922814,STAR,SDSS_DR18_SPECTROSCOPY,ZWARNING_0_SCIENCEPRIMARY
TRD002693,231.55557,-0.40778958,STAR,SDSS_DR18_SPECTROSCOPY,ZWARNING_0_SCIENCEPRIMARY
TRD002694,231.39675,0.023004526,STAR,SDSS_DR18_SPECTROSCOPY,ZWARNING_0_SCIENCEPRIMARY
TRD002695,231.27152,-0.34191323,STAR,SDSS_DR18_SPECTROSCOPY,ZWARNING_0_SCIENCEPRIMARY
TRD002696,231.18031,0.030709131,STAR,SDSS_DR18_SPECTROSCOPY,ZWARNING_0_SCIENCEPRIMARY
TRD002697,230.94242,-0.7376129,STAR,SDSS_DR18_SPECTROSCOPY,ZWARNING_0_SCIENCEPRIMARY
TRD002698,230.85841,-0.71340681,STAR,SDSS_DR18_SPECTROSCOPY,ZWARNING_0_SCIENCEPRIMARY
TRD002699,230.68992,-0.7474351,STAR,SDSS_DR18_SPECTROSCOPY,ZWARNING_0_SCIENCEPRIMARY
TRD002700,230.48867,-0.70890291,STAR,SDSS_DR18_SPECTROSCOPY,ZWARNING_0_SCIENCEPRIMARY
TRD002701,230.70777,-0.43598232,STAR,SDSS_DR18_SPECTROSCOPY,ZWARNING_0_SCIENCEPRIMARY
TRD002702,230.23587,-1.2084743,STAR,SDSS_DR18_SPECTROSCOPY,ZWARNING_0_SCIENCEPRIMARY
TRD002703,229.91969,-0.72637965,STAR,SDSS_DR18_SPECTROSCOPY,ZWARNING_0_SCIENCEPRIMARY
TRD002704,230.28344,-0.19721868,STAR,SDSS_DR18_SPECTROSCOPY,ZWARNING_0_SCIENCEPRIMARY
TRD002705,229.63709,-0.068173912,STAR,SDSS_DR18_SPECTROSCOPY,ZWARNING_0_SCIENCEPRIMARY
TRD002706,230.16507,-0.0026564436,STAR,SDSS_DR18_SPECTROSCOPY,ZWARNING_0_SCIENCEPRIMARY
TRD002707,230.16786,0.52531812,STAR,SDSS_DR18_SPECTROSCOPY,ZWARNING_0_SCIENCEPRIMARY
TRD002708,229.98933,0.26964646,STAR,SDSS_DR18_SPECTROSCOPY,ZWARNING_0_SCIENCEPRIMARY
TRD002709,230.33384,0.23290676,STAR,SDSS_DR18_SPECTROSCOPY,ZWARNING_0_SCIENCEPRIMARY
TRD002710,229.73623,0.12912778,STAR,SDSS_DR18_SPECTROSCOPY,ZWARNING_0_SCIENCEPRIMARY
TRD002711,230.44248,0.74061299,STAR,SDSS_DR18_SPECTROSCOPY,ZWARNING_0_SCIENCEPRIMARY
TRD002712,230.4126,0.068312451,STAR,SDSS_DR18_SPECTROSCOPY,ZWARNING_0_SCIENCEPRIMARY
TRD002713,230.91681,1.1433084,STAR,SDSS_DR18_SPECTROSCOPY,ZWARNING_0_SCIENCEPRIMARY
TRD002714,230.96508,1.2525311,STAR,SDSS_DR18_SPECTROSCOPY,ZWARNING_0_SCIENCEPRIMARY
TRD002715,230.86284,0.7757035,STAR,SDSS_DR18_SPECTROSCOPY,ZWARNING_0_SCIENCEPRIMARY
TRD002716,231.03687,1.2265065,STAR,SDSS_DR18_SPECTROSCOPY,ZWARNING_0_SCIENCEPRIMARY
TRD002717,231.2763,0.99199575,STAR,SDSS_DR18_SPECTROSCOPY,ZWARNING_0_SCIENCEPRIMARY
TRD002718,231.15315,0.8828673,STAR,SDSS_DR18_SPECTROSCOPY,ZWARNING_0_SCIENCEPRIMARY
TRD002719,231.09807,0.52562561,STAR,SDSS_DR18_SPECTROSCOPY,ZWARNING_0_SCIENCEPRIMARY
TRD002720,231.19167,0.064136297,STAR,SDSS_DR18_SPECTROSCOPY,ZWARNING_0_SCIENCEPRIMARY
TRD002721,231.42143,0.62837064,STAR,SDSS_DR18_SPECTROSCOPY,ZWARNING_0_SCIENCEPRIMARY
TRD002722,231.31213,0.11584777,STAR,SDSS_DR18_SPECTROSCOPY,ZWARNING_0_SCIENCEPRIMARY
TRD002723,231.35192,0.05992922,STAR,SDSS_DR18_SPECTROSCOPY,ZWARNING_0_SCIENCEPRIMARY
TRD002724,231.44625,0.40266329,STAR,SDSS_DR18_SPECTROSCOPY,ZWARNING_0_SCIENCEPRIMARY
TRD002725,231.47824,0.74005057,STAR,SDSS_DR18_SPECTROSCOPY,ZWARNING_0_SCIENCEPRIMARY
TRD002726,231.32875,1.099599,STAR,SDSS_DR18_SPECTROSCOPY,ZWARNING_0_SCIENCEPRIMARY
TRD002727,231.32711,0.99977111,STAR,SDSS_DR18_SPECTROSCOPY,ZWARNING_0_SCIENCEPRIMARY
TRD002728,231.33904,0.89482231,STAR,SDSS_DR18_SPECTROSCOPY,ZWARNING_0_SCIENCEPRIMARY
TRD002729,231.33224,0.86333525,STAR,SDSS_DR18_SPECTROSCOPY,ZWARNING_0_SCIENCEPRIMARY
TRD002730,231.82187,0.40371501,STAR,SDSS_DR18_SPECTROSCOPY,ZWARNING_0_SCIENCEPRIMARY
TRD002731,231.58678,1.0798968,STAR,SDSS_DR18_SPECTROSCOPY,ZWARNING_0_SCIENCEPRIMARY
TRD002732,231.501,0.86385886,STAR,SDSS_DR18_SPECTROSCOPY,ZWARNING_0_SCIENCEPRIMARY
TRD002733,231.94729,0.21141857,STAR,SDSS_DR18_SPECTROSCOPY,ZWARNING_0_SCIENCEPRIMARY
TRD002734,231.69064,1.2340651,STAR,SDSS_DR18_SPECTROSCOPY,ZWARNING_0_SCIENCEPRIMARY
TRD002735,231.99763,0.41683438,STAR,SDSS_DR18_SPECTROSCOPY,ZWARNING_0_SCIENCEPRIMARY
TRD002736,235.47609,-1.0419651,STAR,SDSS_DR18_SPECTROSCOPY,ZWARNING_0_SCIENCEPRIMARY
TRD002737,235.89051,0.1158709,STAR,SDSS_DR18_SPECTROSCOPY,ZWARNING_0_SCIENCEPRIMARY
TRD002738,235.14429,-0.76092496,STAR,SDSS_DR18_SPECTROSCOPY,ZWARNING_0_SCIENCEPRIMARY
TRD002739,235.66011,-0.63301909,STAR,SDSS_DR18_SPECTROSCOPY,ZWARNING_0_SCIENCEPRIMARY
TRD002740,235.68361,-0.082921639,STAR,SDSS_DR18_SPECTROSCOPY,ZWARNING_0_SCIENCEPRIMARY
TRD002741,234.94022,-1.1029316,STAR,SDSS_DR18_SPECTROSCOPY,ZWARNING_0_SCIENCEPRIMARY
TRD002742,235.32793,-0.3022024,STAR,SDSS_DR18_SPECTROSCOPY,ZWARNING_0_SCIENCEPRIMARY
TRD002743,235.34009,0.14251889,STAR,SDSS_DR18_SPECTROSCOPY,ZWARNING_0_SCIENCEPRIMARY
TRD002744,235.20524,-0.37806486,STAR,SDSS_DR18_SPECTROSCOPY,ZWARNING_0_SCIENCEPRIMARY
TRD002745,234.95534,-0.1623651,STAR,SDSS_DR18_SPECTROSCOPY,ZWARNING_0_SCIENCEPRIMARY
TRD002746,234.8814,0.021788895,STAR,SDSS_DR18_SPECTROSCOPY,ZWARNING_0_SCIENCEPRIMARY
TRD002747,235.02731,-0.085463682,STAR,SDSS_DR18_SPECTROSCOPY,ZWARNING_0_SCIENCEPRIMARY
TRD002748,234.72875,-0.60581292,STAR,SDSS_DR18_SPECTROSCOPY,ZWARNING_0_SCIENCEPRIMARY
TRD002749,234.40718,-0.93574738,STAR,SDSS_DR18_SPECTROSCOPY,ZWARNING_0_SCIENCEPRIMARY
TRD002750,234.48329,-0.43512486,STAR,SDSS_DR18_SPECTROSCOPY,ZWARNING_0_SCIENCEPRIMARY
TRD002751,234.13815,-0.93679457,STAR,SDSS_DR18_SPECTROSCOPY,ZWARNING_0_SCIENCEPRIMARY
TRD002752,233.86284,0.084614662,STAR,SDSS_DR18_SPECTROSCOPY,ZWARNING_0_SCIENCEPRIMARY
TRD002753,234.17485,-0.25850478,STAR,SDSS_DR18_SPECTROSCOPY,ZWARNING_0_SCIENCEPRIMARY
TRD002754,233.99493,-0.10039687,STAR,SDSS_DR18_SPECTROSCOPY,ZWARNING_0_SCIENCEPRIMARY
TRD002755,233.52744,-0.96686496,STAR,SDSS_DR18_SPECTROSCOPY,ZWARNING_0_SCIENCEPRIMARY
TRD002756,233.48169,-0.82917803,STAR,SDSS_DR18_SPECTROSCOPY,ZWARNING_0_SCIENCEPRIMARY
TRD002757,233.4223,-0.048200136,STAR,SDSS_DR18_SPECTROSCOPY,ZWARNING_0_SCIENCEPRIMARY
TRD002758,234.41748,0.89954479,STAR,SDSS_DR18_SPECTROSCOPY,ZWARNING_0_SCIENCEPRIMARY
TRD002759,234.47756,0.93484831,STAR,SDSS_DR18_SPECTROSCOPY,ZWARNING_0_SCIENCEPRIMARY
TRD002760,234.38413,0.72863719,STAR,SDSS_DR18_SPECTROSCOPY,ZWARNING_0_SCIENCEPRIMARY
TRD002761,234.32563,0.53649893,STAR,SDSS_DR18_SPECTROSCOPY,ZWARNING_0_SCIENCEPRIMARY
TRD002762,234.68647,1.185869,STAR,SDSS_DR18_SPECTROSCOPY,ZWARNING_0_SCIENCEPRIMARY
TRD002763,234.60468,1.0173398,STAR,SDSS_DR18_SPECTROSCOPY,ZWARNING_0_SCIENCEPRIMARY
TRD002764,234.61559,0.92945802,STAR,SDSS_DR18_SPECTROSCOPY,ZWARNING_0_SCIENCEPRIMARY
TRD002765,234.68872,0.52551853,STAR,SDSS_DR18_SPECTROSCOPY,ZWARNING_0_SCIENCEPRIMARY
TRD002766,234.59097,0.37683849,STAR,SDSS_DR18_SPECTROSCOPY,ZWARNING_0_SCIENCEPRIMARY
TRD002767,234.84225,0.50727254,STAR,SDSS_DR18_SPECTROSCOPY,ZWARNING_0_SCIENCEPRIMARY
TRD002768,234.80637,0.74086083,STAR,SDSS_DR18_SPECTROSCOPY,ZWARNING_0_SCIENCEPRIMARY
TRD002769,234.9044,0.51385932,STAR,SDSS_DR18_SPECTROSCOPY,ZWARNING_0_SCIENCEPRIMARY
TRD002770,235.02587,0.26103077,STAR,SDSS_DR18_SPECTROSCOPY,ZWARNING_0_SCIENCEPRIMARY
TRD002771,235.01755,0.34777967,STAR,SDSS_DR18_SPECTROSCOPY,ZWARNING_0_SCIENCEPRIMARY
TRD002772,235.14565,0.25245835,STAR,SDSS_DR18_SPECTROSCOPY,ZWARNING_0_SCIENCEPRIMARY
TRD002773,235.19539,0.33471902,STAR,SDSS_DR18_SPECTROSCOPY,ZWARNING_0_SCIENCEPRIMARY
TRD002774,234.98217,1.1879452,STAR,SDSS_DR18_SPECTROSCOPY,ZWARNING_0_SCIENCEPRIMARY
TRD002775,235.25338,0.74169221,STAR,SDSS_DR18_SPECTROSCOPY,ZWARNING_0_SCIENCEPRIMARY
TRD002776,235.22272,0.55363325,STAR,SDSS_DR18_SPECTROSCOPY,ZWARNING_0_SCIENCEPRIMARY
TRD002777,235.16379,1.20422,STAR,SDSS_DR18_SPECTROSCOPY,ZWARNING_0_SCIENCEPRIMARY
TRD002778,235.54862,0.65173293,STAR,SDSS_DR18_SPECTROSCOPY,ZWARNING_0_SCIENCEPRIMARY
TRD002779,235.59375,1.0057388,STAR,SDSS_DR18_SPECTROSCOPY,ZWARNING_0_SCIENCEPRIMARY
TRD002780,235.8064,0.49931642,STAR,SDSS_DR18_SPECTROSCOPY,ZWARNING_0_SCIENCEPRIMARY
TRD002781,235.91121,0.20058184,STAR,SDSS_DR18_SPECTROSCOPY,ZWARNING_0_SCIENCEPRIMARY
TRD002782,183.78634,-0.9516654,STAR,SDSS_DR18_SPECTROSCOPY,ZWARNING_0_SCIENCEPRIMARY
TRD002783,183.868,-0.94646067,STAR,SDSS_DR18_SPECTROSCOPY,ZWARNING_0_SCIENCEPRIMARY
TRD002784,184.17338,-0.88883555,STAR,SDSS_DR18_SPECTROSCOPY,ZWARNING_0_SCIENCEPRIMARY
TRD002785,183.79552,-0.69636656,STAR,SDSS_DR18_SPECTROSCOPY,ZWARNING_0_SCIENCEPRIMARY
TRD002786,184.05922,-0.90918023,STAR,SDSS_DR18_SPECTROSCOPY,ZWARNING_0_SCIENCEPRIMARY
TRD002787,183.85082,-0.60749723,STAR,SDSS_DR18_SPECTROSCOPY,ZWARNING_0_SCIENCEPRIMARY
TRD002788,183.83447,-0.66139783,STAR,SDSS_DR18_SPECTROSCOPY,ZWARNING_0_SCIENCEPRIMARY
TRD002789,183.98298,-1.0393178,STAR,SDSS_DR18_SPECTROSCOPY,ZWARNING_0_SCIENCEPRIMARY
TRD002790,183.7619,-0.82476543,STAR,SDSS_DR18_SPECTROSCOPY,ZWARNING_0_SCIENCEPRIMARY
TRD002791,183.87009,-0.6536737,STAR,SDSS_DR18_SPECTROSCOPY,ZWARNING_0_SCIENCEPRIMARY
TRD002792,184.01755,-0.69897473,STAR,SDSS_DR18_SPECTROSCOPY,ZWARNING_0_SCIENCEPRIMARY
TRD002793,184.18346,-0.84137155,STAR,SDSS_DR18_SPECTROSCOPY,ZWARNING_0_SCIENCEPRIMARY
TRD002794,183.87286,-0.68853729,STAR,SDSS_DR18_SPECTROSCOPY,ZWARNING_0_SCIENCEPRIMARY
TRD002795,183.82908,-0.84729849,STAR,SDSS_DR18_SPECTROSCOPY,ZWARNING_0_SCIENCEPRIMARY
TRD002796,184.13285,-0.76040523,STAR,SDSS_DR18_SPECTROSCOPY,ZWARNING_0_SCIENCEPRIMARY
TRD002797,183.86595,-0.87887586,STAR,SDSS_DR18_SPECTROSCOPY,ZWARNING_0_SCIENCEPRIMARY
TRD002798,183.8408,-0.70992795,STAR,SDSS_DR18_SPECTROSCOPY,ZWARNING_0_SCIENCEPRIMARY
TRD002799,184.04087,-0.87713356,STAR,SDSS_DR18_SPECTROSCOPY,ZWARNING_0_SCIENCEPRIMARY
TRD002800,184.30882,-0.35441655,STAR,SDSS_DR18_SPECTROSCOPY,ZWARNING_0_SCIENCEPRIMARY
TRD002801,184.44756,-0.33380749,STAR,SDSS_DR18_SPECTROSCOPY,ZWARNING_0_SCIENCEPRIMARY
TRD002802,184.28938,-0.12921081,STAR,SDSS_DR18_SPECTROSCOPY,ZWARNING_0_SCIENCEPRIMARY
TRD002803,184.30919,0.00110952,STAR,SDSS_DR18_SPECTROSCOPY,ZWARNING_0_SCIENCEPRIMARY
TRD002804,184.25542,-0.35199718,STAR,SDSS_DR18_SPECTROSCOPY,ZWARNING_0_SCIENCEPRIMARY
TRD002805,184.24457,-0.44235499,STAR,SDSS_DR18_SPECTROSCOPY,ZWARNING_0_SCIENCEPRIMARY
TRD002806,184.19748,-0.44190067,STAR,SDSS_DR18_SPECTROSCOPY,ZWARNING_0_SCIENCEPRIMARY
TRD002807,184.26578,-0.06588508,STAR,SDSS_DR18_SPECTROSCOPY,ZWARNING_0_SCIENCEPRIMARY
TRD002808,184.3177,-0.42058694,STAR,SDSS_DR18_SPECTROSCOPY,ZWARNING_0_SCIENCEPRIMARY
TRD002809,184.3081,0.02389082,STAR,SDSS_DR18_SPECTROSCOPY,ZWARNING_0_SCIENCEPRIMARY
TRD002810,184.43614,-0.03258488,STAR,SDSS_DR18_SPECTROSCOPY,ZWARNING_0_SCIENCEPRIMARY
TRD002811,184.20711,-0.0723759,STAR,SDSS_DR18_SPECTROSCOPY,ZWARNING_0_SCIENCEPRIMARY
TRD002812,184.4798,-0.07096087,STAR,SDSS_DR18_SPECTROSCOPY,ZWARNING_0_SCIENCEPRIMARY
TRD002813,184.23252,-0.48578733,STAR,SDSS_DR18_SPECTROSCOPY,ZWARNING_0_SCIENCEPRIMARY
TRD002814,184.21235,-0.1735967,STAR,SDSS_DR18_SPECTROSCOPY,ZWARNING_0_SCIENCEPRIMARY
TRD002815,184.20564,0.00387856,STAR,SDSS_DR18_SPECTROSCOPY,ZWARNING_0_SCIENCEPRIMARY
TRD002816,184.40739,-0.31285052,STAR,SDSS_DR18_SPECTROSCOPY,ZWARNING_0_SCIENCEPRIMARY
TRD002817,183.48955,-1.1959323,STAR,SDSS_DR18_SPECTROSCOPY,ZWARNING_0_SCIENCEPRIMARY
TRD002818,183.72381,-1.0648013,STAR,SDSS_DR18_SPECTROSCOPY,ZWARNING_0_SCIENCEPRIMARY
TRD002819,183.451,-1.1801069,STAR,SDSS_DR18_SPECTROSCOPY,ZWARNING_0_SCIENCEPRIMARY
TRD002820,183.43362,-1.0511935,STAR,SDSS_DR18_SPECTROSCOPY,ZWARNING_0_SCIENCEPRIMARY
TRD002821,183.38106,-0.90391932,STAR,SDSS_DR18_SPECTROSCOPY,ZWARNING_0_SCIENCEPRIMARY
TRD002822,183.58402,-1.1492218,STAR,SDSS_DR18_SPECTROSCOPY,ZWARNING_0_SCIENCEPRIMARY
TRD002823,183.52835,-1.1590308,STAR,SDSS_DR18_SPECTROSCOPY,ZWARNING_0_SCIENCEPRIMARY
TRD002824,183.70438,-1.141293,STAR,SDSS_DR18_SPECTROSCOPY,ZWARNING_0_SCIENCEPRIMARY
TRD002825,183.63634,-1.0569896,STAR,SDSS_DR18_SPECTROSCOPY,ZWARNING_0_SCIENCEPRIMARY
TRD002826,183.4504,-0.67299071,STAR,SDSS_DR18_SPECTROSCOPY,ZWARNING_0_SCIENCEPRIMARY
TRD002827,183.76051,-0.72704021,STAR,SDSS_DR18_SPECTROSCOPY,ZWARNING_0_SCIENCEPRIMARY
TRD002828,183.70451,-1.1783665,STAR,SDSS_DR18_SPECTROSCOPY,ZWARNING_0_SCIENCEPRIMARY
TRD002829,183.49508,-0.96170954,STAR,SDSS_DR18_SPECTROSCOPY,ZWARNING_0_SCIENCEPRIMARY
TRD002830,183.67176,-1.0871287,STAR,SDSS_DR18_SPECTROSCOPY,ZWARNING_0_SCIENCEPRIMARY
TRD002831,183.74266,-0.60583863,STAR,SDSS_DR18_SPECTROSCOPY,ZWARNING_0_SCIENCEPRIMARY
TRD002832,183.39703,-0.65629929,STAR,SDSS_DR18_SPECTROSCOPY,ZWARNING_0_SCIENCEPRIMARY
TRD002833,183.72987,-0.86593453,STAR,SDSS_DR18_SPECTROSCOPY,ZWARNING_0_SCIENCEPRIMARY
TRD002834,184.01203,-0.14695029,STAR,SDSS_DR18_SPECTROSCOPY,ZWARNING_0_SCIENCEPRIMARY
TRD002835,183.94723,-0.41268064,STAR,SDSS_DR18_SPECTROSCOPY,ZWARNING_0_SCIENCEPRIMARY
TRD002836,183.92222,-0.36476615,STAR,SDSS_DR18_SPECTROSCOPY,ZWARNING_0_SCIENCEPRIMARY
TRD002837,183.94811,-0.31361421,STAR,SDSS_DR18_SPECTROSCOPY,ZWARNING_0_SCIENCEPRIMARY
TRD002838,183.94082,-0.48661282,STAR,SDSS_DR18_SPECTROSCOPY,ZWARNING_0_SCIENCEPRIMARY
TRD002839,183.90842,-0.51449844,STAR,SDSS_DR18_SPECTROSCOPY,ZWARNING_0_SCIENCEPRIMARY
TRD002840,183.93134,-0.45007431,STAR,SDSS_DR18_SPECTROSCOPY,ZWARNING_0_SCIENCEPRIMARY
TRD002841,184.19452,-0.46199652,STAR,SDSS_DR18_SPECTROSCOPY,ZWARNING_0_SCIENCEPRIMARY
TRD002842,184.13932,-0.18975652,STAR,SDSS_DR18_SPECTROSCOPY,ZWARNING_0_SCIENCEPRIMARY
TRD002843,183.99451,-0.10031178,STAR,SDSS_DR18_SPECTROSCOPY,ZWARNING_0_SCIENCEPRIMARY
TRD002844,184.0065,-0.04672335,STAR,SDSS_DR18_SPECTROSCOPY,ZWARNING_0_SCIENCEPRIMARY
TRD002845,184.01718,-0.08484575,STAR,SDSS_DR18_SPECTROSCOPY,ZWARNING_0_SCIENCEPRIMARY
TRD002846,184.17568,-0.12968218,STAR,SDSS_DR18_SPECTROSCOPY,ZWARNING_0_SCIENCEPRIMARY
TRD002847,183.91345,-0.57891406,STAR,SDSS_DR18_SPECTROSCOPY,ZWARNING_0_SCIENCEPRIMARY
TRD002848,184.14809,-0.1409568,STAR,SDSS_DR18_SPECTROSCOPY,ZWARNING_0_SCIENCEPRIMARY
TRD002849,184.12334,-0.11583908,STAR,SDSS_DR18_SPECTROSCOPY,ZWARNING_0_SCIENCEPRIMARY
TRD002850,183.15156,-1.1752892,STAR,SDSS_DR18_SPECTROSCOPY,ZWARNING_0_SCIENCEPRIMARY
TRD002851,182.82318,-1.2275552,STAR,SDSS_DR18_SPECTROSCOPY,ZWARNING_0_SCIENCEPRIMARY
TRD002852,183.24978,-1.1166716,STAR,SDSS_DR18_SPECTROSCOPY,ZWARNING_0_SCIENCEPRIMARY
TRD002853,183.11821,-0.95845889,STAR,SDSS_DR18_SPECTROSCOPY,ZWARNING_0_SCIENCEPRIMARY
TRD002854,183.2656,-0.77267621,STAR,SDSS_DR18_SPECTROSCOPY,ZWARNING_0_SCIENCEPRIMARY
TRD002855,183.32324,-0.65549947,STAR,SDSS_DR18_SPECTROSCOPY,ZWARNING_0_SCIENCEPRIMARY
TRD002856,183.18426,-0.61900571,STAR,SDSS_DR18_SPECTROSCOPY,ZWARNING_0_SCIENCEPRIMARY
TRD002857,183.12267,-0.69155842,STAR,SDSS_DR18_SPECTROSCOPY,ZWARNING_0_SCIENCEPRIMARY
TRD002858,183.10782,-0.80618271,STAR,SDSS_DR18_SPECTROSCOPY,ZWARNING_0_SCIENCEPRIMARY
TRD002859,183.34819,-1.0853192,STAR,SDSS_DR18_SPECTROSCOPY,ZWARNING_0_SCIENCEPRIMARY
TRD002860,183.05479,-0.91202404,STAR,SDSS_DR18_SPECTROSCOPY,ZWARNING_0_SCIENCEPRIMARY
TRD002861,183.17112,-0.9020351,STAR,SDSS_DR18_SPECTROSCOPY,ZWARNING_0_SCIENCEPRIMARY
TRD002862,183.13406,-0.92923024,STAR,SDSS_DR18_SPECTROSCOPY,ZWARNING_0_SCIENCEPRIMARY
TRD002863,183.04079,-0.7847188,STAR,SDSS_DR18_SPECTROSCOPY,ZWARNING_0_SCIENCEPRIMARY
TRD002864,183.06708,-0.69304225,STAR,SDSS_DR18_SPECTROSCOPY,ZWARNING_0_SCIENCEPRIMARY
TRD002865,183.16242,-1.2150682,STAR,SDSS_DR18_SPECTROSCOPY,ZWARNING_0_SCIENCEPRIMARY
TRD002866,183.3735,-1.0310707,STAR,SDSS_DR18_SPECTROSCOPY,ZWARNING_0_SCIENCEPRIMARY
TRD002867,183.19852,-0.92851103,STAR,SDSS_DR18_SPECTROSCOPY,ZWARNING_0_SCIENCEPRIMARY
TRD002868,183.69941,-0.38379575,STAR,SDSS_DR18_SPECTROSCOPY,ZWARNING_0_SCIENCEPRIMARY
TRD002869,183.69577,-0.4367505,STAR,SDSS_DR18_SPECTROSCOPY,ZWARNING_0_SCIENCEPRIMARY
TRD002870,183.9006,-0.46471421,STAR,SDSS_DR18_SPECTROSCOPY,ZWARNING_0_SCIENCEPRIMARY
TRD002871,183.57918,-0.59468866,STAR,SDSS_DR18_SPECTROSCOPY,ZWARNING_0_SCIENCEPRIMARY
TRD002872,183.7843,-0.23298318,STAR,SDSS_DR18_SPECTROSCOPY,ZWARNING_0_SCIENCEPRIMARY
TRD002873,183.77687,-0.51616469,STAR,SDSS_DR18_SPECTROSCOPY,ZWARNING_0_SCIENCEPRIMARY
TRD002874,183.85149,-0.2918041,STAR,SDSS_DR18_SPECTROSCOPY,ZWARNING_0_SCIENCEPRIMARY
TRD002875,183.56148,-0.23890455,STAR,SDSS_DR18_SPECTROSCOPY,ZWARNING_0_SCIENCEPRIMARY
TRD002876,183.69323,-0.22097612,STAR,SDSS_DR18_SPECTROSCOPY,ZWARNING_0_SCIENCEPRIMARY
TRD002877,183.78299,-0.02271369,STAR,SDSS_DR18_SPECTROSCOPY,ZWARNING_0_SCIENCEPRIMARY
TRD002878,183.81826,-0.23037328,STAR,SDSS_DR18_SPECTROSCOPY,ZWARNING_0_SCIENCEPRIMARY
TRD002879,183.62825,-0.1012872,STAR,SDSS_DR18_SPECTROSCOPY,ZWARNING_0_SCIENCEPRIMARY
TRD002880,183.83882,-0.14389818,STAR,SDSS_DR18_SPECTROSCOPY,ZWARNING_0_SCIENCEPRIMARY
TRD002881,183.52865,-0.16472815,STAR,SDSS_DR18_SPECTROSCOPY,ZWARNING_0_SCIENCEPRIMARY
TRD002882,183.55115,-0.59036508,STAR,SDSS_DR18_SPECTROSCOPY,ZWARNING_0_SCIENCEPRIMARY
TRD002883,183.75702,-0.05932313,STAR,SDSS_DR18_SPECTROSCOPY,ZWARNING_0_SCIENCEPRIMARY
TRD002884,183.71259,-0.31534284,STAR,SDSS_DR18_SPECTROSCOPY,ZWARNING_0_SCIENCEPRIMARY
TRD002885,183.6599,-0.09760008,STAR,SDSS_DR18_SPECTROSCOPY,ZWARNING_0_SCIENCEPRIMARY
TRD002886,182.84573,-0.95562613,STAR,SDSS_DR18_SPECTROSCOPY,ZWARNING_0_SCIENCEPRIMARY
TRD002887,182.84429,-1.1788792,STAR,SDSS_DR18_SPECTROSCOPY,ZWARNING_0_SCIENCEPRIMARY
TRD002888,182.90205,-0.76025873,STAR,SDSS_DR18_SPECTROSCOPY,ZWARNING_0_SCIENCEPRIMARY
TRD002889,182.89286,-0.90468483,STAR,SDSS_DR18_SPECTROSCOPY,ZWARNING_0_SCIENCEPRIMARY
TRD002890,183.03888,-1.1741679,STAR,SDSS_DR18_SPECTROSCOPY,ZWARNING_0_SCIENCEPRIMARY
TRD002891,182.87262,-1.0974241,STAR,SDSS_DR18_SPECTROSCOPY,ZWARNING_0_SCIENCEPRIMARY
TRD002892,182.63809,-1.2131006,STAR,SDSS_DR18_SPECTROSCOPY,ZWARNING_0_SCIENCEPRIMARY
TRD002893,182.82574,-0.94322864,STAR,SDSS_DR18_SPECTROSCOPY,ZWARNING_0_SCIENCEPRIMARY
TRD002894,182.99045,-1.1802626,STAR,SDSS_DR18_SPECTROSCOPY,ZWARNING_0_SCIENCEPRIMARY
TRD002895,182.77323,-0.91439514,STAR,SDSS_DR18_SPECTROSCOPY,ZWARNING_0_SCIENCEPRIMARY
TRD002896,182.94406,-0.77977153,STAR,SDSS_DR18_SPECTROSCOPY,ZWARNING_0_SCIENCEPRIMARY
TRD002897,183.02656,-0.71055822,STAR,SDSS_DR18_SPECTROSCOPY,ZWARNING_0_SCIENCEPRIMARY
TRD002898,183.00741,-0.92307881,STAR,SDSS_DR18_SPECTROSCOPY,ZWARNING_0_SCIENCEPRIMARY
TRD002899,183.00238,-0.73057266,STAR,SDSS_DR18_SPECTROSCOPY,ZWARNING_0_SCIENCEPRIMARY
TRD002900,182.96628,-1.0206736,STAR,SDSS_DR18_SPECTROSCOPY,ZWARNING_0_SCIENCEPRIMARY
TRD002901,182.93488,-0.60530211,STAR,SDSS_DR18_SPECTROSCOPY,ZWARNING_0_SCIENCEPRIMARY
TRD002902,183.28168,-0.12918211,STAR,SDSS_DR18_SPECTROSCOPY,ZWARNING_0_SCIENCEPRIMARY
TRD002903,183.47321,-0.23105744,STAR,SDSS_DR18_SPECTROSCOPY,ZWARNING_0_SCIENCEPRIMARY
TRD002904,183.42174,-0.17712771,STAR,SDSS_DR18_SPECTROSCOPY,ZWARNING_0_SCIENCEPRIMARY
TRD002905,183.30601,-0.54248159,STAR,SDSS_DR18_SPECTROSCOPY,ZWARNING_0_SCIENCEPRIMARY
TRD002906,183.22818,-0.46789648,STAR,SDSS_DR18_SPECTROSCOPY,ZWARNING_0_SCIENCEPRIMARY
TRD002907,183.52231,-0.0798737,STAR,SDSS_DR18_SPECTROSCOPY,ZWARNING_0_SCIENCEPRIMARY
TRD002908,183.29984,-0.58011957,STAR,SDSS_DR18_SPECTROSCOPY,ZWARNING_0_SCIENCEPRIMARY
TRD002909,183.29513,-0.53101365,STAR,SDSS_DR18_SPECTROSCOPY,ZWARNING_0_SCIENCEPRIMARY
TRD002910,183.35202,-0.13576347,STAR,SDSS_DR18_SPECTROSCOPY,ZWARNING_0_SCIENCEPRIMARY
TRD002911,183.31218,-0.31213436,STAR,SDSS_DR18_SPECTROSCOPY,ZWARNING_0_SCIENCEPRIMARY
TRD002912,183.22332,-0.09794062,STAR,SDSS_DR18_SPECTROSCOPY,ZWARNING_0_SCIENCEPRIMARY
TRD002913,183.24971,-0.22081133,STAR,SDSS_DR18_SPECTROSCOPY,ZWARNING_0_SCIENCEPRIMARY
TRD002914,183.3542,-0.39051105,STAR,SDSS_DR18_SPECTROSCOPY,ZWARNING_0_SCIENCEPRIMARY
TRD002915,183.28802,-0.17373703,STAR,SDSS_DR18_SPECTROSCOPY,ZWARNING_0_SCIENCEPRIMARY
TRD002916,183.31041,-0.01782574,STAR,SDSS_DR18_SPECTROSCOPY,ZWARNING_0_SCIENCEPRIMARY
TRD002917,183.40329,-0.01780694,STAR,SDSS_DR18_SPECTROSCOPY,ZWARNING_0_SCIENCEPRIMARY
TRD002918,183.28713,-0.4521869,STAR,SDSS_DR18_SPECTROSCOPY,ZWARNING_0_SCIENCEPRIMARY
TRD002919,183.11015,-0.15384788,STAR,SDSS_DR18_SPECTROSCOPY,ZWARNING_0_SCIENCEPRIMARY
TRD002920,183.18957,-0.56663882,STAR,SDSS_DR18_SPECTROSCOPY,ZWARNING_0_SCIENCEPRIMARY
TRD002921,183.16067,-0.30261997,STAR,SDSS_DR18_SPECTROSCOPY,ZWARNING_0_SCIENCEPRIMARY
TRD002922,183.01353,-0.18291496,STAR,SDSS_DR18_SPECTROSCOPY,ZWARNING_0_SCIENCEPRIMARY
TRD002923,182.89446,-0.39820768,STAR,SDSS_DR18_SPECTROSCOPY,ZWARNING_0_SCIENCEPRIMARY
TRD002924,183.07309,-0.09980484,STAR,SDSS_DR18_SPECTROSCOPY,ZWARNING_0_SCIENCEPRIMARY
TRD002925,183.18398,-0.44755416,STAR,SDSS_DR18_SPECTROSCOPY,ZWARNING_0_SCIENCEPRIMARY
TRD002926,183.11204,-0.21550429,STAR,SDSS_DR18_SPECTROSCOPY,ZWARNING_0_SCIENCEPRIMARY
TRD002927,183.07483,-0.31540817,STAR,SDSS_DR18_SPECTROSCOPY,ZWARNING_0_SCIENCEPRIMARY
TRD002928,183.03065,-0.29158171,STAR,SDSS_DR18_SPECTROSCOPY,ZWARNING_0_SCIENCEPRIMARY
TRD002929,183.1933,-0.01306262,STAR,SDSS_DR18_SPECTROSCOPY,ZWARNING_0_SCIENCEPRIMARY
TRD002930,182.91283,-0.31498981,STAR,SDSS_DR18_SPECTROSCOPY,ZWARNING_0_SCIENCEPRIMARY
TRD002931,183.0983,-0.06722797,STAR,SDSS_DR18_SPECTROSCOPY,ZWARNING_0_SCIENCEPRIMARY
TRD002932,183.17656,-0.3203691,STAR,SDSS_DR18_SPECTROSCOPY,ZWARNING_0_SCIENCEPRIMARY
TRD002933,183.19498,-0.43517306,STAR,SDSS_DR18_SPECTROSCOPY,ZWARNING_0_SCIENCEPRIMARY
TRD002934,182.95486,-0.20557738,STAR,SDSS_DR18_SPECTROSCOPY,ZWARNING_0_SCIENCEPRIMARY
TRD002935,182.98511,0.02892288,STAR,SDSS_DR18_SPECTROSCOPY,ZWARNING_0_SCIENCEPRIMARY
TRD002936,183.04882,-0.358118,STAR,SDSS_DR18_SPECTROSCOPY,ZWARNING_0_SCIENCEPRIMARY
TRD002937,183.16073,-0.39030937,STAR,SDSS_DR18_SPECTROSCOPY,ZWARNING_0_SCIENCEPRIMARY
TRD002938,182.8469,-0.40477237,STAR,SDSS_DR18_SPECTROSCOPY,ZWARNING_0_SCIENCEPRIMARY
TRD002939,182.67773,-0.35481645,STAR,SDSS_DR18_SPECTROSCOPY,ZWARNING_0_SCIENCEPRIMARY
TRD002940,182.79009,-0.30598326,STAR,SDSS_DR18_SPECTROSCOPY,ZWARNING_0_SCIENCEPRIMARY
TRD002941,182.81723,-0.31391166,STAR,SDSS_DR18_SPECTROSCOPY,ZWARNING_0_SCIENCEPRIMARY
TRD002942,182.74051,-0.27246554,STAR,SDSS_DR18_SPECTROSCOPY,ZWARNING_0_SCIENCEPRIMARY
TRD002943,182.66322,-0.51788249,STAR,SDSS_DR18_SPECTROSCOPY,ZWARNING_0_SCIENCEPRIMARY
TRD002944,182.75916,-0.0104642,STAR,SDSS_DR18_SPECTROSCOPY,ZWARNING_0_SCIENCEPRIMARY
TRD002945,182.73217,-0.28562704,STAR,SDSS_DR18_SPECTROSCOPY,ZWARNING_0_SCIENCEPRIMARY
TRD002946,182.84536,-0.20690846,STAR,SDSS_DR18_SPECTROSCOPY,ZWARNING_0_SCIENCEPRIMARY
TRD002947,182.74364,-0.13780915,STAR,SDSS_DR18_SPECTROSCOPY,ZWARNING_0_SCIENCEPRIMARY
TRD002948,182.79953,-0.17080441,STAR,SDSS_DR18_SPECTROSCOPY,ZWARNING_0_SCIENCEPRIMARY
TRD002949,182.71023,-0.1648602,STAR,SDSS_DR18_SPECTROSCOPY,ZWARNING_0_SCIENCEPRIMARY
TRD002950,182.86567,-0.14208173,STAR,SDSS_DR18_SPECTROSCOPY,ZWARNING_0_SCIENCEPRIMARY
TRD002951,182.76919,-0.58832653,STAR,SDSS_DR18_SPECTROSCOPY,ZWARNING_0_SCIENCEPRIMARY
TRD002952,182.79975,-0.10921227,STAR,SDSS_DR18_SPECTROSCOPY,ZWARNING_0_SCIENCEPRIMARY
TRD002953,182.67014,-0.08195697,STAR,SDSS_DR18_SPECTROSCOPY,ZWARNING_0_SCIENCEPRIMARY
TRD002954,182.62243,-1.1872779,STAR,SDSS_DR18_SPECTROSCOPY,ZWARNING_0_SCIENCEPRIMARY
TRD002955,182.57079,-1.0073212,STAR,SDSS_DR18_SPECTROSCOPY,ZWARNING_0_SCIENCEPRIMARY
TRD002956,182.52558,-1.0439821,STAR,SDSS_DR18_SPECTROSCOPY,ZWARNING_0_SCIENCEPRIMARY
TRD002957,182.52979,-1.0156317,STAR,SDSS_DR18_SPECTROSCOPY,ZWARNING_0_SCIENCEPRIMARY
TRD002958,183.12802,-1.1703446,STAR,SDSS_DR18_SPECTROSCOPY,ZWARNING_0_SCIENCEPRIMARY
TRD002959,182.58607,-1.0470981,STAR,SDSS_DR18_SPECTROSCOPY,ZWARNING_0_SCIENCEPRIMARY
TRD002960,182.50881,-0.87801803,STAR,SDSS_DR18_SPECTROSCOPY,ZWARNING_0_SCIENCEPRIMARY
TRD002961,182.49513,-0.92275045,STAR,SDSS_DR18_SPECTROSCOPY,ZWARNING_0_SCIENCEPRIMARY
TRD002962,182.60115,-1.0040033,STAR,SDSS_DR18_SPECTROSCOPY,ZWARNING_0_SCIENCEPRIMARY
TRD002963,182.76472,-1.0905807,STAR,SDSS_DR18_SPECTROSCOPY,ZWARNING_0_SCIENCEPRIMARY
TRD002964,182.5626,-0.71084196,STAR,SDSS_DR18_SPECTROSCOPY,ZWARNING_0_SCIENCEPRIMARY
TRD002965,182.5587,-0.63326235,STAR,SDSS_DR18_SPECTROSCOPY,ZWARNING_0_SCIENCEPRIMARY
TRD002966,182.66099,-0.98610724,STAR,SDSS_DR18_SPECTROSCOPY,ZWARNING_0_SCIENCEPRIMARY
TRD002967,182.55629,-1.0214794,STAR,SDSS_DR18_SPECTROSCOPY,ZWARNING_0_SCIENCEPRIMARY
TRD002968,182.69721,-0.6183001,STAR,SDSS_DR18_SPECTROSCOPY,ZWARNING_0_SCIENCEPRIMARY
TRD002969,182.76914,-0.67308023,STAR,SDSS_DR18_SPECTROSCOPY,ZWARNING_0_SCIENCEPRIMARY
TRD002970,182.58112,-1.0236182,STAR,SDSS_DR18_SPECTROSCOPY,ZWARNING_0_SCIENCEPRIMARY
TRD002971,182.47819,-0.02266518,STAR,SDSS_DR18_SPECTROSCOPY,ZWARNING_0_SCIENCEPRIMARY
TRD002972,182.43568,-0.43979581,STAR,SDSS_DR18_SPECTROSCOPY,ZWARNING_0_SCIENCEPRIMARY
TRD002973,182.63457,-0.35488363,STAR,SDSS_DR18_SPECTROSCOPY,ZWARNING_0_SCIENCEPRIMARY
TRD002974,182.61661,-0.31569959,STAR,SDSS_DR18_SPECTROSCOPY,ZWARNING_0_SCIENCEPRIMARY
TRD002975,182.51858,-0.34387865,STAR,SDSS_DR18_SPECTROSCOPY,ZWARNING_0_SCIENCEPRIMARY
TRD002976,182.35234,-0.46076403,STAR,SDSS_DR18_SPECTROSCOPY,ZWARNING_0_SCIENCEPRIMARY
TRD002977,182.51041,-0.46814828,STAR,SDSS_DR18_SPECTROSCOPY,ZWARNING_0_SCIENCEPRIMARY
TRD002978,182.50025,-0.27454058,STAR,SDSS_DR18_SPECTROSCOPY,ZWARNING_0_SCIENCEPRIMARY
TRD002979,182.4788,-0.6003474,STAR,SDSS_DR18_SPECTROSCOPY,ZWARNING_0_SCIENCEPRIMARY
TRD002980,182.42017,-0.44087717,STAR,SDSS_DR18_SPECTROSCOPY,ZWARNING_0_SCIENCEPRIMARY
TRD002981,182.52034,-0.2811842,STAR,SDSS_DR18_SPECTROSCOPY,ZWARNING_0_SCIENCEPRIMARY
TRD002982,182.48415,-0.00565898,STAR,SDSS_DR18_SPECTROSCOPY,ZWARNING_0_SCIENCEPRIMARY
TRD002983,182.48604,-0.20890769,STAR,SDSS_DR18_SPECTROSCOPY,ZWARNING_0_SCIENCEPRIMARY
TRD002984,182.37825,-0.20601201,STAR,SDSS_DR18_SPECTROSCOPY,ZWARNING_0_SCIENCEPRIMARY
TRD002985,182.50471,-0.15586432,STAR,SDSS_DR18_SPECTROSCOPY,ZWARNING_0_SCIENCEPRIMARY
TRD002986,182.6169,-0.08457365,STAR,SDSS_DR18_SPECTROSCOPY,ZWARNING_0_SCIENCEPRIMARY
TRD002987,182.47261,-0.41516006,STAR,SDSS_DR18_SPECTROSCOPY,ZWARNING_0_SCIENCEPRIMARY
TRD002988,182.30842,-1.0823292,STAR,SDSS_DR18_SPECTROSCOPY,ZWARNING_0_SCIENCEPRIMARY
TRD002989,182.33505,-1.1367863,STAR,SDSS_DR18_SPECTROSCOPY,ZWARNING_0_SCIENCEPRIMARY
TRD002990,182.29348,-0.79973976,STAR,SDSS_DR18_SPECTROSCOPY,ZWARNING_0_SCIENCEPRIMARY
TRD002991,182.2693,-0.84387221,STAR,SDSS_DR18_SPECTROSCOPY,ZWARNING_0_SCIENCEPRIMARY
TRD002992,182.33695,-0.7427696,STAR,SDSS_DR18_SPECTROSCOPY,ZWARNING_0_SCIENCEPRIMARY
TRD002993,182.25476,-1.2355835,STAR,SDSS_DR18_SPECTROSCOPY,ZWARNING_0_SCIENCEPRIMARY
TRD002994,182.48745,-0.96425488,STAR,SDSS_DR18_SPECTROSCOPY,ZWARNING_0_SCIENCEPRIMARY
TRD002995,182.45896,-1.1822827,STAR,SDSS_DR18_SPECTROSCOPY,ZWARNING_0_SCIENCEPRIMARY
TRD002996,182.32422,-1.1845423,STAR,SDSS_DR18_SPECTROSCOPY,ZWARNING_0_SCIENCEPRIMARY
TRD002997,182.25212,-1.1642957,STAR,SDSS_DR18_SPECTROSCOPY,ZWARNING_0_SCIENCEPRIMARY
TRD002998,182.32732,-1.0255506,STAR,SDSS_DR18_SPECTROSCOPY,ZWARNING_0_SCIENCEPRIMARY
TRD002999,182.37169,-0.71356525,STAR,SDSS_DR18_SPECTROSCOPY,ZWARNING_0_SCIENCEPRIMARY
TRD003000,182.393,-0.85141522,STAR,SDSS_DR18_SPECTROSCOPY,ZWARNING_0_SCIENCEPRIMARY
TRD003001,182.30926,-1.1317697,STAR,SDSS_DR18_SPECTROSCOPY,ZWARNING_0_SCIENCEPRIMARY
TRD003002,182.47992,-0.86061739,STAR,SDSS_DR18_SPECTROSCOPY,ZWARNING_0_SCIENCEPRIMARY
TRD003003,182.42847,-0.86958047,STAR,SDSS_DR18_SPECTROSCOPY,ZWARNING_0_SCIENCEPRIMARY
TRD003004,182.28312,-1.0530019,STAR,SDSS_DR18_SPECTROSCOPY,ZWARNING_0_SCIENCEPRIMARY
TRD003005,182.44324,-0.62933982,STAR,SDSS_DR18_SPECTROSCOPY,ZWARNING_0_SCIENCEPRIMARY
TRD003006,182.43443,-0.69923563,STAR,SDSS_DR18_SPECTROSCOPY,ZWARNING_0_SCIENCEPRIMARY
TRD003007,182.02302,-0.46895236,STAR,SDSS_DR18_SPECTROSCOPY,ZWARNING_0_SCIENCEPRIMARY
TRD003008,182.07401,-0.48406243,STAR,SDSS_DR18_SPECTROSCOPY,ZWARNING_0_SCIENCEPRIMARY
TRD003009,182.34301,-0.35043339,STAR,SDSS_DR18_SPECTROSCOPY,ZWARNING_0_SCIENCEPRIMARY
TRD003010,182.23369,-0.5597436,STAR,SDSS_DR18_SPECTROSCOPY,ZWARNING_0_SCIENCEPRIMARY
TRD003011,182.14467,-0.47106052,STAR,SDSS_DR18_SPECTROSCOPY,ZWARNING_0_SCIENCEPRIMARY
TRD003012,182.10224,-0.59945555,STAR,SDSS_DR18_SPECTROSCOPY,ZWARNING_0_SCIENCEPRIMARY
TRD003013,182.15691,-0.18879036,STAR,SDSS_DR18_SPECTROSCOPY,ZWARNING_0_SCIENCEPRIMARY
TRD003014,182.12765,-0.23599183,STAR,SDSS_DR18_SPECTROSCOPY,ZWARNING_0_SCIENCEPRIMARY
TRD003015,182.30711,-0.03220327,STAR,SDSS_DR18_SPECTROSCOPY,ZWARNING_0_SCIENCEPRIMARY
TRD003016,182.30865,-0.10630159,STAR,SDSS_DR18_SPECTROSCOPY,ZWARNING_0_SCIENCEPRIMARY
TRD003017,182.0499,-0.10429475,STAR,SDSS_DR18_SPECTROSCOPY,ZWARNING_0_SCIENCEPRIMARY
TRD003018,182.01595,-0.11658719,STAR,SDSS_DR18_SPECTROSCOPY,ZWARNING_0_SCIENCEPRIMARY
TRD003019,182.30293,-0.21512885,STAR,SDSS_DR18_SPECTROSCOPY,ZWARNING_0_SCIENCEPRIMARY
TRD003020,182.29815,-0.18498456,STAR,SDSS_DR18_SPECTROSCOPY,ZWARNING_0_SCIENCEPRIMARY
TRD003021,182.17804,-0.15213842,STAR,SDSS_DR18_SPECTROSCOPY,ZWARNING_0_SCIENCEPRIMARY
TRD003022,182.04454,-1.0523807,STAR,SDSS_DR18_SPECTROSCOPY,ZWARNING_0_SCIENCEPRIMARY
TRD003023,182.20072,-0.97115356,STAR,SDSS_DR18_SPECTROSCOPY,ZWARNING_0_SCIENCEPRIMARY
TRD003024,182.23893,-0.9350977,STAR,SDSS_DR18_SPECTROSCOPY,ZWARNING_0_SCIENCEPRIMARY
TRD003025,182.04738,-1.1109076,STAR,SDSS_DR18_SPECTROSCOPY,ZWARNING_0_SCIENCEPRIMARY
TRD003026,182.04637,-0.97980482,STAR,SDSS_DR18_SPECTROSCOPY,ZWARNING_0_SCIENCEPRIMARY
TRD003027,182.15094,-1.0557697,STAR,SDSS_DR18_SPECTROSCOPY,ZWARNING_0_SCIENCEPRIMARY
TRD003028,181.96879,-0.94688923,STAR,SDSS_DR18_SPECTROSCOPY,ZWARNING_0_SCIENCEPRIMARY
TRD003029,182.1307,-0.78823867,STAR,SDSS_DR18_SPECTROSCOPY,ZWARNING_0_SCIENCEPRIMARY
TRD003030,182.1871,-1.0422104,STAR,SDSS_DR18_SPECTROSCOPY,ZWARNING_0_SCIENCEPRIMARY
TRD003031,181.91533,-0.7078272,STAR,SDSS_DR18_SPECTROSCOPY,ZWARNING_0_SCIENCEPRIMARY
TRD003032,181.66522,-0.61909203,STAR,SDSS_DR18_SPECTROSCOPY,ZWARNING_0_SCIENCEPRIMARY
TRD003033,182.16344,-0.71462236,STAR,SDSS_DR18_SPECTROSCOPY,ZWARNING_0_SCIENCEPRIMARY
TRD003034,182.209,-0.82750034,STAR,SDSS_DR18_SPECTROSCOPY,ZWARNING_0_SCIENCEPRIMARY
TRD003035,182.13346,-0.71491033,STAR,SDSS_DR18_SPECTROSCOPY,ZWARNING_0_SCIENCEPRIMARY
TRD003036,181.66303,-0.65192234,STAR,SDSS_DR18_SPECTROSCOPY,ZWARNING_0_SCIENCEPRIMARY
TRD003037,181.88907,-0.7705122,STAR,SDSS_DR18_SPECTROSCOPY,ZWARNING_0_SCIENCEPRIMARY
TRD003038,181.81627,-0.61528215,STAR,SDSS_DR18_SPECTROSCOPY,ZWARNING_0_SCIENCEPRIMARY
TRD003039,181.85179,-0.80124362,STAR,SDSS_DR18_SPECTROSCOPY,ZWARNING_0_SCIENCEPRIMARY
TRD003040,181.8494,-0.52790981,STAR,SDSS_DR18_SPECTROSCOPY,ZWARNING_0_SCIENCEPRIMARY
TRD003041,181.62457,-0.39494717,STAR,SDSS_DR18_SPECTROSCOPY,ZWARNING_0_SCIENCEPRIMARY
TRD003042,181.99174,-0.05725461,STAR,SDSS_DR18_SPECTROSCOPY,ZWARNING_0_SCIENCEPRIMARY
TRD003043,181.56323,-0.27332085,STAR,SDSS_DR18_SPECTROSCOPY,ZWARNING_0_SCIENCEPRIMARY
TRD003044,181.64517,-0.471762,STAR,SDSS_DR18_SPECTROSCOPY,ZWARNING_0_SCIENCEPRIMARY
TRD003045,181.61116,-0.15255752,STAR,SDSS_DR18_SPECTROSCOPY,ZWARNING_0_SCIENCEPRIMARY
TRD003046,181.92318,-0.3028671,STAR,SDSS_DR18_SPECTROSCOPY,ZWARNING_0_SCIENCEPRIMARY
TRD003047,181.72805,-0.60329855,STAR,SDSS_DR18_SPECTROSCOPY,ZWARNING_0_SCIENCEPRIMARY
TRD003048,181.64175,-0.54408144,STAR,SDSS_DR18_SPECTROSCOPY,ZWARNING_0_SCIENCEPRIMARY
TRD003049,182.01101,-0.59814514,STAR,SDSS_DR18_SPECTROSCOPY,ZWARNING_0_SCIENCEPRIMARY
TRD003050,181.91172,-0.59080789,STAR,SDSS_DR18_SPECTROSCOPY,ZWARNING_0_SCIENCEPRIMARY
TRD003051,181.92855,-0.11381805,STAR,SDSS_DR18_SPECTROSCOPY,ZWARNING_0_SCIENCEPRIMARY
TRD003052,181.59554,-0.293092,STAR,SDSS_DR18_SPECTROSCOPY,ZWARNING_0_SCIENCEPRIMARY
TRD003053,181.73086,-0.00946831,STAR,SDSS_DR18_SPECTROSCOPY,ZWARNING_0_SCIENCEPRIMARY
TRD003054,181.99916,-0.01039483,STAR,SDSS_DR18_SPECTROSCOPY,ZWARNING_0_SCIENCEPRIMARY
TRD003055,181.99188,0.03617326,STAR,SDSS_DR18_SPECTROSCOPY,ZWARNING_0_SCIENCEPRIMARY
TRD003056,181.73459,-0.14317693,STAR,SDSS_DR18_SPECTROSCOPY,ZWARNING_0_SCIENCEPRIMARY
TRD003057,182.12251,1.1858734,STAR,SDSS_DR18_SPECTROSCOPY,ZWARNING_0_SCIENCEPRIMARY
TRD003058,182.12595,1.1011763,STAR,SDSS_DR18_SPECTROSCOPY,ZWARNING_0_SCIENCEPRIMARY
TRD003059,182.09889,1.0524261,STAR,SDSS_DR18_SPECTROSCOPY,ZWARNING_0_SCIENCEPRIMARY
TRD003060,181.98544,1.0824076,STAR,SDSS_DR18_SPECTROSCOPY,ZWARNING_0_SCIENCEPRIMARY
TRD003061,182.00795,0.93476821,STAR,SDSS_DR18_SPECTROSCOPY,ZWARNING_0_SCIENCEPRIMARY
TRD003062,182.03806,1.0839515,STAR,SDSS_DR18_SPECTROSCOPY,ZWARNING_0_SCIENCEPRIMARY
TRD003063,182.03106,1.0518585,STAR,SDSS_DR18_SPECTROSCOPY,ZWARNING_0_SCIENCEPRIMARY
TRD003064,181.99055,0.75794565,STAR,SDSS_DR18_SPECTROSCOPY,ZWARNING_0_SCIENCEPRIMARY
TRD003065,182.09253,1.1529606,STAR,SDSS_DR18_SPECTROSCOPY,ZWARNING_0_SCIENCEPRIMARY
TRD003066,182.09441,0.91891732,STAR,SDSS_DR18_SPECTROSCOPY,ZWARNING_0_SCIENCEPRIMARY
TRD003067,182.03595,0.79112956,STAR,SDSS_DR18_SPECTROSCOPY,ZWARNING_0_SCIENCEPRIMARY
TRD003068,182.07237,1.0936039,STAR,SDSS_DR18_SPECTROSCOPY,ZWARNING_0_SCIENCEPRIMARY
TRD003069,182.03963,0.75476961,STAR,SDSS_DR18_SPECTROSCOPY,ZWARNING_0_SCIENCEPRIMARY
TRD003070,181.92042,0.86625865,STAR,SDSS_DR18_SPECTROSCOPY,ZWARNING_0_SCIENCEPRIMARY
TRD003071,181.87174,0.83577024,STAR,SDSS_DR18_SPECTROSCOPY,ZWARNING_0_SCIENCEPRIMARY
TRD003072,181.97769,0.83489498,STAR,SDSS_DR18_SPECTROSCOPY,ZWARNING_0_SCIENCEPRIMARY
TRD003073,181.9092,0.58592428,STAR,SDSS_DR18_SPECTROSCOPY,ZWARNING_0_SCIENCEPRIMARY
TRD003074,181.80668,0.68109334,STAR,SDSS_DR18_SPECTROSCOPY,ZWARNING_0_SCIENCEPRIMARY
TRD003075,181.87466,0.40750878,STAR,SDSS_DR18_SPECTROSCOPY,ZWARNING_0_SCIENCEPRIMARY
TRD003076,181.96755,0.31043563,STAR,SDSS_DR18_SPECTROSCOPY,ZWARNING_0_SCIENCEPRIMARY
TRD003077,181.66755,0.64441076,STAR,SDSS_DR18_SPECTROSCOPY,ZWARNING_0_SCIENCEPRIMARY
TRD003078,182.01746,0.3620837,STAR,SDSS_DR18_SPECTROSCOPY,ZWARNING_0_SCIENCEPRIMARY
TRD003079,181.74975,0.65819884,STAR,SDSS_DR18_SPECTROSCOPY,ZWARNING_0_SCIENCEPRIMARY
TRD003080,182.04496,0.41727771,STAR,SDSS_DR18_SPECTROSCOPY,ZWARNING_0_SCIENCEPRIMARY
TRD003081,181.64844,0.15724666,STAR,SDSS_DR18_SPECTROSCOPY,ZWARNING_0_SCIENCEPRIMARY
TRD003082,181.91304,0.2003298,STAR,SDSS_DR18_SPECTROSCOPY,ZWARNING_0_SCIENCEPRIMARY
TRD003083,181.85533,0.39506935,STAR,SDSS_DR18_SPECTROSCOPY,ZWARNING_0_SCIENCEPRIMARY
TRD003084,181.7244,0.08286305,STAR,SDSS_DR18_SPECTROSCOPY,ZWARNING_0_SCIENCEPRIMARY
TRD003085,181.61434,0.25072895,STAR,SDSS_DR18_SPECTROSCOPY,ZWARNING_0_SCIENCEPRIMARY
TRD003086,181.6887,0.24211535,STAR,SDSS_DR18_SPECTROSCOPY,ZWARNING_0_SCIENCEPRIMARY
TRD003087,181.69124,0.40014164,STAR,SDSS_DR18_SPECTROSCOPY,ZWARNING_0_SCIENCEPRIMARY
TRD003088,181.69681,0.1346938,STAR,SDSS_DR18_SPECTROSCOPY,ZWARNING_0_SCIENCEPRIMARY
TRD003089,182.45087,1.062024,STAR,SDSS_DR18_SPECTROSCOPY,ZWARNING_0_SCIENCEPRIMARY
TRD003090,182.23009,1.1235554,STAR,SDSS_DR18_SPECTROSCOPY,ZWARNING_0_SCIENCEPRIMARY
TRD003091,182.21203,1.1406641,STAR,SDSS_DR18_SPECTROSCOPY,ZWARNING_0_SCIENCEPRIMARY
TRD003092,182.43324,1.045221,STAR,SDSS_DR18_SPECTROSCOPY,ZWARNING_0_SCIENCEPRIMARY
TRD003093,182.23339,0.9556142,STAR,SDSS_DR18_SPECTROSCOPY,ZWARNING_0_SCIENCEPRIMARY
TRD003094,182.43577,1.2443448,STAR,SDSS_DR18_SPECTROSCOPY,ZWARNING_0_SCIENCEPRIMARY
TRD003095,182.41919,0.97913,STAR,SDSS_DR18_SPECTROSCOPY,ZWARNING_0_SCIENCEPRIMARY
TRD003096,182.18277,0.78307581,STAR,SDSS_DR18_SPECTROSCOPY,ZWARNING_0_SCIENCEPRIMARY
TRD003097,182.2877,0.86348381,STAR,SDSS_DR18_SPECTROSCOPY,ZWARNING_0_SCIENCEPRIMARY
TRD003098,182.13696,0.94127473,STAR,SDSS_DR18_SPECTROSCOPY,ZWARNING_0_SCIENCEPRIMARY
TRD003099,182.35628,0.72452346,STAR,SDSS_DR18_SPECTROSCOPY,ZWARNING_0_SCIENCEPRIMARY
TRD003100,182.24585,1.234453,STAR,SDSS_DR18_SPECTROSCOPY,ZWARNING_0_SCIENCEPRIMARY
TRD003101,182.22443,0.72649579,STAR,SDSS_DR18_SPECTROSCOPY,ZWARNING_0_SCIENCEPRIMARY
TRD003102,182.44158,0.87573259,STAR,SDSS_DR18_SPECTROSCOPY,ZWARNING_0_SCIENCEPRIMARY
TRD003103,182.40123,0.76675771,STAR,SDSS_DR18_SPECTROSCOPY,ZWARNING_0_SCIENCEPRIMARY
TRD003104,182.3369,1.1514796,STAR,SDSS_DR18_SPECTROSCOPY,ZWARNING_0_SCIENCEPRIMARY
TRD003105,182.34015,0.3774496,STAR,SDSS_DR18_SPECTROSCOPY,ZWARNING_0_SCIENCEPRIMARY
TRD003106,182.19683,0.21844516,STAR,SDSS_DR18_SPECTROSCOPY,ZWARNING_0_SCIENCEPRIMARY
TRD003107,182.16859,0.60630748,STAR,SDSS_DR18_SPECTROSCOPY,ZWARNING_0_SCIENCEPRIMARY
TRD003108,182.29751,0.40058881,STAR,SDSS_DR18_SPECTROSCOPY,ZWARNING_0_SCIENCEPRIMARY
TRD003109,182.22013,0.42439453,STAR,SDSS_DR18_SPECTROSCOPY,ZWARNING_0_SCIENCEPRIMARY
TRD003110,182.31421,0.57064,STAR,SDSS_DR18_SPECTROSCOPY,ZWARNING_0_SCIENCEPRIMARY
TRD003111,182.15969,0.28289312,STAR,SDSS_DR18_SPECTROSCOPY,ZWARNING_0_SCIENCEPRIMARY
TRD003112,182.1649,0.24886456,STAR,SDSS_DR18_SPECTROSCOPY,ZWARNING_0_SCIENCEPRIMARY
TRD003113,182.20121,0.08680315,STAR,SDSS_DR18_SPECTROSCOPY,ZWARNING_0_SCIENCEPRIMARY
TRD003114,182.0842,0.29597618,STAR,SDSS_DR18_SPECTROSCOPY,ZWARNING_0_SCIENCEPRIMARY
TRD003115,182.13949,0.44330243,STAR,SDSS_DR18_SPECTROSCOPY,ZWARNING_0_SCIENCEPRIMARY
TRD003116,182.13152,0.17284264,STAR,SDSS_DR18_SPECTROSCOPY,ZWARNING_0_SCIENCEPRIMARY
TRD003117,182.16858,0.34840601,STAR,SDSS_DR18_SPECTROSCOPY,ZWARNING_0_SCIENCEPRIMARY
TRD003118,182.14512,0.60348466,STAR,SDSS_DR18_SPECTROSCOPY,ZWARNING_0_SCIENCEPRIMARY
TRD003119,182.04773,0.56370854,STAR,SDSS_DR18_SPECTROSCOPY,ZWARNING_0_SCIENCEPRIMARY
TRD003120,182.52358,1.1521396,STAR,SDSS_DR18_SPECTROSCOPY,ZWARNING_0_SCIENCEPRIMARY
TRD003121,182.6272,0.88310559,STAR,SDSS_DR18_SPECTROSCOPY,ZWARNING_0_SCIENCEPRIMARY
TRD003122,182.6711,1.2362879,STAR,SDSS_DR18_SPECTROSCOPY,ZWARNING_0_SCIENCEPRIMARY
TRD003123,182.72696,1.0939924,STAR,SDSS_DR18_SPECTROSCOPY,ZWARNING_0_SCIENCEPRIMARY
TRD003124,182.69735,1.0036258,STAR,SDSS_DR18_SPECTROSCOPY,ZWARNING_0_SCIENCEPRIMARY
TRD003125,182.59021,1.0027788,STAR,SDSS_DR18_SPECTROSCOPY,ZWARNING_0_SCIENCEPRIMARY
TRD003126,182.66413,1.1806409,STAR,SDSS_DR18_SPECTROSCOPY,ZWARNING_0_SCIENCEPRIMARY
TRD003127,182.4705,0.91971078,STAR,SDSS_DR18_SPECTROSCOPY,ZWARNING_0_SCIENCEPRIMARY
TRD003128,182.55843,1.1934154,STAR,SDSS_DR18_SPECTROSCOPY,ZWARNING_0_SCIENCEPRIMARY
TRD003129,182.54541,0.95493628,STAR,SDSS_DR18_SPECTROSCOPY,ZWARNING_0_SCIENCEPRIMARY
TRD003130,182.52456,0.75549945,STAR,SDSS_DR18_SPECTROSCOPY,ZWARNING_0_SCIENCEPRIMARY
TRD003131,182.71508,0.88994196,STAR,SDSS_DR18_SPECTROSCOPY,ZWARNING_0_SCIENCEPRIMARY
TRD003132,182.7306,1.0332254,STAR,SDSS_DR18_SPECTROSCOPY,ZWARNING_0_SCIENCEPRIMARY
TRD003133,182.54841,0.71397143,STAR,SDSS_DR18_SPECTROSCOPY,ZWARNING_0_SCIENCEPRIMARY
TRD003134,182.7271,0.77974365,STAR,SDSS_DR18_SPECTROSCOPY,ZWARNING_0_SCIENCEPRIMARY
TRD003135,182.51101,1.161696,STAR,SDSS_DR18_SPECTROSCOPY,ZWARNING_0_SCIENCEPRIMARY
TRD003136,182.49419,1.1083977,STAR,SDSS_DR18_SPECTROSCOPY,ZWARNING_0_SCIENCEPRIMARY
TRD003137,182.76602,1.0042255,STAR,SDSS_DR18_SPECTROSCOPY,ZWARNING_0_SCIENCEPRIMARY
TRD003138,182.70872,0.99004147,STAR,SDSS_DR18_SPECTROSCOPY,ZWARNING_0_SCIENCEPRIMARY
TRD003139,182.59185,0.24508779,STAR,SDSS_DR18_SPECTROSCOPY,ZWARNING_0_SCIENCEPRIMARY
TRD003140,182.56759,0.38920834,STAR,SDSS_DR18_SPECTROSCOPY,ZWARNING_0_SCIENCEPRIMARY
TRD003141,182.62566,0.33091261,STAR,SDSS_DR18_SPECTROSCOPY,ZWARNING_0_SCIENCEPRIMARY
TRD003142,182.43031,0.40742403,STAR,SDSS_DR18_SPECTROSCOPY,ZWARNING_0_SCIENCEPRIMARY
TRD003143,182.35525,0.59332912,STAR,SDSS_DR18_SPECTROSCOPY,ZWARNING_0_SCIENCEPRIMARY
TRD003144,182.58993,0.65981988,STAR,SDSS_DR18_SPECTROSCOPY,ZWARNING_0_SCIENCEPRIMARY
TRD003145,182.41661,0.50268148,STAR,SDSS_DR18_SPECTROSCOPY,ZWARNING_0_SCIENCEPRIMARY
TRD003146,182.40164,0.5773928,STAR,SDSS_DR18_SPECTROSCOPY,ZWARNING_0_SCIENCEPRIMARY
TRD003147,182.4627,0.06413087,STAR,SDSS_DR18_SPECTROSCOPY,ZWARNING_0_SCIENCEPRIMARY
TRD003148,182.50276,0.1912548,STAR,SDSS_DR18_SPECTROSCOPY,ZWARNING_0_SCIENCEPRIMARY
TRD003149,182.36393,0.12521199,STAR,SDSS_DR18_SPECTROSCOPY,ZWARNING_0_SCIENCEPRIMARY
TRD003150,182.63073,0.19966092,STAR,SDSS_DR18_SPECTROSCOPY,ZWARNING_0_SCIENCEPRIMARY
TRD003151,182.40404,0.49049696,STAR,SDSS_DR18_SPECTROSCOPY,ZWARNING_0_SCIENCEPRIMARY
TRD003152,182.52923,0.34640399,STAR,SDSS_DR18_SPECTROSCOPY,ZWARNING_0_SCIENCEPRIMARY
TRD003153,182.48627,0.49493244,STAR,SDSS_DR18_SPECTROSCOPY,ZWARNING_0_SCIENCEPRIMARY
TRD003154,182.50414,0.30065058,STAR,SDSS_DR18_SPECTROSCOPY,ZWARNING_0_SCIENCEPRIMARY
TRD003155,182.35317,0.30517489,STAR,SDSS_DR18_SPECTROSCOPY,ZWARNING_0_SCIENCEPRIMARY
TRD003156,183.10093,1.1627415,STAR,SDSS_DR18_SPECTROSCOPY,ZWARNING_0_SCIENCEPRIMARY
TRD003157,182.79401,1.1047407,STAR,SDSS_DR18_SPECTROSCOPY,ZWARNING_0_SCIENCEPRIMARY
TRD003158,182.9153,1.131075,STAR,SDSS_DR18_SPECTROSCOPY,ZWARNING_0_SCIENCEPRIMARY
TRD003159,182.90943,0.81081094,STAR,SDSS_DR18_SPECTROSCOPY,ZWARNING_0_SCIENCEPRIMARY
TRD003160,182.99517,1.1186988,STAR,SDSS_DR18_SPECTROSCOPY,ZWARNING_0_SCIENCEPRIMARY
TRD003161,182.87954,1.1929112,STAR,SDSS_DR18_SPECTROSCOPY,ZWARNING_0_SCIENCEPRIMARY
TRD003162,183.08502,1.1837984,STAR,SDSS_DR18_SPECTROSCOPY,ZWARNING_0_SCIENCEPRIMARY
TRD003163,182.86077,1.0844901,STAR,SDSS_DR18_SPECTROSCOPY,ZWARNING_0_SCIENCEPRIMARY
TRD003164,182.96061,0.95316318,STAR,SDSS_DR18_SPECTROSCOPY,ZWARNING_0_SCIENCEPRIMARY
TRD003165,182.78477,1.1809213,STAR,SDSS_DR18_SPECTROSCOPY,ZWARNING_0_SCIENCEPRIMARY
TRD003166,183.07721,1.0727385,STAR,SDSS_DR18_SPECTROSCOPY,ZWARNING_0_SCIENCEPRIMARY
TRD003167,182.81464,0.81979365,STAR,SDSS_DR18_SPECTROSCOPY,ZWARNING_0_SCIENCEPRIMARY
TRD003168,183.09291,0.96510878,STAR,SDSS_DR18_SPECTROSCOPY,ZWARNING_0_SCIENCEPRIMARY
TRD003169,183.11197,0.71248384,STAR,SDSS_DR18_SPECTROSCOPY,ZWARNING_0_SCIENCEPRIMARY
TRD003170,182.89302,0.80543933,STAR,SDSS_DR18_SPECTROSCOPY,ZWARNING_0_SCIENCEPRIMARY
TRD003171,182.90119,0.75021614,STAR,SDSS_DR18_SPECTROSCOPY,ZWARNING_0_SCIENCEPRIMARY
TRD003172,182.86077,0.76032827,STAR,SDSS_DR18_SPECTROSCOPY,ZWARNING_0_SCIENCEPRIMARY
TRD003173,183.09972,0.94720054,STAR,SDSS_DR18_SPECTROSCOPY,ZWARNING_0_SCIENCEPRIMARY
TRD003174,182.94186,0.65479696,STAR,SDSS_DR18_SPECTROSCOPY,ZWARNING_0_SCIENCEPRIMARY
TRD003175,182.79014,0.47831602,STAR,SDSS_DR18_SPECTROSCOPY,ZWARNING_0_SCIENCEPRIMARY
TRD003176,182.90825,0.45581784,STAR,SDSS_DR18_SPECTROSCOPY,ZWARNING_0_SCIENCEPRIMARY
TRD003177,182.85228,0.69293485,STAR,SDSS_DR18_SPECTROSCOPY,ZWARNING_0_SCIENCEPRIMARY
TRD003178,182.87907,0.39396496,STAR,SDSS_DR18_SPECTROSCOPY,ZWARNING_0_SCIENCEPRIMARY
TRD003179,182.82405,0.25786128,STAR,SDSS_DR18_SPECTROSCOPY,ZWARNING_0_SCIENCEPRIMARY
TRD003180,182.90687,0.23539294,STAR,SDSS_DR18_SPECTROSCOPY,ZWARNING_0_SCIENCEPRIMARY
TRD003181,182.89669,0.54841428,STAR,SDSS_DR18_SPECTROSCOPY,ZWARNING_0_SCIENCEPRIMARY
TRD003182,182.94742,0.57184902,STAR,SDSS_DR18_SPECTROSCOPY,ZWARNING_0_SCIENCEPRIMARY
TRD003183,182.74988,0.2109964,STAR,SDSS_DR18_SPECTROSCOPY,ZWARNING_0_SCIENCEPRIMARY
TRD003184,182.90344,0.10497024,STAR,SDSS_DR18_SPECTROSCOPY,ZWARNING_0_SCIENCEPRIMARY
TRD003185,182.63999,0.22149971,STAR,SDSS_DR18_SPECTROSCOPY,ZWARNING_0_SCIENCEPRIMARY
TRD003186,182.73967,0.07289034,STAR,SDSS_DR18_SPECTROSCOPY,ZWARNING_0_SCIENCEPRIMARY
TRD003187,182.63468,0.12518786,STAR,SDSS_DR18_SPECTROSCOPY,ZWARNING_0_SCIENCEPRIMARY
TRD003188,182.76149,0.16280264,STAR,SDSS_DR18_SPECTROSCOPY,ZWARNING_0_SCIENCEPRIMARY
TRD003189,182.93166,0.22110141,STAR,SDSS_DR18_SPECTROSCOPY,ZWARNING_0_SCIENCEPRIMARY
TRD003190,182.79494,0.20046218,STAR,SDSS_DR18_SPECTROSCOPY,ZWARNING_0_SCIENCEPRIMARY
TRD003191,183.25484,0.36203085,STAR,SDSS_DR18_SPECTROSCOPY,ZWARNING_0_SCIENCEPRIMARY
TRD003192,183.19658,0.45898425,STAR,SDSS_DR18_SPECTROSCOPY,ZWARNING_0_SCIENCEPRIMARY
TRD003193,183.07563,0.68843268,STAR,SDSS_DR18_SPECTROSCOPY,ZWARNING_0_SCIENCEPRIMARY
TRD003194,183.04974,0.41394921,STAR,SDSS_DR18_SPECTROSCOPY,ZWARNING_0_SCIENCEPRIMARY
TRD003195,183.01663,0.06340864,STAR,SDSS_DR18_SPECTROSCOPY,ZWARNING_0_SCIENCEPRIMARY
TRD003196,183.09728,0.5477221,STAR,SDSS_DR18_SPECTROSCOPY,ZWARNING_0_SCIENCEPRIMARY
TRD003197,183.17388,0.28074331,STAR,SDSS_DR18_SPECTROSCOPY,ZWARNING_0_SCIENCEPRIMARY
TRD003198,183.145,0.67280199,STAR,SDSS_DR18_SPECTROSCOPY,ZWARNING_0_SCIENCEPRIMARY
TRD003199,183.21067,0.38273949,STAR,SDSS_DR18_SPECTROSCOPY,ZWARNING_0_SCIENCEPRIMARY
TRD003200,182.95655,0.63185048,STAR,SDSS_DR18_SPECTROSCOPY,ZWARNING_0_SCIENCEPRIMARY
TRD003201,183.00883,0.4468828,STAR,SDSS_DR18_SPECTROSCOPY,ZWARNING_0_SCIENCEPRIMARY
TRD003202,183.09804,0.69079153,STAR,SDSS_DR18_SPECTROSCOPY,ZWARNING_0_SCIENCEPRIMARY
TRD003203,183.07986,0.22183383,STAR,SDSS_DR18_SPECTROSCOPY,ZWARNING_0_SCIENCEPRIMARY
TRD003204,183.02536,0.27640184,STAR,SDSS_DR18_SPECTROSCOPY,ZWARNING_0_SCIENCEPRIMARY
TRD003205,183.22436,0.18726601,STAR,SDSS_DR18_SPECTROSCOPY,ZWARNING_0_SCIENCEPRIMARY
TRD003206,183.22005,0.14049341,STAR,SDSS_DR18_SPECTROSCOPY,ZWARNING_0_SCIENCEPRIMARY
TRD003207,183.1243,0.55234465,STAR,SDSS_DR18_SPECTROSCOPY,ZWARNING_0_SCIENCEPRIMARY
TRD003208,183.12817,0.32268909,STAR,SDSS_DR18_SPECTROSCOPY,ZWARNING_0_SCIENCEPRIMARY
TRD003209,183.07869,0.11945265,STAR,SDSS_DR18_SPECTROSCOPY,ZWARNING_0_SCIENCEPRIMARY
TRD003210,183.45491,0.04474682,STAR,SDSS_DR18_SPECTROSCOPY,ZWARNING_0_SCIENCEPRIMARY
TRD003211,183.49605,0.06228617,STAR,SDSS_DR18_SPECTROSCOPY,ZWARNING_0_SCIENCEPRIMARY
TRD003212,183.3654,0.25799587,STAR,SDSS_DR18_SPECTROSCOPY,ZWARNING_0_SCIENCEPRIMARY
TRD003213,183.25508,0.53617268,STAR,SDSS_DR18_SPECTROSCOPY,ZWARNING_0_SCIENCEPRIMARY
TRD003214,183.49202,0.26106049,STAR,SDSS_DR18_SPECTROSCOPY,ZWARNING_0_SCIENCEPRIMARY
TRD003215,183.25808,0.1219658,STAR,SDSS_DR18_SPECTROSCOPY,ZWARNING_0_SCIENCEPRIMARY
TRD003216,183.25659,0.20271279,STAR,SDSS_DR18_SPECTROSCOPY,ZWARNING_0_SCIENCEPRIMARY
TRD003217,183.37943,0.11899727,STAR,SDSS_DR18_SPECTROSCOPY,ZWARNING_0_SCIENCEPRIMARY
TRD003218,183.2758,0.6782245,STAR,SDSS_DR18_SPECTROSCOPY,ZWARNING_0_SCIENCEPRIMARY
TRD003219,183.52388,0.27144623,STAR,SDSS_DR18_SPECTROSCOPY,ZWARNING_0_SCIENCEPRIMARY
TRD003220,183.3864,0.43390412,STAR,SDSS_DR18_SPECTROSCOPY,ZWARNING_0_SCIENCEPRIMARY
TRD003221,183.44294,0.20856617,STAR,SDSS_DR18_SPECTROSCOPY,ZWARNING_0_SCIENCEPRIMARY
TRD003222,183.46728,0.69915418,STAR,SDSS_DR18_SPECTROSCOPY,ZWARNING_0_SCIENCEPRIMARY
TRD003223,183.41006,0.65929764,STAR,SDSS_DR18_SPECTROSCOPY,ZWARNING_0_SCIENCEPRIMARY
TRD003224,183.37641,0.35135254,STAR,SDSS_DR18_SPECTROSCOPY,ZWARNING_0_SCIENCEPRIMARY
TRD003225,183.50071,0.37295668,STAR,SDSS_DR18_SPECTROSCOPY,ZWARNING_0_SCIENCEPRIMARY
TRD003226,183.37203,0.44613233,STAR,SDSS_DR18_SPECTROSCOPY,ZWARNING_0_SCIENCEPRIMARY
TRD003227,183.44004,0.29537458,STAR,SDSS_DR18_SPECTROSCOPY,ZWARNING_0_SCIENCEPRIMARY
TRD003228,183.40787,0.57550425,STAR,SDSS_DR18_SPECTROSCOPY,ZWARNING_0_SCIENCEPRIMARY
TRD003229,183.12225,1.1047995,STAR,SDSS_DR18_SPECTROSCOPY,ZWARNING_0_SCIENCEPRIMARY
TRD003230,183.32864,1.0601556,STAR,SDSS_DR18_SPECTROSCOPY,ZWARNING_0_SCIENCEPRIMARY
TRD003231,183.17417,0.91063272,STAR,SDSS_DR18_SPECTROSCOPY,ZWARNING_0_SCIENCEPRIMARY
TRD003232,183.20749,0.87209258,STAR,SDSS_DR18_SPECTROSCOPY,ZWARNING_0_SCIENCEPRIMARY
TRD003233,183.36523,0.97904744,STAR,SDSS_DR18_SPECTROSCOPY,ZWARNING_0_SCIENCEPRIMARY
TRD003234,183.19189,0.85039695,STAR,SDSS_DR18_SPECTROSCOPY,ZWARNING_0_SCIENCEPRIMARY
TRD003235,183.25797,1.0074695,STAR,SDSS_DR18_SPECTROSCOPY,ZWARNING_0_SCIENCEPRIMARY
TRD003236,183.35701,1.2012951,STAR,SDSS_DR18_SPECTROSCOPY,ZWARNING_0_SCIENCEPRIMARY
TRD003237,183.20696,1.0128418,STAR,SDSS_DR18_SPECTROSCOPY,ZWARNING_0_SCIENCEPRIMARY
TRD003238,183.23241,0.94944747,STAR,SDSS_DR18_SPECTROSCOPY,ZWARNING_0_SCIENCEPRIMARY
TRD003239,183.29398,0.80267352,STAR,SDSS_DR18_SPECTROSCOPY,ZWARNING_0_SCIENCEPRIMARY
TRD003240,183.33803,0.75848572,STAR,SDSS_DR18_SPECTROSCOPY,ZWARNING_0_SCIENCEPRIMARY
TRD003241,183.11363,0.93367347,STAR,SDSS_DR18_SPECTROSCOPY,ZWARNING_0_SCIENCEPRIMARY
TRD003242,183.33525,0.94522052,STAR,SDSS_DR18_SPECTROSCOPY,ZWARNING_0_SCIENCEPRIMARY
TRD003243,183.30134,1.1899556,STAR,SDSS_DR18_SPECTROSCOPY,ZWARNING_0_SCIENCEPRIMARY
TRD003244,183.27344,0.71102448,STAR,SDSS_DR18_SPECTROSCOPY,ZWARNING_0_SCIENCEPRIMARY
TRD003245,183.16697,0.83940809,STAR,SDSS_DR18_SPECTROSCOPY,ZWARNING_0_SCIENCEPRIMARY
TRD003246,183.12543,0.84399064,STAR,SDSS_DR18_SPECTROSCOPY,ZWARNING_0_SCIENCEPRIMARY
TRD003247,183.26122,1.2005395,STAR,SDSS_DR18_SPECTROSCOPY,ZWARNING_0_SCIENCEPRIMARY
TRD003248,183.59839,0.13523467,STAR,SDSS_DR18_SPECTROSCOPY,ZWARNING_0_SCIENCEPRIMARY
TRD003249,183.54925,0.27144351,STAR,SDSS_DR18_SPECTROSCOPY,ZWARNING_0_SCIENCEPRIMARY
TRD003250,183.60768,0.09076447,STAR,SDSS_DR18_SPECTROSCOPY,ZWARNING_0_SCIENCEPRIMARY
TRD003251,183.76459,0.20532783,STAR,SDSS_DR18_SPECTROSCOPY,ZWARNING_0_SCIENCEPRIMARY
TRD003252,183.7098,0.25026905,STAR,SDSS_DR18_SPECTROSCOPY,ZWARNING_0_SCIENCEPRIMARY
TRD003253,183.59295,0.2140456,STAR,SDSS_DR18_SPECTROSCOPY,ZWARNING_0_SCIENCEPRIMARY
TRD003254,183.84764,0.56994549,STAR,SDSS_DR18_SPECTROSCOPY,ZWARNING_0_SCIENCEPRIMARY
TRD003255,183.78586,0.10618996,STAR,SDSS_DR18_SPECTROSCOPY,ZWARNING_0_SCIENCEPRIMARY
TRD003256,183.73888,0.43823045,STAR,SDSS_DR18_SPECTROSCOPY,ZWARNING_0_SCIENCEPRIMARY
TRD003257,183.54115,0.36295184,STAR,SDSS_DR18_SPECTROSCOPY,ZWARNING_0_SCIENCEPRIMARY
TRD003258,183.60008,0.54941969,STAR,SDSS_DR18_SPECTROSCOPY,ZWARNING_0_SCIENCEPRIMARY
TRD003259,183.64283,0.39013587,STAR,SDSS_DR18_SPECTROSCOPY,ZWARNING_0_SCIENCEPRIMARY
TRD003260,183.56121,0.64233334,STAR,SDSS_DR18_SPECTROSCOPY,ZWARNING_0_SCIENCEPRIMARY
TRD003261,183.60759,0.23577235,STAR,SDSS_DR18_SPECTROSCOPY,ZWARNING_0_SCIENCEPRIMARY
TRD003262,183.71107,0.55833644,STAR,SDSS_DR18_SPECTROSCOPY,ZWARNING_0_SCIENCEPRIMARY
TRD003263,183.8616,0.63842998,STAR,SDSS_DR18_SPECTROSCOPY,ZWARNING_0_SCIENCEPRIMARY
TRD003264,183.52974,0.62572407,STAR,SDSS_DR18_SPECTROSCOPY,ZWARNING_0_SCIENCEPRIMARY
TRD003265,183.82771,0.25847609,STAR,SDSS_DR18_SPECTROSCOPY,ZWARNING_0_SCIENCEPRIMARY
TRD003266,183.62721,1.0810594,STAR,SDSS_DR18_SPECTROSCOPY,ZWARNING_0_SCIENCEPRIMARY
TRD003267,183.56399,0.85765146,STAR,SDSS_DR18_SPECTROSCOPY,ZWARNING_0_SCIENCEPRIMARY
TRD003268,183.45622,0.91100326,STAR,SDSS_DR18_SPECTROSCOPY,ZWARNING_0_SCIENCEPRIMARY
TRD003269,183.4643,1.0233674,STAR,SDSS_DR18_SPECTROSCOPY,ZWARNING_0_SCIENCEPRIMARY
TRD003270,183.45864,1.17872,STAR,SDSS_DR18_SPECTROSCOPY,ZWARNING_0_SCIENCEPRIMARY
TRD003271,183.65123,1.0721094,STAR,SDSS_DR18_SPECTROSCOPY,ZWARNING_0_SCIENCEPRIMARY
TRD003272,183.40091,1.2057641,STAR,SDSS_DR18_SPECTROSCOPY,ZWARNING_0_SCIENCEPRIMARY
TRD003273,183.38673,1.0222827,STAR,SDSS_DR18_SPECTROSCOPY,ZWARNING_0_SCIENCEPRIMARY
TRD003274,183.63991,0.91531828,STAR,SDSS_DR18_SPECTROSCOPY,ZWARNING_0_SCIENCEPRIMARY
TRD003275,183.51983,0.81819274,STAR,SDSS_DR18_SPECTROSCOPY,ZWARNING_0_SCIENCEPRIMARY
TRD003276,183.41546,0.7422149,STAR,SDSS_DR18_SPECTROSCOPY,ZWARNING_0_SCIENCEPRIMARY
TRD003277,183.61051,0.97021505,STAR,SDSS_DR18_SPECTROSCOPY,ZWARNING_0_SCIENCEPRIMARY
TRD003278,183.5935,0.71078626,STAR,SDSS_DR18_SPECTROSCOPY,ZWARNING_0_SCIENCEPRIMARY
TRD003279,183.51425,0.83922374,STAR,SDSS_DR18_SPECTROSCOPY,ZWARNING_0_SCIENCEPRIMARY
TRD003280,183.87318,0.57170023,STAR,SDSS_DR18_SPECTROSCOPY,ZWARNING_0_SCIENCEPRIMARY
TRD003281,184.07829,0.48053256,STAR,SDSS_DR18_SPECTROSCOPY,ZWARNING_0_SCIENCEPRIMARY
TRD003282,183.98252,0.49484215,STAR,SDSS_DR18_SPECTROSCOPY,ZWARNING_0_SCIENCEPRIMARY
TRD003283,183.97785,0.37162827,STAR,SDSS_DR18_SPECTROSCOPY,ZWARNING_0_SCIENCEPRIMARY
TRD003284,184.07461,0.53031526,STAR,SDSS_DR18_SPECTROSCOPY,ZWARNING_0_SCIENCEPRIMARY
TRD003285,183.98518,0.66033711,STAR,SDSS_DR18_SPECTROSCOPY,ZWARNING_0_SCIENCEPRIMARY
TRD003286,184.09996,0.28562084,STAR,SDSS_DR18_SPECTROSCOPY,ZWARNING_0_SCIENCEPRIMARY
TRD003287,183.95779,0.61834934,STAR,SDSS_DR18_SPECTROSCOPY,ZWARNING_0_SCIENCEPRIMARY
TRD003288,184.01957,0.41300074,STAR,SDSS_DR18_SPECTROSCOPY,ZWARNING_0_SCIENCEPRIMARY
TRD003289,184.03627,0.28418573,STAR,SDSS_DR18_SPECTROSCOPY,ZWARNING_0_SCIENCEPRIMARY
TRD003290,183.89201,0.37065434,STAR,SDSS_DR18_SPECTROSCOPY,ZWARNING_0_SCIENCEPRIMARY
TRD003291,183.89831,0.38977587,STAR,SDSS_DR18_SPECTROSCOPY,ZWARNING_0_SCIENCEPRIMARY
TRD003292,183.95498,0.21835157,STAR,SDSS_DR18_SPECTROSCOPY,ZWARNING_0_SCIENCEPRIMARY
TRD003293,183.92458,0.09722521,STAR,SDSS_DR18_SPECTROSCOPY,ZWARNING_0_SCIENCEPRIMARY
TRD003294,183.91475,0.41738841,STAR,SDSS_DR18_SPECTROSCOPY,ZWARNING_0_SCIENCEPRIMARY
TRD003295,184.01902,0.22839126,STAR,SDSS_DR18_SPECTROSCOPY,ZWARNING_0_SCIENCEPRIMARY
TRD003296,183.8927,0.41888927,STAR,SDSS_DR18_SPECTROSCOPY,ZWARNING_0_SCIENCEPRIMARY
TRD003297,183.94916,0.88121945,STAR,SDSS_DR18_SPECTROSCOPY,ZWARNING_0_SCIENCEPRIMARY
TRD003298,184.04293,1.0459687,STAR,SDSS_DR18_SPECTROSCOPY,ZWARNING_0_SCIENCEPRIMARY
TRD003299,183.75324,1.1062445,STAR,SDSS_DR18_SPECTROSCOPY,ZWARNING_0_SCIENCEPRIMARY
TRD003300,183.87472,1.0142886,STAR,SDSS_DR18_SPECTROSCOPY,ZWARNING_0_SCIENCEPRIMARY
TRD003301,183.99313,0.92632514,STAR,SDSS_DR18_SPECTROSCOPY,ZWARNING_0_SCIENCEPRIMARY
TRD003302,184.04759,1.024065,STAR,SDSS_DR18_SPECTROSCOPY,ZWARNING_0_SCIENCEPRIMARY
TRD003303,184.11131,0.75717513,STAR,SDSS_DR18_SPECTROSCOPY,ZWARNING_0_SCIENCEPRIMARY
TRD003304,183.84304,0.89291521,STAR,SDSS_DR18_SPECTROSCOPY,ZWARNING_0_SCIENCEPRIMARY
TRD003305,183.69878,0.95356679,STAR,SDSS_DR18_SPECTROSCOPY,ZWARNING_0_SCIENCEPRIMARY
TRD003306,183.92262,0.78339488,STAR,SDSS_DR18_SPECTROSCOPY,ZWARNING_0_SCIENCEPRIMARY
TRD003307,184.03629,0.7681246,STAR,SDSS_DR18_SPECTROSCOPY,ZWARNING_0_SCIENCEPRIMARY
TRD003308,183.82908,0.80506,STAR,SDSS_DR18_SPECTROSCOPY,ZWARNING_0_SCIENCEPRIMARY
TRD003309,183.67396,0.89450879,STAR,SDSS_DR18_SPECTROSCOPY,ZWARNING_0_SCIENCEPRIMARY
TRD003310,183.68184,0.75008808,STAR,SDSS_DR18_SPECTROSCOPY,ZWARNING_0_SCIENCEPRIMARY
TRD003311,183.71025,0.92404615,STAR,SDSS_DR18_SPECTROSCOPY,ZWARNING_0_SCIENCEPRIMARY
TRD003312,184.08488,0.99783593,STAR,SDSS_DR18_SPECTROSCOPY,ZWARNING_0_SCIENCEPRIMARY
TRD003313,184.31847,0.53833645,STAR,SDSS_DR18_SPECTROSCOPY,ZWARNING_0_SCIENCEPRIMARY
TRD003314,184.22322,0.26073585,STAR,SDSS_DR18_SPECTROSCOPY,ZWARNING_0_SCIENCEPRIMARY
TRD003315,184.31736,0.27484603,STAR,SDSS_DR18_SPECTROSCOPY,ZWARNING_0_SCIENCEPRIMARY
TRD003316,184.47348,0.21880056,STAR,SDSS_DR18_SPECTROSCOPY,ZWARNING_0_SCIENCEPRIMARY
TRD003317,184.10526,0.33774569,STAR,SDSS_DR18_SPECTROSCOPY,ZWARNING_0_SCIENCEPRIMARY
TRD003318,184.1509,0.2222648,STAR,SDSS_DR18_SPECTROSCOPY,ZWARNING_0_SCIENCEPRIMARY
TRD003319,184.38887,0.06830498,STAR,SDSS_DR18_SPECTROSCOPY,ZWARNING_0_SCIENCEPRIMARY
TRD003320,184.31445,0.16249131,STAR,SDSS_DR18_SPECTROSCOPY,ZWARNING_0_SCIENCEPRIMARY
TRD003321,184.16617,0.68746013,STAR,SDSS_DR18_SPECTROSCOPY,ZWARNING_0_SCIENCEPRIMARY
TRD003322,184.23234,0.47621864,STAR,SDSS_DR18_SPECTROSCOPY,ZWARNING_0_SCIENCEPRIMARY
TRD003323,184.21281,0.38905059,STAR,SDSS_DR18_SPECTROSCOPY,ZWARNING_0_SCIENCEPRIMARY
TRD003324,184.31949,0.3720243,STAR,SDSS_DR18_SPECTROSCOPY,ZWARNING_0_SCIENCEPRIMARY
TRD003325,184.38266,0.35837766,STAR,SDSS_DR18_SPECTROSCOPY,ZWARNING_0_SCIENCEPRIMARY
TRD003326,184.16709,0.23539242,STAR,SDSS_DR18_SPECTROSCOPY,ZWARNING_0_SCIENCEPRIMARY
TRD003327,184.20046,0.684501,STAR,SDSS_DR18_SPECTROSCOPY,ZWARNING_0_SCIENCEPRIMARY
TRD003328,184.20983,0.33345262,STAR,SDSS_DR18_SPECTROSCOPY,ZWARNING_0_SCIENCEPRIMARY
TRD003329,184.2969,0.60331095,STAR,SDSS_DR18_SPECTROSCOPY,ZWARNING_0_SCIENCEPRIMARY
TRD003330,184.16782,0.52834698,STAR,SDSS_DR18_SPECTROSCOPY,ZWARNING_0_SCIENCEPRIMARY
TRD003331,183.84175,-0.94554433,STAR,SDSS_DR18_SPECTROSCOPY,ZWARNING_0_SCIENCEPRIMARY
TRD003332,183.9321,-1.0464876,STAR,SDSS_DR18_SPECTROSCOPY,ZWARNING_0_SCIENCEPRIMARY
TRD003333,183.87785,-1.0131628,STAR,SDSS_DR18_SPECTROSCOPY,ZWARNING_0_SCIENCEPRIMARY
TRD003334,146.71421,-1.0413043,GALAXY,SDSS_DR18_SPECTROSCOPY,ZWARNING_0_SCIENCEPRIMARY
TRD003335,146.74413,-0.65219064,GALAXY,SDSS_DR18_SPECTROSCOPY,ZWARNING_0_SCIENCEPRIMARY
TRD003336,146.62857,-0.76513683,GALAXY,SDSS_DR18_SPECTROSCOPY,ZWARNING_0_SCIENCEPRIMARY
TRD003337,146.63167,-0.98827781,GALAXY,SDSS_DR18_SPECTROSCOPY,ZWARNING_0_SCIENCEPRIMARY
TRD003338,146.91945,-0.99049175,GALAXY,SDSS_DR18_SPECTROSCOPY,ZWARNING_0_SCIENCEPRIMARY
TRD003339,146.76339,-0.81043316,GALAXY,SDSS_DR18_SPECTROSCOPY,ZWARNING_0_SCIENCEPRIMARY
TRD003340,146.62282,-0.95138526,GALAXY,SDSS_DR18_SPECTROSCOPY,ZWARNING_0_SCIENCEPRIMARY
TRD003341,146.9341,-0.67040397,GALAXY,SDSS_DR18_SPECTROSCOPY,ZWARNING_0_SCIENCEPRIMARY
TRD003342,146.9635,-0.75935173,GALAXY,SDSS_DR18_SPECTROSCOPY,ZWARNING_0_SCIENCEPRIMARY
TRD003343,146.85983,-0.80890165,GALAXY,SDSS_DR18_SPECTROSCOPY,ZWARNING_0_SCIENCEPRIMARY
TRD003344,146.59272,-0.76025604,GALAXY,SDSS_DR18_SPECTROSCOPY,ZWARNING_0_SCIENCEPRIMARY
TRD003345,146.8577,-0.66285236,GALAXY,SDSS_DR18_SPECTROSCOPY,ZWARNING_0_SCIENCEPRIMARY
TRD003346,146.72794,-0.55687994,GALAXY,SDSS_DR18_SPECTROSCOPY,ZWARNING_0_SCIENCEPRIMARY
TRD003347,146.60721,-1.240753,GALAXY,SDSS_DR18_SPECTROSCOPY,ZWARNING_0_SCIENCEPRIMARY
TRD003348,147.18679,-0.49381256,GALAXY,SDSS_DR18_SPECTROSCOPY,ZWARNING_0_SCIENCEPRIMARY
TRD003349,147.02336,-0.16009352,GALAXY,SDSS_DR18_SPECTROSCOPY,ZWARNING_0_SCIENCEPRIMARY
TRD003350,146.95607,-0.34230044,GALAXY,SDSS_DR18_SPECTROSCOPY,ZWARNING_0_SCIENCEPRIMARY
TRD003351,147.17639,-0.35405684,GALAXY,SDSS_DR18_SPECTROSCOPY,ZWARNING_0_SCIENCEPRIMARY
TRD003352,147.11461,-0.16521837,GALAXY,SDSS_DR18_SPECTROSCOPY,ZWARNING_0_SCIENCEPRIMARY
TRD003353,147.22569,-0.29262062,GALAXY,SDSS_DR18_SPECTROSCOPY,ZWARNING_0_SCIENCEPRIMARY
TRD003354,147.24805,-0.035723556,GALAXY,SDSS_DR18_SPECTROSCOPY,ZWARNING_0_SCIENCEPRIMARY
TRD003355,146.92403,-0.10514302,GALAXY,SDSS_DR18_SPECTROSCOPY,ZWARNING_0_SCIENCEPRIMARY
TRD003356,146.9201,-0.30646208,GALAXY,SDSS_DR18_SPECTROSCOPY,ZWARNING_0_SCIENCEPRIMARY
TRD003357,147.32951,0.028902695,GALAXY,SDSS_DR18_SPECTROSCOPY,ZWARNING_0_SCIENCEPRIMARY
TRD003358,147.08969,-0.26650926,GALAXY,SDSS_DR18_SPECTROSCOPY,ZWARNING_0_SCIENCEPRIMARY
TRD003359,146.57134,-0.95721148,GALAXY,SDSS_DR18_SPECTROSCOPY,ZWARNING_0_SCIENCEPRIMARY
TRD003360,146.56561,-1.0847419,GALAXY,SDSS_DR18_SPECTROSCOPY,ZWARNING_0_SCIENCEPRIMARY
TRD003361,146.30548,-1.1305512,GALAXY,SDSS_DR18_SPECTROSCOPY,ZWARNING_0_SCIENCEPRIMARY
TRD003362,146.36033,-0.81665691,GALAXY,SDSS_DR18_SPECTROSCOPY,ZWARNING_0_SCIENCEPRIMARY
TRD003363,146.43281,-0.98737835,GALAXY,SDSS_DR18_SPECTROSCOPY,ZWARNING_0_SCIENCEPRIMARY
TRD003364,146.9639,-0.54500256,GALAXY,SDSS_DR18_SPECTROSCOPY,ZWARNING_0_SCIENCEPRIMARY
TRD003365,146.94999,-0.59220225,GALAXY,SDSS_DR18_SPECTROSCOPY,ZWARNING_0_SCIENCEPRIMARY
TRD003366,146.32349,-1.1808359,GALAXY,SDSS_DR18_SPECTROSCOPY,ZWARNING_0_SCIENCEPRIMARY
TRD003367,146.51283,-0.84576492,GALAXY,SDSS_DR18_SPECTROSCOPY,ZWARNING_0_SCIENCEPRIMARY
TRD003368,146.31179,-0.81320921,GALAXY,SDSS_DR18_SPECTROSCOPY,ZWARNING_0_SCIENCEPRIMARY
TRD003369,146.44831,-0.71339967,GALAXY,SDSS_DR18_SPECTROSCOPY,ZWARNING_0_SCIENCEPRIMARY
TRD003370,146.57273,-1.0608357,GALAXY,SDSS_DR18_SPECTROSCOPY,ZWARNING_0_SCIENCEPRIMARY
TRD003371,146.27838,-0.6115498,GALAXY,SDSS_DR18_SPECTROSCOPY,ZWARNING_0_SCIENCEPRIMARY
TRD003372,146.36894,-0.66824731,GALAXY,SDSS_DR18_SPECTROSCOPY,ZWARNING_0_SCIENCEPRIMARY
TRD003373,146.85757,-0.21877608,GALAXY,SDSS_DR18_SPECTROSCOPY,ZWARNING_0_SCIENCEPRIMARY
TRD003374,146.90125,-0.4131573,GALAXY,SDSS_DR18_SPECTROSCOPY,ZWARNING_0_SCIENCEPRIMARY
TRD003375,146.84292,-0.39093546,GALAXY,SDSS_DR18_SPECTROSCOPY,ZWARNING_0_SCIENCEPRIMARY
TRD003376,146.86816,-0.48679252,GALAXY,SDSS_DR18_SPECTROSCOPY,ZWARNING_0_SCIENCEPRIMARY
TRD003377,146.86432,-0.46407191,GALAXY,SDSS_DR18_SPECTROSCOPY,ZWARNING_0_SCIENCEPRIMARY
TRD003378,146.89158,-0.51266153,GALAXY,SDSS_DR18_SPECTROSCOPY,ZWARNING_0_SCIENCEPRIMARY
TRD003379,146.8833,-0.49469887,GALAXY,SDSS_DR18_SPECTROSCOPY,ZWARNING_0_SCIENCEPRIMARY
TRD003380,146.85967,-0.098938627,GALAXY,SDSS_DR18_SPECTROSCOPY,ZWARNING_0_SCIENCEPRIMARY
TRD003381,146.85676,-0.27404021,GALAXY,SDSS_DR18_SPECTROSCOPY,ZWARNING_0_SCIENCEPRIMARY
TRD003382,146.76078,0.015978141,GALAXY,SDSS_DR18_SPECTROSCOPY,ZWARNING_0_SCIENCEPRIMARY
TRD003383,146.90232,-0.31366176,GALAXY,SDSS_DR18_SPECTROSCOPY,ZWARNING_0_SCIENCEPRIMARY
TRD003384,146.77711,-0.24198689,GALAXY,SDSS_DR18_SPECTROSCOPY,ZWARNING_0_SCIENCEPRIMARY
TRD003385,146.89733,-0.18636779,GALAXY,SDSS_DR18_SPECTROSCOPY,ZWARNING_0_SCIENCEPRIMARY
TRD003386,146.80914,0.026384187,GALAXY,SDSS_DR18_SPECTROSCOPY,ZWARNING_0_SCIENCEPRIMARY
TRD003387,146.75599,-0.16821182,GALAXY,SDSS_DR18_SPECTROSCOPY,ZWARNING_0_SCIENCEPRIMARY
TRD003388,146.81199,-0.19004646,GALAXY,SDSS_DR18_SPECTROSCOPY,ZWARNING_0_SCIENCEPRIMARY
TRD003389,146.11835,-0.8681462,GALAXY,SDSS_DR18_SPECTROSCOPY,ZWARNING_0_SCIENCEPRIMARY
TRD003390,146.09369,-0.79308773,GALAXY,SDSS_DR18_SPECTROSCOPY,ZWARNING_0_SCIENCEPRIMARY
TRD003391,146.09344,-1.0081668,GALAXY,SDSS_DR18_SPECTROSCOPY,ZWARNING_0_SCIENCEPRIMARY
TRD003392,146.23657,-1.1192325,GALAXY,SDSS_DR18_SPECTROSCOPY,ZWARNING_0_SCIENCEPRIMARY
TRD003393,146.12796,-1.1897714,GALAXY,SDSS_DR18_SPECTROSCOPY,ZWARNING_0_SCIENCEPRIMARY
TRD003394,146.23485,-1.1527694,GALAXY,SDSS_DR18_SPECTROSCOPY,ZWARNING_0_SCIENCEPRIMARY
TRD003395,146.07916,-1.1580268,GALAXY,SDSS_DR18_SPECTROSCOPY,ZWARNING_0_SCIENCEPRIMARY
TRD003396,146.14358,-0.74164105,GALAXY,SDSS_DR18_SPECTROSCOPY,ZWARNING_0_SCIENCEPRIMARY
TRD003397,146.01189,-0.97522919,GALAXY,SDSS_DR18_SPECTROSCOPY,ZWARNING_0_SCIENCEPRIMARY
TRD003398,146.24259,-0.76261796,GALAXY,SDSS_DR18_SPECTROSCOPY,ZWARNING_0_SCIENCEPRIMARY
TRD003399,146.07944,-0.68096046,GALAXY,SDSS_DR18_SPECTROSCOPY,ZWARNING_0_SCIENCEPRIMARY
TRD003400,146.26033,-0.94079185,GALAXY,SDSS_DR18_SPECTROSCOPY,ZWARNING_0_SCIENCEPRIMARY
TRD003401,146.13557,-0.68219057,GALAXY,SDSS_DR18_SPECTROSCOPY,ZWARNING_0_SCIENCEPRIMARY
TRD003402,146.19262,-0.68840099,GALAXY,SDSS_DR18_SPECTROSCOPY,ZWARNING_0_SCIENCEPRIMARY
TRD003403,146.57562,-0.29127367,GALAXY,SDSS_DR18_SPECTROSCOPY,ZWARNING_0_SCIENCEPRIMARY
TRD003404,146.59449,-0.13317431,GALAXY,SDSS_DR18_SPECTROSCOPY,ZWARNING_0_SCIENCEPRIMARY
TRD003405,146.74174,-0.52469154,GALAXY,SDSS_DR18_SPECTROSCOPY,ZWARNING_0_SCIENCEPRIMARY
TRD003406,146.61904,-0.43432227,GALAXY,SDSS_DR18_SPECTROSCOPY,ZWARNING_0_SCIENCEPRIMARY
TRD003407,146.62966,-0.46568888,GALAXY,SDSS_DR18_SPECTROSCOPY,ZWARNING_0_SCIENCEPRIMARY
TRD003408,146.49052,-0.36931044,GALAXY,SDSS_DR18_SPECTROSCOPY,ZWARNING_0_SCIENCEPRIMARY
TRD003409,146.7517,-0.40839151,GALAXY,SDSS_DR18_SPECTROSCOPY,ZWARNING_0_SCIENCEPRIMARY
TRD003410,146.69572,-0.28693372,GALAXY,SDSS_DR18_SPECTROSCOPY,ZWARNING_0_SCIENCEPRIMARY
TRD003411,146.64357,-0.33134525,GALAXY,SDSS_DR18_SPECTROSCOPY,ZWARNING_0_SCIENCEPRIMARY
TRD003412,146.60365,-0.19149282,GALAXY,SDSS_DR18_SPECTROSCOPY,ZWARNING_0_SCIENCEPRIMARY
TRD003413,146.63068,0.070984066,GALAXY,SDSS_DR18_SPECTROSCOPY,ZWARNING_0_SCIENCEPRIMARY
TRD003414,146.60806,0.047679187,GALAXY,SDSS_DR18_SPECTROSCOPY,ZWARNING_0_SCIENCEPRIMARY
TRD003415,146.60631,-0.21322083,GALAXY,SDSS_DR18_SPECTROSCOPY,ZWARNING_0_SCIENCEPRIMARY
TRD003416,146.72901,0.026971893,GALAXY,SDSS_DR18_SPECTROSCOPY,ZWARNING_0_SCIENCEPRIMARY
TRD003417,146.74794,-0.2682818,GALAXY,SDSS_DR18_SPECTROSCOPY,ZWARNING_0_SCIENCEPRIMARY
TRD003418,146.63489,-0.19229113,GALAXY,SDSS_DR18_SPECTROSCOPY,ZWARNING_0_SCIENCEPRIMARY
TRD003419,146.73712,-0.2521827,GALAXY,SDSS_DR18_SPECTROSCOPY,ZWARNING_0_SCIENCEPRIMARY
TRD003420,146.66136,-0.1033698,GALAXY,SDSS_DR18_SPECTROSCOPY,ZWARNING_0_SCIENCEPRIMARY
TRD003421,145.96877,-1.0577835,GALAXY,SDSS_DR18_SPECTROSCOPY,ZWARNING_0_SCIENCEPRIMARY
TRD003422,145.84664,-1.1867962,GALAXY,SDSS_DR18_SPECTROSCOPY,ZWARNING_0_SCIENCEPRIMARY
TRD003423,145.80475,-1.184054,GALAXY,SDSS_DR18_SPECTROSCOPY,ZWARNING_0_SCIENCEPRIMARY
TRD003424,145.89059,-1.0976161,GALAXY,SDSS_DR18_SPECTROSCOPY,ZWARNING_0_SCIENCEPRIMARY
TRD003425,145.81811,-0.87895114,GALAXY,SDSS_DR18_SPECTROSCOPY,ZWARNING_0_SCIENCEPRIMARY
TRD003426,145.93788,-0.73396501,GALAXY,SDSS_DR18_SPECTROSCOPY,ZWARNING_0_SCIENCEPRIMARY
TRD003427,145.89232,-1.0226363,GALAXY,SDSS_DR18_SPECTROSCOPY,ZWARNING_0_SCIENCEPRIMARY
TRD003428,145.91067,-0.66994126,GALAXY,SDSS_DR18_SPECTROSCOPY,ZWARNING_0_SCIENCEPRIMARY
TRD003429,145.85318,-0.99705018,GALAXY,SDSS_DR18_SPECTROSCOPY,ZWARNING_0_SCIENCEPRIMARY
TRD003430,145.80638,-0.54706451,GALAXY,SDSS_DR18_SPECTROSCOPY,ZWARNING_0_SCIENCEPRIMARY
TRD003431,145.82165,-0.84656746,GALAXY,SDSS_DR18_SPECTROSCOPY,ZWARNING_0_SCIENCEPRIMARY
TRD003432,145.87447,-0.60874859,GALAXY,SDSS_DR18_SPECTROSCOPY,ZWARNING_0_SCIENCEPRIMARY
TRD003433,145.98911,-0.61503643,GALAXY,SDSS_DR18_SPECTROSCOPY,ZWARNING_0_SCIENCEPRIMARY
TRD003434,146.37378,-0.36838682,GALAXY,SDSS_DR18_SPECTROSCOPY,ZWARNING_0_SCIENCEPRIMARY
TRD003435,146.38135,-0.38646442,GALAXY,SDSS_DR18_SPECTROSCOPY,ZWARNING_0_SCIENCEPRIMARY
TRD003436,146.46892,-0.092843508,GALAXY,SDSS_DR18_SPECTROSCOPY,ZWARNING_0_SCIENCEPRIMARY
TRD003437,146.35579,-0.14338836,GALAXY,SDSS_DR18_SPECTROSCOPY,ZWARNING_0_SCIENCEPRIMARY
TRD003438,146.47181,-0.32044988,GALAXY,SDSS_DR18_SPECTROSCOPY,ZWARNING_0_SCIENCEPRIMARY
TRD003439,146.35204,-0.33269118,GALAXY,SDSS_DR18_SPECTROSCOPY,ZWARNING_0_SCIENCEPRIMARY
TRD003440,146.29988,-0.12001413,GALAXY,SDSS_DR18_SPECTROSCOPY,ZWARNING_0_SCIENCEPRIMARY
TRD003441,146.43376,-0.10567172,GALAXY,SDSS_DR18_SPECTROSCOPY,ZWARNING_0_SCIENCEPRIMARY
TRD003442,146.36539,-0.34351527,GALAXY,SDSS_DR18_SPECTROSCOPY,ZWARNING_0_SCIENCEPRIMARY
TRD003443,146.477,0.07743098,GALAXY,SDSS_DR18_SPECTROSCOPY,ZWARNING_0_SCIENCEPRIMARY
TRD003444,146.39902,-0.35038267,GALAXY,SDSS_DR18_SPECTROSCOPY,ZWARNING_0_SCIENCEPRIMARY
TRD003445,146.32316,-0.029989881,GALAXY,SDSS_DR18_SPECTROSCOPY,ZWARNING_0_SCIENCEPRIMARY
TRD003446,146.36979,0.082264176,GALAXY,SDSS_DR18_SPECTROSCOPY,ZWARNING_0_SCIENCEPRIMARY
TRD003447,146.30086,0.035479627,GALAXY,SDSS_DR18_SPECTROSCOPY,ZWARNING_0_SCIENCEPRIMARY
TRD003448,146.32958,-0.30622363,GALAXY,SDSS_DR18_SPECTROSCOPY,ZWARNING_0_SCIENCEPRIMARY
TRD003449,146.39968,0.032246051,GALAXY,SDSS_DR18_SPECTROSCOPY,ZWARNING_0_SCIENCEPRIMARY
TRD003450,146.34706,0.075416437,GALAXY,SDSS_DR18_SPECTROSCOPY,ZWARNING_0_SCIENCEPRIMARY
TRD003451,146.05733,-0.097030167,GALAXY,SDSS_DR18_SPECTROSCOPY,ZWARNING_0_SCIENCEPRIMARY
TRD003452,146.23462,-0.40626115,GALAXY,SDSS_DR18_SPECTROSCOPY,ZWARNING_0_SCIENCEPRIMARY
TRD003453,146.10554,-0.28541597,GALAXY,SDSS_DR18_SPECTROSCOPY,ZWARNING_0_SCIENCEPRIMARY
TRD003454,146.19333,-0.038867315,GALAXY,SDSS_DR18_SPECTROSCOPY,ZWARNING_0_SCIENCEPRIMARY
TRD003455,146.2278,0.043565824,GALAXY,SDSS_DR18_SPECTROSCOPY,ZWARNING_0_SCIENCEPRIMARY
TRD003456,146.22225,-0.3758881,GALAXY,SDSS_DR18_SPECTROSCOPY,ZWARNING_0_SCIENCEPRIMARY
TRD003457,146.28017,-0.40694922,GALAXY,SDSS_DR18_SPECTROSCOPY,ZWARNING_0_SCIENCEPRIMARY
TRD003458,146.19248,-0.50827897,GALAXY,SDSS_DR18_SPECTROSCOPY,ZWARNING_0_SCIENCEPRIMARY
TRD003459,146.16234,-0.022424349,GALAXY,SDSS_DR18_SPECTROSCOPY,ZWARNING_0_SCIENCEPRIMARY
TRD003460,146.28301,0.064056069,GALAXY,SDSS_DR18_SPECTROSCOPY,ZWARNING_0_SCIENCEPRIMARY
TRD003461,146.23184,0.068229156,GALAXY,SDSS_DR18_SPECTROSCOPY,ZWARNING_0_SCIENCEPRIMARY
TRD003462,146.02339,0.021997188,GALAXY,SDSS_DR18_SPECTROSCOPY,ZWARNING_0_SCIENCEPRIMARY
TRD003463,145.97523,0.10664574,GALAXY,SDSS_DR18_SPECTROSCOPY,ZWARNING_0_SCIENCEPRIMARY
TRD003464,146.16563,-0.064166288,GALAXY,SDSS_DR18_SPECTROSCOPY,ZWARNING_0_SCIENCEPRIMARY
TRD003465,146.06648,-0.00089458762,GALAXY,SDSS_DR18_SPECTROSCOPY,ZWARNING_0_SCIENCEPRIMARY
TRD003466,145.98758,-0.34255457,GALAXY,SDSS_DR18_SPECTROSCOPY,ZWARNING_0_SCIENCEPRIMARY
TRD003467,145.99396,-0.13584762,GALAXY,SDSS_DR18_SPECTROSCOPY,ZWARNING_0_SCIENCEPRIMARY
TRD003468,145.90594,-0.36835753,GALAXY,SDSS_DR18_SPECTROSCOPY,ZWARNING_0_SCIENCEPRIMARY
TRD003469,145.93037,-0.060302718,GALAXY,SDSS_DR18_SPECTROSCOPY,ZWARNING_0_SCIENCEPRIMARY
TRD003470,145.82519,0.043159343,GALAXY,SDSS_DR18_SPECTROSCOPY,ZWARNING_0_SCIENCEPRIMARY
TRD003471,145.8765,-0.010999021,GALAXY,SDSS_DR18_SPECTROSCOPY,ZWARNING_0_SCIENCEPRIMARY
TRD003472,145.89112,-0.46704537,GALAXY,SDSS_DR18_SPECTROSCOPY,ZWARNING_0_SCIENCEPRIMARY
TRD003473,145.89245,-0.33629819,GALAXY,SDSS_DR18_SPECTROSCOPY,ZWARNING_0_SCIENCEPRIMARY
TRD003474,145.8774,-0.050187511,GALAXY,SDSS_DR18_SPECTROSCOPY,ZWARNING_0_SCIENCEPRIMARY
TRD003475,145.95019,0.072020428,GALAXY,SDSS_DR18_SPECTROSCOPY,ZWARNING_0_SCIENCEPRIMARY
TRD003476,145.86533,0.089624319,GALAXY,SDSS_DR18_SPECTROSCOPY,ZWARNING_0_SCIENCEPRIMARY
TRD003477,145.83689,0.0028933788,GALAXY,SDSS_DR18_SPECTROSCOPY,ZWARNING_0_SCIENCEPRIMARY
TRD003478,145.81742,-0.094309636,GALAXY,SDSS_DR18_SPECTROSCOPY,ZWARNING_0_SCIENCEPRIMARY
TRD003479,145.84425,0.030685407,GALAXY,SDSS_DR18_SPECTROSCOPY,ZWARNING_0_SCIENCEPRIMARY
TRD003480,145.86564,0.05618939,GALAXY,SDSS_DR18_SPECTROSCOPY,ZWARNING_0_SCIENCEPRIMARY
TRD003481,145.84849,0.051299053,GALAXY,SDSS_DR18_SPECTROSCOPY,ZWARNING_0_SCIENCEPRIMARY
TRD003482,145.82273,-0.16028957,GALAXY,SDSS_DR18_SPECTROSCOPY,ZWARNING_0_SCIENCEPRIMARY
TRD003483,145.8013,-1.0741946,GALAXY,SDSS_DR18_SPECTROSCOPY,ZWARNING_0_SCIENCEPRIMARY
TRD003484,145.68613,-1.2440377,GALAXY,SDSS_DR18_SPECTROSCOPY,ZWARNING_0_SCIENCEPRIMARY
TRD003485,145.63394,-1.0506031,GALAXY,SDSS_DR18_SPECTROSCOPY,ZWARNING_0_SCIENCEPRIMARY
TRD003486,145.67849,-0.79140064,GALAXY,SDSS_DR18_SPECTROSCOPY,ZWARNING_0_SCIENCEPRIMARY
TRD003487,145.76792,-1.074726,GALAXY,SDSS_DR18_SPECTROSCOPY,ZWARNING_0_SCIENCEPRIMARY
TRD003488,145.61886,-0.97268613,GALAXY,SDSS_DR18_SPECTROSCOPY,ZWARNING_0_SCIENCEPRIMARY
TRD003489,145.68114,-0.86722346,GALAXY,SDSS_DR18_SPECTROSCOPY,ZWARNING_0_SCIENCEPRIMARY
TRD003490,145.59655,-1.2053233,GALAXY,SDSS_DR18_SPECTROSCOPY,ZWARNING_0_SCIENCEPRIMARY
TRD003491,145.61421,-0.86576193,GALAXY,SDSS_DR18_SPECTROSCOPY,ZWARNING_0_SCIENCEPRIMARY
TRD003492,145.75413,-0.75339419,GALAXY,SDSS_DR18_SPECTROSCOPY,ZWARNING_0_SCIENCEPRIMARY
TRD003493,145.5822,-0.89274307,GALAXY,SDSS_DR18_SPECTROSCOPY,ZWARNING_0_SCIENCEPRIMARY
TRD003494,145.64525,-0.81551887,GALAXY,SDSS_DR18_SPECTROSCOPY,ZWARNING_0_SCIENCEPRIMARY
TRD003495,145.64788,-0.77176336,GALAXY,SDSS_DR18_SPECTROSCOPY,ZWARNING_0_SCIENCEPRIMARY
TRD003496,145.75973,-0.81389214,GALAXY,SDSS_DR18_SPECTROSCOPY,ZWARNING_0_SCIENCEPRIMARY
TRD003497,145.70894,-0.74767797,GALAXY,SDSS_DR18_SPECTROSCOPY,ZWARNING_0_SCIENCEPRIMARY
TRD003498,145.78109,-0.60534054,GALAXY,SDSS_DR18_SPECTROSCOPY,ZWARNING_0_SCIENCEPRIMARY
TRD003499,145.70728,-0.67774657,GALAXY,SDSS_DR18_SPECTROSCOPY,ZWARNING_0_SCIENCEPRIMARY
TRD003500,145.74475,-0.076351718,GALAXY,SDSS_DR18_SPECTROSCOPY,ZWARNING_0_SCIENCEPRIMARY
TRD003501,145.6012,-0.001388682,GALAXY,SDSS_DR18_SPECTROSCOPY,ZWARNING_0_SCIENCEPRIMARY
TRD003502,145.73722,-0.061008544,GALAXY,SDSS_DR18_SPECTROSCOPY,ZWARNING_0_SCIENCEPRIMARY
TRD003503,145.66949,0.11167288,GALAXY,SDSS_DR18_SPECTROSCOPY,ZWARNING_0_SCIENCEPRIMARY
TRD003504,145.71827,0.069322999,GALAXY,SDSS_DR18_SPECTROSCOPY,ZWARNING_0_SCIENCEPRIMARY
TRD003505,145.68939,-0.011335705,GALAXY,SDSS_DR18_SPECTROSCOPY,ZWARNING_0_SCIENCEPRIMARY
TRD003506,145.70269,-0.048527481,GALAXY,SDSS_DR18_SPECTROSCOPY,ZWARNING_0_SCIENCEPRIMARY
TRD003507,145.59828,-0.20219947,GALAXY,SDSS_DR18_SPECTROSCOPY,ZWARNING_0_SCIENCEPRIMARY
TRD003508,145.64341,-0.3001479,GALAXY,SDSS_DR18_SPECTROSCOPY,ZWARNING_0_SCIENCEPRIMARY
TRD003509,145.63696,-0.45449248,GALAXY,SDSS_DR18_SPECTROSCOPY,ZWARNING_0_SCIENCEPRIMARY
TRD003510,145.72206,-0.52713707,GALAXY,SDSS_DR18_SPECTROSCOPY,ZWARNING_0_SCIENCEPRIMARY
TRD003511,145.77842,-0.13455067,GALAXY,SDSS_DR18_SPECTROSCOPY,ZWARNING_0_SCIENCEPRIMARY
TRD003512,145.80121,-0.21112851,GALAXY,SDSS_DR18_SPECTROSCOPY,ZWARNING_0_SCIENCEPRIMARY
TRD003513,145.66918,-0.42102498,GALAXY,SDSS_DR18_SPECTROSCOPY,ZWARNING_0_SCIENCEPRIMARY
TRD003514,145.3983,-0.67092618,GALAXY,SDSS_DR18_SPECTROSCOPY,ZWARNING_0_SCIENCEPRIMARY
TRD003515,145.37814,-0.67431767,GALAXY,SDSS_DR18_SPECTROSCOPY,ZWARNING_0_SCIENCEPRIMARY
TRD003516,145.48725,-0.80693196,GALAXY,SDSS_DR18_SPECTROSCOPY,ZWARNING_0_SCIENCEPRIMARY
TRD003517,145.50248,-0.9666317,GALAXY,SDSS_DR18_SPECTROSCOPY,ZWARNING_0_SCIENCEPRIMARY
TRD003518,145.38815,-0.69227045,GALAXY,SDSS_DR18_SPECTROSCOPY,ZWARNING_0_SCIENCEPRIMARY
TRD003519,145.46323,-0.84422273,GALAXY,SDSS_DR18_SPECTROSCOPY,ZWARNING_0_SCIENCEPRIMARY
TRD003520,145.37115,-1.0810148,GALAXY,SDSS_DR18_SPECTROSCOPY,ZWARNING_0_SCIENCEPRIMARY
TRD003521,145.44408,-1.1954565,GALAXY,SDSS_DR18_SPECTROSCOPY,ZWARNING_0_SCIENCEPRIMARY
TRD003522,145.37411,-1.24932,GALAXY,SDSS_DR18_SPECTROSCOPY,ZWARNING_0_SCIENCEPRIMARY
TRD003523,145.53585,-1.0782817,GALAXY,SDSS_DR18_SPECTROSCOPY,ZWARNING_0_SCIENCEPRIMARY
TRD003524,145.39427,-0.55765535,GALAXY,SDSS_DR18_SPECTROSCOPY,ZWARNING_0_SCIENCEPRIMARY
TRD003525,145.52621,-0.74745062,GALAXY,SDSS_DR18_SPECTROSCOPY,ZWARNING_0_SCIENCEPRIMARY
TRD003526,145.55749,-0.69320463,GALAXY,SDSS_DR18_SPECTROSCOPY,ZWARNING_0_SCIENCEPRIMARY
TRD003527,145.47929,-1.0534252,GALAXY,SDSS_DR18_SPECTROSCOPY,ZWARNING_0_SCIENCEPRIMARY
TRD003528,145.49628,-0.73679163,GALAXY,SDSS_DR18_SPECTROSCOPY,ZWARNING_0_SCIENCEPRIMARY
TRD003529,145.47822,-0.59981627,GALAXY,SDSS_DR18_SPECTROSCOPY,ZWARNING_0_SCIENCEPRIMARY
TRD003530,145.41306,0.10646309,GALAXY,SDSS_DR18_SPECTROSCOPY,ZWARNING_0_SCIENCEPRIMARY
TRD003531,145.44666,0.077354713,GALAXY,SDSS_DR18_SPECTROSCOPY,ZWARNING_0_SCIENCEPRIMARY
TRD003532,145.55032,0.0094953996,GALAXY,SDSS_DR18_SPECTROSCOPY,ZWARNING_0_SCIENCEPRIMARY
TRD003533,145.36478,-0.34279396,GALAXY,SDSS_DR18_SPECTROSCOPY,ZWARNING_0_SCIENCEPRIMARY
TRD003534,145.39106,-0.41559587,GALAXY,SDSS_DR18_SPECTROSCOPY,ZWARNING_0_SCIENCEPRIMARY
TRD003535,145.42694,0.049536734,GALAXY,SDSS_DR18_SPECTROSCOPY,ZWARNING_0_SCIENCEPRIMARY
TRD003536,145.36789,-0.46545391,GALAXY,SDSS_DR18_SPECTROSCOPY,ZWARNING_0_SCIENCEPRIMARY
TRD003537,145.40681,-0.31439655,GALAXY,SDSS_DR18_SPECTROSCOPY,ZWARNING_0_SCIENCEPRIMARY
TRD003538,145.49979,-0.430594,GALAXY,SDSS_DR18_SPECTROSCOPY,ZWARNING_0_SCIENCEPRIMARY
TRD003539,145.44549,-0.12267788,GALAXY,SDSS_DR18_SPECTROSCOPY,ZWARNING_0_SCIENCEPRIMARY
TRD003540,145.39609,-0.091230941,GALAXY,SDSS_DR18_SPECTROSCOPY,ZWARNING_0_SCIENCEPRIMARY
TRD003541,145.53049,-0.29051266,GALAXY,SDSS_DR18_SPECTROSCOPY,ZWARNING_0_SCIENCEPRIMARY
TRD003542,145.51629,-0.51919387,GALAXY,SDSS_DR18_SPECTROSCOPY,ZWARNING_0_SCIENCEPRIMARY
TRD003543,145.46451,0.10700143,GALAXY,SDSS_DR18_SPECTROSCOPY,ZWARNING_0_SCIENCEPRIMARY
TRD003544,145.45408,0.039078341,GALAXY,SDSS_DR18_SPECTROSCOPY,ZWARNING_0_SCIENCEPRIMARY
TRD003545,145.51958,-0.2775546,GALAXY,SDSS_DR18_SPECTROSCOPY,ZWARNING_0_SCIENCEPRIMARY
TRD003546,145.34744,0.05434486,GALAXY,SDSS_DR18_SPECTROSCOPY,ZWARNING_0_SCIENCEPRIMARY
TRD003547,145.34998,-1.2538597,GALAXY,SDSS_DR18_SPECTROSCOPY,ZWARNING_0_SCIENCEPRIMARY
TRD003548,145.20738,-0.8630533,GALAXY,SDSS_DR18_SPECTROSCOPY,ZWARNING_0_SCIENCEPRIMARY
TRD003549,145.27784,-0.73313608,GALAXY,SDSS_DR18_SPECTROSCOPY,ZWARNING_0_SCIENCEPRIMARY
TRD003550,145.35048,-1.0805558,GALAXY,SDSS_DR18_SPECTROSCOPY,ZWARNING_0_SCIENCEPRIMARY
TRD003551,145.29601,-0.94320703,GALAXY,SDSS_DR18_SPECTROSCOPY,ZWARNING_0_SCIENCEPRIMARY
TRD003552,145.25691,-1.1018864,GALAXY,SDSS_DR18_SPECTROSCOPY,ZWARNING_0_SCIENCEPRIMARY
TRD003553,145.29141,-0.86035856,GALAXY,SDSS_DR18_SPECTROSCOPY,ZWARNING_0_SCIENCEPRIMARY
TRD003554,145.35144,-1.2385576,GALAXY,SDSS_DR18_SPECTROSCOPY,ZWARNING_0_SCIENCEPRIMARY
TRD003555,145.1963,-0.87997986,GALAXY,SDSS_DR18_SPECTROSCOPY,ZWARNING_0_SCIENCEPRIMARY
TRD003556,145.36211,-0.71402013,GALAXY,SDSS_DR18_SPECTROSCOPY,ZWARNING_0_SCIENCEPRIMARY
TRD003557,145.3416,-0.5772753,GALAXY,SDSS_DR18_SPECTROSCOPY,ZWARNING_0_SCIENCEPRIMARY
TRD003558,145.34203,-0.90634094,GALAXY,SDSS_DR18_SPECTROSCOPY,ZWARNING_0_SCIENCEPRIMARY
TRD003559,145.16039,-0.6554685,GALAXY,SDSS_DR18_SPECTROSCOPY,ZWARNING_0_SCIENCEPRIMARY
TRD003560,145.22485,-0.54802267,GALAXY,SDSS_DR18_SPECTROSCOPY,ZWARNING_0_SCIENCEPRIMARY
TRD003561,145.2669,-0.95732134,GALAXY,SDSS_DR18_SPECTROSCOPY,ZWARNING_0_SCIENCEPRIMARY
TRD003562,145.3206,-0.25286139,GALAXY,SDSS_DR18_SPECTROSCOPY,ZWARNING_0_SCIENCEPRIMARY
TRD003563,145.28961,-0.14730667,GALAXY,SDSS_DR18_SPECTROSCOPY,ZWARNING_0_SCIENCEPRIMARY
TRD003564,145.34432,-0.016916477,GALAXY,SDSS_DR18_SPECTROSCOPY,ZWARNING_0_SCIENCEPRIMARY
TRD003565,145.17299,-0.0056539813,GALAXY,SDSS_DR18_SPECTROSCOPY,ZWARNING_0_SCIENCEPRIMARY
TRD003566,145.34424,-0.36850145,GALAXY,SDSS_DR18_SPECTROSCOPY,ZWARNING_0_SCIENCEPRIMARY
TRD003567,145.32998,0.043081214,GALAXY,SDSS_DR18_SPECTROSCOPY,ZWARNING_0_SCIENCEPRIMARY
TRD003568,145.20774,-0.32210594,GALAXY,SDSS_DR18_SPECTROSCOPY,ZWARNING_0_SCIENCEPRIMARY
TRD003569,145.34053,0.019135029,GALAXY,SDSS_DR18_SPECTROSCOPY,ZWARNING_0_SCIENCEPRIMARY
TRD003570,145.25355,-0.10723425,GALAXY,SDSS_DR18_SPECTROSCOPY,ZWARNING_0_SCIENCEPRIMARY
TRD003571,145.23331,-0.43567204,GALAXY,SDSS_DR18_SPECTROSCOPY,ZWARNING_0_SCIENCEPRIMARY
TRD003572,145.21905,-0.18615382,GALAXY,SDSS_DR18_SPECTROSCOPY,ZWARNING_0_SCIENCEPRIMARY
TRD003573,145.31208,-0.40076564,GALAXY,SDSS_DR18_SPECTROSCOPY,ZWARNING_0_SCIENCEPRIMARY
TRD003574,145.33123,-0.54206811,GALAXY,SDSS_DR18_SPECTROSCOPY,ZWARNING_0_SCIENCEPRIMARY
TRD003575,145.2754,-0.47347782,GALAXY,SDSS_DR18_SPECTROSCOPY,ZWARNING_0_SCIENCEPRIMARY
TRD003576,145.16739,-0.4823431,GALAXY,SDSS_DR18_SPECTROSCOPY,ZWARNING_0_SCIENCEPRIMARY
TRD003577,145.33158,-0.35072129,GALAXY,SDSS_DR18_SPECTROSCOPY,ZWARNING_0_SCIENCEPRIMARY
TRD003578,145.54119,0.79539687,GALAXY,SDSS_DR18_SPECTROSCOPY,ZWARNING_0_SCIENCEPRIMARY
TRD003579,145.19872,0.93266524,GALAXY,SDSS_DR18_SPECTROSCOPY,ZWARNING_0_SCIENCEPRIMARY
TRD003580,145.39045,0.9578064,GALAXY,SDSS_DR18_SPECTROSCOPY,ZWARNING_0_SCIENCEPRIMARY
TRD003581,145.51643,1.0443355,GALAXY,SDSS_DR18_SPECTROSCOPY,ZWARNING_0_SCIENCEPRIMARY
TRD003582,145.35216,1.113849,GALAXY,SDSS_DR18_SPECTROSCOPY,ZWARNING_0_SCIENCEPRIMARY
TRD003583,145.40988,1.0265349,GALAXY,SDSS_DR18_SPECTROSCOPY,ZWARNING_0_SCIENCEPRIMARY
TRD003584,145.22993,0.76255666,GALAXY,SDSS_DR18_SPECTROSCOPY,ZWARNING_0_SCIENCEPRIMARY
TRD003585,145.44311,0.82657169,GALAXY,SDSS_DR18_SPECTROSCOPY,ZWARNING_0_SCIENCEPRIMARY
TRD003586,145.34769,1.0774531,GALAXY,SDSS_DR18_SPECTROSCOPY,ZWARNING_0_SCIENCEPRIMARY
TRD003587,145.20053,0.87098003,GALAXY,SDSS_DR18_SPECTROSCOPY,ZWARNING_0_SCIENCEPRIMARY
TRD003588,145.26325,0.99193054,GALAXY,SDSS_DR18_SPECTROSCOPY,ZWARNING_0_SCIENCEPRIMARY
TRD003589,145.32091,0.77109766,GALAXY,SDSS_DR18_SPECTROSCOPY,ZWARNING_0_SCIENCEPRIMARY
TRD003590,145.29603,0.80159953,GALAXY,SDSS_DR18_SPECTROSCOPY,ZWARNING_0_SCIENCEPRIMARY
TRD003591,145.34123,0.54730699,GALAXY,SDSS_DR18_SPECTROSCOPY,ZWARNING_0_SCIENCEPRIMARY
TRD003592,145.39406,0.35570036,GALAXY,SDSS_DR18_SPECTROSCOPY,ZWARNING_0_SCIENCEPRIMARY
TRD003593,145.30472,0.56238456,GALAXY,SDSS_DR18_SPECTROSCOPY,ZWARNING_0_SCIENCEPRIMARY
TRD003594,145.31181,0.50329966,GALAXY,SDSS_DR18_SPECTROSCOPY,ZWARNING_0_SCIENCEPRIMARY
TRD003595,145.32998,0.1754678,GALAXY,SDSS_DR18_SPECTROSCOPY,ZWARNING_0_SCIENCEPRIMARY
TRD003596,145.22038,0.41085475,GALAXY,SDSS_DR18_SPECTROSCOPY,ZWARNING_0_SCIENCEPRIMARY
TRD003597,145.29315,0.30617839,GALAXY,SDSS_DR18_SPECTROSCOPY,ZWARNING_0_SCIENCEPRIMARY
TRD003598,145.19382,0.16887025,GALAXY,SDSS_DR18_SPECTROSCOPY,ZWARNING_0_SCIENCEPRIMARY
TRD003599,145.25193,0.12645211,GALAXY,SDSS_DR18_SPECTROSCOPY,ZWARNING_0_SCIENCEPRIMARY
TRD003600,145.33843,0.27131682,GALAXY,SDSS_DR18_SPECTROSCOPY,ZWARNING_0_SCIENCEPRIMARY
TRD003601,145.2499,0.26180076,GALAXY,SDSS_DR18_SPECTROSCOPY,ZWARNING_0_SCIENCEPRIMARY
TRD003602,145.28856,0.34651307,GALAXY,SDSS_DR18_SPECTROSCOPY,ZWARNING_0_SCIENCEPRIMARY
TRD003603,145.21869,0.14700021,GALAXY,SDSS_DR18_SPECTROSCOPY,ZWARNING_0_SCIENCEPRIMARY
TRD003604,145.60223,1.1496867,GALAXY,SDSS_DR18_SPECTROSCOPY,ZWARNING_0_SCIENCEPRIMARY
TRD003605,145.86812,0.82938446,GALAXY,SDSS_DR18_SPECTROSCOPY,ZWARNING_0_SCIENCEPRIMARY
TRD003606,145.80749,0.94992811,GALAXY,SDSS_DR18_SPECTROSCOPY,ZWARNING_0_SCIENCEPRIMARY
TRD003607,145.86626,1.1416569,GALAXY,SDSS_DR18_SPECTROSCOPY,ZWARNING_0_SCIENCEPRIMARY
TRD003608,145.85052,1.203525,GALAXY,SDSS_DR18_SPECTROSCOPY,ZWARNING_0_SCIENCEPRIMARY
TRD003609,145.5446,0.93933415,GALAXY,SDSS_DR18_SPECTROSCOPY,ZWARNING_0_SCIENCEPRIMARY
TRD003610,145.61284,0.97233302,GALAXY,SDSS_DR18_SPECTROSCOPY,ZWARNING_0_SCIENCEPRIMARY
TRD003611,145.59891,0.84379434,GALAXY,SDSS_DR18_SPECTROSCOPY,ZWARNING_0_SCIENCEPRIMARY
TRD003612,145.84294,0.74785818,GALAXY,SDSS_DR18_SPECTROSCOPY,ZWARNING_0_SCIENCEPRIMARY
TRD003613,145.79341,1.1856538,GALAXY,SDSS_DR18_SPECTROSCOPY,ZWARNING_0_SCIENCEPRIMARY
TRD003614,145.64213,0.97197048,GALAXY,SDSS_DR18_SPECTROSCOPY,ZWARNING_0_SCIENCEPRIMARY
TRD003615,145.7134,1.167356,GALAXY,SDSS_DR18_SPECTROSCOPY,ZWARNING_0_SCIENCEPRIMARY
TRD003616,145.56952,0.75237106,GALAXY,SDSS_DR18_SPECTROSCOPY,ZWARNING_0_SCIENCEPRIMARY
TRD003617,145.59509,1.0056251,GALAXY,SDSS_DR18_SPECTROSCOPY,ZWARNING_0_SCIENCEPRIMARY
TRD003618,145.66358,0.97364599,GALAXY,SDSS_DR18_SPECTROSCOPY,ZWARNING_0_SCIENCEPRIMARY
TRD003619,145.49682,0.7331675,GALAXY,SDSS_DR18_SPECTROSCOPY,ZWARNING_0_SCIENCEPRIMARY
TRD003620,145.43387,0.56413952,GALAXY,SDSS_DR18_SPECTROSCOPY,ZWARNING_0_SCIENCEPRIMARY
TRD003621,145.59403,0.30938427,GALAXY,SDSS_DR18_SPECTROSCOPY,ZWARNING_0_SCIENCEPRIMARY
TRD003622,145.53343,0.72985508,GALAXY,SDSS_DR18_SPECTROSCOPY,ZWARNING_0_SCIENCEPRIMARY
TRD003623,145.63365,0.62077958,GALAXY,SDSS_DR18_SPECTROSCOPY,ZWARNING_0_SCIENCEPRIMARY
TRD003624,145.55448,0.22326714,GALAXY,SDSS_DR18_SPECTROSCOPY,ZWARNING_0_SCIENCEPRIMARY
TRD003625,145.51241,0.33917087,GALAXY,SDSS_DR18_SPECTROSCOPY,ZWARNING_0_SCIENCEPRIMARY
TRD003626,145.42138,0.53370588,GALAXY,SDSS_DR18_SPECTROSCOPY,ZWARNING_0_SCIENCEPRIMARY
TRD003627,145.49927,0.12144706,GALAXY,SDSS_DR18_SPECTROSCOPY,ZWARNING_0_SCIENCEPRIMARY
TRD003628,145.47131,0.15515025,GALAXY,SDSS_DR18_SPECTROSCOPY,ZWARNING_0_SCIENCEPRIMARY
TRD003629,145.57687,0.23361317,GALAXY,SDSS_DR18_SPECTROSCOPY,ZWARNING_0_SCIENCEPRIMARY
TRD003630,145.55632,0.23846866,GALAXY,SDSS_DR18_SPECTROSCOPY,ZWARNING_0_SCIENCEPRIMARY
TRD003631,145.55565,0.18343852,GALAXY,SDSS_DR18_SPECTROSCOPY,ZWARNING_0_SCIENCEPRIMARY
TRD003632,145.43888,0.14695969,GALAXY,SDSS_DR18_SPECTROSCOPY,ZWARNING_0_SCIENCEPRIMARY
TRD003633,145.88081,1.0470699,GALAXY,SDSS_DR18_SPECTROSCOPY,ZWARNING_0_SCIENCEPRIMARY
TRD003634,146.06725,1.1094246,GALAXY,SDSS_DR18_SPECTROSCOPY,ZWARNING_0_SCIENCEPRIMARY
TRD003635,145.99263,0.78807767,GALAXY,SDSS_DR18_SPECTROSCOPY,ZWARNING_0_SCIENCEPRIMARY
TRD003636,146.00114,1.2461454,GALAXY,SDSS_DR18_SPECTROSCOPY,ZWARNING_0_SCIENCEPRIMARY
TRD003637,145.9506,1.0651305,GALAXY,SDSS_DR18_SPECTROSCOPY,ZWARNING_0_SCIENCEPRIMARY
TRD003638,145.89128,1.1165244,GALAXY,SDSS_DR18_SPECTROSCOPY,ZWARNING_0_SCIENCEPRIMARY
TRD003639,145.9373,1.1418559,GALAXY,SDSS_DR18_SPECTROSCOPY,ZWARNING_0_SCIENCEPRIMARY
TRD003640,145.88615,1.1964676,GALAXY,SDSS_DR18_SPECTROSCOPY,ZWARNING_0_SCIENCEPRIMARY
TRD003641,146.01513,0.8235057,GALAXY,SDSS_DR18_SPECTROSCOPY,ZWARNING_0_SCIENCEPRIMARY
TRD003642,145.96966,0.83091776,GALAXY,SDSS_DR18_SPECTROSCOPY,ZWARNING_0_SCIENCEPRIMARY
TRD003643,146.01225,0.76563817,GALAXY,SDSS_DR18_SPECTROSCOPY,ZWARNING_0_SCIENCEPRIMARY
TRD003644,146.02566,1.0713275,GALAXY,SDSS_DR18_SPECTROSCOPY,ZWARNING_0_SCIENCEPRIMARY
TRD003645,146.04623,0.76611923,GALAXY,SDSS_DR18_SPECTROSCOPY,ZWARNING_0_SCIENCEPRIMARY
TRD003646,145.87525,0.91247639,GALAXY,SDSS_DR18_SPECTROSCOPY,ZWARNING_0_SCIENCEPRIMARY
TRD003647,146.08224,1.0348001,GALAXY,SDSS_DR18_SPECTROSCOPY,ZWARNING_0_SCIENCEPRIMARY
TRD003648,145.87188,0.87375974,GALAXY,SDSS_DR18_SPECTROSCOPY,ZWARNING_0_SCIENCEPRIMARY
TRD003649,145.89356,1.0284222,GALAXY,SDSS_DR18_SPECTROSCOPY,ZWARNING_0_SCIENCEPRIMARY
TRD003650,145.79884,0.6504951,GALAXY,SDSS_DR18_SPECTROSCOPY,ZWARNING_0_SCIENCEPRIMARY
TRD003651,145.8475,0.67573036,GALAXY,SDSS_DR18_SPECTROSCOPY,ZWARNING_0_SCIENCEPRIMARY
TRD003652,145.70654,0.45938881,GALAXY,SDSS_DR18_SPECTROSCOPY,ZWARNING_0_SCIENCEPRIMARY
TRD003653,145.6607,0.6338449,GALAXY,SDSS_DR18_SPECTROSCOPY,ZWARNING_0_SCIENCEPRIMARY
TRD003654,145.64564,0.50959376,GALAXY,SDSS_DR18_SPECTROSCOPY,ZWARNING_0_SCIENCEPRIMARY
TRD003655,145.73267,0.53403606,GALAXY,SDSS_DR18_SPECTROSCOPY,ZWARNING_0_SCIENCEPRIMARY
TRD003656,145.79259,0.52472729,GALAXY,SDSS_DR18_SPECTROSCOPY,ZWARNING_0_SCIENCEPRIMARY
TRD003657,145.81392,0.48850601,GALAXY,SDSS_DR18_SPECTROSCOPY,ZWARNING_0_SCIENCEPRIMARY
TRD003658,145.80019,0.41417226,GALAXY,SDSS_DR18_SPECTROSCOPY,ZWARNING_0_SCIENCEPRIMARY
TRD003659,145.6519,0.46908714,GALAXY,SDSS_DR18_SPECTROSCOPY,ZWARNING_0_SCIENCEPRIMARY
TRD003660,145.79648,0.56150148,GALAXY,SDSS_DR18_SPECTROSCOPY,ZWARNING_0_SCIENCEPRIMARY
TRD003661,145.72549,0.73065387,GALAXY,SDSS_DR18_SPECTROSCOPY,ZWARNING_0_SCIENCEPRIMARY
TRD003662,145.82657,0.37310286,GALAXY,SDSS_DR18_SPECTROSCOPY,ZWARNING_0_SCIENCEPRIMARY
TRD003663,145.72946,0.12689565,GALAXY,SDSS_DR18_SPECTROSCOPY,ZWARNING_0_SCIENCEPRIMARY
TRD003664,145.74324,0.46346691,GALAXY,SDSS_DR18_SPECTROSCOPY,ZWARNING_0_SCIENCEPRIMARY
TRD003665,145.77515,0.32021602,GALAXY,SDSS_DR18_SPECTROSCOPY,ZWARNING_0_SCIENCEPRIMARY
TRD003666,145.76582,0.13534552,GALAXY,SDSS_DR18_SPECTROSCOPY,ZWARNING_0_SCIENCEPRIMARY
TRD003667,145.82799,0.19321664,GALAXY,SDSS_DR18_SPECTROSCOPY,ZWARNING_0_SCIENCEPRIMARY
TRD003668,146.18715,0.96667596,GALAXY,SDSS_DR18_SPECTROSCOPY,ZWARNING_0_SCIENCEPRIMARY
TRD003669,146.23428,1.1255896,GALAXY,SDSS_DR18_SPECTROSCOPY,ZWARNING_0_SCIENCEPRIMARY
TRD003670,146.24704,0.92494778,GALAXY,SDSS_DR18_SPECTROSCOPY,ZWARNING_0_SCIENCEPRIMARY
TRD003671,146.18955,1.0375748,GALAXY,SDSS_DR18_SPECTROSCOPY,ZWARNING_0_SCIENCEPRIMARY
TRD003672,146.29967,1.2087009,GALAXY,SDSS_DR18_SPECTROSCOPY,ZWARNING_0_SCIENCEPRIMARY
TRD003673,146.25244,1.1195781,GALAXY,SDSS_DR18_SPECTROSCOPY,ZWARNING_0_SCIENCEPRIMARY
TRD003674,146.08739,0.99799906,GALAXY,SDSS_DR18_SPECTROSCOPY,ZWARNING_0_SCIENCEPRIMARY
TRD003675,146.22688,1.2452673,GALAXY,SDSS_DR18_SPECTROSCOPY,ZWARNING_0_SCIENCEPRIMARY
TRD003676,146.26584,1.2304246,GALAXY,SDSS_DR18_SPECTROSCOPY,ZWARNING_0_SCIENCEPRIMARY
TRD003677,146.10837,0.79938927,GALAXY,SDSS_DR18_SPECTROSCOPY,ZWARNING_0_SCIENCEPRIMARY
TRD003678,146.15329,0.86874136,GALAXY,SDSS_DR18_SPECTROSCOPY,ZWARNING_0_SCIENCEPRIMARY
TRD003679,146.14741,0.81735361,GALAXY,SDSS_DR18_SPECTROSCOPY,ZWARNING_0_SCIENCEPRIMARY
TRD003680,146.15976,0.84071746,GALAXY,SDSS_DR18_SPECTROSCOPY,ZWARNING_0_SCIENCEPRIMARY
TRD003681,146.12635,0.75790423,GALAXY,SDSS_DR18_SPECTROSCOPY,ZWARNING_0_SCIENCEPRIMARY
TRD003682,146.13155,0.84119279,GALAXY,SDSS_DR18_SPECTROSCOPY,ZWARNING_0_SCIENCEPRIMARY
TRD003683,146.2856,1.1721241,GALAXY,SDSS_DR18_SPECTROSCOPY,ZWARNING_0_SCIENCEPRIMARY
TRD003684,146.20631,1.1483018,GALAXY,SDSS_DR18_SPECTROSCOPY,ZWARNING_0_SCIENCEPRIMARY
TRD003685,146.02091,0.7335569,GALAXY,SDSS_DR18_SPECTROSCOPY,ZWARNING_0_SCIENCEPRIMARY
TRD003686,145.99917,0.35244454,GALAXY,SDSS_DR18_SPECTROSCOPY,ZWARNING_0_SCIENCEPRIMARY
TRD003687,145.92821,0.53113356,GALAXY,SDSS_DR18_SPECTROSCOPY,ZWARNING_0_SCIENCEPRIMARY
TRD003688,146.05095,0.44008916,GALAXY,SDSS_DR18_SPECTROSCOPY,ZWARNING_0_SCIENCEPRIMARY
TRD003689,146.01687,0.71680772,GALAXY,SDSS_DR18_SPECTROSCOPY,ZWARNING_0_SCIENCEPRIMARY
TRD003690,145.94781,0.46529716,GALAXY,SDSS_DR18_SPECTROSCOPY,ZWARNING_0_SCIENCEPRIMARY
TRD003691,146.06202,0.30231485,GALAXY,SDSS_DR18_SPECTROSCOPY,ZWARNING_0_SCIENCEPRIMARY
TRD003692,145.93673,0.49889122,GALAXY,SDSS_DR18_SPECTROSCOPY,ZWARNING_0_SCIENCEPRIMARY
TRD003693,145.93774,0.67207956,GALAXY,SDSS_DR18_SPECTROSCOPY,ZWARNING_0_SCIENCEPRIMARY
TRD003694,146.00604,0.14544788,GALAXY,SDSS_DR18_SPECTROSCOPY,ZWARNING_0_SCIENCEPRIMARY
TRD003695,145.90721,0.40090482,GALAXY,SDSS_DR18_SPECTROSCOPY,ZWARNING_0_SCIENCEPRIMARY
TRD003696,146.04543,0.17980546,GALAXY,SDSS_DR18_SPECTROSCOPY,ZWARNING_0_SCIENCEPRIMARY
TRD003697,145.93972,0.11688777,GALAXY,SDSS_DR18_SPECTROSCOPY,ZWARNING_0_SCIENCEPRIMARY
TRD003698,146.00406,0.20363364,GALAXY,SDSS_DR18_SPECTROSCOPY,ZWARNING_0_SCIENCEPRIMARY
TRD003699,145.95625,0.19937236,GALAXY,SDSS_DR18_SPECTROSCOPY,ZWARNING_0_SCIENCEPRIMARY
TRD003700,146.01594,0.3131747,GALAXY,SDSS_DR18_SPECTROSCOPY,ZWARNING_0_SCIENCEPRIMARY
TRD003701,145.93858,0.15101524,GALAXY,SDSS_DR18_SPECTROSCOPY,ZWARNING_0_SCIENCEPRIMARY
TRD003702,145.97847,0.29494694,GALAXY,SDSS_DR18_SPECTROSCOPY,ZWARNING_0_SCIENCEPRIMARY
TRD003703,146.27502,0.58101816,GALAXY,SDSS_DR18_SPECTROSCOPY,ZWARNING_0_SCIENCEPRIMARY
TRD003704,146.21636,0.65945184,GALAXY,SDSS_DR18_SPECTROSCOPY,ZWARNING_0_SCIENCEPRIMARY
TRD003705,146.25172,0.506149,GALAXY,SDSS_DR18_SPECTROSCOPY,ZWARNING_0_SCIENCEPRIMARY
TRD003706,146.15186,0.61346142,GALAXY,SDSS_DR18_SPECTROSCOPY,ZWARNING_0_SCIENCEPRIMARY
TRD003707,146.14438,0.24309987,GALAXY,SDSS_DR18_SPECTROSCOPY,ZWARNING_0_SCIENCEPRIMARY
TRD003708,146.08981,0.65983497,GALAXY,SDSS_DR18_SPECTROSCOPY,ZWARNING_0_SCIENCEPRIMARY
TRD003709,146.06942,0.69821674,GALAXY,SDSS_DR18_SPECTROSCOPY,ZWARNING_0_SCIENCEPRIMARY
TRD003710,146.18532,0.1193105,GALAXY,SDSS_DR18_SPECTROSCOPY,ZWARNING_0_SCIENCEPRIMARY
TRD003711,146.20851,0.39060401,GALAXY,SDSS_DR18_SPECTROSCOPY,ZWARNING_0_SCIENCEPRIMARY
TRD003712,146.14242,0.30903218,GALAXY,SDSS_DR18_SPECTROSCOPY,ZWARNING_0_SCIENCEPRIMARY
TRD003713,146.07867,0.21277136,GALAXY,SDSS_DR18_SPECTROSCOPY,ZWARNING_0_SCIENCEPRIMARY
TRD003714,146.17224,0.57064832,GALAXY,SDSS_DR18_SPECTROSCOPY,ZWARNING_0_SCIENCEPRIMARY
TRD003715,146.14448,0.12700616,GALAXY,SDSS_DR18_SPECTROSCOPY,ZWARNING_0_SCIENCEPRIMARY
TRD003716,146.07338,0.1562641,GALAXY,SDSS_DR18_SPECTROSCOPY,ZWARNING_0_SCIENCEPRIMARY
TRD003717,146.1566,0.56959059,GALAXY,SDSS_DR18_SPECTROSCOPY,ZWARNING_0_SCIENCEPRIMARY
TRD003718,146.31675,0.58920156,GALAXY,SDSS_DR18_SPECTROSCOPY,ZWARNING_0_SCIENCEPRIMARY
TRD003719,146.42944,0.24000639,GALAXY,SDSS_DR18_SPECTROSCOPY,ZWARNING_0_SCIENCEPRIMARY
TRD003720,146.32035,0.57342009,GALAXY,SDSS_DR18_SPECTROSCOPY,ZWARNING_0_SCIENCEPRIMARY
TRD003721,146.40623,0.6041419,GALAXY,SDSS_DR18_SPECTROSCOPY,ZWARNING_0_SCIENCEPRIMARY
TRD003722,146.42536,0.56713104,GALAXY,SDSS_DR18_SPECTROSCOPY,ZWARNING_0_SCIENCEPRIMARY
TRD003723,146.46299,0.63870908,GALAXY,SDSS_DR18_SPECTROSCOPY,ZWARNING_0_SCIENCEPRIMARY
TRD003724,146.33806,0.72218147,GALAXY,SDSS_DR18_SPECTROSCOPY,ZWARNING_0_SCIENCEPRIMARY
TRD003725,146.29875,0.65613355,GALAXY,SDSS_DR18_SPECTROSCOPY,ZWARNING_0_SCIENCEPRIMARY
TRD003726,146.4187,0.39886801,GALAXY,SDSS_DR18_SPECTROSCOPY,ZWARNING_0_SCIENCEPRIMARY
TRD003727,146.51535,0.16677959,GALAXY,SDSS_DR18_SPECTROSCOPY,ZWARNING_0_SCIENCEPRIMARY
TRD003728,146.41406,0.18838338,GALAXY,SDSS_DR18_SPECTROSCOPY,ZWARNING_0_SCIENCEPRIMARY
TRD003729,146.39576,0.24010216,GALAXY,SDSS_DR18_SPECTROSCOPY,ZWARNING_0_SCIENCEPRIMARY
TRD003730,146.37363,0.25553936,GALAXY,SDSS_DR18_SPECTROSCOPY,ZWARNING_0_SCIENCEPRIMARY
TRD003731,146.56889,0.26607889,GALAXY,SDSS_DR18_SPECTROSCOPY,ZWARNING_0_SCIENCEPRIMARY
TRD003732,146.41187,0.21531922,GALAXY,SDSS_DR18_SPECTROSCOPY,ZWARNING_0_SCIENCEPRIMARY
TRD003733,146.58882,0.1725996,GALAXY,SDSS_DR18_SPECTROSCOPY,ZWARNING_0_SCIENCEPRIMARY
TRD003734,146.31813,0.98577663,GALAXY,SDSS_DR18_SPECTROSCOPY,ZWARNING_0_SCIENCEPRIMARY
TRD003735,146.6088,0.80469883,GALAXY,SDSS_DR18_SPECTROSCOPY,ZWARNING_0_SCIENCEPRIMARY
TRD003736,146.35326,1.0603733,GALAXY,SDSS_DR18_SPECTROSCOPY,ZWARNING_0_SCIENCEPRIMARY
TRD003737,146.58351,1.2272745,GALAXY,SDSS_DR18_SPECTROSCOPY,ZWARNING_0_SCIENCEPRIMARY
TRD003738,146.52027,0.87187462,GALAXY,SDSS_DR18_SPECTROSCOPY,ZWARNING_0_SCIENCEPRIMARY
TRD003739,146.38552,1.1469976,GALAXY,SDSS_DR18_SPECTROSCOPY,ZWARNING_0_SCIENCEPRIMARY
TRD003740,146.39189,0.97823298,GALAXY,SDSS_DR18_SPECTROSCOPY,ZWARNING_0_SCIENCEPRIMARY
TRD003741,146.37291,1.070121,GALAXY,SDSS_DR18_SPECTROSCOPY,ZWARNING_0_SCIENCEPRIMARY
TRD003742,146.58426,1.0811228,GALAXY,SDSS_DR18_SPECTROSCOPY,ZWARNING_0_SCIENCEPRIMARY
TRD003743,146.51129,0.81325715,GALAXY,SDSS_DR18_SPECTROSCOPY,ZWARNING_0_SCIENCEPRIMARY
TRD003744,146.53089,0.7819304,GALAXY,SDSS_DR18_SPECTROSCOPY,ZWARNING_0_SCIENCEPRIMARY
TRD003745,146.37977,0.92667107,GALAXY,SDSS_DR18_SPECTROSCOPY,ZWARNING_0_SCIENCEPRIMARY
TRD003746,146.47466,0.9057312,GALAXY,SDSS_DR18_SPECTROSCOPY,ZWARNING_0_SCIENCEPRIMARY
TRD003747,146.36651,0.8511818,GALAXY,SDSS_DR18_SPECTROSCOPY,ZWARNING_0_SCIENCEPRIMARY
TRD003748,146.34873,0.90581202,GALAXY,SDSS_DR18_SPECTROSCOPY,ZWARNING_0_SCIENCEPRIMARY
TRD003749,146.43634,1.0591926,GALAXY,SDSS_DR18_SPECTROSCOPY,ZWARNING_0_SCIENCEPRIMARY
TRD003750,146.5912,0.89671788,GALAXY,SDSS_DR18_SPECTROSCOPY,ZWARNING_0_SCIENCEPRIMARY
TRD003751,146.83636,0.51181492,GALAXY,SDSS_DR18_SPECTROSCOPY,ZWARNING_0_SCIENCEPRIMARY
TRD003752,146.78188,0.70441663,GALAXY,SDSS_DR18_SPECTROSCOPY,ZWARNING_0_SCIENCEPRIMARY
TRD003753,146.8068,0.66563514,GALAXY,SDSS_DR18_SPECTROSCOPY,ZWARNING_0_SCIENCEPRIMARY
TRD003754,146.64377,0.46720989,GALAXY,SDSS_DR18_SPECTROSCOPY,ZWARNING_0_SCIENCEPRIMARY
TRD003755,146.79909,0.70274154,GALAXY,SDSS_DR18_SPECTROSCOPY,ZWARNING_0_SCIENCEPRIMARY
TRD003756,146.74774,0.26577222,GALAXY,SDSS_DR18_SPECTROSCOPY,ZWARNING_0_SCIENCEPRIMARY
TRD003757,146.85248,0.68705168,GALAXY,SDSS_DR18_SPECTROSCOPY,ZWARNING_0_SCIENCEPRIMARY
TRD003758,146.72474,0.65004519,GALAXY,SDSS_DR18_SPECTROSCOPY,ZWARNING_0_SCIENCEPRIMARY
TRD003759,146.68492,0.67847921,GALAXY,SDSS_DR18_SPECTROSCOPY,ZWARNING_0_SCIENCEPRIMARY
TRD003760,146.61129,0.69305476,GALAXY,SDSS_DR18_SPECTROSCOPY,ZWARNING_0_SCIENCEPRIMARY
TRD003761,146.69457,0.17236098,GALAXY,SDSS_DR18_SPECTROSCOPY,ZWARNING_0_SCIENCEPRIMARY
TRD003762,146.67518,0.27798105,GALAXY,SDSS_DR18_SPECTROSCOPY,ZWARNING_0_SCIENCEPRIMARY
TRD003763,146.72511,0.50828311,GALAXY,SDSS_DR18_SPECTROSCOPY,ZWARNING_0_SCIENCEPRIMARY
TRD003764,146.63864,0.19621885,GALAXY,SDSS_DR18_SPECTROSCOPY,ZWARNING_0_SCIENCEPRIMARY
TRD003765,146.61674,0.13787023,GALAXY,SDSS_DR18_SPECTROSCOPY,ZWARNING_0_SCIENCEPRIMARY
TRD003766,146.66771,1.1020897,GALAXY,SDSS_DR18_SPECTROSCOPY,ZWARNING_0_SCIENCEPRIMARY
TRD003767,146.81624,0.94410756,GALAXY,SDSS_DR18_SPECTROSCOPY,ZWARNING_0_SCIENCEPRIMARY
TRD003768,146.74791,0.73472126,GALAXY,SDSS_DR18_SPECTROSCOPY,ZWARNING_0_SCIENCEPRIMARY
TRD003769,146.76759,1.0747132,GALAXY,SDSS_DR18_SPECTROSCOPY,ZWARNING_0_SCIENCEPRIMARY
TRD003770,146.71326,1.0093138,GALAXY,SDSS_DR18_SPECTROSCOPY,ZWARNING_0_SCIENCEPRIMARY
TRD003771,146.72476,1.0311295,GALAXY,SDSS_DR18_SPECTROSCOPY,ZWARNING_0_SCIENCEPRIMARY
TRD003772,146.77792,1.0396275,GALAXY,SDSS_DR18_SPECTROSCOPY,ZWARNING_0_SCIENCEPRIMARY
TRD003773,146.7815,0.73798191,GALAXY,SDSS_DR18_SPECTROSCOPY,ZWARNING_0_SCIENCEPRIMARY
TRD003774,146.77163,1.010302,GALAXY,SDSS_DR18_SPECTROSCOPY,ZWARNING_0_SCIENCEPRIMARY
TRD003775,146.77295,0.96442822,GALAXY,SDSS_DR18_SPECTROSCOPY,ZWARNING_0_SCIENCEPRIMARY
TRD003776,146.67719,1.1295687,GALAXY,SDSS_DR18_SPECTROSCOPY,ZWARNING_0_SCIENCEPRIMARY
TRD003777,146.69213,1.066522,GALAXY,SDSS_DR18_SPECTROSCOPY,ZWARNING_0_SCIENCEPRIMARY
TRD003778,146.7989,0.85056678,GALAXY,SDSS_DR18_SPECTROSCOPY,ZWARNING_0_SCIENCEPRIMARY
TRD003779,146.7823,0.7944099,GALAXY,SDSS_DR18_SPECTROSCOPY,ZWARNING_0_SCIENCEPRIMARY
TRD003780,146.6873,0.86093703,GALAXY,SDSS_DR18_SPECTROSCOPY,ZWARNING_0_SCIENCEPRIMARY
TRD003781,146.9038,0.6322135,GALAXY,SDSS_DR18_SPECTROSCOPY,ZWARNING_0_SCIENCEPRIMARY
TRD003782,146.87104,0.42252041,GALAXY,SDSS_DR18_SPECTROSCOPY,ZWARNING_0_SCIENCEPRIMARY
TRD003783,146.8769,0.36161608,GALAXY,SDSS_DR18_SPECTROSCOPY,ZWARNING_0_SCIENCEPRIMARY
TRD003784,147.02282,0.66094747,GALAXY,SDSS_DR18_SPECTROSCOPY,ZWARNING_0_SCIENCEPRIMARY
TRD003785,146.86054,0.52471508,GALAXY,SDSS_DR18_SPECTROSCOPY,ZWARNING_0_SCIENCEPRIMARY
TRD003786,146.91732,0.69489356,GALAXY,SDSS_DR18_SPECTROSCOPY,ZWARNING_0_SCIENCEPRIMARY
TRD003787,146.98213,0.52149846,GALAXY,SDSS_DR18_SPECTROSCOPY,ZWARNING_0_SCIENCEPRIMARY
TRD003788,146.8965,0.5474319,GALAXY,SDSS_DR18_SPECTROSCOPY,ZWARNING_0_SCIENCEPRIMARY
TRD003789,147.00379,0.59493357,GALAXY,SDSS_DR18_SPECTROSCOPY,ZWARNING_0_SCIENCEPRIMARY
TRD003790,147.03909,0.52560708,GALAXY,SDSS_DR18_SPECTROSCOPY,ZWARNING_0_SCIENCEPRIMARY
TRD003791,146.89532,0.35901356,GALAXY,SDSS_DR18_SPECTROSCOPY,ZWARNING_0_SCIENCEPRIMARY
TRD003792,147.09159,0.20767254,GALAXY,SDSS_DR18_SPECTROSCOPY,ZWARNING_0_SCIENCEPRIMARY
TRD003793,146.88773,0.21745855,GALAXY,SDSS_DR18_SPECTROSCOPY,ZWARNING_0_SCIENCEPRIMARY
TRD003794,146.97831,0.38903265,GALAXY,SDSS_DR18_SPECTROSCOPY,ZWARNING_0_SCIENCEPRIMARY
TRD003795,146.90289,0.20893553,GALAXY,SDSS_DR18_SPECTROSCOPY,ZWARNING_0_SCIENCEPRIMARY
TRD003796,146.95764,0.39340648,GALAXY,SDSS_DR18_SPECTROSCOPY,ZWARNING_0_SCIENCEPRIMARY
TRD003797,147.11309,0.44008895,GALAXY,SDSS_DR18_SPECTROSCOPY,ZWARNING_0_SCIENCEPRIMARY
TRD003798,146.934,0.81888985,GALAXY,SDSS_DR18_SPECTROSCOPY,ZWARNING_0_SCIENCEPRIMARY
TRD003799,146.90637,1.1250269,GALAXY,SDSS_DR18_SPECTROSCOPY,ZWARNING_0_SCIENCEPRIMARY
TRD003800,146.90368,1.0353793,GALAXY,SDSS_DR18_SPECTROSCOPY,ZWARNING_0_SCIENCEPRIMARY
TRD003801,146.80985,1.0727752,GALAXY,SDSS_DR18_SPECTROSCOPY,ZWARNING_0_SCIENCEPRIMARY
TRD003802,146.9318,1.0351669,GALAXY,SDSS_DR18_SPECTROSCOPY,ZWARNING_0_SCIENCEPRIMARY
TRD003803,146.9372,1.1077349,GALAXY,SDSS_DR18_SPECTROSCOPY,ZWARNING_0_SCIENCEPRIMARY
TRD003804,147.06404,0.93964634,GALAXY,SDSS_DR18_SPECTROSCOPY,ZWARNING_0_SCIENCEPRIMARY
TRD003805,146.94866,1.0045674,GALAXY,SDSS_DR18_SPECTROSCOPY,ZWARNING_0_SCIENCEPRIMARY
TRD003806,147.032,0.77534942,GALAXY,SDSS_DR18_SPECTROSCOPY,ZWARNING_0_SCIENCEPRIMARY
TRD003807,147.0805,0.78802023,GALAXY,SDSS_DR18_SPECTROSCOPY,ZWARNING_0_SCIENCEPRIMARY
TRD003808,146.90205,0.89976236,GALAXY,SDSS_DR18_SPECTROSCOPY,ZWARNING_0_SCIENCEPRIMARY
TRD003809,146.84077,0.88626588,GALAXY,SDSS_DR18_SPECTROSCOPY,ZWARNING_0_SCIENCEPRIMARY
TRD003810,146.84222,0.74084309,GALAXY,SDSS_DR18_SPECTROSCOPY,ZWARNING_0_SCIENCEPRIMARY
TRD003811,147.07442,0.88521055,GALAXY,SDSS_DR18_SPECTROSCOPY,ZWARNING_0_SCIENCEPRIMARY
TRD003812,147.02167,0.75447111,GALAXY,SDSS_DR18_SPECTROSCOPY,ZWARNING_0_SCIENCEPRIMARY
TRD003813,147.17057,0.53120746,GALAXY,SDSS_DR18_SPECTROSCOPY,ZWARNING_0_SCIENCEPRIMARY
TRD003814,147.15059,0.41658878,GALAXY,SDSS_DR18_SPECTROSCOPY,ZWARNING_0_SCIENCEPRIMARY
TRD003815,147.18007,0.4296096,GALAXY,SDSS_DR18_SPECTROSCOPY,ZWARNING_0_SCIENCEPRIMARY
TRD003816,147.29397,0.38134272,GALAXY,SDSS_DR18_SPECTROSCOPY,ZWARNING_0_SCIENCEPRIMARY
TRD003817,147.17998,0.49299324,GALAXY,SDSS_DR18_SPECTROSCOPY,ZWARNING_0_SCIENCEPRIMARY
TRD003818,147.12735,0.50446172,GALAXY,SDSS_DR18_SPECTROSCOPY,ZWARNING_0_SCIENCEPRIMARY
TRD003819,147.2654,0.46567798,GALAXY,SDSS_DR18_SPECTROSCOPY,ZWARNING_0_SCIENCEPRIMARY
TRD003820,147.3296,0.32443263,GALAXY,SDSS_DR18_SPECTROSCOPY,ZWARNING_0_SCIENCEPRIMARY
TRD003821,147.32681,0.2454933,GALAXY,SDSS_DR18_SPECTROSCOPY,ZWARNING_0_SCIENCEPRIMARY
TRD003822,147.30829,0.15116349,GALAXY,SDSS_DR18_SPECTROSCOPY,ZWARNING_0_SCIENCEPRIMARY
TRD003823,147.12832,0.3692322,GALAXY,SDSS_DR18_SPECTROSCOPY,ZWARNING_0_SCIENCEPRIMARY
TRD003824,147.24832,0.31141852,GALAXY,SDSS_DR18_SPECTROSCOPY,ZWARNING_0_SCIENCEPRIMARY
TRD003825,147.31446,0.17484306,GALAXY,SDSS_DR18_SPECTROSCOPY,ZWARNING_0_SCIENCEPRIMARY
TRD003826,147.19292,0.27191843,GALAXY,SDSS_DR18_SPECTROSCOPY,ZWARNING_0_SCIENCEPRIMARY
TRD003827,147.3056,0.2175774,GALAXY,SDSS_DR18_SPECTROSCOPY,ZWARNING_0_SCIENCEPRIMARY
TRD003828,148.59859,-0.73222758,GALAXY,SDSS_DR18_SPECTROSCOPY,ZWARNING_0_SCIENCEPRIMARY
TRD003829,148.64627,-1.0468933,GALAXY,SDSS_DR18_SPECTROSCOPY,ZWARNING_0_SCIENCEPRIMARY
TRD003830,148.6669,-0.89910499,GALAXY,SDSS_DR18_SPECTROSCOPY,ZWARNING_0_SCIENCEPRIMARY
TRD003831,148.57358,-0.89900167,GALAXY,SDSS_DR18_SPECTROSCOPY,ZWARNING_0_SCIENCEPRIMARY
TRD003832,148.57064,-0.71583138,GALAXY,SDSS_DR18_SPECTROSCOPY,ZWARNING_0_SCIENCEPRIMARY
TRD003833,148.65516,-1.0329952,GALAXY,SDSS_DR18_SPECTROSCOPY,ZWARNING_0_SCIENCEPRIMARY
TRD003834,148.73288,-0.76115921,GALAXY,SDSS_DR18_SPECTROSCOPY,ZWARNING_0_SCIENCEPRIMARY
TRD003835,148.82978,-0.74093264,GALAXY,SDSS_DR18_SPECTROSCOPY,ZWARNING_0_SCIENCEPRIMARY
TRD003836,148.58323,-1.1467697,GALAXY,SDSS_DR18_SPECTROSCOPY,ZWARNING_0_SCIENCEPRIMARY
TRD003837,148.57247,-1.1724518,GALAXY,SDSS_DR18_SPECTROSCOPY,ZWARNING_0_SCIENCEPRIMARY
TRD003838,148.56496,-0.95461485,GALAXY,SDSS_DR18_SPECTROSCOPY,ZWARNING_0_SCIENCEPRIMARY
TRD003839,148.58499,-0.94207436,GALAXY,SDSS_DR18_SPECTROSCOPY,ZWARNING_0_SCIENCEPRIMARY
TRD003840,148.62082,-1.1087992,GALAXY,SDSS_DR18_SPECTROSCOPY,ZWARNING_0_SCIENCEPRIMARY
TRD003841,148.56556,-0.93608348,GALAXY,SDSS_DR18_SPECTROSCOPY,ZWARNING_0_SCIENCEPRIMARY
TRD003842,148.59436,-1.1734795,GALAXY,SDSS_DR18_SPECTROSCOPY,ZWARNING_0_SCIENCEPRIMARY
TRD003843,148.60658,-0.92868782,GALAXY,SDSS_DR18_SPECTROSCOPY,ZWARNING_0_SCIENCEPRIMARY
TRD003844,148.72704,-1.1209844,GALAXY,SDSS_DR18_SPECTROSCOPY,ZWARNING_0_SCIENCEPRIMARY
TRD003845,149.16857,-0.38049866,GALAXY,SDSS_DR18_SPECTROSCOPY,ZWARNING_0_SCIENCEPRIMARY
TRD003846,149.16089,-0.35802021,GALAXY,SDSS_DR18_SPECTROSCOPY,ZWARNING_0_SCIENCEPRIMARY
TRD003847,149.12558,-0.30699451,GALAXY,SDSS_DR18_SPECTROSCOPY,ZWARNING_0_SCIENCEPRIMARY
TRD003848,149.12382,-0.39828319,GALAXY,SDSS_DR18_SPECTROSCOPY,ZWARNING_0_SCIENCEPRIMARY
TRD003849,149.11298,-0.34882857,GALAXY,SDSS_DR18_SPECTROSCOPY,ZWARNING_0_SCIENCEPRIMARY
TRD003850,149.18631,-0.3118078,GALAXY,SDSS_DR18_SPECTROSCOPY,ZWARNING_0_SCIENCEPRIMARY
TRD003851,149.11264,-0.47562545,GALAXY,SDSS_DR18_SPECTROSCOPY,ZWARNING_0_SCIENCEPRIMARY
TRD003852,149.19127,-0.25953399,GALAXY,SDSS_DR18_SPECTROSCOPY,ZWARNING_0_SCIENCEPRIMARY
TRD003853,149.1499,-0.49002964,GALAXY,SDSS_DR18_SPECTROSCOPY,ZWARNING_0_SCIENCEPRIMARY
TRD003854,149.17153,-0.41298084,GALAXY,SDSS_DR18_SPECTROSCOPY,ZWARNING_0_SCIENCEPRIMARY
TRD003855,149.15457,-0.11572062,GALAXY,SDSS_DR18_SPECTROSCOPY,ZWARNING_0_SCIENCEPRIMARY
TRD003856,149.13546,-0.34629229,GALAXY,SDSS_DR18_SPECTROSCOPY,ZWARNING_0_SCIENCEPRIMARY
TRD003857,149.17529,0.19213513,GALAXY,SDSS_DR18_SPECTROSCOPY,ZWARNING_0_SCIENCEPRIMARY
TRD003858,149.16987,-0.023341153,GALAXY,SDSS_DR18_SPECTROSCOPY,ZWARNING_0_SCIENCEPRIMARY
TRD003859,149.14242,-0.37241929,GALAXY,SDSS_DR18_SPECTROSCOPY,ZWARNING_0_SCIENCEPRIMARY
TRD003860,149.11792,0.18398894,GALAXY,SDSS_DR18_SPECTROSCOPY,ZWARNING_0_SCIENCEPRIMARY
TRD003861,149.15617,-0.31522682,GALAXY,SDSS_DR18_SPECTROSCOPY,ZWARNING_0_SCIENCEPRIMARY
TRD003862,149.12806,0.08362819,GALAXY,SDSS_DR18_SPECTROSCOPY,ZWARNING_0_SCIENCEPRIMARY
TRD003863,149.15395,0.17248053,GALAXY,SDSS_DR18_SPECTROSCOPY,ZWARNING_0_SCIENCEPRIMARY
TRD003864,148.45331,-1.1332843,GALAXY,SDSS_DR18_SPECTROSCOPY,ZWARNING_0_SCIENCEPRIMARY
TRD003865,148.53075,-1.205395,GALAXY,SDSS_DR18_SPECTROSCOPY,ZWARNING_0_SCIENCEPRIMARY
TRD003866,148.54241,-1.1945817,GALAXY,SDSS_DR18_SPECTROSCOPY,ZWARNING_0_SCIENCEPRIMARY
TRD003867,148.54758,-1.0880765,GALAXY,SDSS_DR18_SPECTROSCOPY,ZWARNING_0_SCIENCEPRIMARY
TRD003868,148.41086,-1.2333835,GALAXY,SDSS_DR18_SPECTROSCOPY,ZWARNING_0_SCIENCEPRIMARY
TRD003869,148.4325,-1.0264118,GALAXY,SDSS_DR18_SPECTROSCOPY,ZWARNING_0_SCIENCEPRIMARY
TRD003870,148.53557,-1.1786423,GALAXY,SDSS_DR18_SPECTROSCOPY,ZWARNING_0_SCIENCEPRIMARY
TRD003871,148.50906,-1.0035186,GALAXY,SDSS_DR18_SPECTROSCOPY,ZWARNING_0_SCIENCEPRIMARY
TRD003872,148.5592,-0.76021668,GALAXY,SDSS_DR18_SPECTROSCOPY,ZWARNING_0_SCIENCEPRIMARY
TRD003873,148.43988,-1.070231,GALAXY,SDSS_DR18_SPECTROSCOPY,ZWARNING_0_SCIENCEPRIMARY
TRD003874,148.44055,-0.80351664,GALAXY,SDSS_DR18_SPECTROSCOPY,ZWARNING_0_SCIENCEPRIMARY
TRD003875,148.50864,-0.89222436,GALAXY,SDSS_DR18_SPECTROSCOPY,ZWARNING_0_SCIENCEPRIMARY
TRD003876,148.49489,-1.0809097,GALAXY,SDSS_DR18_SPECTROSCOPY,ZWARNING_0_SCIENCEPRIMARY
TRD003877,148.50439,-0.7917225,GALAXY,SDSS_DR18_SPECTROSCOPY,ZWARNING_0_SCIENCEPRIMARY
TRD003878,148.50001,-0.74543922,GALAXY,SDSS_DR18_SPECTROSCOPY,ZWARNING_0_SCIENCEPRIMARY
TRD003879,148.45399,-0.79593592,GALAXY,SDSS_DR18_SPECTROSCOPY,ZWARNING_0_SCIENCEPRIMARY
TRD003880,149.06944,-0.55499982,GALAXY,SDSS_DR18_SPECTROSCOPY,ZWARNING_0_SCIENCEPRIMARY
TRD003881,149.06937,-0.233999,GALAXY,SDSS_DR18_SPECTROSCOPY,ZWARNING_0_SCIENCEPRIMARY
TRD003882,149.09028,-0.25137208,GALAXY,SDSS_DR18_SPECTROSCOPY,ZWARNING_0_SCIENCEPRIMARY
TRD003883,149.1053,-0.36742265,GALAXY,SDSS_DR18_SPECTROSCOPY,ZWARNING_0_SCIENCEPRIMARY
TRD003884,149.04851,-0.077647411,GALAXY,SDSS_DR18_SPECTROSCOPY,ZWARNING_0_SCIENCEPRIMARY
TRD003885,149.06268,-0.029201504,GALAXY,SDSS_DR18_SPECTROSCOPY,ZWARNING_0_SCIENCEPRIMARY
TRD003886,149.11249,0.1297301,GALAXY,SDSS_DR18_SPECTROSCOPY,ZWARNING_0_SCIENCEPRIMARY
TRD003887,149.01975,-0.59644421,GALAXY,SDSS_DR18_SPECTROSCOPY,ZWARNING_0_SCIENCEPRIMARY
TRD003888,149.04382,-0.62281596,GALAXY,SDSS_DR18_SPECTROSCOPY,ZWARNING_0_SCIENCEPRIMARY
TRD003889,149.02543,-0.12057915,GALAXY,SDSS_DR18_SPECTROSCOPY,ZWARNING_0_SCIENCEPRIMARY
TRD003890,149.0197,-0.23986022,GALAXY,SDSS_DR18_SPECTROSCOPY,ZWARNING_0_SCIENCEPRIMARY
TRD003891,149.07118,-0.10311127,GALAXY,SDSS_DR18_SPECTROSCOPY,ZWARNING_0_SCIENCEPRIMARY
TRD003892,148.99701,-0.24462691,GALAXY,SDSS_DR18_SPECTROSCOPY,ZWARNING_0_SCIENCEPRIMARY
TRD003893,149.08494,-0.30017934,GALAXY,SDSS_DR18_SPECTROSCOPY,ZWARNING_0_SCIENCEPRIMARY
TRD003894,149.02733,0.14326649,GALAXY,SDSS_DR18_SPECTROSCOPY,ZWARNING_0_SCIENCEPRIMARY
TRD003895,149.01061,0.13973901,GALAXY,SDSS_DR18_SPECTROSCOPY,ZWARNING_0_SCIENCEPRIMARY
TRD003896,149.01119,-0.080028731,GALAXY,SDSS_DR18_SPECTROSCOPY,ZWARNING_0_SCIENCEPRIMARY
TRD003897,148.38183,-1.2066102,GALAXY,SDSS_DR18_SPECTROSCOPY,ZWARNING_0_SCIENCEPRIMARY
TRD003898,148.21563,-0.87471248,GALAXY,SDSS_DR18_SPECTROSCOPY,ZWARNING_0_SCIENCEPRIMARY
TRD003899,148.31755,-1.0505461,GALAXY,SDSS_DR18_SPECTROSCOPY,ZWARNING_0_SCIENCEPRIMARY
TRD003900,148.35708,-1.0615241,GALAXY,SDSS_DR18_SPECTROSCOPY,ZWARNING_0_SCIENCEPRIMARY
TRD003901,148.39456,-0.88771162,GALAXY,SDSS_DR18_SPECTROSCOPY,ZWARNING_0_SCIENCEPRIMARY
TRD003902,148.26946,-0.85665628,GALAXY,SDSS_DR18_SPECTROSCOPY,ZWARNING_0_SCIENCEPRIMARY
TRD003903,148.24551,-0.97315015,GALAXY,SDSS_DR18_SPECTROSCOPY,ZWARNING_0_SCIENCEPRIMARY
TRD003904,148.35353,-0.90500968,GALAXY,SDSS_DR18_SPECTROSCOPY,ZWARNING_0_SCIENCEPRIMARY
TRD003905,148.38497,-0.94142973,GALAXY,SDSS_DR18_SPECTROSCOPY,ZWARNING_0_SCIENCEPRIMARY
TRD003906,148.22293,-0.73857738,GALAXY,SDSS_DR18_SPECTROSCOPY,ZWARNING_0_SCIENCEPRIMARY
TRD003907,148.36573,-1.0232385,GALAXY,SDSS_DR18_SPECTROSCOPY,ZWARNING_0_SCIENCEPRIMARY
TRD003908,148.35425,-0.74138513,GALAXY,SDSS_DR18_SPECTROSCOPY,ZWARNING_0_SCIENCEPRIMARY
TRD003909,148.24882,-0.80775746,GALAXY,SDSS_DR18_SPECTROSCOPY,ZWARNING_0_SCIENCEPRIMARY
TRD003910,148.26686,-0.78332894,GALAXY,SDSS_DR18_SPECTROSCOPY,ZWARNING_0_SCIENCEPRIMARY
TRD003911,148.25222,-0.77420296,GALAXY,SDSS_DR18_SPECTROSCOPY,ZWARNING_0_SCIENCEPRIMARY
TRD003912,148.23767,-0.79198332,GALAXY,SDSS_DR18_SPECTROSCOPY,ZWARNING_0_SCIENCEPRIMARY
TRD003913,148.2798,-1.0609262,GALAXY,SDSS_DR18_SPECTROSCOPY,ZWARNING_0_SCIENCEPRIMARY
TRD003914,148.23213,-0.86359612,GALAXY,SDSS_DR18_SPECTROSCOPY,ZWARNING_0_SCIENCEPRIMARY
TRD003915,148.90844,0.0087633028,GALAXY,SDSS_DR18_SPECTROSCOPY,ZWARNING_0_SCIENCEPRIMARY
TRD003916,148.85664,-0.059159696,GALAXY,SDSS_DR18_SPECTROSCOPY,ZWARNING_0_SCIENCEPRIMARY
TRD003917,148.75351,-0.59619364,GALAXY,SDSS_DR18_SPECTROSCOPY,ZWARNING_0_SCIENCEPRIMARY
TRD003918,148.87361,-0.29058415,GALAXY,SDSS_DR18_SPECTROSCOPY,ZWARNING_0_SCIENCEPRIMARY
TRD003919,148.97947,-0.19030594,GALAXY,SDSS_DR18_SPECTROSCOPY,ZWARNING_0_SCIENCEPRIMARY
TRD003920,148.84251,-0.044114155,GALAXY,SDSS_DR18_SPECTROSCOPY,ZWARNING_0_SCIENCEPRIMARY
TRD003921,148.88621,-0.037319689,GALAXY,SDSS_DR18_SPECTROSCOPY,ZWARNING_0_SCIENCEPRIMARY
TRD003922,148.87996,-0.46726397,GALAXY,SDSS_DR18_SPECTROSCOPY,ZWARNING_0_SCIENCEPRIMARY
TRD003923,148.79165,-0.021022616,GALAXY,SDSS_DR18_SPECTROSCOPY,ZWARNING_0_SCIENCEPRIMARY
TRD003924,148.95363,-0.097142812,GALAXY,SDSS_DR18_SPECTROSCOPY,ZWARNING_0_SCIENCEPRIMARY
TRD003925,148.9724,0.094808663,GALAXY,SDSS_DR18_SPECTROSCOPY,ZWARNING_0_SCIENCEPRIMARY
TRD003926,148.84821,-0.5873222,GALAXY,SDSS_DR18_SPECTROSCOPY,ZWARNING_0_SCIENCEPRIMARY
TRD003927,148.84264,-0.078736738,GALAXY,SDSS_DR18_SPECTROSCOPY,ZWARNING_0_SCIENCEPRIMARY
TRD003928,148.87511,-0.064060118,GALAXY,SDSS_DR18_SPECTROSCOPY,ZWARNING_0_SCIENCEPRIMARY
TRD003929,148.77557,-0.14121193,GALAXY,SDSS_DR18_SPECTROSCOPY,ZWARNING_0_SCIENCEPRIMARY
TRD003930,148.81068,0.16484644,GALAXY,SDSS_DR18_SPECTROSCOPY,ZWARNING_0_SCIENCEPRIMARY
TRD003931,148.95481,-0.0020917873,GALAXY,SDSS_DR18_SPECTROSCOPY,ZWARNING_0_SCIENCEPRIMARY
TRD003932,148.91534,-0.096735712,GALAXY,SDSS_DR18_SPECTROSCOPY,ZWARNING_0_SCIENCEPRIMARY
TRD003933,148.13724,-1.1731878,GALAXY,SDSS_DR18_SPECTROSCOPY,ZWARNING_0_SCIENCEPRIMARY
TRD003934,148.21427,-1.0016697,GALAXY,SDSS_DR18_SPECTROSCOPY,ZWARNING_0_SCIENCEPRIMARY
TRD003935,147.94455,-1.22337,GALAXY,SDSS_DR18_SPECTROSCOPY,ZWARNING_0_SCIENCEPRIMARY
TRD003936,148.09525,-1.1431802,GALAXY,SDSS_DR18_SPECTROSCOPY,ZWARNING_0_SCIENCEPRIMARY
TRD003937,147.92786,-0.95696057,GALAXY,SDSS_DR18_SPECTROSCOPY,ZWARNING_0_SCIENCEPRIMARY
TRD003938,148.12154,-1.0319943,GALAXY,SDSS_DR18_SPECTROSCOPY,ZWARNING_0_SCIENCEPRIMARY
TRD003939,148.01223,-1.2109547,GALAXY,SDSS_DR18_SPECTROSCOPY,ZWARNING_0_SCIENCEPRIMARY
TRD003940,148.2123,-1.1734604,GALAXY,SDSS_DR18_SPECTROSCOPY,ZWARNING_0_SCIENCEPRIMARY
TRD003941,147.99099,-1.1068001,GALAXY,SDSS_DR18_SPECTROSCOPY,ZWARNING_0_SCIENCEPRIMARY
TRD003942,148.06218,-0.66082464,GALAXY,SDSS_DR18_SPECTROSCOPY,ZWARNING_0_SCIENCEPRIMARY
TRD003943,148.00631,-1.0176983,GALAXY,SDSS_DR18_SPECTROSCOPY,ZWARNING_0_SCIENCEPRIMARY
TRD003944,148.0682,-0.70477622,GALAXY,SDSS_DR18_SPECTROSCOPY,ZWARNING_0_SCIENCEPRIMARY
TRD003945,148.15747,-0.82559275,GALAXY,SDSS_DR18_SPECTROSCOPY,ZWARNING_0_SCIENCEPRIMARY
TRD003946,148.00219,-0.78406217,GALAXY,SDSS_DR18_SPECTROSCOPY,ZWARNING_0_SCIENCEPRIMARY
TRD003947,147.96518,-0.94934334,GALAXY,SDSS_DR18_SPECTROSCOPY,ZWARNING_0_SCIENCEPRIMARY
TRD003948,148.00553,-0.76804989,GALAXY,SDSS_DR18_SPECTROSCOPY,ZWARNING_0_SCIENCEPRIMARY
TRD003949,148.04897,-0.85206301,GALAXY,SDSS_DR18_SPECTROSCOPY,ZWARNING_0_SCIENCEPRIMARY
TRD003950,148.03294,-1.1427995,GALAXY,SDSS_DR18_SPECTROSCOPY,ZWARNING_0_SCIENCEPRIMARY
TRD003951,148.65027,-0.059539396,GALAXY,SDSS_DR18_SPECTROSCOPY,ZWARNING_0_SCIENCEPRIMARY
TRD003952,148.54937,-0.066125284,GALAXY,SDSS_DR18_SPECTROSCOPY,ZWARNING_0_SCIENCEPRIMARY
TRD003953,148.47822,-0.54423455,GALAXY,SDSS_DR18_SPECTROSCOPY,ZWARNING_0_SCIENCEPRIMARY
TRD003954,148.67172,-0.37126581,GALAXY,SDSS_DR18_SPECTROSCOPY,ZWARNING_0_SCIENCEPRIMARY
TRD003955,148.42037,-0.23196749,GALAXY,SDSS_DR18_SPECTROSCOPY,ZWARNING_0_SCIENCEPRIMARY
TRD003956,148.58493,-0.31146803,GALAXY,SDSS_DR18_SPECTROSCOPY,ZWARNING_0_SCIENCEPRIMARY
TRD003957,148.50575,-0.11386407,GALAXY,SDSS_DR18_SPECTROSCOPY,ZWARNING_0_SCIENCEPRIMARY
TRD003958,148.65765,-0.59984333,GALAXY,SDSS_DR18_SPECTROSCOPY,ZWARNING_0_SCIENCEPRIMARY
TRD003959,148.72889,0.18885939,GALAXY,SDSS_DR18_SPECTROSCOPY,ZWARNING_0_SCIENCEPRIMARY
TRD003960,148.43474,-0.090464332,GALAXY,SDSS_DR18_SPECTROSCOPY,ZWARNING_0_SCIENCEPRIMARY
TRD003961,148.59294,-0.19599728,GALAXY,SDSS_DR18_SPECTROSCOPY,ZWARNING_0_SCIENCEPRIMARY
TRD003962,148.67968,-0.025100879,GALAXY,SDSS_DR18_SPECTROSCOPY,ZWARNING_0_SCIENCEPRIMARY
TRD003963,148.60004,0.12917036,GALAXY,SDSS_DR18_SPECTROSCOPY,ZWARNING_0_SCIENCEPRIMARY
TRD003964,148.58999,0.15324382,GALAXY,SDSS_DR18_SPECTROSCOPY,ZWARNING_0_SCIENCEPRIMARY
TRD003965,148.69239,0.042002604,GALAXY,SDSS_DR18_SPECTROSCOPY,ZWARNING_0_SCIENCEPRIMARY
TRD003966,148.72793,-0.37073055,GALAXY,SDSS_DR18_SPECTROSCOPY,ZWARNING_0_SCIENCEPRIMARY
TRD003967,148.68383,-0.34381083,GALAXY,SDSS_DR18_SPECTROSCOPY,ZWARNING_0_SCIENCEPRIMARY
TRD003968,148.10352,-0.46224293,GALAXY,SDSS_DR18_SPECTROSCOPY,ZWARNING_0_SCIENCEPRIMARY
TRD003969,148.21834,-0.27664619,GALAXY,SDSS_DR18_SPECTROSCOPY,ZWARNING_0_SCIENCEPRIMARY
TRD003970,148.28484,-0.61908774,GALAXY,SDSS_DR18_SPECTROSCOPY,ZWARNING_0_SCIENCEPRIMARY
TRD003971,148.18303,-0.058259826,GALAXY,SDSS_DR18_SPECTROSCOPY,ZWARNING_0_SCIENCEPRIMARY
TRD003972,148.13318,-0.52455899,GALAXY,SDSS_DR18_SPECTROSCOPY,ZWARNING_0_SCIENCEPRIMARY
TRD003973,148.13563,-0.3423445,GALAXY,SDSS_DR18_SPECTROSCOPY,ZWARNING_0_SCIENCEPRIMARY
TRD003974,148.11417,-0.49295285,GALAXY,SDSS_DR18_SPECTROSCOPY,ZWARNING_0_SCIENCEPRIMARY
TRD003975,148.32486,0.11508665,GALAXY,SDSS_DR18_SPECTROSCOPY,ZWARNING_0_SCIENCEPRIMARY
TRD003976,148.40568,-0.041013942,GALAXY,SDSS_DR18_SPECTROSCOPY,ZWARNING_0_SCIENCEPRIMARY
TRD003977,148.24054,0.11791934,GALAXY,SDSS_DR18_SPECTROSCOPY,ZWARNING_0_SCIENCEPRIMARY
TRD003978,148.34596,-0.16596411,GALAXY,SDSS_DR18_SPECTROSCOPY,ZWARNING_0_SCIENCEPRIMARY
TRD003979,148.28257,0.048570229,GALAXY,SDSS_DR18_SPECTROSCOPY,ZWARNING_0_SCIENCEPRIMARY
TRD003980,148.35715,-0.019001911,GALAXY,SDSS_DR18_SPECTROSCOPY,ZWARNING_0_SCIENCEPRIMARY
TRD003981,148.12516,-0.41786911,GALAXY,SDSS_DR18_SPECTROSCOPY,ZWARNING_0_SCIENCEPRIMARY
TRD003982,148.23615,-0.17441482,GALAXY,SDSS_DR18_SPECTROSCOPY,ZWARNING_0_SCIENCEPRIMARY
TRD003983,148.08477,-0.14661638,GALAXY,SDSS_DR18_SPECTROSCOPY,ZWARNING_0_SCIENCEPRIMARY
TRD003984,147.8307,-0.17603576,GALAXY,SDSS_DR18_SPECTROSCOPY,ZWARNING_0_SCIENCEPRIMARY
TRD003985,147.72827,0.13585898,GALAXY,SDSS_DR18_SPECTROSCOPY,ZWARNING_0_SCIENCEPRIMARY
TRD003986,147.92467,-0.23894113,GALAXY,SDSS_DR18_SPECTROSCOPY,ZWARNING_0_SCIENCEPRIMARY
TRD003987,148.05021,-0.086273806,GALAXY,SDSS_DR18_SPECTROSCOPY,ZWARNING_0_SCIENCEPRIMARY
TRD003988,147.8615,-0.26639602,GALAXY,SDSS_DR18_SPECTROSCOPY,ZWARNING_0_SCIENCEPRIMARY
TRD003989,147.86306,-0.16839547,GALAXY,SDSS_DR18_SPECTROSCOPY,ZWARNING_0_SCIENCEPRIMARY
TRD003990,147.93709,-0.27135387,GALAXY,SDSS_DR18_SPECTROSCOPY,ZWARNING_0_SCIENCEPRIMARY
TRD003991,147.78785,0.0098501986,GALAXY,SDSS_DR18_SPECTROSCOPY,ZWARNING_0_SCIENCEPRIMARY
TRD003992,147.90346,-0.3177735,GALAXY,SDSS_DR18_SPECTROSCOPY,ZWARNING_0_SCIENCEPRIMARY
TRD003993,147.69322,0.13053617,GALAXY,SDSS_DR18_SPECTROSCOPY,ZWARNING_0_SCIENCEPRIMARY
TRD003994,147.85775,-0.04388436,GALAXY,SDSS_DR18_SPECTROSCOPY,ZWARNING_0_SCIENCEPRIMARY
TRD003995,147.89962,-0.21525091,GALAXY,SDSS_DR18_SPECTROSCOPY,ZWARNING_0_SCIENCEPRIMARY
TRD003996,147.79347,0.12325749,GALAXY,SDSS_DR18_SPECTROSCOPY,ZWARNING_0_SCIENCEPRIMARY
TRD003997,147.73989,0.15970833,GALAXY,SDSS_DR18_SPECTROSCOPY,ZWARNING_0_SCIENCEPRIMARY
TRD003998,148.07759,-0.12739408,GALAXY,SDSS_DR18_SPECTROSCOPY,ZWARNING_0_SCIENCEPRIMARY
TRD003999,147.81045,0.046493486,GALAXY,SDSS_DR18_SPECTROSCOPY,ZWARNING_0_SCIENCEPRIMARY
TRD004000,147.74868,0.11584035,GALAXY,SDSS_DR18_SPECTROSCOPY,ZWARNING_0_SCIENCEPRIMARY
TRD004001,147.77579,0.05411649,GALAXY,SDSS_DR18_SPECTROSCOPY,ZWARNING_0_SCIENCEPRIMARY
TRD004002,147.63101,-1.1331063,GALAXY,SDSS_DR18_SPECTROSCOPY,ZWARNING_0_SCIENCEPRIMARY
TRD004003,147.7552,-0.86806671,GALAXY,SDSS_DR18_SPECTROSCOPY,ZWARNING_0_SCIENCEPRIMARY
TRD004004,147.87054,-0.95820669,GALAXY,SDSS_DR18_SPECTROSCOPY,ZWARNING_0_SCIENCEPRIMARY
TRD004005,147.70857,-0.88775026,GALAXY,SDSS_DR18_SPECTROSCOPY,ZWARNING_0_SCIENCEPRIMARY
TRD004006,147.79717,-0.77937724,GALAXY,SDSS_DR18_SPECTROSCOPY,ZWARNING_0_SCIENCEPRIMARY
TRD004007,147.90662,-1.1703902,GALAXY,SDSS_DR18_SPECTROSCOPY,ZWARNING_0_SCIENCEPRIMARY
TRD004008,147.80667,-1.1099,GALAXY,SDSS_DR18_SPECTROSCOPY,ZWARNING_0_SCIENCEPRIMARY
TRD004009,147.78838,-1.2410359,GALAXY,SDSS_DR18_SPECTROSCOPY,ZWARNING_0_SCIENCEPRIMARY
TRD004010,147.80753,-0.88459728,GALAXY,SDSS_DR18_SPECTROSCOPY,ZWARNING_0_SCIENCEPRIMARY
TRD004011,147.72206,-0.69100875,GALAXY,SDSS_DR18_SPECTROSCOPY,ZWARNING_0_SCIENCEPRIMARY
TRD004012,147.80929,-0.72849148,GALAXY,SDSS_DR18_SPECTROSCOPY,ZWARNING_0_SCIENCEPRIMARY
TRD004013,147.74008,-0.74340141,GALAXY,SDSS_DR18_SPECTROSCOPY,ZWARNING_0_SCIENCEPRIMARY
TRD004014,147.72786,-0.83489403,GALAXY,SDSS_DR18_SPECTROSCOPY,ZWARNING_0_SCIENCEPRIMARY
TRD004015,147.73297,-0.72031643,GALAXY,SDSS_DR18_SPECTROSCOPY,ZWARNING_0_SCIENCEPRIMARY
TRD004016,147.65921,-1.0037984,GALAXY,SDSS_DR18_SPECTROSCOPY,ZWARNING_0_SCIENCEPRIMARY
TRD004017,147.64572,-0.27665868,GALAXY,SDSS_DR18_SPECTROSCOPY,ZWARNING_0_SCIENCEPRIMARY
TRD004018,147.82997,-0.44150459,GALAXY,SDSS_DR18_SPECTROSCOPY,ZWARNING_0_SCIENCEPRIMARY
TRD004019,147.96631,-0.50010909,GALAXY,SDSS_DR18_SPECTROSCOPY,ZWARNING_0_SCIENCEPRIMARY
TRD004020,147.80629,-0.48122158,GALAXY,SDSS_DR18_SPECTROSCOPY,ZWARNING_0_SCIENCEPRIMARY
TRD004021,147.86931,-0.56269163,GALAXY,SDSS_DR18_SPECTROSCOPY,ZWARNING_0_SCIENCEPRIMARY
TRD004022,147.8548,-0.36901139,GALAXY,SDSS_DR18_SPECTROSCOPY,ZWARNING_0_SCIENCEPRIMARY
TRD004023,147.7359,-0.31801106,GALAXY,SDSS_DR18_SPECTROSCOPY,ZWARNING_0_SCIENCEPRIMARY
TRD004024,147.63436,-0.098223832,GALAXY,SDSS_DR18_SPECTROSCOPY,ZWARNING_0_SCIENCEPRIMARY
TRD004025,147.91036,-0.57613996,GALAXY,SDSS_DR18_SPECTROSCOPY,ZWARNING_0_SCIENCEPRIMARY
TRD004026,148.03322,-0.56225306,GALAXY,SDSS_DR18_SPECTROSCOPY,ZWARNING_0_SCIENCEPRIMARY
TRD004027,147.68812,-0.061740106,GALAXY,SDSS_DR18_SPECTROSCOPY,ZWARNING_0_SCIENCEPRIMARY
TRD004028,147.62973,-0.28923372,GALAXY,SDSS_DR18_SPECTROSCOPY,ZWARNING_0_SCIENCEPRIMARY
TRD004029,147.88098,-0.37988926,GALAXY,SDSS_DR18_SPECTROSCOPY,ZWARNING_0_SCIENCEPRIMARY
TRD004030,147.86304,-0.40424782,GALAXY,SDSS_DR18_SPECTROSCOPY,ZWARNING_0_SCIENCEPRIMARY
TRD004031,147.50021,-1.017404,GALAXY,SDSS_DR18_SPECTROSCOPY,ZWARNING_0_SCIENCEPRIMARY
TRD004032,147.24633,-1.2532563,GALAXY,SDSS_DR18_SPECTROSCOPY,ZWARNING_0_SCIENCEPRIMARY
TRD004033,147.40154,-0.83309354,GALAXY,SDSS_DR18_SPECTROSCOPY,ZWARNING_0_SCIENCEPRIMARY
TRD004034,147.37478,-0.85898878,GALAXY,SDSS_DR18_SPECTROSCOPY,ZWARNING_0_SCIENCEPRIMARY
TRD004035,147.43112,-0.86728318,GALAXY,SDSS_DR18_SPECTROSCOPY,ZWARNING_0_SCIENCEPRIMARY
TRD004036,147.48643,-0.97518784,GALAXY,SDSS_DR18_SPECTROSCOPY,ZWARNING_0_SCIENCEPRIMARY
TRD004037,147.40814,-0.88704365,GALAXY,SDSS_DR18_SPECTROSCOPY,ZWARNING_0_SCIENCEPRIMARY
TRD004038,147.404,-1.1733014,GALAXY,SDSS_DR18_SPECTROSCOPY,ZWARNING_0_SCIENCEPRIMARY
TRD004039,147.4937,-0.88315004,GALAXY,SDSS_DR18_SPECTROSCOPY,ZWARNING_0_SCIENCEPRIMARY
TRD004040,147.65468,-0.88138554,GALAXY,SDSS_DR18_SPECTROSCOPY,ZWARNING_0_SCIENCEPRIMARY
TRD004041,147.62052,-0.91486919,GALAXY,SDSS_DR18_SPECTROSCOPY,ZWARNING_0_SCIENCEPRIMARY
TRD004042,147.60714,-0.75427855,GALAXY,SDSS_DR18_SPECTROSCOPY,ZWARNING_0_SCIENCEPRIMARY
TRD004043,147.52334,-0.84953021,GALAXY,SDSS_DR18_SPECTROSCOPY,ZWARNING_0_SCIENCEPRIMARY
TRD004044,147.47438,-0.80832652,GALAXY,SDSS_DR18_SPECTROSCOPY,ZWARNING_0_SCIENCEPRIMARY
TRD004045,147.42829,-0.84007574,GALAXY,SDSS_DR18_SPECTROSCOPY,ZWARNING_0_SCIENCEPRIMARY
TRD004046,147.48496,-0.23136338,GALAXY,SDSS_DR18_SPECTROSCOPY,ZWARNING_0_SCIENCEPRIMARY
TRD004047,147.45883,-0.32263375,GALAXY,SDSS_DR18_SPECTROSCOPY,ZWARNING_0_SCIENCEPRIMARY
TRD004048,147.43725,-0.34209863,GALAXY,SDSS_DR18_SPECTROSCOPY,ZWARNING_0_SCIENCEPRIMARY
TRD004049,147.43912,0.046829915,GALAXY,SDSS_DR18_SPECTROSCOPY,ZWARNING_0_SCIENCEPRIMARY
TRD004050,147.51706,0.04412864,GALAXY,SDSS_DR18_SPECTROSCOPY,ZWARNING_0_SCIENCEPRIMARY
TRD004051,147.4701,-0.35133896,GALAXY,SDSS_DR18_SPECTROSCOPY,ZWARNING_0_SCIENCEPRIMARY
TRD004052,147.56782,-0.28138654,GALAXY,SDSS_DR18_SPECTROSCOPY,ZWARNING_0_SCIENCEPRIMARY
TRD004053,147.46847,-0.45818737,GALAXY,SDSS_DR18_SPECTROSCOPY,ZWARNING_0_SCIENCEPRIMARY
TRD004054,147.46024,-0.30102857,GALAXY,SDSS_DR18_SPECTROSCOPY,ZWARNING_0_SCIENCEPRIMARY
TRD004055,147.59691,-0.32988611,GALAXY,SDSS_DR18_SPECTROSCOPY,ZWARNING_0_SCIENCEPRIMARY
TRD004056,147.57061,-0.43424172,GALAXY,SDSS_DR18_SPECTROSCOPY,ZWARNING_0_SCIENCEPRIMARY
TRD004057,147.7083,0.19797583,GALAXY,SDSS_DR18_SPECTROSCOPY,ZWARNING_0_SCIENCEPRIMARY
TRD004058,147.47772,-0.16522961,GALAXY,SDSS_DR18_SPECTROSCOPY,ZWARNING_0_SCIENCEPRIMARY
TRD004059,147.4905,-0.31634141,GALAXY,SDSS_DR18_SPECTROSCOPY,ZWARNING_0_SCIENCEPRIMARY
TRD004060,147.17678,-0.95284717,GALAXY,SDSS_DR18_SPECTROSCOPY,ZWARNING_0_SCIENCEPRIMARY
TRD004061,147.15075,-1.173309,GALAXY,SDSS_DR18_SPECTROSCOPY,ZWARNING_0_SCIENCEPRIMARY
TRD004062,147.20493,-0.88747863,GALAXY,SDSS_DR18_SPECTROSCOPY,ZWARNING_0_SCIENCEPRIMARY
TRD004063,147.16557,-0.89132692,GALAXY,SDSS_DR18_SPECTROSCOPY,ZWARNING_0_SCIENCEPRIMARY
TRD004064,147.19617,-1.2085178,GALAXY,SDSS_DR18_SPECTROSCOPY,ZWARNING_0_SCIENCEPRIMARY
TRD004065,146.86807,-1.1923667,GALAXY,SDSS_DR18_SPECTROSCOPY,ZWARNING_0_SCIENCEPRIMARY
TRD004066,147.07152,-1.2306963,GALAXY,SDSS_DR18_SPECTROSCOPY,ZWARNING_0_SCIENCEPRIMARY
TRD004067,147.22992,-0.89837162,GALAXY,SDSS_DR18_SPECTROSCOPY,ZWARNING_0_SCIENCEPRIMARY
TRD004068,147.07786,-0.87301304,GALAXY,SDSS_DR18_SPECTROSCOPY,ZWARNING_0_SCIENCEPRIMARY
TRD004069,147.27217,-0.67572859,GALAXY,SDSS_DR18_SPECTROSCOPY,ZWARNING_0_SCIENCEPRIMARY
TRD004070,147.2077,-1.1858975,GALAXY,SDSS_DR18_SPECTROSCOPY,ZWARNING_0_SCIENCEPRIMARY
TRD004071,146.88131,-0.51417256,GALAXY,SDSS_DR18_SPECTROSCOPY,ZWARNING_0_SCIENCEPRIMARY
TRD004072,146.94621,-1.2129408,GALAXY,SDSS_DR18_SPECTROSCOPY,ZWARNING_0_SCIENCEPRIMARY
TRD004073,146.78847,-0.31065752,GALAXY,SDSS_DR18_SPECTROSCOPY,ZWARNING_0_SCIENCEPRIMARY
TRD004074,147.39993,-0.55694386,GALAXY,SDSS_DR18_SPECTROSCOPY,ZWARNING_0_SCIENCEPRIMARY
TRD004075,146.9108,-0.074559356,GALAXY,SDSS_DR18_SPECTROSCOPY,ZWARNING_0_SCIENCEPRIMARY
TRD004076,147.34191,-0.54030367,GALAXY,SDSS_DR18_SPECTROSCOPY,ZWARNING_0_SCIENCEPRIMARY
TRD004077,147.36287,-0.32793275,GALAXY,SDSS_DR18_SPECTROSCOPY,ZWARNING_0_SCIENCEPRIMARY
TRD004078,147.22073,-0.29316914,GALAXY,SDSS_DR18_SPECTROSCOPY,ZWARNING_0_SCIENCEPRIMARY
TRD004079,146.75722,0.0084061309,GALAXY,SDSS_DR18_SPECTROSCOPY,ZWARNING_0_SCIENCEPRIMARY
TRD004080,147.39152,-0.24981181,GALAXY,SDSS_DR18_SPECTROSCOPY,ZWARNING_0_SCIENCEPRIMARY
TRD004081,146.82604,-0.33740932,GALAXY,SDSS_DR18_SPECTROSCOPY,ZWARNING_0_SCIENCEPRIMARY
TRD004082,147.40538,0.11135887,GALAXY,SDSS_DR18_SPECTROSCOPY,ZWARNING_0_SCIENCEPRIMARY
TRD004083,147.2941,0.14651592,GALAXY,SDSS_DR18_SPECTROSCOPY,ZWARNING_0_SCIENCEPRIMARY
TRD004084,146.72968,-0.25966202,GALAXY,SDSS_DR18_SPECTROSCOPY,ZWARNING_0_SCIENCEPRIMARY
TRD004085,147.08843,-0.25609269,GALAXY,SDSS_DR18_SPECTROSCOPY,ZWARNING_0_SCIENCEPRIMARY
TRD004086,147.49765,0.10419984,GALAXY,SDSS_DR18_SPECTROSCOPY,ZWARNING_0_SCIENCEPRIMARY
TRD004087,147.38902,0.09016696,GALAXY,SDSS_DR18_SPECTROSCOPY,ZWARNING_0_SCIENCEPRIMARY
TRD004088,147.37888,-0.38506069,GALAXY,SDSS_DR18_SPECTROSCOPY,ZWARNING_0_SCIENCEPRIMARY
TRD004089,146.96299,1.1877911,GALAXY,SDSS_DR18_SPECTROSCOPY,ZWARNING_0_SCIENCEPRIMARY
TRD004090,147.17196,1.1956607,GALAXY,SDSS_DR18_SPECTROSCOPY,ZWARNING_0_SCIENCEPRIMARY
TRD004091,147.04649,1.1119265,GALAXY,SDSS_DR18_SPECTROSCOPY,ZWARNING_0_SCIENCEPRIMARY
TRD004092,147.24571,1.1384966,GALAXY,SDSS_DR18_SPECTROSCOPY,ZWARNING_0_SCIENCEPRIMARY
TRD004093,147.19636,1.0532201,GALAXY,SDSS_DR18_SPECTROSCOPY,ZWARNING_0_SCIENCEPRIMARY
TRD004094,147.09307,0.91700535,GALAXY,SDSS_DR18_SPECTROSCOPY,ZWARNING_0_SCIENCEPRIMARY
TRD004095,147.16742,0.9439156,GALAXY,SDSS_DR18_SPECTROSCOPY,ZWARNING_0_SCIENCEPRIMARY
TRD004096,147.31346,0.89716009,GALAXY,SDSS_DR18_SPECTROSCOPY,ZWARNING_0_SCIENCEPRIMARY
TRD004097,147.30638,1.1777612,GALAXY,SDSS_DR18_SPECTROSCOPY,ZWARNING_0_SCIENCEPRIMARY
TRD004098,147.31845,0.82160167,GALAXY,SDSS_DR18_SPECTROSCOPY,ZWARNING_0_SCIENCEPRIMARY
TRD004099,147.20183,0.92040828,GALAXY,SDSS_DR18_SPECTROSCOPY,ZWARNING_0_SCIENCEPRIMARY
TRD004100,147.33565,1.1533879,GALAXY,SDSS_DR18_SPECTROSCOPY,ZWARNING_0_SCIENCEPRIMARY
TRD004101,147.27313,0.83022894,GALAXY,SDSS_DR18_SPECTROSCOPY,ZWARNING_0_SCIENCEPRIMARY
TRD004102,147.04945,1.0050011,GALAXY,SDSS_DR18_SPECTROSCOPY,ZWARNING_0_SCIENCEPRIMARY
TRD004103,147.43172,0.45632675,GALAXY,SDSS_DR18_SPECTROSCOPY,ZWARNING_0_SCIENCEPRIMARY
TRD004104,147.32443,0.66098239,GALAXY,SDSS_DR18_SPECTROSCOPY,ZWARNING_0_SCIENCEPRIMARY
TRD004105,147.16549,0.43377448,GALAXY,SDSS_DR18_SPECTROSCOPY,ZWARNING_0_SCIENCEPRIMARY
TRD004106,146.7729,0.70115846,GALAXY,SDSS_DR18_SPECTROSCOPY,ZWARNING_0_SCIENCEPRIMARY
TRD004107,147.37271,0.24256335,GALAXY,SDSS_DR18_SPECTROSCOPY,ZWARNING_0_SCIENCEPRIMARY
TRD004108,147.34962,0.39104812,GALAXY,SDSS_DR18_SPECTROSCOPY,ZWARNING_0_SCIENCEPRIMARY
TRD004109,147.30934,0.3442723,GALAXY,SDSS_DR18_SPECTROSCOPY,ZWARNING_0_SCIENCEPRIMARY
TRD004110,146.72333,0.50733857,GALAXY,SDSS_DR18_SPECTROSCOPY,ZWARNING_0_SCIENCEPRIMARY
TRD004111,147.36684,0.9683458,GALAXY,SDSS_DR18_SPECTROSCOPY,ZWARNING_0_SCIENCEPRIMARY
TRD004112,147.42873,1.1074838,GALAXY,SDSS_DR18_SPECTROSCOPY,ZWARNING_0_SCIENCEPRIMARY
TRD004113,147.45678,1.0925697,GALAXY,SDSS_DR18_SPECTROSCOPY,ZWARNING_0_SCIENCEPRIMARY
TRD004114,147.48325,1.1850187,GALAXY,SDSS_DR18_SPECTROSCOPY,ZWARNING_0_SCIENCEPRIMARY
TRD004115,147.51478,0.83430352,GALAXY,SDSS_DR18_SPECTROSCOPY,ZWARNING_0_SCIENCEPRIMARY
TRD004116,147.51138,1.100611,GALAXY,SDSS_DR18_SPECTROSCOPY,ZWARNING_0_SCIENCEPRIMARY
TRD004117,147.50311,0.84813827,GALAXY,SDSS_DR18_SPECTROSCOPY,ZWARNING_0_SCIENCEPRIMARY
TRD004118,147.42242,0.85559369,GALAXY,SDSS_DR18_SPECTROSCOPY,ZWARNING_0_SCIENCEPRIMARY
TRD004119,147.51772,1.1528299,GALAXY,SDSS_DR18_SPECTROSCOPY,ZWARNING_0_SCIENCEPRIMARY
TRD004120,147.64263,0.78011335,GALAXY,SDSS_DR18_SPECTROSCOPY,ZWARNING_0_SCIENCEPRIMARY
TRD004121,147.47507,0.80458016,GALAXY,SDSS_DR18_SPECTROSCOPY,ZWARNING_0_SCIENCEPRIMARY
TRD004122,147.33859,0.79272399,GALAXY,SDSS_DR18_SPECTROSCOPY,ZWARNING_0_SCIENCEPRIMARY
TRD004123,147.56153,1.2298604,GALAXY,SDSS_DR18_SPECTROSCOPY,ZWARNING_0_SCIENCEPRIMARY
TRD004124,147.45095,0.83770769,GALAXY,SDSS_DR18_SPECTROSCOPY,ZWARNING_0_SCIENCEPRIMARY
TRD004125,147.45014,0.75806793,GALAXY,SDSS_DR18_SPECTROSCOPY,ZWARNING_0_SCIENCEPRIMARY
TRD004126,147.53905,0.59759859,GALAXY,SDSS_DR18_SPECTROSCOPY,ZWARNING_0_SCIENCEPRIMARY
TRD004127,147.51314,0.71902039,GALAXY,SDSS_DR18_SPECTROSCOPY,ZWARNING_0_SCIENCEPRIMARY
TRD004128,147.55219,0.53963391,GALAXY,SDSS_DR18_SPECTROSCOPY,ZWARNING_0_SCIENCEPRIMARY
TRD004129,147.47559,0.61629296,GALAXY,SDSS_DR18_SPECTROSCOPY,ZWARNING_0_SCIENCEPRIMARY
TRD004130,147.50009,0.64493882,GALAXY,SDSS_DR18_SPECTROSCOPY,ZWARNING_0_SCIENCEPRIMARY
TRD004131,147.52575,0.51223237,GALAXY,SDSS_DR18_SPECTROSCOPY,ZWARNING_0_SCIENCEPRIMARY
TRD004132,147.51757,0.45016298,GALAXY,SDSS_DR18_SPECTROSCOPY,ZWARNING_0_SCIENCEPRIMARY
TRD004133,147.54778,0.66767806,GALAXY,SDSS_DR18_SPECTROSCOPY,ZWARNING_0_SCIENCEPRIMARY
TRD004134,147.46057,0.61188203,GALAXY,SDSS_DR18_SPECTROSCOPY,ZWARNING_0_SCIENCEPRIMARY
TRD004135,147.52494,0.53880446,GALAXY,SDSS_DR18_SPECTROSCOPY,ZWARNING_0_SCIENCEPRIMARY
TRD004136,147.47106,0.3150296,GALAXY,SDSS_DR18_SPECTROSCOPY,ZWARNING_0_SCIENCEPRIMARY
TRD004137,147.50223,0.54138405,GALAXY,SDSS_DR18_SPECTROSCOPY,ZWARNING_0_SCIENCEPRIMARY
TRD004138,147.50014,0.3590334,GALAXY,SDSS_DR18_SPECTROSCOPY,ZWARNING_0_SCIENCEPRIMARY
TRD004139,147.58299,0.30968378,GALAXY,SDSS_DR18_SPECTROSCOPY,ZWARNING_0_SCIENCEPRIMARY
TRD004140,147.49091,0.53099268,GALAXY,SDSS_DR18_SPECTROSCOPY,ZWARNING_0_SCIENCEPRIMARY
TRD004141,147.5686,0.7060949,GALAXY,SDSS_DR18_SPECTROSCOPY,ZWARNING_0_SCIENCEPRIMARY
TRD004142,147.54677,0.56461052,GALAXY,SDSS_DR18_SPECTROSCOPY,ZWARNING_0_SCIENCEPRIMARY
TRD004143,147.45621,0.51267418,GALAXY,SDSS_DR18_SPECTROSCOPY,ZWARNING_0_SCIENCEPRIMARY
TRD004144,147.69204,1.1795035,GALAXY,SDSS_DR18_SPECTROSCOPY,ZWARNING_0_SCIENCEPRIMARY
TRD004145,147.66407,1.210253,GALAXY,SDSS_DR18_SPECTROSCOPY,ZWARNING_0_SCIENCEPRIMARY
TRD004146,147.8556,0.93210938,GALAXY,SDSS_DR18_SPECTROSCOPY,ZWARNING_0_SCIENCEPRIMARY
TRD004147,147.62725,1.220489,GALAXY,SDSS_DR18_SPECTROSCOPY,ZWARNING_0_SCIENCEPRIMARY
TRD004148,147.88701,0.78927231,GALAXY,SDSS_DR18_SPECTROSCOPY,ZWARNING_0_SCIENCEPRIMARY
TRD004149,147.70565,0.92256808,GALAXY,SDSS_DR18_SPECTROSCOPY,ZWARNING_0_SCIENCEPRIMARY
TRD004150,147.72594,1.1926648,GALAXY,SDSS_DR18_SPECTROSCOPY,ZWARNING_0_SCIENCEPRIMARY
TRD004151,147.70917,1.148224,GALAXY,SDSS_DR18_SPECTROSCOPY,ZWARNING_0_SCIENCEPRIMARY
TRD004152,147.68664,0.88235642,GALAXY,SDSS_DR18_SPECTROSCOPY,ZWARNING_0_SCIENCEPRIMARY
TRD004153,147.81589,0.84598526,GALAXY,SDSS_DR18_SPECTROSCOPY,ZWARNING_0_SCIENCEPRIMARY
TRD004154,147.78993,0.91617023,GALAXY,SDSS_DR18_SPECTROSCOPY,ZWARNING_0_SCIENCEPRIMARY
TRD004155,147.76167,0.86981835,GALAXY,SDSS_DR18_SPECTROSCOPY,ZWARNING_0_SCIENCEPRIMARY
TRD004156,147.79689,0.77265689,GALAXY,SDSS_DR18_SPECTROSCOPY,ZWARNING_0_SCIENCEPRIMARY
TRD004157,147.74024,0.86319252,GALAXY,SDSS_DR18_SPECTROSCOPY,ZWARNING_0_SCIENCEPRIMARY
TRD004158,147.83541,0.89975941,GALAXY,SDSS_DR18_SPECTROSCOPY,ZWARNING_0_SCIENCEPRIMARY
TRD004159,147.70052,0.82952751,GALAXY,SDSS_DR18_SPECTROSCOPY,ZWARNING_0_SCIENCEPRIMARY
TRD004160,147.61928,0.74705046,GALAXY,SDSS_DR18_SPECTROSCOPY,ZWARNING_0_SCIENCEPRIMARY
TRD004161,147.5984,0.30336233,GALAXY,SDSS_DR18_SPECTROSCOPY,ZWARNING_0_SCIENCEPRIMARY
TRD004162,147.74002,0.61567399,GALAXY,SDSS_DR18_SPECTROSCOPY,ZWARNING_0_SCIENCEPRIMARY
TRD004163,147.67103,0.66726577,GALAXY,SDSS_DR18_SPECTROSCOPY,ZWARNING_0_SCIENCEPRIMARY
TRD004164,147.59101,0.73643446,GALAXY,SDSS_DR18_SPECTROSCOPY,ZWARNING_0_SCIENCEPRIMARY
TRD004165,147.63041,0.40751089,GALAXY,SDSS_DR18_SPECTROSCOPY,ZWARNING_0_SCIENCEPRIMARY
TRD004166,147.72238,0.60230019,GALAXY,SDSS_DR18_SPECTROSCOPY,ZWARNING_0_SCIENCEPRIMARY
TRD004167,147.65778,0.42546506,GALAXY,SDSS_DR18_SPECTROSCOPY,ZWARNING_0_SCIENCEPRIMARY
TRD004168,147.89525,0.25563302,GALAXY,SDSS_DR18_SPECTROSCOPY,ZWARNING_0_SCIENCEPRIMARY
TRD004169,147.86563,0.5020026,GALAXY,SDSS_DR18_SPECTROSCOPY,ZWARNING_0_SCIENCEPRIMARY
TRD004170,147.72897,0.76968722,GALAXY,SDSS_DR18_SPECTROSCOPY,ZWARNING_0_SCIENCEPRIMARY
TRD004171,147.73956,0.63468838,GALAXY,SDSS_DR18_SPECTROSCOPY,ZWARNING_0_SCIENCEPRIMARY
TRD004172,147.7793,0.22625902,GALAXY,SDSS_DR18_SPECTROSCOPY,ZWARNING_0_SCIENCEPRIMARY
TRD004173,147.70082,0.65954872,GALAXY,SDSS_DR18_SPECTROSCOPY,ZWARNING_0_SCIENCEPRIMARY
TRD004174,147.86458,0.25588937,GALAXY,SDSS_DR18_SPECTROSCOPY,ZWARNING_0_SCIENCEPRIMARY
TRD004175,147.91077,1.0319759,GALAXY,SDSS_DR18_SPECTROSCOPY,ZWARNING_0_SCIENCEPRIMARY
TRD004176,148.0158,1.1484408,GALAXY,SDSS_DR18_SPECTROSCOPY,ZWARNING_0_SCIENCEPRIMARY
TRD004177,147.99892,1.0464703,GALAXY,SDSS_DR18_SPECTROSCOPY,ZWARNING_0_SCIENCEPRIMARY
TRD004178,147.95673,1.1428177,GALAXY,SDSS_DR18_SPECTROSCOPY,ZWARNING_0_SCIENCEPRIMARY
TRD004179,147.82756,1.1323062,GALAXY,SDSS_DR18_SPECTROSCOPY,ZWARNING_0_SCIENCEPRIMARY
TRD004180,147.89586,1.1120728,GALAXY,SDSS_DR18_SPECTROSCOPY,ZWARNING_0_SCIENCEPRIMARY
TRD004181,147.93739,1.2099997,GALAXY,SDSS_DR18_SPECTROSCOPY,ZWARNING_0_SCIENCEPRIMARY
TRD004182,147.99447,0.98467764,GALAXY,SDSS_DR18_SPECTROSCOPY,ZWARNING_0_SCIENCEPRIMARY
TRD004183,147.96838,0.76446076,GALAXY,SDSS_DR18_SPECTROSCOPY,ZWARNING_0_SCIENCEPRIMARY
TRD004184,147.83631,1.0717713,GALAXY,SDSS_DR18_SPECTROSCOPY,ZWARNING_0_SCIENCEPRIMARY
TRD004185,147.97111,1.1016382,GALAXY,SDSS_DR18_SPECTROSCOPY,ZWARNING_0_SCIENCEPRIMARY
TRD004186,147.99331,0.93640433,GALAXY,SDSS_DR18_SPECTROSCOPY,ZWARNING_0_SCIENCEPRIMARY
TRD004187,147.89257,1.1388515,GALAXY,SDSS_DR18_SPECTROSCOPY,ZWARNING_0_SCIENCEPRIMARY
TRD004188,147.98555,1.1110018,GALAXY,SDSS_DR18_SPECTROSCOPY,ZWARNING_0_SCIENCEPRIMARY
TRD004189,148.01434,0.87120136,GALAXY,SDSS_DR18_SPECTROSCOPY,ZWARNING_0_SCIENCEPRIMARY
TRD004190,147.9313,0.95214425,GALAXY,SDSS_DR18_SPECTROSCOPY,ZWARNING_0_SCIENCEPRIMARY
TRD004191,147.97524,0.71403702,GALAXY,SDSS_DR18_SPECTROSCOPY,ZWARNING_0_SCIENCEPRIMARY
TRD004192,148.00626,0.34887564,GALAXY,SDSS_DR18_SPECTROSCOPY,ZWARNING_0_SCIENCEPRIMARY
TRD004193,147.92802,0.49422737,GALAXY,SDSS_DR18_SPECTROSCOPY,ZWARNING_0_SCIENCEPRIMARY
TRD004194,147.95132,0.60521717,GALAXY,SDSS_DR18_SPECTROSCOPY,ZWARNING_0_SCIENCEPRIMARY
TRD004195,148.13452,0.23581516,GALAXY,SDSS_DR18_SPECTROSCOPY,ZWARNING_0_SCIENCEPRIMARY
TRD004196,148.13094,0.20183335,GALAXY,SDSS_DR18_SPECTROSCOPY,ZWARNING_0_SCIENCEPRIMARY
TRD004197,147.94533,0.33047679,GALAXY,SDSS_DR18_SPECTROSCOPY,ZWARNING_0_SCIENCEPRIMARY
TRD004198,147.99765,0.45431067,GALAXY,SDSS_DR18_SPECTROSCOPY,ZWARNING_0_SCIENCEPRIMARY
TRD004199,148.06682,0.64561747,GALAXY,SDSS_DR18_SPECTROSCOPY,ZWARNING_0_SCIENCEPRIMARY
TRD004200,147.89741,0.67591946,GALAXY,SDSS_DR18_SPECTROSCOPY,ZWARNING_0_SCIENCEPRIMARY
TRD004201,148.06874,0.5475899,GALAXY,SDSS_DR18_SPECTROSCOPY,ZWARNING_0_SCIENCEPRIMARY
TRD004202,147.94919,0.29022669,GALAXY,SDSS_DR18_SPECTROSCOPY,ZWARNING_0_SCIENCEPRIMARY
TRD004203,148.0587,0.23593928,GALAXY,SDSS_DR18_SPECTROSCOPY,ZWARNING_0_SCIENCEPRIMARY
TRD004204,147.89718,0.43473978,GALAXY,SDSS_DR18_SPECTROSCOPY,ZWARNING_0_SCIENCEPRIMARY
TRD004205,148.0828,0.20366493,GALAXY,SDSS_DR18_SPECTROSCOPY,ZWARNING_0_SCIENCEPRIMARY
TRD004206,147.90535,0.41213467,GALAXY,SDSS_DR18_SPECTROSCOPY,ZWARNING_0_SCIENCEPRIMARY
TRD004207,147.9647,0.6583516,GALAXY,SDSS_DR18_SPECTROSCOPY,ZWARNING_0_SCIENCEPRIMARY
TRD004208,147.93482,0.26840802,GALAXY,SDSS_DR18_SPECTROSCOPY,ZWARNING_0_SCIENCEPRIMARY
TRD004209,148.1863,0.62503698,GALAXY,SDSS_DR18_SPECTROSCOPY,ZWARNING_0_SCIENCEPRIMARY
TRD004210,148.23685,0.61102889,GALAXY,SDSS_DR18_SPECTROSCOPY,ZWARNING_0_SCIENCEPRIMARY
TRD004211,148.24725,0.50288721,GALAXY,SDSS_DR18_SPECTROSCOPY,ZWARNING_0_SCIENCEPRIMARY
TRD004212,148.31783,0.66672233,GALAXY,SDSS_DR18_SPECTROSCOPY,ZWARNING_0_SCIENCEPRIMARY
TRD004213,148.18812,0.75165767,GALAXY,SDSS_DR18_SPECTROSCOPY,ZWARNING_0_SCIENCEPRIMARY
TRD004214,148.29024,0.58349607,GALAXY,SDSS_DR18_SPECTROSCOPY,ZWARNING_0_SCIENCEPRIMARY
TRD004215,148.15677,0.30885575,GALAXY,SDSS_DR18_SPECTROSCOPY,ZWARNING_0_SCIENCEPRIMARY
TRD004216,148.23848,0.54952673,GALAXY,SDSS_DR18_SPECTROSCOPY,ZWARNING_0_SCIENCEPRIMARY
TRD004217,148.18203,0.53722087,GALAXY,SDSS_DR18_SPECTROSCOPY,ZWARNING_0_SCIENCEPRIMARY
TRD004218,148.16746,0.53038622,GALAXY,SDSS_DR18_SPECTROSCOPY,ZWARNING_0_SCIENCEPRIMARY
TRD004219,148.14636,0.24905748,GALAXY,SDSS_DR18_SPECTROSCOPY,ZWARNING_0_SCIENCEPRIMARY
TRD004220,148.29325,0.20397009,GALAXY,SDSS_DR18_SPECTROSCOPY,ZWARNING_0_SCIENCEPRIMARY
TRD004221,148.2522,0.24086148,GALAXY,SDSS_DR18_SPECTROSCOPY,ZWARNING_0_SCIENCEPRIMARY
TRD004222,148.30689,0.38998363,GALAXY,SDSS_DR18_SPECTROSCOPY,ZWARNING_0_SCIENCEPRIMARY
TRD004223,148.2334,0.3577425,GALAXY,SDSS_DR18_SPECTROSCOPY,ZWARNING_0_SCIENCEPRIMARY
TRD004224,148.25575,0.29638612,GALAXY,SDSS_DR18_SPECTROSCOPY,ZWARNING_0_SCIENCEPRIMARY
TRD004225,148.31189,0.64998063,GALAXY,SDSS_DR18_SPECTROSCOPY,ZWARNING_0_SCIENCEPRIMARY
TRD004226,148.30796,0.62854595,GALAXY,SDSS_DR18_SPECTROSCOPY,ZWARNING_0_SCIENCEPRIMARY
TRD004227,148.41382,0.59534421,GALAXY,SDSS_DR18_SPECTROSCOPY,ZWARNING_0_SCIENCEPRIMARY
TRD004228,148.4105,0.52682083,GALAXY,SDSS_DR18_SPECTROSCOPY,ZWARNING_0_SCIENCEPRIMARY
TRD004229,148.33526,0.72067232,GALAXY,SDSS_DR18_SPECTROSCOPY,ZWARNING_0_SCIENCEPRIMARY
TRD004230,148.4297,0.66652892,GALAXY,SDSS_DR18_SPECTROSCOPY,ZWARNING_0_SCIENCEPRIMARY
TRD004231,148.33426,0.69772982,GALAXY,SDSS_DR18_SPECTROSCOPY,ZWARNING_0_SCIENCEPRIMARY
TRD004232,148.42935,0.57138303,GALAXY,SDSS_DR18_SPECTROSCOPY,ZWARNING_0_SCIENCEPRIMARY
TRD004233,148.39516,0.59630101,GALAXY,SDSS_DR18_SPECTROSCOPY,ZWARNING_0_SCIENCEPRIMARY
TRD004234,148.40289,0.75513614,GALAXY,SDSS_DR18_SPECTROSCOPY,ZWARNING_0_SCIENCEPRIMARY
TRD004235,148.3768,0.44866958,GALAXY,SDSS_DR18_SPECTROSCOPY,ZWARNING_0_SCIENCEPRIMARY
TRD004236,148.34105,0.52984944,GALAXY,SDSS_DR18_SPECTROSCOPY,ZWARNING_0_SCIENCEPRIMARY
TRD004237,148.35487,0.48701206,GALAXY,SDSS_DR18_SPECTROSCOPY,ZWARNING_0_SCIENCEPRIMARY
TRD004238,148.41006,0.61535483,GALAXY,SDSS_DR18_SPECTROSCOPY,ZWARNING_0_SCIENCEPRIMARY
TRD004239,148.40998,0.42522767,GALAXY,SDSS_DR18_SPECTROSCOPY,ZWARNING_0_SCIENCEPRIMARY
TRD004240,148.42275,0.48484471,GALAXY,SDSS_DR18_SPECTROSCOPY,ZWARNING_0_SCIENCEPRIMARY
TRD004241,148.33551,0.62868702,GALAXY,SDSS_DR18_SPECTROSCOPY,ZWARNING_0_SCIENCEPRIMARY
TRD004242,148.44366,0.49440186,GALAXY,SDSS_DR18_SPECTROSCOPY,ZWARNING_0_SCIENCEPRIMARY
TRD004243,148.06238,1.2082125,GALAXY,SDSS_DR18_SPECTROSCOPY,ZWARNING_0_SCIENCEPRIMARY
TRD004244,148.04775,1.0954677,GALAXY,SDSS_DR18_SPECTROSCOPY,ZWARNING_0_SCIENCEPRIMARY
TRD004245,148.04667,1.1789327,GALAXY,SDSS_DR18_SPECTROSCOPY,ZWARNING_0_SCIENCEPRIMARY
TRD004246,148.20526,1.0561776,GALAXY,SDSS_DR18_SPECTROSCOPY,ZWARNING_0_SCIENCEPRIMARY
TRD004247,148.11748,1.2269232,GALAXY,SDSS_DR18_SPECTROSCOPY,ZWARNING_0_SCIENCEPRIMARY
TRD004248,148.23259,1.0715144,GALAXY,SDSS_DR18_SPECTROSCOPY,ZWARNING_0_SCIENCEPRIMARY
TRD004249,148.16127,1.1031797,GALAXY,SDSS_DR18_SPECTROSCOPY,ZWARNING_0_SCIENCEPRIMARY
TRD004250,148.10327,1.2529087,GALAXY,SDSS_DR18_SPECTROSCOPY,ZWARNING_0_SCIENCEPRIMARY
TRD004251,148.27844,1.2497718,GALAXY,SDSS_DR18_SPECTROSCOPY,ZWARNING_0_SCIENCEPRIMARY
TRD004252,148.07488,0.88948517,GALAXY,SDSS_DR18_SPECTROSCOPY,ZWARNING_0_SCIENCEPRIMARY
TRD004253,148.18634,1.0591506,GALAXY,SDSS_DR18_SPECTROSCOPY,ZWARNING_0_SCIENCEPRIMARY
TRD004254,148.08728,0.97031516,GALAXY,SDSS_DR18_SPECTROSCOPY,ZWARNING_0_SCIENCEPRIMARY
TRD004255,148.13787,0.98408445,GALAXY,SDSS_DR18_SPECTROSCOPY,ZWARNING_0_SCIENCEPRIMARY
TRD004256,148.20619,0.95540114,GALAXY,SDSS_DR18_SPECTROSCOPY,ZWARNING_0_SCIENCEPRIMARY
TRD004257,148.05468,0.92452048,GALAXY,SDSS_DR18_SPECTROSCOPY,ZWARNING_0_SCIENCEPRIMARY
TRD004258,148.03551,0.929627,GALAXY,SDSS_DR18_SPECTROSCOPY,ZWARNING_0_SCIENCEPRIMARY
TRD004259,148.27178,0.8443218,GALAXY,SDSS_DR18_SPECTROSCOPY,ZWARNING_0_SCIENCEPRIMARY
TRD004260,148.03558,0.97315437,GALAXY,SDSS_DR18_SPECTROSCOPY,ZWARNING_0_SCIENCEPRIMARY
TRD004261,148.52474,0.65054949,GALAXY,SDSS_DR18_SPECTROSCOPY,ZWARNING_0_SCIENCEPRIMARY
TRD004262,148.56238,0.56457321,GALAXY,SDSS_DR18_SPECTROSCOPY,ZWARNING_0_SCIENCEPRIMARY
TRD004263,148.46686,0.56135996,GALAXY,SDSS_DR18_SPECTROSCOPY,ZWARNING_0_SCIENCEPRIMARY
TRD004264,148.54249,0.60547208,GALAXY,SDSS_DR18_SPECTROSCOPY,ZWARNING_0_SCIENCEPRIMARY
TRD004265,148.61056,0.47630546,GALAXY,SDSS_DR18_SPECTROSCOPY,ZWARNING_0_SCIENCEPRIMARY
TRD004266,148.58608,0.67695265,GALAXY,SDSS_DR18_SPECTROSCOPY,ZWARNING_0_SCIENCEPRIMARY
TRD004267,148.55894,0.63831949,GALAXY,SDSS_DR18_SPECTROSCOPY,ZWARNING_0_SCIENCEPRIMARY
TRD004268,148.50585,0.49759475,GALAXY,SDSS_DR18_SPECTROSCOPY,ZWARNING_0_SCIENCEPRIMARY
TRD004269,148.64297,0.69178339,GALAXY,SDSS_DR18_SPECTROSCOPY,ZWARNING_0_SCIENCEPRIMARY
TRD004270,148.60823,0.60640483,GALAXY,SDSS_DR18_SPECTROSCOPY,ZWARNING_0_SCIENCEPRIMARY
TRD004271,148.53515,0.33165732,GALAXY,SDSS_DR18_SPECTROSCOPY,ZWARNING_0_SCIENCEPRIMARY
TRD004272,148.45264,0.20496516,GALAXY,SDSS_DR18_SPECTROSCOPY,ZWARNING_0_SCIENCEPRIMARY
TRD004273,148.46508,0.42882728,GALAXY,SDSS_DR18_SPECTROSCOPY,ZWARNING_0_SCIENCEPRIMARY
TRD004274,148.50917,0.23923705,GALAXY,SDSS_DR18_SPECTROSCOPY,ZWARNING_0_SCIENCEPRIMARY
TRD004275,148.55923,0.25539659,GALAXY,SDSS_DR18_SPECTROSCOPY,ZWARNING_0_SCIENCEPRIMARY
TRD004276,148.61933,0.25455036,GALAXY,SDSS_DR18_SPECTROSCOPY,ZWARNING_0_SCIENCEPRIMARY
TRD004277,148.34836,1.0864122,GALAXY,SDSS_DR18_SPECTROSCOPY,ZWARNING_0_SCIENCEPRIMARY
TRD004278,148.34463,1.1424065,GALAXY,SDSS_DR18_SPECTROSCOPY,ZWARNING_0_SCIENCEPRIMARY
TRD004279,148.29094,1.1770019,GALAXY,SDSS_DR18_SPECTROSCOPY,ZWARNING_0_SCIENCEPRIMARY
TRD004280,148.33607,1.0306268,GALAXY,SDSS_DR18_SPECTROSCOPY,ZWARNING_0_SCIENCEPRIMARY
TRD004281,148.40118,1.0127249,GALAXY,SDSS_DR18_SPECTROSCOPY,ZWARNING_0_SCIENCEPRIMARY
TRD004282,148.32598,0.88944426,GALAXY,SDSS_DR18_SPECTROSCOPY,ZWARNING_0_SCIENCEPRIMARY
TRD004283,148.41749,0.9181401,GALAXY,SDSS_DR18_SPECTROSCOPY,ZWARNING_0_SCIENCEPRIMARY
TRD004284,148.30144,0.97190834,GALAXY,SDSS_DR18_SPECTROSCOPY,ZWARNING_0_SCIENCEPRIMARY
TRD004285,148.35329,0.91225836,GALAXY,SDSS_DR18_SPECTROSCOPY,ZWARNING_0_SCIENCEPRIMARY
TRD004286,148.28534,0.7705913,GALAXY,SDSS_DR18_SPECTROSCOPY,ZWARNING_0_SCIENCEPRIMARY
TRD004287,148.29993,1.0584058,GALAXY,SDSS_DR18_SPECTROSCOPY,ZWARNING_0_SCIENCEPRIMARY
TRD004288,148.34859,0.77161295,GALAXY,SDSS_DR18_SPECTROSCOPY,ZWARNING_0_SCIENCEPRIMARY
TRD004289,148.55166,0.80530386,GALAXY,SDSS_DR18_SPECTROSCOPY,ZWARNING_0_SCIENCEPRIMARY
TRD004290,148.38996,0.92365105,GALAXY,SDSS_DR18_SPECTROSCOPY,ZWARNING_0_SCIENCEPRIMARY
TRD004291,148.29933,0.85746074,GALAXY,SDSS_DR18_SPECTROSCOPY,ZWARNING_0_SCIENCEPRIMARY
TRD004292,148.44252,0.89058843,GALAXY,SDSS_DR18_SPECTROSCOPY,ZWARNING_0_SCIENCEPRIMARY
TRD004293,148.44052,0.78675317,GALAXY,SDSS_DR18_SPECTROSCOPY,ZWARNING_0_SCIENCEPRIMARY
TRD004294,148.32862,0.94470695,GALAXY,SDSS_DR18_SPECTROSCOPY,ZWARNING_0_SCIENCEPRIMARY
TRD004295,148.85593,0.45463914,GALAXY,SDSS_DR18_SPECTROSCOPY,ZWARNING_0_SCIENCEPRIMARY
TRD004296,148.92037,0.54011713,GALAXY,SDSS_DR18_SPECTROSCOPY,ZWARNING_0_SCIENCEPRIMARY
TRD004297,148.85481,0.54131065,GALAXY,SDSS_DR18_SPECTROSCOPY,ZWARNING_0_SCIENCEPRIMARY
TRD004298,148.8171,0.5629577,GALAXY,SDSS_DR18_SPECTROSCOPY,ZWARNING_0_SCIENCEPRIMARY
TRD004299,148.75811,0.71648227,GALAXY,SDSS_DR18_SPECTROSCOPY,ZWARNING_0_SCIENCEPRIMARY
TRD004300,148.89918,0.70034673,GALAXY,SDSS_DR18_SPECTROSCOPY,ZWARNING_0_SCIENCEPRIMARY
TRD004301,148.80088,0.67021018,GALAXY,SDSS_DR18_SPECTROSCOPY,ZWARNING_0_SCIENCEPRIMARY
TRD004302,148.66201,0.22649023,GALAXY,SDSS_DR18_SPECTROSCOPY,ZWARNING_0_SCIENCEPRIMARY
TRD004303,148.81045,0.61289957,GALAXY,SDSS_DR18_SPECTROSCOPY,ZWARNING_0_SCIENCEPRIMARY
TRD004304,148.86002,0.74859553,GALAXY,SDSS_DR18_SPECTROSCOPY,ZWARNING_0_SCIENCEPRIMARY
TRD004305,148.87962,0.35484861,GALAXY,SDSS_DR18_SPECTROSCOPY,ZWARNING_0_SCIENCEPRIMARY
TRD004306,148.78171,0.27732919,GALAXY,SDSS_DR18_SPECTROSCOPY,ZWARNING_0_SCIENCEPRIMARY
TRD004307,148.90099,0.60628011,GALAXY,SDSS_DR18_SPECTROSCOPY,ZWARNING_0_SCIENCEPRIMARY
TRD004308,148.72043,0.38881386,GALAXY,SDSS_DR18_SPECTROSCOPY,ZWARNING_0_SCIENCEPRIMARY
TRD004309,148.81109,0.28004509,GALAXY,SDSS_DR18_SPECTROSCOPY,ZWARNING_0_SCIENCEPRIMARY
TRD004310,148.72179,0.3181771,GALAXY,SDSS_DR18_SPECTROSCOPY,ZWARNING_0_SCIENCEPRIMARY
TRD004311,148.73256,0.44106498,GALAXY,SDSS_DR18_SPECTROSCOPY,ZWARNING_0_SCIENCEPRIMARY
TRD004312,148.80535,0.48843689,GALAXY,SDSS_DR18_SPECTROSCOPY,ZWARNING_0_SCIENCEPRIMARY
TRD004313,148.75745,0.96953324,GALAXY,SDSS_DR18_SPECTROSCOPY,ZWARNING_0_SCIENCEPRIMARY
TRD004314,148.63264,1.0879794,GALAXY,SDSS_DR18_SPECTROSCOPY,ZWARNING_0_SCIENCEPRIMARY
TRD004315,148.76194,0.75748407,GALAXY,SDSS_DR18_SPECTROSCOPY,ZWARNING_0_SCIENCEPRIMARY
TRD004316,148.70954,0.82668867,GALAXY,SDSS_DR18_SPECTROSCOPY,ZWARNING_0_SCIENCEPRIMARY
TRD004317,148.54049,0.76850027,GALAXY,SDSS_DR18_SPECTROSCOPY,ZWARNING_0_SCIENCEPRIMARY
TRD004318,148.81867,0.87349438,GALAXY,SDSS_DR18_SPECTROSCOPY,ZWARNING_0_SCIENCEPRIMARY
TRD004319,148.89222,0.78120565,GALAXY,SDSS_DR18_SPECTROSCOPY,ZWARNING_0_SCIENCEPRIMARY
TRD004320,148.92474,0.22252607,GALAXY,SDSS_DR18_SPECTROSCOPY,ZWARNING_0_SCIENCEPRIMARY
TRD004321,148.97539,0.33293438,GALAXY,SDSS_DR18_SPECTROSCOPY,ZWARNING_0_SCIENCEPRIMARY
TRD004322,149.041,0.32583021,GALAXY,SDSS_DR18_SPECTROSCOPY,ZWARNING_0_SCIENCEPRIMARY
TRD004323,148.94854,0.5559619,GALAXY,SDSS_DR18_SPECTROSCOPY,ZWARNING_0_SCIENCEPRIMARY
TRD004324,149.06013,0.50943641,GALAXY,SDSS_DR18_SPECTROSCOPY,ZWARNING_0_SCIENCEPRIMARY
TRD004325,148.96171,0.68728913,GALAXY,SDSS_DR18_SPECTROSCOPY,ZWARNING_0_SCIENCEPRIMARY
TRD004326,149.00501,0.66500728,GALAXY,SDSS_DR18_SPECTROSCOPY,ZWARNING_0_SCIENCEPRIMARY
TRD004327,149.07411,0.57468091,GALAXY,SDSS_DR18_SPECTROSCOPY,ZWARNING_0_SCIENCEPRIMARY
TRD004328,149.11525,0.30553309,GALAXY,SDSS_DR18_SPECTROSCOPY,ZWARNING_0_SCIENCEPRIMARY
TRD004329,149.10965,0.33502811,GALAXY,SDSS_DR18_SPECTROSCOPY,ZWARNING_0_SCIENCEPRIMARY
TRD004330,149.03238,0.28812968,GALAXY,SDSS_DR18_SPECTROSCOPY,ZWARNING_0_SCIENCEPRIMARY
TRD004331,149.1849,0.24209695,GALAXY,SDSS_DR18_SPECTROSCOPY,ZWARNING_0_SCIENCEPRIMARY
TRD004332,149.00909,0.44023281,GALAXY,SDSS_DR18_SPECTROSCOPY,ZWARNING_0_SCIENCEPRIMARY
TRD004333,149.19443,0.20273723,GALAXY,SDSS_DR18_SPECTROSCOPY,ZWARNING_0_SCIENCEPRIMARY
TRD004334,148.98243,0.22985176,GALAXY,SDSS_DR18_SPECTROSCOPY,ZWARNING_0_SCIENCEPRIMARY
TRD004335,150.0698,-0.97445885,GALAXY,SDSS_DR18_SPECTROSCOPY,ZWARNING_0_SCIENCEPRIMARY
TRD004336,150.2292,-0.72783056,GALAXY,SDSS_DR18_SPECTROSCOPY,ZWARNING_0_SCIENCEPRIMARY
TRD004337,150.27238,-0.72456981,GALAXY,SDSS_DR18_SPECTROSCOPY,ZWARNING_0_SCIENCEPRIMARY
TRD004338,149.99906,-0.86914128,GALAXY,SDSS_DR18_SPECTROSCOPY,ZWARNING_0_SCIENCEPRIMARY
TRD004339,150.24783,-0.73842545,GALAXY,SDSS_DR18_SPECTROSCOPY,ZWARNING_0_SCIENCEPRIMARY
TRD004340,150.01692,-0.58805614,GALAXY,SDSS_DR18_SPECTROSCOPY,ZWARNING_0_SCIENCEPRIMARY
TRD004341,150.18497,-0.89906044,GALAXY,SDSS_DR18_SPECTROSCOPY,ZWARNING_0_SCIENCEPRIMARY
TRD004342,150.23136,-0.58731047,GALAXY,SDSS_DR18_SPECTROSCOPY,ZWARNING_0_SCIENCEPRIMARY
TRD004343,150.09777,-0.44503531,GALAXY,SDSS_DR18_SPECTROSCOPY,ZWARNING_0_SCIENCEPRIMARY
TRD004344,150.19074,-0.61473228,GALAXY,SDSS_DR18_SPECTROSCOPY,ZWARNING_0_SCIENCEPRIMARY
TRD004345,150.26849,-0.54231794,GALAXY,SDSS_DR18_SPECTROSCOPY,ZWARNING_0_SCIENCEPRIMARY
TRD004346,150.34628,-0.63458886,GALAXY,SDSS_DR18_SPECTROSCOPY,ZWARNING_0_SCIENCEPRIMARY
TRD004347,150.1397,-0.56762305,GALAXY,SDSS_DR18_SPECTROSCOPY,ZWARNING_0_SCIENCEPRIMARY
TRD004348,150.37269,-0.545611,GALAXY,SDSS_DR18_SPECTROSCOPY,ZWARNING_0_SCIENCEPRIMARY
TRD004349,150.00945,-1.0622464,GALAXY,SDSS_DR18_SPECTROSCOPY,ZWARNING_0_SCIENCEPRIMARY
TRD004350,150.44875,-0.38537523,GALAXY,SDSS_DR18_SPECTROSCOPY,ZWARNING_0_SCIENCEPRIMARY
TRD004351,150.37263,-0.44165289,GALAXY,SDSS_DR18_SPECTROSCOPY,ZWARNING_0_SCIENCEPRIMARY
TRD004352,150.44232,-0.21109708,GALAXY,SDSS_DR18_SPECTROSCOPY,ZWARNING_0_SCIENCEPRIMARY
TRD004353,150.37774,-0.13015514,GALAXY,SDSS_DR18_SPECTROSCOPY,ZWARNING_0_SCIENCEPRIMARY
TRD004354,150.38232,-0.18610224,GALAXY,SDSS_DR18_SPECTROSCOPY,ZWARNING_0_SCIENCEPRIMARY
TRD004355,150.51385,-0.21379652,GALAXY,SDSS_DR18_SPECTROSCOPY,ZWARNING_0_SCIENCEPRIMARY
TRD004356,150.40177,-0.16385996,GALAXY,SDSS_DR18_SPECTROSCOPY,ZWARNING_0_SCIENCEPRIMARY
TRD004357,150.37208,-0.21492055,GALAXY,SDSS_DR18_SPECTROSCOPY,ZWARNING_0_SCIENCEPRIMARY
TRD004358,150.42345,-0.17359433,GALAXY,SDSS_DR18_SPECTROSCOPY,ZWARNING_0_SCIENCEPRIMARY
TRD004359,150.49028,-0.1171181,GALAXY,SDSS_DR18_SPECTROSCOPY,ZWARNING_0_SCIENCEPRIMARY
TRD004360,150.44798,-0.16134973,GALAXY,SDSS_DR18_SPECTROSCOPY,ZWARNING_0_SCIENCEPRIMARY
TRD004361,150.36679,-0.30144964,GALAXY,SDSS_DR18_SPECTROSCOPY,ZWARNING_0_SCIENCEPRIMARY
TRD004362,150.41718,-0.023192682,GALAXY,SDSS_DR18_SPECTROSCOPY,ZWARNING_0_SCIENCEPRIMARY
TRD004363,150.47062,-0.12517918,GALAXY,SDSS_DR18_SPECTROSCOPY,ZWARNING_0_SCIENCEPRIMARY
TRD004364,150.49208,-0.26111807,GALAXY,SDSS_DR18_SPECTROSCOPY,ZWARNING_0_SCIENCEPRIMARY
TRD004365,150.4562,-0.30859545,GALAXY,SDSS_DR18_SPECTROSCOPY,ZWARNING_0_SCIENCEPRIMARY
TRD004366,149.79426,-0.8594179,GALAXY,SDSS_DR18_SPECTROSCOPY,ZWARNING_0_SCIENCEPRIMARY
TRD004367,149.9159,-1.1381807,GALAXY,SDSS_DR18_SPECTROSCOPY,ZWARNING_0_SCIENCEPRIMARY
TRD004368,149.7115,-1.1514282,GALAXY,SDSS_DR18_SPECTROSCOPY,ZWARNING_0_SCIENCEPRIMARY
TRD004369,149.91718,-0.74347471,GALAXY,SDSS_DR18_SPECTROSCOPY,ZWARNING_0_SCIENCEPRIMARY
TRD004370,149.91562,-0.7848048,GALAXY,SDSS_DR18_SPECTROSCOPY,ZWARNING_0_SCIENCEPRIMARY
TRD004371,149.81973,-1.1273212,GALAXY,SDSS_DR18_SPECTROSCOPY,ZWARNING_0_SCIENCEPRIMARY
TRD004372,149.7413,-0.68335957,GALAXY,SDSS_DR18_SPECTROSCOPY,ZWARNING_0_SCIENCEPRIMARY
TRD004373,149.69803,-0.75516601,GALAXY,SDSS_DR18_SPECTROSCOPY,ZWARNING_0_SCIENCEPRIMARY
TRD004374,149.84581,-0.63933118,GALAXY,SDSS_DR18_SPECTROSCOPY,ZWARNING_0_SCIENCEPRIMARY
TRD004375,149.79936,-1.0282642,GALAXY,SDSS_DR18_SPECTROSCOPY,ZWARNING_0_SCIENCEPRIMARY
TRD004376,149.80592,-0.64337886,GALAXY,SDSS_DR18_SPECTROSCOPY,ZWARNING_0_SCIENCEPRIMARY
TRD004377,149.8964,-0.64721945,GALAXY,SDSS_DR18_SPECTROSCOPY,ZWARNING_0_SCIENCEPRIMARY
TRD004378,149.87596,-0.62934792,GALAXY,SDSS_DR18_SPECTROSCOPY,ZWARNING_0_SCIENCEPRIMARY
TRD004379,150.29559,-0.062986112,GALAXY,SDSS_DR18_SPECTROSCOPY,ZWARNING_0_SCIENCEPRIMARY
TRD004380,150.297,-0.13348459,GALAXY,SDSS_DR18_SPECTROSCOPY,ZWARNING_0_SCIENCEPRIMARY
TRD004381,150.29137,-0.26900455,GALAXY,SDSS_DR18_SPECTROSCOPY,ZWARNING_0_SCIENCEPRIMARY
TRD004382,150.32655,-0.35046288,GALAXY,SDSS_DR18_SPECTROSCOPY,ZWARNING_0_SCIENCEPRIMARY
TRD004383,150.28579,-0.19349324,GALAXY,SDSS_DR18_SPECTROSCOPY,ZWARNING_0_SCIENCEPRIMARY
TRD004384,150.28978,-0.079520709,GALAXY,SDSS_DR18_SPECTROSCOPY,ZWARNING_0_SCIENCEPRIMARY
TRD004385,150.33348,-0.36924861,GALAXY,SDSS_DR18_SPECTROSCOPY,ZWARNING_0_SCIENCEPRIMARY
TRD004386,150.301,-0.006601762,GALAXY,SDSS_DR18_SPECTROSCOPY,ZWARNING_0_SCIENCEPRIMARY
TRD004387,150.30311,-0.088911429,GALAXY,SDSS_DR18_SPECTROSCOPY,ZWARNING_0_SCIENCEPRIMARY
TRD004388,150.359,0.082449834,GALAXY,SDSS_DR18_SPECTROSCOPY,ZWARNING_0_SCIENCEPRIMARY
TRD004389,150.32883,-0.1678069,GALAXY,SDSS_DR18_SPECTROSCOPY,ZWARNING_0_SCIENCEPRIMARY
TRD004390,150.29487,-0.10716579,GALAXY,SDSS_DR18_SPECTROSCOPY,ZWARNING_0_SCIENCEPRIMARY
TRD004391,150.31918,-0.030709698,GALAXY,SDSS_DR18_SPECTROSCOPY,ZWARNING_0_SCIENCEPRIMARY
TRD004392,150.34506,-0.1570532,GALAXY,SDSS_DR18_SPECTROSCOPY,ZWARNING_0_SCIENCEPRIMARY
TRD004393,150.33539,-0.18287734,GALAXY,SDSS_DR18_SPECTROSCOPY,ZWARNING_0_SCIENCEPRIMARY
TRD004394,150.36375,0.10313625,GALAXY,SDSS_DR18_SPECTROSCOPY,ZWARNING_0_SCIENCEPRIMARY
TRD004395,149.61404,-0.85494374,GALAXY,SDSS_DR18_SPECTROSCOPY,ZWARNING_0_SCIENCEPRIMARY
TRD004396,149.64646,-0.91596823,GALAXY,SDSS_DR18_SPECTROSCOPY,ZWARNING_0_SCIENCEPRIMARY
TRD004397,149.5702,-0.90525035,GALAXY,SDSS_DR18_SPECTROSCOPY,ZWARNING_0_SCIENCEPRIMARY
TRD004398,149.60461,-1.1555555,GALAXY,SDSS_DR18_SPECTROSCOPY,ZWARNING_0_SCIENCEPRIMARY
TRD004399,149.68799,-1.0856509,GALAXY,SDSS_DR18_SPECTROSCOPY,ZWARNING_0_SCIENCEPRIMARY
TRD004400,149.59124,-0.83646459,GALAXY,SDSS_DR18_SPECTROSCOPY,ZWARNING_0_SCIENCEPRIMARY
TRD004401,149.60701,-1.1946979,GALAXY,SDSS_DR18_SPECTROSCOPY,ZWARNING_0_SCIENCEPRIMARY
TRD004402,149.64678,-0.83690927,GALAXY,SDSS_DR18_SPECTROSCOPY,ZWARNING_0_SCIENCEPRIMARY
TRD004403,149.6547,-0.92950704,GALAXY,SDSS_DR18_SPECTROSCOPY,ZWARNING_0_SCIENCEPRIMARY
TRD004404,149.57248,-0.57405616,GALAXY,SDSS_DR18_SPECTROSCOPY,ZWARNING_0_SCIENCEPRIMARY
TRD004405,149.67279,-0.44755657,GALAXY,SDSS_DR18_SPECTROSCOPY,ZWARNING_0_SCIENCEPRIMARY
TRD004406,149.67994,-0.74887374,GALAXY,SDSS_DR18_SPECTROSCOPY,ZWARNING_0_SCIENCEPRIMARY
TRD004407,149.67551,-0.80621969,GALAXY,SDSS_DR18_SPECTROSCOPY,ZWARNING_0_SCIENCEPRIMARY
TRD004408,149.61643,-0.83448517,GALAXY,SDSS_DR18_SPECTROSCOPY,ZWARNING_0_SCIENCEPRIMARY
TRD004409,149.61071,-0.67147821,GALAXY,SDSS_DR18_SPECTROSCOPY,ZWARNING_0_SCIENCEPRIMARY
TRD004410,149.66768,-0.77062265,GALAXY,SDSS_DR18_SPECTROSCOPY,ZWARNING_0_SCIENCEPRIMARY
TRD004411,149.6276,-0.68696037,GALAXY,SDSS_DR18_SPECTROSCOPY,ZWARNING_0_SCIENCEPRIMARY
TRD004412,150.26321,-0.24982302,GALAXY,SDSS_DR18_SPECTROSCOPY,ZWARNING_0_SCIENCEPRIMARY
TRD004413,150.25448,-0.17994655,GALAXY,SDSS_DR18_SPECTROSCOPY,ZWARNING_0_SCIENCEPRIMARY
TRD004414,150.28022,-0.044081605,GALAXY,SDSS_DR18_SPECTROSCOPY,ZWARNING_0_SCIENCEPRIMARY
TRD004415,150.22784,-0.31056181,GALAXY,SDSS_DR18_SPECTROSCOPY,ZWARNING_0_SCIENCEPRIMARY
TRD004416,150.23189,-0.27778117,GALAXY,SDSS_DR18_SPECTROSCOPY,ZWARNING_0_SCIENCEPRIMARY
TRD004417,150.22958,-0.21180901,GALAXY,SDSS_DR18_SPECTROSCOPY,ZWARNING_0_SCIENCEPRIMARY
TRD004418,150.20822,-0.14916317,GALAXY,SDSS_DR18_SPECTROSCOPY,ZWARNING_0_SCIENCEPRIMARY
TRD004419,150.2671,-0.22576291,GALAXY,SDSS_DR18_SPECTROSCOPY,ZWARNING_0_SCIENCEPRIMARY
TRD004420,150.25609,0.021554145,GALAXY,SDSS_DR18_SPECTROSCOPY,ZWARNING_0_SCIENCEPRIMARY
TRD004421,150.23171,0.086507759,GALAXY,SDSS_DR18_SPECTROSCOPY,ZWARNING_0_SCIENCEPRIMARY
TRD004422,150.25644,0.03831609,GALAXY,SDSS_DR18_SPECTROSCOPY,ZWARNING_0_SCIENCEPRIMARY
TRD004423,150.25565,-0.063820756,GALAXY,SDSS_DR18_SPECTROSCOPY,ZWARNING_0_SCIENCEPRIMARY
TRD004424,150.27832,0.075428247,GALAXY,SDSS_DR18_SPECTROSCOPY,ZWARNING_0_SCIENCEPRIMARY
TRD004425,150.21389,-0.092934795,GALAXY,SDSS_DR18_SPECTROSCOPY,ZWARNING_0_SCIENCEPRIMARY
TRD004426,150.19126,0.024830089,GALAXY,SDSS_DR18_SPECTROSCOPY,ZWARNING_0_SCIENCEPRIMARY
TRD004427,150.22709,-0.031109498,GALAXY,SDSS_DR18_SPECTROSCOPY,ZWARNING_0_SCIENCEPRIMARY
TRD004428,150.23622,-0.1064914,GALAXY,SDSS_DR18_SPECTROSCOPY,ZWARNING_0_SCIENCEPRIMARY
TRD004429,150.22856,0.043562525,GALAXY,SDSS_DR18_SPECTROSCOPY,ZWARNING_0_SCIENCEPRIMARY
TRD004430,149.43835,-1.0835669,GALAXY,SDSS_DR18_SPECTROSCOPY,ZWARNING_0_SCIENCEPRIMARY
TRD004431,149.26094,-1.2417008,GALAXY,SDSS_DR18_SPECTROSCOPY,ZWARNING_0_SCIENCEPRIMARY
TRD004432,149.48725,-1.2044396,GALAXY,SDSS_DR18_SPECTROSCOPY,ZWARNING_0_SCIENCEPRIMARY
TRD004433,149.24871,-1.0721685,GALAXY,SDSS_DR18_SPECTROSCOPY,ZWARNING_0_SCIENCEPRIMARY
TRD004434,149.23826,-0.77788891,GALAXY,SDSS_DR18_SPECTROSCOPY,ZWARNING_0_SCIENCEPRIMARY
TRD004435,149.33123,-1.0033347,GALAXY,SDSS_DR18_SPECTROSCOPY,ZWARNING_0_SCIENCEPRIMARY
TRD004436,149.45344,-1.1521276,GALAXY,SDSS_DR18_SPECTROSCOPY,ZWARNING_0_SCIENCEPRIMARY
TRD004437,149.2899,-1.1391807,GALAXY,SDSS_DR18_SPECTROSCOPY,ZWARNING_0_SCIENCEPRIMARY
TRD004438,149.4597,-0.77901374,GALAXY,SDSS_DR18_SPECTROSCOPY,ZWARNING_0_SCIENCEPRIMARY
TRD004439,149.2931,-1.0909123,GALAXY,SDSS_DR18_SPECTROSCOPY,ZWARNING_0_SCIENCEPRIMARY
TRD004440,149.56793,-0.95886618,GALAXY,SDSS_DR18_SPECTROSCOPY,ZWARNING_0_SCIENCEPRIMARY
TRD004441,149.25073,-0.67271207,GALAXY,SDSS_DR18_SPECTROSCOPY,ZWARNING_0_SCIENCEPRIMARY
TRD004442,149.3282,-0.47076727,GALAXY,SDSS_DR18_SPECTROSCOPY,ZWARNING_0_SCIENCEPRIMARY
TRD004443,149.44566,-0.6958272,GALAXY,SDSS_DR18_SPECTROSCOPY,ZWARNING_0_SCIENCEPRIMARY
TRD004444,149.55485,-0.67151591,GALAXY,SDSS_DR18_SPECTROSCOPY,ZWARNING_0_SCIENCEPRIMARY
TRD004445,149.95408,-0.25472077,GALAXY,SDSS_DR18_SPECTROSCOPY,ZWARNING_0_SCIENCEPRIMARY
TRD004446,149.98906,-0.25036684,GALAXY,SDSS_DR18_SPECTROSCOPY,ZWARNING_0_SCIENCEPRIMARY
TRD004447,150.13905,-0.00029587491,GALAXY,SDSS_DR18_SPECTROSCOPY,ZWARNING_0_SCIENCEPRIMARY
TRD004448,149.99453,-0.022934581,GALAXY,SDSS_DR18_SPECTROSCOPY,ZWARNING_0_SCIENCEPRIMARY
TRD004449,150.16533,-0.19383761,GALAXY,SDSS_DR18_SPECTROSCOPY,ZWARNING_0_SCIENCEPRIMARY
TRD004450,150.18439,-0.031021588,GALAXY,SDSS_DR18_SPECTROSCOPY,ZWARNING_0_SCIENCEPRIMARY
TRD004451,149.96619,-0.34525963,GALAXY,SDSS_DR18_SPECTROSCOPY,ZWARNING_0_SCIENCEPRIMARY
TRD004452,150.14725,-0.049772248,GALAXY,SDSS_DR18_SPECTROSCOPY,ZWARNING_0_SCIENCEPRIMARY
TRD004453,150.00629,-0.23570428,GALAXY,SDSS_DR18_SPECTROSCOPY,ZWARNING_0_SCIENCEPRIMARY
TRD004454,150.10524,0.084335143,GALAXY,SDSS_DR18_SPECTROSCOPY,ZWARNING_0_SCIENCEPRIMARY
TRD004455,149.96221,-0.041983225,GALAXY,SDSS_DR18_SPECTROSCOPY,ZWARNING_0_SCIENCEPRIMARY
TRD004456,150.09647,-0.27057186,GALAXY,SDSS_DR18_SPECTROSCOPY,ZWARNING_0_SCIENCEPRIMARY
TRD004457,150.09942,0.014356461,GALAXY,SDSS_DR18_SPECTROSCOPY,ZWARNING_0_SCIENCEPRIMARY
TRD004458,150.09161,0.060117717,GALAXY,SDSS_DR18_SPECTROSCOPY,ZWARNING_0_SCIENCEPRIMARY
TRD004459,150.05108,0.011312465,GALAXY,SDSS_DR18_SPECTROSCOPY,ZWARNING_0_SCIENCEPRIMARY
TRD004460,150.17194,-0.081141647,GALAXY,SDSS_DR18_SPECTROSCOPY,ZWARNING_0_SCIENCEPRIMARY
TRD004461,149.94785,0.027582261,GALAXY,SDSS_DR18_SPECTROSCOPY,ZWARNING_0_SCIENCEPRIMARY
TRD004462,149.88144,-0.25650872,GALAXY,SDSS_DR18_SPECTROSCOPY,ZWARNING_0_SCIENCEPRIMARY
TRD004463,149.80119,-0.1401662,GALAXY,SDSS_DR18_SPECTROSCOPY,ZWARNING_0_SCIENCEPRIMARY
TRD004464,149.81812,-0.38068492,GALAXY,SDSS_DR18_SPECTROSCOPY,ZWARNING_0_SCIENCEPRIMARY
TRD004465,149.94062,-0.24466869,GALAXY,SDSS_DR18_SPECTROSCOPY,ZWARNING_0_SCIENCEPRIMARY
TRD004466,149.90198,-0.32174126,GALAXY,SDSS_DR18_SPECTROSCOPY,ZWARNING_0_SCIENCEPRIMARY
TRD004467,149.80779,0.067409351,GALAXY,SDSS_DR18_SPECTROSCOPY,ZWARNING_0_SCIENCEPRIMARY
TRD004468,149.84503,-0.016458094,GALAXY,SDSS_DR18_SPECTROSCOPY,ZWARNING_0_SCIENCEPRIMARY
TRD004469,149.89761,-0.30507553,GALAXY,SDSS_DR18_SPECTROSCOPY,ZWARNING_0_SCIENCEPRIMARY
TRD004470,149.89206,-0.2728172,GALAXY,SDSS_DR18_SPECTROSCOPY,ZWARNING_0_SCIENCEPRIMARY
TRD004471,149.84532,-0.323074,GALAXY,SDSS_DR18_SPECTROSCOPY,ZWARNING_0_SCIENCEPRIMARY
TRD004472,149.83803,-0.099649921,GALAXY,SDSS_DR18_SPECTROSCOPY,ZWARNING_0_SCIENCEPRIMARY
TRD004473,149.82325,-0.035959201,GALAXY,SDSS_DR18_SPECTROSCOPY,ZWARNING_0_SCIENCEPRIMARY
TRD004474,149.81939,0.10104337,GALAXY,SDSS_DR18_SPECTROSCOPY,ZWARNING_0_SCIENCEPRIMARY
TRD004475,149.80716,-0.12433007,GALAXY,SDSS_DR18_SPECTROSCOPY,ZWARNING_0_SCIENCEPRIMARY
TRD004476,149.91735,0.0442241,GALAXY,SDSS_DR18_SPECTROSCOPY,ZWARNING_0_SCIENCEPRIMARY
TRD004477,149.82437,-0.11259482,GALAXY,SDSS_DR18_SPECTROSCOPY,ZWARNING_0_SCIENCEPRIMARY
TRD004478,149.80037,-0.070486132,GALAXY,SDSS_DR18_SPECTROSCOPY,ZWARNING_0_SCIENCEPRIMARY
TRD004479,149.83076,-0.40297077,GALAXY,SDSS_DR18_SPECTROSCOPY,ZWARNING_0_SCIENCEPRIMARY
TRD004480,149.85915,-0.25391978,GALAXY,SDSS_DR18_SPECTROSCOPY,ZWARNING_0_SCIENCEPRIMARY
TRD004481,149.61426,-0.42008804,GALAXY,SDSS_DR18_SPECTROSCOPY,ZWARNING_0_SCIENCEPRIMARY
TRD004482,149.77073,-0.20330525,GALAXY,SDSS_DR18_SPECTROSCOPY,ZWARNING_0_SCIENCEPRIMARY
TRD004483,149.77498,-0.14658235,GALAXY,SDSS_DR18_SPECTROSCOPY,ZWARNING_0_SCIENCEPRIMARY
TRD004484,149.79412,-0.19998302,GALAXY,SDSS_DR18_SPECTROSCOPY,ZWARNING_0_SCIENCEPRIMARY
TRD004485,149.77414,-0.43855325,GALAXY,SDSS_DR18_SPECTROSCOPY,ZWARNING_0_SCIENCEPRIMARY
TRD004486,149.58366,-0.36761824,GALAXY,SDSS_DR18_SPECTROSCOPY,ZWARNING_0_SCIENCEPRIMARY
TRD004487,149.75431,-0.32729451,GALAXY,SDSS_DR18_SPECTROSCOPY,ZWARNING_0_SCIENCEPRIMARY
TRD004488,149.66742,-0.2583641,GALAXY,SDSS_DR18_SPECTROSCOPY,ZWARNING_0_SCIENCEPRIMARY
TRD004489,149.74568,-0.20608404,GALAXY,SDSS_DR18_SPECTROSCOPY,ZWARNING_0_SCIENCEPRIMARY
TRD004490,149.64389,0.068902424,GALAXY,SDSS_DR18_SPECTROSCOPY,ZWARNING_0_SCIENCEPRIMARY
TRD004491,149.76349,0.037069675,GALAXY,SDSS_DR18_SPECTROSCOPY,ZWARNING_0_SCIENCEPRIMARY
TRD004492,149.61975,-0.3439997,GALAXY,SDSS_DR18_SPECTROSCOPY,ZWARNING_0_SCIENCEPRIMARY
TRD004493,149.77966,0.010684931,GALAXY,SDSS_DR18_SPECTROSCOPY,ZWARNING_0_SCIENCEPRIMARY
TRD004494,149.5885,-0.33563728,GALAXY,SDSS_DR18_SPECTROSCOPY,ZWARNING_0_SCIENCEPRIMARY
TRD004495,149.65371,-0.028565592,GALAXY,SDSS_DR18_SPECTROSCOPY,ZWARNING_0_SCIENCEPRIMARY
TRD004496,149.60534,-0.3370553,GALAXY,SDSS_DR18_SPECTROSCOPY,ZWARNING_0_SCIENCEPRIMARY
TRD004497,149.62607,0.045272015,GALAXY,SDSS_DR18_SPECTROSCOPY,ZWARNING_0_SCIENCEPRIMARY
TRD004498,149.10447,-0.90769115,GALAXY,SDSS_DR18_SPECTROSCOPY,ZWARNING_0_SCIENCEPRIMARY
TRD004499,149.19062,-1.2468555,GALAXY,SDSS_DR18_SPECTROSCOPY,ZWARNING_0_SCIENCEPRIMARY
TRD004500,149.18779,-0.98802107,GALAXY,SDSS_DR18_SPECTROSCOPY,ZWARNING_0_SCIENCEPRIMARY
TRD004501,149.11501,-0.64256559,GALAXY,SDSS_DR18_SPECTROSCOPY,ZWARNING_0_SCIENCEPRIMARY
TRD004502,149.18706,-0.95680743,GALAXY,SDSS_DR18_SPECTROSCOPY,ZWARNING_0_SCIENCEPRIMARY
TRD004503,149.10248,-0.9370189,GALAXY,SDSS_DR18_SPECTROSCOPY,ZWARNING_0_SCIENCEPRIMARY
TRD004504,149.19451,-0.73797326,GALAXY,SDSS_DR18_SPECTROSCOPY,ZWARNING_0_SCIENCEPRIMARY
TRD004505,149.19869,-1.0564373,GALAXY,SDSS_DR18_SPECTROSCOPY,ZWARNING_0_SCIENCEPRIMARY
TRD004506,149.22271,-0.55893821,GALAXY,SDSS_DR18_SPECTROSCOPY,ZWARNING_0_SCIENCEPRIMARY
TRD004507,149.16405,-0.70118018,GALAXY,SDSS_DR18_SPECTROSCOPY,ZWARNING_0_SCIENCEPRIMARY
TRD004508,149.13562,-0.69462307,GALAXY,SDSS_DR18_SPECTROSCOPY,ZWARNING_0_SCIENCEPRIMARY
TRD004509,149.18782,-0.6821996,GALAXY,SDSS_DR18_SPECTROSCOPY,ZWARNING_0_SCIENCEPRIMARY
TRD004510,149.20539,-0.56481162,GALAXY,SDSS_DR18_SPECTROSCOPY,ZWARNING_0_SCIENCEPRIMARY
TRD004511,149.22626,-0.53375397,GALAXY,SDSS_DR18_SPECTROSCOPY,ZWARNING_0_SCIENCEPRIMARY
TRD004512,149.22036,-0.47518331,GALAXY,SDSS_DR18_SPECTROSCOPY,ZWARNING_0_SCIENCEPRIMARY
TRD004513,149.15815,-0.48417808,GALAXY,SDSS_DR18_SPECTROSCOPY,ZWARNING_0_SCIENCEPRIMARY
TRD004514,149.37758,-0.31898332,GALAXY,SDSS_DR18_SPECTROSCOPY,ZWARNING_0_SCIENCEPRIMARY
TRD004515,149.4479,-0.30287495,GALAXY,SDSS_DR18_SPECTROSCOPY,ZWARNING_0_SCIENCEPRIMARY
TRD004516,149.38288,-0.25223439,GALAXY,SDSS_DR18_SPECTROSCOPY,ZWARNING_0_SCIENCEPRIMARY
TRD004517,149.36878,-0.30509579,GALAXY,SDSS_DR18_SPECTROSCOPY,ZWARNING_0_SCIENCEPRIMARY
TRD004518,149.45645,-0.21093188,GALAXY,SDSS_DR18_SPECTROSCOPY,ZWARNING_0_SCIENCEPRIMARY
TRD004519,149.57615,0.10001247,GALAXY,SDSS_DR18_SPECTROSCOPY,ZWARNING_0_SCIENCEPRIMARY
TRD004520,149.41685,0.00042866106,GALAXY,SDSS_DR18_SPECTROSCOPY,ZWARNING_0_SCIENCEPRIMARY
TRD004521,149.37332,0.038814387,GALAXY,SDSS_DR18_SPECTROSCOPY,ZWARNING_0_SCIENCEPRIMARY
TRD004522,149.4628,-0.23991611,GALAXY,SDSS_DR18_SPECTROSCOPY,ZWARNING_0_SCIENCEPRIMARY
TRD004523,149.45614,-0.26945756,GALAXY,SDSS_DR18_SPECTROSCOPY,ZWARNING_0_SCIENCEPRIMARY
TRD004524,149.42403,-0.35489277,GALAXY,SDSS_DR18_SPECTROSCOPY,ZWARNING_0_SCIENCEPRIMARY
TRD004525,149.45,-0.43307342,GALAXY,SDSS_DR18_SPECTROSCOPY,ZWARNING_0_SCIENCEPRIMARY
TRD004526,149.55621,-0.38668445,GALAXY,SDSS_DR18_SPECTROSCOPY,ZWARNING_0_SCIENCEPRIMARY
TRD004527,149.47757,-0.3971953,GALAXY,SDSS_DR18_SPECTROSCOPY,ZWARNING_0_SCIENCEPRIMARY
TRD004528,149.42268,-0.31072341,GALAXY,SDSS_DR18_SPECTROSCOPY,ZWARNING_0_SCIENCEPRIMARY
TRD004529,149.58135,-0.30625275,GALAXY,SDSS_DR18_SPECTROSCOPY,ZWARNING_0_SCIENCEPRIMARY
TRD004530,149.47209,-0.36201044,GALAXY,SDSS_DR18_SPECTROSCOPY,ZWARNING_0_SCIENCEPRIMARY
TRD004531,149.03965,-1.015419,GALAXY,SDSS_DR18_SPECTROSCOPY,ZWARNING_0_SCIENCEPRIMARY
TRD004532,148.96589,-0.99283568,GALAXY,SDSS_DR18_SPECTROSCOPY,ZWARNING_0_SCIENCEPRIMARY
TRD004533,148.99469,-1.0355868,GALAXY,SDSS_DR18_SPECTROSCOPY,ZWARNING_0_SCIENCEPRIMARY
TRD004534,148.96204,-1.0647973,GALAXY,SDSS_DR18_SPECTROSCOPY,ZWARNING_0_SCIENCEPRIMARY
TRD004535,149.04721,-1.0340582,GALAXY,SDSS_DR18_SPECTROSCOPY,ZWARNING_0_SCIENCEPRIMARY
TRD004536,148.98241,-1.0491394,GALAXY,SDSS_DR18_SPECTROSCOPY,ZWARNING_0_SCIENCEPRIMARY
TRD004537,148.94821,-1.2134946,GALAXY,SDSS_DR18_SPECTROSCOPY,ZWARNING_0_SCIENCEPRIMARY
TRD004538,149.09952,-1.2427417,GALAXY,SDSS_DR18_SPECTROSCOPY,ZWARNING_0_SCIENCEPRIMARY
TRD004539,148.85391,-1.1688751,GALAXY,SDSS_DR18_SPECTROSCOPY,ZWARNING_0_SCIENCEPRIMARY
TRD004540,148.8667,-1.0917401,GALAXY,SDSS_DR18_SPECTROSCOPY,ZWARNING_0_SCIENCEPRIMARY
TRD004541,149.03396,-1.2052723,GALAXY,SDSS_DR18_SPECTROSCOPY,ZWARNING_0_SCIENCEPRIMARY
TRD004542,149.03144,-0.95566658,GALAXY,SDSS_DR18_SPECTROSCOPY,ZWARNING_0_SCIENCEPRIMARY
TRD004543,149.04239,-0.74986142,GALAXY,SDSS_DR18_SPECTROSCOPY,ZWARNING_0_SCIENCEPRIMARY
TRD004544,149.01607,-0.94241232,GALAXY,SDSS_DR18_SPECTROSCOPY,ZWARNING_0_SCIENCEPRIMARY
TRD004545,149.06833,-0.97263881,GALAXY,SDSS_DR18_SPECTROSCOPY,ZWARNING_0_SCIENCEPRIMARY
TRD004546,148.96402,-1.1999843,GALAXY,SDSS_DR18_SPECTROSCOPY,ZWARNING_0_SCIENCEPRIMARY
TRD004547,148.97967,-0.93709546,GALAXY,SDSS_DR18_SPECTROSCOPY,ZWARNING_0_SCIENCEPRIMARY
TRD004548,149.08699,-0.90382007,GALAXY,SDSS_DR18_SPECTROSCOPY,ZWARNING_0_SCIENCEPRIMARY
TRD004549,149.09095,0.011198819,GALAXY,SDSS_DR18_SPECTROSCOPY,ZWARNING_0_SCIENCEPRIMARY
TRD004550,149.26413,0.019038894,GALAXY,SDSS_DR18_SPECTROSCOPY,ZWARNING_0_SCIENCEPRIMARY
TRD004551,149.21884,0.098946696,GALAXY,SDSS_DR18_SPECTROSCOPY,ZWARNING_0_SCIENCEPRIMARY
TRD004552,149.17129,-0.3634077,GALAXY,SDSS_DR18_SPECTROSCOPY,ZWARNING_0_SCIENCEPRIMARY
TRD004553,149.23315,-0.39415607,GALAXY,SDSS_DR18_SPECTROSCOPY,ZWARNING_0_SCIENCEPRIMARY
TRD004554,149.30007,-0.42428467,GALAXY,SDSS_DR18_SPECTROSCOPY,ZWARNING_0_SCIENCEPRIMARY
TRD004555,149.31112,-0.31051183,GALAXY,SDSS_DR18_SPECTROSCOPY,ZWARNING_0_SCIENCEPRIMARY
TRD004556,149.29571,-0.36992192,GALAXY,SDSS_DR18_SPECTROSCOPY,ZWARNING_0_SCIENCEPRIMARY
TRD004557,149.25137,-0.28981264,GALAXY,SDSS_DR18_SPECTROSCOPY,ZWARNING_0_SCIENCEPRIMARY
TRD004558,149.2887,0.0091701679,GALAXY,SDSS_DR18_SPECTROSCOPY,ZWARNING_0_SCIENCEPRIMARY
TRD004559,149.21889,-0.084865044,GALAXY,SDSS_DR18_SPECTROSCOPY,ZWARNING_0_SCIENCEPRIMARY
TRD004560,149.2995,-0.15945497,GALAXY,SDSS_DR18_SPECTROSCOPY,ZWARNING_0_SCIENCEPRIMARY
TRD004561,149.25332,-0.39030393,GALAXY,SDSS_DR18_SPECTROSCOPY,ZWARNING_0_SCIENCEPRIMARY
TRD004562,149.22358,0.084367148,GALAXY,SDSS_DR18_SPECTROSCOPY,ZWARNING_0_SCIENCEPRIMARY
TRD004563,149.23484,-0.074050393,GALAXY,SDSS_DR18_SPECTROSCOPY,ZWARNING_0_SCIENCEPRIMARY
TRD004564,149.255,-0.1600397,GALAXY,SDSS_DR18_SPECTROSCOPY,ZWARNING_0_SCIENCEPRIMARY
TRD004565,149.27064,-0.2641052,GALAXY,SDSS_DR18_SPECTROSCOPY,ZWARNING_0_SCIENCEPRIMARY
TRD004566,148.82384,-1.2450237,GALAXY,SDSS_DR18_SPECTROSCOPY,ZWARNING_0_SCIENCEPRIMARY
TRD004567,148.6156,-1.2479374,GALAXY,SDSS_DR18_SPECTROSCOPY,ZWARNING_0_SCIENCEPRIMARY
TRD004568,148.497,-1.0517803,GALAXY,SDSS_DR18_SPECTROSCOPY,ZWARNING_0_SCIENCEPRIMARY
TRD004569,148.24123,-0.7952461,GALAXY,SDSS_DR18_SPECTROSCOPY,ZWARNING_0_SCIENCEPRIMARY
TRD004570,148.66173,-1.1952299,GALAXY,SDSS_DR18_SPECTROSCOPY,ZWARNING_0_SCIENCEPRIMARY
TRD004571,148.75197,-1.1403718,GALAXY,SDSS_DR18_SPECTROSCOPY,ZWARNING_0_SCIENCEPRIMARY
TRD004572,148.59379,-1.2570639,GALAXY,SDSS_DR18_SPECTROSCOPY,ZWARNING_0_SCIENCEPRIMARY
TRD004573,148.26568,-0.96023619,GALAXY,SDSS_DR18_SPECTROSCOPY,ZWARNING_0_SCIENCEPRIMARY
TRD004574,147.86568,-0.50756726,GALAXY,SDSS_DR18_SPECTROSCOPY,ZWARNING_0_SCIENCEPRIMARY
TRD004575,148.78336,-0.56572236,GALAXY,SDSS_DR18_SPECTROSCOPY,ZWARNING_0_SCIENCEPRIMARY
TRD004576,148.46566,-0.82516975,GALAXY,SDSS_DR18_SPECTROSCOPY,ZWARNING_0_SCIENCEPRIMARY
TRD004577,148.27418,-0.62243033,GALAXY,SDSS_DR18_SPECTROSCOPY,ZWARNING_0_SCIENCEPRIMARY
TRD004578,148.65065,-1.03566,GALAXY,SDSS_DR18_SPECTROSCOPY,ZWARNING_0_SCIENCEPRIMARY
TRD004579,147.82682,-0.16685028,GALAXY,SDSS_DR18_SPECTROSCOPY,ZWARNING_0_SCIENCEPRIMARY
TRD004580,149.05941,-0.020649909,GALAXY,SDSS_DR18_SPECTROSCOPY,ZWARNING_0_SCIENCEPRIMARY
TRD004581,149.0462,-0.077642543,GALAXY,SDSS_DR18_SPECTROSCOPY,ZWARNING_0_SCIENCEPRIMARY
TRD004582,148.84204,-0.072359757,GALAXY,SDSS_DR18_SPECTROSCOPY,ZWARNING_0_SCIENCEPRIMARY
TRD004583,148.17251,-0.064650862,GALAXY,SDSS_DR18_SPECTROSCOPY,ZWARNING_0_SCIENCEPRIMARY
TRD004584,147.89813,-0.31813411,GALAXY,SDSS_DR18_SPECTROSCOPY,ZWARNING_0_SCIENCEPRIMARY
TRD004585,149.06118,0.10304762,GALAXY,SDSS_DR18_SPECTROSCOPY,ZWARNING_0_SCIENCEPRIMARY
TRD004586,148.43291,-0.090180392,GALAXY,SDSS_DR18_SPECTROSCOPY,ZWARNING_0_SCIENCEPRIMARY
TRD004587,149.04932,-0.3031319,GALAXY,SDSS_DR18_SPECTROSCOPY,ZWARNING_0_SCIENCEPRIMARY
TRD004588,148.70678,-0.34464792,GALAXY,SDSS_DR18_SPECTROSCOPY,ZWARNING_0_SCIENCEPRIMARY
TRD004589,148.96913,-0.17908839,GALAXY,SDSS_DR18_SPECTROSCOPY,ZWARNING_0_SCIENCEPRIMARY
TRD004590,148.58445,-0.3355841,GALAXY,SDSS_DR18_SPECTROSCOPY,ZWARNING_0_SCIENCEPRIMARY
TRD004591,149.007,-0.24103475,GALAXY,SDSS_DR18_SPECTROSCOPY,ZWARNING_0_SCIENCEPRIMARY
TRD004592,149.08672,-0.40810782,GALAXY,SDSS_DR18_SPECTROSCOPY,ZWARNING_0_SCIENCEPRIMARY
TRD004593,147.91704,-0.23895354,GALAXY,SDSS_DR18_SPECTROSCOPY,ZWARNING_0_SCIENCEPRIMARY
TRD004594,148.05156,1.167983,GALAXY,SDSS_DR18_SPECTROSCOPY,ZWARNING_0_SCIENCEPRIMARY
TRD004595,148.75621,1.069091,GALAXY,SDSS_DR18_SPECTROSCOPY,ZWARNING_0_SCIENCEPRIMARY
TRD004596,148.74977,0.979115,GALAXY,SDSS_DR18_SPECTROSCOPY,ZWARNING_0_SCIENCEPRIMARY
TRD004597,148.36456,1.0109267,GALAXY,SDSS_DR18_SPECTROSCOPY,ZWARNING_0_SCIENCEPRIMARY
TRD004598,147.99377,1.1161384,GALAXY,SDSS_DR18_SPECTROSCOPY,ZWARNING_0_SCIENCEPRIMARY
TRD004599,148.89819,1.0526764,GALAXY,SDSS_DR18_SPECTROSCOPY,ZWARNING_0_SCIENCEPRIMARY
TRD004600,148.84656,0.87886816,GALAXY,SDSS_DR18_SPECTROSCOPY,ZWARNING_0_SCIENCEPRIMARY
TRD004601,147.98811,1.1010509,GALAXY,SDSS_DR18_SPECTROSCOPY,ZWARNING_0_SCIENCEPRIMARY
TRD004602,148.83217,1.0290068,GALAXY,SDSS_DR18_SPECTROSCOPY,ZWARNING_0_SCIENCEPRIMARY
TRD004603,147.88152,0.79486978,GALAXY,SDSS_DR18_SPECTROSCOPY,ZWARNING_0_SCIENCEPRIMARY
TRD004604,148.29787,0.84225347,GALAXY,SDSS_DR18_SPECTROSCOPY,ZWARNING_0_SCIENCEPRIMARY
TRD004605,148.80375,0.28479008,GALAXY,SDSS_DR18_SPECTROSCOPY,ZWARNING_0_SCIENCEPRIMARY
TRD004606,148.64327,0.53896184,GALAXY,SDSS_DR18_SPECTROSCOPY,ZWARNING_0_SCIENCEPRIMARY
TRD004607,148.35961,0.62464726,GALAXY,SDSS_DR18_SPECTROSCOPY,ZWARNING_0_SCIENCEPRIMARY
TRD004608,148.43632,0.5689379,GALAXY,SDSS_DR18_SPECTROSCOPY,ZWARNING_0_SCIENCEPRIMARY
TRD004609,148.7298,0.37865087,GALAXY,SDSS_DR18_SPECTROSCOPY,ZWARNING_0_SCIENCEPRIMARY
TRD004610,148.78789,0.56023659,GALAXY,SDSS_DR18_SPECTROSCOPY,ZWARNING_0_SCIENCEPRIMARY
TRD004611,147.90096,0.409726,GALAXY,SDSS_DR18_SPECTROSCOPY,ZWARNING_0_SCIENCEPRIMARY
TRD004612,148.36149,0.29370397,GALAXY,SDSS_DR18_SPECTROSCOPY,ZWARNING_0_SCIENCEPRIMARY
TRD004613,148.18589,0.17324164,GALAXY,SDSS_DR18_SPECTROSCOPY,ZWARNING_0_SCIENCEPRIMARY
TRD004614,148.40836,0.58878424,GALAXY,SDSS_DR18_SPECTROSCOPY,ZWARNING_0_SCIENCEPRIMARY
TRD004615,148.14541,0.24995548,GALAXY,SDSS_DR18_SPECTROSCOPY,ZWARNING_0_SCIENCEPRIMARY
TRD004616,148.38603,0.60220774,GALAXY,SDSS_DR18_SPECTROSCOPY,ZWARNING_0_SCIENCEPRIMARY
TRD004617,148.31696,0.66817356,GALAXY,SDSS_DR18_SPECTROSCOPY,ZWARNING_0_SCIENCEPRIMARY
TRD004618,148.45962,0.44008751,GALAXY,SDSS_DR18_SPECTROSCOPY,ZWARNING_0_SCIENCEPRIMARY
TRD004619,148.73787,0.63321685,GALAXY,SDSS_DR18_SPECTROSCOPY,ZWARNING_0_SCIENCEPRIMARY
TRD004620,149.01151,1.2403685,GALAXY,SDSS_DR18_SPECTROSCOPY,ZWARNING_0_SCIENCEPRIMARY
TRD004621,149.043,1.1920981,GALAXY,SDSS_DR18_SPECTROSCOPY,ZWARNING_0_SCIENCEPRIMARY
TRD004622,149.06551,1.2120422,GALAXY,SDSS_DR18_SPECTROSCOPY,ZWARNING_0_SCIENCEPRIMARY
TRD004623,149.00285,1.0090943,GALAXY,SDSS_DR18_SPECTROSCOPY,ZWARNING_0_SCIENCEPRIMARY
TRD004624,149.16601,1.2351614,GALAXY,SDSS_DR18_SPECTROSCOPY,ZWARNING_0_SCIENCEPRIMARY
TRD004625,148.90653,1.0012438,GALAXY,SDSS_DR18_SPECTROSCOPY,ZWARNING_0_SCIENCEPRIMARY
TRD004626,149.16137,1.0928926,GALAXY,SDSS_DR18_SPECTROSCOPY,ZWARNING_0_SCIENCEPRIMARY
TRD004627,148.93659,0.86082368,GALAXY,SDSS_DR18_SPECTROSCOPY,ZWARNING_0_SCIENCEPRIMARY
TRD004628,149.02335,0.83986846,GALAXY,SDSS_DR18_SPECTROSCOPY,ZWARNING_0_SCIENCEPRIMARY
TRD004629,149.17239,0.849243,GALAXY,SDSS_DR18_SPECTROSCOPY,ZWARNING_0_SCIENCEPRIMARY
TRD004630,149.09908,1.150009,GALAXY,SDSS_DR18_SPECTROSCOPY,ZWARNING_0_SCIENCEPRIMARY
TRD004631,149.13175,1.2502266,GALAXY,SDSS_DR18_SPECTROSCOPY,ZWARNING_0_SCIENCEPRIMARY
TRD004632,149.17789,0.93024095,GALAXY,SDSS_DR18_SPECTROSCOPY,ZWARNING_0_SCIENCEPRIMARY
TRD004633,149.101,1.2319548,GALAXY,SDSS_DR18_SPECTROSCOPY,ZWARNING_0_SCIENCEPRIMARY
TRD004634,149.03764,1.2536095,GALAXY,SDSS_DR18_SPECTROSCOPY,ZWARNING_0_SCIENCEPRIMARY
TRD004635,149.09095,0.84455742,GALAXY,SDSS_DR18_SPECTROSCOPY,ZWARNING_0_SCIENCEPRIMARY
TRD004636,148.95609,0.86778515,GALAXY,SDSS_DR18_SPECTROSCOPY,ZWARNING_0_SCIENCEPRIMARY
TRD004637,148.94484,1.125634,GALAXY,SDSS_DR18_SPECTROSCOPY,ZWARNING_0_SCIENCEPRIMARY
TRD004638,149.11406,0.93168,GALAXY,SDSS_DR18_SPECTROSCOPY,ZWARNING_0_SCIENCEPRIMARY
TRD004639,149.22472,0.76995441,GALAXY,SDSS_DR18_SPECTROSCOPY,ZWARNING_0_SCIENCEPRIMARY
TRD004640,149.00828,0.77001324,GALAXY,SDSS_DR18_SPECTROSCOPY,ZWARNING_0_SCIENCEPRIMARY
TRD004641,149.17189,0.59881173,GALAXY,SDSS_DR18_SPECTROSCOPY,ZWARNING_0_SCIENCEPRIMARY
TRD004642,149.05682,0.75387361,GALAXY,SDSS_DR18_SPECTROSCOPY,ZWARNING_0_SCIENCEPRIMARY
TRD004643,149.13964,0.75088167,GALAXY,SDSS_DR18_SPECTROSCOPY,ZWARNING_0_SCIENCEPRIMARY
TRD004644,149.15897,0.15320665,GALAXY,SDSS_DR18_SPECTROSCOPY,ZWARNING_0_SCIENCEPRIMARY
TRD004645,149.0175,0.73912833,GALAXY,SDSS_DR18_SPECTROSCOPY,ZWARNING_0_SCIENCEPRIMARY
TRD004646,149.07917,0.64739651,GALAXY,SDSS_DR18_SPECTROSCOPY,ZWARNING_0_SCIENCEPRIMARY
TRD004647,149.1391,0.59698579,GALAXY,SDSS_DR18_SPECTROSCOPY,ZWARNING_0_SCIENCEPRIMARY
TRD004648,149.12164,0.70892345,GALAXY,SDSS_DR18_SPECTROSCOPY,ZWARNING_0_SCIENCEPRIMARY
TRD004649,148.92539,0.21497726,GALAXY,SDSS_DR18_SPECTROSCOPY,ZWARNING_0_SCIENCEPRIMARY
TRD004650,149.21414,0.20882805,GALAXY,SDSS_DR18_SPECTROSCOPY,ZWARNING_0_SCIENCEPRIMARY
TRD004651,148.95153,0.55692097,GALAXY,SDSS_DR18_SPECTROSCOPY,ZWARNING_0_SCIENCEPRIMARY
TRD004652,149.00576,0.35802082,GALAXY,SDSS_DR18_SPECTROSCOPY,ZWARNING_0_SCIENCEPRIMARY
TRD004653,149.13884,0.64360922,GALAXY,SDSS_DR18_SPECTROSCOPY,ZWARNING_0_SCIENCEPRIMARY
TRD004654,148.82567,0.38932059,GALAXY,SDSS_DR18_SPECTROSCOPY,ZWARNING_0_SCIENCEPRIMARY
TRD004655,149.2062,0.26923693,GALAXY,SDSS_DR18_SPECTROSCOPY,ZWARNING_0_SCIENCEPRIMARY
TRD004656,148.93099,0.43363788,GALAXY,SDSS_DR18_SPECTROSCOPY,ZWARNING_0_SCIENCEPRIMARY
TRD004657,148.9735,0.22234065,GALAXY,SDSS_DR18_SPECTROSCOPY,ZWARNING_0_SCIENCEPRIMARY
TRD004658,149.31939,1.0224944,GALAXY,SDSS_DR18_SPECTROSCOPY,ZWARNING_0_SCIENCEPRIMARY
TRD004659,149.3183,1.1932049,GALAXY,SDSS_DR18_SPECTROSCOPY,ZWARNING_0_SCIENCEPRIMARY
TRD004660,149.33768,0.81491532,GALAXY,SDSS_DR18_SPECTROSCOPY,ZWARNING_0_SCIENCEPRIMARY
TRD004661,149.34028,1.2094722,GALAXY,SDSS_DR18_SPECTROSCOPY,ZWARNING_0_SCIENCEPRIMARY
TRD004662,149.29516,1.1401752,GALAXY,SDSS_DR18_SPECTROSCOPY,ZWARNING_0_SCIENCEPRIMARY
TRD004663,149.2058,1.1205102,GALAXY,SDSS_DR18_SPECTROSCOPY,ZWARNING_0_SCIENCEPRIMARY
TRD004664,149.33862,1.0036655,GALAXY,SDSS_DR18_SPECTROSCOPY,ZWARNING_0_SCIENCEPRIMARY
TRD004665,149.19392,1.07019,GALAXY,SDSS_DR18_SPECTROSCOPY,ZWARNING_0_SCIENCEPRIMARY
TRD004666,149.22809,0.8378242,GALAXY,SDSS_DR18_SPECTROSCOPY,ZWARNING_0_SCIENCEPRIMARY
TRD004667,149.18419,0.96839231,GALAXY,SDSS_DR18_SPECTROSCOPY,ZWARNING_0_SCIENCEPRIMARY
TRD004668,149.35654,1.0035114,GALAXY,SDSS_DR18_SPECTROSCOPY,ZWARNING_0_SCIENCEPRIMARY
TRD004669,149.19459,0.8165819,GALAXY,SDSS_DR18_SPECTROSCOPY,ZWARNING_0_SCIENCEPRIMARY
TRD004670,149.19776,1.2566427,GALAXY,SDSS_DR18_SPECTROSCOPY,ZWARNING_0_SCIENCEPRIMARY
TRD004671,149.29648,0.77667291,GALAXY,SDSS_DR18_SPECTROSCOPY,ZWARNING_0_SCIENCEPRIMARY
TRD004672,149.32467,0.96515239,GALAXY,SDSS_DR18_SPECTROSCOPY,ZWARNING_0_SCIENCEPRIMARY
TRD004673,149.363,0.98551721,GALAXY,SDSS_DR18_SPECTROSCOPY,ZWARNING_0_SCIENCEPRIMARY
TRD004674,149.32459,0.98264229,GALAXY,SDSS_DR18_SPECTROSCOPY,ZWARNING_0_SCIENCEPRIMARY
TRD004675,149.21287,0.90180451,GALAXY,SDSS_DR18_SPECTROSCOPY,ZWARNING_0_SCIENCEPRIMARY
TRD004676,149.3299,0.69082065,GALAXY,SDSS_DR18_SPECTROSCOPY,ZWARNING_0_SCIENCEPRIMARY
TRD004677,149.17618,0.75701343,GALAXY,SDSS_DR18_SPECTROSCOPY,ZWARNING_0_SCIENCEPRIMARY
TRD004678,149.24124,0.57340293,GALAXY,SDSS_DR18_SPECTROSCOPY,ZWARNING_0_SCIENCEPRIMARY
TRD004679,149.25024,0.27426556,GALAXY,SDSS_DR18_SPECTROSCOPY,ZWARNING_0_SCIENCEPRIMARY
TRD004680,149.2576,0.3565249,GALAXY,SDSS_DR18_SPECTROSCOPY,ZWARNING_0_SCIENCEPRIMARY
TRD004681,149.23177,0.52699946,GALAXY,SDSS_DR18_SPECTROSCOPY,ZWARNING_0_SCIENCEPRIMARY
TRD004682,149.29002,0.6687773,GALAXY,SDSS_DR18_SPECTROSCOPY,ZWARNING_0_SCIENCEPRIMARY
TRD004683,149.22986,0.20690311,GALAXY,SDSS_DR18_SPECTROSCOPY,ZWARNING_0_SCIENCEPRIMARY
TRD004684,149.34393,0.18362456,GALAXY,SDSS_DR18_SPECTROSCOPY,ZWARNING_0_SCIENCEPRIMARY
TRD004685,149.29027,0.6520023,GALAXY,SDSS_DR18_SPECTROSCOPY,ZWARNING_0_SCIENCEPRIMARY
TRD004686,149.33858,0.7064551,GALAXY,SDSS_DR18_SPECTROSCOPY,ZWARNING_0_SCIENCEPRIMARY
TRD004687,149.30469,0.7021997,GALAXY,SDSS_DR18_SPECTROSCOPY,ZWARNING_0_SCIENCEPRIMARY
TRD004688,149.30677,0.19869727,GALAXY,SDSS_DR18_SPECTROSCOPY,ZWARNING_0_SCIENCEPRIMARY
TRD004689,149.30969,0.135009,GALAXY,SDSS_DR18_SPECTROSCOPY,ZWARNING_0_SCIENCEPRIMARY
TRD004690,149.24023,0.55097768,GALAXY,SDSS_DR18_SPECTROSCOPY,ZWARNING_0_SCIENCEPRIMARY
TRD004691,149.25958,0.17999225,GALAXY,SDSS_DR18_SPECTROSCOPY,ZWARNING_0_SCIENCEPRIMARY
TRD004692,149.2481,0.15805116,GALAXY,SDSS_DR18_SPECTROSCOPY,ZWARNING_0_SCIENCEPRIMARY
TRD004693,149.60554,1.1039703,GALAXY,SDSS_DR18_SPECTROSCOPY,ZWARNING_0_SCIENCEPRIMARY
TRD004694,149.59584,0.95273372,GALAXY,SDSS_DR18_SPECTROSCOPY,ZWARNING_0_SCIENCEPRIMARY
TRD004695,149.61034,0.82065009,GALAXY,SDSS_DR18_SPECTROSCOPY,ZWARNING_0_SCIENCEPRIMARY
TRD004696,149.54932,1.0298165,GALAXY,SDSS_DR18_SPECTROSCOPY,ZWARNING_0_SCIENCEPRIMARY
TRD004697,149.53391,0.9146504,GALAXY,SDSS_DR18_SPECTROSCOPY,ZWARNING_0_SCIENCEPRIMARY
TRD004698,149.41714,0.95981005,GALAXY,SDSS_DR18_SPECTROSCOPY,ZWARNING_0_SCIENCEPRIMARY
TRD004699,149.62511,1.1819846,GALAXY,SDSS_DR18_SPECTROSCOPY,ZWARNING_0_SCIENCEPRIMARY
TRD004700,149.51562,1.0166532,GALAXY,SDSS_DR18_SPECTROSCOPY,ZWARNING_0_SCIENCEPRIMARY
TRD004701,149.43801,0.8615036,GALAXY,SDSS_DR18_SPECTROSCOPY,ZWARNING_0_SCIENCEPRIMARY
TRD004702,149.46087,0.79536173,GALAXY,SDSS_DR18_SPECTROSCOPY,ZWARNING_0_SCIENCEPRIMARY
TRD004703,149.58785,1.0931225,GALAXY,SDSS_DR18_SPECTROSCOPY,ZWARNING_0_SCIENCEPRIMARY
TRD004704,149.39506,0.84022126,GALAXY,SDSS_DR18_SPECTROSCOPY,ZWARNING_0_SCIENCEPRIMARY
TRD004705,149.50301,0.81251684,GALAXY,SDSS_DR18_SPECTROSCOPY,ZWARNING_0_SCIENCEPRIMARY
TRD004706,149.64245,1.1181929,GALAXY,SDSS_DR18_SPECTROSCOPY,ZWARNING_0_SCIENCEPRIMARY
TRD004707,149.5059,1.0891065,GALAXY,SDSS_DR18_SPECTROSCOPY,ZWARNING_0_SCIENCEPRIMARY
TRD004708,149.5245,1.1093717,GALAXY,SDSS_DR18_SPECTROSCOPY,ZWARNING_0_SCIENCEPRIMARY
TRD004709,149.42722,0.91128269,GALAXY,SDSS_DR18_SPECTROSCOPY,ZWARNING_0_SCIENCEPRIMARY
TRD004710,149.38209,1.2125572,GALAXY,SDSS_DR18_SPECTROSCOPY,ZWARNING_0_SCIENCEPRIMARY
TRD004711,149.3547,0.73094109,GALAXY,SDSS_DR18_SPECTROSCOPY,ZWARNING_0_SCIENCEPRIMARY
TRD004712,149.36235,0.53310201,GALAXY,SDSS_DR18_SPECTROSCOPY,ZWARNING_0_SCIENCEPRIMARY
TRD004713,149.48878,0.55525806,GALAXY,SDSS_DR18_SPECTROSCOPY,ZWARNING_0_SCIENCEPRIMARY
TRD004714,149.53812,0.60086726,GALAXY,SDSS_DR18_SPECTROSCOPY,ZWARNING_0_SCIENCEPRIMARY
TRD004715,149.49877,0.74899732,GALAXY,SDSS_DR18_SPECTROSCOPY,ZWARNING_0_SCIENCEPRIMARY
TRD004716,149.44456,0.67282345,GALAXY,SDSS_DR18_SPECTROSCOPY,ZWARNING_0_SCIENCEPRIMARY
TRD004717,149.44584,0.57189579,GALAXY,SDSS_DR18_SPECTROSCOPY,ZWARNING_0_SCIENCEPRIMARY
TRD004718,149.37023,0.58818421,GALAXY,SDSS_DR18_SPECTROSCOPY,ZWARNING_0_SCIENCEPRIMARY
TRD004719,149.38738,0.66816848,GALAXY,SDSS_DR18_SPECTROSCOPY,ZWARNING_0_SCIENCEPRIMARY
TRD004720,149.43027,0.6899478,GALAXY,SDSS_DR18_SPECTROSCOPY,ZWARNING_0_SCIENCEPRIMARY
TRD004721,149.4843,0.20641656,GALAXY,SDSS_DR18_SPECTROSCOPY,ZWARNING_0_SCIENCEPRIMARY
TRD004722,149.41265,0.33257441,GALAXY,SDSS_DR18_SPECTROSCOPY,ZWARNING_0_SCIENCEPRIMARY
TRD004723,149.34822,0.31473711,GALAXY,SDSS_DR18_SPECTROSCOPY,ZWARNING_0_SCIENCEPRIMARY
TRD004724,149.52005,0.17422694,GALAXY,SDSS_DR18_SPECTROSCOPY,ZWARNING_0_SCIENCEPRIMARY
TRD004725,149.55064,0.23722537,GALAXY,SDSS_DR18_SPECTROSCOPY,ZWARNING_0_SCIENCEPRIMARY
TRD004726,149.50814,0.29610635,GALAXY,SDSS_DR18_SPECTROSCOPY,ZWARNING_0_SCIENCEPRIMARY
TRD004727,149.39476,0.23864555,GALAXY,SDSS_DR18_SPECTROSCOPY,ZWARNING_0_SCIENCEPRIMARY
TRD004728,149.55554,0.56103672,GALAXY,SDSS_DR18_SPECTROSCOPY,ZWARNING_0_SCIENCEPRIMARY
TRD004729,149.62083,0.57480428,GALAXY,SDSS_DR18_SPECTROSCOPY,ZWARNING_0_SCIENCEPRIMARY
TRD004730,149.86689,0.2873983,GALAXY,SDSS_DR18_SPECTROSCOPY,ZWARNING_0_SCIENCEPRIMARY
TRD004731,149.64744,0.57001104,GALAXY,SDSS_DR18_SPECTROSCOPY,ZWARNING_0_SCIENCEPRIMARY
TRD004732,149.87176,0.35955807,GALAXY,SDSS_DR18_SPECTROSCOPY,ZWARNING_0_SCIENCEPRIMARY
TRD004733,149.60259,0.53421222,GALAXY,SDSS_DR18_SPECTROSCOPY,ZWARNING_0_SCIENCEPRIMARY
TRD004734,149.84101,0.34122337,GALAXY,SDSS_DR18_SPECTROSCOPY,ZWARNING_0_SCIENCEPRIMARY
TRD004735,149.64744,0.74278265,GALAXY,SDSS_DR18_SPECTROSCOPY,ZWARNING_0_SCIENCEPRIMARY
TRD004736,149.66666,0.73591306,GALAXY,SDSS_DR18_SPECTROSCOPY,ZWARNING_0_SCIENCEPRIMARY
TRD004737,149.70775,0.16144659,GALAXY,SDSS_DR18_SPECTROSCOPY,ZWARNING_0_SCIENCEPRIMARY
TRD004738,149.72323,0.68753789,GALAXY,SDSS_DR18_SPECTROSCOPY,ZWARNING_0_SCIENCEPRIMARY
TRD004739,149.80937,0.30230956,GALAXY,SDSS_DR18_SPECTROSCOPY,ZWARNING_0_SCIENCEPRIMARY
TRD004740,149.88457,0.15677014,GALAXY,SDSS_DR18_SPECTROSCOPY,ZWARNING_0_SCIENCEPRIMARY
TRD004741,149.61346,0.38249545,GALAXY,SDSS_DR18_SPECTROSCOPY,ZWARNING_0_SCIENCEPRIMARY
TRD004742,149.86896,0.39318413,GALAXY,SDSS_DR18_SPECTROSCOPY,ZWARNING_0_SCIENCEPRIMARY
TRD004743,149.55992,0.14035188,GALAXY,SDSS_DR18_SPECTROSCOPY,ZWARNING_0_SCIENCEPRIMARY
TRD004744,149.6352,0.34916165,GALAXY,SDSS_DR18_SPECTROSCOPY,ZWARNING_0_SCIENCEPRIMARY
TRD004745,149.60366,0.16107991,GALAXY,SDSS_DR18_SPECTROSCOPY,ZWARNING_0_SCIENCEPRIMARY
TRD004746,149.69997,0.57536519,GALAXY,SDSS_DR18_SPECTROSCOPY,ZWARNING_0_SCIENCEPRIMARY
TRD004747,150.00364,0.5322927,GALAXY,SDSS_DR18_SPECTROSCOPY,ZWARNING_0_SCIENCEPRIMARY
TRD004748,149.91598,0.44734671,GALAXY,SDSS_DR18_SPECTROSCOPY,ZWARNING_0_SCIENCEPRIMARY
TRD004749,149.91553,0.54105659,GALAXY,SDSS_DR18_SPECTROSCOPY,ZWARNING_0_SCIENCEPRIMARY
TRD004750,149.98555,0.62215586,GALAXY,SDSS_DR18_SPECTROSCOPY,ZWARNING_0_SCIENCEPRIMARY
TRD004751,149.96206,0.18050882,GALAXY,SDSS_DR18_SPECTROSCOPY,ZWARNING_0_SCIENCEPRIMARY
TRD004752,150.017,0.49588201,GALAXY,SDSS_DR18_SPECTROSCOPY,ZWARNING_0_SCIENCEPRIMARY
TRD004753,149.89504,0.66299009,GALAXY,SDSS_DR18_SPECTROSCOPY,ZWARNING_0_SCIENCEPRIMARY
TRD004754,149.88692,0.58595632,GALAXY,SDSS_DR18_SPECTROSCOPY,ZWARNING_0_SCIENCEPRIMARY
TRD004755,149.89834,0.34545889,GALAXY,SDSS_DR18_SPECTROSCOPY,ZWARNING_0_SCIENCEPRIMARY
TRD004756,149.98038,0.4679232,GALAXY,SDSS_DR18_SPECTROSCOPY,ZWARNING_0_SCIENCEPRIMARY
TRD004757,149.95755,0.43697705,GALAXY,SDSS_DR18_SPECTROSCOPY,ZWARNING_0_SCIENCEPRIMARY
TRD004758,149.90931,0.51314307,GALAXY,SDSS_DR18_SPECTROSCOPY,ZWARNING_0_SCIENCEPRIMARY
TRD004759,149.99403,0.4804419,GALAXY,SDSS_DR18_SPECTROSCOPY,ZWARNING_0_SCIENCEPRIMARY
TRD004760,149.89462,0.47944441,GALAXY,SDSS_DR18_SPECTROSCOPY,ZWARNING_0_SCIENCEPRIMARY
TRD004761,149.91993,0.35740475,GALAXY,SDSS_DR18_SPECTROSCOPY,ZWARNING_0_SCIENCEPRIMARY
TRD004762,149.91497,0.33280419,GALAXY,SDSS_DR18_SPECTROSCOPY,ZWARNING_0_SCIENCEPRIMARY
TRD004763,149.71815,0.87054007,GALAXY,SDSS_DR18_SPECTROSCOPY,ZWARNING_0_SCIENCEPRIMARY
TRD004764,149.70719,1.1344068,GALAXY,SDSS_DR18_SPECTROSCOPY,ZWARNING_0_SCIENCEPRIMARY
TRD004765,149.72234,1.0209702,GALAXY,SDSS_DR18_SPECTROSCOPY,ZWARNING_0_SCIENCEPRIMARY
TRD004766,149.68988,1.0037285,GALAXY,SDSS_DR18_SPECTROSCOPY,ZWARNING_0_SCIENCEPRIMARY
TRD004767,149.71597,1.1621102,GALAXY,SDSS_DR18_SPECTROSCOPY,ZWARNING_0_SCIENCEPRIMARY
TRD004768,149.69482,1.0628803,GALAXY,SDSS_DR18_SPECTROSCOPY,ZWARNING_0_SCIENCEPRIMARY
TRD004769,149.6774,1.1046608,GALAXY,SDSS_DR18_SPECTROSCOPY,ZWARNING_0_SCIENCEPRIMARY
TRD004770,149.70765,0.83669177,GALAXY,SDSS_DR18_SPECTROSCOPY,ZWARNING_0_SCIENCEPRIMARY
TRD004771,149.72894,0.81279453,GALAXY,SDSS_DR18_SPECTROSCOPY,ZWARNING_0_SCIENCEPRIMARY
TRD004772,149.67696,0.87640629,GALAXY,SDSS_DR18_SPECTROSCOPY,ZWARNING_0_SCIENCEPRIMARY
TRD004773,149.64552,1.0142635,GALAXY,SDSS_DR18_SPECTROSCOPY,ZWARNING_0_SCIENCEPRIMARY
TRD004774,149.65731,0.87075168,GALAXY,SDSS_DR18_SPECTROSCOPY,ZWARNING_0_SCIENCEPRIMARY
TRD004775,150.10153,0.70459403,GALAXY,SDSS_DR18_SPECTROSCOPY,ZWARNING_0_SCIENCEPRIMARY
TRD004776,150.06597,0.51724897,GALAXY,SDSS_DR18_SPECTROSCOPY,ZWARNING_0_SCIENCEPRIMARY
TRD004777,150.12978,0.7589614,GALAXY,SDSS_DR18_SPECTROSCOPY,ZWARNING_0_SCIENCEPRIMARY
TRD004778,150.09252,0.45545952,GALAXY,SDSS_DR18_SPECTROSCOPY,ZWARNING_0_SCIENCEPRIMARY
TRD004779,150.10979,0.75852316,GALAXY,SDSS_DR18_SPECTROSCOPY,ZWARNING_0_SCIENCEPRIMARY
TRD004780,150.06963,0.27563601,GALAXY,SDSS_DR18_SPECTROSCOPY,ZWARNING_0_SCIENCEPRIMARY
TRD004781,150.13205,0.54897864,GALAXY,SDSS_DR18_SPECTROSCOPY,ZWARNING_0_SCIENCEPRIMARY
TRD004782,150.08477,0.50597453,GALAXY,SDSS_DR18_SPECTROSCOPY,ZWARNING_0_SCIENCEPRIMARY
TRD004783,150.02696,0.51018747,GALAXY,SDSS_DR18_SPECTROSCOPY,ZWARNING_0_SCIENCEPRIMARY
TRD004784,150.10527,0.49811121,GALAXY,SDSS_DR18_SPECTROSCOPY,ZWARNING_0_SCIENCEPRIMARY
TRD004785,150.19313,0.20806812,GALAXY,SDSS_DR18_SPECTROSCOPY,ZWARNING_0_SCIENCEPRIMARY
TRD004786,150.03877,0.19701772,GALAXY,SDSS_DR18_SPECTROSCOPY,ZWARNING_0_SCIENCEPRIMARY
TRD004787,150.02916,0.21937171,GALAXY,SDSS_DR18_SPECTROSCOPY,ZWARNING_0_SCIENCEPRIMARY
TRD004788,150.08223,0.4782499,GALAXY,SDSS_DR18_SPECTROSCOPY,ZWARNING_0_SCIENCEPRIMARY
TRD004789,150.10511,0.24931986,GALAXY,SDSS_DR18_SPECTROSCOPY,ZWARNING_0_SCIENCEPRIMARY
TRD004790,150.09059,0.17474878,GALAXY,SDSS_DR18_SPECTROSCOPY,ZWARNING_0_SCIENCEPRIMARY
TRD004791,150.10797,0.23355186,GALAXY,SDSS_DR18_SPECTROSCOPY,ZWARNING_0_SCIENCEPRIMARY
TRD004792,149.77315,1.204926,GALAXY,SDSS_DR18_SPECTROSCOPY,ZWARNING_0_SCIENCEPRIMARY
TRD004793,149.85214,1.0358203,GALAXY,SDSS_DR18_SPECTROSCOPY,ZWARNING_0_SCIENCEPRIMARY
TRD004794,150.28233,0.85327478,GALAXY,SDSS_DR18_SPECTROSCOPY,ZWARNING_0_SCIENCEPRIMARY
TRD004795,149.94876,0.81877785,GALAXY,SDSS_DR18_SPECTROSCOPY,ZWARNING_0_SCIENCEPRIMARY
TRD004796,149.8528,1.2509149,GALAXY,SDSS_DR18_SPECTROSCOPY,ZWARNING_0_SCIENCEPRIMARY
TRD004797,149.95019,0.78012107,GALAXY,SDSS_DR18_SPECTROSCOPY,ZWARNING_0_SCIENCEPRIMARY
TRD004798,149.82107,1.1534739,GALAXY,SDSS_DR18_SPECTROSCOPY,ZWARNING_0_SCIENCEPRIMARY
TRD004799,149.81564,0.96732869,GALAXY,SDSS_DR18_SPECTROSCOPY,ZWARNING_0_SCIENCEPRIMARY
TRD004800,149.7886,0.87652547,GALAXY,SDSS_DR18_SPECTROSCOPY,ZWARNING_0_SCIENCEPRIMARY
TRD004801,149.81438,1.1290149,GALAXY,SDSS_DR18_SPECTROSCOPY,ZWARNING_0_SCIENCEPRIMARY
TRD004802,149.77435,1.0866231,GALAXY,SDSS_DR18_SPECTROSCOPY,ZWARNING_0_SCIENCEPRIMARY
TRD004803,149.86766,0.91013839,GALAXY,SDSS_DR18_SPECTROSCOPY,ZWARNING_0_SCIENCEPRIMARY
TRD004804,149.82088,1.0330869,GALAXY,SDSS_DR18_SPECTROSCOPY,ZWARNING_0_SCIENCEPRIMARY
TRD004805,149.81074,1.1655791,GALAXY,SDSS_DR18_SPECTROSCOPY,ZWARNING_0_SCIENCEPRIMARY
TRD004806,150.28724,0.45483777,GALAXY,SDSS_DR18_SPECTROSCOPY,ZWARNING_0_SCIENCEPRIMARY
TRD004807,150.24075,0.37595347,GALAXY,SDSS_DR18_SPECTROSCOPY,ZWARNING_0_SCIENCEPRIMARY
TRD004808,150.19523,0.24463182,GALAXY,SDSS_DR18_SPECTROSCOPY,ZWARNING_0_SCIENCEPRIMARY
TRD004809,150.31186,0.60072515,GALAXY,SDSS_DR18_SPECTROSCOPY,ZWARNING_0_SCIENCEPRIMARY
TRD004810,150.19596,0.49962879,GALAXY,SDSS_DR18_SPECTROSCOPY,ZWARNING_0_SCIENCEPRIMARY
TRD004811,150.22831,0.59220611,GALAXY,SDSS_DR18_SPECTROSCOPY,ZWARNING_0_SCIENCEPRIMARY
TRD004812,150.22255,0.55250011,GALAXY,SDSS_DR18_SPECTROSCOPY,ZWARNING_0_SCIENCEPRIMARY
TRD004813,150.20261,0.59557971,GALAXY,SDSS_DR18_SPECTROSCOPY,ZWARNING_0_SCIENCEPRIMARY
TRD004814,150.28953,0.58652514,GALAXY,SDSS_DR18_SPECTROSCOPY,ZWARNING_0_SCIENCEPRIMARY
TRD004815,150.29836,0.22565207,GALAXY,SDSS_DR18_SPECTROSCOPY,ZWARNING_0_SCIENCEPRIMARY
TRD004816,150.2388,0.61154485,GALAXY,SDSS_DR18_SPECTROSCOPY,ZWARNING_0_SCIENCEPRIMARY
TRD004817,150.24791,0.30667754,GALAXY,SDSS_DR18_SPECTROSCOPY,ZWARNING_0_SCIENCEPRIMARY
TRD004818,150.29836,0.25289339,GALAXY,SDSS_DR18_SPECTROSCOPY,ZWARNING_0_SCIENCEPRIMARY
TRD004819,150.25716,0.21459792,GALAXY,SDSS_DR18_SPECTROSCOPY,ZWARNING_0_SCIENCEPRIMARY
TRD004820,150.29948,0.32932078,GALAXY,SDSS_DR18_SPECTROSCOPY,ZWARNING_0_SCIENCEPRIMARY
TRD004821,150.26611,0.30609746,GALAXY,SDSS_DR18_SPECTROSCOPY,ZWARNING_0_SCIENCEPRIMARY
TRD004822,150.2184,0.26145474,GALAXY,SDSS_DR18_SPECTROSCOPY,ZWARNING_0_SCIENCEPRIMARY
TRD004823,150.20372,0.54138346,GALAXY,SDSS_DR18_SPECTROSCOPY,ZWARNING_0_SCIENCEPRIMARY
TRD004824,150.34651,0.81654611,GALAXY,SDSS_DR18_SPECTROSCOPY,ZWARNING_0_SCIENCEPRIMARY
TRD004825,149.98211,1.1106445,GALAXY,SDSS_DR18_SPECTROSCOPY,ZWARNING_0_SCIENCEPRIMARY
TRD004826,149.95622,1.2515751,GALAXY,SDSS_DR18_SPECTROSCOPY,ZWARNING_0_SCIENCEPRIMARY
TRD004827,150.16656,1.0684998,GALAXY,SDSS_DR18_SPECTROSCOPY,ZWARNING_0_SCIENCEPRIMARY
TRD004828,150.03194,0.89105205,GALAXY,SDSS_DR18_SPECTROSCOPY,ZWARNING_0_SCIENCEPRIMARY
TRD004829,150.22005,1.0045795,GALAXY,SDSS_DR18_SPECTROSCOPY,ZWARNING_0_SCIENCEPRIMARY
TRD004830,150.03345,1.2044814,GALAXY,SDSS_DR18_SPECTROSCOPY,ZWARNING_0_SCIENCEPRIMARY
TRD004831,150.03499,0.9847942,GALAXY,SDSS_DR18_SPECTROSCOPY,ZWARNING_0_SCIENCEPRIMARY
TRD004832,150.05311,0.77419393,GALAXY,SDSS_DR18_SPECTROSCOPY,ZWARNING_0_SCIENCEPRIMARY
TRD004833,150.08803,0.78613983,GALAXY,SDSS_DR18_SPECTROSCOPY,ZWARNING_0_SCIENCEPRIMARY
TRD004834,150.26142,0.87038024,GALAXY,SDSS_DR18_SPECTROSCOPY,ZWARNING_0_SCIENCEPRIMARY
TRD004835,149.99488,1.0549923,GALAXY,SDSS_DR18_SPECTROSCOPY,ZWARNING_0_SCIENCEPRIMARY
TRD004836,150.19357,0.78263474,GALAXY,SDSS_DR18_SPECTROSCOPY,ZWARNING_0_SCIENCEPRIMARY
TRD004837,150.14048,0.85607999,GALAXY,SDSS_DR18_SPECTROSCOPY,ZWARNING_0_SCIENCEPRIMARY
TRD004838,149.95657,0.83227276,GALAXY,SDSS_DR18_SPECTROSCOPY,ZWARNING_0_SCIENCEPRIMARY
TRD004839,150.45272,0.53992551,GALAXY,SDSS_DR18_SPECTROSCOPY,ZWARNING_0_SCIENCEPRIMARY
TRD004840,150.39058,0.44874703,GALAXY,SDSS_DR18_SPECTROSCOPY,ZWARNING_0_SCIENCEPRIMARY
TRD004841,150.448,0.5116155,GALAXY,SDSS_DR18_SPECTROSCOPY,ZWARNING_0_SCIENCEPRIMARY
TRD004842,150.36393,0.34849698,GALAXY,SDSS_DR18_SPECTROSCOPY,ZWARNING_0_SCIENCEPRIMARY
TRD004843,150.42182,0.62486409,GALAXY,SDSS_DR18_SPECTROSCOPY,ZWARNING_0_SCIENCEPRIMARY
TRD004844,150.42325,0.46302079,GALAXY,SDSS_DR18_SPECTROSCOPY,ZWARNING_0_SCIENCEPRIMARY
TRD004845,150.42047,0.40556241,GALAXY,SDSS_DR18_SPECTROSCOPY,ZWARNING_0_SCIENCEPRIMARY
TRD004846,150.31599,0.30877207,GALAXY,SDSS_DR18_SPECTROSCOPY,ZWARNING_0_SCIENCEPRIMARY
TRD004847,150.5026,0.33074555,GALAXY,SDSS_DR18_SPECTROSCOPY,ZWARNING_0_SCIENCEPRIMARY
TRD004848,150.37373,0.25716732,GALAXY,SDSS_DR18_SPECTROSCOPY,ZWARNING_0_SCIENCEPRIMARY
TRD004849,150.51953,0.16896962,GALAXY,SDSS_DR18_SPECTROSCOPY,ZWARNING_0_SCIENCEPRIMARY
TRD004850,150.31873,0.12098792,GALAXY,SDSS_DR18_SPECTROSCOPY,ZWARNING_0_SCIENCEPRIMARY
TRD004851,150.52855,0.25767815,GALAXY,SDSS_DR18_SPECTROSCOPY,ZWARNING_0_SCIENCEPRIMARY
TRD004852,150.50262,0.17893816,GALAXY,SDSS_DR18_SPECTROSCOPY,ZWARNING_0_SCIENCEPRIMARY
TRD004853,150.36554,0.15514715,GALAXY,SDSS_DR18_SPECTROSCOPY,ZWARNING_0_SCIENCEPRIMARY
TRD004854,150.48578,0.18780168,GALAXY,SDSS_DR18_SPECTROSCOPY,ZWARNING_0_SCIENCEPRIMARY
TRD004855,150.33843,0.15710264,GALAXY,SDSS_DR18_SPECTROSCOPY,ZWARNING_0_SCIENCEPRIMARY
TRD004856,151.53948,-0.74051778,GALAXY,SDSS_DR18_SPECTROSCOPY,ZWARNING_0_SCIENCEPRIMARY
TRD004857,151.50262,-0.94281438,GALAXY,SDSS_DR18_SPECTROSCOPY,ZWARNING_0_SCIENCEPRIMARY
TRD004858,151.5174,-0.81422446,GALAXY,SDSS_DR18_SPECTROSCOPY,ZWARNING_0_SCIENCEPRIMARY
TRD004859,151.46757,-0.81325888,GALAXY,SDSS_DR18_SPECTROSCOPY,ZWARNING_0_SCIENCEPRIMARY
TRD004860,151.55758,-0.79208042,GALAXY,SDSS_DR18_SPECTROSCOPY,ZWARNING_0_SCIENCEPRIMARY
TRD004861,151.5861,-0.82890233,GALAXY,SDSS_DR18_SPECTROSCOPY,ZWARNING_0_SCIENCEPRIMARY
TRD004862,151.68869,-0.75799622,GALAXY,SDSS_DR18_SPECTROSCOPY,ZWARNING_0_SCIENCEPRIMARY
TRD004863,151.73239,-0.7637513,GALAXY,SDSS_DR18_SPECTROSCOPY,ZWARNING_0_SCIENCEPRIMARY
TRD004864,151.84813,-0.75924952,GALAXY,SDSS_DR18_SPECTROSCOPY,ZWARNING_0_SCIENCEPRIMARY
TRD004865,151.58353,-1.0827587,GALAXY,SDSS_DR18_SPECTROSCOPY,ZWARNING_0_SCIENCEPRIMARY
TRD004866,151.67706,-0.89263129,GALAXY,SDSS_DR18_SPECTROSCOPY,ZWARNING_0_SCIENCEPRIMARY
TRD004867,151.51434,-1.1654598,GALAXY,SDSS_DR18_SPECTROSCOPY,ZWARNING_0_SCIENCEPRIMARY
TRD004868,151.74009,-0.98321794,GALAXY,SDSS_DR18_SPECTROSCOPY,ZWARNING_0_SCIENCEPRIMARY
TRD004869,151.64216,-0.88433315,GALAXY,SDSS_DR18_SPECTROSCOPY,ZWARNING_0_SCIENCEPRIMARY
TRD004870,151.50648,-0.96845406,GALAXY,SDSS_DR18_SPECTROSCOPY,ZWARNING_0_SCIENCEPRIMARY
TRD004871,151.5709,-0.902836,GALAXY,SDSS_DR18_SPECTROSCOPY,ZWARNING_0_SCIENCEPRIMARY
TRD004872,151.56104,-0.98272919,GALAXY,SDSS_DR18_SPECTROSCOPY,ZWARNING_0_SCIENCEPRIMARY
TRD004873,151.77215,-0.86464825,GALAXY,SDSS_DR18_SPECTROSCOPY,ZWARNING_0_SCIENCEPRIMARY
TRD004874,151.53718,-1.116275,GALAXY,SDSS_DR18_SPECTROSCOPY,ZWARNING_0_SCIENCEPRIMARY
TRD004875,151.96578,-0.27193006,GALAXY,SDSS_DR18_SPECTROSCOPY,ZWARNING_0_SCIENCEPRIMARY
TRD004876,152.08116,-0.25702094,GALAXY,SDSS_DR18_SPECTROSCOPY,ZWARNING_0_SCIENCEPRIMARY
TRD004877,152.07507,-0.24105205,GALAXY,SDSS_DR18_SPECTROSCOPY,ZWARNING_0_SCIENCEPRIMARY
TRD004878,151.92561,-0.55156963,GALAXY,SDSS_DR18_SPECTROSCOPY,ZWARNING_0_SCIENCEPRIMARY
TRD004879,151.93673,-0.22210379,GALAXY,SDSS_DR18_SPECTROSCOPY,ZWARNING_0_SCIENCEPRIMARY
TRD004880,151.97043,-0.15373621,GALAXY,SDSS_DR18_SPECTROSCOPY,ZWARNING_0_SCIENCEPRIMARY
TRD004881,151.95194,-0.47480104,GALAXY,SDSS_DR18_SPECTROSCOPY,ZWARNING_0_SCIENCEPRIMARY
TRD004882,151.95845,-0.020188742,GALAXY,SDSS_DR18_SPECTROSCOPY,ZWARNING_0_SCIENCEPRIMARY
TRD004883,151.9368,-0.63536495,GALAXY,SDSS_DR18_SPECTROSCOPY,ZWARNING_0_SCIENCEPRIMARY
TRD004884,151.93295,-0.13914898,GALAXY,SDSS_DR18_SPECTROSCOPY,ZWARNING_0_SCIENCEPRIMARY
TRD004885,152.09942,0.10986991,GALAXY,SDSS_DR18_SPECTROSCOPY,ZWARNING_0_SCIENCEPRIMARY
TRD004886,152.02016,-0.38987908,GALAXY,SDSS_DR18_SPECTROSCOPY,ZWARNING_0_SCIENCEPRIMARY
TRD004887,152.03836,-0.13199289,GALAXY,SDSS_DR18_SPECTROSCOPY,ZWARNING_0_SCIENCEPRIMARY
TRD004888,152.0765,0.064873348,GALAXY,SDSS_DR18_SPECTROSCOPY,ZWARNING_0_SCIENCEPRIMARY
TRD004889,152.11332,-0.033310023,GALAXY,SDSS_DR18_SPECTROSCOPY,ZWARNING_0_SCIENCEPRIMARY
TRD004890,152.0812,0.081067586,GALAXY,SDSS_DR18_SPECTROSCOPY,ZWARNING_0_SCIENCEPRIMARY
TRD004891,151.33735,-1.2355777,GALAXY,SDSS_DR18_SPECTROSCOPY,ZWARNING_0_SCIENCEPRIMARY
TRD004892,151.29172,-1.1362513,GALAXY,SDSS_DR18_SPECTROSCOPY,ZWARNING_0_SCIENCEPRIMARY
TRD004893,151.44612,-1.2456921,GALAXY,SDSS_DR18_SPECTROSCOPY,ZWARNING_0_SCIENCEPRIMARY
TRD004894,151.2429,-1.215115,GALAXY,SDSS_DR18_SPECTROSCOPY,ZWARNING_0_SCIENCEPRIMARY
TRD004895,151.30388,-1.1058467,GALAXY,SDSS_DR18_SPECTROSCOPY,ZWARNING_0_SCIENCEPRIMARY
TRD004896,151.45137,-1.2200824,GALAXY,SDSS_DR18_SPECTROSCOPY,ZWARNING_0_SCIENCEPRIMARY
TRD004897,151.42999,-0.77400858,GALAXY,SDSS_DR18_SPECTROSCOPY,ZWARNING_0_SCIENCEPRIMARY
TRD004898,151.38681,-1.0077513,GALAXY,SDSS_DR18_SPECTROSCOPY,ZWARNING_0_SCIENCEPRIMARY
TRD004899,151.44636,-1.1805702,GALAXY,SDSS_DR18_SPECTROSCOPY,ZWARNING_0_SCIENCEPRIMARY
TRD004900,151.26398,-0.87364272,GALAXY,SDSS_DR18_SPECTROSCOPY,ZWARNING_0_SCIENCEPRIMARY
TRD004901,151.36318,-0.87461963,GALAXY,SDSS_DR18_SPECTROSCOPY,ZWARNING_0_SCIENCEPRIMARY
TRD004902,151.78791,-0.73290626,GALAXY,SDSS_DR18_SPECTROSCOPY,ZWARNING_0_SCIENCEPRIMARY
TRD004903,151.73923,-0.36966425,GALAXY,SDSS_DR18_SPECTROSCOPY,ZWARNING_0_SCIENCEPRIMARY
TRD004904,151.87465,-0.57247415,GALAXY,SDSS_DR18_SPECTROSCOPY,ZWARNING_0_SCIENCEPRIMARY
TRD004905,151.84889,-0.28554879,GALAXY,SDSS_DR18_SPECTROSCOPY,ZWARNING_0_SCIENCEPRIMARY
TRD004906,151.82384,-0.26039293,GALAXY,SDSS_DR18_SPECTROSCOPY,ZWARNING_0_SCIENCEPRIMARY
TRD004907,151.80956,0.055850091,GALAXY,SDSS_DR18_SPECTROSCOPY,ZWARNING_0_SCIENCEPRIMARY
TRD004908,151.78794,-0.58151894,GALAXY,SDSS_DR18_SPECTROSCOPY,ZWARNING_0_SCIENCEPRIMARY
TRD004909,151.76504,-0.6199176,GALAXY,SDSS_DR18_SPECTROSCOPY,ZWARNING_0_SCIENCEPRIMARY
TRD004910,151.88083,-0.52060688,GALAXY,SDSS_DR18_SPECTROSCOPY,ZWARNING_0_SCIENCEPRIMARY
TRD004911,151.83307,-0.30797306,GALAXY,SDSS_DR18_SPECTROSCOPY,ZWARNING_0_SCIENCEPRIMARY
TRD004912,151.87037,-0.54569248,GALAXY,SDSS_DR18_SPECTROSCOPY,ZWARNING_0_SCIENCEPRIMARY
TRD004913,151.78363,-0.21168009,GALAXY,SDSS_DR18_SPECTROSCOPY,ZWARNING_0_SCIENCEPRIMARY
TRD004914,151.83273,-0.53974128,GALAXY,SDSS_DR18_SPECTROSCOPY,ZWARNING_0_SCIENCEPRIMARY
TRD004915,151.83103,-0.15153605,GALAXY,SDSS_DR18_SPECTROSCOPY,ZWARNING_0_SCIENCEPRIMARY
TRD004916,151.88669,-0.55848302,GALAXY,SDSS_DR18_SPECTROSCOPY,ZWARNING_0_SCIENCEPRIMARY
TRD004917,151.9033,-0.12097977,GALAXY,SDSS_DR18_SPECTROSCOPY,ZWARNING_0_SCIENCEPRIMARY
TRD004918,151.77327,-0.19357136,GALAXY,SDSS_DR18_SPECTROSCOPY,ZWARNING_0_SCIENCEPRIMARY
TRD004919,151.82309,-0.078680986,GALAXY,SDSS_DR18_SPECTROSCOPY,ZWARNING_0_SCIENCEPRIMARY
TRD004920,151.06646,-1.2134722,GALAXY,SDSS_DR18_SPECTROSCOPY,ZWARNING_0_SCIENCEPRIMARY
TRD004921,151.05441,-1.0611261,GALAXY,SDSS_DR18_SPECTROSCOPY,ZWARNING_0_SCIENCEPRIMARY
TRD004922,151.02745,-1.2051813,GALAXY,SDSS_DR18_SPECTROSCOPY,ZWARNING_0_SCIENCEPRIMARY
TRD004923,151.00021,-1.162981,GALAXY,SDSS_DR18_SPECTROSCOPY,ZWARNING_0_SCIENCEPRIMARY
TRD004924,151.06068,-0.96397217,GALAXY,SDSS_DR18_SPECTROSCOPY,ZWARNING_0_SCIENCEPRIMARY
TRD004925,151.13679,-1.0735069,GALAXY,SDSS_DR18_SPECTROSCOPY,ZWARNING_0_SCIENCEPRIMARY
TRD004926,150.98947,-1.0321009,GALAXY,SDSS_DR18_SPECTROSCOPY,ZWARNING_0_SCIENCEPRIMARY
TRD004927,151.07643,-1.13435,GALAXY,SDSS_DR18_SPECTROSCOPY,ZWARNING_0_SCIENCEPRIMARY
TRD004928,151.21631,-0.81193586,GALAXY,SDSS_DR18_SPECTROSCOPY,ZWARNING_0_SCIENCEPRIMARY
TRD004929,151.10106,-0.96532893,GALAXY,SDSS_DR18_SPECTROSCOPY,ZWARNING_0_SCIENCEPRIMARY
TRD004930,151.2199,-0.92511352,GALAXY,SDSS_DR18_SPECTROSCOPY,ZWARNING_0_SCIENCEPRIMARY
TRD004931,151.1999,-0.99785813,GALAXY,SDSS_DR18_SPECTROSCOPY,ZWARNING_0_SCIENCEPRIMARY
TRD004932,151.15327,-1.2539844,GALAXY,SDSS_DR18_SPECTROSCOPY,ZWARNING_0_SCIENCEPRIMARY
TRD004933,151.16126,-0.81340259,GALAXY,SDSS_DR18_SPECTROSCOPY,ZWARNING_0_SCIENCEPRIMARY
TRD004934,151.04866,-1.0229682,GALAXY,SDSS_DR18_SPECTROSCOPY,ZWARNING_0_SCIENCEPRIMARY
TRD004935,151.62075,-0.20137098,GALAXY,SDSS_DR18_SPECTROSCOPY,ZWARNING_0_SCIENCEPRIMARY
TRD004936,151.69993,-0.50366235,GALAXY,SDSS_DR18_SPECTROSCOPY,ZWARNING_0_SCIENCEPRIMARY
TRD004937,151.67414,-0.67869238,GALAXY,SDSS_DR18_SPECTROSCOPY,ZWARNING_0_SCIENCEPRIMARY
TRD004938,151.64048,-0.50513344,GALAXY,SDSS_DR18_SPECTROSCOPY,ZWARNING_0_SCIENCEPRIMARY
TRD004939,151.65839,-0.21810678,GALAXY,SDSS_DR18_SPECTROSCOPY,ZWARNING_0_SCIENCEPRIMARY
TRD004940,151.62996,-0.31106579,GALAXY,SDSS_DR18_SPECTROSCOPY,ZWARNING_0_SCIENCEPRIMARY
TRD004941,151.59158,-0.68010927,GALAXY,SDSS_DR18_SPECTROSCOPY,ZWARNING_0_SCIENCEPRIMARY
TRD004942,151.65476,-0.42076575,GALAXY,SDSS_DR18_SPECTROSCOPY,ZWARNING_0_SCIENCEPRIMARY
TRD004943,151.59545,0.069048488,GALAXY,SDSS_DR18_SPECTROSCOPY,ZWARNING_0_SCIENCEPRIMARY
TRD004944,151.64136,0.11153617,GALAXY,SDSS_DR18_SPECTROSCOPY,ZWARNING_0_SCIENCEPRIMARY
TRD004945,151.64929,-0.73333526,GALAXY,SDSS_DR18_SPECTROSCOPY,ZWARNING_0_SCIENCEPRIMARY
TRD004946,151.69436,-0.60463461,GALAXY,SDSS_DR18_SPECTROSCOPY,ZWARNING_0_SCIENCEPRIMARY
TRD004947,151.66873,-0.41140507,GALAXY,SDSS_DR18_SPECTROSCOPY,ZWARNING_0_SCIENCEPRIMARY
TRD004948,151.61124,-0.5503743,GALAXY,SDSS_DR18_SPECTROSCOPY,ZWARNING_0_SCIENCEPRIMARY
TRD004949,151.72383,0.0069680745,GALAXY,SDSS_DR18_SPECTROSCOPY,ZWARNING_0_SCIENCEPRIMARY
TRD004950,151.701,-0.1376599,GALAXY,SDSS_DR18_SPECTROSCOPY,ZWARNING_0_SCIENCEPRIMARY
TRD004951,150.59354,-1.229487,GALAXY,SDSS_DR18_SPECTROSCOPY,ZWARNING_0_SCIENCEPRIMARY
TRD004952,150.7844,-1.0630424,GALAXY,SDSS_DR18_SPECTROSCOPY,ZWARNING_0_SCIENCEPRIMARY
TRD004953,150.91178,-0.86714333,GALAXY,SDSS_DR18_SPECTROSCOPY,ZWARNING_0_SCIENCEPRIMARY
TRD004954,150.82352,-0.83311427,GALAXY,SDSS_DR18_SPECTROSCOPY,ZWARNING_0_SCIENCEPRIMARY
TRD004955,150.6218,-0.76407679,GALAXY,SDSS_DR18_SPECTROSCOPY,ZWARNING_0_SCIENCEPRIMARY
TRD004956,150.64224,-0.87192628,GALAXY,SDSS_DR18_SPECTROSCOPY,ZWARNING_0_SCIENCEPRIMARY
TRD004957,150.6535,-1.0030934,GALAXY,SDSS_DR18_SPECTROSCOPY,ZWARNING_0_SCIENCEPRIMARY
TRD004958,150.63441,-0.83451917,GALAXY,SDSS_DR18_SPECTROSCOPY,ZWARNING_0_SCIENCEPRIMARY
TRD004959,150.63976,-0.9092971,GALAXY,SDSS_DR18_SPECTROSCOPY,ZWARNING_0_SCIENCEPRIMARY
TRD004960,151.55646,-0.14868174,GALAXY,SDSS_DR18_SPECTROSCOPY,ZWARNING_0_SCIENCEPRIMARY
TRD004961,151.56039,-0.16878291,GALAXY,SDSS_DR18_SPECTROSCOPY,ZWARNING_0_SCIENCEPRIMARY
TRD004962,151.41462,-0.38944592,GALAXY,SDSS_DR18_SPECTROSCOPY,ZWARNING_0_SCIENCEPRIMARY
TRD004963,151.46813,-0.5999181,GALAXY,SDSS_DR18_SPECTROSCOPY,ZWARNING_0_SCIENCEPRIMARY
TRD004964,151.36239,-0.20839247,GALAXY,SDSS_DR18_SPECTROSCOPY,ZWARNING_0_SCIENCEPRIMARY
TRD004965,151.43874,-0.38133947,GALAXY,SDSS_DR18_SPECTROSCOPY,ZWARNING_0_SCIENCEPRIMARY
TRD004966,151.3722,-0.59823139,GALAXY,SDSS_DR18_SPECTROSCOPY,ZWARNING_0_SCIENCEPRIMARY
TRD004967,151.34041,-0.47180098,GALAXY,SDSS_DR18_SPECTROSCOPY,ZWARNING_0_SCIENCEPRIMARY
TRD004968,151.43234,0.059245731,GALAXY,SDSS_DR18_SPECTROSCOPY,ZWARNING_0_SCIENCEPRIMARY
TRD004969,151.4882,-0.23947752,GALAXY,SDSS_DR18_SPECTROSCOPY,ZWARNING_0_SCIENCEPRIMARY
TRD004970,151.52853,-0.21550041,GALAXY,SDSS_DR18_SPECTROSCOPY,ZWARNING_0_SCIENCEPRIMARY
TRD004971,151.49527,-0.028008859,GALAXY,SDSS_DR18_SPECTROSCOPY,ZWARNING_0_SCIENCEPRIMARY
TRD004972,151.44365,0.019859723,GALAXY,SDSS_DR18_SPECTROSCOPY,ZWARNING_0_SCIENCEPRIMARY
TRD004973,151.50047,0.096052345,GALAXY,SDSS_DR18_SPECTROSCOPY,ZWARNING_0_SCIENCEPRIMARY
TRD004974,151.39388,0.089802122,GALAXY,SDSS_DR18_SPECTROSCOPY,ZWARNING_0_SCIENCEPRIMARY
TRD004975,151.54134,-0.66686966,GALAXY,SDSS_DR18_SPECTROSCOPY,ZWARNING_0_SCIENCEPRIMARY
TRD004976,151.46821,-0.45891507,GALAXY,SDSS_DR18_SPECTROSCOPY,ZWARNING_0_SCIENCEPRIMARY
TRD004977,151.19614,-0.62856884,GALAXY,SDSS_DR18_SPECTROSCOPY,ZWARNING_0_SCIENCEPRIMARY
TRD004978,151.24984,-0.55225132,GALAXY,SDSS_DR18_SPECTROSCOPY,ZWARNING_0_SCIENCEPRIMARY
TRD004979,151.26162,-0.70899727,GALAXY,SDSS_DR18_SPECTROSCOPY,ZWARNING_0_SCIENCEPRIMARY
TRD004980,151.32607,-0.44812039,GALAXY,SDSS_DR18_SPECTROSCOPY,ZWARNING_0_SCIENCEPRIMARY
TRD004981,151.21502,-0.6624469,GALAXY,SDSS_DR18_SPECTROSCOPY,ZWARNING_0_SCIENCEPRIMARY
TRD004982,151.23376,-0.70952909,GALAXY,SDSS_DR18_SPECTROSCOPY,ZWARNING_0_SCIENCEPRIMARY
TRD004983,151.30464,-0.62263892,GALAXY,SDSS_DR18_SPECTROSCOPY,ZWARNING_0_SCIENCEPRIMARY
TRD004984,151.30959,-0.27497481,GALAXY,SDSS_DR18_SPECTROSCOPY,ZWARNING_0_SCIENCEPRIMARY
TRD004985,151.22126,-0.67707179,GALAXY,SDSS_DR18_SPECTROSCOPY,ZWARNING_0_SCIENCEPRIMARY
TRD004986,151.21525,-0.64142335,GALAXY,SDSS_DR18_SPECTROSCOPY,ZWARNING_0_SCIENCEPRIMARY
TRD004987,151.33969,0.088561224,GALAXY,SDSS_DR18_SPECTROSCOPY,ZWARNING_0_SCIENCEPRIMARY
TRD004988,151.19756,-0.36456524,GALAXY,SDSS_DR18_SPECTROSCOPY,ZWARNING_0_SCIENCEPRIMARY
TRD004989,151.3155,0.069695523,GALAXY,SDSS_DR18_SPECTROSCOPY,ZWARNING_0_SCIENCEPRIMARY
TRD004990,151.21919,-0.50697219,GALAXY,SDSS_DR18_SPECTROSCOPY,ZWARNING_0_SCIENCEPRIMARY
TRD004991,151.23758,-0.023516536,GALAXY,SDSS_DR18_SPECTROSCOPY,ZWARNING_0_SCIENCEPRIMARY
TRD004992,151.26849,-0.10263197,GALAXY,SDSS_DR18_SPECTROSCOPY,ZWARNING_0_SCIENCEPRIMARY
TRD004993,151.22075,-0.058346314,GALAXY,SDSS_DR18_SPECTROSCOPY,ZWARNING_0_SCIENCEPRIMARY
TRD004994,151.32123,-0.7027315,GALAXY,SDSS_DR18_SPECTROSCOPY,ZWARNING_0_SCIENCEPRIMARY
TRD004995,151.29761,-0.60625809,GALAXY,SDSS_DR18_SPECTROSCOPY,ZWARNING_0_SCIENCEPRIMARY
TRD004996,151.1195,-0.32606253,GALAXY,SDSS_DR18_SPECTROSCOPY,ZWARNING_0_SCIENCEPRIMARY
TRD004997,151.19369,-0.52512007,GALAXY,SDSS_DR18_SPECTROSCOPY,ZWARNING_0_SCIENCEPRIMARY
TRD004998,150.95616,-0.56350198,GALAXY,SDSS_DR18_SPECTROSCOPY,ZWARNING_0_SCIENCEPRIMARY
TRD004999,151.15597,-0.70694953,GALAXY,SDSS_DR18_SPECTROSCOPY,ZWARNING_0_SCIENCEPRIMARY
TRD005000,151.12127,-0.41720591,GALAXY,SDSS_DR18_SPECTROSCOPY,ZWARNING_0_SCIENCEPRIMARY
TRD005001,150.96999,-0.62093281,GALAXY,SDSS_DR18_SPECTROSCOPY,ZWARNING_0_SCIENCEPRIMARY
TRD005002,151.00909,-0.34292988,GALAXY,SDSS_DR18_SPECTROSCOPY,ZWARNING_0_SCIENCEPRIMARY
TRD005003,151.09633,-0.21299347,GALAXY,SDSS_DR18_SPECTROSCOPY,ZWARNING_0_SCIENCEPRIMARY
TRD005004,151.15158,-0.19323546,GALAXY,SDSS_DR18_SPECTROSCOPY,ZWARNING_0_SCIENCEPRIMARY
TRD005005,151.16938,-0.24625528,GALAXY,SDSS_DR18_SPECTROSCOPY,ZWARNING_0_SCIENCEPRIMARY
TRD005006,150.98257,-0.40215953,GALAXY,SDSS_DR18_SPECTROSCOPY,ZWARNING_0_SCIENCEPRIMARY
TRD005007,150.96335,0.029283672,GALAXY,SDSS_DR18_SPECTROSCOPY,ZWARNING_0_SCIENCEPRIMARY
TRD005008,151.07927,-0.14130497,GALAXY,SDSS_DR18_SPECTROSCOPY,ZWARNING_0_SCIENCEPRIMARY
TRD005009,151.13734,-0.41427956,GALAXY,SDSS_DR18_SPECTROSCOPY,ZWARNING_0_SCIENCEPRIMARY
TRD005010,151.12187,-0.24097976,GALAXY,SDSS_DR18_SPECTROSCOPY,ZWARNING_0_SCIENCEPRIMARY
TRD005011,151.12586,-0.15564361,GALAXY,SDSS_DR18_SPECTROSCOPY,ZWARNING_0_SCIENCEPRIMARY
TRD005012,151.00222,-0.17070289,GALAXY,SDSS_DR18_SPECTROSCOPY,ZWARNING_0_SCIENCEPRIMARY
TRD005013,150.54495,-1.2509219,GALAXY,SDSS_DR18_SPECTROSCOPY,ZWARNING_0_SCIENCEPRIMARY
TRD005014,150.58586,-0.97320466,GALAXY,SDSS_DR18_SPECTROSCOPY,ZWARNING_0_SCIENCEPRIMARY
TRD005015,150.5119,-1.219842,GALAXY,SDSS_DR18_SPECTROSCOPY,ZWARNING_0_SCIENCEPRIMARY
TRD005016,150.57128,-0.78497757,GALAXY,SDSS_DR18_SPECTROSCOPY,ZWARNING_0_SCIENCEPRIMARY
TRD005017,150.53397,-0.78936104,GALAXY,SDSS_DR18_SPECTROSCOPY,ZWARNING_0_SCIENCEPRIMARY
TRD005018,150.59451,-0.91320393,GALAXY,SDSS_DR18_SPECTROSCOPY,ZWARNING_0_SCIENCEPRIMARY
TRD005019,150.54295,-0.74570555,GALAXY,SDSS_DR18_SPECTROSCOPY,ZWARNING_0_SCIENCEPRIMARY
TRD005020,150.55172,-0.77312205,GALAXY,SDSS_DR18_SPECTROSCOPY,ZWARNING_0_SCIENCEPRIMARY
TRD005021,150.54879,-0.89706411,GALAXY,SDSS_DR18_SPECTROSCOPY,ZWARNING_0_SCIENCEPRIMARY
TRD005022,150.55699,-1.1398106,GALAXY,SDSS_DR18_SPECTROSCOPY,ZWARNING_0_SCIENCEPRIMARY
TRD005023,150.91429,-0.62322149,GALAXY,SDSS_DR18_SPECTROSCOPY,ZWARNING_0_SCIENCEPRIMARY
TRD005024,150.84964,-0.027941251,GALAXY,SDSS_DR18_SPECTROSCOPY,ZWARNING_0_SCIENCEPRIMARY
TRD005025,150.89336,0.076010905,GALAXY,SDSS_DR18_SPECTROSCOPY,ZWARNING_0_SCIENCEPRIMARY
TRD005026,150.79221,-0.10092235,GALAXY,SDSS_DR18_SPECTROSCOPY,ZWARNING_0_SCIENCEPRIMARY
TRD005027,150.94168,-0.62594474,GALAXY,SDSS_DR18_SPECTROSCOPY,ZWARNING_0_SCIENCEPRIMARY
TRD005028,150.90311,-0.18500922,GALAXY,SDSS_DR18_SPECTROSCOPY,ZWARNING_0_SCIENCEPRIMARY
TRD005029,150.93945,0.02997643,GALAXY,SDSS_DR18_SPECTROSCOPY,ZWARNING_0_SCIENCEPRIMARY
TRD005030,150.84515,-0.23587331,GALAXY,SDSS_DR18_SPECTROSCOPY,ZWARNING_0_SCIENCEPRIMARY
TRD005031,150.92432,-0.56685758,GALAXY,SDSS_DR18_SPECTROSCOPY,ZWARNING_0_SCIENCEPRIMARY
TRD005032,150.92416,-0.064014467,GALAXY,SDSS_DR18_SPECTROSCOPY,ZWARNING_0_SCIENCEPRIMARY
TRD005033,150.86311,-0.38592658,GALAXY,SDSS_DR18_SPECTROSCOPY,ZWARNING_0_SCIENCEPRIMARY
TRD005034,150.83604,0.010319184,GALAXY,SDSS_DR18_SPECTROSCOPY,ZWARNING_0_SCIENCEPRIMARY
TRD005035,150.92315,-0.60000497,GALAXY,SDSS_DR18_SPECTROSCOPY,ZWARNING_0_SCIENCEPRIMARY
TRD005036,150.93152,-0.47309333,GALAXY,SDSS_DR18_SPECTROSCOPY,ZWARNING_0_SCIENCEPRIMARY
TRD005037,150.78266,0.045160138,GALAXY,SDSS_DR18_SPECTROSCOPY,ZWARNING_0_SCIENCEPRIMARY
TRD005038,150.82018,-0.00457767,GALAXY,SDSS_DR18_SPECTROSCOPY,ZWARNING_0_SCIENCEPRIMARY
TRD005039,150.80844,-0.13794103,GALAXY,SDSS_DR18_SPECTROSCOPY,ZWARNING_0_SCIENCEPRIMARY
TRD005040,150.39461,-1.1326145,GALAXY,SDSS_DR18_SPECTROSCOPY,ZWARNING_0_SCIENCEPRIMARY
TRD005041,150.33895,-1.2324681,GALAXY,SDSS_DR18_SPECTROSCOPY,ZWARNING_0_SCIENCEPRIMARY
TRD005042,150.43892,-1.1827593,GALAXY,SDSS_DR18_SPECTROSCOPY,ZWARNING_0_SCIENCEPRIMARY
TRD005043,150.39231,-0.90711758,GALAXY,SDSS_DR18_SPECTROSCOPY,ZWARNING_0_SCIENCEPRIMARY
TRD005044,150.40584,-0.9435057,GALAXY,SDSS_DR18_SPECTROSCOPY,ZWARNING_0_SCIENCEPRIMARY
TRD005045,150.35515,-0.88035734,GALAXY,SDSS_DR18_SPECTROSCOPY,ZWARNING_0_SCIENCEPRIMARY
TRD005046,150.47408,-1.0509099,GALAXY,SDSS_DR18_SPECTROSCOPY,ZWARNING_0_SCIENCEPRIMARY
TRD005047,150.38329,-0.9390966,GALAXY,SDSS_DR18_SPECTROSCOPY,ZWARNING_0_SCIENCEPRIMARY
TRD005048,150.39506,-1.0367645,GALAXY,SDSS_DR18_SPECTROSCOPY,ZWARNING_0_SCIENCEPRIMARY
TRD005049,150.43548,-1.2023465,GALAXY,SDSS_DR18_SPECTROSCOPY,ZWARNING_0_SCIENCEPRIMARY
TRD005050,150.39548,-0.77397644,GALAXY,SDSS_DR18_SPECTROSCOPY,ZWARNING_0_SCIENCEPRIMARY
TRD005051,150.46127,-0.84654284,GALAXY,SDSS_DR18_SPECTROSCOPY,ZWARNING_0_SCIENCEPRIMARY
TRD005052,150.32393,-0.75028043,GALAXY,SDSS_DR18_SPECTROSCOPY,ZWARNING_0_SCIENCEPRIMARY
TRD005053,150.45315,-1.1409109,GALAXY,SDSS_DR18_SPECTROSCOPY,ZWARNING_0_SCIENCEPRIMARY
TRD005054,150.39704,-0.80781315,GALAXY,SDSS_DR18_SPECTROSCOPY,ZWARNING_0_SCIENCEPRIMARY
TRD005055,150.4398,-0.76435131,GALAXY,SDSS_DR18_SPECTROSCOPY,ZWARNING_0_SCIENCEPRIMARY
TRD005056,150.47036,-0.87805072,GALAXY,SDSS_DR18_SPECTROSCOPY,ZWARNING_0_SCIENCEPRIMARY
TRD005057,150.50483,-1.1227164,GALAXY,SDSS_DR18_SPECTROSCOPY,ZWARNING_0_SCIENCEPRIMARY
TRD005058,150.42838,-0.77465533,GALAXY,SDSS_DR18_SPECTROSCOPY,ZWARNING_0_SCIENCEPRIMARY
TRD005059,150.59963,0.056080486,GALAXY,SDSS_DR18_SPECTROSCOPY,ZWARNING_0_SCIENCEPRIMARY
TRD005060,150.65815,-0.37118904,GALAXY,SDSS_DR18_SPECTROSCOPY,ZWARNING_0_SCIENCEPRIMARY
TRD005061,150.63197,-0.72259636,GALAXY,SDSS_DR18_SPECTROSCOPY,ZWARNING_0_SCIENCEPRIMARY
TRD005062,150.69248,0.0067414224,GALAXY,SDSS_DR18_SPECTROSCOPY,ZWARNING_0_SCIENCEPRIMARY
TRD005063,150.57314,0.02558055,GALAXY,SDSS_DR18_SPECTROSCOPY,ZWARNING_0_SCIENCEPRIMARY
TRD005064,150.63571,-0.46379504,GALAXY,SDSS_DR18_SPECTROSCOPY,ZWARNING_0_SCIENCEPRIMARY
TRD005065,150.65203,0.10240702,GALAXY,SDSS_DR18_SPECTROSCOPY,ZWARNING_0_SCIENCEPRIMARY
TRD005066,150.63558,-0.49514313,GALAXY,SDSS_DR18_SPECTROSCOPY,ZWARNING_0_SCIENCEPRIMARY
TRD005067,150.67113,-0.4238992,GALAXY,SDSS_DR18_SPECTROSCOPY,ZWARNING_0_SCIENCEPRIMARY
TRD005068,150.73828,0.11045973,GALAXY,SDSS_DR18_SPECTROSCOPY,ZWARNING_0_SCIENCEPRIMARY
TRD005069,150.64775,-0.067609023,GALAXY,SDSS_DR18_SPECTROSCOPY,ZWARNING_0_SCIENCEPRIMARY
TRD005070,150.76606,-0.082804152,GALAXY,SDSS_DR18_SPECTROSCOPY,ZWARNING_0_SCIENCEPRIMARY
TRD005071,150.58319,0.070505701,GALAXY,SDSS_DR18_SPECTROSCOPY,ZWARNING_0_SCIENCEPRIMARY
TRD005072,150.71701,0.068748223,GALAXY,SDSS_DR18_SPECTROSCOPY,ZWARNING_0_SCIENCEPRIMARY
TRD005073,150.75578,-0.16528512,GALAXY,SDSS_DR18_SPECTROSCOPY,ZWARNING_0_SCIENCEPRIMARY
TRD005074,150.19465,-1.1771859,GALAXY,SDSS_DR18_SPECTROSCOPY,ZWARNING_0_SCIENCEPRIMARY
TRD005075,150.12542,-1.2363467,GALAXY,SDSS_DR18_SPECTROSCOPY,ZWARNING_0_SCIENCEPRIMARY
TRD005076,150.10603,-1.0495469,GALAXY,SDSS_DR18_SPECTROSCOPY,ZWARNING_0_SCIENCEPRIMARY
TRD005077,149.91284,-1.2479596,GALAXY,SDSS_DR18_SPECTROSCOPY,ZWARNING_0_SCIENCEPRIMARY
TRD005078,150.05715,-1.1708802,GALAXY,SDSS_DR18_SPECTROSCOPY,ZWARNING_0_SCIENCEPRIMARY
TRD005079,150.233,-1.0740482,GALAXY,SDSS_DR18_SPECTROSCOPY,ZWARNING_0_SCIENCEPRIMARY
TRD005080,150.31844,-1.0126476,GALAXY,SDSS_DR18_SPECTROSCOPY,ZWARNING_0_SCIENCEPRIMARY
TRD005081,150.32183,-1.1273122,GALAXY,SDSS_DR18_SPECTROSCOPY,ZWARNING_0_SCIENCEPRIMARY
TRD005082,150.17206,-1.1869507,GALAXY,SDSS_DR18_SPECTROSCOPY,ZWARNING_0_SCIENCEPRIMARY
TRD005083,150.24846,-0.84205713,GALAXY,SDSS_DR18_SPECTROSCOPY,ZWARNING_0_SCIENCEPRIMARY
TRD005084,150.31885,-1.1528052,GALAXY,SDSS_DR18_SPECTROSCOPY,ZWARNING_0_SCIENCEPRIMARY
TRD005085,150.22033,-0.90247662,GALAXY,SDSS_DR18_SPECTROSCOPY,ZWARNING_0_SCIENCEPRIMARY
TRD005086,150.3568,-0.69633848,GALAXY,SDSS_DR18_SPECTROSCOPY,ZWARNING_0_SCIENCEPRIMARY
TRD005087,150.34954,-0.72068685,GALAXY,SDSS_DR18_SPECTROSCOPY,ZWARNING_0_SCIENCEPRIMARY
TRD005088,150.44701,-0.71353631,GALAXY,SDSS_DR18_SPECTROSCOPY,ZWARNING_0_SCIENCEPRIMARY
TRD005089,150.43687,-0.62285521,GALAXY,SDSS_DR18_SPECTROSCOPY,ZWARNING_0_SCIENCEPRIMARY
TRD005090,150.42413,-0.73169685,GALAXY,SDSS_DR18_SPECTROSCOPY,ZWARNING_0_SCIENCEPRIMARY
TRD005091,150.36748,-0.12579434,GALAXY,SDSS_DR18_SPECTROSCOPY,ZWARNING_0_SCIENCEPRIMARY
TRD005092,150.54143,-0.18924419,GALAXY,SDSS_DR18_SPECTROSCOPY,ZWARNING_0_SCIENCEPRIMARY
TRD005093,150.44122,-0.15450632,GALAXY,SDSS_DR18_SPECTROSCOPY,ZWARNING_0_SCIENCEPRIMARY
TRD005094,150.38179,-0.17425781,GALAXY,SDSS_DR18_SPECTROSCOPY,ZWARNING_0_SCIENCEPRIMARY
TRD005095,150.46339,-0.68125326,GALAXY,SDSS_DR18_SPECTROSCOPY,ZWARNING_0_SCIENCEPRIMARY
TRD005096,149.96049,0.82099006,GALAXY,SDSS_DR18_SPECTROSCOPY,ZWARNING_0_SCIENCEPRIMARY
TRD005097,150.33174,0.96926758,GALAXY,SDSS_DR18_SPECTROSCOPY,ZWARNING_0_SCIENCEPRIMARY
TRD005098,150.32904,0.91236461,GALAXY,SDSS_DR18_SPECTROSCOPY,ZWARNING_0_SCIENCEPRIMARY
TRD005099,150.49822,0.47739854,GALAXY,SDSS_DR18_SPECTROSCOPY,ZWARNING_0_SCIENCEPRIMARY
TRD005100,149.91583,0.5873293,GALAXY,SDSS_DR18_SPECTROSCOPY,ZWARNING_0_SCIENCEPRIMARY
TRD005101,150.62006,0.33323868,GALAXY,SDSS_DR18_SPECTROSCOPY,ZWARNING_0_SCIENCEPRIMARY
TRD005102,150.59395,0.55864539,GALAXY,SDSS_DR18_SPECTROSCOPY,ZWARNING_0_SCIENCEPRIMARY
TRD005103,150.55128,0.18535271,GALAXY,SDSS_DR18_SPECTROSCOPY,ZWARNING_0_SCIENCEPRIMARY
TRD005104,150.57736,0.55470963,GALAXY,SDSS_DR18_SPECTROSCOPY,ZWARNING_0_SCIENCEPRIMARY
TRD005105,150.70317,0.63562404,GALAXY,SDSS_DR18_SPECTROSCOPY,ZWARNING_0_SCIENCEPRIMARY
TRD005106,150.3668,0.59489998,GALAXY,SDSS_DR18_SPECTROSCOPY,ZWARNING_0_SCIENCEPRIMARY
TRD005107,150.69088,0.53051483,GALAXY,SDSS_DR18_SPECTROSCOPY,ZWARNING_0_SCIENCEPRIMARY
TRD005108,150.66057,0.2221393,GALAXY,SDSS_DR18_SPECTROSCOPY,ZWARNING_0_SCIENCEPRIMARY
TRD005109,150.63229,0.26111798,GALAXY,SDSS_DR18_SPECTROSCOPY,ZWARNING_0_SCIENCEPRIMARY
TRD005110,150.65588,0.14256914,GALAXY,SDSS_DR18_SPECTROSCOPY,ZWARNING_0_SCIENCEPRIMARY
TRD005111,150.59746,0.25431433,GALAXY,SDSS_DR18_SPECTROSCOPY,ZWARNING_0_SCIENCEPRIMARY
TRD005112,150.66635,0.39568679,GALAXY,SDSS_DR18_SPECTROSCOPY,ZWARNING_0_SCIENCEPRIMARY
TRD005113,150.62846,0.30728894,GALAXY,SDSS_DR18_SPECTROSCOPY,ZWARNING_0_SCIENCEPRIMARY
TRD005114,150.59717,0.60689085,GALAXY,SDSS_DR18_SPECTROSCOPY,ZWARNING_0_SCIENCEPRIMARY
TRD005115,150.42172,0.96598983,GALAXY,SDSS_DR18_SPECTROSCOPY,ZWARNING_0_SCIENCEPRIMARY
TRD005116,150.52094,0.65512034,GALAXY,SDSS_DR18_SPECTROSCOPY,ZWARNING_0_SCIENCEPRIMARY
TRD005117,150.53582,0.71706055,GALAXY,SDSS_DR18_SPECTROSCOPY,ZWARNING_0_SCIENCEPRIMARY
TRD005118,150.6514,0.84769954,GALAXY,SDSS_DR18_SPECTROSCOPY,ZWARNING_0_SCIENCEPRIMARY
TRD005119,150.52911,0.87784241,GALAXY,SDSS_DR18_SPECTROSCOPY,ZWARNING_0_SCIENCEPRIMARY
TRD005120,150.59319,0.82293996,GALAXY,SDSS_DR18_SPECTROSCOPY,ZWARNING_0_SCIENCEPRIMARY
TRD005121,150.356,0.83320353,GALAXY,SDSS_DR18_SPECTROSCOPY,ZWARNING_0_SCIENCEPRIMARY
TRD005122,150.51703,0.6875303,GALAXY,SDSS_DR18_SPECTROSCOPY,ZWARNING_0_SCIENCEPRIMARY
TRD005123,150.48143,0.683905,GALAXY,SDSS_DR18_SPECTROSCOPY,ZWARNING_0_SCIENCEPRIMARY
TRD005124,150.48582,0.78546799,GALAXY,SDSS_DR18_SPECTROSCOPY,ZWARNING_0_SCIENCEPRIMARY
TRD005125,150.55164,0.9801528,GALAXY,SDSS_DR18_SPECTROSCOPY,ZWARNING_0_SCIENCEPRIMARY
TRD005126,150.90336,0.6019003,GALAXY,SDSS_DR18_SPECTROSCOPY,ZWARNING_0_SCIENCEPRIMARY
TRD005127,150.81107,0.55869069,GALAXY,SDSS_DR18_SPECTROSCOPY,ZWARNING_0_SCIENCEPRIMARY
TRD005128,150.77933,0.50698198,GALAXY,SDSS_DR18_SPECTROSCOPY,ZWARNING_0_SCIENCEPRIMARY
TRD005129,150.7797,0.54773925,GALAXY,SDSS_DR18_SPECTROSCOPY,ZWARNING_0_SCIENCEPRIMARY
TRD005130,150.8774,0.61228833,GALAXY,SDSS_DR18_SPECTROSCOPY,ZWARNING_0_SCIENCEPRIMARY
TRD005131,150.77794,0.3203997,GALAXY,SDSS_DR18_SPECTROSCOPY,ZWARNING_0_SCIENCEPRIMARY
TRD005132,150.78601,0.58927991,GALAXY,SDSS_DR18_SPECTROSCOPY,ZWARNING_0_SCIENCEPRIMARY
TRD005133,150.75307,0.18140725,GALAXY,SDSS_DR18_SPECTROSCOPY,ZWARNING_0_SCIENCEPRIMARY
TRD005134,150.81911,0.49056483,GALAXY,SDSS_DR18_SPECTROSCOPY,ZWARNING_0_SCIENCEPRIMARY
TRD005135,150.78478,0.17520826,GALAXY,SDSS_DR18_SPECTROSCOPY,ZWARNING_0_SCIENCEPRIMARY
TRD005136,150.75101,0.15890057,GALAXY,SDSS_DR18_SPECTROSCOPY,ZWARNING_0_SCIENCEPRIMARY
TRD005137,150.79311,0.12707097,GALAXY,SDSS_DR18_SPECTROSCOPY,ZWARNING_0_SCIENCEPRIMARY
TRD005138,150.90341,0.37418565,GALAXY,SDSS_DR18_SPECTROSCOPY,ZWARNING_0_SCIENCEPRIMARY
TRD005139,150.77585,0.45410729,GALAXY,SDSS_DR18_SPECTROSCOPY,ZWARNING_0_SCIENCEPRIMARY
TRD005140,150.79007,0.15010559,GALAXY,SDSS_DR18_SPECTROSCOPY,ZWARNING_0_SCIENCEPRIMARY
TRD005141,150.75555,0.76615367,GALAXY,SDSS_DR18_SPECTROSCOPY,ZWARNING_0_SCIENCEPRIMARY
TRD005142,150.62881,0.90904259,GALAXY,SDSS_DR18_SPECTROSCOPY,ZWARNING_0_SCIENCEPRIMARY
TRD005143,150.67405,0.83367856,GALAXY,SDSS_DR18_SPECTROSCOPY,ZWARNING_0_SCIENCEPRIMARY
TRD005144,150.61916,0.89155187,GALAXY,SDSS_DR18_SPECTROSCOPY,ZWARNING_0_SCIENCEPRIMARY
TRD005145,150.61834,0.8012045,GALAXY,SDSS_DR18_SPECTROSCOPY,ZWARNING_0_SCIENCEPRIMARY
TRD005146,150.64046,0.85940803,GALAXY,SDSS_DR18_SPECTROSCOPY,ZWARNING_0_SCIENCEPRIMARY
TRD005147,150.8128,0.83288202,GALAXY,SDSS_DR18_SPECTROSCOPY,ZWARNING_0_SCIENCEPRIMARY
TRD005148,150.65291,0.79430102,GALAXY,SDSS_DR18_SPECTROSCOPY,ZWARNING_0_SCIENCEPRIMARY
TRD005149,150.80704,0.91668971,GALAXY,SDSS_DR18_SPECTROSCOPY,ZWARNING_0_SCIENCEPRIMARY
TRD005150,150.80341,1.148911,GALAXY,SDSS_DR18_SPECTROSCOPY,ZWARNING_0_SCIENCEPRIMARY
TRD005151,150.49508,0.71524319,GALAXY,SDSS_DR18_SPECTROSCOPY,ZWARNING_0_SCIENCEPRIMARY
TRD005152,150.80482,0.81328522,GALAXY,SDSS_DR18_SPECTROSCOPY,ZWARNING_0_SCIENCEPRIMARY
TRD005153,150.67693,0.79278563,GALAXY,SDSS_DR18_SPECTROSCOPY,ZWARNING_0_SCIENCEPRIMARY
TRD005154,150.45493,0.97955239,GALAXY,SDSS_DR18_SPECTROSCOPY,ZWARNING_0_SCIENCEPRIMARY
TRD005155,151.03586,0.29905946,GALAXY,SDSS_DR18_SPECTROSCOPY,ZWARNING_0_SCIENCEPRIMARY
TRD005156,151.03541,0.27691406,GALAXY,SDSS_DR18_SPECTROSCOPY,ZWARNING_0_SCIENCEPRIMARY
TRD005157,150.97788,0.28007249,GALAXY,SDSS_DR18_SPECTROSCOPY,ZWARNING_0_SCIENCEPRIMARY
TRD005158,150.91499,0.39097085,GALAXY,SDSS_DR18_SPECTROSCOPY,ZWARNING_0_SCIENCEPRIMARY
TRD005159,150.95687,0.38284377,GALAXY,SDSS_DR18_SPECTROSCOPY,ZWARNING_0_SCIENCEPRIMARY
TRD005160,150.95371,0.48692099,GALAXY,SDSS_DR18_SPECTROSCOPY,ZWARNING_0_SCIENCEPRIMARY
TRD005161,151.0909,0.53420176,GALAXY,SDSS_DR18_SPECTROSCOPY,ZWARNING_0_SCIENCEPRIMARY
TRD005162,151.10907,0.60176802,GALAXY,SDSS_DR18_SPECTROSCOPY,ZWARNING_0_SCIENCEPRIMARY
TRD005163,151.04552,0.24536429,GALAXY,SDSS_DR18_SPECTROSCOPY,ZWARNING_0_SCIENCEPRIMARY
TRD005164,150.94928,0.33108206,GALAXY,SDSS_DR18_SPECTROSCOPY,ZWARNING_0_SCIENCEPRIMARY
TRD005165,151.05859,0.26283874,GALAXY,SDSS_DR18_SPECTROSCOPY,ZWARNING_0_SCIENCEPRIMARY
TRD005166,151.17015,0.36990042,GALAXY,SDSS_DR18_SPECTROSCOPY,ZWARNING_0_SCIENCEPRIMARY
TRD005167,151.01544,0.1500183,GALAXY,SDSS_DR18_SPECTROSCOPY,ZWARNING_0_SCIENCEPRIMARY
TRD005168,151.02848,0.62682958,GALAXY,SDSS_DR18_SPECTROSCOPY,ZWARNING_0_SCIENCEPRIMARY
TRD005169,150.83287,1.0268029,GALAXY,SDSS_DR18_SPECTROSCOPY,ZWARNING_0_SCIENCEPRIMARY
TRD005170,150.92256,0.96454436,GALAXY,SDSS_DR18_SPECTROSCOPY,ZWARNING_0_SCIENCEPRIMARY
TRD005171,150.98446,0.81661237,GALAXY,SDSS_DR18_SPECTROSCOPY,ZWARNING_0_SCIENCEPRIMARY
TRD005172,150.89163,0.91992167,GALAXY,SDSS_DR18_SPECTROSCOPY,ZWARNING_0_SCIENCEPRIMARY
TRD005173,150.93109,0.70469435,GALAXY,SDSS_DR18_SPECTROSCOPY,ZWARNING_0_SCIENCEPRIMARY
TRD005174,150.92202,0.94726397,GALAXY,SDSS_DR18_SPECTROSCOPY,ZWARNING_0_SCIENCEPRIMARY
TRD005175,150.83865,0.86608241,GALAXY,SDSS_DR18_SPECTROSCOPY,ZWARNING_0_SCIENCEPRIMARY
TRD005176,150.88271,0.84737002,GALAXY,SDSS_DR18_SPECTROSCOPY,ZWARNING_0_SCIENCEPRIMARY
TRD005177,150.84458,0.84047999,GALAXY,SDSS_DR18_SPECTROSCOPY,ZWARNING_0_SCIENCEPRIMARY
TRD005178,151.16896,0.32850747,GALAXY,SDSS_DR18_SPECTROSCOPY,ZWARNING_0_SCIENCEPRIMARY
TRD005179,151.1935,0.46385131,GALAXY,SDSS_DR18_SPECTROSCOPY,ZWARNING_0_SCIENCEPRIMARY
TRD005180,151.16135,0.42022509,GALAXY,SDSS_DR18_SPECTROSCOPY,ZWARNING_0_SCIENCEPRIMARY
TRD005181,151.08344,0.47663764,GALAXY,SDSS_DR18_SPECTROSCOPY,ZWARNING_0_SCIENCEPRIMARY
TRD005182,151.23769,0.21541949,GALAXY,SDSS_DR18_SPECTROSCOPY,ZWARNING_0_SCIENCEPRIMARY
TRD005183,151.22194,0.21196363,GALAXY,SDSS_DR18_SPECTROSCOPY,ZWARNING_0_SCIENCEPRIMARY
TRD005184,151.24894,0.60814631,GALAXY,SDSS_DR18_SPECTROSCOPY,ZWARNING_0_SCIENCEPRIMARY
TRD005185,151.09574,0.51823716,GALAXY,SDSS_DR18_SPECTROSCOPY,ZWARNING_0_SCIENCEPRIMARY
TRD005186,151.05978,0.50810176,GALAXY,SDSS_DR18_SPECTROSCOPY,ZWARNING_0_SCIENCEPRIMARY
TRD005187,151.14406,0.54171062,GALAXY,SDSS_DR18_SPECTROSCOPY,ZWARNING_0_SCIENCEPRIMARY
TRD005188,150.9424,0.43068451,GALAXY,SDSS_DR18_SPECTROSCOPY,ZWARNING_0_SCIENCEPRIMARY
TRD005189,151.11495,0.14241522,GALAXY,SDSS_DR18_SPECTROSCOPY,ZWARNING_0_SCIENCEPRIMARY
TRD005190,151.03892,0.4248744,GALAXY,SDSS_DR18_SPECTROSCOPY,ZWARNING_0_SCIENCEPRIMARY
TRD005191,151.11195,0.17718721,GALAXY,SDSS_DR18_SPECTROSCOPY,ZWARNING_0_SCIENCEPRIMARY
TRD005192,151.16388,0.28149828,GALAXY,SDSS_DR18_SPECTROSCOPY,ZWARNING_0_SCIENCEPRIMARY
TRD005193,151.11289,0.5240058,GALAXY,SDSS_DR18_SPECTROSCOPY,ZWARNING_0_SCIENCEPRIMARY
TRD005194,150.97825,0.5826932,GALAXY,SDSS_DR18_SPECTROSCOPY,ZWARNING_0_SCIENCEPRIMARY
TRD005195,150.97302,0.39564986,GALAXY,SDSS_DR18_SPECTROSCOPY,ZWARNING_0_SCIENCEPRIMARY
TRD005196,151.079,0.12038975,GALAXY,SDSS_DR18_SPECTROSCOPY,ZWARNING_0_SCIENCEPRIMARY
TRD005197,151.26801,0.59108306,GALAXY,SDSS_DR18_SPECTROSCOPY,ZWARNING_0_SCIENCEPRIMARY
TRD005198,151.35034,0.54392803,GALAXY,SDSS_DR18_SPECTROSCOPY,ZWARNING_0_SCIENCEPRIMARY
TRD005199,151.30643,0.56118372,GALAXY,SDSS_DR18_SPECTROSCOPY,ZWARNING_0_SCIENCEPRIMARY
TRD005200,151.30126,0.63218725,GALAXY,SDSS_DR18_SPECTROSCOPY,ZWARNING_0_SCIENCEPRIMARY
TRD005201,151.38289,0.6110543,GALAXY,SDSS_DR18_SPECTROSCOPY,ZWARNING_0_SCIENCEPRIMARY
TRD005202,151.37585,0.13687544,GALAXY,SDSS_DR18_SPECTROSCOPY,ZWARNING_0_SCIENCEPRIMARY
TRD005203,151.35434,0.23466585,GALAXY,SDSS_DR18_SPECTROSCOPY,ZWARNING_0_SCIENCEPRIMARY
TRD005204,151.31513,0.61036378,GALAXY,SDSS_DR18_SPECTROSCOPY,ZWARNING_0_SCIENCEPRIMARY
TRD005205,151.41535,0.41655924,GALAXY,SDSS_DR18_SPECTROSCOPY,ZWARNING_0_SCIENCEPRIMARY
TRD005206,151.33277,0.27523578,GALAXY,SDSS_DR18_SPECTROSCOPY,ZWARNING_0_SCIENCEPRIMARY
TRD005207,151.31052,0.3380981,GALAXY,SDSS_DR18_SPECTROSCOPY,ZWARNING_0_SCIENCEPRIMARY
TRD005208,151.38942,0.29982006,GALAXY,SDSS_DR18_SPECTROSCOPY,ZWARNING_0_SCIENCEPRIMARY
TRD005209,151.30547,0.40066148,GALAXY,SDSS_DR18_SPECTROSCOPY,ZWARNING_0_SCIENCEPRIMARY
TRD005210,151.48371,0.61722451,GALAXY,SDSS_DR18_SPECTROSCOPY,ZWARNING_0_SCIENCEPRIMARY
TRD005211,151.30742,0.4750305,GALAXY,SDSS_DR18_SPECTROSCOPY,ZWARNING_0_SCIENCEPRIMARY
TRD005212,151.4611,0.63180411,GALAXY,SDSS_DR18_SPECTROSCOPY,ZWARNING_0_SCIENCEPRIMARY
TRD005213,151.38231,0.48146704,GALAXY,SDSS_DR18_SPECTROSCOPY,ZWARNING_0_SCIENCEPRIMARY
TRD005214,151.53385,0.54457509,GALAXY,SDSS_DR18_SPECTROSCOPY,ZWARNING_0_SCIENCEPRIMARY
TRD005215,151.55765,0.36892501,GALAXY,SDSS_DR18_SPECTROSCOPY,ZWARNING_0_SCIENCEPRIMARY
TRD005216,151.6385,0.5388355,GALAXY,SDSS_DR18_SPECTROSCOPY,ZWARNING_0_SCIENCEPRIMARY
TRD005217,151.60947,0.60630897,GALAXY,SDSS_DR18_SPECTROSCOPY,ZWARNING_0_SCIENCEPRIMARY
TRD005218,151.68741,0.39284815,GALAXY,SDSS_DR18_SPECTROSCOPY,ZWARNING_0_SCIENCEPRIMARY
TRD005219,151.65061,0.57933339,GALAXY,SDSS_DR18_SPECTROSCOPY,ZWARNING_0_SCIENCEPRIMARY
TRD005220,151.66204,0.48060997,GALAXY,SDSS_DR18_SPECTROSCOPY,ZWARNING_0_SCIENCEPRIMARY
TRD005221,151.6547,0.63260972,GALAXY,SDSS_DR18_SPECTROSCOPY,ZWARNING_0_SCIENCEPRIMARY
TRD005222,151.67391,0.34536504,GALAXY,SDSS_DR18_SPECTROSCOPY,ZWARNING_0_SCIENCEPRIMARY
TRD005223,151.48288,0.56490488,GALAXY,SDSS_DR18_SPECTROSCOPY,ZWARNING_0_SCIENCEPRIMARY
TRD005224,151.6353,0.3365056,GALAXY,SDSS_DR18_SPECTROSCOPY,ZWARNING_0_SCIENCEPRIMARY
TRD005225,151.58018,0.61567676,GALAXY,SDSS_DR18_SPECTROSCOPY,ZWARNING_0_SCIENCEPRIMARY
TRD005226,151.58214,0.16679451,GALAXY,SDSS_DR18_SPECTROSCOPY,ZWARNING_0_SCIENCEPRIMARY
TRD005227,151.6572,0.35940965,GALAXY,SDSS_DR18_SPECTROSCOPY,ZWARNING_0_SCIENCEPRIMARY
TRD005228,151.15529,0.82931967,GALAXY,SDSS_DR18_SPECTROSCOPY,ZWARNING_0_SCIENCEPRIMARY
TRD005229,151.21692,0.69849386,GALAXY,SDSS_DR18_SPECTROSCOPY,ZWARNING_0_SCIENCEPRIMARY
TRD005230,151.22976,0.95900601,GALAXY,SDSS_DR18_SPECTROSCOPY,ZWARNING_0_SCIENCEPRIMARY
TRD005231,151.20111,0.76838655,GALAXY,SDSS_DR18_SPECTROSCOPY,ZWARNING_0_SCIENCEPRIMARY
TRD005232,150.9942,0.73665141,GALAXY,SDSS_DR18_SPECTROSCOPY,ZWARNING_0_SCIENCEPRIMARY
TRD005233,151.05719,0.81243685,GALAXY,SDSS_DR18_SPECTROSCOPY,ZWARNING_0_SCIENCEPRIMARY
TRD005234,151.16888,0.80032667,GALAXY,SDSS_DR18_SPECTROSCOPY,ZWARNING_0_SCIENCEPRIMARY
TRD005235,150.99962,0.80691492,GALAXY,SDSS_DR18_SPECTROSCOPY,ZWARNING_0_SCIENCEPRIMARY
TRD005236,150.97937,1.18293,GALAXY,SDSS_DR18_SPECTROSCOPY,ZWARNING_0_SCIENCEPRIMARY
TRD005237,151.12397,0.68893227,GALAXY,SDSS_DR18_SPECTROSCOPY,ZWARNING_0_SCIENCEPRIMARY
TRD005238,151.12788,0.88949037,GALAXY,SDSS_DR18_SPECTROSCOPY,ZWARNING_0_SCIENCEPRIMARY
TRD005239,151.17115,0.91421799,GALAXY,SDSS_DR18_SPECTROSCOPY,ZWARNING_0_SCIENCEPRIMARY
TRD005240,151.73365,0.50181922,GALAXY,SDSS_DR18_SPECTROSCOPY,ZWARNING_0_SCIENCEPRIMARY
TRD005241,151.83798,0.5356946,GALAXY,SDSS_DR18_SPECTROSCOPY,ZWARNING_0_SCIENCEPRIMARY
TRD005242,151.80017,0.58861054,GALAXY,SDSS_DR18_SPECTROSCOPY,ZWARNING_0_SCIENCEPRIMARY
TRD005243,151.81867,0.69026762,GALAXY,SDSS_DR18_SPECTROSCOPY,ZWARNING_0_SCIENCEPRIMARY
TRD005244,151.78662,0.61699148,GALAXY,SDSS_DR18_SPECTROSCOPY,ZWARNING_0_SCIENCEPRIMARY
TRD005245,151.76599,0.41596009,GALAXY,SDSS_DR18_SPECTROSCOPY,ZWARNING_0_SCIENCEPRIMARY
TRD005246,151.70793,0.2010574,GALAXY,SDSS_DR18_SPECTROSCOPY,ZWARNING_0_SCIENCEPRIMARY
TRD005247,151.72273,0.591451,GALAXY,SDSS_DR18_SPECTROSCOPY,ZWARNING_0_SCIENCEPRIMARY
TRD005248,151.82982,0.60969822,GALAXY,SDSS_DR18_SPECTROSCOPY,ZWARNING_0_SCIENCEPRIMARY
TRD005249,151.8139,0.51855019,GALAXY,SDSS_DR18_SPECTROSCOPY,ZWARNING_0_SCIENCEPRIMARY
TRD005250,151.69388,0.29010167,GALAXY,SDSS_DR18_SPECTROSCOPY,ZWARNING_0_SCIENCEPRIMARY
TRD005251,151.81866,0.2334312,GALAXY,SDSS_DR18_SPECTROSCOPY,ZWARNING_0_SCIENCEPRIMARY
TRD005252,151.85016,0.5503588,GALAXY,SDSS_DR18_SPECTROSCOPY,ZWARNING_0_SCIENCEPRIMARY
TRD005253,151.77879,0.31104075,GALAXY,SDSS_DR18_SPECTROSCOPY,ZWARNING_0_SCIENCEPRIMARY
TRD005254,151.75937,0.47178758,GALAXY,SDSS_DR18_SPECTROSCOPY,ZWARNING_0_SCIENCEPRIMARY
TRD005255,151.83532,0.33887657,GALAXY,SDSS_DR18_SPECTROSCOPY,ZWARNING_0_SCIENCEPRIMARY
TRD005256,151.7787,0.33137015,GALAXY,SDSS_DR18_SPECTROSCOPY,ZWARNING_0_SCIENCEPRIMARY
TRD005257,151.28929,0.95603062,GALAXY,SDSS_DR18_SPECTROSCOPY,ZWARNING_0_SCIENCEPRIMARY
TRD005258,151.29783,0.83577785,GALAXY,SDSS_DR18_SPECTROSCOPY,ZWARNING_0_SCIENCEPRIMARY
TRD005259,151.41333,0.85335614,GALAXY,SDSS_DR18_SPECTROSCOPY,ZWARNING_0_SCIENCEPRIMARY
TRD005260,151.33816,0.98267126,GALAXY,SDSS_DR18_SPECTROSCOPY,ZWARNING_0_SCIENCEPRIMARY
TRD005261,151.24061,0.70236577,GALAXY,SDSS_DR18_SPECTROSCOPY,ZWARNING_0_SCIENCEPRIMARY
TRD005262,151.26589,0.74321791,GALAXY,SDSS_DR18_SPECTROSCOPY,ZWARNING_0_SCIENCEPRIMARY
TRD005263,151.37469,0.67121883,GALAXY,SDSS_DR18_SPECTROSCOPY,ZWARNING_0_SCIENCEPRIMARY
TRD005264,151.44918,0.87975362,GALAXY,SDSS_DR18_SPECTROSCOPY,ZWARNING_0_SCIENCEPRIMARY
TRD005265,151.48054,0.65221026,GALAXY,SDSS_DR18_SPECTROSCOPY,ZWARNING_0_SCIENCEPRIMARY
TRD005266,151.53618,0.68837128,GALAXY,SDSS_DR18_SPECTROSCOPY,ZWARNING_0_SCIENCEPRIMARY
TRD005267,151.82678,0.64926367,GALAXY,SDSS_DR18_SPECTROSCOPY,ZWARNING_0_SCIENCEPRIMARY
TRD005268,151.89223,0.27724718,GALAXY,SDSS_DR18_SPECTROSCOPY,ZWARNING_0_SCIENCEPRIMARY
TRD005269,151.96207,0.53029557,GALAXY,SDSS_DR18_SPECTROSCOPY,ZWARNING_0_SCIENCEPRIMARY
TRD005270,151.95262,0.51214857,GALAXY,SDSS_DR18_SPECTROSCOPY,ZWARNING_0_SCIENCEPRIMARY
TRD005271,152.00661,0.56595788,GALAXY,SDSS_DR18_SPECTROSCOPY,ZWARNING_0_SCIENCEPRIMARY
TRD005272,151.95947,0.59279509,GALAXY,SDSS_DR18_SPECTROSCOPY,ZWARNING_0_SCIENCEPRIMARY
TRD005273,151.98804,0.60697818,GALAXY,SDSS_DR18_SPECTROSCOPY,ZWARNING_0_SCIENCEPRIMARY
TRD005274,151.96827,0.5631333,GALAXY,SDSS_DR18_SPECTROSCOPY,ZWARNING_0_SCIENCEPRIMARY
TRD005275,151.92001,0.49999783,GALAXY,SDSS_DR18_SPECTROSCOPY,ZWARNING_0_SCIENCEPRIMARY
TRD005276,151.97821,0.63011608,GALAXY,SDSS_DR18_SPECTROSCOPY,ZWARNING_0_SCIENCEPRIMARY
TRD005277,151.93499,0.54932404,GALAXY,SDSS_DR18_SPECTROSCOPY,ZWARNING_0_SCIENCEPRIMARY
TRD005278,151.96925,0.30330421,GALAXY,SDSS_DR18_SPECTROSCOPY,ZWARNING_0_SCIENCEPRIMARY
TRD005279,151.95363,0.46830588,GALAXY,SDSS_DR18_SPECTROSCOPY,ZWARNING_0_SCIENCEPRIMARY
TRD005280,151.88617,0.39682611,GALAXY,SDSS_DR18_SPECTROSCOPY,ZWARNING_0_SCIENCEPRIMARY
TRD005281,151.91475,0.1855743,GALAXY,SDSS_DR18_SPECTROSCOPY,ZWARNING_0_SCIENCEPRIMARY
TRD005282,151.85429,0.18631434,GALAXY,SDSS_DR18_SPECTROSCOPY,ZWARNING_0_SCIENCEPRIMARY
TRD005283,151.92267,0.44723804,GALAXY,SDSS_DR18_SPECTROSCOPY,ZWARNING_0_SCIENCEPRIMARY
TRD005284,151.91384,0.38115997,GALAXY,SDSS_DR18_SPECTROSCOPY,ZWARNING_0_SCIENCEPRIMARY
TRD005285,151.85576,0.62764017,GALAXY,SDSS_DR18_SPECTROSCOPY,ZWARNING_0_SCIENCEPRIMARY
TRD005286,151.83974,0.63555182,GALAXY,SDSS_DR18_SPECTROSCOPY,ZWARNING_0_SCIENCEPRIMARY
TRD005287,151.65353,0.75974061,GALAXY,SDSS_DR18_SPECTROSCOPY,ZWARNING_0_SCIENCEPRIMARY
TRD005288,151.70223,0.80701157,GALAXY,SDSS_DR18_SPECTROSCOPY,ZWARNING_0_SCIENCEPRIMARY
TRD005289,151.88829,0.78643795,GALAXY,SDSS_DR18_SPECTROSCOPY,ZWARNING_0_SCIENCEPRIMARY
TRD005290,151.56863,0.7154855,GALAXY,SDSS_DR18_SPECTROSCOPY,ZWARNING_0_SCIENCEPRIMARY
TRD005291,151.66416,0.90803702,GALAXY,SDSS_DR18_SPECTROSCOPY,ZWARNING_0_SCIENCEPRIMARY
TRD005292,151.84724,0.80628305,GALAXY,SDSS_DR18_SPECTROSCOPY,ZWARNING_0_SCIENCEPRIMARY
TRD005293,151.90767,0.7049436,GALAXY,SDSS_DR18_SPECTROSCOPY,ZWARNING_0_SCIENCEPRIMARY
TRD005294,152.08673,0.16140877,GALAXY,SDSS_DR18_SPECTROSCOPY,ZWARNING_0_SCIENCEPRIMARY
TRD005295,151.98505,0.2721735,GALAXY,SDSS_DR18_SPECTROSCOPY,ZWARNING_0_SCIENCEPRIMARY
TRD005296,152.10502,0.17591857,GALAXY,SDSS_DR18_SPECTROSCOPY,ZWARNING_0_SCIENCEPRIMARY
TRD005297,151.95397,0.57432053,GALAXY,SDSS_DR18_SPECTROSCOPY,ZWARNING_0_SCIENCEPRIMARY
TRD005298,151.98412,0.43482349,GALAXY,SDSS_DR18_SPECTROSCOPY,ZWARNING_0_SCIENCEPRIMARY
TRD005299,152.00348,0.35649896,GALAXY,SDSS_DR18_SPECTROSCOPY,ZWARNING_0_SCIENCEPRIMARY
TRD005300,151.96424,0.63915295,GALAXY,SDSS_DR18_SPECTROSCOPY,ZWARNING_0_SCIENCEPRIMARY
TRD005301,152.02305,0.48838618,GALAXY,SDSS_DR18_SPECTROSCOPY,ZWARNING_0_SCIENCEPRIMARY
TRD005302,152.05541,0.38315041,GALAXY,SDSS_DR18_SPECTROSCOPY,ZWARNING_0_SCIENCEPRIMARY
TRD005303,151.98136,0.59135638,GALAXY,SDSS_DR18_SPECTROSCOPY,ZWARNING_0_SCIENCEPRIMARY
TRD005304,152.08326,0.21237952,GALAXY,SDSS_DR18_SPECTROSCOPY,ZWARNING_0_SCIENCEPRIMARY
TRD005305,151.96976,0.5049178,GALAXY,SDSS_DR18_SPECTROSCOPY,ZWARNING_0_SCIENCEPRIMARY
TRD005306,152.0316,0.44514119,GALAXY,SDSS_DR18_SPECTROSCOPY,ZWARNING_0_SCIENCEPRIMARY
TRD005307,152.00034,0.26470425,GALAXY,SDSS_DR18_SPECTROSCOPY,ZWARNING_0_SCIENCEPRIMARY
TRD005308,152.04728,0.33727717,GALAXY,SDSS_DR18_SPECTROSCOPY,ZWARNING_0_SCIENCEPRIMARY
TRD005309,152.03854,0.38824012,GALAXY,SDSS_DR18_SPECTROSCOPY,ZWARNING_0_SCIENCEPRIMARY
TRD005310,152.06119,0.11664358,GALAXY,SDSS_DR18_SPECTROSCOPY,ZWARNING_0_SCIENCEPRIMARY
TRD005311,152.08589,0.25061994,GALAXY,SDSS_DR18_SPECTROSCOPY,ZWARNING_0_SCIENCEPRIMARY
TRD005312,153.64453,-0.83055661,GALAXY,SDSS_DR18_SPECTROSCOPY,ZWARNING_0_SCIENCEPRIMARY
TRD005313,153.53958,-0.89842379,GALAXY,SDSS_DR18_SPECTROSCOPY,ZWARNING_0_SCIENCEPRIMARY
TRD005314,153.65087,-0.88760904,GALAXY,SDSS_DR18_SPECTROSCOPY,ZWARNING_0_SCIENCEPRIMARY
TRD005315,153.60708,-0.87185851,GALAXY,SDSS_DR18_SPECTROSCOPY,ZWARNING_0_SCIENCEPRIMARY
TRD005316,153.66952,-0.83352245,GALAXY,SDSS_DR18_SPECTROSCOPY,ZWARNING_0_SCIENCEPRIMARY
TRD005317,153.65334,-0.85192718,GALAXY,SDSS_DR18_SPECTROSCOPY,ZWARNING_0_SCIENCEPRIMARY
TRD005318,153.53168,-0.87430966,GALAXY,SDSS_DR18_SPECTROSCOPY,ZWARNING_0_SCIENCEPRIMARY
TRD005319,153.68962,-0.79365897,GALAXY,SDSS_DR18_SPECTROSCOPY,ZWARNING_0_SCIENCEPRIMARY
TRD005320,153.62342,-0.80719297,GALAXY,SDSS_DR18_SPECTROSCOPY,ZWARNING_0_SCIENCEPRIMARY
TRD005321,153.49957,-0.92524778,GALAXY,SDSS_DR18_SPECTROSCOPY,ZWARNING_0_SCIENCEPRIMARY
TRD005322,153.52527,-0.83249949,GALAXY,SDSS_DR18_SPECTROSCOPY,ZWARNING_0_SCIENCEPRIMARY
TRD005323,153.4762,-0.91653264,GALAXY,SDSS_DR18_SPECTROSCOPY,ZWARNING_0_SCIENCEPRIMARY
TRD005324,153.55067,-0.8636618,GALAXY,SDSS_DR18_SPECTROSCOPY,ZWARNING_0_SCIENCEPRIMARY
TRD005325,153.62172,-0.90539413,GALAXY,SDSS_DR18_SPECTROSCOPY,ZWARNING_0_SCIENCEPRIMARY
TRD005326,153.51321,-0.89290266,GALAXY,SDSS_DR18_SPECTROSCOPY,ZWARNING_0_SCIENCEPRIMARY
TRD005327,153.58124,-0.89079543,GALAXY,SDSS_DR18_SPECTROSCOPY,ZWARNING_0_SCIENCEPRIMARY
TRD005328,153.48195,-0.88619261,GALAXY,SDSS_DR18_SPECTROSCOPY,ZWARNING_0_SCIENCEPRIMARY
TRD005329,153.62656,-0.87516402,GALAXY,SDSS_DR18_SPECTROSCOPY,ZWARNING_0_SCIENCEPRIMARY
TRD005330,153.74028,-0.51982748,GALAXY,SDSS_DR18_SPECTROSCOPY,ZWARNING_0_SCIENCEPRIMARY
TRD005331,153.64366,-0.36011408,GALAXY,SDSS_DR18_SPECTROSCOPY,ZWARNING_0_SCIENCEPRIMARY
TRD005332,153.7149,-0.67506559,GALAXY,SDSS_DR18_SPECTROSCOPY,ZWARNING_0_SCIENCEPRIMARY
TRD005333,153.65466,-0.38769457,GALAXY,SDSS_DR18_SPECTROSCOPY,ZWARNING_0_SCIENCEPRIMARY
TRD005334,153.69121,-0.33934021,GALAXY,SDSS_DR18_SPECTROSCOPY,ZWARNING_0_SCIENCEPRIMARY
TRD005335,153.66558,-0.72486094,GALAXY,SDSS_DR18_SPECTROSCOPY,ZWARNING_0_SCIENCEPRIMARY
TRD005336,153.63083,-0.25946474,GALAXY,SDSS_DR18_SPECTROSCOPY,ZWARNING_0_SCIENCEPRIMARY
TRD005337,153.66987,-0.25515068,GALAXY,SDSS_DR18_SPECTROSCOPY,ZWARNING_0_SCIENCEPRIMARY
TRD005338,153.77699,-0.3288054,GALAXY,SDSS_DR18_SPECTROSCOPY,ZWARNING_0_SCIENCEPRIMARY
TRD005339,153.83067,-0.084398232,GALAXY,SDSS_DR18_SPECTROSCOPY,ZWARNING_0_SCIENCEPRIMARY
TRD005340,153.89294,-0.29732275,GALAXY,SDSS_DR18_SPECTROSCOPY,ZWARNING_0_SCIENCEPRIMARY
TRD005341,153.81368,-0.60264888,GALAXY,SDSS_DR18_SPECTROSCOPY,ZWARNING_0_SCIENCEPRIMARY
TRD005342,153.78413,-0.2442526,GALAXY,SDSS_DR18_SPECTROSCOPY,ZWARNING_0_SCIENCEPRIMARY
TRD005343,153.77949,-0.15593507,GALAXY,SDSS_DR18_SPECTROSCOPY,ZWARNING_0_SCIENCEPRIMARY
TRD005344,153.64939,-0.15526529,GALAXY,SDSS_DR18_SPECTROSCOPY,ZWARNING_0_SCIENCEPRIMARY
TRD005345,153.87748,-0.13314033,GALAXY,SDSS_DR18_SPECTROSCOPY,ZWARNING_0_SCIENCEPRIMARY
TRD005346,153.40198,-0.98039827,GALAXY,SDSS_DR18_SPECTROSCOPY,ZWARNING_0_SCIENCEPRIMARY
TRD005347,153.37928,-0.94689588,GALAXY,SDSS_DR18_SPECTROSCOPY,ZWARNING_0_SCIENCEPRIMARY
TRD005348,153.42835,-0.93692539,GALAXY,SDSS_DR18_SPECTROSCOPY,ZWARNING_0_SCIENCEPRIMARY
TRD005349,153.42294,-0.92227303,GALAXY,SDSS_DR18_SPECTROSCOPY,ZWARNING_0_SCIENCEPRIMARY
TRD005350,153.41709,-0.86367726,GALAXY,SDSS_DR18_SPECTROSCOPY,ZWARNING_0_SCIENCEPRIMARY
TRD005351,153.38243,-0.99874605,GALAXY,SDSS_DR18_SPECTROSCOPY,ZWARNING_0_SCIENCEPRIMARY
TRD005352,153.42607,-0.90717694,GALAXY,SDSS_DR18_SPECTROSCOPY,ZWARNING_0_SCIENCEPRIMARY
TRD005353,153.44865,-0.97355542,GALAXY,SDSS_DR18_SPECTROSCOPY,ZWARNING_0_SCIENCEPRIMARY
TRD005354,153.41004,-0.88197917,GALAXY,SDSS_DR18_SPECTROSCOPY,ZWARNING_0_SCIENCEPRIMARY
TRD005355,153.44509,-0.91421698,GALAXY,SDSS_DR18_SPECTROSCOPY,ZWARNING_0_SCIENCEPRIMARY
TRD005356,153.45691,-0.82084752,GALAXY,SDSS_DR18_SPECTROSCOPY,ZWARNING_0_SCIENCEPRIMARY
TRD005357,153.55852,-0.71444334,GALAXY,SDSS_DR18_SPECTROSCOPY,ZWARNING_0_SCIENCEPRIMARY
TRD005358,153.4443,-0.93794795,GALAXY,SDSS_DR18_SPECTROSCOPY,ZWARNING_0_SCIENCEPRIMARY
TRD005359,153.46116,-0.85549996,GALAXY,SDSS_DR18_SPECTROSCOPY,ZWARNING_0_SCIENCEPRIMARY
TRD005360,153.43818,-0.87719747,GALAXY,SDSS_DR18_SPECTROSCOPY,ZWARNING_0_SCIENCEPRIMARY
TRD005361,153.4954,-0.95158972,GALAXY,SDSS_DR18_SPECTROSCOPY,ZWARNING_0_SCIENCEPRIMARY
TRD005362,153.4716,-0.74404361,GALAXY,SDSS_DR18_SPECTROSCOPY,ZWARNING_0_SCIENCEPRIMARY
TRD005363,153.50263,-0.70807445,GALAXY,SDSS_DR18_SPECTROSCOPY,ZWARNING_0_SCIENCEPRIMARY
TRD005364,153.49146,-0.72255325,GALAXY,SDSS_DR18_SPECTROSCOPY,ZWARNING_0_SCIENCEPRIMARY
TRD005365,153.59565,-0.6253347,GALAXY,SDSS_DR18_SPECTROSCOPY,ZWARNING_0_SCIENCEPRIMARY
TRD005366,153.51136,-0.29719755,GALAXY,SDSS_DR18_SPECTROSCOPY,ZWARNING_0_SCIENCEPRIMARY
TRD005367,153.57182,-0.67174924,GALAXY,SDSS_DR18_SPECTROSCOPY,ZWARNING_0_SCIENCEPRIMARY
TRD005368,153.52723,-0.32515492,GALAXY,SDSS_DR18_SPECTROSCOPY,ZWARNING_0_SCIENCEPRIMARY
TRD005369,153.50848,-0.2479792,GALAXY,SDSS_DR18_SPECTROSCOPY,ZWARNING_0_SCIENCEPRIMARY
TRD005370,153.49923,-0.090525916,GALAXY,SDSS_DR18_SPECTROSCOPY,ZWARNING_0_SCIENCEPRIMARY
TRD005371,153.70053,-0.76444714,GALAXY,SDSS_DR18_SPECTROSCOPY,ZWARNING_0_SCIENCEPRIMARY
TRD005372,153.54182,-0.44299021,GALAXY,SDSS_DR18_SPECTROSCOPY,ZWARNING_0_SCIENCEPRIMARY
TRD005373,153.57425,-0.51758521,GALAXY,SDSS_DR18_SPECTROSCOPY,ZWARNING_0_SCIENCEPRIMARY
TRD005374,153.58318,-0.57832812,GALAXY,SDSS_DR18_SPECTROSCOPY,ZWARNING_0_SCIENCEPRIMARY
TRD005375,153.60098,-0.29062279,GALAXY,SDSS_DR18_SPECTROSCOPY,ZWARNING_0_SCIENCEPRIMARY
TRD005376,153.58794,-0.50768789,GALAXY,SDSS_DR18_SPECTROSCOPY,ZWARNING_0_SCIENCEPRIMARY
TRD005377,153.52434,-0.12714567,GALAXY,SDSS_DR18_SPECTROSCOPY,ZWARNING_0_SCIENCEPRIMARY
TRD005378,153.46334,-0.18847764,GALAXY,SDSS_DR18_SPECTROSCOPY,ZWARNING_0_SCIENCEPRIMARY
TRD005379,153.50277,-0.15236197,GALAXY,SDSS_DR18_SPECTROSCOPY,ZWARNING_0_SCIENCEPRIMARY
TRD005380,153.47426,-0.15483291,GALAXY,SDSS_DR18_SPECTROSCOPY,ZWARNING_0_SCIENCEPRIMARY
TRD005381,153.29021,-0.96854546,GALAXY,SDSS_DR18_SPECTROSCOPY,ZWARNING_0_SCIENCEPRIMARY
TRD005382,153.34833,-0.89277032,GALAXY,SDSS_DR18_SPECTROSCOPY,ZWARNING_0_SCIENCEPRIMARY
TRD005383,153.33803,-0.8219594,GALAXY,SDSS_DR18_SPECTROSCOPY,ZWARNING_0_SCIENCEPRIMARY
TRD005384,153.37033,-0.92307669,GALAXY,SDSS_DR18_SPECTROSCOPY,ZWARNING_0_SCIENCEPRIMARY
TRD005385,153.34608,-1.0262776,GALAXY,SDSS_DR18_SPECTROSCOPY,ZWARNING_0_SCIENCEPRIMARY
TRD005386,153.34334,-0.87179442,GALAXY,SDSS_DR18_SPECTROSCOPY,ZWARNING_0_SCIENCEPRIMARY
TRD005387,153.30632,-0.89682588,GALAXY,SDSS_DR18_SPECTROSCOPY,ZWARNING_0_SCIENCEPRIMARY
TRD005388,153.31006,-0.77817069,GALAXY,SDSS_DR18_SPECTROSCOPY,ZWARNING_0_SCIENCEPRIMARY
TRD005389,153.34029,-0.78142128,GALAXY,SDSS_DR18_SPECTROSCOPY,ZWARNING_0_SCIENCEPRIMARY
TRD005390,153.31386,-0.6883863,GALAXY,SDSS_DR18_SPECTROSCOPY,ZWARNING_0_SCIENCEPRIMARY
TRD005391,153.35198,-0.84270209,GALAXY,SDSS_DR18_SPECTROSCOPY,ZWARNING_0_SCIENCEPRIMARY
TRD005392,153.32641,-0.83274892,GALAXY,SDSS_DR18_SPECTROSCOPY,ZWARNING_0_SCIENCEPRIMARY
TRD005393,153.37081,-0.89238417,GALAXY,SDSS_DR18_SPECTROSCOPY,ZWARNING_0_SCIENCEPRIMARY
TRD005394,153.16942,-1.2084153,GALAXY,SDSS_DR18_SPECTROSCOPY,ZWARNING_0_SCIENCEPRIMARY
TRD005395,153.37398,-0.81542028,GALAXY,SDSS_DR18_SPECTROSCOPY,ZWARNING_0_SCIENCEPRIMARY
TRD005396,153.357,-0.90982736,GALAXY,SDSS_DR18_SPECTROSCOPY,ZWARNING_0_SCIENCEPRIMARY
TRD005397,153.37757,-0.4186473,GALAXY,SDSS_DR18_SPECTROSCOPY,ZWARNING_0_SCIENCEPRIMARY
TRD005398,153.35738,-0.23043984,GALAXY,SDSS_DR18_SPECTROSCOPY,ZWARNING_0_SCIENCEPRIMARY
TRD005399,153.35722,-0.78170171,GALAXY,SDSS_DR18_SPECTROSCOPY,ZWARNING_0_SCIENCEPRIMARY
TRD005400,153.45428,-0.65927731,GALAXY,SDSS_DR18_SPECTROSCOPY,ZWARNING_0_SCIENCEPRIMARY
TRD005401,153.40974,-0.19939623,GALAXY,SDSS_DR18_SPECTROSCOPY,ZWARNING_0_SCIENCEPRIMARY
TRD005402,153.41945,-0.26714761,GALAXY,SDSS_DR18_SPECTROSCOPY,ZWARNING_0_SCIENCEPRIMARY
TRD005403,153.45716,-0.26175997,GALAXY,SDSS_DR18_SPECTROSCOPY,ZWARNING_0_SCIENCEPRIMARY
TRD005404,153.4002,-0.62366728,GALAXY,SDSS_DR18_SPECTROSCOPY,ZWARNING_0_SCIENCEPRIMARY
TRD005405,153.43709,-0.19467582,GALAXY,SDSS_DR18_SPECTROSCOPY,ZWARNING_0_SCIENCEPRIMARY
TRD005406,153.44213,-0.13358306,GALAXY,SDSS_DR18_SPECTROSCOPY,ZWARNING_0_SCIENCEPRIMARY
TRD005407,153.45199,-0.10519759,GALAXY,SDSS_DR18_SPECTROSCOPY,ZWARNING_0_SCIENCEPRIMARY
TRD005408,153.32424,-0.73553789,GALAXY,SDSS_DR18_SPECTROSCOPY,ZWARNING_0_SCIENCEPRIMARY
TRD005409,153.46687,-0.37364482,GALAXY,SDSS_DR18_SPECTROSCOPY,ZWARNING_0_SCIENCEPRIMARY
TRD005410,153.4732,-0.31889396,GALAXY,SDSS_DR18_SPECTROSCOPY,ZWARNING_0_SCIENCEPRIMARY
TRD005411,153.38089,-0.082844349,GALAXY,SDSS_DR18_SPECTROSCOPY,ZWARNING_0_SCIENCEPRIMARY
TRD005412,153.44941,-0.17472222,GALAXY,SDSS_DR18_SPECTROSCOPY,ZWARNING_0_SCIENCEPRIMARY
TRD005413,153.42598,-0.12378176,GALAXY,SDSS_DR18_SPECTROSCOPY,ZWARNING_0_SCIENCEPRIMARY
TRD005414,152.80145,-1.1866639,GALAXY,SDSS_DR18_SPECTROSCOPY,ZWARNING_0_SCIENCEPRIMARY
TRD005415,152.7621,-0.88768036,GALAXY,SDSS_DR18_SPECTROSCOPY,ZWARNING_0_SCIENCEPRIMARY
TRD005416,152.76287,-1.1529622,GALAXY,SDSS_DR18_SPECTROSCOPY,ZWARNING_0_SCIENCEPRIMARY
TRD005417,152.69799,-0.95983421,GALAXY,SDSS_DR18_SPECTROSCOPY,ZWARNING_0_SCIENCEPRIMARY
TRD005418,153.16614,-1.1063515,GALAXY,SDSS_DR18_SPECTROSCOPY,ZWARNING_0_SCIENCEPRIMARY
TRD005419,153.07201,-1.116582,GALAXY,SDSS_DR18_SPECTROSCOPY,ZWARNING_0_SCIENCEPRIMARY
TRD005420,152.67976,-1.1775305,GALAXY,SDSS_DR18_SPECTROSCOPY,ZWARNING_0_SCIENCEPRIMARY
TRD005421,152.82819,-1.0625026,GALAXY,SDSS_DR18_SPECTROSCOPY,ZWARNING_0_SCIENCEPRIMARY
TRD005422,152.81664,-1.2452536,GALAXY,SDSS_DR18_SPECTROSCOPY,ZWARNING_0_SCIENCEPRIMARY
TRD005423,152.83945,-1.1957866,GALAXY,SDSS_DR18_SPECTROSCOPY,ZWARNING_0_SCIENCEPRIMARY
TRD005424,152.94984,-1.0627741,GALAXY,SDSS_DR18_SPECTROSCOPY,ZWARNING_0_SCIENCEPRIMARY
TRD005425,153.09186,-0.90870065,GALAXY,SDSS_DR18_SPECTROSCOPY,ZWARNING_0_SCIENCEPRIMARY
TRD005426,152.98426,-0.93118592,GALAXY,SDSS_DR18_SPECTROSCOPY,ZWARNING_0_SCIENCEPRIMARY
TRD005427,152.74365,-0.80387005,GALAXY,SDSS_DR18_SPECTROSCOPY,ZWARNING_0_SCIENCEPRIMARY
TRD005428,152.88774,-0.84569028,GALAXY,SDSS_DR18_SPECTROSCOPY,ZWARNING_0_SCIENCEPRIMARY
TRD005429,153.16802,-1.0616722,GALAXY,SDSS_DR18_SPECTROSCOPY,ZWARNING_0_SCIENCEPRIMARY
TRD005430,152.86455,-0.95920888,GALAXY,SDSS_DR18_SPECTROSCOPY,ZWARNING_0_SCIENCEPRIMARY
TRD005431,153.0517,-1.208791,GALAXY,SDSS_DR18_SPECTROSCOPY,ZWARNING_0_SCIENCEPRIMARY
TRD005432,153.31293,-0.4099083,GALAXY,SDSS_DR18_SPECTROSCOPY,ZWARNING_0_SCIENCEPRIMARY
TRD005433,153.33224,-0.30648862,GALAXY,SDSS_DR18_SPECTROSCOPY,ZWARNING_0_SCIENCEPRIMARY
TRD005434,152.88807,-0.71741846,GALAXY,SDSS_DR18_SPECTROSCOPY,ZWARNING_0_SCIENCEPRIMARY
TRD005435,153.34718,-0.54452648,GALAXY,SDSS_DR18_SPECTROSCOPY,ZWARNING_0_SCIENCEPRIMARY
TRD005436,152.86383,-0.65329825,GALAXY,SDSS_DR18_SPECTROSCOPY,ZWARNING_0_SCIENCEPRIMARY
TRD005437,152.79113,-0.39943123,GALAXY,SDSS_DR18_SPECTROSCOPY,ZWARNING_0_SCIENCEPRIMARY
TRD005438,152.74167,-0.50283064,GALAXY,SDSS_DR18_SPECTROSCOPY,ZWARNING_0_SCIENCEPRIMARY
TRD005439,153.32359,-0.081157744,GALAXY,SDSS_DR18_SPECTROSCOPY,ZWARNING_0_SCIENCEPRIMARY
TRD005440,153.32383,-0.12754188,GALAXY,SDSS_DR18_SPECTROSCOPY,ZWARNING_0_SCIENCEPRIMARY
TRD005441,152.83179,-0.39568764,GALAXY,SDSS_DR18_SPECTROSCOPY,ZWARNING_0_SCIENCEPRIMARY
TRD005442,153.34916,-0.11310648,GALAXY,SDSS_DR18_SPECTROSCOPY,ZWARNING_0_SCIENCEPRIMARY
TRD005443,153.30717,-0.08908526,GALAXY,SDSS_DR18_SPECTROSCOPY,ZWARNING_0_SCIENCEPRIMARY
TRD005444,152.81318,-0.5246268,GALAXY,SDSS_DR18_SPECTROSCOPY,ZWARNING_0_SCIENCEPRIMARY
TRD005445,152.88989,-0.56899209,GALAXY,SDSS_DR18_SPECTROSCOPY,ZWARNING_0_SCIENCEPRIMARY
TRD005446,152.6526,-0.35431128,GALAXY,SDSS_DR18_SPECTROSCOPY,ZWARNING_0_SCIENCEPRIMARY
TRD005447,152.66416,-0.69797955,GALAXY,SDSS_DR18_SPECTROSCOPY,ZWARNING_0_SCIENCEPRIMARY
TRD005448,152.72965,-0.30517083,GALAXY,SDSS_DR18_SPECTROSCOPY,ZWARNING_0_SCIENCEPRIMARY
TRD005449,152.71324,-0.64513111,GALAXY,SDSS_DR18_SPECTROSCOPY,ZWARNING_0_SCIENCEPRIMARY
TRD005450,152.66491,-0.72869677,GALAXY,SDSS_DR18_SPECTROSCOPY,ZWARNING_0_SCIENCEPRIMARY
TRD005451,152.62193,-0.33270749,GALAXY,SDSS_DR18_SPECTROSCOPY,ZWARNING_0_SCIENCEPRIMARY
TRD005452,152.66202,-0.34086455,GALAXY,SDSS_DR18_SPECTROSCOPY,ZWARNING_0_SCIENCEPRIMARY
TRD005453,152.73024,-0.72884497,GALAXY,SDSS_DR18_SPECTROSCOPY,ZWARNING_0_SCIENCEPRIMARY
TRD005454,152.61702,-0.72591002,GALAXY,SDSS_DR18_SPECTROSCOPY,ZWARNING_0_SCIENCEPRIMARY
TRD005455,152.71702,-0.1342654,GALAXY,SDSS_DR18_SPECTROSCOPY,ZWARNING_0_SCIENCEPRIMARY
TRD005456,152.59228,-0.37637317,GALAXY,SDSS_DR18_SPECTROSCOPY,ZWARNING_0_SCIENCEPRIMARY
TRD005457,152.67499,-0.12775125,GALAXY,SDSS_DR18_SPECTROSCOPY,ZWARNING_0_SCIENCEPRIMARY
TRD005458,152.7066,-0.26008839,GALAXY,SDSS_DR18_SPECTROSCOPY,ZWARNING_0_SCIENCEPRIMARY
TRD005459,152.63433,-0.30866519,GALAXY,SDSS_DR18_SPECTROSCOPY,ZWARNING_0_SCIENCEPRIMARY
TRD005460,152.64079,-0.18610963,GALAXY,SDSS_DR18_SPECTROSCOPY,ZWARNING_0_SCIENCEPRIMARY
TRD005461,152.68095,-0.63778506,GALAXY,SDSS_DR18_SPECTROSCOPY,ZWARNING_0_SCIENCEPRIMARY
TRD005462,152.68149,-0.3817389,GALAXY,SDSS_DR18_SPECTROSCOPY,ZWARNING_0_SCIENCEPRIMARY
TRD005463,152.43069,-0.29406037,GALAXY,SDSS_DR18_SPECTROSCOPY,ZWARNING_0_SCIENCEPRIMARY
TRD005464,152.46378,-0.54662907,GALAXY,SDSS_DR18_SPECTROSCOPY,ZWARNING_0_SCIENCEPRIMARY
TRD005465,152.58501,-0.48181022,GALAXY,SDSS_DR18_SPECTROSCOPY,ZWARNING_0_SCIENCEPRIMARY
TRD005466,152.5331,-0.59778354,GALAXY,SDSS_DR18_SPECTROSCOPY,ZWARNING_0_SCIENCEPRIMARY
TRD005467,152.59025,-0.63780838,GALAXY,SDSS_DR18_SPECTROSCOPY,ZWARNING_0_SCIENCEPRIMARY
TRD005468,152.44216,-0.389323,GALAXY,SDSS_DR18_SPECTROSCOPY,ZWARNING_0_SCIENCEPRIMARY
TRD005469,152.57345,-0.69530912,GALAXY,SDSS_DR18_SPECTROSCOPY,ZWARNING_0_SCIENCEPRIMARY
TRD005470,152.46268,-0.31250867,GALAXY,SDSS_DR18_SPECTROSCOPY,ZWARNING_0_SCIENCEPRIMARY
TRD005471,152.50593,-0.19790651,GALAXY,SDSS_DR18_SPECTROSCOPY,ZWARNING_0_SCIENCEPRIMARY
TRD005472,152.42616,-0.36772136,GALAXY,SDSS_DR18_SPECTROSCOPY,ZWARNING_0_SCIENCEPRIMARY
TRD005473,152.54525,-0.11020934,GALAXY,SDSS_DR18_SPECTROSCOPY,ZWARNING_0_SCIENCEPRIMARY
TRD005474,152.47585,-0.32842423,GALAXY,SDSS_DR18_SPECTROSCOPY,ZWARNING_0_SCIENCEPRIMARY
TRD005475,152.49894,-0.2162991,GALAXY,SDSS_DR18_SPECTROSCOPY,ZWARNING_0_SCIENCEPRIMARY
TRD005476,152.46302,-0.12190869,GALAXY,SDSS_DR18_SPECTROSCOPY,ZWARNING_0_SCIENCEPRIMARY
TRD005477,152.54695,-0.25297995,GALAXY,SDSS_DR18_SPECTROSCOPY,ZWARNING_0_SCIENCEPRIMARY
TRD005478,152.34575,-1.1658926,GALAXY,SDSS_DR18_SPECTROSCOPY,ZWARNING_0_SCIENCEPRIMARY
TRD005479,152.59653,-0.96452299,GALAXY,SDSS_DR18_SPECTROSCOPY,ZWARNING_0_SCIENCEPRIMARY
TRD005480,152.60782,-1.0481054,GALAXY,SDSS_DR18_SPECTROSCOPY,ZWARNING_0_SCIENCEPRIMARY
TRD005481,152.52457,-0.99980869,GALAXY,SDSS_DR18_SPECTROSCOPY,ZWARNING_0_SCIENCEPRIMARY
TRD005482,152.49254,-1.1817654,GALAXY,SDSS_DR18_SPECTROSCOPY,ZWARNING_0_SCIENCEPRIMARY
TRD005483,152.57975,-1.2202708,GALAXY,SDSS_DR18_SPECTROSCOPY,ZWARNING_0_SCIENCEPRIMARY
TRD005484,152.67124,-1.021249,GALAXY,SDSS_DR18_SPECTROSCOPY,ZWARNING_0_SCIENCEPRIMARY
TRD005485,152.53454,-1.1016702,GALAXY,SDSS_DR18_SPECTROSCOPY,ZWARNING_0_SCIENCEPRIMARY
TRD005486,152.46438,-1.1073099,GALAXY,SDSS_DR18_SPECTROSCOPY,ZWARNING_0_SCIENCEPRIMARY
TRD005487,152.65897,-1.0975632,GALAXY,SDSS_DR18_SPECTROSCOPY,ZWARNING_0_SCIENCEPRIMARY
TRD005488,152.64546,-0.74490605,GALAXY,SDSS_DR18_SPECTROSCOPY,ZWARNING_0_SCIENCEPRIMARY
TRD005489,152.53222,-0.8823301,GALAXY,SDSS_DR18_SPECTROSCOPY,ZWARNING_0_SCIENCEPRIMARY
TRD005490,152.56524,-0.94516558,GALAXY,SDSS_DR18_SPECTROSCOPY,ZWARNING_0_SCIENCEPRIMARY
TRD005491,152.65926,-0.75633643,GALAXY,SDSS_DR18_SPECTROSCOPY,ZWARNING_0_SCIENCEPRIMARY
TRD005492,152.6296,-0.83021135,GALAXY,SDSS_DR18_SPECTROSCOPY,ZWARNING_0_SCIENCEPRIMARY
TRD005493,152.52687,-1.0619675,GALAXY,SDSS_DR18_SPECTROSCOPY,ZWARNING_0_SCIENCEPRIMARY
TRD005494,152.38595,-0.29566102,GALAXY,SDSS_DR18_SPECTROSCOPY,ZWARNING_0_SCIENCEPRIMARY
TRD005495,152.40433,-0.3270286,GALAXY,SDSS_DR18_SPECTROSCOPY,ZWARNING_0_SCIENCEPRIMARY
TRD005496,152.40893,-0.15972653,GALAXY,SDSS_DR18_SPECTROSCOPY,ZWARNING_0_SCIENCEPRIMARY
TRD005497,152.34149,-0.29426276,GALAXY,SDSS_DR18_SPECTROSCOPY,ZWARNING_0_SCIENCEPRIMARY
TRD005498,152.42525,-0.513039,GALAXY,SDSS_DR18_SPECTROSCOPY,ZWARNING_0_SCIENCEPRIMARY
TRD005499,152.37688,-0.33388814,GALAXY,SDSS_DR18_SPECTROSCOPY,ZWARNING_0_SCIENCEPRIMARY
TRD005500,152.35484,-0.12971733,GALAXY,SDSS_DR18_SPECTROSCOPY,ZWARNING_0_SCIENCEPRIMARY
TRD005501,152.33467,-0.31505769,GALAXY,SDSS_DR18_SPECTROSCOPY,ZWARNING_0_SCIENCEPRIMARY
TRD005502,152.41632,-0.64612742,GALAXY,SDSS_DR18_SPECTROSCOPY,ZWARNING_0_SCIENCEPRIMARY
TRD005503,152.38567,-0.23737777,GALAXY,SDSS_DR18_SPECTROSCOPY,ZWARNING_0_SCIENCEPRIMARY
TRD005504,152.34487,-0.37479687,GALAXY,SDSS_DR18_SPECTROSCOPY,ZWARNING_0_SCIENCEPRIMARY
TRD005505,152.39426,-0.26645425,GALAXY,SDSS_DR18_SPECTROSCOPY,ZWARNING_0_SCIENCEPRIMARY
TRD005506,152.42607,-0.5446425,GALAXY,SDSS_DR18_SPECTROSCOPY,ZWARNING_0_SCIENCEPRIMARY
TRD005507,152.3687,-0.24027694,GALAXY,SDSS_DR18_SPECTROSCOPY,ZWARNING_0_SCIENCEPRIMARY
TRD005508,152.40176,-0.45039348,GALAXY,SDSS_DR18_SPECTROSCOPY,ZWARNING_0_SCIENCEPRIMARY
TRD005509,152.36122,-0.36432869,GALAXY,SDSS_DR18_SPECTROSCOPY,ZWARNING_0_SCIENCEPRIMARY
TRD005510,152.31934,-1.1341906,GALAXY,SDSS_DR18_SPECTROSCOPY,ZWARNING_0_SCIENCEPRIMARY
TRD005511,152.34263,-1.2271187,GALAXY,SDSS_DR18_SPECTROSCOPY,ZWARNING_0_SCIENCEPRIMARY
TRD005512,152.26984,-1.1812437,GALAXY,SDSS_DR18_SPECTROSCOPY,ZWARNING_0_SCIENCEPRIMARY
TRD005513,152.22806,-0.84470443,GALAXY,SDSS_DR18_SPECTROSCOPY,ZWARNING_0_SCIENCEPRIMARY
TRD005514,152.09345,-0.85958515,GALAXY,SDSS_DR18_SPECTROSCOPY,ZWARNING_0_SCIENCEPRIMARY
TRD005515,152.19061,-1.0232348,GALAXY,SDSS_DR18_SPECTROSCOPY,ZWARNING_0_SCIENCEPRIMARY
TRD005516,152.33713,-0.81317135,GALAXY,SDSS_DR18_SPECTROSCOPY,ZWARNING_0_SCIENCEPRIMARY
TRD005517,152.14619,-0.7766091,GALAXY,SDSS_DR18_SPECTROSCOPY,ZWARNING_0_SCIENCEPRIMARY
TRD005518,152.13222,-0.75143802,GALAXY,SDSS_DR18_SPECTROSCOPY,ZWARNING_0_SCIENCEPRIMARY
TRD005519,152.2049,-0.79131772,GALAXY,SDSS_DR18_SPECTROSCOPY,ZWARNING_0_SCIENCEPRIMARY
TRD005520,152.31747,-0.74041129,GALAXY,SDSS_DR18_SPECTROSCOPY,ZWARNING_0_SCIENCEPRIMARY
TRD005521,152.18553,-0.77550627,GALAXY,SDSS_DR18_SPECTROSCOPY,ZWARNING_0_SCIENCEPRIMARY
TRD005522,152.31119,-1.0453774,GALAXY,SDSS_DR18_SPECTROSCOPY,ZWARNING_0_SCIENCEPRIMARY
TRD005523,152.29796,-0.73738317,GALAXY,SDSS_DR18_SPECTROSCOPY,ZWARNING_0_SCIENCEPRIMARY
TRD005524,152.29476,-0.27096657,GALAXY,SDSS_DR18_SPECTROSCOPY,ZWARNING_0_SCIENCEPRIMARY
TRD005525,152.25091,-0.18335049,GALAXY,SDSS_DR18_SPECTROSCOPY,ZWARNING_0_SCIENCEPRIMARY
TRD005526,152.24963,-0.41435944,GALAXY,SDSS_DR18_SPECTROSCOPY,ZWARNING_0_SCIENCEPRIMARY
TRD005527,152.28593,-0.7186261,GALAXY,SDSS_DR18_SPECTROSCOPY,ZWARNING_0_SCIENCEPRIMARY
TRD005528,152.26345,-0.22709347,GALAXY,SDSS_DR18_SPECTROSCOPY,ZWARNING_0_SCIENCEPRIMARY
TRD005529,152.26168,-0.53620237,GALAXY,SDSS_DR18_SPECTROSCOPY,ZWARNING_0_SCIENCEPRIMARY
TRD005530,152.22566,-0.28026452,GALAXY,SDSS_DR18_SPECTROSCOPY,ZWARNING_0_SCIENCEPRIMARY
TRD005531,152.32516,-0.45037891,GALAXY,SDSS_DR18_SPECTROSCOPY,ZWARNING_0_SCIENCEPRIMARY
TRD005532,152.26775,-0.37920028,GALAXY,SDSS_DR18_SPECTROSCOPY,ZWARNING_0_SCIENCEPRIMARY
TRD005533,152.22999,-0.067970734,GALAXY,SDSS_DR18_SPECTROSCOPY,ZWARNING_0_SCIENCEPRIMARY
TRD005534,152.22205,-0.29745589,GALAXY,SDSS_DR18_SPECTROSCOPY,ZWARNING_0_SCIENCEPRIMARY
TRD005535,152.23597,-0.25634875,GALAXY,SDSS_DR18_SPECTROSCOPY,ZWARNING_0_SCIENCEPRIMARY
TRD005536,152.2664,-0.28038807,GALAXY,SDSS_DR18_SPECTROSCOPY,ZWARNING_0_SCIENCEPRIMARY
TRD005537,152.261,-0.26415103,GALAXY,SDSS_DR18_SPECTROSCOPY,ZWARNING_0_SCIENCEPRIMARY
TRD005538,152.29263,-0.2497486,GALAXY,SDSS_DR18_SPECTROSCOPY,ZWARNING_0_SCIENCEPRIMARY
TRD005539,152.26579,-0.17116595,GALAXY,SDSS_DR18_SPECTROSCOPY,ZWARNING_0_SCIENCEPRIMARY
TRD005540,152.25671,-0.34889085,GALAXY,SDSS_DR18_SPECTROSCOPY,ZWARNING_0_SCIENCEPRIMARY
TRD005541,152.31562,-0.40999309,GALAXY,SDSS_DR18_SPECTROSCOPY,ZWARNING_0_SCIENCEPRIMARY
TRD005542,152.02664,-1.0724647,GALAXY,SDSS_DR18_SPECTROSCOPY,ZWARNING_0_SCIENCEPRIMARY
TRD005543,151.77506,-1.1286711,GALAXY,SDSS_DR18_SPECTROSCOPY,ZWARNING_0_SCIENCEPRIMARY
TRD005544,152.10787,-1.1294467,GALAXY,SDSS_DR18_SPECTROSCOPY,ZWARNING_0_SCIENCEPRIMARY
TRD005545,151.9035,-1.0272912,GALAXY,SDSS_DR18_SPECTROSCOPY,ZWARNING_0_SCIENCEPRIMARY
TRD005546,151.64454,-1.2175433,GALAXY,SDSS_DR18_SPECTROSCOPY,ZWARNING_0_SCIENCEPRIMARY
TRD005547,151.95148,-1.2046926,GALAXY,SDSS_DR18_SPECTROSCOPY,ZWARNING_0_SCIENCEPRIMARY
TRD005548,151.60512,-1.2115789,GALAXY,SDSS_DR18_SPECTROSCOPY,ZWARNING_0_SCIENCEPRIMARY
TRD005549,151.87423,-1.2428888,GALAXY,SDSS_DR18_SPECTROSCOPY,ZWARNING_0_SCIENCEPRIMARY
TRD005550,151.6072,-1.1855978,GALAXY,SDSS_DR18_SPECTROSCOPY,ZWARNING_0_SCIENCEPRIMARY
TRD005551,151.90355,-0.9575626,GALAXY,SDSS_DR18_SPECTROSCOPY,ZWARNING_0_SCIENCEPRIMARY
TRD005552,151.92988,-0.74043487,GALAXY,SDSS_DR18_SPECTROSCOPY,ZWARNING_0_SCIENCEPRIMARY
TRD005553,151.98881,-0.93674695,GALAXY,SDSS_DR18_SPECTROSCOPY,ZWARNING_0_SCIENCEPRIMARY
TRD005554,151.761,-0.99748125,GALAXY,SDSS_DR18_SPECTROSCOPY,ZWARNING_0_SCIENCEPRIMARY
TRD005555,152.06527,-0.8673875,GALAXY,SDSS_DR18_SPECTROSCOPY,ZWARNING_0_SCIENCEPRIMARY
TRD005556,151.87288,-0.82627884,GALAXY,SDSS_DR18_SPECTROSCOPY,ZWARNING_0_SCIENCEPRIMARY
TRD005557,151.7278,-1.233126,GALAXY,SDSS_DR18_SPECTROSCOPY,ZWARNING_0_SCIENCEPRIMARY
TRD005558,151.92797,-0.84510116,GALAXY,SDSS_DR18_SPECTROSCOPY,ZWARNING_0_SCIENCEPRIMARY
TRD005559,151.99476,-0.60174863,GALAXY,SDSS_DR18_SPECTROSCOPY,ZWARNING_0_SCIENCEPRIMARY
TRD005560,152.12177,-0.73621944,GALAXY,SDSS_DR18_SPECTROSCOPY,ZWARNING_0_SCIENCEPRIMARY
TRD005561,152.10806,-0.22642465,GALAXY,SDSS_DR18_SPECTROSCOPY,ZWARNING_0_SCIENCEPRIMARY
TRD005562,152.13329,-0.66688733,GALAXY,SDSS_DR18_SPECTROSCOPY,ZWARNING_0_SCIENCEPRIMARY
TRD005563,152.14978,-0.67684586,GALAXY,SDSS_DR18_SPECTROSCOPY,ZWARNING_0_SCIENCEPRIMARY
TRD005564,152.10717,-0.41201808,GALAXY,SDSS_DR18_SPECTROSCOPY,ZWARNING_0_SCIENCEPRIMARY
TRD005565,152.1141,-0.47143885,GALAXY,SDSS_DR18_SPECTROSCOPY,ZWARNING_0_SCIENCEPRIMARY
TRD005566,152.16584,-0.47313896,GALAXY,SDSS_DR18_SPECTROSCOPY,ZWARNING_0_SCIENCEPRIMARY
TRD005567,152.07618,-0.36023818,GALAXY,SDSS_DR18_SPECTROSCOPY,ZWARNING_0_SCIENCEPRIMARY
TRD005568,152.17753,-0.24449841,GALAXY,SDSS_DR18_SPECTROSCOPY,ZWARNING_0_SCIENCEPRIMARY
TRD005569,152.22146,-0.096959522,GALAXY,SDSS_DR18_SPECTROSCOPY,ZWARNING_0_SCIENCEPRIMARY
TRD005570,152.12377,-0.35682248,GALAXY,SDSS_DR18_SPECTROSCOPY,ZWARNING_0_SCIENCEPRIMARY
TRD005571,152.20844,-0.33311591,GALAXY,SDSS_DR18_SPECTROSCOPY,ZWARNING_0_SCIENCEPRIMARY
TRD005572,152.19924,-0.2698308,GALAXY,SDSS_DR18_SPECTROSCOPY,ZWARNING_0_SCIENCEPRIMARY
TRD005573,152.19846,-0.70694202,GALAXY,SDSS_DR18_SPECTROSCOPY,ZWARNING_0_SCIENCEPRIMARY
TRD005574,151.99363,0.68236658,GALAXY,SDSS_DR18_SPECTROSCOPY,ZWARNING_0_SCIENCEPRIMARY
TRD005575,151.95737,0.88128958,GALAXY,SDSS_DR18_SPECTROSCOPY,ZWARNING_0_SCIENCEPRIMARY
TRD005576,151.62786,1.1411449,GALAXY,SDSS_DR18_SPECTROSCOPY,ZWARNING_0_SCIENCEPRIMARY
TRD005577,151.95666,0.77693294,GALAXY,SDSS_DR18_SPECTROSCOPY,ZWARNING_0_SCIENCEPRIMARY
TRD005578,151.93398,1.0382478,GALAXY,SDSS_DR18_SPECTROSCOPY,ZWARNING_0_SCIENCEPRIMARY
TRD005579,151.88149,0.94744834,GALAXY,SDSS_DR18_SPECTROSCOPY,ZWARNING_0_SCIENCEPRIMARY
TRD005580,152.10891,0.37678022,GALAXY,SDSS_DR18_SPECTROSCOPY,ZWARNING_0_SCIENCEPRIMARY
TRD005581,152.11635,0.49212522,GALAXY,SDSS_DR18_SPECTROSCOPY,ZWARNING_0_SCIENCEPRIMARY
TRD005582,152.03656,0.50500313,GALAXY,SDSS_DR18_SPECTROSCOPY,ZWARNING_0_SCIENCEPRIMARY
TRD005583,151.9842,0.62337149,GALAXY,SDSS_DR18_SPECTROSCOPY,ZWARNING_0_SCIENCEPRIMARY
TRD005584,152.13081,0.45646956,GALAXY,SDSS_DR18_SPECTROSCOPY,ZWARNING_0_SCIENCEPRIMARY
TRD005585,152.07653,0.5158704,GALAXY,SDSS_DR18_SPECTROSCOPY,ZWARNING_0_SCIENCEPRIMARY
TRD005586,152.03315,0.64054057,GALAXY,SDSS_DR18_SPECTROSCOPY,ZWARNING_0_SCIENCEPRIMARY
TRD005587,152.04644,0.59676783,GALAXY,SDSS_DR18_SPECTROSCOPY,ZWARNING_0_SCIENCEPRIMARY
TRD005588,152.12083,-0.0027234526,GALAXY,SDSS_DR18_SPECTROSCOPY,ZWARNING_0_SCIENCEPRIMARY
TRD005589,152.01404,0.56125727,GALAXY,SDSS_DR18_SPECTROSCOPY,ZWARNING_0_SCIENCEPRIMARY
TRD005590,152.13042,0.35665617,GALAXY,SDSS_DR18_SPECTROSCOPY,ZWARNING_0_SCIENCEPRIMARY
TRD005591,152.0823,0.45194832,GALAXY,SDSS_DR18_SPECTROSCOPY,ZWARNING_0_SCIENCEPRIMARY
TRD005592,152.13349,0.077170533,GALAXY,SDSS_DR18_SPECTROSCOPY,ZWARNING_0_SCIENCEPRIMARY
TRD005593,152.00353,0.60278805,GALAXY,SDSS_DR18_SPECTROSCOPY,ZWARNING_0_SCIENCEPRIMARY
TRD005594,152.02382,0.82872697,GALAXY,SDSS_DR18_SPECTROSCOPY,ZWARNING_0_SCIENCEPRIMARY
TRD005595,152.16343,0.93120341,GALAXY,SDSS_DR18_SPECTROSCOPY,ZWARNING_0_SCIENCEPRIMARY
TRD005596,152.07252,0.84767056,GALAXY,SDSS_DR18_SPECTROSCOPY,ZWARNING_0_SCIENCEPRIMARY
TRD005597,152.09422,0.9937692,GALAXY,SDSS_DR18_SPECTROSCOPY,ZWARNING_0_SCIENCEPRIMARY
TRD005598,152.10438,0.67101603,GALAXY,SDSS_DR18_SPECTROSCOPY,ZWARNING_0_SCIENCEPRIMARY
TRD005599,152.15599,0.99030759,GALAXY,SDSS_DR18_SPECTROSCOPY,ZWARNING_0_SCIENCEPRIMARY
TRD005600,152.17414,0.69454574,GALAXY,SDSS_DR18_SPECTROSCOPY,ZWARNING_0_SCIENCEPRIMARY
TRD005601,152.06306,0.65956598,GALAXY,SDSS_DR18_SPECTROSCOPY,ZWARNING_0_SCIENCEPRIMARY
TRD005602,152.08658,0.80361619,GALAXY,SDSS_DR18_SPECTROSCOPY,ZWARNING_0_SCIENCEPRIMARY
TRD005603,152.01113,0.97331864,GALAXY,SDSS_DR18_SPECTROSCOPY,ZWARNING_0_SCIENCEPRIMARY
TRD005604,152.17216,0.64402492,GALAXY,SDSS_DR18_SPECTROSCOPY,ZWARNING_0_SCIENCEPRIMARY
TRD005605,152.04686,0.84142683,GALAXY,SDSS_DR18_SPECTROSCOPY,ZWARNING_0_SCIENCEPRIMARY
TRD005606,152.12012,0.69722898,GALAXY,SDSS_DR18_SPECTROSCOPY,ZWARNING_0_SCIENCEPRIMARY
TRD005607,152.18805,1.0002877,GALAXY,SDSS_DR18_SPECTROSCOPY,ZWARNING_0_SCIENCEPRIMARY
TRD005608,152.00566,0.70225827,GALAXY,SDSS_DR18_SPECTROSCOPY,ZWARNING_0_SCIENCEPRIMARY
TRD005609,152.03145,0.67215638,GALAXY,SDSS_DR18_SPECTROSCOPY,ZWARNING_0_SCIENCEPRIMARY
TRD005610,152.20898,0.29909152,GALAXY,SDSS_DR18_SPECTROSCOPY,ZWARNING_0_SCIENCEPRIMARY
TRD005611,152.17836,0.61710902,GALAXY,SDSS_DR18_SPECTROSCOPY,ZWARNING_0_SCIENCEPRIMARY
TRD005612,152.15217,0.22200131,GALAXY,SDSS_DR18_SPECTROSCOPY,ZWARNING_0_SCIENCEPRIMARY
TRD005613,152.1649,0.42093032,GALAXY,SDSS_DR18_SPECTROSCOPY,ZWARNING_0_SCIENCEPRIMARY
TRD005614,152.22885,0.382307,GALAXY,SDSS_DR18_SPECTROSCOPY,ZWARNING_0_SCIENCEPRIMARY
TRD005615,152.15982,0.13740482,GALAXY,SDSS_DR18_SPECTROSCOPY,ZWARNING_0_SCIENCEPRIMARY
TRD005616,152.14895,0.11596578,GALAXY,SDSS_DR18_SPECTROSCOPY,ZWARNING_0_SCIENCEPRIMARY
TRD005617,152.24974,0.58966792,GALAXY,SDSS_DR18_SPECTROSCOPY,ZWARNING_0_SCIENCEPRIMARY
TRD005618,152.22392,0.16888635,GALAXY,SDSS_DR18_SPECTROSCOPY,ZWARNING_0_SCIENCEPRIMARY
TRD005619,152.14777,0.16602225,GALAXY,SDSS_DR18_SPECTROSCOPY,ZWARNING_0_SCIENCEPRIMARY
TRD005620,152.19418,0.15546038,GALAXY,SDSS_DR18_SPECTROSCOPY,ZWARNING_0_SCIENCEPRIMARY
TRD005621,152.15723,-0.011536201,GALAXY,SDSS_DR18_SPECTROSCOPY,ZWARNING_0_SCIENCEPRIMARY
TRD005622,152.13924,0.18578996,GALAXY,SDSS_DR18_SPECTROSCOPY,ZWARNING_0_SCIENCEPRIMARY
TRD005623,152.15172,-0.073373138,GALAXY,SDSS_DR18_SPECTROSCOPY,ZWARNING_0_SCIENCEPRIMARY
TRD005624,152.19552,-0.025764369,GALAXY,SDSS_DR18_SPECTROSCOPY,ZWARNING_0_SCIENCEPRIMARY
TRD005625,152.22441,0.11236562,GALAXY,SDSS_DR18_SPECTROSCOPY,ZWARNING_0_SCIENCEPRIMARY
TRD005626,152.17265,0.08820964,GALAXY,SDSS_DR18_SPECTROSCOPY,ZWARNING_0_SCIENCEPRIMARY
TRD005627,152.19219,0.5242415,GALAXY,SDSS_DR18_SPECTROSCOPY,ZWARNING_0_SCIENCEPRIMARY
TRD005628,152.14457,0.049959351,GALAXY,SDSS_DR18_SPECTROSCOPY,ZWARNING_0_SCIENCEPRIMARY
TRD005629,152.37475,0.98665244,GALAXY,SDSS_DR18_SPECTROSCOPY,ZWARNING_0_SCIENCEPRIMARY
TRD005630,152.27252,0.9170729,GALAXY,SDSS_DR18_SPECTROSCOPY,ZWARNING_0_SCIENCEPRIMARY
TRD005631,152.19737,1.1469248,GALAXY,SDSS_DR18_SPECTROSCOPY,ZWARNING_0_SCIENCEPRIMARY
TRD005632,152.367,1.0093904,GALAXY,SDSS_DR18_SPECTROSCOPY,ZWARNING_0_SCIENCEPRIMARY
TRD005633,152.35499,0.78235062,GALAXY,SDSS_DR18_SPECTROSCOPY,ZWARNING_0_SCIENCEPRIMARY
TRD005634,152.32435,0.76898505,GALAXY,SDSS_DR18_SPECTROSCOPY,ZWARNING_0_SCIENCEPRIMARY
TRD005635,152.27686,0.69437005,GALAXY,SDSS_DR18_SPECTROSCOPY,ZWARNING_0_SCIENCEPRIMARY
TRD005636,152.29915,0.90881903,GALAXY,SDSS_DR18_SPECTROSCOPY,ZWARNING_0_SCIENCEPRIMARY
TRD005637,152.21221,0.75889368,GALAXY,SDSS_DR18_SPECTROSCOPY,ZWARNING_0_SCIENCEPRIMARY
TRD005638,152.41184,0.56996915,GALAXY,SDSS_DR18_SPECTROSCOPY,ZWARNING_0_SCIENCEPRIMARY
TRD005639,152.38803,-0.0095068479,GALAXY,SDSS_DR18_SPECTROSCOPY,ZWARNING_0_SCIENCEPRIMARY
TRD005640,152.30677,0.32177787,GALAXY,SDSS_DR18_SPECTROSCOPY,ZWARNING_0_SCIENCEPRIMARY
TRD005641,152.37516,0.68011508,GALAXY,SDSS_DR18_SPECTROSCOPY,ZWARNING_0_SCIENCEPRIMARY
TRD005642,152.28035,-0.032738815,GALAXY,SDSS_DR18_SPECTROSCOPY,ZWARNING_0_SCIENCEPRIMARY
TRD005643,152.36455,0.031822735,GALAXY,SDSS_DR18_SPECTROSCOPY,ZWARNING_0_SCIENCEPRIMARY
TRD005644,152.31396,0.41887692,GALAXY,SDSS_DR18_SPECTROSCOPY,ZWARNING_0_SCIENCEPRIMARY
TRD005645,152.25668,0.050297412,GALAXY,SDSS_DR18_SPECTROSCOPY,ZWARNING_0_SCIENCEPRIMARY
TRD005646,152.25384,0.36199622,GALAXY,SDSS_DR18_SPECTROSCOPY,ZWARNING_0_SCIENCEPRIMARY
TRD005647,152.34279,0.013396021,GALAXY,SDSS_DR18_SPECTROSCOPY,ZWARNING_0_SCIENCEPRIMARY
TRD005648,152.28951,-0.063043735,GALAXY,SDSS_DR18_SPECTROSCOPY,ZWARNING_0_SCIENCEPRIMARY
TRD005649,152.28181,0.059957707,GALAXY,SDSS_DR18_SPECTROSCOPY,ZWARNING_0_SCIENCEPRIMARY
TRD005650,152.25922,0.11168547,GALAXY,SDSS_DR18_SPECTROSCOPY,ZWARNING_0_SCIENCEPRIMARY
TRD005651,152.38033,0.13866076,GALAXY,SDSS_DR18_SPECTROSCOPY,ZWARNING_0_SCIENCEPRIMARY
TRD005652,152.23456,-0.042166668,GALAXY,SDSS_DR18_SPECTROSCOPY,ZWARNING_0_SCIENCEPRIMARY
TRD005653,152.371,0.41742016,GALAXY,SDSS_DR18_SPECTROSCOPY,ZWARNING_0_SCIENCEPRIMARY
TRD005654,152.3817,-0.040924155,GALAXY,SDSS_DR18_SPECTROSCOPY,ZWARNING_0_SCIENCEPRIMARY
TRD005655,152.58468,0.9583205,GALAXY,SDSS_DR18_SPECTROSCOPY,ZWARNING_0_SCIENCEPRIMARY
TRD005656,152.62012,0.97907161,GALAXY,SDSS_DR18_SPECTROSCOPY,ZWARNING_0_SCIENCEPRIMARY
TRD005657,152.44115,0.80304443,GALAXY,SDSS_DR18_SPECTROSCOPY,ZWARNING_0_SCIENCEPRIMARY
TRD005658,152.54994,0.92870429,GALAXY,SDSS_DR18_SPECTROSCOPY,ZWARNING_0_SCIENCEPRIMARY
TRD005659,152.65489,1.0266972,GALAXY,SDSS_DR18_SPECTROSCOPY,ZWARNING_0_SCIENCEPRIMARY
TRD005660,152.57833,0.65155572,GALAXY,SDSS_DR18_SPECTROSCOPY,ZWARNING_0_SCIENCEPRIMARY
TRD005661,152.60426,0.81071085,GALAXY,SDSS_DR18_SPECTROSCOPY,ZWARNING_0_SCIENCEPRIMARY
TRD005662,152.54556,0.72966647,GALAXY,SDSS_DR18_SPECTROSCOPY,ZWARNING_0_SCIENCEPRIMARY
TRD005663,152.51949,0.35456407,GALAXY,SDSS_DR18_SPECTROSCOPY,ZWARNING_0_SCIENCEPRIMARY
TRD005664,152.529,-0.057688131,GALAXY,SDSS_DR18_SPECTROSCOPY,ZWARNING_0_SCIENCEPRIMARY
TRD005665,152.59009,-0.0062382339,GALAXY,SDSS_DR18_SPECTROSCOPY,ZWARNING_0_SCIENCEPRIMARY
TRD005666,152.63262,-0.027286195,GALAXY,SDSS_DR18_SPECTROSCOPY,ZWARNING_0_SCIENCEPRIMARY
TRD005667,152.66714,0.43927524,GALAXY,SDSS_DR18_SPECTROSCOPY,ZWARNING_0_SCIENCEPRIMARY
TRD005668,152.45078,0.48412226,GALAXY,SDSS_DR18_SPECTROSCOPY,ZWARNING_0_SCIENCEPRIMARY
TRD005669,152.60334,0.37614892,GALAXY,SDSS_DR18_SPECTROSCOPY,ZWARNING_0_SCIENCEPRIMARY
TRD005670,152.56453,0.22723214,GALAXY,SDSS_DR18_SPECTROSCOPY,ZWARNING_0_SCIENCEPRIMARY
TRD005671,152.56724,-0.074783228,GALAXY,SDSS_DR18_SPECTROSCOPY,ZWARNING_0_SCIENCEPRIMARY
TRD005672,152.43937,0.39578419,GALAXY,SDSS_DR18_SPECTROSCOPY,ZWARNING_0_SCIENCEPRIMARY
TRD005673,152.59255,-0.032825263,GALAXY,SDSS_DR18_SPECTROSCOPY,ZWARNING_0_SCIENCEPRIMARY
TRD005674,152.42906,0.3827552,GALAXY,SDSS_DR18_SPECTROSCOPY,ZWARNING_0_SCIENCEPRIMARY
TRD005675,152.5706,0.33370034,GALAXY,SDSS_DR18_SPECTROSCOPY,ZWARNING_0_SCIENCEPRIMARY
TRD005676,152.6544,0.27680326,GALAXY,SDSS_DR18_SPECTROSCOPY,ZWARNING_0_SCIENCEPRIMARY
TRD005677,152.43263,-0.052117714,GALAXY,SDSS_DR18_SPECTROSCOPY,ZWARNING_0_SCIENCEPRIMARY
TRD005678,152.82447,0.44239733,GALAXY,SDSS_DR18_SPECTROSCOPY,ZWARNING_0_SCIENCEPRIMARY
TRD005679,152.77069,0.26639404,GALAXY,SDSS_DR18_SPECTROSCOPY,ZWARNING_0_SCIENCEPRIMARY
TRD005680,152.80907,0.44644379,GALAXY,SDSS_DR18_SPECTROSCOPY,ZWARNING_0_SCIENCEPRIMARY
TRD005681,152.71061,0.29001947,GALAXY,SDSS_DR18_SPECTROSCOPY,ZWARNING_0_SCIENCEPRIMARY
TRD005682,153.33646,0.52971434,GALAXY,SDSS_DR18_SPECTROSCOPY,ZWARNING_0_SCIENCEPRIMARY
TRD005683,152.73596,0.25630667,GALAXY,SDSS_DR18_SPECTROSCOPY,ZWARNING_0_SCIENCEPRIMARY
TRD005684,152.77959,0.50546749,GALAXY,SDSS_DR18_SPECTROSCOPY,ZWARNING_0_SCIENCEPRIMARY
TRD005685,152.72076,0.26755506,GALAXY,SDSS_DR18_SPECTROSCOPY,ZWARNING_0_SCIENCEPRIMARY
TRD005686,153.31519,0.17928775,GALAXY,SDSS_DR18_SPECTROSCOPY,ZWARNING_0_SCIENCEPRIMARY
TRD005687,153.32616,0.0080207249,GALAXY,SDSS_DR18_SPECTROSCOPY,ZWARNING_0_SCIENCEPRIMARY
TRD005688,153.28866,0.10071842,GALAXY,SDSS_DR18_SPECTROSCOPY,ZWARNING_0_SCIENCEPRIMARY
TRD005689,152.71822,0.11178068,GALAXY,SDSS_DR18_SPECTROSCOPY,ZWARNING_0_SCIENCEPRIMARY
TRD005690,152.76026,0.18997254,GALAXY,SDSS_DR18_SPECTROSCOPY,ZWARNING_0_SCIENCEPRIMARY
TRD005691,152.72193,0.067942797,GALAXY,SDSS_DR18_SPECTROSCOPY,ZWARNING_0_SCIENCEPRIMARY
TRD005692,152.69868,0.23391697,GALAXY,SDSS_DR18_SPECTROSCOPY,ZWARNING_0_SCIENCEPRIMARY
TRD005693,153.29872,0.44521656,GALAXY,SDSS_DR18_SPECTROSCOPY,ZWARNING_0_SCIENCEPRIMARY
TRD005694,153.49525,0.56792615,GALAXY,SDSS_DR18_SPECTROSCOPY,ZWARNING_0_SCIENCEPRIMARY
TRD005695,153.45188,0.33744756,GALAXY,SDSS_DR18_SPECTROSCOPY,ZWARNING_0_SCIENCEPRIMARY
TRD005696,153.44757,0.23306989,GALAXY,SDSS_DR18_SPECTROSCOPY,ZWARNING_0_SCIENCEPRIMARY
TRD005697,153.46911,0.55096244,GALAXY,SDSS_DR18_SPECTROSCOPY,ZWARNING_0_SCIENCEPRIMARY
TRD005698,153.45775,0.13139738,GALAXY,SDSS_DR18_SPECTROSCOPY,ZWARNING_0_SCIENCEPRIMARY
TRD005699,153.43995,0.54688176,GALAXY,SDSS_DR18_SPECTROSCOPY,ZWARNING_0_SCIENCEPRIMARY
TRD005700,153.36543,0.5173758,GALAXY,SDSS_DR18_SPECTROSCOPY,ZWARNING_0_SCIENCEPRIMARY
TRD005701,153.43962,0.36981844,GALAXY,SDSS_DR18_SPECTROSCOPY,ZWARNING_0_SCIENCEPRIMARY
TRD005702,153.34521,0.62803995,GALAXY,SDSS_DR18_SPECTROSCOPY,ZWARNING_0_SCIENCEPRIMARY
TRD005703,153.38277,0.41861411,GALAXY,SDSS_DR18_SPECTROSCOPY,ZWARNING_0_SCIENCEPRIMARY
TRD005704,153.45898,0.022704815,GALAXY,SDSS_DR18_SPECTROSCOPY,ZWARNING_0_SCIENCEPRIMARY
TRD005705,153.37605,0.14789043,GALAXY,SDSS_DR18_SPECTROSCOPY,ZWARNING_0_SCIENCEPRIMARY
TRD005706,153.33621,0.11542308,GALAXY,SDSS_DR18_SPECTROSCOPY,ZWARNING_0_SCIENCEPRIMARY
TRD005707,153.38532,-0.036558734,GALAXY,SDSS_DR18_SPECTROSCOPY,ZWARNING_0_SCIENCEPRIMARY
TRD005708,153.42155,0.067424583,GALAXY,SDSS_DR18_SPECTROSCOPY,ZWARNING_0_SCIENCEPRIMARY
TRD005709,153.41911,0.085709572,GALAXY,SDSS_DR18_SPECTROSCOPY,ZWARNING_0_SCIENCEPRIMARY
TRD005710,153.35704,0.031464804,GALAXY,SDSS_DR18_SPECTROSCOPY,ZWARNING_0_SCIENCEPRIMARY
TRD005711,152.8002,0.8241363,GALAXY,SDSS_DR18_SPECTROSCOPY,ZWARNING_0_SCIENCEPRIMARY
TRD005712,152.79972,1.0392782,GALAXY,SDSS_DR18_SPECTROSCOPY,ZWARNING_0_SCIENCEPRIMARY
TRD005713,152.84116,0.81003439,GALAXY,SDSS_DR18_SPECTROSCOPY,ZWARNING_0_SCIENCEPRIMARY
TRD005714,152.77503,1.2254738,GALAXY,SDSS_DR18_SPECTROSCOPY,ZWARNING_0_SCIENCEPRIMARY
TRD005715,152.7605,0.95701,GALAXY,SDSS_DR18_SPECTROSCOPY,ZWARNING_0_SCIENCEPRIMARY
TRD005716,152.69354,0.78304174,GALAXY,SDSS_DR18_SPECTROSCOPY,ZWARNING_0_SCIENCEPRIMARY
TRD005717,152.82582,0.85634642,GALAXY,SDSS_DR18_SPECTROSCOPY,ZWARNING_0_SCIENCEPRIMARY
TRD005718,152.74534,0.8574726,GALAXY,SDSS_DR18_SPECTROSCOPY,ZWARNING_0_SCIENCEPRIMARY
TRD005719,152.78982,0.70422508,GALAXY,SDSS_DR18_SPECTROSCOPY,ZWARNING_0_SCIENCEPRIMARY
TRD005720,152.71586,0.80486153,GALAXY,SDSS_DR18_SPECTROSCOPY,ZWARNING_0_SCIENCEPRIMARY
TRD005721,152.81606,0.74759772,GALAXY,SDSS_DR18_SPECTROSCOPY,ZWARNING_0_SCIENCEPRIMARY
TRD005722,152.75516,0.66961602,GALAXY,SDSS_DR18_SPECTROSCOPY,ZWARNING_0_SCIENCEPRIMARY
TRD005723,153.57877,0.3362504,GALAXY,SDSS_DR18_SPECTROSCOPY,ZWARNING_0_SCIENCEPRIMARY
TRD005724,153.61428,0.098758766,GALAXY,SDSS_DR18_SPECTROSCOPY,ZWARNING_0_SCIENCEPRIMARY
TRD005725,153.62744,0.43386531,GALAXY,SDSS_DR18_SPECTROSCOPY,ZWARNING_0_SCIENCEPRIMARY
TRD005726,153.64094,0.31530505,GALAXY,SDSS_DR18_SPECTROSCOPY,ZWARNING_0_SCIENCEPRIMARY
TRD005727,153.56389,0.58576427,GALAXY,SDSS_DR18_SPECTROSCOPY,ZWARNING_0_SCIENCEPRIMARY
TRD005728,153.60506,0.30208843,GALAXY,SDSS_DR18_SPECTROSCOPY,ZWARNING_0_SCIENCEPRIMARY
TRD005729,153.52397,0.27321095,GALAXY,SDSS_DR18_SPECTROSCOPY,ZWARNING_0_SCIENCEPRIMARY
TRD005730,153.56648,0.075081345,GALAXY,SDSS_DR18_SPECTROSCOPY,ZWARNING_0_SCIENCEPRIMARY
TRD005731,153.55541,0.27976086,GALAXY,SDSS_DR18_SPECTROSCOPY,ZWARNING_0_SCIENCEPRIMARY
TRD005732,153.56736,0.30684939,GALAXY,SDSS_DR18_SPECTROSCOPY,ZWARNING_0_SCIENCEPRIMARY
TRD005733,153.63901,0.12445787,GALAXY,SDSS_DR18_SPECTROSCOPY,ZWARNING_0_SCIENCEPRIMARY
TRD005734,153.59726,0.0089477604,GALAXY,SDSS_DR18_SPECTROSCOPY,ZWARNING_0_SCIENCEPRIMARY
TRD005735,153.53221,-0.051041013,GALAXY,SDSS_DR18_SPECTROSCOPY,ZWARNING_0_SCIENCEPRIMARY
TRD005736,153.50794,0.36204742,GALAXY,SDSS_DR18_SPECTROSCOPY,ZWARNING_0_SCIENCEPRIMARY
TRD005737,153.5408,0.19826968,GALAXY,SDSS_DR18_SPECTROSCOPY,ZWARNING_0_SCIENCEPRIMARY
TRD005738,153.4968,-0.060929588,GALAXY,SDSS_DR18_SPECTROSCOPY,ZWARNING_0_SCIENCEPRIMARY
TRD005739,153.47304,-0.094136676,GALAXY,SDSS_DR18_SPECTROSCOPY,ZWARNING_0_SCIENCEPRIMARY
TRD005740,153.51676,0.087641301,GALAXY,SDSS_DR18_SPECTROSCOPY,ZWARNING_0_SCIENCEPRIMARY
TRD005741,152.98948,0.97782974,GALAXY,SDSS_DR18_SPECTROSCOPY,ZWARNING_0_SCIENCEPRIMARY
TRD005742,152.95105,0.98804157,GALAXY,SDSS_DR18_SPECTROSCOPY,ZWARNING_0_SCIENCEPRIMARY
TRD005743,152.88434,0.65674882,GALAXY,SDSS_DR18_SPECTROSCOPY,ZWARNING_0_SCIENCEPRIMARY
TRD005744,153.01234,1.244284,GALAXY,SDSS_DR18_SPECTROSCOPY,ZWARNING_0_SCIENCEPRIMARY
TRD005745,152.89348,0.91941654,GALAXY,SDSS_DR18_SPECTROSCOPY,ZWARNING_0_SCIENCEPRIMARY
TRD005746,152.97275,0.92034598,GALAXY,SDSS_DR18_SPECTROSCOPY,ZWARNING_0_SCIENCEPRIMARY
TRD005747,152.92491,1.0235149,GALAXY,SDSS_DR18_SPECTROSCOPY,ZWARNING_0_SCIENCEPRIMARY
TRD005748,153.0087,0.88113168,GALAXY,SDSS_DR18_SPECTROSCOPY,ZWARNING_0_SCIENCEPRIMARY
TRD005749,153.71107,0.28615496,GALAXY,SDSS_DR18_SPECTROSCOPY,ZWARNING_0_SCIENCEPRIMARY
TRD005750,153.77362,0.43945209,GALAXY,SDSS_DR18_SPECTROSCOPY,ZWARNING_0_SCIENCEPRIMARY
TRD005751,153.78232,0.20041968,GALAXY,SDSS_DR18_SPECTROSCOPY,ZWARNING_0_SCIENCEPRIMARY
TRD005752,153.79555,0.62719854,GALAXY,SDSS_DR18_SPECTROSCOPY,ZWARNING_0_SCIENCEPRIMARY
TRD005753,153.72972,0.5604078,GALAXY,SDSS_DR18_SPECTROSCOPY,ZWARNING_0_SCIENCEPRIMARY
TRD005754,153.76636,0.35221116,GALAXY,SDSS_DR18_SPECTROSCOPY,ZWARNING_0_SCIENCEPRIMARY
TRD005755,153.7268,0.019464193,GALAXY,SDSS_DR18_SPECTROSCOPY,ZWARNING_0_SCIENCEPRIMARY
TRD005756,153.76965,0.63775056,GALAXY,SDSS_DR18_SPECTROSCOPY,ZWARNING_0_SCIENCEPRIMARY
TRD005757,153.66744,0.55981562,GALAXY,SDSS_DR18_SPECTROSCOPY,ZWARNING_0_SCIENCEPRIMARY
TRD005758,153.7477,0.084820416,GALAXY,SDSS_DR18_SPECTROSCOPY,ZWARNING_0_SCIENCEPRIMARY
TRD005759,153.71478,0.14644812,GALAXY,SDSS_DR18_SPECTROSCOPY,ZWARNING_0_SCIENCEPRIMARY
TRD005760,153.75791,0.49689114,GALAXY,SDSS_DR18_SPECTROSCOPY,ZWARNING_0_SCIENCEPRIMARY
TRD005761,153.74358,-0.073595791,GALAXY,SDSS_DR18_SPECTROSCOPY,ZWARNING_0_SCIENCEPRIMARY
TRD005762,153.68038,0.030814187,GALAXY,SDSS_DR18_SPECTROSCOPY,ZWARNING_0_SCIENCEPRIMARY
TRD005763,153.74107,0.12893356,GALAXY,SDSS_DR18_SPECTROSCOPY,ZWARNING_0_SCIENCEPRIMARY
TRD005764,153.67638,0.2402743,GALAXY,SDSS_DR18_SPECTROSCOPY,ZWARNING_0_SCIENCEPRIMARY
TRD005765,153.78731,0.11839559,GALAXY,SDSS_DR18_SPECTROSCOPY,ZWARNING_0_SCIENCEPRIMARY
TRD005766,153.65476,0.34150767,GALAXY,SDSS_DR18_SPECTROSCOPY,ZWARNING_0_SCIENCEPRIMARY
TRD005767,153.52453,0.91554406,GALAXY,SDSS_DR18_SPECTROSCOPY,ZWARNING_0_SCIENCEPRIMARY
TRD005768,153.56295,0.91113045,GALAXY,SDSS_DR18_SPECTROSCOPY,ZWARNING_0_SCIENCEPRIMARY
TRD005769,153.55304,1.014382,GALAXY,SDSS_DR18_SPECTROSCOPY,ZWARNING_0_SCIENCEPRIMARY
TRD005770,153.71636,0.62838457,GALAXY,SDSS_DR18_SPECTROSCOPY,ZWARNING_0_SCIENCEPRIMARY
TRD005771,153.54038,0.87129041,GALAXY,SDSS_DR18_SPECTROSCOPY,ZWARNING_0_SCIENCEPRIMARY
TRD005772,153.61961,0.66509856,GALAXY,SDSS_DR18_SPECTROSCOPY,ZWARNING_0_SCIENCEPRIMARY
TRD005773,153.41562,0.65355088,GALAXY,SDSS_DR18_SPECTROSCOPY,ZWARNING_0_SCIENCEPRIMARY
TRD005774,153.73191,0.67198899,GALAXY,SDSS_DR18_SPECTROSCOPY,ZWARNING_0_SCIENCEPRIMARY
TRD005775,153.3035,0.80991016,GALAXY,SDSS_DR18_SPECTROSCOPY,ZWARNING_0_SCIENCEPRIMARY
TRD005776,153.86755,-0.061441432,GALAXY,SDSS_DR18_SPECTROSCOPY,ZWARNING_0_SCIENCEPRIMARY
TRD005777,153.818,0.27054632,GALAXY,SDSS_DR18_SPECTROSCOPY,ZWARNING_0_SCIENCEPRIMARY
TRD005778,153.86695,0.46029652,GALAXY,SDSS_DR18_SPECTROSCOPY,ZWARNING_0_SCIENCEPRIMARY
TRD005779,153.90049,0.35873802,GALAXY,SDSS_DR18_SPECTROSCOPY,ZWARNING_0_SCIENCEPRIMARY
TRD005780,153.82334,0.60607373,GALAXY,SDSS_DR18_SPECTROSCOPY,ZWARNING_0_SCIENCEPRIMARY
TRD005781,153.82558,0.58325824,GALAXY,SDSS_DR18_SPECTROSCOPY,ZWARNING_0_SCIENCEPRIMARY
TRD005782,153.85063,0.42194547,GALAXY,SDSS_DR18_SPECTROSCOPY,ZWARNING_0_SCIENCEPRIMARY
TRD005783,153.87659,0.33855655,GALAXY,SDSS_DR18_SPECTROSCOPY,ZWARNING_0_SCIENCEPRIMARY
TRD005784,153.89994,0.013230347,GALAXY,SDSS_DR18_SPECTROSCOPY,ZWARNING_0_SCIENCEPRIMARY
TRD005785,153.91696,0.22794016,GALAXY,SDSS_DR18_SPECTROSCOPY,ZWARNING_0_SCIENCEPRIMARY
TRD005786,153.93193,0.0075576224,GALAXY,SDSS_DR18_SPECTROSCOPY,ZWARNING_0_SCIENCEPRIMARY
TRD005787,153.84527,0.54927571,GALAXY,SDSS_DR18_SPECTROSCOPY,ZWARNING_0_SCIENCEPRIMARY
TRD005788,153.93552,-0.051121607,GALAXY,SDSS_DR18_SPECTROSCOPY,ZWARNING_0_SCIENCEPRIMARY
TRD005789,153.85948,0.12017995,GALAXY,SDSS_DR18_SPECTROSCOPY,ZWARNING_0_SCIENCEPRIMARY
TRD005790,153.9482,-0.018217707,GALAXY,SDSS_DR18_SPECTROSCOPY,ZWARNING_0_SCIENCEPRIMARY
TRD005791,155.10543,-0.79482422,GALAXY,SDSS_DR18_SPECTROSCOPY,ZWARNING_0_SCIENCEPRIMARY
TRD005792,155.18182,-1.016989,GALAXY,SDSS_DR18_SPECTROSCOPY,ZWARNING_0_SCIENCEPRIMARY
TRD005793,155.35982,-0.87735679,GALAXY,SDSS_DR18_SPECTROSCOPY,ZWARNING_0_SCIENCEPRIMARY
TRD005794,155.28408,-0.85529385,GALAXY,SDSS_DR18_SPECTROSCOPY,ZWARNING_0_SCIENCEPRIMARY
TRD005795,155.03376,-0.79749571,GALAXY,SDSS_DR18_SPECTROSCOPY,ZWARNING_0_SCIENCEPRIMARY
TRD005796,155.01623,-0.79317197,GALAXY,SDSS_DR18_SPECTROSCOPY,ZWARNING_0_SCIENCEPRIMARY
TRD005797,155.21218,-0.99690965,GALAXY,SDSS_DR18_SPECTROSCOPY,ZWARNING_0_SCIENCEPRIMARY
TRD005798,155.21177,-0.79012887,GALAXY,SDSS_DR18_SPECTROSCOPY,ZWARNING_0_SCIENCEPRIMARY
TRD005799,155.2627,-0.77873483,GALAXY,SDSS_DR18_SPECTROSCOPY,ZWARNING_0_SCIENCEPRIMARY
TRD005800,155.07265,-0.85025592,GALAXY,SDSS_DR18_SPECTROSCOPY,ZWARNING_0_SCIENCEPRIMARY
TRD005801,154.97892,-1.1471006,GALAXY,SDSS_DR18_SPECTROSCOPY,ZWARNING_0_SCIENCEPRIMARY
TRD005802,155.14321,-1.089218,GALAXY,SDSS_DR18_SPECTROSCOPY,ZWARNING_0_SCIENCEPRIMARY
TRD005803,155.20057,-0.98572903,GALAXY,SDSS_DR18_SPECTROSCOPY,ZWARNING_0_SCIENCEPRIMARY
TRD005804,155.09969,-0.84581463,GALAXY,SDSS_DR18_SPECTROSCOPY,ZWARNING_0_SCIENCEPRIMARY
TRD005805,155.1479,-0.98448569,GALAXY,SDSS_DR18_SPECTROSCOPY,ZWARNING_0_SCIENCEPRIMARY
TRD005806,155.5362,-0.4215368,GALAXY,SDSS_DR18_SPECTROSCOPY,ZWARNING_0_SCIENCEPRIMARY
TRD005807,155.66663,-0.44483822,GALAXY,SDSS_DR18_SPECTROSCOPY,ZWARNING_0_SCIENCEPRIMARY
TRD005808,155.35636,-0.25331535,GALAXY,SDSS_DR18_SPECTROSCOPY,ZWARNING_0_SCIENCEPRIMARY
TRD005809,155.4353,-0.67216804,GALAXY,SDSS_DR18_SPECTROSCOPY,ZWARNING_0_SCIENCEPRIMARY
TRD005810,155.40572,-0.39598983,GALAXY,SDSS_DR18_SPECTROSCOPY,ZWARNING_0_SCIENCEPRIMARY
TRD005811,155.34121,-0.59667906,GALAXY,SDSS_DR18_SPECTROSCOPY,ZWARNING_0_SCIENCEPRIMARY
TRD005812,155.69572,-0.30429364,GALAXY,SDSS_DR18_SPECTROSCOPY,ZWARNING_0_SCIENCEPRIMARY
TRD005813,155.3302,-0.73228429,GALAXY,SDSS_DR18_SPECTROSCOPY,ZWARNING_0_SCIENCEPRIMARY
TRD005814,155.34283,-0.46621477,GALAXY,SDSS_DR18_SPECTROSCOPY,ZWARNING_0_SCIENCEPRIMARY
TRD005815,155.75117,-0.059967718,GALAXY,SDSS_DR18_SPECTROSCOPY,ZWARNING_0_SCIENCEPRIMARY
TRD005816,155.48402,-0.071514634,GALAXY,SDSS_DR18_SPECTROSCOPY,ZWARNING_0_SCIENCEPRIMARY
TRD005817,155.5451,-0.51147206,GALAXY,SDSS_DR18_SPECTROSCOPY,ZWARNING_0_SCIENCEPRIMARY
TRD005818,155.66808,-0.33632465,GALAXY,SDSS_DR18_SPECTROSCOPY,ZWARNING_0_SCIENCEPRIMARY
TRD005819,155.53531,-0.30411782,GALAXY,SDSS_DR18_SPECTROSCOPY,ZWARNING_0_SCIENCEPRIMARY
TRD005820,155.53071,-0.07096126,GALAXY,SDSS_DR18_SPECTROSCOPY,ZWARNING_0_SCIENCEPRIMARY
TRD005821,155.54176,-0.055364589,GALAXY,SDSS_DR18_SPECTROSCOPY,ZWARNING_0_SCIENCEPRIMARY
TRD005822,154.75502,-1.2435393,GALAXY,SDSS_DR18_SPECTROSCOPY,ZWARNING_0_SCIENCEPRIMARY
TRD005823,154.75668,-1.2169499,GALAXY,SDSS_DR18_SPECTROSCOPY,ZWARNING_0_SCIENCEPRIMARY
TRD005824,154.78919,-1.2410468,GALAXY,SDSS_DR18_SPECTROSCOPY,ZWARNING_0_SCIENCEPRIMARY
TRD005825,154.81775,-1.121519,GALAXY,SDSS_DR18_SPECTROSCOPY,ZWARNING_0_SCIENCEPRIMARY
TRD005826,154.78614,-1.0295479,GALAXY,SDSS_DR18_SPECTROSCOPY,ZWARNING_0_SCIENCEPRIMARY
TRD005827,154.71403,-1.2368837,GALAXY,SDSS_DR18_SPECTROSCOPY,ZWARNING_0_SCIENCEPRIMARY
TRD005828,154.73425,-1.0951647,GALAXY,SDSS_DR18_SPECTROSCOPY,ZWARNING_0_SCIENCEPRIMARY
TRD005829,154.75128,-1.0380785,GALAXY,SDSS_DR18_SPECTROSCOPY,ZWARNING_0_SCIENCEPRIMARY
TRD005830,154.71846,-0.98255223,GALAXY,SDSS_DR18_SPECTROSCOPY,ZWARNING_0_SCIENCEPRIMARY
TRD005831,154.89266,-1.0093375,GALAXY,SDSS_DR18_SPECTROSCOPY,ZWARNING_0_SCIENCEPRIMARY
TRD005832,154.74677,-1.1357402,GALAXY,SDSS_DR18_SPECTROSCOPY,ZWARNING_0_SCIENCEPRIMARY
TRD005833,154.89777,-1.2120258,GALAXY,SDSS_DR18_SPECTROSCOPY,ZWARNING_0_SCIENCEPRIMARY
TRD005834,154.96147,-1.050257,GALAXY,SDSS_DR18_SPECTROSCOPY,ZWARNING_0_SCIENCEPRIMARY
TRD005835,154.89956,-0.95379832,GALAXY,SDSS_DR18_SPECTROSCOPY,ZWARNING_0_SCIENCEPRIMARY
TRD005836,155.14886,-0.68792597,GALAXY,SDSS_DR18_SPECTROSCOPY,ZWARNING_0_SCIENCEPRIMARY
TRD005837,155.03769,-0.69473036,GALAXY,SDSS_DR18_SPECTROSCOPY,ZWARNING_0_SCIENCEPRIMARY
TRD005838,155.05283,-0.68667012,GALAXY,SDSS_DR18_SPECTROSCOPY,ZWARNING_0_SCIENCEPRIMARY
TRD005839,155.01482,-0.68738446,GALAXY,SDSS_DR18_SPECTROSCOPY,ZWARNING_0_SCIENCEPRIMARY
TRD005840,155.14418,-0.63835355,GALAXY,SDSS_DR18_SPECTROSCOPY,ZWARNING_0_SCIENCEPRIMARY
TRD005841,155.28066,-0.55947285,GALAXY,SDSS_DR18_SPECTROSCOPY,ZWARNING_0_SCIENCEPRIMARY
TRD005842,155.19179,-0.68385849,GALAXY,SDSS_DR18_SPECTROSCOPY,ZWARNING_0_SCIENCEPRIMARY
TRD005843,155.08616,-0.69737975,GALAXY,SDSS_DR18_SPECTROSCOPY,ZWARNING_0_SCIENCEPRIMARY
TRD005844,155.01587,-0.11394873,GALAXY,SDSS_DR18_SPECTROSCOPY,ZWARNING_0_SCIENCEPRIMARY
TRD005845,155.16897,-0.66176376,GALAXY,SDSS_DR18_SPECTROSCOPY,ZWARNING_0_SCIENCEPRIMARY
TRD005846,155.24815,-0.1760855,GALAXY,SDSS_DR18_SPECTROSCOPY,ZWARNING_0_SCIENCEPRIMARY
TRD005847,155.0285,-0.24902297,GALAXY,SDSS_DR18_SPECTROSCOPY,ZWARNING_0_SCIENCEPRIMARY
TRD005848,154.49865,-1.2529695,GALAXY,SDSS_DR18_SPECTROSCOPY,ZWARNING_0_SCIENCEPRIMARY
TRD005849,154.58062,-1.1706977,GALAXY,SDSS_DR18_SPECTROSCOPY,ZWARNING_0_SCIENCEPRIMARY
TRD005850,154.62653,-1.1272509,GALAXY,SDSS_DR18_SPECTROSCOPY,ZWARNING_0_SCIENCEPRIMARY
TRD005851,154.47619,-0.89236105,GALAXY,SDSS_DR18_SPECTROSCOPY,ZWARNING_0_SCIENCEPRIMARY
TRD005852,154.68791,-1.0684267,GALAXY,SDSS_DR18_SPECTROSCOPY,ZWARNING_0_SCIENCEPRIMARY
TRD005853,154.67568,-1.2452758,GALAXY,SDSS_DR18_SPECTROSCOPY,ZWARNING_0_SCIENCEPRIMARY
TRD005854,154.63553,-0.99232414,GALAXY,SDSS_DR18_SPECTROSCOPY,ZWARNING_0_SCIENCEPRIMARY
TRD005855,154.71135,-1.1437482,GALAXY,SDSS_DR18_SPECTROSCOPY,ZWARNING_0_SCIENCEPRIMARY
TRD005856,154.53129,-0.815991,GALAXY,SDSS_DR18_SPECTROSCOPY,ZWARNING_0_SCIENCEPRIMARY
TRD005857,154.60981,-1.1229948,GALAXY,SDSS_DR18_SPECTROSCOPY,ZWARNING_0_SCIENCEPRIMARY
TRD005858,154.64364,-0.83960921,GALAXY,SDSS_DR18_SPECTROSCOPY,ZWARNING_0_SCIENCEPRIMARY
TRD005859,154.63704,-0.90917286,GALAXY,SDSS_DR18_SPECTROSCOPY,ZWARNING_0_SCIENCEPRIMARY
TRD005860,154.57799,-0.79795272,GALAXY,SDSS_DR18_SPECTROSCOPY,ZWARNING_0_SCIENCEPRIMARY
TRD005861,154.45765,-0.82923952,GALAXY,SDSS_DR18_SPECTROSCOPY,ZWARNING_0_SCIENCEPRIMARY
TRD005862,154.40625,-0.77977313,GALAXY,SDSS_DR18_SPECTROSCOPY,ZWARNING_0_SCIENCEPRIMARY
TRD005863,154.48546,-1.241895,GALAXY,SDSS_DR18_SPECTROSCOPY,ZWARNING_0_SCIENCEPRIMARY
TRD005864,154.61369,-0.83343243,GALAXY,SDSS_DR18_SPECTROSCOPY,ZWARNING_0_SCIENCEPRIMARY
TRD005865,154.6978,-1.0166342,GALAXY,SDSS_DR18_SPECTROSCOPY,ZWARNING_0_SCIENCEPRIMARY
TRD005866,154.9696,-0.70785458,GALAXY,SDSS_DR18_SPECTROSCOPY,ZWARNING_0_SCIENCEPRIMARY
TRD005867,154.97375,-0.62090244,GALAXY,SDSS_DR18_SPECTROSCOPY,ZWARNING_0_SCIENCEPRIMARY
TRD005868,154.98985,-0.67423558,GALAXY,SDSS_DR18_SPECTROSCOPY,ZWARNING_0_SCIENCEPRIMARY
TRD005869,154.90382,-0.76465063,GALAXY,SDSS_DR18_SPECTROSCOPY,ZWARNING_0_SCIENCEPRIMARY
TRD005870,154.91467,-0.67296822,GALAXY,SDSS_DR18_SPECTROSCOPY,ZWARNING_0_SCIENCEPRIMARY
TRD005871,154.96372,-0.65088449,GALAXY,SDSS_DR18_SPECTROSCOPY,ZWARNING_0_SCIENCEPRIMARY
TRD005872,154.94421,-0.58713319,GALAXY,SDSS_DR18_SPECTROSCOPY,ZWARNING_0_SCIENCEPRIMARY
TRD005873,154.93444,-0.6383656,GALAXY,SDSS_DR18_SPECTROSCOPY,ZWARNING_0_SCIENCEPRIMARY
TRD005874,154.93271,-0.61029474,GALAXY,SDSS_DR18_SPECTROSCOPY,ZWARNING_0_SCIENCEPRIMARY
TRD005875,154.91788,-0.44020763,GALAXY,SDSS_DR18_SPECTROSCOPY,ZWARNING_0_SCIENCEPRIMARY
TRD005876,154.9734,-0.059187551,GALAXY,SDSS_DR18_SPECTROSCOPY,ZWARNING_0_SCIENCEPRIMARY
TRD005877,154.97995,-0.75829318,GALAXY,SDSS_DR18_SPECTROSCOPY,ZWARNING_0_SCIENCEPRIMARY
TRD005878,154.95167,-0.66524633,GALAXY,SDSS_DR18_SPECTROSCOPY,ZWARNING_0_SCIENCEPRIMARY
TRD005879,154.9546,-0.60936623,GALAXY,SDSS_DR18_SPECTROSCOPY,ZWARNING_0_SCIENCEPRIMARY
TRD005880,154.94625,-0.64956685,GALAXY,SDSS_DR18_SPECTROSCOPY,ZWARNING_0_SCIENCEPRIMARY
TRD005881,154.98301,-0.2014421,GALAXY,SDSS_DR18_SPECTROSCOPY,ZWARNING_0_SCIENCEPRIMARY
TRD005882,154.86427,-0.034526726,GALAXY,SDSS_DR18_SPECTROSCOPY,ZWARNING_0_SCIENCEPRIMARY
TRD005883,154.98552,-0.38280427,GALAXY,SDSS_DR18_SPECTROSCOPY,ZWARNING_0_SCIENCEPRIMARY
TRD005884,154.20303,-0.85034643,GALAXY,SDSS_DR18_SPECTROSCOPY,ZWARNING_0_SCIENCEPRIMARY
TRD005885,154.33361,-1.1488422,GALAXY,SDSS_DR18_SPECTROSCOPY,ZWARNING_0_SCIENCEPRIMARY
TRD005886,154.22514,-0.93270059,GALAXY,SDSS_DR18_SPECTROSCOPY,ZWARNING_0_SCIENCEPRIMARY
TRD005887,154.33863,-1.2468866,GALAXY,SDSS_DR18_SPECTROSCOPY,ZWARNING_0_SCIENCEPRIMARY
TRD005888,154.21664,-1.0707576,GALAXY,SDSS_DR18_SPECTROSCOPY,ZWARNING_0_SCIENCEPRIMARY
TRD005889,154.17784,-1.0957784,GALAXY,SDSS_DR18_SPECTROSCOPY,ZWARNING_0_SCIENCEPRIMARY
TRD005890,154.2188,-0.77497904,GALAXY,SDSS_DR18_SPECTROSCOPY,ZWARNING_0_SCIENCEPRIMARY
TRD005891,154.35581,-0.77419357,GALAXY,SDSS_DR18_SPECTROSCOPY,ZWARNING_0_SCIENCEPRIMARY
TRD005892,154.40157,-0.86525039,GALAXY,SDSS_DR18_SPECTROSCOPY,ZWARNING_0_SCIENCEPRIMARY
TRD005893,154.23877,-0.87536684,GALAXY,SDSS_DR18_SPECTROSCOPY,ZWARNING_0_SCIENCEPRIMARY
TRD005894,154.25796,-0.85946369,GALAXY,SDSS_DR18_SPECTROSCOPY,ZWARNING_0_SCIENCEPRIMARY
TRD005895,154.21018,-0.87872255,GALAXY,SDSS_DR18_SPECTROSCOPY,ZWARNING_0_SCIENCEPRIMARY
TRD005896,154.25925,-0.89091715,GALAXY,SDSS_DR18_SPECTROSCOPY,ZWARNING_0_SCIENCEPRIMARY
TRD005897,154.19339,-1.0608768,GALAXY,SDSS_DR18_SPECTROSCOPY,ZWARNING_0_SCIENCEPRIMARY
TRD005898,154.64299,-0.64917868,GALAXY,SDSS_DR18_SPECTROSCOPY,ZWARNING_0_SCIENCEPRIMARY
TRD005899,154.73928,-0.39885226,GALAXY,SDSS_DR18_SPECTROSCOPY,ZWARNING_0_SCIENCEPRIMARY
TRD005900,154.65706,-0.42187841,GALAXY,SDSS_DR18_SPECTROSCOPY,ZWARNING_0_SCIENCEPRIMARY
TRD005901,154.74711,-0.63681915,GALAXY,SDSS_DR18_SPECTROSCOPY,ZWARNING_0_SCIENCEPRIMARY
TRD005902,154.68299,-0.7140191,GALAXY,SDSS_DR18_SPECTROSCOPY,ZWARNING_0_SCIENCEPRIMARY
TRD005903,154.85188,-0.69880827,GALAXY,SDSS_DR18_SPECTROSCOPY,ZWARNING_0_SCIENCEPRIMARY
TRD005904,154.82788,-0.40687768,GALAXY,SDSS_DR18_SPECTROSCOPY,ZWARNING_0_SCIENCEPRIMARY
TRD005905,154.74934,-0.18250578,GALAXY,SDSS_DR18_SPECTROSCOPY,ZWARNING_0_SCIENCEPRIMARY
TRD005906,154.64153,-0.31100052,GALAXY,SDSS_DR18_SPECTROSCOPY,ZWARNING_0_SCIENCEPRIMARY
TRD005907,154.72089,-0.10273987,GALAXY,SDSS_DR18_SPECTROSCOPY,ZWARNING_0_SCIENCEPRIMARY
TRD005908,154.61893,-0.61494545,GALAXY,SDSS_DR18_SPECTROSCOPY,ZWARNING_0_SCIENCEPRIMARY
TRD005909,154.8428,-0.64823566,GALAXY,SDSS_DR18_SPECTROSCOPY,ZWARNING_0_SCIENCEPRIMARY
TRD005910,154.50901,-0.42436437,GALAXY,SDSS_DR18_SPECTROSCOPY,ZWARNING_0_SCIENCEPRIMARY
TRD005911,154.4946,-0.33321319,GALAXY,SDSS_DR18_SPECTROSCOPY,ZWARNING_0_SCIENCEPRIMARY
TRD005912,154.53072,-0.13674877,GALAXY,SDSS_DR18_SPECTROSCOPY,ZWARNING_0_SCIENCEPRIMARY
TRD005913,154.58058,-0.47826431,GALAXY,SDSS_DR18_SPECTROSCOPY,ZWARNING_0_SCIENCEPRIMARY
TRD005914,154.45268,-0.030764753,GALAXY,SDSS_DR18_SPECTROSCOPY,ZWARNING_0_SCIENCEPRIMARY
TRD005915,154.57295,-0.72536607,GALAXY,SDSS_DR18_SPECTROSCOPY,ZWARNING_0_SCIENCEPRIMARY
TRD005916,154.47414,-0.61480551,GALAXY,SDSS_DR18_SPECTROSCOPY,ZWARNING_0_SCIENCEPRIMARY
TRD005917,154.50197,-0.032774835,GALAXY,SDSS_DR18_SPECTROSCOPY,ZWARNING_0_SCIENCEPRIMARY
TRD005918,154.42711,-0.1934496,GALAXY,SDSS_DR18_SPECTROSCOPY,ZWARNING_0_SCIENCEPRIMARY
TRD005919,154.46692,-0.03631201,GALAXY,SDSS_DR18_SPECTROSCOPY,ZWARNING_0_SCIENCEPRIMARY
TRD005920,154.44687,-0.054512032,GALAXY,SDSS_DR18_SPECTROSCOPY,ZWARNING_0_SCIENCEPRIMARY
TRD005921,154.55771,-0.12791575,GALAXY,SDSS_DR18_SPECTROSCOPY,ZWARNING_0_SCIENCEPRIMARY
TRD005922,154.48762,-0.09026105,GALAXY,SDSS_DR18_SPECTROSCOPY,ZWARNING_0_SCIENCEPRIMARY
TRD005923,154.47804,-0.46995351,GALAXY,SDSS_DR18_SPECTROSCOPY,ZWARNING_0_SCIENCEPRIMARY
TRD005924,154.43325,-0.30625318,GALAXY,SDSS_DR18_SPECTROSCOPY,ZWARNING_0_SCIENCEPRIMARY
TRD005925,154.54901,-0.14944675,GALAXY,SDSS_DR18_SPECTROSCOPY,ZWARNING_0_SCIENCEPRIMARY
TRD005926,154.40642,-0.20169912,GALAXY,SDSS_DR18_SPECTROSCOPY,ZWARNING_0_SCIENCEPRIMARY
TRD005927,154.36883,-0.54567882,GALAXY,SDSS_DR18_SPECTROSCOPY,ZWARNING_0_SCIENCEPRIMARY
TRD005928,154.36277,-0.49559152,GALAXY,SDSS_DR18_SPECTROSCOPY,ZWARNING_0_SCIENCEPRIMARY
TRD005929,154.42481,-0.58422409,GALAXY,SDSS_DR18_SPECTROSCOPY,ZWARNING_0_SCIENCEPRIMARY
TRD005930,154.41195,-0.39887066,GALAXY,SDSS_DR18_SPECTROSCOPY,ZWARNING_0_SCIENCEPRIMARY
TRD005931,154.4377,-0.73229645,GALAXY,SDSS_DR18_SPECTROSCOPY,ZWARNING_0_SCIENCEPRIMARY
TRD005932,154.40243,-0.23100337,GALAXY,SDSS_DR18_SPECTROSCOPY,ZWARNING_0_SCIENCEPRIMARY
TRD005933,154.38539,-0.27217817,GALAXY,SDSS_DR18_SPECTROSCOPY,ZWARNING_0_SCIENCEPRIMARY
TRD005934,154.42,-0.44650319,GALAXY,SDSS_DR18_SPECTROSCOPY,ZWARNING_0_SCIENCEPRIMARY
TRD005935,154.38663,-0.073115652,GALAXY,SDSS_DR18_SPECTROSCOPY,ZWARNING_0_SCIENCEPRIMARY
TRD005936,154.41219,-0.12243771,GALAXY,SDSS_DR18_SPECTROSCOPY,ZWARNING_0_SCIENCEPRIMARY
TRD005937,154.38287,-0.29312292,GALAXY,SDSS_DR18_SPECTROSCOPY,ZWARNING_0_SCIENCEPRIMARY
TRD005938,154.37613,-0.10089339,GALAXY,SDSS_DR18_SPECTROSCOPY,ZWARNING_0_SCIENCEPRIMARY
TRD005939,154.41148,-0.034957543,GALAXY,SDSS_DR18_SPECTROSCOPY,ZWARNING_0_SCIENCEPRIMARY
TRD005940,153.90504,-1.1967991,GALAXY,SDSS_DR18_SPECTROSCOPY,ZWARNING_0_SCIENCEPRIMARY
TRD005941,154.09013,-0.9714072,GALAXY,SDSS_DR18_SPECTROSCOPY,ZWARNING_0_SCIENCEPRIMARY
TRD005942,154.0952,-1.0733886,GALAXY,SDSS_DR18_SPECTROSCOPY,ZWARNING_0_SCIENCEPRIMARY
TRD005943,153.98806,-1.0331623,GALAXY,SDSS_DR18_SPECTROSCOPY,ZWARNING_0_SCIENCEPRIMARY
TRD005944,153.96562,-0.97408847,GALAXY,SDSS_DR18_SPECTROSCOPY,ZWARNING_0_SCIENCEPRIMARY
TRD005945,153.95997,-1.1863729,GALAXY,SDSS_DR18_SPECTROSCOPY,ZWARNING_0_SCIENCEPRIMARY
TRD005946,154.05246,-1.2271591,GALAXY,SDSS_DR18_SPECTROSCOPY,ZWARNING_0_SCIENCEPRIMARY
TRD005947,154.02577,-0.91022842,GALAXY,SDSS_DR18_SPECTROSCOPY,ZWARNING_0_SCIENCEPRIMARY
TRD005948,153.89879,-1.1627151,GALAXY,SDSS_DR18_SPECTROSCOPY,ZWARNING_0_SCIENCEPRIMARY
TRD005949,153.94179,-1.0793,GALAXY,SDSS_DR18_SPECTROSCOPY,ZWARNING_0_SCIENCEPRIMARY
TRD005950,153.9714,-0.76929326,GALAXY,SDSS_DR18_SPECTROSCOPY,ZWARNING_0_SCIENCEPRIMARY
TRD005951,154.12315,-0.85620855,GALAXY,SDSS_DR18_SPECTROSCOPY,ZWARNING_0_SCIENCEPRIMARY
TRD005952,154.13196,-0.89316473,GALAXY,SDSS_DR18_SPECTROSCOPY,ZWARNING_0_SCIENCEPRIMARY
TRD005953,154.15718,-0.79389856,GALAXY,SDSS_DR18_SPECTROSCOPY,ZWARNING_0_SCIENCEPRIMARY
TRD005954,154.07146,-0.7771042,GALAXY,SDSS_DR18_SPECTROSCOPY,ZWARNING_0_SCIENCEPRIMARY
TRD005955,154.15278,-0.99280722,GALAXY,SDSS_DR18_SPECTROSCOPY,ZWARNING_0_SCIENCEPRIMARY
TRD005956,154.15345,-1.2328955,GALAXY,SDSS_DR18_SPECTROSCOPY,ZWARNING_0_SCIENCEPRIMARY
TRD005957,154.26727,-0.68008428,GALAXY,SDSS_DR18_SPECTROSCOPY,ZWARNING_0_SCIENCEPRIMARY
TRD005958,154.24261,-0.24799675,GALAXY,SDSS_DR18_SPECTROSCOPY,ZWARNING_0_SCIENCEPRIMARY
TRD005959,154.30426,-0.25879699,GALAXY,SDSS_DR18_SPECTROSCOPY,ZWARNING_0_SCIENCEPRIMARY
TRD005960,154.35279,-0.14102877,GALAXY,SDSS_DR18_SPECTROSCOPY,ZWARNING_0_SCIENCEPRIMARY
TRD005961,154.12052,-0.26981825,GALAXY,SDSS_DR18_SPECTROSCOPY,ZWARNING_0_SCIENCEPRIMARY
TRD005962,154.26057,-0.39420406,GALAXY,SDSS_DR18_SPECTROSCOPY,ZWARNING_0_SCIENCEPRIMARY
TRD005963,154.26601,-0.63191863,GALAXY,SDSS_DR18_SPECTROSCOPY,ZWARNING_0_SCIENCEPRIMARY
TRD005964,154.3533,-0.60091386,GALAXY,SDSS_DR18_SPECTROSCOPY,ZWARNING_0_SCIENCEPRIMARY
TRD005965,154.27964,-0.21352587,GALAXY,SDSS_DR18_SPECTROSCOPY,ZWARNING_0_SCIENCEPRIMARY
TRD005966,154.27577,-0.50346982,GALAXY,SDSS_DR18_SPECTROSCOPY,ZWARNING_0_SCIENCEPRIMARY
TRD005967,154.27904,-0.17563641,GALAXY,SDSS_DR18_SPECTROSCOPY,ZWARNING_0_SCIENCEPRIMARY
TRD005968,154.35286,-0.7235153,GALAXY,SDSS_DR18_SPECTROSCOPY,ZWARNING_0_SCIENCEPRIMARY
TRD005969,154.33438,-0.60069303,GALAXY,SDSS_DR18_SPECTROSCOPY,ZWARNING_0_SCIENCEPRIMARY
TRD005970,154.3351,-0.15004415,GALAXY,SDSS_DR18_SPECTROSCOPY,ZWARNING_0_SCIENCEPRIMARY
TRD005971,154.33525,-0.26985609,GALAXY,SDSS_DR18_SPECTROSCOPY,ZWARNING_0_SCIENCEPRIMARY
TRD005972,154.34333,-0.48212369,GALAXY,SDSS_DR18_SPECTROSCOPY,ZWARNING_0_SCIENCEPRIMARY
TRD005973,153.74693,-1.1276709,GALAXY,SDSS_DR18_SPECTROSCOPY,ZWARNING_0_SCIENCEPRIMARY
TRD005974,153.71534,-1.1828537,GALAXY,SDSS_DR18_SPECTROSCOPY,ZWARNING_0_SCIENCEPRIMARY
TRD005975,153.71179,-1.1226625,GALAXY,SDSS_DR18_SPECTROSCOPY,ZWARNING_0_SCIENCEPRIMARY
TRD005976,153.89822,-1.0015006,GALAXY,SDSS_DR18_SPECTROSCOPY,ZWARNING_0_SCIENCEPRIMARY
TRD005977,153.83149,-1.0094098,GALAXY,SDSS_DR18_SPECTROSCOPY,ZWARNING_0_SCIENCEPRIMARY
TRD005978,153.85016,-0.98901879,GALAXY,SDSS_DR18_SPECTROSCOPY,ZWARNING_0_SCIENCEPRIMARY
TRD005979,153.76244,-0.99730218,GALAXY,SDSS_DR18_SPECTROSCOPY,ZWARNING_0_SCIENCEPRIMARY
TRD005980,153.66846,-0.99369942,GALAXY,SDSS_DR18_SPECTROSCOPY,ZWARNING_0_SCIENCEPRIMARY
TRD005981,153.7702,-1.0519091,GALAXY,SDSS_DR18_SPECTROSCOPY,ZWARNING_0_SCIENCEPRIMARY
TRD005982,153.72225,-1.1528677,GALAXY,SDSS_DR18_SPECTROSCOPY,ZWARNING_0_SCIENCEPRIMARY
TRD005983,153.79488,-0.8088147,GALAXY,SDSS_DR18_SPECTROSCOPY,ZWARNING_0_SCIENCEPRIMARY
TRD005984,153.66484,-0.83091002,GALAXY,SDSS_DR18_SPECTROSCOPY,ZWARNING_0_SCIENCEPRIMARY
TRD005985,153.82177,-0.82217575,GALAXY,SDSS_DR18_SPECTROSCOPY,ZWARNING_0_SCIENCEPRIMARY
TRD005986,153.86592,-1.2038852,GALAXY,SDSS_DR18_SPECTROSCOPY,ZWARNING_0_SCIENCEPRIMARY
TRD005987,153.72561,-0.79449651,GALAXY,SDSS_DR18_SPECTROSCOPY,ZWARNING_0_SCIENCEPRIMARY
TRD005988,153.82982,-0.79390407,GALAXY,SDSS_DR18_SPECTROSCOPY,ZWARNING_0_SCIENCEPRIMARY
TRD005989,153.68897,-0.8794834,GALAXY,SDSS_DR18_SPECTROSCOPY,ZWARNING_0_SCIENCEPRIMARY
TRD005990,153.8176,-1.1277742,GALAXY,SDSS_DR18_SPECTROSCOPY,ZWARNING_0_SCIENCEPRIMARY
TRD005991,153.89292,-0.88153911,GALAXY,SDSS_DR18_SPECTROSCOPY,ZWARNING_0_SCIENCEPRIMARY
TRD005992,154.10987,-0.2429876,GALAXY,SDSS_DR18_SPECTROSCOPY,ZWARNING_0_SCIENCEPRIMARY
TRD005993,153.98011,-0.34360948,GALAXY,SDSS_DR18_SPECTROSCOPY,ZWARNING_0_SCIENCEPRIMARY
TRD005994,154.06686,-0.49583761,GALAXY,SDSS_DR18_SPECTROSCOPY,ZWARNING_0_SCIENCEPRIMARY
TRD005995,154.0638,-0.75695272,GALAXY,SDSS_DR18_SPECTROSCOPY,ZWARNING_0_SCIENCEPRIMARY
TRD005996,154.00259,-0.1127041,GALAXY,SDSS_DR18_SPECTROSCOPY,ZWARNING_0_SCIENCEPRIMARY
TRD005997,153.96592,-0.042130038,GALAXY,SDSS_DR18_SPECTROSCOPY,ZWARNING_0_SCIENCEPRIMARY
TRD005998,154.12199,-0.72430181,GALAXY,SDSS_DR18_SPECTROSCOPY,ZWARNING_0_SCIENCEPRIMARY
TRD005999,154.08088,-0.24129165,GALAXY,SDSS_DR18_SPECTROSCOPY,ZWARNING_0_SCIENCEPRIMARY
TRD006000,154.19199,-0.76586366,GALAXY,SDSS_DR18_SPECTROSCOPY,ZWARNING_0_SCIENCEPRIMARY
TRD006001,153.96943,-0.40348382,GALAXY,SDSS_DR18_SPECTROSCOPY,ZWARNING_0_SCIENCEPRIMARY
TRD006002,154.09699,-0.080437803,GALAXY,SDSS_DR18_SPECTROSCOPY,ZWARNING_0_SCIENCEPRIMARY
TRD006003,153.97781,-0.3241725,GALAXY,SDSS_DR18_SPECTROSCOPY,ZWARNING_0_SCIENCEPRIMARY
TRD006004,154.00872,-0.2513289,GALAXY,SDSS_DR18_SPECTROSCOPY,ZWARNING_0_SCIENCEPRIMARY
TRD006005,154.02613,-0.28696117,GALAXY,SDSS_DR18_SPECTROSCOPY,ZWARNING_0_SCIENCEPRIMARY
TRD006006,153.95489,-0.17987936,GALAXY,SDSS_DR18_SPECTROSCOPY,ZWARNING_0_SCIENCEPRIMARY
TRD006007,153.99154,-0.40169339,GALAXY,SDSS_DR18_SPECTROSCOPY,ZWARNING_0_SCIENCEPRIMARY
TRD006008,154.10014,-0.10588931,GALAXY,SDSS_DR18_SPECTROSCOPY,ZWARNING_0_SCIENCEPRIMARY
TRD006009,153.55659,-0.8886416,GALAXY,SDSS_DR18_SPECTROSCOPY,ZWARNING_0_SCIENCEPRIMARY
TRD006010,153.64679,-1.101619,GALAXY,SDSS_DR18_SPECTROSCOPY,ZWARNING_0_SCIENCEPRIMARY
TRD006011,153.58553,-0.99544103,GALAXY,SDSS_DR18_SPECTROSCOPY,ZWARNING_0_SCIENCEPRIMARY
TRD006012,153.54002,-0.86835979,GALAXY,SDSS_DR18_SPECTROSCOPY,ZWARNING_0_SCIENCEPRIMARY
TRD006013,153.53355,-0.89492947,GALAXY,SDSS_DR18_SPECTROSCOPY,ZWARNING_0_SCIENCEPRIMARY
TRD006014,153.48591,-1.116513,GALAXY,SDSS_DR18_SPECTROSCOPY,ZWARNING_0_SCIENCEPRIMARY
TRD006015,153.57322,-0.95367411,GALAXY,SDSS_DR18_SPECTROSCOPY,ZWARNING_0_SCIENCEPRIMARY
TRD006016,153.56875,-1.1654444,GALAXY,SDSS_DR18_SPECTROSCOPY,ZWARNING_0_SCIENCEPRIMARY
TRD006017,153.6265,-1.1074781,GALAXY,SDSS_DR18_SPECTROSCOPY,ZWARNING_0_SCIENCEPRIMARY
TRD006018,153.47206,-1.19447,GALAXY,SDSS_DR18_SPECTROSCOPY,ZWARNING_0_SCIENCEPRIMARY
TRD006019,153.58321,-0.85845158,GALAXY,SDSS_DR18_SPECTROSCOPY,ZWARNING_0_SCIENCEPRIMARY
TRD006020,153.52191,-1.0929676,GALAXY,SDSS_DR18_SPECTROSCOPY,ZWARNING_0_SCIENCEPRIMARY
TRD006021,153.62047,-0.89379579,GALAXY,SDSS_DR18_SPECTROSCOPY,ZWARNING_0_SCIENCEPRIMARY
TRD006022,153.50979,-0.89166156,GALAXY,SDSS_DR18_SPECTROSCOPY,ZWARNING_0_SCIENCEPRIMARY
TRD006023,153.47269,-0.87664087,GALAXY,SDSS_DR18_SPECTROSCOPY,ZWARNING_0_SCIENCEPRIMARY
TRD006024,153.60337,-0.87400649,GALAXY,SDSS_DR18_SPECTROSCOPY,ZWARNING_0_SCIENCEPRIMARY
TRD006025,153.62059,-1.2311103,GALAXY,SDSS_DR18_SPECTROSCOPY,ZWARNING_0_SCIENCEPRIMARY
TRD006026,153.64283,-0.83699538,GALAXY,SDSS_DR18_SPECTROSCOPY,ZWARNING_0_SCIENCEPRIMARY
TRD006027,153.9374,-0.37168472,GALAXY,SDSS_DR18_SPECTROSCOPY,ZWARNING_0_SCIENCEPRIMARY
TRD006028,153.89091,-0.7473786,GALAXY,SDSS_DR18_SPECTROSCOPY,ZWARNING_0_SCIENCEPRIMARY
TRD006029,153.94134,-0.40356349,GALAXY,SDSS_DR18_SPECTROSCOPY,ZWARNING_0_SCIENCEPRIMARY
TRD006030,153.82979,-0.64990853,GALAXY,SDSS_DR18_SPECTROSCOPY,ZWARNING_0_SCIENCEPRIMARY
TRD006031,153.8559,-0.61328684,GALAXY,SDSS_DR18_SPECTROSCOPY,ZWARNING_0_SCIENCEPRIMARY
TRD006032,153.94475,-0.51305813,GALAXY,SDSS_DR18_SPECTROSCOPY,ZWARNING_0_SCIENCEPRIMARY
TRD006033,153.94991,-0.45887869,GALAXY,SDSS_DR18_SPECTROSCOPY,ZWARNING_0_SCIENCEPRIMARY
TRD006034,153.58455,-0.4967909,GALAXY,SDSS_DR18_SPECTROSCOPY,ZWARNING_0_SCIENCEPRIMARY
TRD006035,153.92576,-0.34888286,GALAXY,SDSS_DR18_SPECTROSCOPY,ZWARNING_0_SCIENCEPRIMARY
TRD006036,153.806,-0.6615203,GALAXY,SDSS_DR18_SPECTROSCOPY,ZWARNING_0_SCIENCEPRIMARY
TRD006037,153.49702,-0.26188917,GALAXY,SDSS_DR18_SPECTROSCOPY,ZWARNING_0_SCIENCEPRIMARY
TRD006038,153.5207,-0.33514794,GALAXY,SDSS_DR18_SPECTROSCOPY,ZWARNING_0_SCIENCEPRIMARY
TRD006039,153.78003,-0.15699078,GALAXY,SDSS_DR18_SPECTROSCOPY,ZWARNING_0_SCIENCEPRIMARY
TRD006040,153.5983,-0.077710772,GALAXY,SDSS_DR18_SPECTROSCOPY,ZWARNING_0_SCIENCEPRIMARY
TRD006041,153.93459,-0.25284934,GALAXY,SDSS_DR18_SPECTROSCOPY,ZWARNING_0_SCIENCEPRIMARY
TRD006042,153.5468,-0.72338336,GALAXY,SDSS_DR18_SPECTROSCOPY,ZWARNING_0_SCIENCEPRIMARY
TRD006043,153.85717,-0.070518816,GALAXY,SDSS_DR18_SPECTROSCOPY,ZWARNING_0_SCIENCEPRIMARY
TRD006044,153.93372,-0.05079477,GALAXY,SDSS_DR18_SPECTROSCOPY,ZWARNING_0_SCIENCEPRIMARY
TRD006045,153.56032,0.29904718,GALAXY,SDSS_DR18_SPECTROSCOPY,ZWARNING_0_SCIENCEPRIMARY
TRD006046,153.63016,0.99920198,GALAXY,SDSS_DR18_SPECTROSCOPY,ZWARNING_0_SCIENCEPRIMARY
TRD006047,153.39496,1.1763067,GALAXY,SDSS_DR18_SPECTROSCOPY,ZWARNING_0_SCIENCEPRIMARY
TRD006048,153.61729,0.6648094,GALAXY,SDSS_DR18_SPECTROSCOPY,ZWARNING_0_SCIENCEPRIMARY
TRD006049,153.78173,0.97841207,GALAXY,SDSS_DR18_SPECTROSCOPY,ZWARNING_0_SCIENCEPRIMARY
TRD006050,153.75967,0.96829155,GALAXY,SDSS_DR18_SPECTROSCOPY,ZWARNING_0_SCIENCEPRIMARY
TRD006051,153.6309,0.39087876,GALAXY,SDSS_DR18_SPECTROSCOPY,ZWARNING_0_SCIENCEPRIMARY
TRD006052,153.67778,1.0242261,GALAXY,SDSS_DR18_SPECTROSCOPY,ZWARNING_0_SCIENCEPRIMARY
TRD006053,153.57223,1.0903003,GALAXY,SDSS_DR18_SPECTROSCOPY,ZWARNING_0_SCIENCEPRIMARY
TRD006054,153.80663,0.88880643,GALAXY,SDSS_DR18_SPECTROSCOPY,ZWARNING_0_SCIENCEPRIMARY
TRD006055,153.73852,0.66192422,GALAXY,SDSS_DR18_SPECTROSCOPY,ZWARNING_0_SCIENCEPRIMARY
TRD006056,153.53783,0.004820493,GALAXY,SDSS_DR18_SPECTROSCOPY,ZWARNING_0_SCIENCEPRIMARY
TRD006057,153.52404,0.18248005,GALAXY,SDSS_DR18_SPECTROSCOPY,ZWARNING_0_SCIENCEPRIMARY
TRD006058,153.87495,0.510449,GALAXY,SDSS_DR18_SPECTROSCOPY,ZWARNING_0_SCIENCEPRIMARY
TRD006059,153.51742,-0.060350448,GALAXY,SDSS_DR18_SPECTROSCOPY,ZWARNING_0_SCIENCEPRIMARY
TRD006060,153.77102,0.4574315,GALAXY,SDSS_DR18_SPECTROSCOPY,ZWARNING_0_SCIENCEPRIMARY
TRD006061,153.90664,0.52533172,GALAXY,SDSS_DR18_SPECTROSCOPY,ZWARNING_0_SCIENCEPRIMARY
TRD006062,153.6592,0.30623652,GALAXY,SDSS_DR18_SPECTROSCOPY,ZWARNING_0_SCIENCEPRIMARY
TRD006063,153.88021,0.5281798,GALAXY,SDSS_DR18_SPECTROSCOPY,ZWARNING_0_SCIENCEPRIMARY
TRD006064,153.94539,0.44993638,GALAXY,SDSS_DR18_SPECTROSCOPY,ZWARNING_0_SCIENCEPRIMARY
TRD006065,153.93644,0.21598105,GALAXY,SDSS_DR18_SPECTROSCOPY,ZWARNING_0_SCIENCEPRIMARY
TRD006066,153.85546,0.10708592,GALAXY,SDSS_DR18_SPECTROSCOPY,ZWARNING_0_SCIENCEPRIMARY
TRD006067,153.93947,0.27631266,GALAXY,SDSS_DR18_SPECTROSCOPY,ZWARNING_0_SCIENCEPRIMARY
TRD006068,153.49609,-0.081587111,GALAXY,SDSS_DR18_SPECTROSCOPY,ZWARNING_0_SCIENCEPRIMARY
TRD006069,153.67893,0.075272598,GALAXY,SDSS_DR18_SPECTROSCOPY,ZWARNING_0_SCIENCEPRIMARY
TRD006070,153.90945,0.50032592,GALAXY,SDSS_DR18_SPECTROSCOPY,ZWARNING_0_SCIENCEPRIMARY
TRD006071,153.98007,0.96408717,GALAXY,SDSS_DR18_SPECTROSCOPY,ZWARNING_0_SCIENCEPRIMARY
TRD006072,153.83203,1.0615648,GALAXY,SDSS_DR18_SPECTROSCOPY,ZWARNING_0_SCIENCEPRIMARY
TRD006073,153.87525,1.0218997,GALAXY,SDSS_DR18_SPECTROSCOPY,ZWARNING_0_SCIENCEPRIMARY
TRD006074,153.84809,0.74686604,GALAXY,SDSS_DR18_SPECTROSCOPY,ZWARNING_0_SCIENCEPRIMARY
TRD006075,153.87806,0.58125143,GALAXY,SDSS_DR18_SPECTROSCOPY,ZWARNING_0_SCIENCEPRIMARY
TRD006076,153.8295,0.99120789,GALAXY,SDSS_DR18_SPECTROSCOPY,ZWARNING_0_SCIENCEPRIMARY
TRD006077,153.82626,0.874794,GALAXY,SDSS_DR18_SPECTROSCOPY,ZWARNING_0_SCIENCEPRIMARY
TRD006078,153.84286,0.66474179,GALAXY,SDSS_DR18_SPECTROSCOPY,ZWARNING_0_SCIENCEPRIMARY
TRD006079,153.85713,0.70430071,GALAXY,SDSS_DR18_SPECTROSCOPY,ZWARNING_0_SCIENCEPRIMARY
TRD006080,154.07857,0.29172687,GALAXY,SDSS_DR18_SPECTROSCOPY,ZWARNING_0_SCIENCEPRIMARY
TRD006081,153.92868,0.53259805,GALAXY,SDSS_DR18_SPECTROSCOPY,ZWARNING_0_SCIENCEPRIMARY
TRD006082,153.97337,0.42416679,GALAXY,SDSS_DR18_SPECTROSCOPY,ZWARNING_0_SCIENCEPRIMARY
TRD006083,154.0537,0.086462869,GALAXY,SDSS_DR18_SPECTROSCOPY,ZWARNING_0_SCIENCEPRIMARY
TRD006084,154.09754,-0.0068750841,GALAXY,SDSS_DR18_SPECTROSCOPY,ZWARNING_0_SCIENCEPRIMARY
TRD006085,153.97043,0.5317531,GALAXY,SDSS_DR18_SPECTROSCOPY,ZWARNING_0_SCIENCEPRIMARY
TRD006086,154.00233,0.22533099,GALAXY,SDSS_DR18_SPECTROSCOPY,ZWARNING_0_SCIENCEPRIMARY
TRD006087,154.03342,0.14657234,GALAXY,SDSS_DR18_SPECTROSCOPY,ZWARNING_0_SCIENCEPRIMARY
TRD006088,154.00826,0.01560872,GALAXY,SDSS_DR18_SPECTROSCOPY,ZWARNING_0_SCIENCEPRIMARY
TRD006089,153.98041,0.022816777,GALAXY,SDSS_DR18_SPECTROSCOPY,ZWARNING_0_SCIENCEPRIMARY
TRD006090,154.00391,0.044334722,GALAXY,SDSS_DR18_SPECTROSCOPY,ZWARNING_0_SCIENCEPRIMARY
TRD006091,153.96079,0.012307949,GALAXY,SDSS_DR18_SPECTROSCOPY,ZWARNING_0_SCIENCEPRIMARY
TRD006092,154.12171,-0.026976858,GALAXY,SDSS_DR18_SPECTROSCOPY,ZWARNING_0_SCIENCEPRIMARY
TRD006093,153.96871,0.08832326,GALAXY,SDSS_DR18_SPECTROSCOPY,ZWARNING_0_SCIENCEPRIMARY
TRD006094,154.17238,0.72118849,GALAXY,SDSS_DR18_SPECTROSCOPY,ZWARNING_0_SCIENCEPRIMARY
TRD006095,154.04612,1.044242,GALAXY,SDSS_DR18_SPECTROSCOPY,ZWARNING_0_SCIENCEPRIMARY
TRD006096,154.01916,0.92283005,GALAXY,SDSS_DR18_SPECTROSCOPY,ZWARNING_0_SCIENCEPRIMARY
TRD006097,154.29797,0.48537497,GALAXY,SDSS_DR18_SPECTROSCOPY,ZWARNING_0_SCIENCEPRIMARY
TRD006098,153.99458,0.98807822,GALAXY,SDSS_DR18_SPECTROSCOPY,ZWARNING_0_SCIENCEPRIMARY
TRD006099,154.30146,0.47021301,GALAXY,SDSS_DR18_SPECTROSCOPY,ZWARNING_0_SCIENCEPRIMARY
TRD006100,154.09652,0.7143823,GALAXY,SDSS_DR18_SPECTROSCOPY,ZWARNING_0_SCIENCEPRIMARY
TRD006101,154.02456,0.73596375,GALAXY,SDSS_DR18_SPECTROSCOPY,ZWARNING_0_SCIENCEPRIMARY
TRD006102,154.03909,0.62705793,GALAXY,SDSS_DR18_SPECTROSCOPY,ZWARNING_0_SCIENCEPRIMARY
TRD006103,154.01695,0.70840394,GALAXY,SDSS_DR18_SPECTROSCOPY,ZWARNING_0_SCIENCEPRIMARY
TRD006104,154.16575,0.97663047,GALAXY,SDSS_DR18_SPECTROSCOPY,ZWARNING_0_SCIENCEPRIMARY
TRD006105,154.15968,0.70484658,GALAXY,SDSS_DR18_SPECTROSCOPY,ZWARNING_0_SCIENCEPRIMARY
TRD006106,154.04277,0.9484479,GALAXY,SDSS_DR18_SPECTROSCOPY,ZWARNING_0_SCIENCEPRIMARY
TRD006107,154.08242,0.65193264,GALAXY,SDSS_DR18_SPECTROSCOPY,ZWARNING_0_SCIENCEPRIMARY
TRD006108,154.30881,0.36642832,GALAXY,SDSS_DR18_SPECTROSCOPY,ZWARNING_0_SCIENCEPRIMARY
TRD006109,154.1721,0.25872501,GALAXY,SDSS_DR18_SPECTROSCOPY,ZWARNING_0_SCIENCEPRIMARY
TRD006110,154.25099,0.31025028,GALAXY,SDSS_DR18_SPECTROSCOPY,ZWARNING_0_SCIENCEPRIMARY
TRD006111,154.03613,0.41795375,GALAXY,SDSS_DR18_SPECTROSCOPY,ZWARNING_0_SCIENCEPRIMARY
TRD006112,154.23372,0.44086553,GALAXY,SDSS_DR18_SPECTROSCOPY,ZWARNING_0_SCIENCEPRIMARY
TRD006113,154.21979,0.044587311,GALAXY,SDSS_DR18_SPECTROSCOPY,ZWARNING_0_SCIENCEPRIMARY
TRD006114,154.16924,0.46590581,GALAXY,SDSS_DR18_SPECTROSCOPY,ZWARNING_0_SCIENCEPRIMARY
TRD006115,154.15975,0.51796434,GALAXY,SDSS_DR18_SPECTROSCOPY,ZWARNING_0_SCIENCEPRIMARY
TRD006116,154.18956,0.076320936,GALAXY,SDSS_DR18_SPECTROSCOPY,ZWARNING_0_SCIENCEPRIMARY
TRD006117,154.25641,0.10370642,GALAXY,SDSS_DR18_SPECTROSCOPY,ZWARNING_0_SCIENCEPRIMARY
TRD006118,154.25909,0.05794568,GALAXY,SDSS_DR18_SPECTROSCOPY,ZWARNING_0_SCIENCEPRIMARY
TRD006119,154.2234,0.078502824,GALAXY,SDSS_DR18_SPECTROSCOPY,ZWARNING_0_SCIENCEPRIMARY
TRD006120,154.23771,0.10869316,GALAXY,SDSS_DR18_SPECTROSCOPY,ZWARNING_0_SCIENCEPRIMARY
TRD006121,154.22061,0.0019231901,GALAXY,SDSS_DR18_SPECTROSCOPY,ZWARNING_0_SCIENCEPRIMARY
TRD006122,154.22425,0.48254172,GALAXY,SDSS_DR18_SPECTROSCOPY,ZWARNING_0_SCIENCEPRIMARY
TRD006123,154.25677,0.95439614,GALAXY,SDSS_DR18_SPECTROSCOPY,ZWARNING_0_SCIENCEPRIMARY
TRD006124,154.18087,1.094706,GALAXY,SDSS_DR18_SPECTROSCOPY,ZWARNING_0_SCIENCEPRIMARY
TRD006125,154.26675,1.0561348,GALAXY,SDSS_DR18_SPECTROSCOPY,ZWARNING_0_SCIENCEPRIMARY
TRD006126,154.20128,0.63774429,GALAXY,SDSS_DR18_SPECTROSCOPY,ZWARNING_0_SCIENCEPRIMARY
TRD006127,154.22877,0.8865165,GALAXY,SDSS_DR18_SPECTROSCOPY,ZWARNING_0_SCIENCEPRIMARY
TRD006128,154.23432,1.0467053,GALAXY,SDSS_DR18_SPECTROSCOPY,ZWARNING_0_SCIENCEPRIMARY
TRD006129,154.17926,0.58474392,GALAXY,SDSS_DR18_SPECTROSCOPY,ZWARNING_0_SCIENCEPRIMARY
TRD006130,154.30352,0.88121751,GALAXY,SDSS_DR18_SPECTROSCOPY,ZWARNING_0_SCIENCEPRIMARY
TRD006131,154.35496,1.0653202,GALAXY,SDSS_DR18_SPECTROSCOPY,ZWARNING_0_SCIENCEPRIMARY
TRD006132,154.31275,0.81565332,GALAXY,SDSS_DR18_SPECTROSCOPY,ZWARNING_0_SCIENCEPRIMARY
TRD006133,154.43215,0.54067204,GALAXY,SDSS_DR18_SPECTROSCOPY,ZWARNING_0_SCIENCEPRIMARY
TRD006134,154.2234,0.84527351,GALAXY,SDSS_DR18_SPECTROSCOPY,ZWARNING_0_SCIENCEPRIMARY
TRD006135,154.53492,0.44530605,GALAXY,SDSS_DR18_SPECTROSCOPY,ZWARNING_0_SCIENCEPRIMARY
TRD006136,154.48157,0.22804446,GALAXY,SDSS_DR18_SPECTROSCOPY,ZWARNING_0_SCIENCEPRIMARY
TRD006137,154.41692,0.39109224,GALAXY,SDSS_DR18_SPECTROSCOPY,ZWARNING_0_SCIENCEPRIMARY
TRD006138,154.33476,0.38477276,GALAXY,SDSS_DR18_SPECTROSCOPY,ZWARNING_0_SCIENCEPRIMARY
TRD006139,154.50652,0.14163109,GALAXY,SDSS_DR18_SPECTROSCOPY,ZWARNING_0_SCIENCEPRIMARY
TRD006140,154.4035,0.14059529,GALAXY,SDSS_DR18_SPECTROSCOPY,ZWARNING_0_SCIENCEPRIMARY
TRD006141,154.3742,0.20062011,GALAXY,SDSS_DR18_SPECTROSCOPY,ZWARNING_0_SCIENCEPRIMARY
TRD006142,154.42049,0.44345609,GALAXY,SDSS_DR18_SPECTROSCOPY,ZWARNING_0_SCIENCEPRIMARY
TRD006143,154.42014,0.52789591,GALAXY,SDSS_DR18_SPECTROSCOPY,ZWARNING_0_SCIENCEPRIMARY
TRD006144,154.34796,0.4752384,GALAXY,SDSS_DR18_SPECTROSCOPY,ZWARNING_0_SCIENCEPRIMARY
TRD006145,154.45492,0.26880089,GALAXY,SDSS_DR18_SPECTROSCOPY,ZWARNING_0_SCIENCEPRIMARY
TRD006146,154.47592,0.11305361,GALAXY,SDSS_DR18_SPECTROSCOPY,ZWARNING_0_SCIENCEPRIMARY
TRD006147,154.48768,0.27386261,GALAXY,SDSS_DR18_SPECTROSCOPY,ZWARNING_0_SCIENCEPRIMARY
TRD006148,154.39617,0.089032815,GALAXY,SDSS_DR18_SPECTROSCOPY,ZWARNING_0_SCIENCEPRIMARY
TRD006149,154.43489,0.29514267,GALAXY,SDSS_DR18_SPECTROSCOPY,ZWARNING_0_SCIENCEPRIMARY
TRD006150,154.44781,0.33030144,GALAXY,SDSS_DR18_SPECTROSCOPY,ZWARNING_0_SCIENCEPRIMARY
TRD006151,154.47375,0.32250785,GALAXY,SDSS_DR18_SPECTROSCOPY,ZWARNING_0_SCIENCEPRIMARY
TRD006152,154.41466,0.034669951,GALAXY,SDSS_DR18_SPECTROSCOPY,ZWARNING_0_SCIENCEPRIMARY
TRD006153,154.63716,0.19005359,GALAXY,SDSS_DR18_SPECTROSCOPY,ZWARNING_0_SCIENCEPRIMARY
TRD006154,154.54163,0.31487916,GALAXY,SDSS_DR18_SPECTROSCOPY,ZWARNING_0_SCIENCEPRIMARY
TRD006155,154.60982,0.27063281,GALAXY,SDSS_DR18_SPECTROSCOPY,ZWARNING_0_SCIENCEPRIMARY
TRD006156,154.55691,0.34670716,GALAXY,SDSS_DR18_SPECTROSCOPY,ZWARNING_0_SCIENCEPRIMARY
TRD006157,154.63276,0.42067646,GALAXY,SDSS_DR18_SPECTROSCOPY,ZWARNING_0_SCIENCEPRIMARY
TRD006158,154.53503,0.29699225,GALAXY,SDSS_DR18_SPECTROSCOPY,ZWARNING_0_SCIENCEPRIMARY
TRD006159,154.50809,0.034317091,GALAXY,SDSS_DR18_SPECTROSCOPY,ZWARNING_0_SCIENCEPRIMARY
TRD006160,154.64955,0.41593833,GALAXY,SDSS_DR18_SPECTROSCOPY,ZWARNING_0_SCIENCEPRIMARY
TRD006161,154.60576,0.19835774,GALAXY,SDSS_DR18_SPECTROSCOPY,ZWARNING_0_SCIENCEPRIMARY
TRD006162,154.62833,0.084729316,GALAXY,SDSS_DR18_SPECTROSCOPY,ZWARNING_0_SCIENCEPRIMARY
TRD006163,154.53659,0.016565994,GALAXY,SDSS_DR18_SPECTROSCOPY,ZWARNING_0_SCIENCEPRIMARY
TRD006164,154.52778,0.09994892,GALAXY,SDSS_DR18_SPECTROSCOPY,ZWARNING_0_SCIENCEPRIMARY
TRD006165,154.60093,0.086846651,GALAXY,SDSS_DR18_SPECTROSCOPY,ZWARNING_0_SCIENCEPRIMARY
TRD006166,154.55743,0.065776311,GALAXY,SDSS_DR18_SPECTROSCOPY,ZWARNING_0_SCIENCEPRIMARY
TRD006167,154.52144,0.19796363,GALAXY,SDSS_DR18_SPECTROSCOPY,ZWARNING_0_SCIENCEPRIMARY
TRD006168,154.73529,0.41023398,GALAXY,SDSS_DR18_SPECTROSCOPY,ZWARNING_0_SCIENCEPRIMARY
TRD006169,154.92164,0.45013454,GALAXY,SDSS_DR18_SPECTROSCOPY,ZWARNING_0_SCIENCEPRIMARY
TRD006170,154.70007,0.38517586,GALAXY,SDSS_DR18_SPECTROSCOPY,ZWARNING_0_SCIENCEPRIMARY
TRD006171,154.82299,0.34444255,GALAXY,SDSS_DR18_SPECTROSCOPY,ZWARNING_0_SCIENCEPRIMARY
TRD006172,154.86849,0.42638853,GALAXY,SDSS_DR18_SPECTROSCOPY,ZWARNING_0_SCIENCEPRIMARY
TRD006173,154.84154,0.10613027,GALAXY,SDSS_DR18_SPECTROSCOPY,ZWARNING_0_SCIENCEPRIMARY
TRD006174,154.76891,0.4234204,GALAXY,SDSS_DR18_SPECTROSCOPY,ZWARNING_0_SCIENCEPRIMARY
TRD006175,154.71256,0.41964477,GALAXY,SDSS_DR18_SPECTROSCOPY,ZWARNING_0_SCIENCEPRIMARY
TRD006176,154.9081,0.33214941,GALAXY,SDSS_DR18_SPECTROSCOPY,ZWARNING_0_SCIENCEPRIMARY
TRD006177,154.93769,0.32492529,GALAXY,SDSS_DR18_SPECTROSCOPY,ZWARNING_0_SCIENCEPRIMARY
TRD006178,154.76686,0.4696984,GALAXY,SDSS_DR18_SPECTROSCOPY,ZWARNING_0_SCIENCEPRIMARY
TRD006179,154.79938,0.12012158,GALAXY,SDSS_DR18_SPECTROSCOPY,ZWARNING_0_SCIENCEPRIMARY
TRD006180,154.86695,0.22231865,GALAXY,SDSS_DR18_SPECTROSCOPY,ZWARNING_0_SCIENCEPRIMARY
TRD006181,154.71255,0.20357755,GALAXY,SDSS_DR18_SPECTROSCOPY,ZWARNING_0_SCIENCEPRIMARY
TRD006182,154.79134,0.13396091,GALAXY,SDSS_DR18_SPECTROSCOPY,ZWARNING_0_SCIENCEPRIMARY
TRD006183,154.72774,0.43475227,GALAXY,SDSS_DR18_SPECTROSCOPY,ZWARNING_0_SCIENCEPRIMARY
TRD006184,154.64983,0.17471298,GALAXY,SDSS_DR18_SPECTROSCOPY,ZWARNING_0_SCIENCEPRIMARY
TRD006185,154.75087,0.067696294,GALAXY,SDSS_DR18_SPECTROSCOPY,ZWARNING_0_SCIENCEPRIMARY
TRD006186,154.87239,-0.020718354,GALAXY,SDSS_DR18_SPECTROSCOPY,ZWARNING_0_SCIENCEPRIMARY
TRD006187,154.61914,0.7591713,GALAXY,SDSS_DR18_SPECTROSCOPY,ZWARNING_0_SCIENCEPRIMARY
TRD006188,154.6895,1.0045674,GALAXY,SDSS_DR18_SPECTROSCOPY,ZWARNING_0_SCIENCEPRIMARY
TRD006189,154.69106,0.91370039,GALAXY,SDSS_DR18_SPECTROSCOPY,ZWARNING_0_SCIENCEPRIMARY
TRD006190,154.79621,0.93419606,GALAXY,SDSS_DR18_SPECTROSCOPY,ZWARNING_0_SCIENCEPRIMARY
TRD006191,154.57587,0.56282009,GALAXY,SDSS_DR18_SPECTROSCOPY,ZWARNING_0_SCIENCEPRIMARY
TRD006192,154.60831,0.63577665,GALAXY,SDSS_DR18_SPECTROSCOPY,ZWARNING_0_SCIENCEPRIMARY
TRD006193,154.7364,0.67669324,GALAXY,SDSS_DR18_SPECTROSCOPY,ZWARNING_0_SCIENCEPRIMARY
TRD006194,154.54329,0.77647939,GALAXY,SDSS_DR18_SPECTROSCOPY,ZWARNING_0_SCIENCEPRIMARY
TRD006195,154.70998,0.55881282,GALAXY,SDSS_DR18_SPECTROSCOPY,ZWARNING_0_SCIENCEPRIMARY
TRD006196,154.77448,0.61919101,GALAXY,SDSS_DR18_SPECTROSCOPY,ZWARNING_0_SCIENCEPRIMARY
TRD006197,154.54448,0.6718661,GALAXY,SDSS_DR18_SPECTROSCOPY,ZWARNING_0_SCIENCEPRIMARY
TRD006198,155.03097,0.46688065,GALAXY,SDSS_DR18_SPECTROSCOPY,ZWARNING_0_SCIENCEPRIMARY
TRD006199,154.99543,0.36319134,GALAXY,SDSS_DR18_SPECTROSCOPY,ZWARNING_0_SCIENCEPRIMARY
TRD006200,155.00472,0.31997364,GALAXY,SDSS_DR18_SPECTROSCOPY,ZWARNING_0_SCIENCEPRIMARY
TRD006201,154.99018,0.52807783,GALAXY,SDSS_DR18_SPECTROSCOPY,ZWARNING_0_SCIENCEPRIMARY
TRD006202,155.02152,0.53604033,GALAXY,SDSS_DR18_SPECTROSCOPY,ZWARNING_0_SCIENCEPRIMARY
TRD006203,155.04727,0.43328027,GALAXY,SDSS_DR18_SPECTROSCOPY,ZWARNING_0_SCIENCEPRIMARY
TRD006204,155.05879,0.52562314,GALAXY,SDSS_DR18_SPECTROSCOPY,ZWARNING_0_SCIENCEPRIMARY
TRD006205,155.07391,0.52856026,GALAXY,SDSS_DR18_SPECTROSCOPY,ZWARNING_0_SCIENCEPRIMARY
TRD006206,155.19108,0.41012295,GALAXY,SDSS_DR18_SPECTROSCOPY,ZWARNING_0_SCIENCEPRIMARY
TRD006207,155.13413,0.32827599,GALAXY,SDSS_DR18_SPECTROSCOPY,ZWARNING_0_SCIENCEPRIMARY
TRD006208,155.14079,0.54935188,GALAXY,SDSS_DR18_SPECTROSCOPY,ZWARNING_0_SCIENCEPRIMARY
TRD006209,155.17799,0.3807636,GALAXY,SDSS_DR18_SPECTROSCOPY,ZWARNING_0_SCIENCEPRIMARY
TRD006210,155.16412,0.0022595689,GALAXY,SDSS_DR18_SPECTROSCOPY,ZWARNING_0_SCIENCEPRIMARY
TRD006211,155.13756,1.1986208,GALAXY,SDSS_DR18_SPECTROSCOPY,ZWARNING_0_SCIENCEPRIMARY
TRD006212,155.2972,1.0812544,GALAXY,SDSS_DR18_SPECTROSCOPY,ZWARNING_0_SCIENCEPRIMARY
TRD006213,154.70089,1.2578076,GALAXY,SDSS_DR18_SPECTROSCOPY,ZWARNING_0_SCIENCEPRIMARY
TRD006214,154.89278,0.95129394,GALAXY,SDSS_DR18_SPECTROSCOPY,ZWARNING_0_SCIENCEPRIMARY
TRD006215,155.16362,0.98621884,GALAXY,SDSS_DR18_SPECTROSCOPY,ZWARNING_0_SCIENCEPRIMARY
TRD006216,154.92791,0.95287835,GALAXY,SDSS_DR18_SPECTROSCOPY,ZWARNING_0_SCIENCEPRIMARY
TRD006217,154.84544,0.61206926,GALAXY,SDSS_DR18_SPECTROSCOPY,ZWARNING_0_SCIENCEPRIMARY
TRD006218,155.10234,0.75706406,GALAXY,SDSS_DR18_SPECTROSCOPY,ZWARNING_0_SCIENCEPRIMARY
TRD006219,154.84387,0.9827841,GALAXY,SDSS_DR18_SPECTROSCOPY,ZWARNING_0_SCIENCEPRIMARY
TRD006220,154.90417,0.5862916,GALAXY,SDSS_DR18_SPECTROSCOPY,ZWARNING_0_SCIENCEPRIMARY
TRD006221,155.2683,0.16151466,GALAXY,SDSS_DR18_SPECTROSCOPY,ZWARNING_0_SCIENCEPRIMARY
TRD006222,155.47169,0.29534091,GALAXY,SDSS_DR18_SPECTROSCOPY,ZWARNING_0_SCIENCEPRIMARY
TRD006223,155.27656,0.47796418,GALAXY,SDSS_DR18_SPECTROSCOPY,ZWARNING_0_SCIENCEPRIMARY
TRD006224,155.46497,0.41011418,GALAXY,SDSS_DR18_SPECTROSCOPY,ZWARNING_0_SCIENCEPRIMARY
TRD006225,155.49269,0.22597382,GALAXY,SDSS_DR18_SPECTROSCOPY,ZWARNING_0_SCIENCEPRIMARY
TRD006226,155.29591,0.03058956,GALAXY,SDSS_DR18_SPECTROSCOPY,ZWARNING_0_SCIENCEPRIMARY
TRD006227,155.43059,0.44775594,GALAXY,SDSS_DR18_SPECTROSCOPY,ZWARNING_0_SCIENCEPRIMARY
TRD006228,155.25032,0.35398897,GALAXY,SDSS_DR18_SPECTROSCOPY,ZWARNING_0_SCIENCEPRIMARY
TRD006229,155.44416,0.055572696,GALAXY,SDSS_DR18_SPECTROSCOPY,ZWARNING_0_SCIENCEPRIMARY
TRD006230,155.41947,0.065405044,GALAXY,SDSS_DR18_SPECTROSCOPY,ZWARNING_0_SCIENCEPRIMARY
TRD006231,155.33813,0.32644081,GALAXY,SDSS_DR18_SPECTROSCOPY,ZWARNING_0_SCIENCEPRIMARY
TRD006232,155.22216,0.35798062,GALAXY,SDSS_DR18_SPECTROSCOPY,ZWARNING_0_SCIENCEPRIMARY
TRD006233,155.39165,0.074350961,GALAXY,SDSS_DR18_SPECTROSCOPY,ZWARNING_0_SCIENCEPRIMARY
TRD006234,155.42221,-0.0076265473,GALAXY,SDSS_DR18_SPECTROSCOPY,ZWARNING_0_SCIENCEPRIMARY
TRD006235,155.22469,0.12276484,GALAXY,SDSS_DR18_SPECTROSCOPY,ZWARNING_0_SCIENCEPRIMARY
TRD006236,155.4117,0.13399389,GALAXY,SDSS_DR18_SPECTROSCOPY,ZWARNING_0_SCIENCEPRIMARY
TRD006237,155.47368,0.71993944,GALAXY,SDSS_DR18_SPECTROSCOPY,ZWARNING_0_SCIENCEPRIMARY
TRD006238,155.26752,0.74230825,GALAXY,SDSS_DR18_SPECTROSCOPY,ZWARNING_0_SCIENCEPRIMARY
TRD006239,155.2014,0.79204504,GALAXY,SDSS_DR18_SPECTROSCOPY,ZWARNING_0_SCIENCEPRIMARY
TRD006240,155.23671,0.95203855,GALAXY,SDSS_DR18_SPECTROSCOPY,ZWARNING_0_SCIENCEPRIMARY
TRD006241,155.3776,0.68786904,GALAXY,SDSS_DR18_SPECTROSCOPY,ZWARNING_0_SCIENCEPRIMARY
TRD006242,155.27426,0.62929575,GALAXY,SDSS_DR18_SPECTROSCOPY,ZWARNING_0_SCIENCEPRIMARY
TRD006243,155.51568,0.63287786,GALAXY,SDSS_DR18_SPECTROSCOPY,ZWARNING_0_SCIENCEPRIMARY
TRD006244,155.17618,0.65540204,GALAXY,SDSS_DR18_SPECTROSCOPY,ZWARNING_0_SCIENCEPRIMARY
TRD006245,155.41209,0.89995328,GALAXY,SDSS_DR18_SPECTROSCOPY,ZWARNING_0_SCIENCEPRIMARY
TRD006246,155.17971,0.5972006,GALAXY,SDSS_DR18_SPECTROSCOPY,ZWARNING_0_SCIENCEPRIMARY
TRD006247,155.2819,0.68260419,GALAXY,SDSS_DR18_SPECTROSCOPY,ZWARNING_0_SCIENCEPRIMARY
TRD006248,155.28526,0.64081988,GALAXY,SDSS_DR18_SPECTROSCOPY,ZWARNING_0_SCIENCEPRIMARY
TRD006249,155.29277,0.65518067,GALAXY,SDSS_DR18_SPECTROSCOPY,ZWARNING_0_SCIENCEPRIMARY
TRD006250,155.38135,0.83572574,GALAXY,SDSS_DR18_SPECTROSCOPY,ZWARNING_0_SCIENCEPRIMARY
TRD006251,155.71163,-0.016959834,GALAXY,SDSS_DR18_SPECTROSCOPY,ZWARNING_0_SCIENCEPRIMARY
TRD006252,155.72468,0.24931005,GALAXY,SDSS_DR18_SPECTROSCOPY,ZWARNING_0_SCIENCEPRIMARY
TRD006253,155.63065,0.2576953,GALAXY,SDSS_DR18_SPECTROSCOPY,ZWARNING_0_SCIENCEPRIMARY
TRD006254,155.54229,0.40604419,GALAXY,SDSS_DR18_SPECTROSCOPY,ZWARNING_0_SCIENCEPRIMARY
TRD006255,155.66956,0.37507284,GALAXY,SDSS_DR18_SPECTROSCOPY,ZWARNING_0_SCIENCEPRIMARY
TRD006256,155.54434,0.54406087,GALAXY,SDSS_DR18_SPECTROSCOPY,ZWARNING_0_SCIENCEPRIMARY
TRD006257,155.51751,0.48006135,GALAXY,SDSS_DR18_SPECTROSCOPY,ZWARNING_0_SCIENCEPRIMARY
TRD006258,155.57276,0.35867933,GALAXY,SDSS_DR18_SPECTROSCOPY,ZWARNING_0_SCIENCEPRIMARY
TRD006259,155.65925,0.44176063,GALAXY,SDSS_DR18_SPECTROSCOPY,ZWARNING_0_SCIENCEPRIMARY
TRD006260,155.55642,0.20663192,GALAXY,SDSS_DR18_SPECTROSCOPY,ZWARNING_0_SCIENCEPRIMARY
TRD006261,155.61682,0.28418896,GALAXY,SDSS_DR18_SPECTROSCOPY,ZWARNING_0_SCIENCEPRIMARY
TRD006262,155.57764,0.38707547,GALAXY,SDSS_DR18_SPECTROSCOPY,ZWARNING_0_SCIENCEPRIMARY
TRD006263,155.52475,0.021538786,GALAXY,SDSS_DR18_SPECTROSCOPY,ZWARNING_0_SCIENCEPRIMARY
TRD006264,155.53695,0.38889371,GALAXY,SDSS_DR18_SPECTROSCOPY,ZWARNING_0_SCIENCEPRIMARY
TRD006265,155.68051,0.092133564,GALAXY,SDSS_DR18_SPECTROSCOPY,ZWARNING_0_SCIENCEPRIMARY
TRD006266,155.59602,0.33884883,GALAXY,SDSS_DR18_SPECTROSCOPY,ZWARNING_0_SCIENCEPRIMARY
TRD006267,156.68282,-0.70083475,GALAXY,SDSS_DR18_SPECTROSCOPY,ZWARNING_0_SCIENCEPRIMARY
TRD006268,156.71152,-0.94720084,GALAXY,SDSS_DR18_SPECTROSCOPY,ZWARNING_0_SCIENCEPRIMARY
TRD006269,156.81481,-0.73774172,GALAXY,SDSS_DR18_SPECTROSCOPY,ZWARNING_0_SCIENCEPRIMARY
TRD006270,156.794,-1.120724,GALAXY,SDSS_DR18_SPECTROSCOPY,ZWARNING_0_SCIENCEPRIMARY
TRD006271,156.97399,-0.95646234,GALAXY,SDSS_DR18_SPECTROSCOPY,ZWARNING_0_SCIENCEPRIMARY
TRD006272,157.09897,-0.82344723,GALAXY,SDSS_DR18_SPECTROSCOPY,ZWARNING_0_SCIENCEPRIMARY
TRD006273,157.03618,-0.8537467,GALAXY,SDSS_DR18_SPECTROSCOPY,ZWARNING_0_SCIENCEPRIMARY
TRD006274,156.88579,-1.0770726,GALAXY,SDSS_DR18_SPECTROSCOPY,ZWARNING_0_SCIENCEPRIMARY
TRD006275,156.79417,-0.69156944,GALAXY,SDSS_DR18_SPECTROSCOPY,ZWARNING_0_SCIENCEPRIMARY
TRD006276,157.22406,-0.83136846,GALAXY,SDSS_DR18_SPECTROSCOPY,ZWARNING_0_SCIENCEPRIMARY
TRD006277,156.90378,-0.76664933,GALAXY,SDSS_DR18_SPECTROSCOPY,ZWARNING_0_SCIENCEPRIMARY
TRD006278,157.16371,-0.77598231,GALAXY,SDSS_DR18_SPECTROSCOPY,ZWARNING_0_SCIENCEPRIMARY
TRD006279,156.89555,-0.77998156,GALAXY,SDSS_DR18_SPECTROSCOPY,ZWARNING_0_SCIENCEPRIMARY
TRD006280,156.85937,-0.85191048,GALAXY,SDSS_DR18_SPECTROSCOPY,ZWARNING_0_SCIENCEPRIMARY
TRD006281,156.85655,-0.70898048,GALAXY,SDSS_DR18_SPECTROSCOPY,ZWARNING_0_SCIENCEPRIMARY
TRD006282,157.2008,-0.61149252,GALAXY,SDSS_DR18_SPECTROSCOPY,ZWARNING_0_SCIENCEPRIMARY
TRD006283,157.17812,-0.1445646,GALAXY,SDSS_DR18_SPECTROSCOPY,ZWARNING_0_SCIENCEPRIMARY
TRD006284,157.46935,-0.17436728,GALAXY,SDSS_DR18_SPECTROSCOPY,ZWARNING_0_SCIENCEPRIMARY
TRD006285,157.3816,-0.47956901,GALAXY,SDSS_DR18_SPECTROSCOPY,ZWARNING_0_SCIENCEPRIMARY
TRD006286,157.31834,-0.47109191,GALAXY,SDSS_DR18_SPECTROSCOPY,ZWARNING_0_SCIENCEPRIMARY
TRD006287,157.24099,-0.16927279,GALAXY,SDSS_DR18_SPECTROSCOPY,ZWARNING_0_SCIENCEPRIMARY
TRD006288,157.29985,-0.17041115,GALAXY,SDSS_DR18_SPECTROSCOPY,ZWARNING_0_SCIENCEPRIMARY
TRD006289,157.30327,-0.11073579,GALAXY,SDSS_DR18_SPECTROSCOPY,ZWARNING_0_SCIENCEPRIMARY
TRD006290,157.23437,-0.03394825,GALAXY,SDSS_DR18_SPECTROSCOPY,ZWARNING_0_SCIENCEPRIMARY
TRD006291,157.41687,-0.035975245,GALAXY,SDSS_DR18_SPECTROSCOPY,ZWARNING_0_SCIENCEPRIMARY
TRD006292,157.43014,-0.13236165,GALAXY,SDSS_DR18_SPECTROSCOPY,ZWARNING_0_SCIENCEPRIMARY
TRD006293,157.31729,-0.63036339,GALAXY,SDSS_DR18_SPECTROSCOPY,ZWARNING_0_SCIENCEPRIMARY
TRD006294,157.44524,-0.031821209,GALAXY,SDSS_DR18_SPECTROSCOPY,ZWARNING_0_SCIENCEPRIMARY
TRD006295,157.4807,-0.082453344,GALAXY,SDSS_DR18_SPECTROSCOPY,ZWARNING_0_SCIENCEPRIMARY
TRD006296,157.39189,-0.05737848,GALAXY,SDSS_DR18_SPECTROSCOPY,ZWARNING_0_SCIENCEPRIMARY
TRD006297,157.43376,-0.40771141,GALAXY,SDSS_DR18_SPECTROSCOPY,ZWARNING_0_SCIENCEPRIMARY
TRD006298,156.49064,-0.76811332,GALAXY,SDSS_DR18_SPECTROSCOPY,ZWARNING_0_SCIENCEPRIMARY
TRD006299,156.53257,-0.74082817,GALAXY,SDSS_DR18_SPECTROSCOPY,ZWARNING_0_SCIENCEPRIMARY
TRD006300,156.61018,-1.0250434,GALAXY,SDSS_DR18_SPECTROSCOPY,ZWARNING_0_SCIENCEPRIMARY
TRD006301,156.52493,-1.1379208,GALAXY,SDSS_DR18_SPECTROSCOPY,ZWARNING_0_SCIENCEPRIMARY
TRD006302,156.37311,-1.1130152,GALAXY,SDSS_DR18_SPECTROSCOPY,ZWARNING_0_SCIENCEPRIMARY
TRD006303,156.47701,-0.6542368,GALAXY,SDSS_DR18_SPECTROSCOPY,ZWARNING_0_SCIENCEPRIMARY
TRD006304,156.63634,-0.90546575,GALAXY,SDSS_DR18_SPECTROSCOPY,ZWARNING_0_SCIENCEPRIMARY
TRD006305,156.55451,-0.67025714,GALAXY,SDSS_DR18_SPECTROSCOPY,ZWARNING_0_SCIENCEPRIMARY
TRD006306,156.59312,-1.1133626,GALAXY,SDSS_DR18_SPECTROSCOPY,ZWARNING_0_SCIENCEPRIMARY
TRD006307,156.51159,-0.65325008,GALAXY,SDSS_DR18_SPECTROSCOPY,ZWARNING_0_SCIENCEPRIMARY
TRD006308,156.66018,-0.66248116,GALAXY,SDSS_DR18_SPECTROSCOPY,ZWARNING_0_SCIENCEPRIMARY
TRD006309,156.63384,-0.71109608,GALAXY,SDSS_DR18_SPECTROSCOPY,ZWARNING_0_SCIENCEPRIMARY
TRD006310,156.65411,-0.70273848,GALAXY,SDSS_DR18_SPECTROSCOPY,ZWARNING_0_SCIENCEPRIMARY
TRD006311,156.57545,-0.66806238,GALAXY,SDSS_DR18_SPECTROSCOPY,ZWARNING_0_SCIENCEPRIMARY
TRD006312,157.09999,-0.19422599,GALAXY,SDSS_DR18_SPECTROSCOPY,ZWARNING_0_SCIENCEPRIMARY
TRD006313,157.16485,-0.54224107,GALAXY,SDSS_DR18_SPECTROSCOPY,ZWARNING_0_SCIENCEPRIMARY
TRD006314,157.083,-0.58656497,GALAXY,SDSS_DR18_SPECTROSCOPY,ZWARNING_0_SCIENCEPRIMARY
TRD006315,157.04846,-0.54237089,GALAXY,SDSS_DR18_SPECTROSCOPY,ZWARNING_0_SCIENCEPRIMARY
TRD006316,157.09537,-0.65228854,GALAXY,SDSS_DR18_SPECTROSCOPY,ZWARNING_0_SCIENCEPRIMARY
TRD006317,157.16556,-0.61774639,GALAXY,SDSS_DR18_SPECTROSCOPY,ZWARNING_0_SCIENCEPRIMARY
TRD006318,157.04588,-0.49994821,GALAXY,SDSS_DR18_SPECTROSCOPY,ZWARNING_0_SCIENCEPRIMARY
TRD006319,157.07364,-0.64570485,GALAXY,SDSS_DR18_SPECTROSCOPY,ZWARNING_0_SCIENCEPRIMARY
TRD006320,157.14826,-0.65024121,GALAXY,SDSS_DR18_SPECTROSCOPY,ZWARNING_0_SCIENCEPRIMARY
TRD006321,157.09278,-0.067301514,GALAXY,SDSS_DR18_SPECTROSCOPY,ZWARNING_0_SCIENCEPRIMARY
TRD006322,156.85203,-0.20135364,GALAXY,SDSS_DR18_SPECTROSCOPY,ZWARNING_0_SCIENCEPRIMARY
TRD006323,156.81631,0.012906627,GALAXY,SDSS_DR18_SPECTROSCOPY,ZWARNING_0_SCIENCEPRIMARY
TRD006324,156.77513,-0.18679218,GALAXY,SDSS_DR18_SPECTROSCOPY,ZWARNING_0_SCIENCEPRIMARY
TRD006325,156.81434,-0.040522668,GALAXY,SDSS_DR18_SPECTROSCOPY,ZWARNING_0_SCIENCEPRIMARY
TRD006326,156.78767,-0.037703755,GALAXY,SDSS_DR18_SPECTROSCOPY,ZWARNING_0_SCIENCEPRIMARY
TRD006327,156.79945,-0.087119232,GALAXY,SDSS_DR18_SPECTROSCOPY,ZWARNING_0_SCIENCEPRIMARY
TRD006328,157.14223,0.021439377,GALAXY,SDSS_DR18_SPECTROSCOPY,ZWARNING_0_SCIENCEPRIMARY
TRD006329,156.14977,-0.8629714,GALAXY,SDSS_DR18_SPECTROSCOPY,ZWARNING_0_SCIENCEPRIMARY
TRD006330,156.19824,-0.99733128,GALAXY,SDSS_DR18_SPECTROSCOPY,ZWARNING_0_SCIENCEPRIMARY
TRD006331,156.18002,-0.88031095,GALAXY,SDSS_DR18_SPECTROSCOPY,ZWARNING_0_SCIENCEPRIMARY
TRD006332,156.26618,-1.0870754,GALAXY,SDSS_DR18_SPECTROSCOPY,ZWARNING_0_SCIENCEPRIMARY
TRD006333,156.30353,-1.1787401,GALAXY,SDSS_DR18_SPECTROSCOPY,ZWARNING_0_SCIENCEPRIMARY
TRD006334,156.13657,-1.1557952,GALAXY,SDSS_DR18_SPECTROSCOPY,ZWARNING_0_SCIENCEPRIMARY
TRD006335,156.31118,-0.75883631,GALAXY,SDSS_DR18_SPECTROSCOPY,ZWARNING_0_SCIENCEPRIMARY
TRD006336,156.2534,-0.6788735,GALAXY,SDSS_DR18_SPECTROSCOPY,ZWARNING_0_SCIENCEPRIMARY
TRD006337,156.20971,-0.89526469,GALAXY,SDSS_DR18_SPECTROSCOPY,ZWARNING_0_SCIENCEPRIMARY
TRD006338,156.34953,-0.81171134,GALAXY,SDSS_DR18_SPECTROSCOPY,ZWARNING_0_SCIENCEPRIMARY
TRD006339,156.09704,-0.80012005,GALAXY,SDSS_DR18_SPECTROSCOPY,ZWARNING_0_SCIENCEPRIMARY
TRD006340,156.24037,-0.82950123,GALAXY,SDSS_DR18_SPECTROSCOPY,ZWARNING_0_SCIENCEPRIMARY
TRD006341,156.64904,-0.63424439,GALAXY,SDSS_DR18_SPECTROSCOPY,ZWARNING_0_SCIENCEPRIMARY
TRD006342,156.72749,-0.54149707,GALAXY,SDSS_DR18_SPECTROSCOPY,ZWARNING_0_SCIENCEPRIMARY
TRD006343,156.60005,-0.60565329,GALAXY,SDSS_DR18_SPECTROSCOPY,ZWARNING_0_SCIENCEPRIMARY
TRD006344,156.6228,-0.64094553,GALAXY,SDSS_DR18_SPECTROSCOPY,ZWARNING_0_SCIENCEPRIMARY
TRD006345,156.58897,-0.62046608,GALAXY,SDSS_DR18_SPECTROSCOPY,ZWARNING_0_SCIENCEPRIMARY
TRD006346,156.65586,-0.5689402,GALAXY,SDSS_DR18_SPECTROSCOPY,ZWARNING_0_SCIENCEPRIMARY
TRD006347,156.76579,-0.58637991,GALAXY,SDSS_DR18_SPECTROSCOPY,ZWARNING_0_SCIENCEPRIMARY
TRD006348,156.74477,-0.54469121,GALAXY,SDSS_DR18_SPECTROSCOPY,ZWARNING_0_SCIENCEPRIMARY
TRD006349,156.69092,-0.55592159,GALAXY,SDSS_DR18_SPECTROSCOPY,ZWARNING_0_SCIENCEPRIMARY
TRD006350,156.64679,-0.032751562,GALAXY,SDSS_DR18_SPECTROSCOPY,ZWARNING_0_SCIENCEPRIMARY
TRD006351,156.55778,-0.034574632,GALAXY,SDSS_DR18_SPECTROSCOPY,ZWARNING_0_SCIENCEPRIMARY
TRD006352,156.67311,-0.46311692,GALAXY,SDSS_DR18_SPECTROSCOPY,ZWARNING_0_SCIENCEPRIMARY
TRD006353,156.7288,0.056652227,GALAXY,SDSS_DR18_SPECTROSCOPY,ZWARNING_0_SCIENCEPRIMARY
TRD006354,156.63335,-0.48926341,GALAXY,SDSS_DR18_SPECTROSCOPY,ZWARNING_0_SCIENCEPRIMARY
TRD006355,156.57778,-0.26165016,GALAXY,SDSS_DR18_SPECTROSCOPY,ZWARNING_0_SCIENCEPRIMARY
TRD006356,156.58824,-0.30898029,GALAXY,SDSS_DR18_SPECTROSCOPY,ZWARNING_0_SCIENCEPRIMARY
TRD006357,156.56372,-0.45639908,GALAXY,SDSS_DR18_SPECTROSCOPY,ZWARNING_0_SCIENCEPRIMARY
TRD006358,155.91002,-1.1096802,GALAXY,SDSS_DR18_SPECTROSCOPY,ZWARNING_0_SCIENCEPRIMARY
TRD006359,155.9192,-1.2347177,GALAXY,SDSS_DR18_SPECTROSCOPY,ZWARNING_0_SCIENCEPRIMARY
TRD006360,155.89385,-1.1069872,GALAXY,SDSS_DR18_SPECTROSCOPY,ZWARNING_0_SCIENCEPRIMARY
TRD006361,155.90628,-0.92863132,GALAXY,SDSS_DR18_SPECTROSCOPY,ZWARNING_0_SCIENCEPRIMARY
TRD006362,156.0713,-0.97929151,GALAXY,SDSS_DR18_SPECTROSCOPY,ZWARNING_0_SCIENCEPRIMARY
TRD006363,155.90297,-1.0593843,GALAXY,SDSS_DR18_SPECTROSCOPY,ZWARNING_0_SCIENCEPRIMARY
TRD006364,155.98391,-1.1646898,GALAXY,SDSS_DR18_SPECTROSCOPY,ZWARNING_0_SCIENCEPRIMARY
TRD006365,155.99768,-0.89788549,GALAXY,SDSS_DR18_SPECTROSCOPY,ZWARNING_0_SCIENCEPRIMARY
TRD006366,155.88225,-1.1210009,GALAXY,SDSS_DR18_SPECTROSCOPY,ZWARNING_0_SCIENCEPRIMARY
TRD006367,155.94589,-0.76533866,GALAXY,SDSS_DR18_SPECTROSCOPY,ZWARNING_0_SCIENCEPRIMARY
TRD006368,156.03186,-1.148839,GALAXY,SDSS_DR18_SPECTROSCOPY,ZWARNING_0_SCIENCEPRIMARY
TRD006369,156.09299,-1.0535796,GALAXY,SDSS_DR18_SPECTROSCOPY,ZWARNING_0_SCIENCEPRIMARY
TRD006370,156.08771,-0.77714514,GALAXY,SDSS_DR18_SPECTROSCOPY,ZWARNING_0_SCIENCEPRIMARY
TRD006371,156.05595,-0.67521118,GALAXY,SDSS_DR18_SPECTROSCOPY,ZWARNING_0_SCIENCEPRIMARY
TRD006372,155.89086,-1.2123972,GALAXY,SDSS_DR18_SPECTROSCOPY,ZWARNING_0_SCIENCEPRIMARY
TRD006373,156.32758,-0.56760557,GALAXY,SDSS_DR18_SPECTROSCOPY,ZWARNING_0_SCIENCEPRIMARY
TRD006374,156.32791,-0.42294276,GALAXY,SDSS_DR18_SPECTROSCOPY,ZWARNING_0_SCIENCEPRIMARY
TRD006375,156.30458,-0.51423294,GALAXY,SDSS_DR18_SPECTROSCOPY,ZWARNING_0_SCIENCEPRIMARY
TRD006376,156.4059,-0.56463716,GALAXY,SDSS_DR18_SPECTROSCOPY,ZWARNING_0_SCIENCEPRIMARY
TRD006377,156.48138,-0.44271114,GALAXY,SDSS_DR18_SPECTROSCOPY,ZWARNING_0_SCIENCEPRIMARY
TRD006378,156.35642,-0.5991582,GALAXY,SDSS_DR18_SPECTROSCOPY,ZWARNING_0_SCIENCEPRIMARY
TRD006379,156.50634,-0.49195833,GALAXY,SDSS_DR18_SPECTROSCOPY,ZWARNING_0_SCIENCEPRIMARY
TRD006380,156.46386,-0.58817712,GALAXY,SDSS_DR18_SPECTROSCOPY,ZWARNING_0_SCIENCEPRIMARY
TRD006381,156.3269,0.031245672,GALAXY,SDSS_DR18_SPECTROSCOPY,ZWARNING_0_SCIENCEPRIMARY
TRD006382,156.41126,-0.27161014,GALAXY,SDSS_DR18_SPECTROSCOPY,ZWARNING_0_SCIENCEPRIMARY
TRD006383,156.51582,-0.62886737,GALAXY,SDSS_DR18_SPECTROSCOPY,ZWARNING_0_SCIENCEPRIMARY
TRD006384,156.3192,-0.2663405,GALAXY,SDSS_DR18_SPECTROSCOPY,ZWARNING_0_SCIENCEPRIMARY
TRD006385,156.4751,-0.28758556,GALAXY,SDSS_DR18_SPECTROSCOPY,ZWARNING_0_SCIENCEPRIMARY
TRD006386,156.48145,-0.63100928,GALAXY,SDSS_DR18_SPECTROSCOPY,ZWARNING_0_SCIENCEPRIMARY
TRD006387,156.44894,-0.24312988,GALAXY,SDSS_DR18_SPECTROSCOPY,ZWARNING_0_SCIENCEPRIMARY
TRD006388,156.37854,-0.1773019,GALAXY,SDSS_DR18_SPECTROSCOPY,ZWARNING_0_SCIENCEPRIMARY
TRD006389,156.21194,-0.59850717,GALAXY,SDSS_DR18_SPECTROSCOPY,ZWARNING_0_SCIENCEPRIMARY
TRD006390,156.28972,-0.43185834,GALAXY,SDSS_DR18_SPECTROSCOPY,ZWARNING_0_SCIENCEPRIMARY
TRD006391,156.28804,-0.5653158,GALAXY,SDSS_DR18_SPECTROSCOPY,ZWARNING_0_SCIENCEPRIMARY
TRD006392,156.15473,-0.21379478,GALAXY,SDSS_DR18_SPECTROSCOPY,ZWARNING_0_SCIENCEPRIMARY
TRD006393,156.23093,-0.46514109,GALAXY,SDSS_DR18_SPECTROSCOPY,ZWARNING_0_SCIENCEPRIMARY
TRD006394,156.11493,-0.3666528,GALAXY,SDSS_DR18_SPECTROSCOPY,ZWARNING_0_SCIENCEPRIMARY
TRD006395,156.12847,0.058827519,GALAXY,SDSS_DR18_SPECTROSCOPY,ZWARNING_0_SCIENCEPRIMARY
TRD006396,156.28448,-0.075287273,GALAXY,SDSS_DR18_SPECTROSCOPY,ZWARNING_0_SCIENCEPRIMARY
TRD006397,156.24745,-0.12431061,GALAXY,SDSS_DR18_SPECTROSCOPY,ZWARNING_0_SCIENCEPRIMARY
TRD006398,156.23819,-0.36562206,GALAXY,SDSS_DR18_SPECTROSCOPY,ZWARNING_0_SCIENCEPRIMARY
TRD006399,156.19619,-0.27355211,GALAXY,SDSS_DR18_SPECTROSCOPY,ZWARNING_0_SCIENCEPRIMARY
TRD006400,156.12826,-0.62882106,GALAXY,SDSS_DR18_SPECTROSCOPY,ZWARNING_0_SCIENCEPRIMARY
TRD006401,155.88025,-0.52825266,GALAXY,SDSS_DR18_SPECTROSCOPY,ZWARNING_0_SCIENCEPRIMARY
TRD006402,155.86411,-0.22381505,GALAXY,SDSS_DR18_SPECTROSCOPY,ZWARNING_0_SCIENCEPRIMARY
TRD006403,155.85284,-0.16560838,GALAXY,SDSS_DR18_SPECTROSCOPY,ZWARNING_0_SCIENCEPRIMARY
TRD006404,155.89809,-0.22152804,GALAXY,SDSS_DR18_SPECTROSCOPY,ZWARNING_0_SCIENCEPRIMARY
TRD006405,155.98809,-0.61396337,GALAXY,SDSS_DR18_SPECTROSCOPY,ZWARNING_0_SCIENCEPRIMARY
TRD006406,155.84338,-0.51001266,GALAXY,SDSS_DR18_SPECTROSCOPY,ZWARNING_0_SCIENCEPRIMARY
TRD006407,156.07936,-0.32091085,GALAXY,SDSS_DR18_SPECTROSCOPY,ZWARNING_0_SCIENCEPRIMARY
TRD006408,155.945,-0.30243207,GALAXY,SDSS_DR18_SPECTROSCOPY,ZWARNING_0_SCIENCEPRIMARY
TRD006409,155.95687,-0.25377967,GALAXY,SDSS_DR18_SPECTROSCOPY,ZWARNING_0_SCIENCEPRIMARY
TRD006410,156.07479,-0.16460835,GALAXY,SDSS_DR18_SPECTROSCOPY,ZWARNING_0_SCIENCEPRIMARY
TRD006411,155.91688,-0.22494771,GALAXY,SDSS_DR18_SPECTROSCOPY,ZWARNING_0_SCIENCEPRIMARY
TRD006412,155.91802,-0.061487004,GALAXY,SDSS_DR18_SPECTROSCOPY,ZWARNING_0_SCIENCEPRIMARY
TRD006413,155.95351,-0.17093165,GALAXY,SDSS_DR18_SPECTROSCOPY,ZWARNING_0_SCIENCEPRIMARY
TRD006414,155.90576,-0.45641044,GALAXY,SDSS_DR18_SPECTROSCOPY,ZWARNING_0_SCIENCEPRIMARY
TRD006415,155.971,-0.10296677,GALAXY,SDSS_DR18_SPECTROSCOPY,ZWARNING_0_SCIENCEPRIMARY
TRD006416,155.57702,-1.0694029,GALAXY,SDSS_DR18_SPECTROSCOPY,ZWARNING_0_SCIENCEPRIMARY
TRD006417,155.7522,-1.1827819,GALAXY,SDSS_DR18_SPECTROSCOPY,ZWARNING_0_SCIENCEPRIMARY
TRD006418,155.7619,-0.98487275,GALAXY,SDSS_DR18_SPECTROSCOPY,ZWARNING_0_SCIENCEPRIMARY
TRD006419,155.65355,-1.1389341,GALAXY,SDSS_DR18_SPECTROSCOPY,ZWARNING_0_SCIENCEPRIMARY
TRD006420,155.73729,-1.1776902,GALAXY,SDSS_DR18_SPECTROSCOPY,ZWARNING_0_SCIENCEPRIMARY
TRD006421,155.66737,-1.0635387,GALAXY,SDSS_DR18_SPECTROSCOPY,ZWARNING_0_SCIENCEPRIMARY
TRD006422,155.61531,-0.92616,GALAXY,SDSS_DR18_SPECTROSCOPY,ZWARNING_0_SCIENCEPRIMARY
TRD006423,155.61483,-1.1943602,GALAXY,SDSS_DR18_SPECTROSCOPY,ZWARNING_0_SCIENCEPRIMARY
TRD006424,155.64621,-1.0436789,GALAXY,SDSS_DR18_SPECTROSCOPY,ZWARNING_0_SCIENCEPRIMARY
TRD006425,155.59998,-1.0243168,GALAXY,SDSS_DR18_SPECTROSCOPY,ZWARNING_0_SCIENCEPRIMARY
TRD006426,155.72274,-1.0654862,GALAXY,SDSS_DR18_SPECTROSCOPY,ZWARNING_0_SCIENCEPRIMARY
TRD006427,155.7333,-0.95691258,GALAXY,SDSS_DR18_SPECTROSCOPY,ZWARNING_0_SCIENCEPRIMARY
TRD006428,155.57357,-0.84797833,GALAXY,SDSS_DR18_SPECTROSCOPY,ZWARNING_0_SCIENCEPRIMARY
TRD006429,155.63968,-0.73693507,GALAXY,SDSS_DR18_SPECTROSCOPY,ZWARNING_0_SCIENCEPRIMARY
TRD006430,155.80925,-0.31461073,GALAXY,SDSS_DR18_SPECTROSCOPY,ZWARNING_0_SCIENCEPRIMARY
TRD006431,155.78837,-0.28945201,GALAXY,SDSS_DR18_SPECTROSCOPY,ZWARNING_0_SCIENCEPRIMARY
TRD006432,155.80096,-0.21394557,GALAXY,SDSS_DR18_SPECTROSCOPY,ZWARNING_0_SCIENCEPRIMARY
TRD006433,155.76431,0.0069970185,GALAXY,SDSS_DR18_SPECTROSCOPY,ZWARNING_0_SCIENCEPRIMARY
TRD006434,155.70727,-0.053821332,GALAXY,SDSS_DR18_SPECTROSCOPY,ZWARNING_0_SCIENCEPRIMARY
TRD006435,155.68866,-0.0030818154,GALAXY,SDSS_DR18_SPECTROSCOPY,ZWARNING_0_SCIENCEPRIMARY
TRD006436,155.77535,-0.20086959,GALAXY,SDSS_DR18_SPECTROSCOPY,ZWARNING_0_SCIENCEPRIMARY
TRD006437,155.78582,-0.25797242,GALAXY,SDSS_DR18_SPECTROSCOPY,ZWARNING_0_SCIENCEPRIMARY
TRD006438,155.73604,-0.38422208,GALAXY,SDSS_DR18_SPECTROSCOPY,ZWARNING_0_SCIENCEPRIMARY
TRD006439,155.72012,-0.52904148,GALAXY,SDSS_DR18_SPECTROSCOPY,ZWARNING_0_SCIENCEPRIMARY
TRD006440,155.70273,-0.53541947,GALAXY,SDSS_DR18_SPECTROSCOPY,ZWARNING_0_SCIENCEPRIMARY
TRD006441,155.73453,-0.52049304,GALAXY,SDSS_DR18_SPECTROSCOPY,ZWARNING_0_SCIENCEPRIMARY
TRD006442,155.69909,-0.40821798,GALAXY,SDSS_DR18_SPECTROSCOPY,ZWARNING_0_SCIENCEPRIMARY
TRD006443,155.70486,-0.62060383,GALAXY,SDSS_DR18_SPECTROSCOPY,ZWARNING_0_SCIENCEPRIMARY
TRD006444,155.82748,-0.42931454,GALAXY,SDSS_DR18_SPECTROSCOPY,ZWARNING_0_SCIENCEPRIMARY
TRD006445,155.79575,-0.46967696,GALAXY,SDSS_DR18_SPECTROSCOPY,ZWARNING_0_SCIENCEPRIMARY
TRD006446,155.83087,-0.48205394,GALAXY,SDSS_DR18_SPECTROSCOPY,ZWARNING_0_SCIENCEPRIMARY
TRD006447,155.73974,-0.44013885,GALAXY,SDSS_DR18_SPECTROSCOPY,ZWARNING_0_SCIENCEPRIMARY
TRD006448,155.30101,-1.0243777,GALAXY,SDSS_DR18_SPECTROSCOPY,ZWARNING_0_SCIENCEPRIMARY
TRD006449,155.34625,-1.081244,GALAXY,SDSS_DR18_SPECTROSCOPY,ZWARNING_0_SCIENCEPRIMARY
TRD006450,155.26885,-1.0884599,GALAXY,SDSS_DR18_SPECTROSCOPY,ZWARNING_0_SCIENCEPRIMARY
TRD006451,155.51461,-1.089007,GALAXY,SDSS_DR18_SPECTROSCOPY,ZWARNING_0_SCIENCEPRIMARY
TRD006452,155.34911,-1.1984622,GALAXY,SDSS_DR18_SPECTROSCOPY,ZWARNING_0_SCIENCEPRIMARY
TRD006453,155.38512,-1.1699768,GALAXY,SDSS_DR18_SPECTROSCOPY,ZWARNING_0_SCIENCEPRIMARY
TRD006454,155.50104,-1.1334046,GALAXY,SDSS_DR18_SPECTROSCOPY,ZWARNING_0_SCIENCEPRIMARY
TRD006455,155.27799,-1.1477692,GALAXY,SDSS_DR18_SPECTROSCOPY,ZWARNING_0_SCIENCEPRIMARY
TRD006456,155.50957,-1.2481126,GALAXY,SDSS_DR18_SPECTROSCOPY,ZWARNING_0_SCIENCEPRIMARY
TRD006457,155.49275,-0.95430008,GALAXY,SDSS_DR18_SPECTROSCOPY,ZWARNING_0_SCIENCEPRIMARY
TRD006458,155.3348,-0.70172025,GALAXY,SDSS_DR18_SPECTROSCOPY,ZWARNING_0_SCIENCEPRIMARY
TRD006459,155.34771,-0.98802888,GALAXY,SDSS_DR18_SPECTROSCOPY,ZWARNING_0_SCIENCEPRIMARY
TRD006460,155.53834,-0.99364116,GALAXY,SDSS_DR18_SPECTROSCOPY,ZWARNING_0_SCIENCEPRIMARY
TRD006461,155.46049,-1.1532817,GALAXY,SDSS_DR18_SPECTROSCOPY,ZWARNING_0_SCIENCEPRIMARY
TRD006462,155.35846,-1.0116024,GALAXY,SDSS_DR18_SPECTROSCOPY,ZWARNING_0_SCIENCEPRIMARY
TRD006463,155.37373,-1.0421653,GALAXY,SDSS_DR18_SPECTROSCOPY,ZWARNING_0_SCIENCEPRIMARY
TRD006464,155.56111,-0.027233454,GALAXY,SDSS_DR18_SPECTROSCOPY,ZWARNING_0_SCIENCEPRIMARY
TRD006465,155.53235,-0.01561387,GALAXY,SDSS_DR18_SPECTROSCOPY,ZWARNING_0_SCIENCEPRIMARY
TRD006466,155.51972,0.06936538,GALAXY,SDSS_DR18_SPECTROSCOPY,ZWARNING_0_SCIENCEPRIMARY
TRD006467,155.23593,-0.37444635,GALAXY,SDSS_DR18_SPECTROSCOPY,ZWARNING_0_SCIENCEPRIMARY
TRD006468,155.45781,-0.16925329,GALAXY,SDSS_DR18_SPECTROSCOPY,ZWARNING_0_SCIENCEPRIMARY
TRD006469,155.10661,-0.40749868,GALAXY,SDSS_DR18_SPECTROSCOPY,ZWARNING_0_SCIENCEPRIMARY
TRD006470,155.53228,-0.407678,GALAXY,SDSS_DR18_SPECTROSCOPY,ZWARNING_0_SCIENCEPRIMARY
TRD006471,155.53399,-0.30392525,GALAXY,SDSS_DR18_SPECTROSCOPY,ZWARNING_0_SCIENCEPRIMARY
TRD006472,155.19484,-0.26478876,GALAXY,SDSS_DR18_SPECTROSCOPY,ZWARNING_0_SCIENCEPRIMARY
TRD006473,155.57384,0.010334531,GALAXY,SDSS_DR18_SPECTROSCOPY,ZWARNING_0_SCIENCEPRIMARY
TRD006474,155.53228,-0.063680104,GALAXY,SDSS_DR18_SPECTROSCOPY,ZWARNING_0_SCIENCEPRIMARY
TRD006475,155.09208,-0.2122089,GALAXY,SDSS_DR18_SPECTROSCOPY,ZWARNING_0_SCIENCEPRIMARY
TRD006476,155.04741,-0.04593348,GALAXY,SDSS_DR18_SPECTROSCOPY,ZWARNING_0_SCIENCEPRIMARY
TRD006477,155.24973,-1.1940975,GALAXY,SDSS_DR18_SPECTROSCOPY,ZWARNING_0_SCIENCEPRIMARY
TRD006478,154.95569,-1.0226538,GALAXY,SDSS_DR18_SPECTROSCOPY,ZWARNING_0_SCIENCEPRIMARY
TRD006479,154.91938,-0.87150722,GALAXY,SDSS_DR18_SPECTROSCOPY,ZWARNING_0_SCIENCEPRIMARY
TRD006480,154.83497,-0.78638554,GALAXY,SDSS_DR18_SPECTROSCOPY,ZWARNING_0_SCIENCEPRIMARY
TRD006481,154.89712,-0.94491225,GALAXY,SDSS_DR18_SPECTROSCOPY,ZWARNING_0_SCIENCEPRIMARY
TRD006482,155.19844,-0.96180146,GALAXY,SDSS_DR18_SPECTROSCOPY,ZWARNING_0_SCIENCEPRIMARY
TRD006483,155.05093,-1.0137768,GALAXY,SDSS_DR18_SPECTROSCOPY,ZWARNING_0_SCIENCEPRIMARY
TRD006484,155.09836,-0.8618475,GALAXY,SDSS_DR18_SPECTROSCOPY,ZWARNING_0_SCIENCEPRIMARY
TRD006485,154.92773,-0.84609175,GALAXY,SDSS_DR18_SPECTROSCOPY,ZWARNING_0_SCIENCEPRIMARY
TRD006486,154.9827,-0.68544987,GALAXY,SDSS_DR18_SPECTROSCOPY,ZWARNING_0_SCIENCEPRIMARY
TRD006487,155.19587,-0.67800843,GALAXY,SDSS_DR18_SPECTROSCOPY,ZWARNING_0_SCIENCEPRIMARY
TRD006488,155.09948,-0.83289653,GALAXY,SDSS_DR18_SPECTROSCOPY,ZWARNING_0_SCIENCEPRIMARY
TRD006489,155.22322,-0.81758195,GALAXY,SDSS_DR18_SPECTROSCOPY,ZWARNING_0_SCIENCEPRIMARY
TRD006490,155.0757,-0.74719704,GALAXY,SDSS_DR18_SPECTROSCOPY,ZWARNING_0_SCIENCEPRIMARY
TRD006491,155.03366,-0.68516536,GALAXY,SDSS_DR18_SPECTROSCOPY,ZWARNING_0_SCIENCEPRIMARY
TRD006492,154.82543,-0.86569231,GALAXY,SDSS_DR18_SPECTROSCOPY,ZWARNING_0_SCIENCEPRIMARY
TRD006493,155.24412,-0.89945721,GALAXY,SDSS_DR18_SPECTROSCOPY,ZWARNING_0_SCIENCEPRIMARY
TRD006494,155.18538,-0.97983105,GALAXY,SDSS_DR18_SPECTROSCOPY,ZWARNING_0_SCIENCEPRIMARY
TRD006495,154.95499,-0.31510891,GALAXY,SDSS_DR18_SPECTROSCOPY,ZWARNING_0_SCIENCEPRIMARY
TRD006496,155.02395,-0.32210912,GALAXY,SDSS_DR18_SPECTROSCOPY,ZWARNING_0_SCIENCEPRIMARY
TRD006497,154.6518,-0.1780543,GALAXY,SDSS_DR18_SPECTROSCOPY,ZWARNING_0_SCIENCEPRIMARY
TRD006498,154.53555,-0.084197559,GALAXY,SDSS_DR18_SPECTROSCOPY,ZWARNING_0_SCIENCEPRIMARY
TRD006499,154.61026,-0.0081720008,GALAXY,SDSS_DR18_SPECTROSCOPY,ZWARNING_0_SCIENCEPRIMARY
TRD006500,154.65051,-0.39000885,GALAXY,SDSS_DR18_SPECTROSCOPY,ZWARNING_0_SCIENCEPRIMARY
TRD006501,154.71769,-0.61894333,GALAXY,SDSS_DR18_SPECTROSCOPY,ZWARNING_0_SCIENCEPRIMARY
TRD006502,154.61836,-0.07062254,GALAXY,SDSS_DR18_SPECTROSCOPY,ZWARNING_0_SCIENCEPRIMARY
TRD006503,154.89393,-0.6026769,GALAXY,SDSS_DR18_SPECTROSCOPY,ZWARNING_0_SCIENCEPRIMARY
TRD006504,154.69306,-0.45788716,GALAXY,SDSS_DR18_SPECTROSCOPY,ZWARNING_0_SCIENCEPRIMARY
TRD006505,155.03337,-0.59115892,GALAXY,SDSS_DR18_SPECTROSCOPY,ZWARNING_0_SCIENCEPRIMARY
TRD006506,155.02535,-0.21856067,GALAXY,SDSS_DR18_SPECTROSCOPY,ZWARNING_0_SCIENCEPRIMARY
TRD006507,154.96902,-0.63545295,GALAXY,SDSS_DR18_SPECTROSCOPY,ZWARNING_0_SCIENCEPRIMARY
TRD006508,154.93961,-0.643384,GALAXY,SDSS_DR18_SPECTROSCOPY,ZWARNING_0_SCIENCEPRIMARY
TRD006509,155.0383,1.0470921,GALAXY,SDSS_DR18_SPECTROSCOPY,ZWARNING_0_SCIENCEPRIMARY
TRD006510,155.23896,1.2375595,GALAXY,SDSS_DR18_SPECTROSCOPY,ZWARNING_0_SCIENCEPRIMARY
TRD006511,155.38022,1.0639674,GALAXY,SDSS_DR18_SPECTROSCOPY,ZWARNING_0_SCIENCEPRIMARY
TRD006512,154.8447,0.75779021,GALAXY,SDSS_DR18_SPECTROSCOPY,ZWARNING_0_SCIENCEPRIMARY
TRD006513,154.94174,1.0028009,GALAXY,SDSS_DR18_SPECTROSCOPY,ZWARNING_0_SCIENCEPRIMARY
TRD006514,155.32954,1.146488,GALAXY,SDSS_DR18_SPECTROSCOPY,ZWARNING_0_SCIENCEPRIMARY
TRD006515,154.97947,1.0268125,GALAXY,SDSS_DR18_SPECTROSCOPY,ZWARNING_0_SCIENCEPRIMARY
TRD006516,155.42133,0.86597588,GALAXY,SDSS_DR18_SPECTROSCOPY,ZWARNING_0_SCIENCEPRIMARY
TRD006517,155.345,0.84156066,GALAXY,SDSS_DR18_SPECTROSCOPY,ZWARNING_0_SCIENCEPRIMARY
TRD006518,155.52822,0.92651823,GALAXY,SDSS_DR18_SPECTROSCOPY,ZWARNING_0_SCIENCEPRIMARY
TRD006519,155.11737,1.0318047,GALAXY,SDSS_DR18_SPECTROSCOPY,ZWARNING_0_SCIENCEPRIMARY
TRD006520,155.0788,0.5620991,GALAXY,SDSS_DR18_SPECTROSCOPY,ZWARNING_0_SCIENCEPRIMARY
TRD006521,154.72442,0.40867554,GALAXY,SDSS_DR18_SPECTROSCOPY,ZWARNING_0_SCIENCEPRIMARY
TRD006522,154.93677,0.63662604,GALAXY,SDSS_DR18_SPECTROSCOPY,ZWARNING_0_SCIENCEPRIMARY
TRD006523,154.98067,0.54542074,GALAXY,SDSS_DR18_SPECTROSCOPY,ZWARNING_0_SCIENCEPRIMARY
TRD006524,155.02737,0.46835487,GALAXY,SDSS_DR18_SPECTROSCOPY,ZWARNING_0_SCIENCEPRIMARY
TRD006525,154.76247,0.46304398,GALAXY,SDSS_DR18_SPECTROSCOPY,ZWARNING_0_SCIENCEPRIMARY
TRD006526,154.85507,0.44135834,GALAXY,SDSS_DR18_SPECTROSCOPY,ZWARNING_0_SCIENCEPRIMARY
TRD006527,154.82825,0.30601967,GALAXY,SDSS_DR18_SPECTROSCOPY,ZWARNING_0_SCIENCEPRIMARY
TRD006528,154.78869,0.48919906,GALAXY,SDSS_DR18_SPECTROSCOPY,ZWARNING_0_SCIENCEPRIMARY
TRD006529,154.70108,0.38079561,GALAXY,SDSS_DR18_SPECTROSCOPY,ZWARNING_0_SCIENCEPRIMARY
TRD006530,154.95154,0.32716244,GALAXY,SDSS_DR18_SPECTROSCOPY,ZWARNING_0_SCIENCEPRIMARY
TRD006531,154.55112,0.22110477,GALAXY,SDSS_DR18_SPECTROSCOPY,ZWARNING_0_SCIENCEPRIMARY
TRD006532,154.68807,0.39077398,GALAXY,SDSS_DR18_SPECTROSCOPY,ZWARNING_0_SCIENCEPRIMARY
TRD006533,154.78674,0.092745574,GALAXY,SDSS_DR18_SPECTROSCOPY,ZWARNING_0_SCIENCEPRIMARY
TRD006534,155.00475,0.27221991,GALAXY,SDSS_DR18_SPECTROSCOPY,ZWARNING_0_SCIENCEPRIMARY
TRD006535,154.88355,0.29595472,GALAXY,SDSS_DR18_SPECTROSCOPY,ZWARNING_0_SCIENCEPRIMARY
TRD006536,154.99762,0.32135049,GALAXY,SDSS_DR18_SPECTROSCOPY,ZWARNING_0_SCIENCEPRIMARY
TRD006537,154.58005,0.36580565,GALAXY,SDSS_DR18_SPECTROSCOPY,ZWARNING_0_SCIENCEPRIMARY
TRD006538,155.77916,1.0060558,GALAXY,SDSS_DR18_SPECTROSCOPY,ZWARNING_0_SCIENCEPRIMARY
TRD006539,155.62135,1.2564711,GALAXY,SDSS_DR18_SPECTROSCOPY,ZWARNING_0_SCIENCEPRIMARY
TRD006540,155.54898,0.87607546,GALAXY,SDSS_DR18_SPECTROSCOPY,ZWARNING_0_SCIENCEPRIMARY
TRD006541,155.70146,0.77182027,GALAXY,SDSS_DR18_SPECTROSCOPY,ZWARNING_0_SCIENCEPRIMARY
TRD006542,155.5774,0.7802592,GALAXY,SDSS_DR18_SPECTROSCOPY,ZWARNING_0_SCIENCEPRIMARY
TRD006543,155.55576,1.0230184,GALAXY,SDSS_DR18_SPECTROSCOPY,ZWARNING_0_SCIENCEPRIMARY
TRD006544,155.74421,0.91123102,GALAXY,SDSS_DR18_SPECTROSCOPY,ZWARNING_0_SCIENCEPRIMARY
TRD006545,155.65068,1.0513999,GALAXY,SDSS_DR18_SPECTROSCOPY,ZWARNING_0_SCIENCEPRIMARY
TRD006546,155.70465,0.96570185,GALAXY,SDSS_DR18_SPECTROSCOPY,ZWARNING_0_SCIENCEPRIMARY
TRD006547,155.32997,0.72230347,GALAXY,SDSS_DR18_SPECTROSCOPY,ZWARNING_0_SCIENCEPRIMARY
TRD006548,155.22551,0.512883,GALAXY,SDSS_DR18_SPECTROSCOPY,ZWARNING_0_SCIENCEPRIMARY
TRD006549,155.30388,0.66921517,GALAXY,SDSS_DR18_SPECTROSCOPY,ZWARNING_0_SCIENCEPRIMARY
TRD006550,155.26953,0.68242336,GALAXY,SDSS_DR18_SPECTROSCOPY,ZWARNING_0_SCIENCEPRIMARY
TRD006551,155.51776,0.12258571,GALAXY,SDSS_DR18_SPECTROSCOPY,ZWARNING_0_SCIENCEPRIMARY
TRD006552,155.30152,0.41992521,GALAXY,SDSS_DR18_SPECTROSCOPY,ZWARNING_0_SCIENCEPRIMARY
TRD006553,155.51602,0.47004255,GALAXY,SDSS_DR18_SPECTROSCOPY,ZWARNING_0_SCIENCEPRIMARY
TRD006554,155.52213,0.42386363,GALAXY,SDSS_DR18_SPECTROSCOPY,ZWARNING_0_SCIENCEPRIMARY
TRD006555,155.55437,0.10052468,GALAXY,SDSS_DR18_SPECTROSCOPY,ZWARNING_0_SCIENCEPRIMARY
TRD006556,155.25035,0.13076623,GALAXY,SDSS_DR18_SPECTROSCOPY,ZWARNING_0_SCIENCEPRIMARY
TRD006557,155.54894,0.2346301,GALAXY,SDSS_DR18_SPECTROSCOPY,ZWARNING_0_SCIENCEPRIMARY
TRD006558,155.37208,0.15515556,GALAXY,SDSS_DR18_SPECTROSCOPY,ZWARNING_0_SCIENCEPRIMARY
TRD006559,155.47605,0.14593144,GALAXY,SDSS_DR18_SPECTROSCOPY,ZWARNING_0_SCIENCEPRIMARY
TRD006560,155.41253,0.3246717,GALAXY,SDSS_DR18_SPECTROSCOPY,ZWARNING_0_SCIENCEPRIMARY
TRD006561,155.5681,0.15442005,GALAXY,SDSS_DR18_SPECTROSCOPY,ZWARNING_0_SCIENCEPRIMARY
TRD006562,155.42307,0.43554046,GALAXY,SDSS_DR18_SPECTROSCOPY,ZWARNING_0_SCIENCEPRIMARY
TRD006563,155.3588,0.10666364,GALAXY,SDSS_DR18_SPECTROSCOPY,ZWARNING_0_SCIENCEPRIMARY
TRD006564,155.22774,0.15022301,GALAXY,SDSS_DR18_SPECTROSCOPY,ZWARNING_0_SCIENCEPRIMARY
TRD006565,155.95181,1.0079942,GALAXY,SDSS_DR18_SPECTROSCOPY,ZWARNING_0_SCIENCEPRIMARY
TRD006566,156.04186,1.2455492,GALAXY,SDSS_DR18_SPECTROSCOPY,ZWARNING_0_SCIENCEPRIMARY
TRD006567,155.79269,0.89169453,GALAXY,SDSS_DR18_SPECTROSCOPY,ZWARNING_0_SCIENCEPRIMARY
TRD006568,156.02681,1.1651299,GALAXY,SDSS_DR18_SPECTROSCOPY,ZWARNING_0_SCIENCEPRIMARY
TRD006569,156.00288,1.0835106,GALAXY,SDSS_DR18_SPECTROSCOPY,ZWARNING_0_SCIENCEPRIMARY
TRD006570,155.86108,1.1084829,GALAXY,SDSS_DR18_SPECTROSCOPY,ZWARNING_0_SCIENCEPRIMARY
TRD006571,155.95944,1.0384054,GALAXY,SDSS_DR18_SPECTROSCOPY,ZWARNING_0_SCIENCEPRIMARY
TRD006572,156.0577,1.1103691,GALAXY,SDSS_DR18_SPECTROSCOPY,ZWARNING_0_SCIENCEPRIMARY
TRD006573,155.85573,0.95557138,GALAXY,SDSS_DR18_SPECTROSCOPY,ZWARNING_0_SCIENCEPRIMARY
TRD006574,155.96296,0.84531643,GALAXY,SDSS_DR18_SPECTROSCOPY,ZWARNING_0_SCIENCEPRIMARY
TRD006575,155.93145,0.82474989,GALAXY,SDSS_DR18_SPECTROSCOPY,ZWARNING_0_SCIENCEPRIMARY
TRD006576,155.78258,0.74387818,GALAXY,SDSS_DR18_SPECTROSCOPY,ZWARNING_0_SCIENCEPRIMARY
TRD006577,155.7974,0.82780879,GALAXY,SDSS_DR18_SPECTROSCOPY,ZWARNING_0_SCIENCEPRIMARY
TRD006578,155.82607,0.97793278,GALAXY,SDSS_DR18_SPECTROSCOPY,ZWARNING_0_SCIENCEPRIMARY
TRD006579,155.98275,1.033383,GALAXY,SDSS_DR18_SPECTROSCOPY,ZWARNING_0_SCIENCEPRIMARY
TRD006580,155.99267,0.81299393,GALAXY,SDSS_DR18_SPECTROSCOPY,ZWARNING_0_SCIENCEPRIMARY
TRD006581,156.01222,0.94261848,GALAXY,SDSS_DR18_SPECTROSCOPY,ZWARNING_0_SCIENCEPRIMARY
TRD006582,155.69814,0.72774018,GALAXY,SDSS_DR18_SPECTROSCOPY,ZWARNING_0_SCIENCEPRIMARY
TRD006583,155.66238,0.68795009,GALAXY,SDSS_DR18_SPECTROSCOPY,ZWARNING_0_SCIENCEPRIMARY
TRD006584,155.67305,0.57537207,GALAXY,SDSS_DR18_SPECTROSCOPY,ZWARNING_0_SCIENCEPRIMARY
TRD006585,155.64612,0.43834084,GALAXY,SDSS_DR18_SPECTROSCOPY,ZWARNING_0_SCIENCEPRIMARY
TRD006586,155.63074,0.69304681,GALAXY,SDSS_DR18_SPECTROSCOPY,ZWARNING_0_SCIENCEPRIMARY
TRD006587,155.59646,0.60230234,GALAXY,SDSS_DR18_SPECTROSCOPY,ZWARNING_0_SCIENCEPRIMARY
TRD006588,155.71505,0.57648738,GALAXY,SDSS_DR18_SPECTROSCOPY,ZWARNING_0_SCIENCEPRIMARY
TRD006589,155.7545,0.54004505,GALAXY,SDSS_DR18_SPECTROSCOPY,ZWARNING_0_SCIENCEPRIMARY
TRD006590,155.66325,0.33175585,GALAXY,SDSS_DR18_SPECTROSCOPY,ZWARNING_0_SCIENCEPRIMARY
TRD006591,155.7065,0.45097919,GALAXY,SDSS_DR18_SPECTROSCOPY,ZWARNING_0_SCIENCEPRIMARY
TRD006592,155.81692,0.62403592,GALAXY,SDSS_DR18_SPECTROSCOPY,ZWARNING_0_SCIENCEPRIMARY
TRD006593,155.78847,0.65732384,GALAXY,SDSS_DR18_SPECTROSCOPY,ZWARNING_0_SCIENCEPRIMARY
TRD006594,155.74659,0.32193325,GALAXY,SDSS_DR18_SPECTROSCOPY,ZWARNING_0_SCIENCEPRIMARY
TRD006595,155.57618,0.51408437,GALAXY,SDSS_DR18_SPECTROSCOPY,ZWARNING_0_SCIENCEPRIMARY
TRD006596,155.71094,0.29532859,GALAXY,SDSS_DR18_SPECTROSCOPY,ZWARNING_0_SCIENCEPRIMARY
TRD006597,155.81916,0.22174889,GALAXY,SDSS_DR18_SPECTROSCOPY,ZWARNING_0_SCIENCEPRIMARY
TRD006598,155.81878,0.10336093,GALAXY,SDSS_DR18_SPECTROSCOPY,ZWARNING_0_SCIENCEPRIMARY
TRD006599,156.17742,1.1724084,GALAXY,SDSS_DR18_SPECTROSCOPY,ZWARNING_0_SCIENCEPRIMARY
TRD006600,156.21223,0.96180374,GALAXY,SDSS_DR18_SPECTROSCOPY,ZWARNING_0_SCIENCEPRIMARY
TRD006601,156.21913,1.1072711,GALAXY,SDSS_DR18_SPECTROSCOPY,ZWARNING_0_SCIENCEPRIMARY
TRD006602,156.27473,1.2005739,GALAXY,SDSS_DR18_SPECTROSCOPY,ZWARNING_0_SCIENCEPRIMARY
TRD006603,156.3112,1.2487026,GALAXY,SDSS_DR18_SPECTROSCOPY,ZWARNING_0_SCIENCEPRIMARY
TRD006604,156.0665,1.2363786,GALAXY,SDSS_DR18_SPECTROSCOPY,ZWARNING_0_SCIENCEPRIMARY
TRD006605,156.20677,0.86660501,GALAXY,SDSS_DR18_SPECTROSCOPY,ZWARNING_0_SCIENCEPRIMARY
TRD006606,156.34049,1.2026416,GALAXY,SDSS_DR18_SPECTROSCOPY,ZWARNING_0_SCIENCEPRIMARY
TRD006607,156.24262,1.2189212,GALAXY,SDSS_DR18_SPECTROSCOPY,ZWARNING_0_SCIENCEPRIMARY
TRD006608,156.32956,0.75937325,GALAXY,SDSS_DR18_SPECTROSCOPY,ZWARNING_0_SCIENCEPRIMARY
TRD006609,156.31315,0.89267699,GALAXY,SDSS_DR18_SPECTROSCOPY,ZWARNING_0_SCIENCEPRIMARY
TRD006610,156.16663,0.8937165,GALAXY,SDSS_DR18_SPECTROSCOPY,ZWARNING_0_SCIENCEPRIMARY
TRD006611,156.30704,0.80336699,GALAXY,SDSS_DR18_SPECTROSCOPY,ZWARNING_0_SCIENCEPRIMARY
TRD006612,156.14897,1.1098312,GALAXY,SDSS_DR18_SPECTROSCOPY,ZWARNING_0_SCIENCEPRIMARY
TRD006613,156.15543,0.90912903,GALAXY,SDSS_DR18_SPECTROSCOPY,ZWARNING_0_SCIENCEPRIMARY
TRD006614,156.15419,0.82338091,GALAXY,SDSS_DR18_SPECTROSCOPY,ZWARNING_0_SCIENCEPRIMARY
TRD006615,156.12198,0.90516645,GALAXY,SDSS_DR18_SPECTROSCOPY,ZWARNING_0_SCIENCEPRIMARY
TRD006616,156.16836,1.2266865,GALAXY,SDSS_DR18_SPECTROSCOPY,ZWARNING_0_SCIENCEPRIMARY
TRD006617,156.25486,1.1625261,GALAXY,SDSS_DR18_SPECTROSCOPY,ZWARNING_0_SCIENCEPRIMARY
TRD006618,155.89036,0.20061772,GALAXY,SDSS_DR18_SPECTROSCOPY,ZWARNING_0_SCIENCEPRIMARY
TRD006619,155.84357,0.39502793,GALAXY,SDSS_DR18_SPECTROSCOPY,ZWARNING_0_SCIENCEPRIMARY
TRD006620,155.99078,0.34809309,GALAXY,SDSS_DR18_SPECTROSCOPY,ZWARNING_0_SCIENCEPRIMARY
TRD006621,155.89301,0.2849743,GALAXY,SDSS_DR18_SPECTROSCOPY,ZWARNING_0_SCIENCEPRIMARY
TRD006622,155.97996,0.36108541,GALAXY,SDSS_DR18_SPECTROSCOPY,ZWARNING_0_SCIENCEPRIMARY
TRD006623,155.85025,0.444294,GALAXY,SDSS_DR18_SPECTROSCOPY,ZWARNING_0_SCIENCEPRIMARY
TRD006624,155.88305,0.34915955,GALAXY,SDSS_DR18_SPECTROSCOPY,ZWARNING_0_SCIENCEPRIMARY
TRD006625,155.84117,0.17408372,GALAXY,SDSS_DR18_SPECTROSCOPY,ZWARNING_0_SCIENCEPRIMARY
TRD006626,155.94422,0.18122509,GALAXY,SDSS_DR18_SPECTROSCOPY,ZWARNING_0_SCIENCEPRIMARY
TRD006627,155.91308,0.17268722,GALAXY,SDSS_DR18_SPECTROSCOPY,ZWARNING_0_SCIENCEPRIMARY
TRD006628,155.91646,0.13261623,GALAXY,SDSS_DR18_SPECTROSCOPY,ZWARNING_0_SCIENCEPRIMARY
TRD006629,155.92672,0.10011028,GALAXY,SDSS_DR18_SPECTROSCOPY,ZWARNING_0_SCIENCEPRIMARY
TRD006630,155.97291,0.153419,GALAXY,SDSS_DR18_SPECTROSCOPY,ZWARNING_0_SCIENCEPRIMARY
TRD006631,155.83745,0.19617971,GALAXY,SDSS_DR18_SPECTROSCOPY,ZWARNING_0_SCIENCEPRIMARY
TRD006632,155.8837,0.17372981,GALAXY,SDSS_DR18_SPECTROSCOPY,ZWARNING_0_SCIENCEPRIMARY
TRD006633,156.12035,0.53607277,GALAXY,SDSS_DR18_SPECTROSCOPY,ZWARNING_0_SCIENCEPRIMARY
TRD006634,156.25726,0.68087788,GALAXY,SDSS_DR18_SPECTROSCOPY,ZWARNING_0_SCIENCEPRIMARY
TRD006635,156.13942,0.45450412,GALAXY,SDSS_DR18_SPECTROSCOPY,ZWARNING_0_SCIENCEPRIMARY
TRD006636,156.24213,0.44899786,GALAXY,SDSS_DR18_SPECTROSCOPY,ZWARNING_0_SCIENCEPRIMARY
TRD006637,156.09979,0.66135247,GALAXY,SDSS_DR18_SPECTROSCOPY,ZWARNING_0_SCIENCEPRIMARY
TRD006638,156.16465,0.30890701,GALAXY,SDSS_DR18_SPECTROSCOPY,ZWARNING_0_SCIENCEPRIMARY
TRD006639,156.02929,0.40932832,GALAXY,SDSS_DR18_SPECTROSCOPY,ZWARNING_0_SCIENCEPRIMARY
TRD006640,156.26912,0.073083389,GALAXY,SDSS_DR18_SPECTROSCOPY,ZWARNING_0_SCIENCEPRIMARY
TRD006641,156.0925,0.46542704,GALAXY,SDSS_DR18_SPECTROSCOPY,ZWARNING_0_SCIENCEPRIMARY
TRD006642,156.06509,0.31389335,GALAXY,SDSS_DR18_SPECTROSCOPY,ZWARNING_0_SCIENCEPRIMARY
TRD006643,156.05909,0.14774405,GALAXY,SDSS_DR18_SPECTROSCOPY,ZWARNING_0_SCIENCEPRIMARY
TRD006644,156.08427,0.2507536,GALAXY,SDSS_DR18_SPECTROSCOPY,ZWARNING_0_SCIENCEPRIMARY
TRD006645,156.02952,0.31238674,GALAXY,SDSS_DR18_SPECTROSCOPY,ZWARNING_0_SCIENCEPRIMARY
TRD006646,156.15962,0.12182557,GALAXY,SDSS_DR18_SPECTROSCOPY,ZWARNING_0_SCIENCEPRIMARY
TRD006647,156.02227,0.15246268,GALAXY,SDSS_DR18_SPECTROSCOPY,ZWARNING_0_SCIENCEPRIMARY
TRD006648,156.34759,0.58537398,GALAXY,SDSS_DR18_SPECTROSCOPY,ZWARNING_0_SCIENCEPRIMARY
TRD006649,156.44598,0.62503924,GALAXY,SDSS_DR18_SPECTROSCOPY,ZWARNING_0_SCIENCEPRIMARY
TRD006650,156.33256,0.63542236,GALAXY,SDSS_DR18_SPECTROSCOPY,ZWARNING_0_SCIENCEPRIMARY
TRD006651,156.3682,0.09350905,GALAXY,SDSS_DR18_SPECTROSCOPY,ZWARNING_0_SCIENCEPRIMARY
TRD006652,156.41618,0.52772884,GALAXY,SDSS_DR18_SPECTROSCOPY,ZWARNING_0_SCIENCEPRIMARY
TRD006653,156.45101,0.55271246,GALAXY,SDSS_DR18_SPECTROSCOPY,ZWARNING_0_SCIENCEPRIMARY
TRD006654,156.38828,0.3843224,GALAXY,SDSS_DR18_SPECTROSCOPY,ZWARNING_0_SCIENCEPRIMARY
TRD006655,156.42645,0.30930995,GALAXY,SDSS_DR18_SPECTROSCOPY,ZWARNING_0_SCIENCEPRIMARY
TRD006656,156.47465,0.63515633,GALAXY,SDSS_DR18_SPECTROSCOPY,ZWARNING_0_SCIENCEPRIMARY
TRD006657,156.38068,0.43147257,GALAXY,SDSS_DR18_SPECTROSCOPY,ZWARNING_0_SCIENCEPRIMARY
TRD006658,156.32901,0.37408845,GALAXY,SDSS_DR18_SPECTROSCOPY,ZWARNING_0_SCIENCEPRIMARY
TRD006659,156.46398,0.27090654,GALAXY,SDSS_DR18_SPECTROSCOPY,ZWARNING_0_SCIENCEPRIMARY
TRD006660,156.38446,0.9391418,GALAXY,SDSS_DR18_SPECTROSCOPY,ZWARNING_0_SCIENCEPRIMARY
TRD006661,156.43598,1.1745936,GALAXY,SDSS_DR18_SPECTROSCOPY,ZWARNING_0_SCIENCEPRIMARY
TRD006662,156.44678,1.0783719,GALAXY,SDSS_DR18_SPECTROSCOPY,ZWARNING_0_SCIENCEPRIMARY
TRD006663,156.43666,1.2175668,GALAXY,SDSS_DR18_SPECTROSCOPY,ZWARNING_0_SCIENCEPRIMARY
TRD006664,156.37197,0.93025259,GALAXY,SDSS_DR18_SPECTROSCOPY,ZWARNING_0_SCIENCEPRIMARY
TRD006665,156.44895,1.2427376,GALAXY,SDSS_DR18_SPECTROSCOPY,ZWARNING_0_SCIENCEPRIMARY
TRD006666,156.42057,0.96230389,GALAXY,SDSS_DR18_SPECTROSCOPY,ZWARNING_0_SCIENCEPRIMARY
TRD006667,146.90229,-0.98491332,QSO,SDSS_DR18_SPECTROSCOPY,ZWARNING_0_SCIENCEPRIMARY
TRD006668,146.438,-0.65600998,QSO,SDSS_DR18_SPECTROSCOPY,ZWARNING_0_SCIENCEPRIMARY
TRD006669,146.76383,0.041421411,QSO,SDSS_DR18_SPECTROSCOPY,ZWARNING_0_SCIENCEPRIMARY
TRD006670,145.89838,-0.72280608,QSO,SDSS_DR18_SPECTROSCOPY,ZWARNING_0_SCIENCEPRIMARY
TRD006671,145.92005,-0.78353938,QSO,SDSS_DR18_SPECTROSCOPY,ZWARNING_0_SCIENCEPRIMARY
TRD006672,145.93986,-0.79011435,QSO,SDSS_DR18_SPECTROSCOPY,ZWARNING_0_SCIENCEPRIMARY
TRD006673,146.2918,-0.25947359,QSO,SDSS_DR18_SPECTROSCOPY,ZWARNING_0_SCIENCEPRIMARY
TRD006674,145.9253,0.04879248,QSO,SDSS_DR18_SPECTROSCOPY,ZWARNING_0_SCIENCEPRIMARY
TRD006675,145.74093,-0.78478748,QSO,SDSS_DR18_SPECTROSCOPY,ZWARNING_0_SCIENCEPRIMARY
TRD006676,145.74414,-0.04356676,QSO,SDSS_DR18_SPECTROSCOPY,ZWARNING_0_SCIENCEPRIMARY
TRD006677,145.62226,0.034593059,QSO,SDSS_DR18_SPECTROSCOPY,ZWARNING_0_SCIENCEPRIMARY
TRD006678,145.76225,-0.21964896,QSO,SDSS_DR18_SPECTROSCOPY,ZWARNING_0_SCIENCEPRIMARY
TRD006679,145.46519,-1.0644753,QSO,SDSS_DR18_SPECTROSCOPY,ZWARNING_0_SCIENCEPRIMARY
TRD006680,145.19927,-1.2327324,QSO,SDSS_DR18_SPECTROSCOPY,ZWARNING_0_SCIENCEPRIMARY
TRD006681,145.24564,-0.64077363,QSO,SDSS_DR18_SPECTROSCOPY,ZWARNING_0_SCIENCEPRIMARY
TRD006682,145.19933,-0.28622504,QSO,SDSS_DR18_SPECTROSCOPY,ZWARNING_0_SCIENCEPRIMARY
TRD006683,145.21389,1.1517021,QSO,SDSS_DR18_SPECTROSCOPY,ZWARNING_0_SCIENCEPRIMARY
TRD006684,145.4801,1.232539,QSO,SDSS_DR18_SPECTROSCOPY,ZWARNING_0_SCIENCEPRIMARY
TRD006685,145.39104,1.171197,QSO,SDSS_DR18_SPECTROSCOPY,ZWARNING_0_SCIENCEPRIMARY
TRD006686,145.33887,1.1966007,QSO,SDSS_DR18_SPECTROSCOPY,ZWARNING_0_SCIENCEPRIMARY
TRD006687,145.3386,0.140315,QSO,SDSS_DR18_SPECTROSCOPY,ZWARNING_0_SCIENCEPRIMARY
TRD006688,145.38704,0.12528484,QSO,SDSS_DR18_SPECTROSCOPY,ZWARNING_0_SCIENCEPRIMARY
TRD006689,145.67367,0.94780421,QSO,SDSS_DR18_SPECTROSCOPY,ZWARNING_0_SCIENCEPRIMARY
TRD006690,145.59384,0.27826036,QSO,SDSS_DR18_SPECTROSCOPY,ZWARNING_0_SCIENCEPRIMARY
TRD006691,146.05906,1.0485111,QSO,SDSS_DR18_SPECTROSCOPY,ZWARNING_0_SCIENCEPRIMARY
TRD006692,146.06576,0.18365913,QSO,SDSS_DR18_SPECTROSCOPY,ZWARNING_0_SCIENCEPRIMARY
TRD006693,146.39794,0.14516539,QSO,SDSS_DR18_SPECTROSCOPY,ZWARNING_0_SCIENCEPRIMARY
TRD006694,146.50879,0.58851764,QSO,SDSS_DR18_SPECTROSCOPY,ZWARNING_0_SCIENCEPRIMARY
TRD006695,146.64496,0.93743071,QSO,SDSS_DR18_SPECTROSCOPY,ZWARNING_0_SCIENCEPRIMARY
TRD006696,146.6342,1.1572622,QSO,SDSS_DR18_SPECTROSCOPY,ZWARNING_0_SCIENCEPRIMARY
TRD006697,145.46536,0.33402647,QSO,SDSS_DR18_SPECTROSCOPY,ZWARNING_0_SCIENCEPRIMARY
TRD006698,146.82659,1.0099402,QSO,SDSS_DR18_SPECTROSCOPY,ZWARNING_0_SCIENCEPRIMARY
TRD006699,147.23886,0.37375648,QSO,SDSS_DR18_SPECTROSCOPY,ZWARNING_0_SCIENCEPRIMARY
TRD006700,148.70752,-0.73061966,QSO,SDSS_DR18_SPECTROSCOPY,ZWARNING_0_SCIENCEPRIMARY
TRD006701,148.42886,-0.86325794,QSO,SDSS_DR18_SPECTROSCOPY,ZWARNING_0_SCIENCEPRIMARY
TRD006702,148.41438,-0.72075858,QSO,SDSS_DR18_SPECTROSCOPY,ZWARNING_0_SCIENCEPRIMARY
TRD006703,149.10806,-0.064752321,QSO,SDSS_DR18_SPECTROSCOPY,ZWARNING_0_SCIENCEPRIMARY
TRD006704,148.56975,0.13592029,QSO,SDSS_DR18_SPECTROSCOPY,ZWARNING_0_SCIENCEPRIMARY
TRD006705,148.18988,0.0043093332,QSO,SDSS_DR18_SPECTROSCOPY,ZWARNING_0_SCIENCEPRIMARY
TRD006706,148.34861,-0.63410067,QSO,SDSS_DR18_SPECTROSCOPY,ZWARNING_0_SCIENCEPRIMARY
TRD006707,147.77177,0.013687602,QSO,SDSS_DR18_SPECTROSCOPY,ZWARNING_0_SCIENCEPRIMARY
TRD006708,147.75059,-1.0198861,QSO,SDSS_DR18_SPECTROSCOPY,ZWARNING_0_SCIENCEPRIMARY
TRD006709,147.87927,-0.50882584,QSO,SDSS_DR18_SPECTROSCOPY,ZWARNING_0_SCIENCEPRIMARY
TRD006710,147.31391,-0.98929375,QSO,SDSS_DR18_SPECTROSCOPY,ZWARNING_0_SCIENCEPRIMARY
TRD006711,147.55427,-0.47753803,QSO,SDSS_DR18_SPECTROSCOPY,ZWARNING_0_SCIENCEPRIMARY
TRD006712,147.52062,-0.33674168,QSO,SDSS_DR18_SPECTROSCOPY,ZWARNING_0_SCIENCEPRIMARY
TRD006713,147.03099,-1.1456056,QSO,SDSS_DR18_SPECTROSCOPY,ZWARNING_0_SCIENCEPRIMARY
TRD006714,146.93358,-1.2453737,QSO,SDSS_DR18_SPECTROSCOPY,ZWARNING_0_SCIENCEPRIMARY
TRD006715,147.13939,-0.85096747,QSO,SDSS_DR18_SPECTROSCOPY,ZWARNING_0_SCIENCEPRIMARY
TRD006716,147.22198,-0.86545331,QSO,SDSS_DR18_SPECTROSCOPY,ZWARNING_0_SCIENCEPRIMARY
TRD006717,147.43057,0.093389564,QSO,SDSS_DR18_SPECTROSCOPY,ZWARNING_0_SCIENCEPRIMARY
TRD006718,147.16954,1.0962524,QSO,SDSS_DR18_SPECTROSCOPY,ZWARNING_0_SCIENCEPRIMARY
TRD006719,147.1701,0.53908692,QSO,SDSS_DR18_SPECTROSCOPY,ZWARNING_0_SCIENCEPRIMARY
TRD006720,147.14063,0.41625138,QSO,SDSS_DR18_SPECTROSCOPY,ZWARNING_0_SCIENCEPRIMARY
TRD006721,147.53349,1.2363404,QSO,SDSS_DR18_SPECTROSCOPY,ZWARNING_0_SCIENCEPRIMARY
TRD006722,147.57777,0.84719788,QSO,SDSS_DR18_SPECTROSCOPY,ZWARNING_0_SCIENCEPRIMARY
TRD006723,147.81092,0.68123605,QSO,SDSS_DR18_SPECTROSCOPY,ZWARNING_0_SCIENCEPRIMARY
TRD006724,148.88333,0.68576117,QSO,SDSS_DR18_SPECTROSCOPY,ZWARNING_0_SCIENCEPRIMARY
TRD006725,148.91747,0.811696,QSO,SDSS_DR18_SPECTROSCOPY,ZWARNING_0_SCIENCEPRIMARY
TRD006726,149.03443,0.47026995,QSO,SDSS_DR18_SPECTROSCOPY,ZWARNING_0_SCIENCEPRIMARY
TRD006727,150.29383,-0.68029948,QSO,SDSS_DR18_SPECTROSCOPY,ZWARNING_0_SCIENCEPRIMARY
TRD006728,150.42554,-0.4193162,QSO,SDSS_DR18_SPECTROSCOPY,ZWARNING_0_SCIENCEPRIMARY
TRD006729,149.75901,-1.1803174,QSO,SDSS_DR18_SPECTROSCOPY,ZWARNING_0_SCIENCEPRIMARY
TRD006730,149.90953,-0.58358358,QSO,SDSS_DR18_SPECTROSCOPY,ZWARNING_0_SCIENCEPRIMARY
TRD006731,149.63833,-0.85517059,QSO,SDSS_DR18_SPECTROSCOPY,ZWARNING_0_SCIENCEPRIMARY
TRD006732,149.65,-0.99515956,QSO,SDSS_DR18_SPECTROSCOPY,ZWARNING_0_SCIENCEPRIMARY
TRD006733,149.95966,-0.22748983,QSO,SDSS_DR18_SPECTROSCOPY,ZWARNING_0_SCIENCEPRIMARY
TRD006734,150.07363,0.089920355,QSO,SDSS_DR18_SPECTROSCOPY,ZWARNING_0_SCIENCEPRIMARY
TRD006735,149.66694,-0.15537314,QSO,SDSS_DR18_SPECTROSCOPY,ZWARNING_0_SCIENCEPRIMARY
TRD006736,149.12819,-0.57726153,QSO,SDSS_DR18_SPECTROSCOPY,ZWARNING_0_SCIENCEPRIMARY
TRD006737,149.49356,-0.39835189,QSO,SDSS_DR18_SPECTROSCOPY,ZWARNING_0_SCIENCEPRIMARY
TRD006738,149.08388,-0.9940763,QSO,SDSS_DR18_SPECTROSCOPY,ZWARNING_0_SCIENCEPRIMARY
TRD006739,148.71099,-1.161625,QSO,SDSS_DR18_SPECTROSCOPY,ZWARNING_0_SCIENCEPRIMARY
TRD006740,148.59067,-0.031089026,QSO,SDSS_DR18_SPECTROSCOPY,ZWARNING_0_SCIENCEPRIMARY
TRD006741,149.34127,0.298858,QSO,SDSS_DR18_SPECTROSCOPY,ZWARNING_0_SCIENCEPRIMARY
TRD006742,149.9147,0.58670266,QSO,SDSS_DR18_SPECTROSCOPY,ZWARNING_0_SCIENCEPRIMARY
TRD006743,149.74915,0.78858374,QSO,SDSS_DR18_SPECTROSCOPY,ZWARNING_0_SCIENCEPRIMARY
TRD006744,150.28957,0.3771786,QSO,SDSS_DR18_SPECTROSCOPY,ZWARNING_0_SCIENCEPRIMARY
TRD006745,150.12147,1.0291548,QSO,SDSS_DR18_SPECTROSCOPY,ZWARNING_0_SCIENCEPRIMARY
TRD006746,151.92844,-0.59236915,QSO,SDSS_DR18_SPECTROSCOPY,ZWARNING_0_SCIENCEPRIMARY
TRD006747,152.05662,-0.038472541,QSO,SDSS_DR18_SPECTROSCOPY,ZWARNING_0_SCIENCEPRIMARY
TRD006748,151.27729,-1.218695,QSO,SDSS_DR18_SPECTROSCOPY,ZWARNING_0_SCIENCEPRIMARY
TRD006749,151.43094,-0.9333294,QSO,SDSS_DR18_SPECTROSCOPY,ZWARNING_0_SCIENCEPRIMARY
TRD006750,150.98397,-0.99457663,QSO,SDSS_DR18_SPECTROSCOPY,ZWARNING_0_SCIENCEPRIMARY
TRD006751,151.13167,-0.82198079,QSO,SDSS_DR18_SPECTROSCOPY,ZWARNING_0_SCIENCEPRIMARY
TRD006752,151.60892,-0.58778081,QSO,SDSS_DR18_SPECTROSCOPY,ZWARNING_0_SCIENCEPRIMARY
TRD006753,151.37488,-0.69795861,QSO,SDSS_DR18_SPECTROSCOPY,ZWARNING_0_SCIENCEPRIMARY
TRD006754,151.02084,-0.54816942,QSO,SDSS_DR18_SPECTROSCOPY,ZWARNING_0_SCIENCEPRIMARY
TRD006755,150.72962,-0.41385309,QSO,SDSS_DR18_SPECTROSCOPY,ZWARNING_0_SCIENCEPRIMARY
TRD006756,150.70803,-0.41486469,QSO,SDSS_DR18_SPECTROSCOPY,ZWARNING_0_SCIENCEPRIMARY
TRD006757,149.99127,-1.1790507,QSO,SDSS_DR18_SPECTROSCOPY,ZWARNING_0_SCIENCEPRIMARY
TRD006758,150.09098,-1.0088649,QSO,SDSS_DR18_SPECTROSCOPY,ZWARNING_0_SCIENCEPRIMARY
TRD006759,149.87765,-1.2583306,QSO,SDSS_DR18_SPECTROSCOPY,ZWARNING_0_SCIENCEPRIMARY
TRD006760,150.43031,-0.60292552,QSO,SDSS_DR18_SPECTROSCOPY,ZWARNING_0_SCIENCEPRIMARY
TRD006761,150.56599,-0.18226843,QSO,SDSS_DR18_SPECTROSCOPY,ZWARNING_0_SCIENCEPRIMARY
TRD006762,150.48304,0.62983799,QSO,SDSS_DR18_SPECTROSCOPY,ZWARNING_0_SCIENCEPRIMARY
TRD006763,150.35611,0.86824367,QSO,SDSS_DR18_SPECTROSCOPY,ZWARNING_0_SCIENCEPRIMARY
TRD006764,150.47733,0.75718711,QSO,SDSS_DR18_SPECTROSCOPY,ZWARNING_0_SCIENCEPRIMARY
TRD006765,150.69524,0.35111674,QSO,SDSS_DR18_SPECTROSCOPY,ZWARNING_0_SCIENCEPRIMARY
TRD006766,150.62088,1.1495727,QSO,SDSS_DR18_SPECTROSCOPY,ZWARNING_0_SCIENCEPRIMARY
TRD006767,151.11849,0.30711517,QSO,SDSS_DR18_SPECTROSCOPY,ZWARNING_0_SCIENCEPRIMARY
TRD006768,151.46081,0.22038842,QSO,SDSS_DR18_SPECTROSCOPY,ZWARNING_0_SCIENCEPRIMARY
TRD006769,151.47226,0.32421986,QSO,SDSS_DR18_SPECTROSCOPY,ZWARNING_0_SCIENCEPRIMARY
TRD006770,151.67523,0.26377476,QSO,SDSS_DR18_SPECTROSCOPY,ZWARNING_0_SCIENCEPRIMARY
TRD006771,151.20107,0.66928368,QSO,SDSS_DR18_SPECTROSCOPY,ZWARNING_0_SCIENCEPRIMARY
TRD006772,151.32088,0.98498232,QSO,SDSS_DR18_SPECTROSCOPY,ZWARNING_0_SCIENCEPRIMARY
TRD006773,151.31152,0.8948027,QSO,SDSS_DR18_SPECTROSCOPY,ZWARNING_0_SCIENCEPRIMARY
TRD006774,151.62429,0.67989723,QSO,SDSS_DR18_SPECTROSCOPY,ZWARNING_0_SCIENCEPRIMARY
TRD006775,151.81473,0.71621817,QSO,SDSS_DR18_SPECTROSCOPY,ZWARNING_0_SCIENCEPRIMARY
TRD006776,153.58085,-0.47619202,QSO,SDSS_DR18_SPECTROSCOPY,ZWARNING_0_SCIENCEPRIMARY
TRD006777,153.32174,-1.1823067,QSO,SDSS_DR18_SPECTROSCOPY,ZWARNING_0_SCIENCEPRIMARY
TRD006778,153.31193,-0.87598273,QSO,SDSS_DR18_SPECTROSCOPY,ZWARNING_0_SCIENCEPRIMARY
TRD006779,153.42456,-0.15714263,QSO,SDSS_DR18_SPECTROSCOPY,ZWARNING_0_SCIENCEPRIMARY
TRD006780,152.83313,-0.6959672,QSO,SDSS_DR18_SPECTROSCOPY,ZWARNING_0_SCIENCEPRIMARY
TRD006781,152.77141,-0.38680371,QSO,SDSS_DR18_SPECTROSCOPY,ZWARNING_0_SCIENCEPRIMARY
TRD006782,152.5131,-0.22563445,QSO,SDSS_DR18_SPECTROSCOPY,ZWARNING_0_SCIENCEPRIMARY
TRD006783,152.56559,-1.010586,QSO,SDSS_DR18_SPECTROSCOPY,ZWARNING_0_SCIENCEPRIMARY
TRD006784,152.63938,-0.79015212,QSO,SDSS_DR18_SPECTROSCOPY,ZWARNING_0_SCIENCEPRIMARY
TRD006785,152.36013,-0.27243481,QSO,SDSS_DR18_SPECTROSCOPY,ZWARNING_0_SCIENCEPRIMARY
TRD006786,152.34051,-1.0003369,QSO,SDSS_DR18_SPECTROSCOPY,ZWARNING_0_SCIENCEPRIMARY
TRD006787,152.20893,-0.20239725,QSO,SDSS_DR18_SPECTROSCOPY,ZWARNING_0_SCIENCEPRIMARY
TRD006788,151.98393,-1.2205778,QSO,SDSS_DR18_SPECTROSCOPY,ZWARNING_0_SCIENCEPRIMARY
TRD006789,152.15567,-0.30977704,QSO,SDSS_DR18_SPECTROSCOPY,ZWARNING_0_SCIENCEPRIMARY
TRD006790,152.27086,0.45127272,QSO,SDSS_DR18_SPECTROSCOPY,ZWARNING_0_SCIENCEPRIMARY
TRD006791,152.50022,0.30628625,QSO,SDSS_DR18_SPECTROSCOPY,ZWARNING_0_SCIENCEPRIMARY
TRD006792,152.57582,0.064226707,QSO,SDSS_DR18_SPECTROSCOPY,ZWARNING_0_SCIENCEPRIMARY
TRD006793,152.75386,0.34428675,QSO,SDSS_DR18_SPECTROSCOPY,ZWARNING_0_SCIENCEPRIMARY
TRD006794,153.48003,0.48065892,QSO,SDSS_DR18_SPECTROSCOPY,ZWARNING_0_SCIENCEPRIMARY
TRD006795,152.68546,0.72537002,QSO,SDSS_DR18_SPECTROSCOPY,ZWARNING_0_SCIENCEPRIMARY
TRD006796,153.52455,0.10564722,QSO,SDSS_DR18_SPECTROSCOPY,ZWARNING_0_SCIENCEPRIMARY
TRD006797,152.86112,0.72199018,QSO,SDSS_DR18_SPECTROSCOPY,ZWARNING_0_SCIENCEPRIMARY
TRD006798,153.84348,0.068632976,QSO,SDSS_DR18_SPECTROSCOPY,ZWARNING_0_SCIENCEPRIMARY
TRD006799,155.15029,-0.80764233,QSO,SDSS_DR18_SPECTROSCOPY,ZWARNING_0_SCIENCEPRIMARY
TRD006800,155.68603,-0.12652436,QSO,SDSS_DR18_SPECTROSCOPY,ZWARNING_0_SCIENCEPRIMARY
TRD006801,155.11626,-0.60273547,QSO,SDSS_DR18_SPECTROSCOPY,ZWARNING_0_SCIENCEPRIMARY
TRD006802,155.12528,-0.2835131,QSO,SDSS_DR18_SPECTROSCOPY,ZWARNING_0_SCIENCEPRIMARY
TRD006803,155.12197,-0.10080957,QSO,SDSS_DR18_SPECTROSCOPY,ZWARNING_0_SCIENCEPRIMARY
TRD006804,154.26453,-0.91901828,QSO,SDSS_DR18_SPECTROSCOPY,ZWARNING_0_SCIENCEPRIMARY
TRD006805,154.77966,-0.33030599,QSO,SDSS_DR18_SPECTROSCOPY,ZWARNING_0_SCIENCEPRIMARY
TRD006806,154.77707,-0.35650228,QSO,SDSS_DR18_SPECTROSCOPY,ZWARNING_0_SCIENCEPRIMARY
TRD006807,154.62245,-0.14185164,QSO,SDSS_DR18_SPECTROSCOPY,ZWARNING_0_SCIENCEPRIMARY
TRD006808,154.61189,-0.16417995,QSO,SDSS_DR18_SPECTROSCOPY,ZWARNING_0_SCIENCEPRIMARY
TRD006809,154.76223,-0.34085395,QSO,SDSS_DR18_SPECTROSCOPY,ZWARNING_0_SCIENCEPRIMARY
TRD006810,154.59842,-0.091028462,QSO,SDSS_DR18_SPECTROSCOPY,ZWARNING_0_SCIENCEPRIMARY
TRD006811,154.58702,-0.57547796,QSO,SDSS_DR18_SPECTROSCOPY,ZWARNING_0_SCIENCEPRIMARY
TRD006812,154.3596,-0.16420642,QSO,SDSS_DR18_SPECTROSCOPY,ZWARNING_0_SCIENCEPRIMARY
TRD006813,154.38835,-0.029231852,QSO,SDSS_DR18_SPECTROSCOPY,ZWARNING_0_SCIENCEPRIMARY
TRD006814,154.04396,-1.1712473,QSO,SDSS_DR18_SPECTROSCOPY,ZWARNING_0_SCIENCEPRIMARY
TRD006815,154.21557,-0.56305664,QSO,SDSS_DR18_SPECTROSCOPY,ZWARNING_0_SCIENCEPRIMARY
TRD006816,154.24438,-0.11900407,QSO,SDSS_DR18_SPECTROSCOPY,ZWARNING_0_SCIENCEPRIMARY
TRD006817,154.11385,-0.1207135,QSO,SDSS_DR18_SPECTROSCOPY,ZWARNING_0_SCIENCEPRIMARY
TRD006818,153.726,0.57244246,QSO,SDSS_DR18_SPECTROSCOPY,ZWARNING_0_SCIENCEPRIMARY
TRD006819,153.32326,0.13343361,QSO,SDSS_DR18_SPECTROSCOPY,ZWARNING_0_SCIENCEPRIMARY
TRD006820,153.64231,0.2856663,QSO,SDSS_DR18_SPECTROSCOPY,ZWARNING_0_SCIENCEPRIMARY
TRD006821,153.93869,0.85544787,QSO,SDSS_DR18_SPECTROSCOPY,ZWARNING_0_SCIENCEPRIMARY
TRD006822,154.04122,0.16803791,QSO,SDSS_DR18_SPECTROSCOPY,ZWARNING_0_SCIENCEPRIMARY
TRD006823,154.01775,0.20358453,QSO,SDSS_DR18_SPECTROSCOPY,ZWARNING_0_SCIENCEPRIMARY
TRD006824,154.03325,0.88341759,QSO,SDSS_DR18_SPECTROSCOPY,ZWARNING_0_SCIENCEPRIMARY
TRD006825,154.15276,0.22596864,QSO,SDSS_DR18_SPECTROSCOPY,ZWARNING_0_SCIENCEPRIMARY
TRD006826,154.03949,0.46962903,QSO,SDSS_DR18_SPECTROSCOPY,ZWARNING_0_SCIENCEPRIMARY
TRD006827,154.24826,0.3783393,QSO,SDSS_DR18_SPECTROSCOPY,ZWARNING_0_SCIENCEPRIMARY
TRD006828,154.5186,0.35000118,QSO,SDSS_DR18_SPECTROSCOPY,ZWARNING_0_SCIENCEPRIMARY
TRD006829,154.61305,-0.0023331305,QSO,SDSS_DR18_SPECTROSCOPY,ZWARNING_0_SCIENCEPRIMARY
TRD006830,155.08746,0.41630905,QSO,SDSS_DR18_SPECTROSCOPY,ZWARNING_0_SCIENCEPRIMARY
TRD006831,155.03748,0.12819747,QSO,SDSS_DR18_SPECTROSCOPY,ZWARNING_0_SCIENCEPRIMARY
TRD006832,155.53053,0.80013637,QSO,SDSS_DR18_SPECTROSCOPY,ZWARNING_0_SCIENCEPRIMARY
TRD006833,155.46494,0.69649517,QSO,SDSS_DR18_SPECTROSCOPY,ZWARNING_0_SCIENCEPRIMARY
TRD006834,155.68836,0.38909458,QSO,SDSS_DR18_SPECTROSCOPY,ZWARNING_0_SCIENCEPRIMARY
TRD006835,156.75099,-1.0736104,QSO,SDSS_DR18_SPECTROSCOPY,ZWARNING_0_SCIENCEPRIMARY
TRD006836,157.26314,-0.6334657,QSO,SDSS_DR18_SPECTROSCOPY,ZWARNING_0_SCIENCEPRIMARY
TRD006837,157.39606,-0.26494839,QSO,SDSS_DR18_SPECTROSCOPY,ZWARNING_0_SCIENCEPRIMARY
TRD006838,157.3589,-0.44540332,QSO,SDSS_DR18_SPECTROSCOPY,ZWARNING_0_SCIENCEPRIMARY
TRD006839,156.52807,-0.84414153,QSO,SDSS_DR18_SPECTROSCOPY,ZWARNING_0_SCIENCEPRIMARY
TRD006840,156.42652,-0.92887573,QSO,SDSS_DR18_SPECTROSCOPY,ZWARNING_0_SCIENCEPRIMARY
TRD006841,156.83349,0.014336943,QSO,SDSS_DR18_SPECTROSCOPY,ZWARNING_0_SCIENCEPRIMARY
TRD006842,156.33799,-0.86039667,QSO,SDSS_DR18_SPECTROSCOPY,ZWARNING_0_SCIENCEPRIMARY
TRD006843,156.26809,-0.7718972,QSO,SDSS_DR18_SPECTROSCOPY,ZWARNING_0_SCIENCEPRIMARY
TRD006844,156.61919,-0.3734479,QSO,SDSS_DR18_SPECTROSCOPY,ZWARNING_0_SCIENCEPRIMARY
TRD006845,155.763,-0.65789218,QSO,SDSS_DR18_SPECTROSCOPY,ZWARNING_0_SCIENCEPRIMARY
TRD006846,156.34445,-0.26452037,QSO,SDSS_DR18_SPECTROSCOPY,ZWARNING_0_SCIENCEPRIMARY
TRD006847,156.26717,-0.10847333,QSO,SDSS_DR18_SPECTROSCOPY,ZWARNING_0_SCIENCEPRIMARY
TRD006848,156.21049,-0.35065686,QSO,SDSS_DR18_SPECTROSCOPY,ZWARNING_0_SCIENCEPRIMARY
TRD006849,156.20354,-0.38675016,QSO,SDSS_DR18_SPECTROSCOPY,ZWARNING_0_SCIENCEPRIMARY
TRD006850,155.62867,-0.96648913,QSO,SDSS_DR18_SPECTROSCOPY,ZWARNING_0_SCIENCEPRIMARY
TRD006851,155.7423,-0.68114682,QSO,SDSS_DR18_SPECTROSCOPY,ZWARNING_0_SCIENCEPRIMARY
TRD006852,155.74446,-0.26065317,QSO,SDSS_DR18_SPECTROSCOPY,ZWARNING_0_SCIENCEPRIMARY
TRD006853,155.50311,-1.0697767,QSO,SDSS_DR18_SPECTROSCOPY,ZWARNING_0_SCIENCEPRIMARY
TRD006854,155.39934,-1.1185616,QSO,SDSS_DR18_SPECTROSCOPY,ZWARNING_0_SCIENCEPRIMARY
TRD006855,155.34141,-0.57844181,QSO,SDSS_DR18_SPECTROSCOPY,ZWARNING_0_SCIENCEPRIMARY
TRD006856,155.45949,-0.64775094,QSO,SDSS_DR18_SPECTROSCOPY,ZWARNING_0_SCIENCEPRIMARY
TRD006857,154.85615,-0.029896934,QSO,SDSS_DR18_SPECTROSCOPY,ZWARNING_0_SCIENCEPRIMARY
TRD006858,154.67992,-0.58095136,QSO,SDSS_DR18_SPECTROSCOPY,ZWARNING_0_SCIENCEPRIMARY
TRD006859,155.24885,1.0095356,QSO,SDSS_DR18_SPECTROSCOPY,ZWARNING_0_SCIENCEPRIMARY
TRD006860,154.90114,0.34159576,QSO,SDSS_DR18_SPECTROSCOPY,ZWARNING_0_SCIENCEPRIMARY
TRD006861,155.74132,0.81960187,QSO,SDSS_DR18_SPECTROSCOPY,ZWARNING_0_SCIENCEPRIMARY
TRD006862,155.74914,1.0231981,QSO,SDSS_DR18_SPECTROSCOPY,ZWARNING_0_SCIENCEPRIMARY
TRD006863,155.7013,0.88038881,QSO,SDSS_DR18_SPECTROSCOPY,ZWARNING_0_SCIENCEPRIMARY
TRD006864,155.62198,0.95291713,QSO,SDSS_DR18_SPECTROSCOPY,ZWARNING_0_SCIENCEPRIMARY
TRD006865,155.60345,0.1118451,QSO,SDSS_DR18_SPECTROSCOPY,ZWARNING_0_SCIENCEPRIMARY
TRD006866,155.8192,0.16007739,QSO,SDSS_DR18_SPECTROSCOPY,ZWARNING_0_SCIENCEPRIMARY
TRD006867,156.20239,0.59390075,QSO,SDSS_DR18_SPECTROSCOPY,ZWARNING_0_SCIENCEPRIMARY
TRD006868,156.26145,0.52415147,QSO,SDSS_DR18_SPECTROSCOPY,ZWARNING_0_SCIENCEPRIMARY
TRD006869,156.32326,0.57282473,QSO,SDSS_DR18_SPECTROSCOPY,ZWARNING_0_SCIENCEPRIMARY
TRD006870,156.48301,0.72974681,QSO,SDSS_DR18_SPECTROSCOPY,ZWARNING_0_SCIENCEPRIMARY
TRD006871,156.27623,0.59815382,QSO,SDSS_DR18_SPECTROSCOPY,ZWARNING_0_SCIENCEPRIMARY
TRD006872,156.68378,0.10816617,QSO,SDSS_DR18_SPECTROSCOPY,ZWARNING_0_SCIENCEPRIMARY
TRD006873,156.92554,0.91780884,QSO,SDSS_DR18_SPECTROSCOPY,ZWARNING_0_SCIENCEPRIMARY
TRD006874,156.97434,0.51539666,QSO,SDSS_DR18_SPECTROSCOPY,ZWARNING_0_SCIENCEPRIMARY
TRD006875,158.73871,-1.0358418,QSO,SDSS_DR18_SPECTROSCOPY,ZWARNING_0_SCIENCEPRIMARY
TRD006876,158.65624,-0.88338127,QSO,SDSS_DR18_SPECTROSCOPY,ZWARNING_0_SCIENCEPRIMARY
TRD006877,158.74418,-0.7649548,QSO,SDSS_DR18_SPECTROSCOPY,ZWARNING_0_SCIENCEPRIMARY
TRD006878,159.26291,-0.31522617,QSO,SDSS_DR18_SPECTROSCOPY,ZWARNING_0_SCIENCEPRIMARY
TRD006879,158.5282,-1.0242064,QSO,SDSS_DR18_SPECTROSCOPY,ZWARNING_0_SCIENCEPRIMARY
TRD006880,158.88399,-0.44052944,QSO,SDSS_DR18_SPECTROSCOPY,ZWARNING_0_SCIENCEPRIMARY
TRD006881,158.9373,-0.49022279,QSO,SDSS_DR18_SPECTROSCOPY,ZWARNING_0_SCIENCEPRIMARY
TRD006882,158.15353,-1.1030662,QSO,SDSS_DR18_SPECTROSCOPY,ZWARNING_0_SCIENCEPRIMARY
TRD006883,158.19055,-0.81939438,QSO,SDSS_DR18_SPECTROSCOPY,ZWARNING_0_SCIENCEPRIMARY
TRD006884,158.603,-0.62828576,QSO,SDSS_DR18_SPECTROSCOPY,ZWARNING_0_SCIENCEPRIMARY
TRD006885,158.61488,-0.37605504,QSO,SDSS_DR18_SPECTROSCOPY,ZWARNING_0_SCIENCEPRIMARY
TRD006886,158.56797,-0.17868389,QSO,SDSS_DR18_SPECTROSCOPY,ZWARNING_0_SCIENCEPRIMARY
TRD006887,158.44241,-0.037609405,QSO,SDSS_DR18_SPECTROSCOPY,ZWARNING_0_SCIENCEPRIMARY
TRD006888,158.28719,-0.27708653,QSO,SDSS_DR18_SPECTROSCOPY,ZWARNING_0_SCIENCEPRIMARY
TRD006889,158.05927,-0.53255163,QSO,SDSS_DR18_SPECTROSCOPY,ZWARNING_0_SCIENCEPRIMARY
TRD006890,158.01038,-0.4296777,QSO,SDSS_DR18_SPECTROSCOPY,ZWARNING_0_SCIENCEPRIMARY
TRD006891,157.93954,-0.37137042,QSO,SDSS_DR18_SPECTROSCOPY,ZWARNING_0_SCIENCEPRIMARY
TRD006892,158.09408,-0.062662662,QSO,SDSS_DR18_SPECTROSCOPY,ZWARNING_0_SCIENCEPRIMARY
TRD006893,158.01976,-0.18864272,QSO,SDSS_DR18_SPECTROSCOPY,ZWARNING_0_SCIENCEPRIMARY
TRD006894,157.95172,-0.60280935,QSO,SDSS_DR18_SPECTROSCOPY,ZWARNING_0_SCIENCEPRIMARY
TRD006895,157.55672,-1.0156883,QSO,SDSS_DR18_SPECTROSCOPY,ZWARNING_0_SCIENCEPRIMARY
TRD006896,157.68263,-0.59049095,QSO,SDSS_DR18_SPECTROSCOPY,ZWARNING_0_SCIENCEPRIMARY
TRD006897,157.63089,-0.31737708,QSO,SDSS_DR18_SPECTROSCOPY,ZWARNING_0_SCIENCEPRIMARY
TRD006898,157.33622,-0.79651288,QSO,SDSS_DR18_SPECTROSCOPY,ZWARNING_0_SCIENCEPRIMARY
TRD006899,157.15168,-1.0776891,QSO,SDSS_DR18_SPECTROSCOPY,ZWARNING_0_SCIENCEPRIMARY
TRD006900,157.15427,-1.0076586,QSO,SDSS_DR18_SPECTROSCOPY,ZWARNING_0_SCIENCEPRIMARY
TRD006901,157.15363,-0.72066525,QSO,SDSS_DR18_SPECTROSCOPY,ZWARNING_0_SCIENCEPRIMARY
TRD006902,156.66845,-0.70180159,QSO,SDSS_DR18_SPECTROSCOPY,ZWARNING_0_SCIENCEPRIMARY
TRD006903,156.96728,-0.58232198,QSO,SDSS_DR18_SPECTROSCOPY,ZWARNING_0_SCIENCEPRIMARY
TRD006904,156.98791,0.90193089,QSO,SDSS_DR18_SPECTROSCOPY,ZWARNING_0_SCIENCEPRIMARY
TRD006905,156.90169,0.75817815,QSO,SDSS_DR18_SPECTROSCOPY,ZWARNING_0_SCIENCEPRIMARY
TRD006906,156.94182,0.53472232,QSO,SDSS_DR18_SPECTROSCOPY,ZWARNING_0_SCIENCEPRIMARY
TRD006907,157.51824,0.14235642,QSO,SDSS_DR18_SPECTROSCOPY,ZWARNING_0_SCIENCEPRIMARY
TRD006908,157.9704,1.1564056,QSO,SDSS_DR18_SPECTROSCOPY,ZWARNING_0_SCIENCEPRIMARY
TRD006909,158.03829,1.1619739,QSO,SDSS_DR18_SPECTROSCOPY,ZWARNING_0_SCIENCEPRIMARY
TRD006910,158.16339,0.065052063,QSO,SDSS_DR18_SPECTROSCOPY,ZWARNING_0_SCIENCEPRIMARY
TRD006911,158.00116,0.57455319,QSO,SDSS_DR18_SPECTROSCOPY,ZWARNING_0_SCIENCEPRIMARY
TRD006912,158.48844,0.89027426,QSO,SDSS_DR18_SPECTROSCOPY,ZWARNING_0_SCIENCEPRIMARY
TRD006913,158.41117,0.70737549,QSO,SDSS_DR18_SPECTROSCOPY,ZWARNING_0_SCIENCEPRIMARY
TRD006914,158.46913,0.73426859,QSO,SDSS_DR18_SPECTROSCOPY,ZWARNING_0_SCIENCEPRIMARY
TRD006915,158.9464,0.21106121,QSO,SDSS_DR18_SPECTROSCOPY,ZWARNING_0_SCIENCEPRIMARY
TRD006916,159.01339,0.79237063,QSO,SDSS_DR18_SPECTROSCOPY,ZWARNING_0_SCIENCEPRIMARY
TRD006917,159.10711,0.6914869,QSO,SDSS_DR18_SPECTROSCOPY,ZWARNING_0_SCIENCEPRIMARY
TRD006918,159.04555,0.54139815,QSO,SDSS_DR18_SPECTROSCOPY,ZWARNING_0_SCIENCEPRIMARY
TRD006919,159.26938,0.25958258,QSO,SDSS_DR18_SPECTROSCOPY,ZWARNING_0_SCIENCEPRIMARY
TRD006920,160.54542,-1.0855791,QSO,SDSS_DR18_SPECTROSCOPY,ZWARNING_0_SCIENCEPRIMARY
TRD006921,161.05551,-0.056865107,QSO,SDSS_DR18_SPECTROSCOPY,ZWARNING_0_SCIENCEPRIMARY
TRD006922,161.13241,-0.18850828,QSO,SDSS_DR18_SPECTROSCOPY,ZWARNING_0_SCIENCEPRIMARY
TRD006923,160.52563,-0.65487256,QSO,SDSS_DR18_SPECTROSCOPY,ZWARNING_0_SCIENCEPRIMARY
TRD006924,160.27971,-1.1793853,QSO,SDSS_DR18_SPECTROSCOPY,ZWARNING_0_SCIENCEPRIMARY
TRD006925,160.38658,-0.84929597,QSO,SDSS_DR18_SPECTROSCOPY,ZWARNING_0_SCIENCEPRIMARY
TRD006926,160.34518,-0.93846041,QSO,SDSS_DR18_SPECTROSCOPY,ZWARNING_0_SCIENCEPRIMARY
TRD006927,160.72268,-0.21689202,QSO,SDSS_DR18_SPECTROSCOPY,ZWARNING_0_SCIENCEPRIMARY
TRD006928,160.6797,-0.28498294,QSO,SDSS_DR18_SPECTROSCOPY,ZWARNING_0_SCIENCEPRIMARY
TRD006929,160.49358,-0.50143401,QSO,SDSS_DR18_SPECTROSCOPY,ZWARNING_0_SCIENCEPRIMARY
TRD006930,159.84302,-0.56778968,QSO,SDSS_DR18_SPECTROSCOPY,ZWARNING_0_SCIENCEPRIMARY
TRD006931,159.69885,-0.88918742,QSO,SDSS_DR18_SPECTROSCOPY,ZWARNING_0_SCIENCEPRIMARY
TRD006932,159.77533,-0.095534221,QSO,SDSS_DR18_SPECTROSCOPY,ZWARNING_0_SCIENCEPRIMARY
TRD006933,159.28034,-0.94329628,QSO,SDSS_DR18_SPECTROSCOPY,ZWARNING_0_SCIENCEPRIMARY
TRD006934,159.44756,-0.27886953,QSO,SDSS_DR18_SPECTROSCOPY,ZWARNING_0_SCIENCEPRIMARY
TRD006935,159.21849,-0.8246021,QSO,SDSS_DR18_SPECTROSCOPY,ZWARNING_0_SCIENCEPRIMARY
TRD006936,159.23178,-1.0829613,QSO,SDSS_DR18_SPECTROSCOPY,ZWARNING_0_SCIENCEPRIMARY
TRD006937,158.5884,-0.62563715,QSO,SDSS_DR18_SPECTROSCOPY,ZWARNING_0_SCIENCEPRIMARY
TRD006938,159.36438,0.60989185,QSO,SDSS_DR18_SPECTROSCOPY,ZWARNING_0_SCIENCEPRIMARY
TRD006939,159.57424,0.31228015,QSO,SDSS_DR18_SPECTROSCOPY,ZWARNING_0_SCIENCEPRIMARY
TRD006940,159.70051,0.79819114,QSO,SDSS_DR18_SPECTROSCOPY,ZWARNING_0_SCIENCEPRIMARY
TRD006941,159.92676,0.99833971,QSO,SDSS_DR18_SPECTROSCOPY,ZWARNING_0_SCIENCEPRIMARY
TRD006942,160.11915,0.085414052,QSO,SDSS_DR18_SPECTROSCOPY,ZWARNING_0_SCIENCEPRIMARY
TRD006943,160.41088,0.83366496,QSO,SDSS_DR18_SPECTROSCOPY,ZWARNING_0_SCIENCEPRIMARY
TRD006944,160.61301,0.7810109,QSO,SDSS_DR18_SPECTROSCOPY,ZWARNING_0_SCIENCEPRIMARY
TRD006945,160.83991,0.72262799,QSO,SDSS_DR18_SPECTROSCOPY,ZWARNING_0_SCIENCEPRIMARY
TRD006946,160.62776,1.0004577,QSO,SDSS_DR18_SPECTROSCOPY,ZWARNING_0_SCIENCEPRIMARY
TRD006947,160.94676,0.8342322,QSO,SDSS_DR18_SPECTROSCOPY,ZWARNING_0_SCIENCEPRIMARY
TRD006948,162.30564,-1.0037799,QSO,SDSS_DR18_SPECTROSCOPY,ZWARNING_0_SCIENCEPRIMARY
TRD006949,162.92542,-0.12838374,QSO,SDSS_DR18_SPECTROSCOPY,ZWARNING_0_SCIENCEPRIMARY
TRD006950,162.1477,-0.66973679,QSO,SDSS_DR18_SPECTROSCOPY,ZWARNING_0_SCIENCEPRIMARY
TRD006951,162.12005,-0.96306311,QSO,SDSS_DR18_SPECTROSCOPY,ZWARNING_0_SCIENCEPRIMARY
TRD006952,161.88911,-0.78344513,QSO,SDSS_DR18_SPECTROSCOPY,ZWARNING_0_SCIENCEPRIMARY
TRD006953,161.90609,-0.2348479,QSO,SDSS_DR18_SPECTROSCOPY,ZWARNING_0_SCIENCEPRIMARY
TRD006954,161.18442,-1.1076207,QSO,SDSS_DR18_SPECTROSCOPY,ZWARNING_0_SCIENCEPRIMARY
TRD006955,161.35852,-1.0200246,QSO,SDSS_DR18_SPECTROSCOPY,ZWARNING_0_SCIENCEPRIMARY
TRD006956,161.35183,-0.95898137,QSO,SDSS_DR18_SPECTROSCOPY,ZWARNING_0_SCIENCEPRIMARY
TRD006957,161.45715,-1.1169181,QSO,SDSS_DR18_SPECTROSCOPY,ZWARNING_0_SCIENCEPRIMARY
TRD006958,161.25169,-0.26497633,QSO,SDSS_DR18_SPECTROSCOPY,ZWARNING_0_SCIENCEPRIMARY
TRD006959,161.20534,0.050345243,QSO,SDSS_DR18_SPECTROSCOPY,ZWARNING_0_SCIENCEPRIMARY
TRD006960,160.8813,-1.1257931,QSO,SDSS_DR18_SPECTROSCOPY,ZWARNING_0_SCIENCEPRIMARY
TRD006961,160.77506,0.16852475,QSO,SDSS_DR18_SPECTROSCOPY,ZWARNING_0_SCIENCEPRIMARY
TRD006962,160.3848,-0.58671644,QSO,SDSS_DR18_SPECTROSCOPY,ZWARNING_0_SCIENCEPRIMARY
TRD006963,160.38931,-0.043445154,QSO,SDSS_DR18_SPECTROSCOPY,ZWARNING_0_SCIENCEPRIMARY
TRD006964,160.49641,-0.19066896,QSO,SDSS_DR18_SPECTROSCOPY,ZWARNING_0_SCIENCEPRIMARY
TRD006965,160.54179,-0.30408553,QSO,SDSS_DR18_SPECTROSCOPY,ZWARNING_0_SCIENCEPRIMARY
TRD006966,160.62557,1.0399054,QSO,SDSS_DR18_SPECTROSCOPY,ZWARNING_0_SCIENCEPRIMARY
TRD006967,160.71512,1.2173807,QSO,SDSS_DR18_SPECTROSCOPY,ZWARNING_0_SCIENCEPRIMARY
TRD006968,160.16358,0.22690535,QSO,SDSS_DR18_SPECTROSCOPY,ZWARNING_0_SCIENCEPRIMARY
TRD006969,160.42738,0.6752738,QSO,SDSS_DR18_SPECTROSCOPY,ZWARNING_0_SCIENCEPRIMARY
TRD006970,160.88701,1.0191099,QSO,SDSS_DR18_SPECTROSCOPY,ZWARNING_0_SCIENCEPRIMARY
TRD006971,161.22651,1.2195637,QSO,SDSS_DR18_SPECTROSCOPY,ZWARNING_0_SCIENCEPRIMARY
TRD006972,161.00275,0.84833514,QSO,SDSS_DR18_SPECTROSCOPY,ZWARNING_0_SCIENCEPRIMARY
TRD006973,161.07143,0.62327958,QSO,SDSS_DR18_SPECTROSCOPY,ZWARNING_0_SCIENCEPRIMARY
TRD006974,161.09624,0.68213561,QSO,SDSS_DR18_SPECTROSCOPY,ZWARNING_0_SCIENCEPRIMARY
TRD006975,161.24291,0.93587726,QSO,SDSS_DR18_SPECTROSCOPY,ZWARNING_0_SCIENCEPRIMARY
TRD006976,161.28431,0.907703,QSO,SDSS_DR18_SPECTROSCOPY,ZWARNING_0_SCIENCEPRIMARY
TRD006977,161.30149,0.92295405,QSO,SDSS_DR18_SPECTROSCOPY,ZWARNING_0_SCIENCEPRIMARY
TRD006978,161.40641,1.0604634,QSO,SDSS_DR18_SPECTROSCOPY,ZWARNING_0_SCIENCEPRIMARY
TRD006979,161.46842,0.40290271,QSO,SDSS_DR18_SPECTROSCOPY,ZWARNING_0_SCIENCEPRIMARY
TRD006980,161.87061,1.0176649,QSO,SDSS_DR18_SPECTROSCOPY,ZWARNING_0_SCIENCEPRIMARY
TRD006981,162.21787,0.26578371,QSO,SDSS_DR18_SPECTROSCOPY,ZWARNING_0_SCIENCEPRIMARY
TRD006982,162.03225,0.92872036,QSO,SDSS_DR18_SPECTROSCOPY,ZWARNING_0_SCIENCEPRIMARY
TRD006983,164.273,-1.1272137,QSO,SDSS_DR18_SPECTROSCOPY,ZWARNING_0_SCIENCEPRIMARY
TRD006984,164.68092,-0.31322756,QSO,SDSS_DR18_SPECTROSCOPY,ZWARNING_0_SCIENCEPRIMARY
TRD006985,164.27892,-0.69588589,QSO,SDSS_DR18_SPECTROSCOPY,ZWARNING_0_SCIENCEPRIMARY
TRD006986,163.77638,-0.82897008,QSO,SDSS_DR18_SPECTROSCOPY,ZWARNING_0_SCIENCEPRIMARY
TRD006987,164.06341,-1.1546201,QSO,SDSS_DR18_SPECTROSCOPY,ZWARNING_0_SCIENCEPRIMARY
TRD006988,163.86457,-0.47130389,QSO,SDSS_DR18_SPECTROSCOPY,ZWARNING_0_SCIENCEPRIMARY
TRD006989,163.72236,-1.2368293,QSO,SDSS_DR18_SPECTROSCOPY,ZWARNING_0_SCIENCEPRIMARY
TRD006990,163.67974,-1.1171644,QSO,SDSS_DR18_SPECTROSCOPY,ZWARNING_0_SCIENCEPRIMARY
TRD006991,163.73766,-0.76473279,QSO,SDSS_DR18_SPECTROSCOPY,ZWARNING_0_SCIENCEPRIMARY
TRD006992,163.39698,-0.86535542,QSO,SDSS_DR18_SPECTROSCOPY,ZWARNING_0_SCIENCEPRIMARY
TRD006993,163.42589,-0.2389271,QSO,SDSS_DR18_SPECTROSCOPY,ZWARNING_0_SCIENCEPRIMARY
TRD006994,163.55875,-0.30100604,QSO,SDSS_DR18_SPECTROSCOPY,ZWARNING_0_SCIENCEPRIMARY
TRD006995,163.4099,-0.46789186,QSO,SDSS_DR18_SPECTROSCOPY,ZWARNING_0_SCIENCEPRIMARY
TRD006996,163.40298,-0.29090584,QSO,SDSS_DR18_SPECTROSCOPY,ZWARNING_0_SCIENCEPRIMARY
TRD006997,163.11808,-1.0800156,QSO,SDSS_DR18_SPECTROSCOPY,ZWARNING_0_SCIENCEPRIMARY
TRD006998,162.79297,-0.062293114,QSO,SDSS_DR18_SPECTROSCOPY,ZWARNING_0_SCIENCEPRIMARY
TRD006999,162.90158,-0.80191552,QSO,SDSS_DR18_SPECTROSCOPY,ZWARNING_0_SCIENCEPRIMARY
TRD007000,162.96439,-0.85491191,QSO,SDSS_DR18_SPECTROSCOPY,ZWARNING_0_SCIENCEPRIMARY
TRD007001,162.63785,-0.23189271,QSO,SDSS_DR18_SPECTROSCOPY,ZWARNING_0_SCIENCEPRIMARY
TRD007002,162.72474,0.037125459,QSO,SDSS_DR18_SPECTROSCOPY,ZWARNING_0_SCIENCEPRIMARY
TRD007003,162.59871,-1.0987453,QSO,SDSS_DR18_SPECTROSCOPY,ZWARNING_0_SCIENCEPRIMARY
TRD007004,162.14889,0.00061963687,QSO,SDSS_DR18_SPECTROSCOPY,ZWARNING_0_SCIENCEPRIMARY
TRD007005,162.45133,0.98634812,QSO,SDSS_DR18_SPECTROSCOPY,ZWARNING_0_SCIENCEPRIMARY
TRD007006,162.25716,0.9261072,QSO,SDSS_DR18_SPECTROSCOPY,ZWARNING_0_SCIENCEPRIMARY
TRD007007,162.11941,0.23969476,QSO,SDSS_DR18_SPECTROSCOPY,ZWARNING_0_SCIENCEPRIMARY
TRD007008,162.21891,0.54165019,QSO,SDSS_DR18_SPECTROSCOPY,ZWARNING_0_SCIENCEPRIMARY
TRD007009,162.36229,0.40189895,QSO,SDSS_DR18_SPECTROSCOPY,ZWARNING_0_SCIENCEPRIMARY
TRD007010,163.14702,0.088159757,QSO,SDSS_DR18_SPECTROSCOPY,ZWARNING_0_SCIENCEPRIMARY
TRD007011,162.86584,0.64668407,QSO,SDSS_DR18_SPECTROSCOPY,ZWARNING_0_SCIENCEPRIMARY
TRD007012,163.61299,0.40743487,QSO,SDSS_DR18_SPECTROSCOPY,ZWARNING_0_SCIENCEPRIMARY
TRD007013,163.73763,0.5738993,QSO,SDSS_DR18_SPECTROSCOPY,ZWARNING_0_SCIENCEPRIMARY
TRD007014,163.57625,0.10429247,QSO,SDSS_DR18_SPECTROSCOPY,ZWARNING_0_SCIENCEPRIMARY
TRD007015,163.40815,0.99966166,QSO,SDSS_DR18_SPECTROSCOPY,ZWARNING_0_SCIENCEPRIMARY
TRD007016,163.38318,0.78372019,QSO,SDSS_DR18_SPECTROSCOPY,ZWARNING_0_SCIENCEPRIMARY
TRD007017,163.38183,0.76027237,QSO,SDSS_DR18_SPECTROSCOPY,ZWARNING_0_SCIENCEPRIMARY
TRD007018,163.58846,0.88956032,QSO,SDSS_DR18_SPECTROSCOPY,ZWARNING_0_SCIENCEPRIMARY
TRD007019,163.62869,1.2225442,QSO,SDSS_DR18_SPECTROSCOPY,ZWARNING_0_SCIENCEPRIMARY
TRD007020,163.7349,0.90052451,QSO,SDSS_DR18_SPECTROSCOPY,ZWARNING_0_SCIENCEPRIMARY
TRD007021,164.09022,0.21212171,QSO,SDSS_DR18_SPECTROSCOPY,ZWARNING_0_SCIENCEPRIMARY
TRD007022,163.92925,0.16711876,QSO,SDSS_DR18_SPECTROSCOPY,ZWARNING_0_SCIENCEPRIMARY
TRD007023,163.8653,0.33376681,QSO,SDSS_DR18_SPECTROSCOPY,ZWARNING_0_SCIENCEPRIMARY
TRD007024,164.07748,1.1333607,QSO,SDSS_DR18_SPECTROSCOPY,ZWARNING_0_SCIENCEPRIMARY
TRD007025,163.83333,0.96641076,QSO,SDSS_DR18_SPECTROSCOPY,ZWARNING_0_SCIENCEPRIMARY
TRD007026,164.58444,0.54788745,QSO,SDSS_DR18_SPECTROSCOPY,ZWARNING_0_SCIENCEPRIMARY
TRD007027,164.54659,0.4216093,QSO,SDSS_DR18_SPECTROSCOPY,ZWARNING_0_SCIENCEPRIMARY
TRD007028,164.58208,0.064329322,QSO,SDSS_DR18_SPECTROSCOPY,ZWARNING_0_SCIENCEPRIMARY
TRD007029,165.9367,-0.85073849,QSO,SDSS_DR18_SPECTROSCOPY,ZWARNING_0_SCIENCEPRIMARY
TRD007030,166.12644,-0.55367956,QSO,SDSS_DR18_SPECTROSCOPY,ZWARNING_0_SCIENCEPRIMARY
TRD007031,166.25829,-0.74849605,QSO,SDSS_DR18_SPECTROSCOPY,ZWARNING_0_SCIENCEPRIMARY
TRD007032,166.17011,-0.078229752,QSO,SDSS_DR18_SPECTROSCOPY,ZWARNING_0_SCIENCEPRIMARY
TRD007033,165.6288,-1.0916415,QSO,SDSS_DR18_SPECTROSCOPY,ZWARNING_0_SCIENCEPRIMARY
TRD007034,165.86037,-0.11829192,QSO,SDSS_DR18_SPECTROSCOPY,ZWARNING_0_SCIENCEPRIMARY
TRD007035,165.79201,-0.21244379,QSO,SDSS_DR18_SPECTROSCOPY,ZWARNING_0_SCIENCEPRIMARY
TRD007036,165.81309,-0.25370137,QSO,SDSS_DR18_SPECTROSCOPY,ZWARNING_0_SCIENCEPRIMARY
TRD007037,165.66319,-0.67561671,QSO,SDSS_DR18_SPECTROSCOPY,ZWARNING_0_SCIENCEPRIMARY
TRD007038,165.5025,-0.70643215,QSO,SDSS_DR18_SPECTROSCOPY,ZWARNING_0_SCIENCEPRIMARY
TRD007039,165.2818,-0.98949192,QSO,SDSS_DR18_SPECTROSCOPY,ZWARNING_0_SCIENCEPRIMARY
TRD007040,165.22558,-0.84400074,QSO,SDSS_DR18_SPECTROSCOPY,ZWARNING_0_SCIENCEPRIMARY
TRD007041,165.1351,-0.43416034,QSO,SDSS_DR18_SPECTROSCOPY,ZWARNING_0_SCIENCEPRIMARY
TRD007042,164.7075,-1.1674962,QSO,SDSS_DR18_SPECTROSCOPY,ZWARNING_0_SCIENCEPRIMARY
TRD007043,164.8855,-0.73185929,QSO,SDSS_DR18_SPECTROSCOPY,ZWARNING_0_SCIENCEPRIMARY
TRD007044,164.899,-0.09757181,QSO,SDSS_DR18_SPECTROSCOPY,ZWARNING_0_SCIENCEPRIMARY
TRD007045,164.92698,-0.38359397,QSO,SDSS_DR18_SPECTROSCOPY,ZWARNING_0_SCIENCEPRIMARY
TRD007046,164.51315,-0.90420385,QSO,SDSS_DR18_SPECTROSCOPY,ZWARNING_0_SCIENCEPRIMARY
TRD007047,164.41957,-1.1648163,QSO,SDSS_DR18_SPECTROSCOPY,ZWARNING_0_SCIENCEPRIMARY
TRD007048,164.54445,-1.1938065,QSO,SDSS_DR18_SPECTROSCOPY,ZWARNING_0_SCIENCEPRIMARY
TRD007049,164.02891,-0.78208728,QSO,SDSS_DR18_SPECTROSCOPY,ZWARNING_0_SCIENCEPRIMARY
TRD007050,164.1781,-0.7155497,QSO,SDSS_DR18_SPECTROSCOPY,ZWARNING_0_SCIENCEPRIMARY
TRD007051,164.58119,0.77998885,QSO,SDSS_DR18_SPECTROSCOPY,ZWARNING_0_SCIENCEPRIMARY
TRD007052,164.78199,1.0509826,QSO,SDSS_DR18_SPECTROSCOPY,ZWARNING_0_SCIENCEPRIMARY
TRD007053,164.76801,0.59700141,QSO,SDSS_DR18_SPECTROSCOPY,ZWARNING_0_SCIENCEPRIMARY
TRD007054,165.03545,0.84106195,QSO,SDSS_DR18_SPECTROSCOPY,ZWARNING_0_SCIENCEPRIMARY
TRD007055,165.13688,0.69825065,QSO,SDSS_DR18_SPECTROSCOPY,ZWARNING_0_SCIENCEPRIMARY
TRD007056,165.04145,1.2451201,QSO,SDSS_DR18_SPECTROSCOPY,ZWARNING_0_SCIENCEPRIMARY
TRD007057,164.97501,0.77990766,QSO,SDSS_DR18_SPECTROSCOPY,ZWARNING_0_SCIENCEPRIMARY
TRD007058,165.01788,0.90216004,QSO,SDSS_DR18_SPECTROSCOPY,ZWARNING_0_SCIENCEPRIMARY
TRD007059,165.66217,0.39795703,QSO,SDSS_DR18_SPECTROSCOPY,ZWARNING_0_SCIENCEPRIMARY
TRD007060,165.60956,0.59809134,QSO,SDSS_DR18_SPECTROSCOPY,ZWARNING_0_SCIENCEPRIMARY
TRD007061,165.64723,0.41702261,QSO,SDSS_DR18_SPECTROSCOPY,ZWARNING_0_SCIENCEPRIMARY
TRD007062,165.80344,0.0034622173,QSO,SDSS_DR18_SPECTROSCOPY,ZWARNING_0_SCIENCEPRIMARY
TRD007063,165.89492,0.20220557,QSO,SDSS_DR18_SPECTROSCOPY,ZWARNING_0_SCIENCEPRIMARY
TRD007064,165.67963,0.78908754,QSO,SDSS_DR18_SPECTROSCOPY,ZWARNING_0_SCIENCEPRIMARY
TRD007065,166.11441,0.55185463,QSO,SDSS_DR18_SPECTROSCOPY,ZWARNING_0_SCIENCEPRIMARY
TRD007066,166.01975,1.0770232,QSO,SDSS_DR18_SPECTROSCOPY,ZWARNING_0_SCIENCEPRIMARY
TRD007067,166.25111,0.65921866,QSO,SDSS_DR18_SPECTROSCOPY,ZWARNING_0_SCIENCEPRIMARY
TRD007068,166.18019,0.38198155,QSO,SDSS_DR18_SPECTROSCOPY,ZWARNING_0_SCIENCEPRIMARY
TRD007069,166.40026,0.29031395,QSO,SDSS_DR18_SPECTROSCOPY,ZWARNING_0_SCIENCEPRIMARY
TRD007070,166.52718,0.53678616,QSO,SDSS_DR18_SPECTROSCOPY,ZWARNING_0_SCIENCEPRIMARY
TRD007071,166.51423,0.36886002,QSO,SDSS_DR18_SPECTROSCOPY,ZWARNING_0_SCIENCEPRIMARY
TRD007072,168.08366,-0.8581607,QSO,SDSS_DR18_SPECTROSCOPY,ZWARNING_0_SCIENCEPRIMARY
TRD007073,168.1072,-0.85045357,QSO,SDSS_DR18_SPECTROSCOPY,ZWARNING_0_SCIENCEPRIMARY
TRD007074,167.9696,-0.81083392,QSO,SDSS_DR18_SPECTROSCOPY,ZWARNING_0_SCIENCEPRIMARY
TRD007075,168.47499,-0.038276778,QSO,SDSS_DR18_SPECTROSCOPY,ZWARNING_0_SCIENCEPRIMARY
TRD007076,167.75253,-0.89300905,QSO,SDSS_DR18_SPECTROSCOPY,ZWARNING_0_SCIENCEPRIMARY
TRD007077,167.59329,-0.9290365,QSO,SDSS_DR18_SPECTROSCOPY,ZWARNING_0_SCIENCEPRIMARY
TRD007078,167.7786,-1.2317073,QSO,SDSS_DR18_SPECTROSCOPY,ZWARNING_0_SCIENCEPRIMARY
TRD007079,167.66753,-0.88182298,QSO,SDSS_DR18_SPECTROSCOPY,ZWARNING_0_SCIENCEPRIMARY
TRD007080,168.2545,-0.56137847,QSO,SDSS_DR18_SPECTROSCOPY,ZWARNING_0_SCIENCEPRIMARY
TRD007081,167.7734,-0.67734409,QSO,SDSS_DR18_SPECTROSCOPY,ZWARNING_0_SCIENCEPRIMARY
TRD007082,168.12971,-0.42618324,QSO,SDSS_DR18_SPECTROSCOPY,ZWARNING_0_SCIENCEPRIMARY
TRD007083,167.16154,-0.92603789,QSO,SDSS_DR18_SPECTROSCOPY,ZWARNING_0_SCIENCEPRIMARY
TRD007084,167.26353,-0.42907311,QSO,SDSS_DR18_SPECTROSCOPY,ZWARNING_0_SCIENCEPRIMARY
TRD007085,166.86858,-0.85628012,QSO,SDSS_DR18_SPECTROSCOPY,ZWARNING_0_SCIENCEPRIMARY
TRD007086,167.25678,-0.058406208,QSO,SDSS_DR18_SPECTROSCOPY,ZWARNING_0_SCIENCEPRIMARY
TRD007087,167.12719,-0.092804079,QSO,SDSS_DR18_SPECTROSCOPY,ZWARNING_0_SCIENCEPRIMARY
TRD007088,166.6533,-1.2485032,QSO,SDSS_DR18_SPECTROSCOPY,ZWARNING_0_SCIENCEPRIMARY
TRD007089,166.9477,-0.512278,QSO,SDSS_DR18_SPECTROSCOPY,ZWARNING_0_SCIENCEPRIMARY
TRD007090,166.97152,-0.12156497,QSO,SDSS_DR18_SPECTROSCOPY,ZWARNING_0_SCIENCEPRIMARY
TRD007091,166.38824,-0.98002567,QSO,SDSS_DR18_SPECTROSCOPY,ZWARNING_0_SCIENCEPRIMARY
TRD007092,165.91386,-0.52034658,QSO,SDSS_DR18_SPECTROSCOPY,ZWARNING_0_SCIENCEPRIMARY
TRD007093,166.74259,-0.4120884,QSO,SDSS_DR18_SPECTROSCOPY,ZWARNING_0_SCIENCEPRIMARY
TRD007094,166.30949,1.1522764,QSO,SDSS_DR18_SPECTROSCOPY,ZWARNING_0_SCIENCEPRIMARY
TRD007095,166.76565,0.70065485,QSO,SDSS_DR18_SPECTROSCOPY,ZWARNING_0_SCIENCEPRIMARY
TRD007096,166.68467,0.52643877,QSO,SDSS_DR18_SPECTROSCOPY,ZWARNING_0_SCIENCEPRIMARY
TRD007097,166.87099,0.80311576,QSO,SDSS_DR18_SPECTROSCOPY,ZWARNING_0_SCIENCEPRIMARY
TRD007098,166.85708,0.56499187,QSO,SDSS_DR18_SPECTROSCOPY,ZWARNING_0_SCIENCEPRIMARY
TRD007099,167.12646,0.57642248,QSO,SDSS_DR18_SPECTROSCOPY,ZWARNING_0_SCIENCEPRIMARY
TRD007100,167.49626,1.0321334,QSO,SDSS_DR18_SPECTROSCOPY,ZWARNING_0_SCIENCEPRIMARY
TRD007101,167.40148,0.8531511,QSO,SDSS_DR18_SPECTROSCOPY,ZWARNING_0_SCIENCEPRIMARY
TRD007102,167.54954,0.064590794,QSO,SDSS_DR18_SPECTROSCOPY,ZWARNING_0_SCIENCEPRIMARY
TRD007103,167.4796,0.47234781,QSO,SDSS_DR18_SPECTROSCOPY,ZWARNING_0_SCIENCEPRIMARY
TRD007104,167.54035,0.65890364,QSO,SDSS_DR18_SPECTROSCOPY,ZWARNING_0_SCIENCEPRIMARY
TRD007105,167.80202,0.29655692,QSO,SDSS_DR18_SPECTROSCOPY,ZWARNING_0_SCIENCEPRIMARY
TRD007106,167.55029,1.2243894,QSO,SDSS_DR18_SPECTROSCOPY,ZWARNING_0_SCIENCEPRIMARY
TRD007107,167.72886,0.81506941,QSO,SDSS_DR18_SPECTROSCOPY,ZWARNING_0_SCIENCEPRIMARY
TRD007108,167.82403,0.3091429,QSO,SDSS_DR18_SPECTROSCOPY,ZWARNING_0_SCIENCEPRIMARY
TRD007109,168.10077,0.7750995,QSO,SDSS_DR18_SPECTROSCOPY,ZWARNING_0_SCIENCEPRIMARY
TRD007110,168.23389,0.22872759,QSO,SDSS_DR18_SPECTROSCOPY,ZWARNING_0_SCIENCEPRIMARY
TRD007111,167.90189,1.1037646,QSO,SDSS_DR18_SPECTROSCOPY,ZWARNING_0_SCIENCEPRIMARY
TRD007112,168.28221,0.53622105,QSO,SDSS_DR18_SPECTROSCOPY,ZWARNING_0_SCIENCEPRIMARY
TRD007113,168.41901,0.49251311,QSO,SDSS_DR18_SPECTROSCOPY,ZWARNING_0_SCIENCEPRIMARY
TRD007114,168.96754,-0.75650276,QSO,SDSS_DR18_SPECTROSCOPY,ZWARNING_0_SCIENCEPRIMARY
TRD007115,169.18773,-0.73601814,QSO,SDSS_DR18_SPECTROSCOPY,ZWARNING_0_SCIENCEPRIMARY
TRD007116,169.70891,-0.35017093,QSO,SDSS_DR18_SPECTROSCOPY,ZWARNING_0_SCIENCEPRIMARY
TRD007117,169.10376,-1.03875,QSO,SDSS_DR18_SPECTROSCOPY,ZWARNING_0_SCIENCEPRIMARY
TRD007118,168.76106,-0.39557537,QSO,SDSS_DR18_SPECTROSCOPY,ZWARNING_0_SCIENCEPRIMARY
TRD007119,168.73343,-0.67195633,QSO,SDSS_DR18_SPECTROSCOPY,ZWARNING_0_SCIENCEPRIMARY
TRD007120,168.86869,-0.58184778,QSO,SDSS_DR18_SPECTROSCOPY,ZWARNING_0_SCIENCEPRIMARY
TRD007121,168.56597,-0.98897809,QSO,SDSS_DR18_SPECTROSCOPY,ZWARNING_0_SCIENCEPRIMARY
TRD007122,168.63476,-0.34631792,QSO,SDSS_DR18_SPECTROSCOPY,ZWARNING_0_SCIENCEPRIMARY
TRD007123,168.43685,-0.73653724,QSO,SDSS_DR18_SPECTROSCOPY,ZWARNING_0_SCIENCEPRIMARY
TRD007124,168.49114,-0.91275606,QSO,SDSS_DR18_SPECTROSCOPY,ZWARNING_0_SCIENCEPRIMARY
TRD007125,168.5,-0.39510303,QSO,SDSS_DR18_SPECTROSCOPY,ZWARNING_0_SCIENCEPRIMARY
TRD007126,168.54129,-0.13573419,QSO,SDSS_DR18_SPECTROSCOPY,ZWARNING_0_SCIENCEPRIMARY
TRD007127,168.12952,-1.0682627,QSO,SDSS_DR18_SPECTROSCOPY,ZWARNING_0_SCIENCEPRIMARY
TRD007128,168.1655,-1.1271853,QSO,SDSS_DR18_SPECTROSCOPY,ZWARNING_0_SCIENCEPRIMARY
TRD007129,167.95616,-0.43299171,QSO,SDSS_DR18_SPECTROSCOPY,ZWARNING_0_SCIENCEPRIMARY
TRD007130,168.39558,0.51338719,QSO,SDSS_DR18_SPECTROSCOPY,ZWARNING_0_SCIENCEPRIMARY
TRD007131,168.09094,0.50792887,QSO,SDSS_DR18_SPECTROSCOPY,ZWARNING_0_SCIENCEPRIMARY
TRD007132,168.33306,1.0858083,QSO,SDSS_DR18_SPECTROSCOPY,ZWARNING_0_SCIENCEPRIMARY
TRD007133,168.61809,0.80890384,QSO,SDSS_DR18_SPECTROSCOPY,ZWARNING_0_SCIENCEPRIMARY
TRD007134,168.53064,-0.0086051784,QSO,SDSS_DR18_SPECTROSCOPY,ZWARNING_0_SCIENCEPRIMARY
TRD007135,168.65944,0.95229261,QSO,SDSS_DR18_SPECTROSCOPY,ZWARNING_0_SCIENCEPRIMARY
TRD007136,168.75197,0.027221249,QSO,SDSS_DR18_SPECTROSCOPY,ZWARNING_0_SCIENCEPRIMARY
TRD007137,169.05007,0.78570453,QSO,SDSS_DR18_SPECTROSCOPY,ZWARNING_0_SCIENCEPRIMARY
TRD007138,169.08199,0.7962794,QSO,SDSS_DR18_SPECTROSCOPY,ZWARNING_0_SCIENCEPRIMARY
TRD007139,169.17645,0.099257874,QSO,SDSS_DR18_SPECTROSCOPY,ZWARNING_0_SCIENCEPRIMARY
TRD007140,169.48692,-0.039060467,QSO,SDSS_DR18_SPECTROSCOPY,ZWARNING_0_SCIENCEPRIMARY
TRD007141,169.10486,1.2539581,QSO,SDSS_DR18_SPECTROSCOPY,ZWARNING_0_SCIENCEPRIMARY
TRD007142,169.34902,0.67559476,QSO,SDSS_DR18_SPECTROSCOPY,ZWARNING_0_SCIENCEPRIMARY
TRD007143,169.73416,0.39466061,QSO,SDSS_DR18_SPECTROSCOPY,ZWARNING_0_SCIENCEPRIMARY
TRD007144,169.54908,0.010856785,QSO,SDSS_DR18_SPECTROSCOPY,ZWARNING_0_SCIENCEPRIMARY
TRD007145,169.57523,1.1428115,QSO,SDSS_DR18_SPECTROSCOPY,ZWARNING_0_SCIENCEPRIMARY
TRD007146,169.97004,0.45442591,QSO,SDSS_DR18_SPECTROSCOPY,ZWARNING_0_SCIENCEPRIMARY
TRD007147,169.90251,0.45328535,QSO,SDSS_DR18_SPECTROSCOPY,ZWARNING_0_SCIENCEPRIMARY
TRD007148,169.9066,0.93900586,QSO,SDSS_DR18_SPECTROSCOPY,ZWARNING_0_SCIENCEPRIMARY
TRD007149,171.50577,-0.75250594,QSO,SDSS_DR18_SPECTROSCOPY,ZWARNING_0_SCIENCEPRIMARY
TRD007150,171.06506,-0.44656698,QSO,SDSS_DR18_SPECTROSCOPY,ZWARNING_0_SCIENCEPRIMARY
TRD007151,171.42623,0.017036962,QSO,SDSS_DR18_SPECTROSCOPY,ZWARNING_0_SCIENCEPRIMARY
TRD007152,171.25266,0.24478524,QSO,SDSS_DR18_SPECTROSCOPY,ZWARNING_0_SCIENCEPRIMARY
TRD007153,170.5454,-1.1909753,QSO,SDSS_DR18_SPECTROSCOPY,ZWARNING_0_SCIENCEPRIMARY
TRD007154,171.05806,0.26285782,QSO,SDSS_DR18_SPECTROSCOPY,ZWARNING_0_SCIENCEPRIMARY
TRD007155,170.28899,-1.2148621,QSO,SDSS_DR18_SPECTROSCOPY,ZWARNING_0_SCIENCEPRIMARY
TRD007156,169.77623,-0.41833995,QSO,SDSS_DR18_SPECTROSCOPY,ZWARNING_0_SCIENCEPRIMARY
TRD007157,169.15372,0.24350016,QSO,SDSS_DR18_SPECTROSCOPY,ZWARNING_0_SCIENCEPRIMARY
TRD007158,169.81475,1.2386535,QSO,SDSS_DR18_SPECTROSCOPY,ZWARNING_0_SCIENCEPRIMARY
TRD007159,169.70419,1.2464345,QSO,SDSS_DR18_SPECTROSCOPY,ZWARNING_0_SCIENCEPRIMARY
TRD007160,169.92989,1.0405714,QSO,SDSS_DR18_SPECTROSCOPY,ZWARNING_0_SCIENCEPRIMARY
TRD007161,169.10725,0.52805868,QSO,SDSS_DR18_SPECTROSCOPY,ZWARNING_0_SCIENCEPRIMARY
TRD007162,170.09929,0.65588796,QSO,SDSS_DR18_SPECTROSCOPY,ZWARNING_0_SCIENCEPRIMARY
TRD007163,170.52383,1.1752603,QSO,SDSS_DR18_SPECTROSCOPY,ZWARNING_0_SCIENCEPRIMARY
TRD007164,170.33294,0.71889665,QSO,SDSS_DR18_SPECTROSCOPY,ZWARNING_0_SCIENCEPRIMARY
TRD007165,170.72292,0.89161262,QSO,SDSS_DR18_SPECTROSCOPY,ZWARNING_0_SCIENCEPRIMARY
TRD007166,171.16549,0.40548132,QSO,SDSS_DR18_SPECTROSCOPY,ZWARNING_0_SCIENCEPRIMARY
TRD007167,170.88894,1.0438485,QSO,SDSS_DR18_SPECTROSCOPY,ZWARNING_0_SCIENCEPRIMARY
TRD007168,171.348,0.49944484,QSO,SDSS_DR18_SPECTROSCOPY,ZWARNING_0_SCIENCEPRIMARY
TRD007169,171.51523,0.55225609,QSO,SDSS_DR18_SPECTROSCOPY,ZWARNING_0_SCIENCEPRIMARY
TRD007170,171.38093,1.0285867,QSO,SDSS_DR18_SPECTROSCOPY,ZWARNING_0_SCIENCEPRIMARY
TRD007171,171.65399,0.58210536,QSO,SDSS_DR18_SPECTROSCOPY,ZWARNING_0_SCIENCEPRIMARY
TRD007172,171.55464,0.79357816,QSO,SDSS_DR18_SPECTROSCOPY,ZWARNING_0_SCIENCEPRIMARY
TRD007173,173.10503,-0.49112105,QSO,SDSS_DR18_SPECTROSCOPY,ZWARNING_0_SCIENCEPRIMARY
TRD007174,173.06944,-0.11445075,QSO,SDSS_DR18_SPECTROSCOPY,ZWARNING_0_SCIENCEPRIMARY
TRD007175,173.2011,0.032136079,QSO,SDSS_DR18_SPECTROSCOPY,ZWARNING_0_SCIENCEPRIMARY
TRD007176,172.39831,-0.89223911,QSO,SDSS_DR18_SPECTROSCOPY,ZWARNING_0_SCIENCEPRIMARY
TRD007177,172.77768,0.093898948,QSO,SDSS_DR18_SPECTROSCOPY,ZWARNING_0_SCIENCEPRIMARY
TRD007178,172.11894,-0.84954199,QSO,SDSS_DR18_SPECTROSCOPY,ZWARNING_0_SCIENCEPRIMARY
TRD007179,172.15966,-0.96950293,QSO,SDSS_DR18_SPECTROSCOPY,ZWARNING_0_SCIENCEPRIMARY
TRD007180,171.92466,-0.7556474,QSO,SDSS_DR18_SPECTROSCOPY,ZWARNING_0_SCIENCEPRIMARY
TRD007181,172.02385,-0.98083429,QSO,SDSS_DR18_SPECTROSCOPY,ZWARNING_0_SCIENCEPRIMARY
TRD007182,172.01778,-0.51160416,QSO,SDSS_DR18_SPECTROSCOPY,ZWARNING_0_SCIENCEPRIMARY
TRD007183,172.04802,-0.64946282,QSO,SDSS_DR18_SPECTROSCOPY,ZWARNING_0_SCIENCEPRIMARY
TRD007184,171.97301,0.088329896,QSO,SDSS_DR18_SPECTROSCOPY,ZWARNING_0_SCIENCEPRIMARY
TRD007185,171.8106,-0.055550162,QSO,SDSS_DR18_SPECTROSCOPY,ZWARNING_0_SCIENCEPRIMARY
TRD007186,171.78267,-0.23467881,QSO,SDSS_DR18_SPECTROSCOPY,ZWARNING_0_SCIENCEPRIMARY
TRD007187,171.98972,-1.2111543,QSO,SDSS_DR18_SPECTROSCOPY,ZWARNING_0_SCIENCEPRIMARY
TRD007188,171.82383,-0.79520069,QSO,SDSS_DR18_SPECTROSCOPY,ZWARNING_0_SCIENCEPRIMARY
TRD007189,171.27814,-0.13336481,QSO,SDSS_DR18_SPECTROSCOPY,ZWARNING_0_SCIENCEPRIMARY
TRD007190,171.07017,-0.34747548,QSO,SDSS_DR18_SPECTROSCOPY,ZWARNING_0_SCIENCEPRIMARY
TRD007191,170.84198,-0.46440033,QSO,SDSS_DR18_SPECTROSCOPY,ZWARNING_0_SCIENCEPRIMARY
TRD007192,170.60938,-0.088333778,QSO,SDSS_DR18_SPECTROSCOPY,ZWARNING_0_SCIENCEPRIMARY
TRD007193,170.79229,-0.16147522,QSO,SDSS_DR18_SPECTROSCOPY,ZWARNING_0_SCIENCEPRIMARY
TRD007194,170.70837,0.50858531,QSO,SDSS_DR18_SPECTROSCOPY,ZWARNING_0_SCIENCEPRIMARY
TRD007195,170.67195,0.33677546,QSO,SDSS_DR18_SPECTROSCOPY,ZWARNING_0_SCIENCEPRIMARY
TRD007196,170.7957,0.62916471,QSO,SDSS_DR18_SPECTROSCOPY,ZWARNING_0_SCIENCEPRIMARY
TRD007197,171.02284,0.40058381,QSO,SDSS_DR18_SPECTROSCOPY,ZWARNING_0_SCIENCEPRIMARY
TRD007198,171.01771,0.21357439,QSO,SDSS_DR18_SPECTROSCOPY,ZWARNING_0_SCIENCEPRIMARY
TRD007199,171.69297,0.9148885,QSO,SDSS_DR18_SPECTROSCOPY,ZWARNING_0_SCIENCEPRIMARY
TRD007200,171.5117,0.57172969,QSO,SDSS_DR18_SPECTROSCOPY,ZWARNING_0_SCIENCEPRIMARY
TRD007201,171.52677,0.39722565,QSO,SDSS_DR18_SPECTROSCOPY,ZWARNING_0_SCIENCEPRIMARY
TRD007202,172.38064,0.64924095,QSO,SDSS_DR18_SPECTROSCOPY,ZWARNING_0_SCIENCEPRIMARY
TRD007203,172.77509,0.4970053,QSO,SDSS_DR18_SPECTROSCOPY,ZWARNING_0_SCIENCEPRIMARY
TRD007204,172.56386,0.47886828,QSO,SDSS_DR18_SPECTROSCOPY,ZWARNING_0_SCIENCEPRIMARY
TRD007205,172.58921,0.97306561,QSO,SDSS_DR18_SPECTROSCOPY,ZWARNING_0_SCIENCEPRIMARY
TRD007206,172.99552,0.20827732,QSO,SDSS_DR18_SPECTROSCOPY,ZWARNING_0_SCIENCEPRIMARY
TRD007207,173.13457,0.35247604,QSO,SDSS_DR18_SPECTROSCOPY,ZWARNING_0_SCIENCEPRIMARY
TRD007208,175.096,-0.17877818,QSO,SDSS_DR18_SPECTROSCOPY,ZWARNING_0_SCIENCEPRIMARY
TRD007209,174.55834,-0.9556293,QSO,SDSS_DR18_SPECTROSCOPY,ZWARNING_0_SCIENCEPRIMARY
TRD007210,174.79024,-0.26907207,QSO,SDSS_DR18_SPECTROSCOPY,ZWARNING_0_SCIENCEPRIMARY
TRD007211,174.24995,-0.92147928,QSO,SDSS_DR18_SPECTROSCOPY,ZWARNING_0_SCIENCEPRIMARY
TRD007212,173.86843,-1.1732363,QSO,SDSS_DR18_SPECTROSCOPY,ZWARNING_0_SCIENCEPRIMARY
TRD007213,173.67903,-0.85847677,QSO,SDSS_DR18_SPECTROSCOPY,ZWARNING_0_SCIENCEPRIMARY
TRD007214,173.63458,-0.93005491,QSO,SDSS_DR18_SPECTROSCOPY,ZWARNING_0_SCIENCEPRIMARY
TRD007215,174.30354,-0.65613467,QSO,SDSS_DR18_SPECTROSCOPY,ZWARNING_0_SCIENCEPRIMARY
TRD007216,174.06285,-0.38731543,QSO,SDSS_DR18_SPECTROSCOPY,ZWARNING_0_SCIENCEPRIMARY
TRD007217,174.06903,-0.4452193,QSO,SDSS_DR18_SPECTROSCOPY,ZWARNING_0_SCIENCEPRIMARY
TRD007218,174.06681,-0.47511345,QSO,SDSS_DR18_SPECTROSCOPY,ZWARNING_0_SCIENCEPRIMARY
TRD007219,174.30947,-0.32350322,QSO,SDSS_DR18_SPECTROSCOPY,ZWARNING_0_SCIENCEPRIMARY
TRD007220,174.21478,-0.47665695,QSO,SDSS_DR18_SPECTROSCOPY,ZWARNING_0_SCIENCEPRIMARY
TRD007221,174.12737,-0.3616805,QSO,SDSS_DR18_SPECTROSCOPY,ZWARNING_0_SCIENCEPRIMARY
TRD007222,173.79281,-0.5995125,QSO,SDSS_DR18_SPECTROSCOPY,ZWARNING_0_SCIENCEPRIMARY
TRD007223,173.84564,-0.49930508,QSO,SDSS_DR18_SPECTROSCOPY,ZWARNING_0_SCIENCEPRIMARY
TRD007224,173.71083,-0.6487727,QSO,SDSS_DR18_SPECTROSCOPY,ZWARNING_0_SCIENCEPRIMARY
TRD007225,173.60772,-0.09222059,QSO,SDSS_DR18_SPECTROSCOPY,ZWARNING_0_SCIENCEPRIMARY
TRD007226,173.42206,-0.96112691,QSO,SDSS_DR18_SPECTROSCOPY,ZWARNING_0_SCIENCEPRIMARY
TRD007227,173.57002,-0.31731891,QSO,SDSS_DR18_SPECTROSCOPY,ZWARNING_0_SCIENCEPRIMARY
TRD007228,173.32871,-0.68672823,QSO,SDSS_DR18_SPECTROSCOPY,ZWARNING_0_SCIENCEPRIMARY
TRD007229,173.45017,-0.18944234,QSO,SDSS_DR18_SPECTROSCOPY,ZWARNING_0_SCIENCEPRIMARY
TRD007230,173.57327,-0.51847476,QSO,SDSS_DR18_SPECTROSCOPY,ZWARNING_0_SCIENCEPRIMARY
TRD007231,173.05429,-0.87920319,QSO,SDSS_DR18_SPECTROSCOPY,ZWARNING_0_SCIENCEPRIMARY
TRD007232,173.07281,-0.82543785,QSO,SDSS_DR18_SPECTROSCOPY,ZWARNING_0_SCIENCEPRIMARY
TRD007233,173.14429,-0.59655998,QSO,SDSS_DR18_SPECTROSCOPY,ZWARNING_0_SCIENCEPRIMARY
TRD007234,172.89466,-0.33748009,QSO,SDSS_DR18_SPECTROSCOPY,ZWARNING_0_SCIENCEPRIMARY
TRD007235,173.19056,-0.70873843,QSO,SDSS_DR18_SPECTROSCOPY,ZWARNING_0_SCIENCEPRIMARY
TRD007236,172.75948,-1.0227868,QSO,SDSS_DR18_SPECTROSCOPY,ZWARNING_0_SCIENCEPRIMARY
TRD007237,172.32195,-0.19746316,QSO,SDSS_DR18_SPECTROSCOPY,ZWARNING_0_SCIENCEPRIMARY
TRD007238,172.66291,-0.67307006,QSO,SDSS_DR18_SPECTROSCOPY,ZWARNING_0_SCIENCEPRIMARY
TRD007239,172.61334,-0.76317924,QSO,SDSS_DR18_SPECTROSCOPY,ZWARNING_0_SCIENCEPRIMARY
TRD007240,172.61185,0.44696912,QSO,SDSS_DR18_SPECTROSCOPY,ZWARNING_0_SCIENCEPRIMARY
TRD007241,172.63155,0.34260577,QSO,SDSS_DR18_SPECTROSCOPY,ZWARNING_0_SCIENCEPRIMARY
TRD007242,172.55158,0.55408976,QSO,SDSS_DR18_SPECTROSCOPY,ZWARNING_0_SCIENCEPRIMARY
TRD007243,172.51358,0.058997246,QSO,SDSS_DR18_SPECTROSCOPY,ZWARNING_0_SCIENCEPRIMARY
TRD007244,173.00145,-0.06656285,QSO,SDSS_DR18_SPECTROSCOPY,ZWARNING_0_SCIENCEPRIMARY
TRD007245,173.57213,1.22125,QSO,SDSS_DR18_SPECTROSCOPY,ZWARNING_0_SCIENCEPRIMARY
TRD007246,173.44007,0.97041414,QSO,SDSS_DR18_SPECTROSCOPY,ZWARNING_0_SCIENCEPRIMARY
TRD007247,173.17204,0.0054855825,QSO,SDSS_DR18_SPECTROSCOPY,ZWARNING_0_SCIENCEPRIMARY
TRD007248,173.26264,0.26359342,QSO,SDSS_DR18_SPECTROSCOPY,ZWARNING_0_SCIENCEPRIMARY
TRD007249,173.59308,0.68357405,QSO,SDSS_DR18_SPECTROSCOPY,ZWARNING_0_SCIENCEPRIMARY
TRD007250,173.55615,0.17833058,QSO,SDSS_DR18_SPECTROSCOPY,ZWARNING_0_SCIENCEPRIMARY
TRD007251,173.88693,0.23652479,QSO,SDSS_DR18_SPECTROSCOPY,ZWARNING_0_SCIENCEPRIMARY
TRD007252,173.75865,-0.047261296,QSO,SDSS_DR18_SPECTROSCOPY,ZWARNING_0_SCIENCEPRIMARY
TRD007253,173.92166,0.3765106,QSO,SDSS_DR18_SPECTROSCOPY,ZWARNING_0_SCIENCEPRIMARY
TRD007254,173.93472,0.18852873,QSO,SDSS_DR18_SPECTROSCOPY,ZWARNING_0_SCIENCEPRIMARY
TRD007255,173.90515,0.0071641274,QSO,SDSS_DR18_SPECTROSCOPY,ZWARNING_0_SCIENCEPRIMARY
TRD007256,174.21797,1.1467325,QSO,SDSS_DR18_SPECTROSCOPY,ZWARNING_0_SCIENCEPRIMARY
TRD007257,174.16109,1.1754939,QSO,SDSS_DR18_SPECTROSCOPY,ZWARNING_0_SCIENCEPRIMARY
TRD007258,174.08771,0.8392401,QSO,SDSS_DR18_SPECTROSCOPY,ZWARNING_0_SCIENCEPRIMARY
TRD007259,174.21327,-0.016495701,QSO,SDSS_DR18_SPECTROSCOPY,ZWARNING_0_SCIENCEPRIMARY
TRD007260,174.48791,0.8954595,QSO,SDSS_DR18_SPECTROSCOPY,ZWARNING_0_SCIENCEPRIMARY
TRD007261,174.45733,0.45984324,QSO,SDSS_DR18_SPECTROSCOPY,ZWARNING_0_SCIENCEPRIMARY
TRD007262,174.59657,0.22897345,QSO,SDSS_DR18_SPECTROSCOPY,ZWARNING_0_SCIENCEPRIMARY
TRD007263,174.64097,0.79126616,QSO,SDSS_DR18_SPECTROSCOPY,ZWARNING_0_SCIENCEPRIMARY
TRD007264,174.92947,0.58927204,QSO,SDSS_DR18_SPECTROSCOPY,ZWARNING_0_SCIENCEPRIMARY
TRD007265,175.18196,-0.023969277,QSO,SDSS_DR18_SPECTROSCOPY,ZWARNING_0_SCIENCEPRIMARY
TRD007266,175.13378,0.32883922,QSO,SDSS_DR18_SPECTROSCOPY,ZWARNING_0_SCIENCEPRIMARY
TRD007267,176.9399,-0.93597749,QSO,SDSS_DR18_SPECTROSCOPY,ZWARNING_0_SCIENCEPRIMARY
TRD007268,176.9815,-1.0968438,QSO,SDSS_DR18_SPECTROSCOPY,ZWARNING_0_SCIENCEPRIMARY
TRD007269,177.27309,-0.65795928,QSO,SDSS_DR18_SPECTROSCOPY,ZWARNING_0_SCIENCEPRIMARY
TRD007270,177.28809,-0.39717518,QSO,SDSS_DR18_SPECTROSCOPY,ZWARNING_0_SCIENCEPRIMARY
TRD007271,176.69337,-1.0984214,QSO,SDSS_DR18_SPECTROSCOPY,ZWARNING_0_SCIENCEPRIMARY
TRD007272,176.99328,-0.26437112,QSO,SDSS_DR18_SPECTROSCOPY,ZWARNING_0_SCIENCEPRIMARY
TRD007273,176.40907,-1.0029386,QSO,SDSS_DR18_SPECTROSCOPY,ZWARNING_0_SCIENCEPRIMARY
TRD007274,176.47362,-0.55127614,QSO,SDSS_DR18_SPECTROSCOPY,ZWARNING_0_SCIENCEPRIMARY
TRD007275,176.36904,-0.79419532,QSO,SDSS_DR18_SPECTROSCOPY,ZWARNING_0_SCIENCEPRIMARY
TRD007276,176.39381,-0.72744359,QSO,SDSS_DR18_SPECTROSCOPY,ZWARNING_0_SCIENCEPRIMARY
TRD007277,176.44811,-0.51853248,QSO,SDSS_DR18_SPECTROSCOPY,ZWARNING_0_SCIENCEPRIMARY
TRD007278,176.37679,-0.19981375,QSO,SDSS_DR18_SPECTROSCOPY,ZWARNING_0_SCIENCEPRIMARY
TRD007279,176.23247,-0.36184647,QSO,SDSS_DR18_SPECTROSCOPY,ZWARNING_0_SCIENCEPRIMARY
TRD007280,176.01113,-0.2477932,QSO,SDSS_DR18_SPECTROSCOPY,ZWARNING_0_SCIENCEPRIMARY
TRD007281,175.94631,-0.913528,QSO,SDSS_DR18_SPECTROSCOPY,ZWARNING_0_SCIENCEPRIMARY
TRD007282,175.85403,-0.6040529,QSO,SDSS_DR18_SPECTROSCOPY,ZWARNING_0_SCIENCEPRIMARY
TRD007283,175.79681,-0.35917868,QSO,SDSS_DR18_SPECTROSCOPY,ZWARNING_0_SCIENCEPRIMARY
TRD007284,175.84068,-0.49486114,QSO,SDSS_DR18_SPECTROSCOPY,ZWARNING_0_SCIENCEPRIMARY
TRD007285,175.54364,-0.33693846,QSO,SDSS_DR18_SPECTROSCOPY,ZWARNING_0_SCIENCEPRIMARY
TRD007286,175.54832,-0.89562786,QSO,SDSS_DR18_SPECTROSCOPY,ZWARNING_0_SCIENCEPRIMARY
TRD007287,175.70065,-1.1823597,QSO,SDSS_DR18_SPECTROSCOPY,ZWARNING_0_SCIENCEPRIMARY
TRD007288,175.50518,-0.74504022,QSO,SDSS_DR18_SPECTROSCOPY,ZWARNING_0_SCIENCEPRIMARY
TRD007289,175.32347,-0.21400432,QSO,SDSS_DR18_SPECTROSCOPY,ZWARNING_0_SCIENCEPRIMARY
TRD007290,174.89431,-0.98378904,QSO,SDSS_DR18_SPECTROSCOPY,ZWARNING_0_SCIENCEPRIMARY
TRD007291,175.01814,-1.090952,QSO,SDSS_DR18_SPECTROSCOPY,ZWARNING_0_SCIENCEPRIMARY
TRD007292,175.23671,-0.39164699,QSO,SDSS_DR18_SPECTROSCOPY,ZWARNING_0_SCIENCEPRIMARY
TRD007293,175.25348,-0.31576384,QSO,SDSS_DR18_SPECTROSCOPY,ZWARNING_0_SCIENCEPRIMARY
TRD007294,175.00622,1.0616014,QSO,SDSS_DR18_SPECTROSCOPY,ZWARNING_0_SCIENCEPRIMARY
TRD007295,175.06949,0.89760804,QSO,SDSS_DR18_SPECTROSCOPY,ZWARNING_0_SCIENCEPRIMARY
TRD007296,174.84859,0.38378317,QSO,SDSS_DR18_SPECTROSCOPY,ZWARNING_0_SCIENCEPRIMARY
TRD007297,175.26813,1.090617,QSO,SDSS_DR18_SPECTROSCOPY,ZWARNING_0_SCIENCEPRIMARY
TRD007298,175.30124,0.79973973,QSO,SDSS_DR18_SPECTROSCOPY,ZWARNING_0_SCIENCEPRIMARY
TRD007299,175.49387,0.8241829,QSO,SDSS_DR18_SPECTROSCOPY,ZWARNING_0_SCIENCEPRIMARY
TRD007300,175.80605,0.49380129,QSO,SDSS_DR18_SPECTROSCOPY,ZWARNING_0_SCIENCEPRIMARY
TRD007301,175.97511,1.2286547,QSO,SDSS_DR18_SPECTROSCOPY,ZWARNING_0_SCIENCEPRIMARY
TRD007302,175.90493,0.76969193,QSO,SDSS_DR18_SPECTROSCOPY,ZWARNING_0_SCIENCEPRIMARY
TRD007303,176.04222,0.30382301,QSO,SDSS_DR18_SPECTROSCOPY,ZWARNING_0_SCIENCEPRIMARY
TRD007304,176.00201,0.15502258,QSO,SDSS_DR18_SPECTROSCOPY,ZWARNING_0_SCIENCEPRIMARY
TRD007305,176.39108,-0.15918632,QSO,SDSS_DR18_SPECTROSCOPY,ZWARNING_0_SCIENCEPRIMARY
TRD007306,176.55038,0.35143824,QSO,SDSS_DR18_SPECTROSCOPY,ZWARNING_0_SCIENCEPRIMARY
TRD007307,176.69884,0.23072452,QSO,SDSS_DR18_SPECTROSCOPY,ZWARNING_0_SCIENCEPRIMARY
TRD007308,176.29328,1.1823041,QSO,SDSS_DR18_SPECTROSCOPY,ZWARNING_0_SCIENCEPRIMARY
TRD007309,176.83008,0.56422042,QSO,SDSS_DR18_SPECTROSCOPY,ZWARNING_0_SCIENCEPRIMARY
TRD007310,176.90774,0.21692857,QSO,SDSS_DR18_SPECTROSCOPY,ZWARNING_0_SCIENCEPRIMARY
TRD007311,176.89029,0.1365652,QSO,SDSS_DR18_SPECTROSCOPY,ZWARNING_0_SCIENCEPRIMARY
TRD007312,176.95693,-0.019301507,QSO,SDSS_DR18_SPECTROSCOPY,ZWARNING_0_SCIENCEPRIMARY
TRD007313,176.39215,1.0522709,QSO,SDSS_DR18_SPECTROSCOPY,ZWARNING_0_SCIENCEPRIMARY
TRD007314,176.58391,0.68309758,QSO,SDSS_DR18_SPECTROSCOPY,ZWARNING_0_SCIENCEPRIMARY
TRD007315,176.65798,1.0272503,QSO,SDSS_DR18_SPECTROSCOPY,ZWARNING_0_SCIENCEPRIMARY
TRD007316,177.12605,0.29365685,QSO,SDSS_DR18_SPECTROSCOPY,ZWARNING_0_SCIENCEPRIMARY
TRD007317,176.99063,-0.093388314,QSO,SDSS_DR18_SPECTROSCOPY,ZWARNING_0_SCIENCEPRIMARY
TRD007318,176.96948,1.0752145,QSO,SDSS_DR18_SPECTROSCOPY,ZWARNING_0_SCIENCEPRIMARY
TRD007319,177.36906,-0.12092398,QSO,SDSS_DR18_SPECTROSCOPY,ZWARNING_0_SCIENCEPRIMARY
TRD007320,177.3678,-0.078494408,QSO,SDSS_DR18_SPECTROSCOPY,ZWARNING_0_SCIENCEPRIMARY
TRD007321,177.45338,0.14884271,QSO,SDSS_DR18_SPECTROSCOPY,ZWARNING_0_SCIENCEPRIMARY
TRD007322,178.97547,-1.0613359,QSO,SDSS_DR18_SPECTROSCOPY,ZWARNING_0_SCIENCEPRIMARY
TRD007323,179.03741,-0.68635183,QSO,SDSS_DR18_SPECTROSCOPY,ZWARNING_0_SCIENCEPRIMARY
TRD007324,178.44913,-0.77375867,QSO,SDSS_DR18_SPECTROSCOPY,ZWARNING_0_SCIENCEPRIMARY
TRD007325,178.28033,-1.0908855,QSO,SDSS_DR18_SPECTROSCOPY,ZWARNING_0_SCIENCEPRIMARY
TRD007326,178.27876,-1.1827334,QSO,SDSS_DR18_SPECTROSCOPY,ZWARNING_0_SCIENCEPRIMARY
TRD007327,178.78345,-0.61645183,QSO,SDSS_DR18_SPECTROSCOPY,ZWARNING_0_SCIENCEPRIMARY
TRD007328,177.97847,-0.9846289,QSO,SDSS_DR18_SPECTROSCOPY,ZWARNING_0_SCIENCEPRIMARY
TRD007329,178.06718,-0.8978282,QSO,SDSS_DR18_SPECTROSCOPY,ZWARNING_0_SCIENCEPRIMARY
TRD007330,177.90502,-0.83695518,QSO,SDSS_DR18_SPECTROSCOPY,ZWARNING_0_SCIENCEPRIMARY
TRD007331,178.42914,-0.19994773,QSO,SDSS_DR18_SPECTROSCOPY,ZWARNING_0_SCIENCEPRIMARY
TRD007332,178.16242,-0.76838821,QSO,SDSS_DR18_SPECTROSCOPY,ZWARNING_0_SCIENCEPRIMARY
TRD007333,178.33647,-0.76044853,QSO,SDSS_DR18_SPECTROSCOPY,ZWARNING_0_SCIENCEPRIMARY
TRD007334,178.16884,-0.50121262,QSO,SDSS_DR18_SPECTROSCOPY,ZWARNING_0_SCIENCEPRIMARY
TRD007335,178.27894,-0.75353785,QSO,SDSS_DR18_SPECTROSCOPY,ZWARNING_0_SCIENCEPRIMARY
TRD007336,177.98774,-0.23685832,QSO,SDSS_DR18_SPECTROSCOPY,ZWARNING_0_SCIENCEPRIMARY
TRD007337,177.7179,-0.83786347,QSO,SDSS_DR18_SPECTROSCOPY,ZWARNING_0_SCIENCEPRIMARY
TRD007338,177.35323,-1.0028645,QSO,SDSS_DR18_SPECTROSCOPY,ZWARNING_0_SCIENCEPRIMARY
TRD007339,177.48987,-1.1096025,QSO,SDSS_DR18_SPECTROSCOPY,ZWARNING_0_SCIENCEPRIMARY
TRD007340,177.68282,-0.39835407,QSO,SDSS_DR18_SPECTROSCOPY,ZWARNING_0_SCIENCEPRIMARY
TRD007341,177.19365,-1.0488879,QSO,SDSS_DR18_SPECTROSCOPY,ZWARNING_0_SCIENCEPRIMARY
TRD007342,177.20685,-1.1695925,QSO,SDSS_DR18_SPECTROSCOPY,ZWARNING_0_SCIENCEPRIMARY
TRD007343,177.31976,-0.70885821,QSO,SDSS_DR18_SPECTROSCOPY,ZWARNING_0_SCIENCEPRIMARY
TRD007344,177.07047,1.0659731,QSO,SDSS_DR18_SPECTROSCOPY,ZWARNING_0_SCIENCEPRIMARY
TRD007345,177.47892,0.21536445,QSO,SDSS_DR18_SPECTROSCOPY,ZWARNING_0_SCIENCEPRIMARY
TRD007346,177.59829,0.14418153,QSO,SDSS_DR18_SPECTROSCOPY,ZWARNING_0_SCIENCEPRIMARY
TRD007347,177.70919,0.75164222,QSO,SDSS_DR18_SPECTROSCOPY,ZWARNING_0_SCIENCEPRIMARY
TRD007348,177.38141,0.71174659,QSO,SDSS_DR18_SPECTROSCOPY,ZWARNING_0_SCIENCEPRIMARY
TRD007349,177.73534,0.36811167,QSO,SDSS_DR18_SPECTROSCOPY,ZWARNING_0_SCIENCEPRIMARY
TRD007350,177.77222,0.49121561,QSO,SDSS_DR18_SPECTROSCOPY,ZWARNING_0_SCIENCEPRIMARY
TRD007351,177.74472,0.91789262,QSO,SDSS_DR18_SPECTROSCOPY,ZWARNING_0_SCIENCEPRIMARY
TRD007352,177.7413,0.95504323,QSO,SDSS_DR18_SPECTROSCOPY,ZWARNING_0_SCIENCEPRIMARY
TRD007353,177.84464,1.0375958,QSO,SDSS_DR18_SPECTROSCOPY,ZWARNING_0_SCIENCEPRIMARY
TRD007354,177.90937,0.82956501,QSO,SDSS_DR18_SPECTROSCOPY,ZWARNING_0_SCIENCEPRIMARY
TRD007355,177.8141,0.64084074,QSO,SDSS_DR18_SPECTROSCOPY,ZWARNING_0_SCIENCEPRIMARY
TRD007356,177.82883,0.92230974,QSO,SDSS_DR18_SPECTROSCOPY,ZWARNING_0_SCIENCEPRIMARY
TRD007357,178.04661,0.1124084,QSO,SDSS_DR18_SPECTROSCOPY,ZWARNING_0_SCIENCEPRIMARY
TRD007358,178.16359,1.1883728,QSO,SDSS_DR18_SPECTROSCOPY,ZWARNING_0_SCIENCEPRIMARY
TRD007359,178.19397,0.41112129,QSO,SDSS_DR18_SPECTROSCOPY,ZWARNING_0_SCIENCEPRIMARY
TRD007360,178.05647,0.32964638,QSO,SDSS_DR18_SPECTROSCOPY,ZWARNING_0_SCIENCEPRIMARY
TRD007361,178.14581,-0.095211432,QSO,SDSS_DR18_SPECTROSCOPY,ZWARNING_0_SCIENCEPRIMARY
TRD007362,178.2237,0.025521556,QSO,SDSS_DR18_SPECTROSCOPY,ZWARNING_0_SCIENCEPRIMARY
TRD007363,178.5125,0.53164106,QSO,SDSS_DR18_SPECTROSCOPY,ZWARNING_0_SCIENCEPRIMARY
TRD007364,178.55228,-0.031458147,QSO,SDSS_DR18_SPECTROSCOPY,ZWARNING_0_SCIENCEPRIMARY
TRD007365,178.51726,0.23874419,QSO,SDSS_DR18_SPECTROSCOPY,ZWARNING_0_SCIENCEPRIMARY
TRD007366,178.5843,0.28701852,QSO,SDSS_DR18_SPECTROSCOPY,ZWARNING_0_SCIENCEPRIMARY
TRD007367,178.5532,1.0259442,QSO,SDSS_DR18_SPECTROSCOPY,ZWARNING_0_SCIENCEPRIMARY
TRD007368,178.3665,0.90893868,QSO,SDSS_DR18_SPECTROSCOPY,ZWARNING_0_SCIENCEPRIMARY
TRD007369,178.42641,0.92812486,QSO,SDSS_DR18_SPECTROSCOPY,ZWARNING_0_SCIENCEPRIMARY
TRD007370,178.61823,0.68770015,QSO,SDSS_DR18_SPECTROSCOPY,ZWARNING_0_SCIENCEPRIMARY
TRD007371,179.07115,0.72499069,QSO,SDSS_DR18_SPECTROSCOPY,ZWARNING_0_SCIENCEPRIMARY
TRD007372,178.82371,0.70648277,QSO,SDSS_DR18_SPECTROSCOPY,ZWARNING_0_SCIENCEPRIMARY
TRD007373,179.28362,0.047051012,QSO,SDSS_DR18_SPECTROSCOPY,ZWARNING_0_SCIENCEPRIMARY
TRD007374,180.83794,-0.6223902,QSO,SDSS_DR18_SPECTROSCOPY,ZWARNING_0_SCIENCEPRIMARY
TRD007375,179.94472,-1.0807244,QSO,SDSS_DR18_SPECTROSCOPY,ZWARNING_0_SCIENCEPRIMARY
TRD007376,180.42602,-0.27775702,QSO,SDSS_DR18_SPECTROSCOPY,ZWARNING_0_SCIENCEPRIMARY
TRD007377,179.99606,-0.53835792,QSO,SDSS_DR18_SPECTROSCOPY,ZWARNING_0_SCIENCEPRIMARY
TRD007378,180.05873,-0.77742639,QSO,SDSS_DR18_SPECTROSCOPY,ZWARNING_0_SCIENCEPRIMARY
TRD007379,179.72028,-0.7172144,QSO,SDSS_DR18_SPECTROSCOPY,ZWARNING_0_SCIENCEPRIMARY
TRD007380,179.53529,-0.93127109,QSO,SDSS_DR18_SPECTROSCOPY,ZWARNING_0_SCIENCEPRIMARY
TRD007381,179.56164,-0.56773896,QSO,SDSS_DR18_SPECTROSCOPY,ZWARNING_0_SCIENCEPRIMARY
TRD007382,179.60726,-0.70990625,QSO,SDSS_DR18_SPECTROSCOPY,ZWARNING_0_SCIENCEPRIMARY
TRD007383,179.61226,-0.11706027,QSO,SDSS_DR18_SPECTROSCOPY,ZWARNING_0_SCIENCEPRIMARY
TRD007384,179.49471,-0.37244417,QSO,SDSS_DR18_SPECTROSCOPY,ZWARNING_0_SCIENCEPRIMARY
TRD007385,178.51371,-0.88151026,QSO,SDSS_DR18_SPECTROSCOPY,ZWARNING_0_SCIENCEPRIMARY
TRD007386,178.48864,-0.46501146,QSO,SDSS_DR18_SPECTROSCOPY,ZWARNING_0_SCIENCEPRIMARY
TRD007387,178.88958,1.1251547,QSO,SDSS_DR18_SPECTROSCOPY,ZWARNING_0_SCIENCEPRIMARY
TRD007388,179.24518,0.9320371,QSO,SDSS_DR18_SPECTROSCOPY,ZWARNING_0_SCIENCEPRIMARY
TRD007389,179.39471,1.218182,QSO,SDSS_DR18_SPECTROSCOPY,ZWARNING_0_SCIENCEPRIMARY
TRD007390,179.34901,0.90545636,QSO,SDSS_DR18_SPECTROSCOPY,ZWARNING_0_SCIENCEPRIMARY
TRD007391,179.48113,0.28445193,QSO,SDSS_DR18_SPECTROSCOPY,ZWARNING_0_SCIENCEPRIMARY
TRD007392,179.6367,0.86087635,QSO,SDSS_DR18_SPECTROSCOPY,ZWARNING_0_SCIENCEPRIMARY
TRD007393,179.55468,0.42456661,QSO,SDSS_DR18_SPECTROSCOPY,ZWARNING_0_SCIENCEPRIMARY
TRD007394,179.6224,0.13836775,QSO,SDSS_DR18_SPECTROSCOPY,ZWARNING_0_SCIENCEPRIMARY
TRD007395,180.05432,0.29921614,QSO,SDSS_DR18_SPECTROSCOPY,ZWARNING_0_SCIENCEPRIMARY
TRD007396,180.15948,1.2128693,QSO,SDSS_DR18_SPECTROSCOPY,ZWARNING_0_SCIENCEPRIMARY
TRD007397,180.34685,0.4745465,QSO,SDSS_DR18_SPECTROSCOPY,ZWARNING_0_SCIENCEPRIMARY
TRD007398,180.37656,1.1940737,QSO,SDSS_DR18_SPECTROSCOPY,ZWARNING_0_SCIENCEPRIMARY
TRD007399,180.54474,0.92232878,QSO,SDSS_DR18_SPECTROSCOPY,ZWARNING_0_SCIENCEPRIMARY
TRD007400,180.42912,0.82357288,QSO,SDSS_DR18_SPECTROSCOPY,ZWARNING_0_SCIENCEPRIMARY
TRD007401,182.52115,-0.68588871,QSO,SDSS_DR18_SPECTROSCOPY,ZWARNING_0_SCIENCEPRIMARY
TRD007402,182.61001,-0.36039193,QSO,SDSS_DR18_SPECTROSCOPY,ZWARNING_0_SCIENCEPRIMARY
TRD007403,182.09972,-0.89618844,QSO,SDSS_DR18_SPECTROSCOPY,ZWARNING_0_SCIENCEPRIMARY
TRD007404,181.78481,-1.0006893,QSO,SDSS_DR18_SPECTROSCOPY,ZWARNING_0_SCIENCEPRIMARY
TRD007405,181.46067,-0.8491179,QSO,SDSS_DR18_SPECTROSCOPY,ZWARNING_0_SCIENCEPRIMARY
TRD007406,181.57967,-1.007604,QSO,SDSS_DR18_SPECTROSCOPY,ZWARNING_0_SCIENCEPRIMARY
TRD007407,181.58551,-0.64778908,QSO,SDSS_DR18_SPECTROSCOPY,ZWARNING_0_SCIENCEPRIMARY
TRD007408,181.47352,-0.78085378,QSO,SDSS_DR18_SPECTROSCOPY,ZWARNING_0_SCIENCEPRIMARY
TRD007409,181.57928,-0.6665011,QSO,SDSS_DR18_SPECTROSCOPY,ZWARNING_0_SCIENCEPRIMARY
TRD007410,181.62335,-0.80860748,QSO,SDSS_DR18_SPECTROSCOPY,ZWARNING_0_SCIENCEPRIMARY
TRD007411,181.7825,-0.083030869,QSO,SDSS_DR18_SPECTROSCOPY,ZWARNING_0_SCIENCEPRIMARY
TRD007412,181.30263,-0.61710239,QSO,SDSS_DR18_SPECTROSCOPY,ZWARNING_0_SCIENCEPRIMARY
TRD007413,181.06092,-0.50263565,QSO,SDSS_DR18_SPECTROSCOPY,ZWARNING_0_SCIENCEPRIMARY
TRD007414,180.94436,-0.28974616,QSO,SDSS_DR18_SPECTROSCOPY,ZWARNING_0_SCIENCEPRIMARY
TRD007415,180.35752,-0.042469126,QSO,SDSS_DR18_SPECTROSCOPY,ZWARNING_0_SCIENCEPRIMARY
TRD007416,180.01492,-0.39416087,QSO,SDSS_DR18_SPECTROSCOPY,ZWARNING_0_SCIENCEPRIMARY
TRD007417,179.92115,-0.055532453,QSO,SDSS_DR18_SPECTROSCOPY,ZWARNING_0_SCIENCEPRIMARY
TRD007418,179.91996,-0.53431603,QSO,SDSS_DR18_SPECTROSCOPY,ZWARNING_0_SCIENCEPRIMARY
TRD007419,180.26068,0.40899796,QSO,SDSS_DR18_SPECTROSCOPY,ZWARNING_0_SCIENCEPRIMARY
TRD007420,180.22603,0.37622024,QSO,SDSS_DR18_SPECTROSCOPY,ZWARNING_0_SCIENCEPRIMARY
TRD007421,180.9243,1.0019064,QSO,SDSS_DR18_SPECTROSCOPY,ZWARNING_0_SCIENCEPRIMARY
TRD007422,180.97731,0.063805874,QSO,SDSS_DR18_SPECTROSCOPY,ZWARNING_0_SCIENCEPRIMARY
TRD007423,181.45204,0.89553428,QSO,SDSS_DR18_SPECTROSCOPY,ZWARNING_0_SCIENCEPRIMARY
TRD007424,181.22954,0.44483138,QSO,SDSS_DR18_SPECTROSCOPY,ZWARNING_0_SCIENCEPRIMARY
TRD007425,181.60259,0.20164877,QSO,SDSS_DR18_SPECTROSCOPY,ZWARNING_0_SCIENCEPRIMARY
TRD007426,181.49254,0.38141505,QSO,SDSS_DR18_SPECTROSCOPY,ZWARNING_0_SCIENCEPRIMARY
TRD007427,181.79262,0.13502973,QSO,SDSS_DR18_SPECTROSCOPY,ZWARNING_0_SCIENCEPRIMARY
TRD007428,181.85642,1.031854,QSO,SDSS_DR18_SPECTROSCOPY,ZWARNING_0_SCIENCEPRIMARY
TRD007429,182.36715,0.5865569,QSO,SDSS_DR18_SPECTROSCOPY,ZWARNING_0_SCIENCEPRIMARY
TRD007430,184.37438,-0.7876684,QSO,SDSS_DR18_SPECTROSCOPY,ZWARNING_0_SCIENCEPRIMARY
TRD007431,184.36188,-0.72316826,QSO,SDSS_DR18_SPECTROSCOPY,ZWARNING_0_SCIENCEPRIMARY
TRD007432,184.51541,-0.39801655,QSO,SDSS_DR18_SPECTROSCOPY,ZWARNING_0_SCIENCEPRIMARY
TRD007433,184.00725,-1.0406998,QSO,SDSS_DR18_SPECTROSCOPY,ZWARNING_0_SCIENCEPRIMARY
TRD007434,184.15443,-0.37777574,QSO,SDSS_DR18_SPECTROSCOPY,ZWARNING_0_SCIENCEPRIMARY
TRD007435,184.20723,-0.46954271,QSO,SDSS_DR18_SPECTROSCOPY,ZWARNING_0_SCIENCEPRIMARY
TRD007436,183.79555,-1.1192237,QSO,SDSS_DR18_SPECTROSCOPY,ZWARNING_0_SCIENCEPRIMARY
TRD007437,183.43234,-1.00072,QSO,SDSS_DR18_SPECTROSCOPY,ZWARNING_0_SCIENCEPRIMARY
TRD007438,183.42051,-0.58024884,QSO,SDSS_DR18_SPECTROSCOPY,ZWARNING_0_SCIENCEPRIMARY
TRD007439,183.34956,-0.58784591,QSO,SDSS_DR18_SPECTROSCOPY,ZWARNING_0_SCIENCEPRIMARY
TRD007440,183.49333,-0.080326781,QSO,SDSS_DR18_SPECTROSCOPY,ZWARNING_0_SCIENCEPRIMARY
TRD007441,183.09729,-0.83759388,QSO,SDSS_DR18_SPECTROSCOPY,ZWARNING_0_SCIENCEPRIMARY
TRD007442,183.293,-1.1955605,QSO,SDSS_DR18_SPECTROSCOPY,ZWARNING_0_SCIENCEPRIMARY
TRD007443,182.68148,-0.65201896,QSO,SDSS_DR18_SPECTROSCOPY,ZWARNING_0_SCIENCEPRIMARY
TRD007444,182.48829,-0.38388852,QSO,SDSS_DR18_SPECTROSCOPY,ZWARNING_0_SCIENCEPRIMARY
TRD007445,182.45376,-0.98485469,QSO,SDSS_DR18_SPECTROSCOPY,ZWARNING_0_SCIENCEPRIMARY
TRD007446,181.89607,-0.2639688,QSO,SDSS_DR18_SPECTROSCOPY,ZWARNING_0_SCIENCEPRIMARY
TRD007447,182.12319,0.27851078,QSO,SDSS_DR18_SPECTROSCOPY,ZWARNING_0_SCIENCEPRIMARY
TRD007448,182.70207,0.60227352,QSO,SDSS_DR18_SPECTROSCOPY,ZWARNING_0_SCIENCEPRIMARY
TRD007449,182.92743,1.0603204,QSO,SDSS_DR18_SPECTROSCOPY,ZWARNING_0_SCIENCEPRIMARY
TRD007450,182.82419,-0.036783459,QSO,SDSS_DR18_SPECTROSCOPY,ZWARNING_0_SCIENCEPRIMARY
TRD007451,183.08607,0.14787897,QSO,SDSS_DR18_SPECTROSCOPY,ZWARNING_0_SCIENCEPRIMARY
TRD007452,183.03583,0.28304176,QSO,SDSS_DR18_SPECTROSCOPY,ZWARNING_0_SCIENCEPRIMARY
TRD007453,183.19102,-0.13249476,QSO,SDSS_DR18_SPECTROSCOPY,ZWARNING_0_SCIENCEPRIMARY
TRD007454,183.10339,0.074068323,QSO,SDSS_DR18_SPECTROSCOPY,ZWARNING_0_SCIENCEPRIMARY
TRD007455,183.67261,-0.027170034,QSO,SDSS_DR18_SPECTROSCOPY,ZWARNING_0_SCIENCEPRIMARY
TRD007456,183.44804,0.024996086,QSO,SDSS_DR18_SPECTROSCOPY,ZWARNING_0_SCIENCEPRIMARY
TRD007457,183.52139,1.0347254,QSO,SDSS_DR18_SPECTROSCOPY,ZWARNING_0_SCIENCEPRIMARY
TRD007458,184.24565,0.19825941,QSO,SDSS_DR18_SPECTROSCOPY,ZWARNING_0_SCIENCEPRIMARY
TRD007459,184.35065,0.20722476,QSO,SDSS_DR18_SPECTROSCOPY,ZWARNING_0_SCIENCEPRIMARY
TRD007460,184.2308,0.2375954,QSO,SDSS_DR18_SPECTROSCOPY,ZWARNING_0_SCIENCEPRIMARY
TRD007461,184.19051,0.066562855,QSO,SDSS_DR18_SPECTROSCOPY,ZWARNING_0_SCIENCEPRIMARY
TRD007462,184.14132,1.1258182,QSO,SDSS_DR18_SPECTROSCOPY,ZWARNING_0_SCIENCEPRIMARY
TRD007463,184.32198,0.70110767,QSO,SDSS_DR18_SPECTROSCOPY,ZWARNING_0_SCIENCEPRIMARY
TRD007464,184.51366,0.21026545,QSO,SDSS_DR18_SPECTROSCOPY,ZWARNING_0_SCIENCEPRIMARY
TRD007465,186.19852,-0.12015658,QSO,SDSS_DR18_SPECTROSCOPY,ZWARNING_0_SCIENCEPRIMARY
TRD007466,186.13501,-0.45871142,QSO,SDSS_DR18_SPECTROSCOPY,ZWARNING_0_SCIENCEPRIMARY
TRD007467,185.53436,-0.6123968,QSO,SDSS_DR18_SPECTROSCOPY,ZWARNING_0_SCIENCEPRIMARY
TRD007468,185.72435,-0.56278468,QSO,SDSS_DR18_SPECTROSCOPY,ZWARNING_0_SCIENCEPRIMARY
TRD007469,185.43595,-0.19496584,QSO,SDSS_DR18_SPECTROSCOPY,ZWARNING_0_SCIENCEPRIMARY
TRD007470,185.05246,-1.0920518,QSO,SDSS_DR18_SPECTROSCOPY,ZWARNING_0_SCIENCEPRIMARY
TRD007471,185.29256,-0.20145253,QSO,SDSS_DR18_SPECTROSCOPY,ZWARNING_0_SCIENCEPRIMARY
TRD007472,185.13737,-0.24277871,QSO,SDSS_DR18_SPECTROSCOPY,ZWARNING_0_SCIENCEPRIMARY
TRD007473,184.91821,-1.0020819,QSO,SDSS_DR18_SPECTROSCOPY,ZWARNING_0_SCIENCEPRIMARY
TRD007474,184.78254,-0.93589623,QSO,SDSS_DR18_SPECTROSCOPY,ZWARNING_0_SCIENCEPRIMARY
TRD007475,184.74888,-1.0289188,QSO,SDSS_DR18_SPECTROSCOPY,ZWARNING_0_SCIENCEPRIMARY
TRD007476,185.15421,-0.67565786,QSO,SDSS_DR18_SPECTROSCOPY,ZWARNING_0_SCIENCEPRIMARY
TRD007477,184.9146,-0.31712815,QSO,SDSS_DR18_SPECTROSCOPY,ZWARNING_0_SCIENCEPRIMARY
TRD007478,184.92691,-0.30593417,QSO,SDSS_DR18_SPECTROSCOPY,ZWARNING_0_SCIENCEPRIMARY
TRD007479,184.68298,-0.37578284,QSO,SDSS_DR18_SPECTROSCOPY,ZWARNING_0_SCIENCEPRIMARY
TRD007480,184.6623,-0.20482865,QSO,SDSS_DR18_SPECTROSCOPY,ZWARNING_0_SCIENCEPRIMARY
TRD007481,184.61024,-0.86699715,QSO,SDSS_DR18_SPECTROSCOPY,ZWARNING_0_SCIENCEPRIMARY
TRD007482,184.66239,-1.0262047,QSO,SDSS_DR18_SPECTROSCOPY,ZWARNING_0_SCIENCEPRIMARY
TRD007483,184.43903,-0.86503668,QSO,SDSS_DR18_SPECTROSCOPY,ZWARNING_0_SCIENCEPRIMARY
TRD007484,184.44919,-0.885649,QSO,SDSS_DR18_SPECTROSCOPY,ZWARNING_0_SCIENCEPRIMARY
TRD007485,184.25627,-0.49955023,QSO,SDSS_DR18_SPECTROSCOPY,ZWARNING_0_SCIENCEPRIMARY
TRD007486,183.91874,-0.57602092,QSO,SDSS_DR18_SPECTROSCOPY,ZWARNING_0_SCIENCEPRIMARY
TRD007487,184.19425,-0.81448848,QSO,SDSS_DR18_SPECTROSCOPY,ZWARNING_0_SCIENCEPRIMARY
TRD007488,183.70829,-0.80988525,QSO,SDSS_DR18_SPECTROSCOPY,ZWARNING_0_SCIENCEPRIMARY
TRD007489,183.96049,1.0132163,QSO,SDSS_DR18_SPECTROSCOPY,ZWARNING_0_SCIENCEPRIMARY
TRD007490,184.23241,1.0806274,QSO,SDSS_DR18_SPECTROSCOPY,ZWARNING_0_SCIENCEPRIMARY
TRD007491,183.65844,0.74195923,QSO,SDSS_DR18_SPECTROSCOPY,ZWARNING_0_SCIENCEPRIMARY
TRD007492,183.85474,0.88804351,QSO,SDSS_DR18_SPECTROSCOPY,ZWARNING_0_SCIENCEPRIMARY
TRD007493,183.40447,-0.013069204,QSO,SDSS_DR18_SPECTROSCOPY,ZWARNING_0_SCIENCEPRIMARY
TRD007494,183.65697,0.47637372,QSO,SDSS_DR18_SPECTROSCOPY,ZWARNING_0_SCIENCEPRIMARY
TRD007495,184.4758,0.94628939,QSO,SDSS_DR18_SPECTROSCOPY,ZWARNING_0_SCIENCEPRIMARY
TRD007496,184.1043,0.41530189,QSO,SDSS_DR18_SPECTROSCOPY,ZWARNING_0_SCIENCEPRIMARY
TRD007497,184.26633,0.27350343,QSO,SDSS_DR18_SPECTROSCOPY,ZWARNING_0_SCIENCEPRIMARY
TRD007498,184.74486,0.89741133,QSO,SDSS_DR18_SPECTROSCOPY,ZWARNING_0_SCIENCEPRIMARY
TRD007499,184.65417,0.1226841,QSO,SDSS_DR18_SPECTROSCOPY,ZWARNING_0_SCIENCEPRIMARY
TRD007500,185.07115,0.71812607,QSO,SDSS_DR18_SPECTROSCOPY,ZWARNING_0_SCIENCEPRIMARY
TRD007501,184.88382,0.93415403,QSO,SDSS_DR18_SPECTROSCOPY,ZWARNING_0_SCIENCEPRIMARY
TRD007502,184.81241,-0.089068198,QSO,SDSS_DR18_SPECTROSCOPY,ZWARNING_0_SCIENCEPRIMARY
TRD007503,184.82018,0.13715262,QSO,SDSS_DR18_SPECTROSCOPY,ZWARNING_0_SCIENCEPRIMARY
TRD007504,185.06543,-0.047644617,QSO,SDSS_DR18_SPECTROSCOPY,ZWARNING_0_SCIENCEPRIMARY
TRD007505,185.16436,0.074346416,QSO,SDSS_DR18_SPECTROSCOPY,ZWARNING_0_SCIENCEPRIMARY
TRD007506,185.29843,0.94308271,QSO,SDSS_DR18_SPECTROSCOPY,ZWARNING_0_SCIENCEPRIMARY
TRD007507,185.28078,0.047532551,QSO,SDSS_DR18_SPECTROSCOPY,ZWARNING_0_SCIENCEPRIMARY
TRD007508,185.37945,0.12851354,QSO,SDSS_DR18_SPECTROSCOPY,ZWARNING_0_SCIENCEPRIMARY
TRD007509,185.46016,0.55676547,QSO,SDSS_DR18_SPECTROSCOPY,ZWARNING_0_SCIENCEPRIMARY
TRD007510,185.37906,1.1244127,QSO,SDSS_DR18_SPECTROSCOPY,ZWARNING_0_SCIENCEPRIMARY
TRD007511,185.47935,1.2116549,QSO,SDSS_DR18_SPECTROSCOPY,ZWARNING_0_SCIENCEPRIMARY
TRD007512,185.65197,0.041563393,QSO,SDSS_DR18_SPECTROSCOPY,ZWARNING_0_SCIENCEPRIMARY
TRD007513,185.47963,0.40676699,QSO,SDSS_DR18_SPECTROSCOPY,ZWARNING_0_SCIENCEPRIMARY
TRD007514,185.74713,0.19628294,QSO,SDSS_DR18_SPECTROSCOPY,ZWARNING_0_SCIENCEPRIMARY
TRD007515,185.74751,1.1586825,QSO,SDSS_DR18_SPECTROSCOPY,ZWARNING_0_SCIENCEPRIMARY
TRD007516,186.02625,0.75005905,QSO,SDSS_DR18_SPECTROSCOPY,ZWARNING_0_SCIENCEPRIMARY
TRD007517,185.92055,0.46629282,QSO,SDSS_DR18_SPECTROSCOPY,ZWARNING_0_SCIENCEPRIMARY
TRD007518,185.95674,0.60063866,QSO,SDSS_DR18_SPECTROSCOPY,ZWARNING_0_SCIENCEPRIMARY
TRD007519,186.05957,0.61916938,QSO,SDSS_DR18_SPECTROSCOPY,ZWARNING_0_SCIENCEPRIMARY
TRD007520,186.13894,0.23776352,QSO,SDSS_DR18_SPECTROSCOPY,ZWARNING_0_SCIENCEPRIMARY
TRD007521,187.61726,-0.73384877,QSO,SDSS_DR18_SPECTROSCOPY,ZWARNING_0_SCIENCEPRIMARY
TRD007522,187.55348,-1.0981692,QSO,SDSS_DR18_SPECTROSCOPY,ZWARNING_0_SCIENCEPRIMARY
TRD007523,187.53997,-1.0456927,QSO,SDSS_DR18_SPECTROSCOPY,ZWARNING_0_SCIENCEPRIMARY
TRD007524,187.66353,-0.56937259,QSO,SDSS_DR18_SPECTROSCOPY,ZWARNING_0_SCIENCEPRIMARY
TRD007525,187.75134,-0.1736573,QSO,SDSS_DR18_SPECTROSCOPY,ZWARNING_0_SCIENCEPRIMARY
TRD007526,187.20251,-0.69190047,QSO,SDSS_DR18_SPECTROSCOPY,ZWARNING_0_SCIENCEPRIMARY
TRD007527,186.85463,-1.1177508,QSO,SDSS_DR18_SPECTROSCOPY,ZWARNING_0_SCIENCEPRIMARY
TRD007528,187.13195,-0.52474119,QSO,SDSS_DR18_SPECTROSCOPY,ZWARNING_0_SCIENCEPRIMARY
TRD007529,186.99301,-0.25551328,QSO,SDSS_DR18_SPECTROSCOPY,ZWARNING_0_SCIENCEPRIMARY
TRD007530,186.86212,-0.16774167,QSO,SDSS_DR18_SPECTROSCOPY,ZWARNING_0_SCIENCEPRIMARY
TRD007531,186.71672,-0.19985323,QSO,SDSS_DR18_SPECTROSCOPY,ZWARNING_0_SCIENCEPRIMARY
TRD007532,186.60034,-1.2096101,QSO,SDSS_DR18_SPECTROSCOPY,ZWARNING_0_SCIENCEPRIMARY
TRD007533,186.80513,-1.2373847,QSO,SDSS_DR18_SPECTROSCOPY,ZWARNING_0_SCIENCEPRIMARY
TRD007534,186.53343,-0.10062077,QSO,SDSS_DR18_SPECTROSCOPY,ZWARNING_0_SCIENCEPRIMARY
TRD007535,186.47032,-0.55315625,QSO,SDSS_DR18_SPECTROSCOPY,ZWARNING_0_SCIENCEPRIMARY
TRD007536,186.6726,-0.33474192,QSO,SDSS_DR18_SPECTROSCOPY,ZWARNING_0_SCIENCEPRIMARY
TRD007537,186.39758,-0.34427379,QSO,SDSS_DR18_SPECTROSCOPY,ZWARNING_0_SCIENCEPRIMARY
TRD007538,186.49354,-0.87392805,QSO,SDSS_DR18_SPECTROSCOPY,ZWARNING_0_SCIENCEPRIMARY
TRD007539,185.65359,0.96615723,QSO,SDSS_DR18_SPECTROSCOPY,ZWARNING_0_SCIENCEPRIMARY
TRD007540,185.9509,1.0394078,QSO,SDSS_DR18_SPECTROSCOPY,ZWARNING_0_SCIENCEPRIMARY
TRD007541,185.62159,0.73747874,QSO,SDSS_DR18_SPECTROSCOPY,ZWARNING_0_SCIENCEPRIMARY
TRD007542,185.46715,0.2884995,QSO,SDSS_DR18_SPECTROSCOPY,ZWARNING_0_SCIENCEPRIMARY
TRD007543,186.00326,0.98885982,QSO,SDSS_DR18_SPECTROSCOPY,ZWARNING_0_SCIENCEPRIMARY
TRD007544,186.04981,0.74477905,QSO,SDSS_DR18_SPECTROSCOPY,ZWARNING_0_SCIENCEPRIMARY
TRD007545,186.13376,0.71374277,QSO,SDSS_DR18_SPECTROSCOPY,ZWARNING_0_SCIENCEPRIMARY
TRD007546,186.48592,0.59306137,QSO,SDSS_DR18_SPECTROSCOPY,ZWARNING_0_SCIENCEPRIMARY
TRD007547,186.35284,0.10621443,QSO,SDSS_DR18_SPECTROSCOPY,ZWARNING_0_SCIENCEPRIMARY
TRD007548,186.56826,0.010079544,QSO,SDSS_DR18_SPECTROSCOPY,ZWARNING_0_SCIENCEPRIMARY
TRD007549,186.85946,1.1229779,QSO,SDSS_DR18_SPECTROSCOPY,ZWARNING_0_SCIENCEPRIMARY
TRD007550,186.9483,0.84635767,QSO,SDSS_DR18_SPECTROSCOPY,ZWARNING_0_SCIENCEPRIMARY
TRD007551,186.62688,0.60391092,QSO,SDSS_DR18_SPECTROSCOPY,ZWARNING_0_SCIENCEPRIMARY
TRD007552,186.66342,0.086939924,QSO,SDSS_DR18_SPECTROSCOPY,ZWARNING_0_SCIENCEPRIMARY
TRD007553,186.89731,0.16471959,QSO,SDSS_DR18_SPECTROSCOPY,ZWARNING_0_SCIENCEPRIMARY
TRD007554,187.09922,0.24185067,QSO,SDSS_DR18_SPECTROSCOPY,ZWARNING_0_SCIENCEPRIMARY
TRD007555,187.28181,0.17919554,QSO,SDSS_DR18_SPECTROSCOPY,ZWARNING_0_SCIENCEPRIMARY
TRD007556,187.16878,0.075934249,QSO,SDSS_DR18_SPECTROSCOPY,ZWARNING_0_SCIENCEPRIMARY
TRD007557,187.53674,0.37470737,QSO,SDSS_DR18_SPECTROSCOPY,ZWARNING_0_SCIENCEPRIMARY
TRD007558,187.51167,0.45162258,QSO,SDSS_DR18_SPECTROSCOPY,ZWARNING_0_SCIENCEPRIMARY
TRD007559,187.46118,0.98087063,QSO,SDSS_DR18_SPECTROSCOPY,ZWARNING_0_SCIENCEPRIMARY
TRD007560,187.8435,0.014736585,QSO,SDSS_DR18_SPECTROSCOPY,ZWARNING_0_SCIENCEPRIMARY
TRD007561,187.90179,0.45536583,QSO,SDSS_DR18_SPECTROSCOPY,ZWARNING_0_SCIENCEPRIMARY
TRD007562,187.60354,0.16521933,QSO,SDSS_DR18_SPECTROSCOPY,ZWARNING_0_SCIENCEPRIMARY
TRD007563,187.61893,0.13493101,QSO,SDSS_DR18_SPECTROSCOPY,ZWARNING_0_SCIENCEPRIMARY
TRD007564,187.70037,0.78982191,QSO,SDSS_DR18_SPECTROSCOPY,ZWARNING_0_SCIENCEPRIMARY
TRD007565,187.85298,0.78866687,QSO,SDSS_DR18_SPECTROSCOPY,ZWARNING_0_SCIENCEPRIMARY
TRD007566,188.04456,0.5054135,QSO,SDSS_DR18_SPECTROSCOPY,ZWARNING_0_SCIENCEPRIMARY
TRD007567,187.94357,0.59285687,QSO,SDSS_DR18_SPECTROSCOPY,ZWARNING_0_SCIENCEPRIMARY
TRD007568,189.73376,-0.99191954,QSO,SDSS_DR18_SPECTROSCOPY,ZWARNING_0_SCIENCEPRIMARY
TRD007569,189.69465,-0.70653151,QSO,SDSS_DR18_SPECTROSCOPY,ZWARNING_0_SCIENCEPRIMARY
TRD007570,190.14925,-0.48874332,QSO,SDSS_DR18_SPECTROSCOPY,ZWARNING_0_SCIENCEPRIMARY
TRD007571,190.02648,-0.61691123,QSO,SDSS_DR18_SPECTROSCOPY,ZWARNING_0_SCIENCEPRIMARY
TRD007572,190.05798,-0.60041523,QSO,SDSS_DR18_SPECTROSCOPY,ZWARNING_0_SCIENCEPRIMARY
TRD007573,190.13866,-0.24541353,QSO,SDSS_DR18_SPECTROSCOPY,ZWARNING_0_SCIENCEPRIMARY
TRD007574,189.57021,-0.94903057,QSO,SDSS_DR18_SPECTROSCOPY,ZWARNING_0_SCIENCEPRIMARY
TRD007575,189.93729,-0.71612172,QSO,SDSS_DR18_SPECTROSCOPY,ZWARNING_0_SCIENCEPRIMARY
TRD007576,189.68509,-0.19451012,QSO,SDSS_DR18_SPECTROSCOPY,ZWARNING_0_SCIENCEPRIMARY
TRD007577,189.96591,-0.47910573,QSO,SDSS_DR18_SPECTROSCOPY,ZWARNING_0_SCIENCEPRIMARY
TRD007578,189.99491,-0.42604127,QSO,SDSS_DR18_SPECTROSCOPY,ZWARNING_0_SCIENCEPRIMARY
TRD007579,189.49009,-0.47458569,QSO,SDSS_DR18_SPECTROSCOPY,ZWARNING_0_SCIENCEPRIMARY
TRD007580,188.97344,-1.1968149,QSO,SDSS_DR18_SPECTROSCOPY,ZWARNING_0_SCIENCEPRIMARY
TRD007581,189.34946,-0.70278202,QSO,SDSS_DR18_SPECTROSCOPY,ZWARNING_0_SCIENCEPRIMARY
TRD007582,189.42908,-0.55853289,QSO,SDSS_DR18_SPECTROSCOPY,ZWARNING_0_SCIENCEPRIMARY
TRD007583,189.30437,-0.4055596,QSO,SDSS_DR18_SPECTROSCOPY,ZWARNING_0_SCIENCEPRIMARY
TRD007584,189.14968,-0.5481596,QSO,SDSS_DR18_SPECTROSCOPY,ZWARNING_0_SCIENCEPRIMARY
TRD007585,189.2374,-0.68537521,QSO,SDSS_DR18_SPECTROSCOPY,ZWARNING_0_SCIENCEPRIMARY
TRD007586,188.85532,-0.61493507,QSO,SDSS_DR18_SPECTROSCOPY,ZWARNING_0_SCIENCEPRIMARY
TRD007587,188.8748,-0.69468401,QSO,SDSS_DR18_SPECTROSCOPY,ZWARNING_0_SCIENCEPRIMARY
TRD007588,188.77465,-0.50620769,QSO,SDSS_DR18_SPECTROSCOPY,ZWARNING_0_SCIENCEPRIMARY
TRD007589,188.26691,-0.52614891,QSO,SDSS_DR18_SPECTROSCOPY,ZWARNING_0_SCIENCEPRIMARY
TRD007590,188.40766,-0.5261137,QSO,SDSS_DR18_SPECTROSCOPY,ZWARNING_0_SCIENCEPRIMARY
TRD007591,188.04035,0.83761657,QSO,SDSS_DR18_SPECTROSCOPY,ZWARNING_0_SCIENCEPRIMARY
TRD007592,188.6159,0.96650961,QSO,SDSS_DR18_SPECTROSCOPY,ZWARNING_0_SCIENCEPRIMARY
TRD007593,188.50434,1.1470684,QSO,SDSS_DR18_SPECTROSCOPY,ZWARNING_0_SCIENCEPRIMARY
TRD007594,188.4302,1.135344,QSO,SDSS_DR18_SPECTROSCOPY,ZWARNING_0_SCIENCEPRIMARY
TRD007595,188.50027,0.052233799,QSO,SDSS_DR18_SPECTROSCOPY,ZWARNING_0_SCIENCEPRIMARY
TRD007596,188.43996,0.19949035,QSO,SDSS_DR18_SPECTROSCOPY,ZWARNING_0_SCIENCEPRIMARY
TRD007597,188.85703,0.04993203,QSO,SDSS_DR18_SPECTROSCOPY,ZWARNING_0_SCIENCEPRIMARY
TRD007598,189.01178,0.39548319,QSO,SDSS_DR18_SPECTROSCOPY,ZWARNING_0_SCIENCEPRIMARY
TRD007599,189.286,0.058065224,QSO,SDSS_DR18_SPECTROSCOPY,ZWARNING_0_SCIENCEPRIMARY
TRD007600,189.05687,0.29273751,QSO,SDSS_DR18_SPECTROSCOPY,ZWARNING_0_SCIENCEPRIMARY
TRD007601,189.55313,0.2544899,QSO,SDSS_DR18_SPECTROSCOPY,ZWARNING_0_SCIENCEPRIMARY
TRD007602,189.43497,1.0757281,QSO,SDSS_DR18_SPECTROSCOPY,ZWARNING_0_SCIENCEPRIMARY
TRD007603,189.35218,1.1043159,QSO,SDSS_DR18_SPECTROSCOPY,ZWARNING_0_SCIENCEPRIMARY
TRD007604,189.4024,0.64286013,QSO,SDSS_DR18_SPECTROSCOPY,ZWARNING_0_SCIENCEPRIMARY
TRD007605,189.37916,0.74126364,QSO,SDSS_DR18_SPECTROSCOPY,ZWARNING_0_SCIENCEPRIMARY
TRD007606,189.63391,1.1371276,QSO,SDSS_DR18_SPECTROSCOPY,ZWARNING_0_SCIENCEPRIMARY
TRD007607,189.53494,0.87951967,QSO,SDSS_DR18_SPECTROSCOPY,ZWARNING_0_SCIENCEPRIMARY
TRD007608,189.91278,0.57772128,QSO,SDSS_DR18_SPECTROSCOPY,ZWARNING_0_SCIENCEPRIMARY
TRD007609,189.79789,1.2038625,QSO,SDSS_DR18_SPECTROSCOPY,ZWARNING_0_SCIENCEPRIMARY
TRD007610,190.00872,0.83178788,QSO,SDSS_DR18_SPECTROSCOPY,ZWARNING_0_SCIENCEPRIMARY
TRD007611,190.04483,0.85814891,QSO,SDSS_DR18_SPECTROSCOPY,ZWARNING_0_SCIENCEPRIMARY
TRD007612,190.11985,0.28502859,QSO,SDSS_DR18_SPECTROSCOPY,ZWARNING_0_SCIENCEPRIMARY
TRD007613,190.26128,0.19955488,QSO,SDSS_DR18_SPECTROSCOPY,ZWARNING_0_SCIENCEPRIMARY
TRD007614,191.5547,-0.70916876,QSO,SDSS_DR18_SPECTROSCOPY,ZWARNING_0_SCIENCEPRIMARY
TRD007615,191.33221,-0.8751071,QSO,SDSS_DR18_SPECTROSCOPY,ZWARNING_0_SCIENCEPRIMARY
TRD007616,191.06596,-1.0748865,QSO,SDSS_DR18_SPECTROSCOPY,ZWARNING_0_SCIENCEPRIMARY
TRD007617,191.07318,-0.87674894,QSO,SDSS_DR18_SPECTROSCOPY,ZWARNING_0_SCIENCEPRIMARY
TRD007618,190.99315,-0.97927837,QSO,SDSS_DR18_SPECTROSCOPY,ZWARNING_0_SCIENCEPRIMARY
TRD007619,190.98807,-0.9103668,QSO,SDSS_DR18_SPECTROSCOPY,ZWARNING_0_SCIENCEPRIMARY
TRD007620,191.47963,-0.62648464,QSO,SDSS_DR18_SPECTROSCOPY,ZWARNING_0_SCIENCEPRIMARY
TRD007621,191.4208,-0.46243715,QSO,SDSS_DR18_SPECTROSCOPY,ZWARNING_0_SCIENCEPRIMARY
TRD007622,190.98429,-0.0060702096,QSO,SDSS_DR18_SPECTROSCOPY,ZWARNING_0_SCIENCEPRIMARY
TRD007623,190.65245,-0.9879371,QSO,SDSS_DR18_SPECTROSCOPY,ZWARNING_0_SCIENCEPRIMARY
TRD007624,190.79499,-0.61132914,QSO,SDSS_DR18_SPECTROSCOPY,ZWARNING_0_SCIENCEPRIMARY
TRD007625,190.05541,-1.0944218,QSO,SDSS_DR18_SPECTROSCOPY,ZWARNING_0_SCIENCEPRIMARY
TRD007626,189.99916,-1.179166,QSO,SDSS_DR18_SPECTROSCOPY,ZWARNING_0_SCIENCEPRIMARY
TRD007627,189.99086,-1.0959586,QSO,SDSS_DR18_SPECTROSCOPY,ZWARNING_0_SCIENCEPRIMARY
TRD007628,189.7524,0.8605577,QSO,SDSS_DR18_SPECTROSCOPY,ZWARNING_0_SCIENCEPRIMARY
TRD007629,189.94837,0.42117497,QSO,SDSS_DR18_SPECTROSCOPY,ZWARNING_0_SCIENCEPRIMARY
TRD007630,189.53388,0.53810716,QSO,SDSS_DR18_SPECTROSCOPY,ZWARNING_0_SCIENCEPRIMARY
TRD007631,190.28514,0.38249092,QSO,SDSS_DR18_SPECTROSCOPY,ZWARNING_0_SCIENCEPRIMARY
TRD007632,190.53782,1.1987564,QSO,SDSS_DR18_SPECTROSCOPY,ZWARNING_0_SCIENCEPRIMARY
TRD007633,190.84234,1.0633157,QSO,SDSS_DR18_SPECTROSCOPY,ZWARNING_0_SCIENCEPRIMARY
TRD007634,191.0481,0.84401786,QSO,SDSS_DR18_SPECTROSCOPY,ZWARNING_0_SCIENCEPRIMARY
TRD007635,190.8509,1.0078117,QSO,SDSS_DR18_SPECTROSCOPY,ZWARNING_0_SCIENCEPRIMARY
TRD007636,191.03112,1.1093087,QSO,SDSS_DR18_SPECTROSCOPY,ZWARNING_0_SCIENCEPRIMARY
TRD007637,190.84069,0.26032778,QSO,SDSS_DR18_SPECTROSCOPY,ZWARNING_0_SCIENCEPRIMARY
TRD007638,190.99841,0.27651643,QSO,SDSS_DR18_SPECTROSCOPY,ZWARNING_0_SCIENCEPRIMARY
TRD007639,191.09611,0.45442698,QSO,SDSS_DR18_SPECTROSCOPY,ZWARNING_0_SCIENCEPRIMARY
TRD007640,191.72657,0.70173995,QSO,SDSS_DR18_SPECTROSCOPY,ZWARNING_0_SCIENCEPRIMARY
TRD007641,193.3711,-0.90303167,QSO,SDSS_DR18_SPECTROSCOPY,ZWARNING_0_SCIENCEPRIMARY
TRD007642,193.41229,-1.25675,QSO,SDSS_DR18_SPECTROSCOPY,ZWARNING_0_SCIENCEPRIMARY
TRD007643,193.40565,-0.8026529,QSO,SDSS_DR18_SPECTROSCOPY,ZWARNING_0_SCIENCEPRIMARY
TRD007644,193.72335,-0.72360755,QSO,SDSS_DR18_SPECTROSCOPY,ZWARNING_0_SCIENCEPRIMARY
TRD007645,193.66313,-0.72629496,QSO,SDSS_DR18_SPECTROSCOPY,ZWARNING_0_SCIENCEPRIMARY
TRD007646,192.994,-1.1071841,QSO,SDSS_DR18_SPECTROSCOPY,ZWARNING_0_SCIENCEPRIMARY
TRD007647,192.92148,-0.89925909,QSO,SDSS_DR18_SPECTROSCOPY,ZWARNING_0_SCIENCEPRIMARY
TRD007648,193.58799,-0.097025667,QSO,SDSS_DR18_SPECTROSCOPY,ZWARNING_0_SCIENCEPRIMARY
TRD007649,192.74867,-1.0679167,QSO,SDSS_DR18_SPECTROSCOPY,ZWARNING_0_SCIENCEPRIMARY
TRD007650,192.73632,-0.96871979,QSO,SDSS_DR18_SPECTROSCOPY,ZWARNING_0_SCIENCEPRIMARY
TRD007651,192.96763,-0.242701,QSO,SDSS_DR18_SPECTROSCOPY,ZWARNING_0_SCIENCEPRIMARY
TRD007652,192.48255,-1.2562609,QSO,SDSS_DR18_SPECTROSCOPY,ZWARNING_0_SCIENCEPRIMARY
TRD007653,192.45537,-0.83745077,QSO,SDSS_DR18_SPECTROSCOPY,ZWARNING_0_SCIENCEPRIMARY
TRD007654,192.95123,-0.35180066,QSO,SDSS_DR18_SPECTROSCOPY,ZWARNING_0_SCIENCEPRIMARY
TRD007655,192.67294,-0.090399317,QSO,SDSS_DR18_SPECTROSCOPY,ZWARNING_0_SCIENCEPRIMARY
TRD007656,192.62756,-0.19508712,QSO,SDSS_DR18_SPECTROSCOPY,ZWARNING_0_SCIENCEPRIMARY
TRD007657,192.19337,-0.87842758,QSO,SDSS_DR18_SPECTROSCOPY,ZWARNING_0_SCIENCEPRIMARY
TRD007658,192.41606,-1.1137825,QSO,SDSS_DR18_SPECTROSCOPY,ZWARNING_0_SCIENCEPRIMARY
TRD007659,192.24968,-1.1598499,QSO,SDSS_DR18_SPECTROSCOPY,ZWARNING_0_SCIENCEPRIMARY
TRD007660,191.68497,-0.7131209,QSO,SDSS_DR18_SPECTROSCOPY,ZWARNING_0_SCIENCEPRIMARY
TRD007661,191.78541,-0.59362869,QSO,SDSS_DR18_SPECTROSCOPY,ZWARNING_0_SCIENCEPRIMARY
TRD007662,191.51873,-0.94777699,QSO,SDSS_DR18_SPECTROSCOPY,ZWARNING_0_SCIENCEPRIMARY
TRD007663,191.38487,-0.79499548,QSO,SDSS_DR18_SPECTROSCOPY,ZWARNING_0_SCIENCEPRIMARY
TRD007664,191.31685,-0.31644617,QSO,SDSS_DR18_SPECTROSCOPY,ZWARNING_0_SCIENCEPRIMARY
TRD007665,191.37755,0.6339375,QSO,SDSS_DR18_SPECTROSCOPY,ZWARNING_0_SCIENCEPRIMARY
TRD007666,191.49653,0.15072229,QSO,SDSS_DR18_SPECTROSCOPY,ZWARNING_0_SCIENCEPRIMARY
TRD007667,191.28382,0.35349791,QSO,SDSS_DR18_SPECTROSCOPY,ZWARNING_0_SCIENCEPRIMARY
TRD007668,191.82173,1.0063577,QSO,SDSS_DR18_SPECTROSCOPY,ZWARNING_0_SCIENCEPRIMARY
TRD007669,192.13795,1.064413,QSO,SDSS_DR18_SPECTROSCOPY,ZWARNING_0_SCIENCEPRIMARY
TRD007670,191.82894,0.20170909,QSO,SDSS_DR18_SPECTROSCOPY,ZWARNING_0_SCIENCEPRIMARY
TRD007671,192.65457,0.90266622,QSO,SDSS_DR18_SPECTROSCOPY,ZWARNING_0_SCIENCEPRIMARY
TRD007672,192.53473,0.77252005,QSO,SDSS_DR18_SPECTROSCOPY,ZWARNING_0_SCIENCEPRIMARY
TRD007673,192.41082,0.40545835,QSO,SDSS_DR18_SPECTROSCOPY,ZWARNING_0_SCIENCEPRIMARY
TRD007674,192.40053,0.08376605,QSO,SDSS_DR18_SPECTROSCOPY,ZWARNING_0_SCIENCEPRIMARY
TRD007675,192.62703,0.33338533,QSO,SDSS_DR18_SPECTROSCOPY,ZWARNING_0_SCIENCEPRIMARY
TRD007676,192.63176,0.038151578,QSO,SDSS_DR18_SPECTROSCOPY,ZWARNING_0_SCIENCEPRIMARY
TRD007677,192.91803,0.036363482,QSO,SDSS_DR18_SPECTROSCOPY,ZWARNING_0_SCIENCEPRIMARY
TRD007678,193.23807,1.1778463,QSO,SDSS_DR18_SPECTROSCOPY,ZWARNING_0_SCIENCEPRIMARY
TRD007679,193.23341,0.89428646,QSO,SDSS_DR18_SPECTROSCOPY,ZWARNING_0_SCIENCEPRIMARY
TRD007680,193.18276,0.88891203,QSO,SDSS_DR18_SPECTROSCOPY,ZWARNING_0_SCIENCEPRIMARY
TRD007681,193.20741,1.1126379,QSO,SDSS_DR18_SPECTROSCOPY,ZWARNING_0_SCIENCEPRIMARY
TRD007682,193.2719,0.26551943,QSO,SDSS_DR18_SPECTROSCOPY,ZWARNING_0_SCIENCEPRIMARY
TRD007683,193.56014,0.3295912,QSO,SDSS_DR18_SPECTROSCOPY,ZWARNING_0_SCIENCEPRIMARY
TRD007684,193.32926,0.88608798,QSO,SDSS_DR18_SPECTROSCOPY,ZWARNING_0_SCIENCEPRIMARY
TRD007685,193.33185,0.7558525,QSO,SDSS_DR18_SPECTROSCOPY,ZWARNING_0_SCIENCEPRIMARY
TRD007686,193.70546,0.42049081,QSO,SDSS_DR18_SPECTROSCOPY,ZWARNING_0_SCIENCEPRIMARY
TRD007687,193.76661,0.21485016,QSO,SDSS_DR18_SPECTROSCOPY,ZWARNING_0_SCIENCEPRIMARY
TRD007688,195.36986,-0.96786013,QSO,SDSS_DR18_SPECTROSCOPY,ZWARNING_0_SCIENCEPRIMARY
TRD007689,195.63973,-0.79901906,QSO,SDSS_DR18_SPECTROSCOPY,ZWARNING_0_SCIENCEPRIMARY
TRD007690,195.67755,-0.12447731,QSO,SDSS_DR18_SPECTROSCOPY,ZWARNING_0_SCIENCEPRIMARY
TRD007691,195.74368,-0.43428184,QSO,SDSS_DR18_SPECTROSCOPY,ZWARNING_0_SCIENCEPRIMARY
TRD007692,195.07528,-0.9069147,QSO,SDSS_DR18_SPECTROSCOPY,ZWARNING_0_SCIENCEPRIMARY
TRD007693,195.09676,-0.90827238,QSO,SDSS_DR18_SPECTROSCOPY,ZWARNING_0_SCIENCEPRIMARY
TRD007694,195.28936,-1.0387974,QSO,SDSS_DR18_SPECTROSCOPY,ZWARNING_0_SCIENCEPRIMARY
TRD007695,195.53445,-0.62544245,QSO,SDSS_DR18_SPECTROSCOPY,ZWARNING_0_SCIENCEPRIMARY
TRD007696,195.54602,0.0012503861,QSO,SDSS_DR18_SPECTROSCOPY,ZWARNING_0_SCIENCEPRIMARY
TRD007697,195.48901,-0.25905492,QSO,SDSS_DR18_SPECTROSCOPY,ZWARNING_0_SCIENCEPRIMARY
TRD007698,195.40054,0.032740124,QSO,SDSS_DR18_SPECTROSCOPY,ZWARNING_0_SCIENCEPRIMARY
TRD007699,195.01217,-1.100494,QSO,SDSS_DR18_SPECTROSCOPY,ZWARNING_0_SCIENCEPRIMARY
TRD007700,195.14705,-0.6578576,QSO,SDSS_DR18_SPECTROSCOPY,ZWARNING_0_SCIENCEPRIMARY
TRD007701,194.95461,-0.26929864,QSO,SDSS_DR18_SPECTROSCOPY,ZWARNING_0_SCIENCEPRIMARY
TRD007702,195.13874,-0.1145906,QSO,SDSS_DR18_SPECTROSCOPY,ZWARNING_0_SCIENCEPRIMARY
TRD007703,194.48573,-0.76988516,QSO,SDSS_DR18_SPECTROSCOPY,ZWARNING_0_SCIENCEPRIMARY
TRD007704,194.57749,-0.77529463,QSO,SDSS_DR18_SPECTROSCOPY,ZWARNING_0_SCIENCEPRIMARY
TRD007705,194.67833,0.039043143,QSO,SDSS_DR18_SPECTROSCOPY,ZWARNING_0_SCIENCEPRIMARY
TRD007706,194.87004,-0.45833542,QSO,SDSS_DR18_SPECTROSCOPY,ZWARNING_0_SCIENCEPRIMARY
TRD007707,194.40445,-0.53893907,QSO,SDSS_DR18_SPECTROSCOPY,ZWARNING_0_SCIENCEPRIMARY
TRD007708,194.46367,-0.73070051,QSO,SDSS_DR18_SPECTROSCOPY,ZWARNING_0_SCIENCEPRIMARY
TRD007709,194.45026,-0.043642898,QSO,SDSS_DR18_SPECTROSCOPY,ZWARNING_0_SCIENCEPRIMARY
TRD007710,194.29548,-0.44479891,QSO,SDSS_DR18_SPECTROSCOPY,ZWARNING_0_SCIENCEPRIMARY
TRD007711,194.2433,-0.35638762,QSO,SDSS_DR18_SPECTROSCOPY,ZWARNING_0_SCIENCEPRIMARY
TRD007712,194.17078,-1.0258494,QSO,SDSS_DR18_SPECTROSCOPY,ZWARNING_0_SCIENCEPRIMARY
TRD007713,193.9596,-0.30861479,QSO,SDSS_DR18_SPECTROSCOPY,ZWARNING_0_SCIENCEPRIMARY
TRD007714,193.88748,-0.27850133,QSO,SDSS_DR18_SPECTROSCOPY,ZWARNING_0_SCIENCEPRIMARY
TRD007715,194.11248,0.048632352,QSO,SDSS_DR18_SPECTROSCOPY,ZWARNING_0_SCIENCEPRIMARY
TRD007716,193.88314,-0.48068735,QSO,SDSS_DR18_SPECTROSCOPY,ZWARNING_0_SCIENCEPRIMARY
TRD007717,194.03275,0.035485574,QSO,SDSS_DR18_SPECTROSCOPY,ZWARNING_0_SCIENCEPRIMARY
TRD007718,194.07303,-0.32172755,QSO,SDSS_DR18_SPECTROSCOPY,ZWARNING_0_SCIENCEPRIMARY
TRD007719,193.88437,-1.1024346,QSO,SDSS_DR18_SPECTROSCOPY,ZWARNING_0_SCIENCEPRIMARY
TRD007720,193.5361,-0.32983739,QSO,SDSS_DR18_SPECTROSCOPY,ZWARNING_0_SCIENCEPRIMARY
TRD007721,193.49874,-0.54094843,QSO,SDSS_DR18_SPECTROSCOPY,ZWARNING_0_SCIENCEPRIMARY
TRD007722,193.49844,-0.094662104,QSO,SDSS_DR18_SPECTROSCOPY,ZWARNING_0_SCIENCEPRIMARY
TRD007723,193.80632,-0.38993929,QSO,SDSS_DR18_SPECTROSCOPY,ZWARNING_0_SCIENCEPRIMARY
TRD007724,193.86792,-0.91166473,QSO,SDSS_DR18_SPECTROSCOPY,ZWARNING_0_SCIENCEPRIMARY
TRD007725,193.50902,-0.82531293,QSO,SDSS_DR18_SPECTROSCOPY,ZWARNING_0_SCIENCEPRIMARY
TRD007726,193.22722,-0.098824485,QSO,SDSS_DR18_SPECTROSCOPY,ZWARNING_0_SCIENCEPRIMARY
TRD007727,193.04025,-0.26484226,QSO,SDSS_DR18_SPECTROSCOPY,ZWARNING_0_SCIENCEPRIMARY
TRD007728,193.2448,-0.71002434,QSO,SDSS_DR18_SPECTROSCOPY,ZWARNING_0_SCIENCEPRIMARY
TRD007729,193.72833,1.0021613,QSO,SDSS_DR18_SPECTROSCOPY,ZWARNING_0_SCIENCEPRIMARY
TRD007730,193.65114,0.9561277,QSO,SDSS_DR18_SPECTROSCOPY,ZWARNING_0_SCIENCEPRIMARY
TRD007731,193.06691,0.52807674,QSO,SDSS_DR18_SPECTROSCOPY,ZWARNING_0_SCIENCEPRIMARY
TRD007732,193.37495,0.12504283,QSO,SDSS_DR18_SPECTROSCOPY,ZWARNING_0_SCIENCEPRIMARY
TRD007733,194.54225,0.92651728,QSO,SDSS_DR18_SPECTROSCOPY,ZWARNING_0_SCIENCEPRIMARY
TRD007734,194.33143,0.8385702,QSO,SDSS_DR18_SPECTROSCOPY,ZWARNING_0_SCIENCEPRIMARY
TRD007735,194.43307,0.95932192,QSO,SDSS_DR18_SPECTROSCOPY,ZWARNING_0_SCIENCEPRIMARY
TRD007736,194.5761,1.103848,QSO,SDSS_DR18_SPECTROSCOPY,ZWARNING_0_SCIENCEPRIMARY
TRD007737,194.26533,1.0255436,QSO,SDSS_DR18_SPECTROSCOPY,ZWARNING_0_SCIENCEPRIMARY
TRD007738,193.9644,0.65573554,QSO,SDSS_DR18_SPECTROSCOPY,ZWARNING_0_SCIENCEPRIMARY
TRD007739,194.93164,1.0486286,QSO,SDSS_DR18_SPECTROSCOPY,ZWARNING_0_SCIENCEPRIMARY
TRD007740,194.23416,0.3558791,QSO,SDSS_DR18_SPECTROSCOPY,ZWARNING_0_SCIENCEPRIMARY
TRD007741,194.11728,0.53318622,QSO,SDSS_DR18_SPECTROSCOPY,ZWARNING_0_SCIENCEPRIMARY
TRD007742,194.263,0.40998618,QSO,SDSS_DR18_SPECTROSCOPY,ZWARNING_0_SCIENCEPRIMARY
TRD007743,194.12286,0.47505119,QSO,SDSS_DR18_SPECTROSCOPY,ZWARNING_0_SCIENCEPRIMARY
TRD007744,194.6455,0.64229183,QSO,SDSS_DR18_SPECTROSCOPY,ZWARNING_0_SCIENCEPRIMARY
TRD007745,194.88908,0.72018003,QSO,SDSS_DR18_SPECTROSCOPY,ZWARNING_0_SCIENCEPRIMARY
TRD007746,195.12093,0.77702385,QSO,SDSS_DR18_SPECTROSCOPY,ZWARNING_0_SCIENCEPRIMARY
TRD007747,195.0785,0.13237822,QSO,SDSS_DR18_SPECTROSCOPY,ZWARNING_0_SCIENCEPRIMARY
TRD007748,195.06576,0.72168652,QSO,SDSS_DR18_SPECTROSCOPY,ZWARNING_0_SCIENCEPRIMARY
TRD007749,195.08333,0.4448581,QSO,SDSS_DR18_SPECTROSCOPY,ZWARNING_0_SCIENCEPRIMARY
TRD007750,195.08874,0.88338539,QSO,SDSS_DR18_SPECTROSCOPY,ZWARNING_0_SCIENCEPRIMARY
TRD007751,195.24912,0.74527286,QSO,SDSS_DR18_SPECTROSCOPY,ZWARNING_0_SCIENCEPRIMARY
TRD007752,195.38615,0.63385652,QSO,SDSS_DR18_SPECTROSCOPY,ZWARNING_0_SCIENCEPRIMARY
TRD007753,195.36332,0.31362605,QSO,SDSS_DR18_SPECTROSCOPY,ZWARNING_0_SCIENCEPRIMARY
TRD007754,195.24223,1.0976923,QSO,SDSS_DR18_SPECTROSCOPY,ZWARNING_0_SCIENCEPRIMARY
TRD007755,195.34657,0.78320639,QSO,SDSS_DR18_SPECTROSCOPY,ZWARNING_0_SCIENCEPRIMARY
TRD007756,195.7146,0.33281073,QSO,SDSS_DR18_SPECTROSCOPY,ZWARNING_0_SCIENCEPRIMARY
TRD007757,195.66484,0.40467327,QSO,SDSS_DR18_SPECTROSCOPY,ZWARNING_0_SCIENCEPRIMARY
TRD007758,197.65566,-0.79551053,QSO,SDSS_DR18_SPECTROSCOPY,ZWARNING_0_SCIENCEPRIMARY
TRD007759,197.66995,-0.77855275,QSO,SDSS_DR18_SPECTROSCOPY,ZWARNING_0_SCIENCEPRIMARY
TRD007760,197.9091,-0.16807053,QSO,SDSS_DR18_SPECTROSCOPY,ZWARNING_0_SCIENCEPRIMARY
TRD007761,197.15902,-0.72730493,QSO,SDSS_DR18_SPECTROSCOPY,ZWARNING_0_SCIENCEPRIMARY
TRD007762,197.19484,-0.84635144,QSO,SDSS_DR18_SPECTROSCOPY,ZWARNING_0_SCIENCEPRIMARY
TRD007763,197.5544,-0.060955371,QSO,SDSS_DR18_SPECTROSCOPY,ZWARNING_0_SCIENCEPRIMARY
TRD007764,196.89306,-0.96182386,QSO,SDSS_DR18_SPECTROSCOPY,ZWARNING_0_SCIENCEPRIMARY
TRD007765,197.05518,-0.71025479,QSO,SDSS_DR18_SPECTROSCOPY,ZWARNING_0_SCIENCEPRIMARY
TRD007766,197.31948,-0.26394709,QSO,SDSS_DR18_SPECTROSCOPY,ZWARNING_0_SCIENCEPRIMARY
TRD007767,196.85706,-0.75713506,QSO,SDSS_DR18_SPECTROSCOPY,ZWARNING_0_SCIENCEPRIMARY
TRD007768,196.51996,-0.77544511,QSO,SDSS_DR18_SPECTROSCOPY,ZWARNING_0_SCIENCEPRIMARY
TRD007769,196.80601,-0.40772483,QSO,SDSS_DR18_SPECTROSCOPY,ZWARNING_0_SCIENCEPRIMARY
TRD007770,197.00568,-0.082391978,QSO,SDSS_DR18_SPECTROSCOPY,ZWARNING_0_SCIENCEPRIMARY
TRD007771,196.78212,-0.42858164,QSO,SDSS_DR18_SPECTROSCOPY,ZWARNING_0_SCIENCEPRIMARY
TRD007772,196.62896,-0.41442048,QSO,SDSS_DR18_SPECTROSCOPY,ZWARNING_0_SCIENCEPRIMARY
TRD007773,196.80522,-0.60045749,QSO,SDSS_DR18_SPECTROSCOPY,ZWARNING_0_SCIENCEPRIMARY
TRD007774,196.60053,-0.12697345,QSO,SDSS_DR18_SPECTROSCOPY,ZWARNING_0_SCIENCEPRIMARY
TRD007775,195.86695,-0.83730524,QSO,SDSS_DR18_SPECTROSCOPY,ZWARNING_0_SCIENCEPRIMARY
TRD007776,195.96422,-1.1636033,QSO,SDSS_DR18_SPECTROSCOPY,ZWARNING_0_SCIENCEPRIMARY
TRD007777,195.89711,-0.82019358,QSO,SDSS_DR18_SPECTROSCOPY,ZWARNING_0_SCIENCEPRIMARY
TRD007778,196.11624,-0.58516301,QSO,SDSS_DR18_SPECTROSCOPY,ZWARNING_0_SCIENCEPRIMARY
TRD007779,195.65802,-0.97886251,QSO,SDSS_DR18_SPECTROSCOPY,ZWARNING_0_SCIENCEPRIMARY
TRD007780,195.8049,-1.1834647,QSO,SDSS_DR18_SPECTROSCOPY,ZWARNING_0_SCIENCEPRIMARY
TRD007781,195.73767,-0.95464957,QSO,SDSS_DR18_SPECTROSCOPY,ZWARNING_0_SCIENCEPRIMARY
TRD007782,195.92332,-0.65304535,QSO,SDSS_DR18_SPECTROSCOPY,ZWARNING_0_SCIENCEPRIMARY
TRD007783,196.012,-0.41558976,QSO,SDSS_DR18_SPECTROSCOPY,ZWARNING_0_SCIENCEPRIMARY
TRD007784,195.24668,0.75131153,QSO,SDSS_DR18_SPECTROSCOPY,ZWARNING_0_SCIENCEPRIMARY
TRD007785,195.8477,1.1840889,QSO,SDSS_DR18_SPECTROSCOPY,ZWARNING_0_SCIENCEPRIMARY
TRD007786,195.95392,0.336266,QSO,SDSS_DR18_SPECTROSCOPY,ZWARNING_0_SCIENCEPRIMARY
TRD007787,196.28955,0.12093437,QSO,SDSS_DR18_SPECTROSCOPY,ZWARNING_0_SCIENCEPRIMARY
TRD007788,196.14128,0.067467333,QSO,SDSS_DR18_SPECTROSCOPY,ZWARNING_0_SCIENCEPRIMARY
TRD007789,196.32513,0.23011909,QSO,SDSS_DR18_SPECTROSCOPY,ZWARNING_0_SCIENCEPRIMARY
TRD007790,196.25506,1.0566007,QSO,SDSS_DR18_SPECTROSCOPY,ZWARNING_0_SCIENCEPRIMARY
TRD007791,196.39766,0.16107648,QSO,SDSS_DR18_SPECTROSCOPY,ZWARNING_0_SCIENCEPRIMARY
TRD007792,196.53625,1.1031548,QSO,SDSS_DR18_SPECTROSCOPY,ZWARNING_0_SCIENCEPRIMARY
TRD007793,196.63769,0.38013514,QSO,SDSS_DR18_SPECTROSCOPY,ZWARNING_0_SCIENCEPRIMARY
TRD007794,196.73057,0.48643788,QSO,SDSS_DR18_SPECTROSCOPY,ZWARNING_0_SCIENCEPRIMARY
TRD007795,196.70868,0.46498004,QSO,SDSS_DR18_SPECTROSCOPY,ZWARNING_0_SCIENCEPRIMARY
TRD007796,196.98012,0.29029104,QSO,SDSS_DR18_SPECTROSCOPY,ZWARNING_0_SCIENCEPRIMARY
TRD007797,196.85314,0.62742738,QSO,SDSS_DR18_SPECTROSCOPY,ZWARNING_0_SCIENCEPRIMARY
TRD007798,197.1076,0.39668541,QSO,SDSS_DR18_SPECTROSCOPY,ZWARNING_0_SCIENCEPRIMARY
TRD007799,197.2407,0.03123229,QSO,SDSS_DR18_SPECTROSCOPY,ZWARNING_0_SCIENCEPRIMARY
TRD007800,196.98572,1.1193517,QSO,SDSS_DR18_SPECTROSCOPY,ZWARNING_0_SCIENCEPRIMARY
TRD007801,196.97613,0.73948422,QSO,SDSS_DR18_SPECTROSCOPY,ZWARNING_0_SCIENCEPRIMARY
TRD007802,197.05469,0.86823624,QSO,SDSS_DR18_SPECTROSCOPY,ZWARNING_0_SCIENCEPRIMARY
TRD007803,197.55947,0.32986578,QSO,SDSS_DR18_SPECTROSCOPY,ZWARNING_0_SCIENCEPRIMARY
TRD007804,197.52058,0.0023753567,QSO,SDSS_DR18_SPECTROSCOPY,ZWARNING_0_SCIENCEPRIMARY
TRD007805,197.36895,0.59288018,QSO,SDSS_DR18_SPECTROSCOPY,ZWARNING_0_SCIENCEPRIMARY
TRD007806,197.51213,0.10702579,QSO,SDSS_DR18_SPECTROSCOPY,ZWARNING_0_SCIENCEPRIMARY
TRD007807,197.16934,0.87437612,QSO,SDSS_DR18_SPECTROSCOPY,ZWARNING_0_SCIENCEPRIMARY
TRD007808,197.23724,1.065917,QSO,SDSS_DR18_SPECTROSCOPY,ZWARNING_0_SCIENCEPRIMARY
TRD007809,197.22993,0.75113284,QSO,SDSS_DR18_SPECTROSCOPY,ZWARNING_0_SCIENCEPRIMARY
TRD007810,197.52863,1.07428,QSO,SDSS_DR18_SPECTROSCOPY,ZWARNING_0_SCIENCEPRIMARY
TRD007811,197.62342,0.90351254,QSO,SDSS_DR18_SPECTROSCOPY,ZWARNING_0_SCIENCEPRIMARY
TRD007812,197.61881,0.73581299,QSO,SDSS_DR18_SPECTROSCOPY,ZWARNING_0_SCIENCEPRIMARY
TRD007813,197.98548,0.15972516,QSO,SDSS_DR18_SPECTROSCOPY,ZWARNING_0_SCIENCEPRIMARY
TRD007814,197.78534,0.53104401,QSO,SDSS_DR18_SPECTROSCOPY,ZWARNING_0_SCIENCEPRIMARY
TRD007815,199.43718,-0.2140222,QSO,SDSS_DR18_SPECTROSCOPY,ZWARNING_0_SCIENCEPRIMARY
TRD007816,199.19998,-0.40934343,QSO,SDSS_DR18_SPECTROSCOPY,ZWARNING_0_SCIENCEPRIMARY
TRD007817,198.9577,-0.68003993,QSO,SDSS_DR18_SPECTROSCOPY,ZWARNING_0_SCIENCEPRIMARY
TRD007818,198.95525,-0.72059368,QSO,SDSS_DR18_SPECTROSCOPY,ZWARNING_0_SCIENCEPRIMARY
TRD007819,198.63955,-0.83819358,QSO,SDSS_DR18_SPECTROSCOPY,ZWARNING_0_SCIENCEPRIMARY
TRD007820,198.03617,-1.1194954,QSO,SDSS_DR18_SPECTROSCOPY,ZWARNING_0_SCIENCEPRIMARY
TRD007821,198.00931,-0.30559576,QSO,SDSS_DR18_SPECTROSCOPY,ZWARNING_0_SCIENCEPRIMARY
TRD007822,197.87929,-1.0589983,QSO,SDSS_DR18_SPECTROSCOPY,ZWARNING_0_SCIENCEPRIMARY
TRD007823,197.90591,-0.95951611,QSO,SDSS_DR18_SPECTROSCOPY,ZWARNING_0_SCIENCEPRIMARY
TRD007824,197.80727,-0.76516667,QSO,SDSS_DR18_SPECTROSCOPY,ZWARNING_0_SCIENCEPRIMARY
TRD007825,198.06954,0.48978626,QSO,SDSS_DR18_SPECTROSCOPY,ZWARNING_0_SCIENCEPRIMARY
TRD007826,197.15425,0.77784476,QSO,SDSS_DR18_SPECTROSCOPY,ZWARNING_0_SCIENCEPRIMARY
TRD007827,198.34264,0.88847093,QSO,SDSS_DR18_SPECTROSCOPY,ZWARNING_0_SCIENCEPRIMARY
TRD007828,198.74893,0.5176733,QSO,SDSS_DR18_SPECTROSCOPY,ZWARNING_0_SCIENCEPRIMARY
TRD007829,198.31326,-0.10674405,QSO,SDSS_DR18_SPECTROSCOPY,ZWARNING_0_SCIENCEPRIMARY
TRD007830,198.61866,-0.061901884,QSO,SDSS_DR18_SPECTROSCOPY,ZWARNING_0_SCIENCEPRIMARY
TRD007831,198.96952,0.081797871,QSO,SDSS_DR18_SPECTROSCOPY,ZWARNING_0_SCIENCEPRIMARY
TRD007832,198.91869,-0.10927031,QSO,SDSS_DR18_SPECTROSCOPY,ZWARNING_0_SCIENCEPRIMARY
TRD007833,198.96709,0.63423945,QSO,SDSS_DR18_SPECTROSCOPY,ZWARNING_0_SCIENCEPRIMARY
TRD007834,198.35444,0.92069305,QSO,SDSS_DR18_SPECTROSCOPY,ZWARNING_0_SCIENCEPRIMARY
TRD007835,198.71993,1.1889944,QSO,SDSS_DR18_SPECTROSCOPY,ZWARNING_0_SCIENCEPRIMARY
TRD007836,198.99573,0.91980121,QSO,SDSS_DR18_SPECTROSCOPY,ZWARNING_0_SCIENCEPRIMARY
TRD007837,198.47017,1.086424,QSO,SDSS_DR18_SPECTROSCOPY,ZWARNING_0_SCIENCEPRIMARY
TRD007838,198.61019,1.095922,QSO,SDSS_DR18_SPECTROSCOPY,ZWARNING_0_SCIENCEPRIMARY
TRD007839,199.30268,0.50451302,QSO,SDSS_DR18_SPECTROSCOPY,ZWARNING_0_SCIENCEPRIMARY
TRD007840,201.03755,-0.67417725,QSO,SDSS_DR18_SPECTROSCOPY,ZWARNING_0_SCIENCEPRIMARY
TRD007841,200.67634,-0.66388796,QSO,SDSS_DR18_SPECTROSCOPY,ZWARNING_0_SCIENCEPRIMARY
TRD007842,200.9419,-0.30550735,QSO,SDSS_DR18_SPECTROSCOPY,ZWARNING_0_SCIENCEPRIMARY
TRD007843,200.11153,-1.1313937,QSO,SDSS_DR18_SPECTROSCOPY,ZWARNING_0_SCIENCEPRIMARY
TRD007844,200.15461,-0.96722872,QSO,SDSS_DR18_SPECTROSCOPY,ZWARNING_0_SCIENCEPRIMARY
TRD007845,200.4505,-0.58803221,QSO,SDSS_DR18_SPECTROSCOPY,ZWARNING_0_SCIENCEPRIMARY
TRD007846,200.65,-0.82011432,QSO,SDSS_DR18_SPECTROSCOPY,ZWARNING_0_SCIENCEPRIMARY
TRD007847,200.4161,-0.69778945,QSO,SDSS_DR18_SPECTROSCOPY,ZWARNING_0_SCIENCEPRIMARY
TRD007848,200.39721,-0.21826852,QSO,SDSS_DR18_SPECTROSCOPY,ZWARNING_0_SCIENCEPRIMARY
TRD007849,200.28593,-0.37047545,QSO,SDSS_DR18_SPECTROSCOPY,ZWARNING_0_SCIENCEPRIMARY
TRD007850,200.08448,-0.57450761,QSO,SDSS_DR18_SPECTROSCOPY,ZWARNING_0_SCIENCEPRIMARY
TRD007851,199.92854,-0.76977897,QSO,SDSS_DR18_SPECTROSCOPY,ZWARNING_0_SCIENCEPRIMARY
TRD007852,199.91152,-0.82778403,QSO,SDSS_DR18_SPECTROSCOPY,ZWARNING_0_SCIENCEPRIMARY
TRD007853,200.03877,-0.34552778,QSO,SDSS_DR18_SPECTROSCOPY,ZWARNING_0_SCIENCEPRIMARY
TRD007854,199.58602,-0.84875655,QSO,SDSS_DR18_SPECTROSCOPY,ZWARNING_0_SCIENCEPRIMARY
TRD007855,199.37841,-1.234089,QSO,SDSS_DR18_SPECTROSCOPY,ZWARNING_0_SCIENCEPRIMARY
TRD007856,199.66754,0.12646715,QSO,SDSS_DR18_SPECTROSCOPY,ZWARNING_0_SCIENCEPRIMARY
TRD007857,199.67064,0.51775188,QSO,SDSS_DR18_SPECTROSCOPY,ZWARNING_0_SCIENCEPRIMARY
TRD007858,199.72273,0.3699304,QSO,SDSS_DR18_SPECTROSCOPY,ZWARNING_0_SCIENCEPRIMARY
TRD007859,199.78393,0.47884243,QSO,SDSS_DR18_SPECTROSCOPY,ZWARNING_0_SCIENCEPRIMARY
TRD007860,199.8083,0.88109402,QSO,SDSS_DR18_SPECTROSCOPY,ZWARNING_0_SCIENCEPRIMARY
TRD007861,199.6828,0.79227665,QSO,SDSS_DR18_SPECTROSCOPY,ZWARNING_0_SCIENCEPRIMARY
TRD007862,199.54477,1.1946845,QSO,SDSS_DR18_SPECTROSCOPY,ZWARNING_0_SCIENCEPRIMARY
TRD007863,200.1564,0.74425593,QSO,SDSS_DR18_SPECTROSCOPY,ZWARNING_0_SCIENCEPRIMARY
TRD007864,200.07555,1.1903783,QSO,SDSS_DR18_SPECTROSCOPY,ZWARNING_0_SCIENCEPRIMARY
TRD007865,199.97104,0.5069658,QSO,SDSS_DR18_SPECTROSCOPY,ZWARNING_0_SCIENCEPRIMARY
TRD007866,200.03795,0.39353063,QSO,SDSS_DR18_SPECTROSCOPY,ZWARNING_0_SCIENCEPRIMARY
TRD007867,200.14102,0.19400828,QSO,SDSS_DR18_SPECTROSCOPY,ZWARNING_0_SCIENCEPRIMARY
TRD007868,200.52585,0.29992792,QSO,SDSS_DR18_SPECTROSCOPY,ZWARNING_0_SCIENCEPRIMARY
TRD007869,200.41192,1.1461926,QSO,SDSS_DR18_SPECTROSCOPY,ZWARNING_0_SCIENCEPRIMARY
TRD007870,200.28505,0.83331463,QSO,SDSS_DR18_SPECTROSCOPY,ZWARNING_0_SCIENCEPRIMARY
TRD007871,200.81043,0.54743351,QSO,SDSS_DR18_SPECTROSCOPY,ZWARNING_0_SCIENCEPRIMARY
TRD007872,200.56127,1.1336933,QSO,SDSS_DR18_SPECTROSCOPY,ZWARNING_0_SCIENCEPRIMARY
TRD007873,200.71523,0.78191222,QSO,SDSS_DR18_SPECTROSCOPY,ZWARNING_0_SCIENCEPRIMARY
TRD007874,202.45726,-0.83606695,QSO,SDSS_DR18_SPECTROSCOPY,ZWARNING_0_SCIENCEPRIMARY
TRD007875,202.57504,-1.0440455,QSO,SDSS_DR18_SPECTROSCOPY,ZWARNING_0_SCIENCEPRIMARY
TRD007876,202.27833,-1.1853714,QSO,SDSS_DR18_SPECTROSCOPY,ZWARNING_0_SCIENCEPRIMARY
TRD007877,202.13543,-1.0550372,QSO,SDSS_DR18_SPECTROSCOPY,ZWARNING_0_SCIENCEPRIMARY
TRD007878,202.04734,-0.89530629,QSO,SDSS_DR18_SPECTROSCOPY,ZWARNING_0_SCIENCEPRIMARY
TRD007879,202.63086,-0.47188416,QSO,SDSS_DR18_SPECTROSCOPY,ZWARNING_0_SCIENCEPRIMARY
TRD007880,202.44275,-0.30152991,QSO,SDSS_DR18_SPECTROSCOPY,ZWARNING_0_SCIENCEPRIMARY
TRD007881,201.77605,-0.71073457,QSO,SDSS_DR18_SPECTROSCOPY,ZWARNING_0_SCIENCEPRIMARY
TRD007882,201.95033,-0.17269796,QSO,SDSS_DR18_SPECTROSCOPY,ZWARNING_0_SCIENCEPRIMARY
TRD007883,201.96222,-0.06113304,QSO,SDSS_DR18_SPECTROSCOPY,ZWARNING_0_SCIENCEPRIMARY
TRD007884,201.76895,-0.60766227,QSO,SDSS_DR18_SPECTROSCOPY,ZWARNING_0_SCIENCEPRIMARY
TRD007885,201.54499,-0.30991025,QSO,SDSS_DR18_SPECTROSCOPY,ZWARNING_0_SCIENCEPRIMARY
TRD007886,201.0782,-0.51535312,QSO,SDSS_DR18_SPECTROSCOPY,ZWARNING_0_SCIENCEPRIMARY
TRD007887,201.07269,-0.27371926,QSO,SDSS_DR18_SPECTROSCOPY,ZWARNING_0_SCIENCEPRIMARY
TRD007888,201.04361,-1.2121589,QSO,SDSS_DR18_SPECTROSCOPY,ZWARNING_0_SCIENCEPRIMARY
TRD007889,200.6187,0.043180991,QSO,SDSS_DR18_SPECTROSCOPY,ZWARNING_0_SCIENCEPRIMARY
TRD007890,200.62969,-0.19015152,QSO,SDSS_DR18_SPECTROSCOPY,ZWARNING_0_SCIENCEPRIMARY
TRD007891,200.56175,0.90554632,QSO,SDSS_DR18_SPECTROSCOPY,ZWARNING_0_SCIENCEPRIMARY
TRD007892,200.92939,1.2182483,QSO,SDSS_DR18_SPECTROSCOPY,ZWARNING_0_SCIENCEPRIMARY
TRD007893,200.41484,0.39934806,QSO,SDSS_DR18_SPECTROSCOPY,ZWARNING_0_SCIENCEPRIMARY
TRD007894,201.31664,0.5705234,QSO,SDSS_DR18_SPECTROSCOPY,ZWARNING_0_SCIENCEPRIMARY
TRD007895,201.47964,1.2399115,QSO,SDSS_DR18_SPECTROSCOPY,ZWARNING_0_SCIENCEPRIMARY
TRD007896,201.43125,0.69557251,QSO,SDSS_DR18_SPECTROSCOPY,ZWARNING_0_SCIENCEPRIMARY
TRD007897,201.96021,0.19910925,QSO,SDSS_DR18_SPECTROSCOPY,ZWARNING_0_SCIENCEPRIMARY
TRD007898,201.79639,1.1693494,QSO,SDSS_DR18_SPECTROSCOPY,ZWARNING_0_SCIENCEPRIMARY
TRD007899,201.85021,1.189952,QSO,SDSS_DR18_SPECTROSCOPY,ZWARNING_0_SCIENCEPRIMARY
TRD007900,201.8235,0.96362494,QSO,SDSS_DR18_SPECTROSCOPY,ZWARNING_0_SCIENCEPRIMARY
TRD007901,202.05041,0.94535196,QSO,SDSS_DR18_SPECTROSCOPY,ZWARNING_0_SCIENCEPRIMARY
TRD007902,202.7182,0.53839234,QSO,SDSS_DR18_SPECTROSCOPY,ZWARNING_0_SCIENCEPRIMARY
TRD007903,202.80133,0.27705661,QSO,SDSS_DR18_SPECTROSCOPY,ZWARNING_0_SCIENCEPRIMARY
TRD007904,204.32674,-0.080801638,QSO,SDSS_DR18_SPECTROSCOPY,ZWARNING_0_SCIENCEPRIMARY
TRD007905,203.85838,-1.007818,QSO,SDSS_DR18_SPECTROSCOPY,ZWARNING_0_SCIENCEPRIMARY
TRD007906,203.80598,-0.77809555,QSO,SDSS_DR18_SPECTROSCOPY,ZWARNING_0_SCIENCEPRIMARY
TRD007907,204.20461,-0.34926536,QSO,SDSS_DR18_SPECTROSCOPY,ZWARNING_0_SCIENCEPRIMARY
TRD007908,204.11747,-0.55762436,QSO,SDSS_DR18_SPECTROSCOPY,ZWARNING_0_SCIENCEPRIMARY
TRD007909,204.14021,-0.66012215,QSO,SDSS_DR18_SPECTROSCOPY,ZWARNING_0_SCIENCEPRIMARY
TRD007910,203.88459,-0.037971737,QSO,SDSS_DR18_SPECTROSCOPY,ZWARNING_0_SCIENCEPRIMARY
TRD007911,203.45942,-0.66303373,QSO,SDSS_DR18_SPECTROSCOPY,ZWARNING_0_SCIENCEPRIMARY
TRD007912,203.60184,-0.54241422,QSO,SDSS_DR18_SPECTROSCOPY,ZWARNING_0_SCIENCEPRIMARY
TRD007913,202.95803,-0.27364015,QSO,SDSS_DR18_SPECTROSCOPY,ZWARNING_0_SCIENCEPRIMARY
TRD007914,202.86649,0.031393848,QSO,SDSS_DR18_SPECTROSCOPY,ZWARNING_0_SCIENCEPRIMARY
TRD007915,203.1126,-0.52947068,QSO,SDSS_DR18_SPECTROSCOPY,ZWARNING_0_SCIENCEPRIMARY
TRD007916,203.12953,-0.3883761,QSO,SDSS_DR18_SPECTROSCOPY,ZWARNING_0_SCIENCEPRIMARY
TRD007917,202.77209,-0.95883402,QSO,SDSS_DR18_SPECTROSCOPY,ZWARNING_0_SCIENCEPRIMARY
TRD007918,203.09106,-0.78775789,QSO,SDSS_DR18_SPECTROSCOPY,ZWARNING_0_SCIENCEPRIMARY
TRD007919,202.57027,-0.45867802,QSO,SDSS_DR18_SPECTROSCOPY,ZWARNING_0_SCIENCEPRIMARY
TRD007920,202.82758,-0.39007063,QSO,SDSS_DR18_SPECTROSCOPY,ZWARNING_0_SCIENCEPRIMARY
TRD007921,202.666,-0.17658074,QSO,SDSS_DR18_SPECTROSCOPY,ZWARNING_0_SCIENCEPRIMARY
TRD007922,202.65439,-0.75817848,QSO,SDSS_DR18_SPECTROSCOPY,ZWARNING_0_SCIENCEPRIMARY
TRD007923,202.30423,-0.56491778,QSO,SDSS_DR18_SPECTROSCOPY,ZWARNING_0_SCIENCEPRIMARY
TRD007924,202.29442,-0.31681908,QSO,SDSS_DR18_SPECTROSCOPY,ZWARNING_0_SCIENCEPRIMARY
TRD007925,202.68666,1.19979,QSO,SDSS_DR18_SPECTROSCOPY,ZWARNING_0_SCIENCEPRIMARY
TRD007926,202.85805,0.73723734,QSO,SDSS_DR18_SPECTROSCOPY,ZWARNING_0_SCIENCEPRIMARY
TRD007927,203.04533,0.98767801,QSO,SDSS_DR18_SPECTROSCOPY,ZWARNING_0_SCIENCEPRIMARY
TRD007928,203.06612,0.90191054,QSO,SDSS_DR18_SPECTROSCOPY,ZWARNING_0_SCIENCEPRIMARY
TRD007929,203.08745,0.22100921,QSO,SDSS_DR18_SPECTROSCOPY,ZWARNING_0_SCIENCEPRIMARY
TRD007930,203.17094,1.0437796,QSO,SDSS_DR18_SPECTROSCOPY,ZWARNING_0_SCIENCEPRIMARY
TRD007931,203.17976,1.0295256,QSO,SDSS_DR18_SPECTROSCOPY,ZWARNING_0_SCIENCEPRIMARY
TRD007932,203.34127,0.97342116,QSO,SDSS_DR18_SPECTROSCOPY,ZWARNING_0_SCIENCEPRIMARY
TRD007933,203.3311,0.11278942,QSO,SDSS_DR18_SPECTROSCOPY,ZWARNING_0_SCIENCEPRIMARY
TRD007934,203.48344,0.20809703,QSO,SDSS_DR18_SPECTROSCOPY,ZWARNING_0_SCIENCEPRIMARY
TRD007935,203.26398,0.08094598,QSO,SDSS_DR18_SPECTROSCOPY,ZWARNING_0_SCIENCEPRIMARY
TRD007936,203.81449,0.16426459,QSO,SDSS_DR18_SPECTROSCOPY,ZWARNING_0_SCIENCEPRIMARY
TRD007937,203.81342,1.0908508,QSO,SDSS_DR18_SPECTROSCOPY,ZWARNING_0_SCIENCEPRIMARY
TRD007938,203.71013,1.0386142,QSO,SDSS_DR18_SPECTROSCOPY,ZWARNING_0_SCIENCEPRIMARY
TRD007939,204.34412,0.63649222,QSO,SDSS_DR18_SPECTROSCOPY,ZWARNING_0_SCIENCEPRIMARY
TRD007940,204.3603,0.97464749,QSO,SDSS_DR18_SPECTROSCOPY,ZWARNING_0_SCIENCEPRIMARY
TRD007941,204.57736,0.82105067,QSO,SDSS_DR18_SPECTROSCOPY,ZWARNING_0_SCIENCEPRIMARY
TRD007942,204.77553,0.69387392,QSO,SDSS_DR18_SPECTROSCOPY,ZWARNING_0_SCIENCEPRIMARY
TRD007943,204.36641,1.1096918,QSO,SDSS_DR18_SPECTROSCOPY,ZWARNING_0_SCIENCEPRIMARY
TRD007944,204.91258,0.17269283,QSO,SDSS_DR18_SPECTROSCOPY,ZWARNING_0_SCIENCEPRIMARY
TRD007945,204.93904,0.16280814,QSO,SDSS_DR18_SPECTROSCOPY,ZWARNING_0_SCIENCEPRIMARY
TRD007946,206.20046,-0.88248161,QSO,SDSS_DR18_SPECTROSCOPY,ZWARNING_0_SCIENCEPRIMARY
TRD007947,205.82687,-0.99267032,QSO,SDSS_DR18_SPECTROSCOPY,ZWARNING_0_SCIENCEPRIMARY
TRD007948,205.56447,-1.0141469,QSO,SDSS_DR18_SPECTROSCOPY,ZWARNING_0_SCIENCEPRIMARY
TRD007949,205.71502,-0.89591448,QSO,SDSS_DR18_SPECTROSCOPY,ZWARNING_0_SCIENCEPRIMARY
TRD007950,205.6349,-0.53084745,QSO,SDSS_DR18_SPECTROSCOPY,ZWARNING_0_SCIENCEPRIMARY
TRD007951,205.64045,-0.19668134,QSO,SDSS_DR18_SPECTROSCOPY,ZWARNING_0_SCIENCEPRIMARY
TRD007952,205.69275,-0.59547611,QSO,SDSS_DR18_SPECTROSCOPY,ZWARNING_0_SCIENCEPRIMARY
TRD007953,205.85769,-0.27005673,QSO,SDSS_DR18_SPECTROSCOPY,ZWARNING_0_SCIENCEPRIMARY
TRD007954,205.46,-0.96488594,QSO,SDSS_DR18_SPECTROSCOPY,ZWARNING_0_SCIENCEPRIMARY
TRD007955,205.43803,-0.60867019,QSO,SDSS_DR18_SPECTROSCOPY,ZWARNING_0_SCIENCEPRIMARY
TRD007956,205.38906,-0.40891866,QSO,SDSS_DR18_SPECTROSCOPY,ZWARNING_0_SCIENCEPRIMARY
TRD007957,205.24685,-0.32914754,QSO,SDSS_DR18_SPECTROSCOPY,ZWARNING_0_SCIENCEPRIMARY
TRD007958,204.93545,-0.24767501,QSO,SDSS_DR18_SPECTROSCOPY,ZWARNING_0_SCIENCEPRIMARY
TRD007959,205.08184,-1.0027832,QSO,SDSS_DR18_SPECTROSCOPY,ZWARNING_0_SCIENCEPRIMARY
TRD007960,205.1855,-0.75464552,QSO,SDSS_DR18_SPECTROSCOPY,ZWARNING_0_SCIENCEPRIMARY
TRD007961,204.42402,-0.93004797,QSO,SDSS_DR18_SPECTROSCOPY,ZWARNING_0_SCIENCEPRIMARY
TRD007962,204.72934,-1.0416363,QSO,SDSS_DR18_SPECTROSCOPY,ZWARNING_0_SCIENCEPRIMARY
TRD007963,204.83833,-1.0360949,QSO,SDSS_DR18_SPECTROSCOPY,ZWARNING_0_SCIENCEPRIMARY
TRD007964,204.30284,-0.65784324,QSO,SDSS_DR18_SPECTROSCOPY,ZWARNING_0_SCIENCEPRIMARY
TRD007965,204.1469,-0.35177838,QSO,SDSS_DR18_SPECTROSCOPY,ZWARNING_0_SCIENCEPRIMARY
TRD007966,204.23049,-0.17127343,QSO,SDSS_DR18_SPECTROSCOPY,ZWARNING_0_SCIENCEPRIMARY
TRD007967,204.54046,1.1884348,QSO,SDSS_DR18_SPECTROSCOPY,ZWARNING_0_SCIENCEPRIMARY
TRD007968,204.59079,0.39149641,QSO,SDSS_DR18_SPECTROSCOPY,ZWARNING_0_SCIENCEPRIMARY
TRD007969,204.73688,0.45513021,QSO,SDSS_DR18_SPECTROSCOPY,ZWARNING_0_SCIENCEPRIMARY
TRD007970,205.16286,0.83226902,QSO,SDSS_DR18_SPECTROSCOPY,ZWARNING_0_SCIENCEPRIMARY
TRD007971,205.1307,0.25208959,QSO,SDSS_DR18_SPECTROSCOPY,ZWARNING_0_SCIENCEPRIMARY
TRD007972,205.06353,0.00075399873,QSO,SDSS_DR18_SPECTROSCOPY,ZWARNING_0_SCIENCEPRIMARY
TRD007973,205.47596,0.99686724,QSO,SDSS_DR18_SPECTROSCOPY,ZWARNING_0_SCIENCEPRIMARY
TRD007974,205.43312,1.2234026,QSO,SDSS_DR18_SPECTROSCOPY,ZWARNING_0_SCIENCEPRIMARY
TRD007975,205.36417,0.3473545,QSO,SDSS_DR18_SPECTROSCOPY,ZWARNING_0_SCIENCEPRIMARY
TRD007976,205.39846,-0.016454989,QSO,SDSS_DR18_SPECTROSCOPY,ZWARNING_0_SCIENCEPRIMARY
TRD007977,205.48696,0.50289955,QSO,SDSS_DR18_SPECTROSCOPY,ZWARNING_0_SCIENCEPRIMARY
TRD007978,205.73551,0.015921282,QSO,SDSS_DR18_SPECTROSCOPY,ZWARNING_0_SCIENCEPRIMARY
TRD007979,206.22046,0.088969194,QSO,SDSS_DR18_SPECTROSCOPY,ZWARNING_0_SCIENCEPRIMARY
TRD007980,205.96999,1.0026725,QSO,SDSS_DR18_SPECTROSCOPY,ZWARNING_0_SCIENCEPRIMARY
TRD007981,208.19865,-1.0561309,QSO,SDSS_DR18_SPECTROSCOPY,ZWARNING_0_SCIENCEPRIMARY
TRD007982,208.56577,-0.53034599,QSO,SDSS_DR18_SPECTROSCOPY,ZWARNING_0_SCIENCEPRIMARY
TRD007983,208.0694,-0.77571253,QSO,SDSS_DR18_SPECTROSCOPY,ZWARNING_0_SCIENCEPRIMARY
TRD007984,207.8936,-0.61449292,QSO,SDSS_DR18_SPECTROSCOPY,ZWARNING_0_SCIENCEPRIMARY
TRD007985,208.02274,-0.37767151,QSO,SDSS_DR18_SPECTROSCOPY,ZWARNING_0_SCIENCEPRIMARY
TRD007986,207.93365,-0.08469019,QSO,SDSS_DR18_SPECTROSCOPY,ZWARNING_0_SCIENCEPRIMARY
TRD007987,207.62129,-0.94798787,QSO,SDSS_DR18_SPECTROSCOPY,ZWARNING_0_SCIENCEPRIMARY
TRD007988,207.68614,-1.1498243,QSO,SDSS_DR18_SPECTROSCOPY,ZWARNING_0_SCIENCEPRIMARY
TRD007989,207.7411,-0.7320362,QSO,SDSS_DR18_SPECTROSCOPY,ZWARNING_0_SCIENCEPRIMARY
TRD007990,207.86187,-0.19899727,QSO,SDSS_DR18_SPECTROSCOPY,ZWARNING_0_SCIENCEPRIMARY
TRD007991,207.45515,-1.2288995,QSO,SDSS_DR18_SPECTROSCOPY,ZWARNING_0_SCIENCEPRIMARY
TRD007992,207.45163,-1.1060617,QSO,SDSS_DR18_SPECTROSCOPY,ZWARNING_0_SCIENCEPRIMARY
TRD007993,207.39295,-0.68412902,QSO,SDSS_DR18_SPECTROSCOPY,ZWARNING_0_SCIENCEPRIMARY
TRD007994,207.428,-0.24869152,QSO,SDSS_DR18_SPECTROSCOPY,ZWARNING_0_SCIENCEPRIMARY
TRD007995,207.51208,0.0011055967,QSO,SDSS_DR18_SPECTROSCOPY,ZWARNING_0_SCIENCEPRIMARY
TRD007996,207.22935,-0.13079152,QSO,SDSS_DR18_SPECTROSCOPY,ZWARNING_0_SCIENCEPRIMARY
TRD007997,207.05454,-0.51272304,QSO,SDSS_DR18_SPECTROSCOPY,ZWARNING_0_SCIENCEPRIMARY
TRD007998,207.34219,-0.11602785,QSO,SDSS_DR18_SPECTROSCOPY,ZWARNING_0_SCIENCEPRIMARY
TRD007999,207.1631,-0.25322003,QSO,SDSS_DR18_SPECTROSCOPY,ZWARNING_0_SCIENCEPRIMARY
TRD008000,207.07609,-0.4116883,QSO,SDSS_DR18_SPECTROSCOPY,ZWARNING_0_SCIENCEPRIMARY
TRD008001,206.91159,-0.036416062,QSO,SDSS_DR18_SPECTROSCOPY,ZWARNING_0_SCIENCEPRIMARY
TRD008002,206.96548,-0.25516084,QSO,SDSS_DR18_SPECTROSCOPY,ZWARNING_0_SCIENCEPRIMARY
TRD008003,207.11191,-0.99552881,QSO,SDSS_DR18_SPECTROSCOPY,ZWARNING_0_SCIENCEPRIMARY
TRD008004,206.65692,-0.33774505,QSO,SDSS_DR18_SPECTROSCOPY,ZWARNING_0_SCIENCEPRIMARY
TRD008005,206.28308,-0.31690829,QSO,SDSS_DR18_SPECTROSCOPY,ZWARNING_0_SCIENCEPRIMARY
TRD008006,206.24771,-0.26653267,QSO,SDSS_DR18_SPECTROSCOPY,ZWARNING_0_SCIENCEPRIMARY
TRD008007,206.11394,-0.72821004,QSO,SDSS_DR18_SPECTROSCOPY,ZWARNING_0_SCIENCEPRIMARY
TRD008008,205.96278,0.076331759,QSO,SDSS_DR18_SPECTROSCOPY,ZWARNING_0_SCIENCEPRIMARY
TRD008009,206.10814,-0.015592944,QSO,SDSS_DR18_SPECTROSCOPY,ZWARNING_0_SCIENCEPRIMARY
TRD008010,206.351,0.87587792,QSO,SDSS_DR18_SPECTROSCOPY,ZWARNING_0_SCIENCEPRIMARY
TRD008011,205.84858,0.20649074,QSO,SDSS_DR18_SPECTROSCOPY,ZWARNING_0_SCIENCEPRIMARY
TRD008012,206.82392,0.69090074,QSO,SDSS_DR18_SPECTROSCOPY,ZWARNING_0_SCIENCEPRIMARY
TRD008013,206.7331,0.95020888,QSO,SDSS_DR18_SPECTROSCOPY,ZWARNING_0_SCIENCEPRIMARY
TRD008014,206.35912,0.48262204,QSO,SDSS_DR18_SPECTROSCOPY,ZWARNING_0_SCIENCEPRIMARY
TRD008015,206.95035,1.2470826,QSO,SDSS_DR18_SPECTROSCOPY,ZWARNING_0_SCIENCEPRIMARY
TRD008016,206.98204,0.78183538,QSO,SDSS_DR18_SPECTROSCOPY,ZWARNING_0_SCIENCEPRIMARY
TRD008017,207.04952,0.6721212,QSO,SDSS_DR18_SPECTROSCOPY,ZWARNING_0_SCIENCEPRIMARY
TRD008018,206.84017,0.4705971,QSO,SDSS_DR18_SPECTROSCOPY,ZWARNING_0_SCIENCEPRIMARY
TRD008019,207.14574,1.1072849,QSO,SDSS_DR18_SPECTROSCOPY,ZWARNING_0_SCIENCEPRIMARY
TRD008020,207.17199,0.1497032,QSO,SDSS_DR18_SPECTROSCOPY,ZWARNING_0_SCIENCEPRIMARY
TRD008021,207.22677,0.49818417,QSO,SDSS_DR18_SPECTROSCOPY,ZWARNING_0_SCIENCEPRIMARY
TRD008022,207.26053,0.36542269,QSO,SDSS_DR18_SPECTROSCOPY,ZWARNING_0_SCIENCEPRIMARY
TRD008023,207.84073,0.28032927,QSO,SDSS_DR18_SPECTROSCOPY,ZWARNING_0_SCIENCEPRIMARY
TRD008024,207.70382,0.25613197,QSO,SDSS_DR18_SPECTROSCOPY,ZWARNING_0_SCIENCEPRIMARY
TRD008025,207.86799,1.0607326,QSO,SDSS_DR18_SPECTROSCOPY,ZWARNING_0_SCIENCEPRIMARY
TRD008026,208.21727,0.6329522,QSO,SDSS_DR18_SPECTROSCOPY,ZWARNING_0_SCIENCEPRIMARY
TRD008027,210.70052,-0.82333383,QSO,SDSS_DR18_SPECTROSCOPY,ZWARNING_0_SCIENCEPRIMARY
TRD008028,210.0694,-1.1394925,QSO,SDSS_DR18_SPECTROSCOPY,ZWARNING_0_SCIENCEPRIMARY
TRD008029,210.08223,-0.7966538,QSO,SDSS_DR18_SPECTROSCOPY,ZWARNING_0_SCIENCEPRIMARY
TRD008030,210.26379,-0.84184435,QSO,SDSS_DR18_SPECTROSCOPY,ZWARNING_0_SCIENCEPRIMARY
TRD008031,209.96288,-0.71402306,QSO,SDSS_DR18_SPECTROSCOPY,ZWARNING_0_SCIENCEPRIMARY
TRD008032,210.10992,-0.18406474,QSO,SDSS_DR18_SPECTROSCOPY,ZWARNING_0_SCIENCEPRIMARY
TRD008033,209.68573,-1.1819887,QSO,SDSS_DR18_SPECTROSCOPY,ZWARNING_0_SCIENCEPRIMARY
TRD008034,209.46151,-1.1727837,QSO,SDSS_DR18_SPECTROSCOPY,ZWARNING_0_SCIENCEPRIMARY
TRD008035,209.92166,-0.33758009,QSO,SDSS_DR18_SPECTROSCOPY,ZWARNING_0_SCIENCEPRIMARY
TRD008036,209.92974,-0.57345347,QSO,SDSS_DR18_SPECTROSCOPY,ZWARNING_0_SCIENCEPRIMARY
TRD008037,210.05068,-0.58599193,QSO,SDSS_DR18_SPECTROSCOPY,ZWARNING_0_SCIENCEPRIMARY
TRD008038,209.84133,-0.4450357,QSO,SDSS_DR18_SPECTROSCOPY,ZWARNING_0_SCIENCEPRIMARY
TRD008039,209.01463,-1.0727671,QSO,SDSS_DR18_SPECTROSCOPY,ZWARNING_0_SCIENCEPRIMARY
TRD008040,208.85691,-0.96129406,QSO,SDSS_DR18_SPECTROSCOPY,ZWARNING_0_SCIENCEPRIMARY
TRD008041,209.02257,-1.0067979,QSO,SDSS_DR18_SPECTROSCOPY,ZWARNING_0_SCIENCEPRIMARY
TRD008042,208.73859,-0.56843663,QSO,SDSS_DR18_SPECTROSCOPY,ZWARNING_0_SCIENCEPRIMARY
TRD008043,208.89329,-0.14493596,QSO,SDSS_DR18_SPECTROSCOPY,ZWARNING_0_SCIENCEPRIMARY
TRD008044,208.77229,-0.33421122,QSO,SDSS_DR18_SPECTROSCOPY,ZWARNING_0_SCIENCEPRIMARY
TRD008045,208.21166,-0.32887682,QSO,SDSS_DR18_SPECTROSCOPY,ZWARNING_0_SCIENCEPRIMARY
TRD008046,208.60515,-0.23279563,QSO,SDSS_DR18_SPECTROSCOPY,ZWARNING_0_SCIENCEPRIMARY
TRD008047,208.19985,-0.39768086,QSO,SDSS_DR18_SPECTROSCOPY,ZWARNING_0_SCIENCEPRIMARY
TRD008048,208.89927,0.70363028,QSO,SDSS_DR18_SPECTROSCOPY,ZWARNING_0_SCIENCEPRIMARY
TRD008049,208.74489,1.0789432,QSO,SDSS_DR18_SPECTROSCOPY,ZWARNING_0_SCIENCEPRIMARY
TRD008050,208.9592,0.68739117,QSO,SDSS_DR18_SPECTROSCOPY,ZWARNING_0_SCIENCEPRIMARY
TRD008051,209.09708,0.74089106,QSO,SDSS_DR18_SPECTROSCOPY,ZWARNING_0_SCIENCEPRIMARY
TRD008052,208.81091,0.199279,QSO,SDSS_DR18_SPECTROSCOPY,ZWARNING_0_SCIENCEPRIMARY
TRD008053,209.31089,0.86658281,QSO,SDSS_DR18_SPECTROSCOPY,ZWARNING_0_SCIENCEPRIMARY
TRD008054,209.34074,0.9170136,QSO,SDSS_DR18_SPECTROSCOPY,ZWARNING_0_SCIENCEPRIMARY
TRD008055,209.52257,0.7140188,QSO,SDSS_DR18_SPECTROSCOPY,ZWARNING_0_SCIENCEPRIMARY
TRD008056,209.42855,0.83998045,QSO,SDSS_DR18_SPECTROSCOPY,ZWARNING_0_SCIENCEPRIMARY
TRD008057,208.97458,0.19379121,QSO,SDSS_DR18_SPECTROSCOPY,ZWARNING_0_SCIENCEPRIMARY
TRD008058,208.88816,0.39948905,QSO,SDSS_DR18_SPECTROSCOPY,ZWARNING_0_SCIENCEPRIMARY
TRD008059,208.86048,0.2772395,QSO,SDSS_DR18_SPECTROSCOPY,ZWARNING_0_SCIENCEPRIMARY
TRD008060,209.63078,1.0608933,QSO,SDSS_DR18_SPECTROSCOPY,ZWARNING_0_SCIENCEPRIMARY
TRD008061,209.62325,1.1523482,QSO,SDSS_DR18_SPECTROSCOPY,ZWARNING_0_SCIENCEPRIMARY
TRD008062,209.3233,0.33694704,QSO,SDSS_DR18_SPECTROSCOPY,ZWARNING_0_SCIENCEPRIMARY
TRD008063,209.32101,0.12641692,QSO,SDSS_DR18_SPECTROSCOPY,ZWARNING_0_SCIENCEPRIMARY
TRD008064,209.26614,0.087703289,QSO,SDSS_DR18_SPECTROSCOPY,ZWARNING_0_SCIENCEPRIMARY
TRD008065,209.36034,0.26176017,QSO,SDSS_DR18_SPECTROSCOPY,ZWARNING_0_SCIENCEPRIMARY
TRD008066,209.79043,0.30452417,QSO,SDSS_DR18_SPECTROSCOPY,ZWARNING_0_SCIENCEPRIMARY
TRD008067,209.78337,0.45889862,QSO,SDSS_DR18_SPECTROSCOPY,ZWARNING_0_SCIENCEPRIMARY
TRD008068,209.92328,0.14773296,QSO,SDSS_DR18_SPECTROSCOPY,ZWARNING_0_SCIENCEPRIMARY
TRD008069,209.88223,0.9167616,QSO,SDSS_DR18_SPECTROSCOPY,ZWARNING_0_SCIENCEPRIMARY
TRD008070,210.12558,0.36905672,QSO,SDSS_DR18_SPECTROSCOPY,ZWARNING_0_SCIENCEPRIMARY
TRD008071,210.30014,0.6331453,QSO,SDSS_DR18_SPECTROSCOPY,ZWARNING_0_SCIENCEPRIMARY
TRD008072,210.27033,0.72575915,QSO,SDSS_DR18_SPECTROSCOPY,ZWARNING_0_SCIENCEPRIMARY
TRD008073,210.14465,0.79263293,QSO,SDSS_DR18_SPECTROSCOPY,ZWARNING_0_SCIENCEPRIMARY
TRD008074,210.72191,0.48923804,QSO,SDSS_DR18_SPECTROSCOPY,ZWARNING_0_SCIENCEPRIMARY
TRD008075,210.61338,0.31879806,QSO,SDSS_DR18_SPECTROSCOPY,ZWARNING_0_SCIENCEPRIMARY
TRD008076,210.64029,0.88377147,QSO,SDSS_DR18_SPECTROSCOPY,ZWARNING_0_SCIENCEPRIMARY
TRD008077,210.54514,1.0227274,QSO,SDSS_DR18_SPECTROSCOPY,ZWARNING_0_SCIENCEPRIMARY
TRD008078,213.07776,-0.54001686,QSO,SDSS_DR18_SPECTROSCOPY,ZWARNING_0_SCIENCEPRIMARY
TRD008079,212.99456,-0.65382519,QSO,SDSS_DR18_SPECTROSCOPY,ZWARNING_0_SCIENCEPRIMARY
TRD008080,212.98328,-0.34859127,QSO,SDSS_DR18_SPECTROSCOPY,ZWARNING_0_SCIENCEPRIMARY
TRD008081,212.39612,-1.0796389,QSO,SDSS_DR18_SPECTROSCOPY,ZWARNING_0_SCIENCEPRIMARY
TRD008082,212.44351,-0.98419591,QSO,SDSS_DR18_SPECTROSCOPY,ZWARNING_0_SCIENCEPRIMARY
TRD008083,212.23035,-1.2551472,QSO,SDSS_DR18_SPECTROSCOPY,ZWARNING_0_SCIENCEPRIMARY
TRD008084,212.13852,-1.0824992,QSO,SDSS_DR18_SPECTROSCOPY,ZWARNING_0_SCIENCEPRIMARY
TRD008085,212.62644,-0.70879191,QSO,SDSS_DR18_SPECTROSCOPY,ZWARNING_0_SCIENCEPRIMARY
TRD008086,212.56401,-0.23857872,QSO,SDSS_DR18_SPECTROSCOPY,ZWARNING_0_SCIENCEPRIMARY
TRD008087,212.57693,-0.68317988,QSO,SDSS_DR18_SPECTROSCOPY,ZWARNING_0_SCIENCEPRIMARY
TRD008088,212.69885,-0.43189067,QSO,SDSS_DR18_SPECTROSCOPY,ZWARNING_0_SCIENCEPRIMARY
TRD008089,211.81731,-1.0173738,QSO,SDSS_DR18_SPECTROSCOPY,ZWARNING_0_SCIENCEPRIMARY
TRD008090,212.35845,-0.23752542,QSO,SDSS_DR18_SPECTROSCOPY,ZWARNING_0_SCIENCEPRIMARY
TRD008091,211.97471,-0.5051763,QSO,SDSS_DR18_SPECTROSCOPY,ZWARNING_0_SCIENCEPRIMARY
TRD008092,211.98459,-0.55367487,QSO,SDSS_DR18_SPECTROSCOPY,ZWARNING_0_SCIENCEPRIMARY
TRD008093,212.03247,-0.38170703,QSO,SDSS_DR18_SPECTROSCOPY,ZWARNING_0_SCIENCEPRIMARY
TRD008094,211.67769,-0.66940995,QSO,SDSS_DR18_SPECTROSCOPY,ZWARNING_0_SCIENCEPRIMARY
TRD008095,211.93328,-0.43232563,QSO,SDSS_DR18_SPECTROSCOPY,ZWARNING_0_SCIENCEPRIMARY
TRD008096,211.57299,-1.0492584,QSO,SDSS_DR18_SPECTROSCOPY,ZWARNING_0_SCIENCEPRIMARY
TRD008097,211.79414,-0.82090636,QSO,SDSS_DR18_SPECTROSCOPY,ZWARNING_0_SCIENCEPRIMARY
TRD008098,211.62543,-0.32765233,QSO,SDSS_DR18_SPECTROSCOPY,ZWARNING_0_SCIENCEPRIMARY
TRD008099,211.2879,-0.11459264,QSO,SDSS_DR18_SPECTROSCOPY,ZWARNING_0_SCIENCEPRIMARY
TRD008100,210.3513,-0.17144159,QSO,SDSS_DR18_SPECTROSCOPY,ZWARNING_0_SCIENCEPRIMARY
TRD008101,211.05051,-0.22361027,QSO,SDSS_DR18_SPECTROSCOPY,ZWARNING_0_SCIENCEPRIMARY
TRD008102,211.13692,1.1383929,QSO,SDSS_DR18_SPECTROSCOPY,ZWARNING_0_SCIENCEPRIMARY
TRD008103,210.75179,1.0452405,QSO,SDSS_DR18_SPECTROSCOPY,ZWARNING_0_SCIENCEPRIMARY
TRD008104,211.23359,0.66496063,QSO,SDSS_DR18_SPECTROSCOPY,ZWARNING_0_SCIENCEPRIMARY
TRD008105,211.17167,0.66242368,QSO,SDSS_DR18_SPECTROSCOPY,ZWARNING_0_SCIENCEPRIMARY
TRD008106,211.30374,0.083932683,QSO,SDSS_DR18_SPECTROSCOPY,ZWARNING_0_SCIENCEPRIMARY
TRD008107,211.63081,1.0009213,QSO,SDSS_DR18_SPECTROSCOPY,ZWARNING_0_SCIENCEPRIMARY
TRD008108,211.58448,0.17087408,QSO,SDSS_DR18_SPECTROSCOPY,ZWARNING_0_SCIENCEPRIMARY
TRD008109,211.83543,0.84908478,QSO,SDSS_DR18_SPECTROSCOPY,ZWARNING_0_SCIENCEPRIMARY
TRD008110,211.84652,0.47566235,QSO,SDSS_DR18_SPECTROSCOPY,ZWARNING_0_SCIENCEPRIMARY
TRD008111,212.13603,0.52737042,QSO,SDSS_DR18_SPECTROSCOPY,ZWARNING_0_SCIENCEPRIMARY
TRD008112,212.39628,0.3523154,QSO,SDSS_DR18_SPECTROSCOPY,ZWARNING_0_SCIENCEPRIMARY
TRD008113,212.51527,0.21395063,QSO,SDSS_DR18_SPECTROSCOPY,ZWARNING_0_SCIENCEPRIMARY
TRD008114,212.12976,1.1473467,QSO,SDSS_DR18_SPECTROSCOPY,ZWARNING_0_SCIENCEPRIMARY
TRD008115,212.11519,0.80422919,QSO,SDSS_DR18_SPECTROSCOPY,ZWARNING_0_SCIENCEPRIMARY
TRD008116,212.18242,0.79175645,QSO,SDSS_DR18_SPECTROSCOPY,ZWARNING_0_SCIENCEPRIMARY
TRD008117,212.65972,0.28994715,QSO,SDSS_DR18_SPECTROSCOPY,ZWARNING_0_SCIENCEPRIMARY
TRD008118,212.37382,1.2405908,QSO,SDSS_DR18_SPECTROSCOPY,ZWARNING_0_SCIENCEPRIMARY
TRD008119,212.90705,0.23923019,QSO,SDSS_DR18_SPECTROSCOPY,ZWARNING_0_SCIENCEPRIMARY
TRD008120,212.82996,0.86637441,QSO,SDSS_DR18_SPECTROSCOPY,ZWARNING_0_SCIENCEPRIMARY
TRD008121,214.41261,-1.0127027,QSO,SDSS_DR18_SPECTROSCOPY,ZWARNING_0_SCIENCEPRIMARY
TRD008122,214.15911,-0.89798357,QSO,SDSS_DR18_SPECTROSCOPY,ZWARNING_0_SCIENCEPRIMARY
TRD008123,213.86771,-1.0875114,QSO,SDSS_DR18_SPECTROSCOPY,ZWARNING_0_SCIENCEPRIMARY
TRD008124,214.03529,-0.62007259,QSO,SDSS_DR18_SPECTROSCOPY,ZWARNING_0_SCIENCEPRIMARY
TRD008125,213.94029,-0.73045091,QSO,SDSS_DR18_SPECTROSCOPY,ZWARNING_0_SCIENCEPRIMARY
TRD008126,213.83123,-0.50599616,QSO,SDSS_DR18_SPECTROSCOPY,ZWARNING_0_SCIENCEPRIMARY
TRD008127,213.86985,-0.4425745,QSO,SDSS_DR18_SPECTROSCOPY,ZWARNING_0_SCIENCEPRIMARY
TRD008128,213.62935,-0.51194509,QSO,SDSS_DR18_SPECTROSCOPY,ZWARNING_0_SCIENCEPRIMARY
TRD008129,213.30285,-0.75222055,QSO,SDSS_DR18_SPECTROSCOPY,ZWARNING_0_SCIENCEPRIMARY
TRD008130,213.36339,-0.24309385,QSO,SDSS_DR18_SPECTROSCOPY,ZWARNING_0_SCIENCEPRIMARY
TRD008131,213.14449,-0.58334184,QSO,SDSS_DR18_SPECTROSCOPY,ZWARNING_0_SCIENCEPRIMARY
TRD008132,213.14737,0.68447868,QSO,SDSS_DR18_SPECTROSCOPY,ZWARNING_0_SCIENCEPRIMARY
TRD008133,213.51303,0.98357397,QSO,SDSS_DR18_SPECTROSCOPY,ZWARNING_0_SCIENCEPRIMARY
TRD008134,213.26135,0.88994357,QSO,SDSS_DR18_SPECTROSCOPY,ZWARNING_0_SCIENCEPRIMARY
TRD008135,213.29295,0.66902824,QSO,SDSS_DR18_SPECTROSCOPY,ZWARNING_0_SCIENCEPRIMARY
TRD008136,213.8326,0.39176692,QSO,SDSS_DR18_SPECTROSCOPY,ZWARNING_0_SCIENCEPRIMARY
TRD008137,213.83153,0.092781327,QSO,SDSS_DR18_SPECTROSCOPY,ZWARNING_0_SCIENCEPRIMARY
TRD008138,213.79227,-0.11965932,QSO,SDSS_DR18_SPECTROSCOPY,ZWARNING_0_SCIENCEPRIMARY
TRD008139,214.08128,0.45916091,QSO,SDSS_DR18_SPECTROSCOPY,ZWARNING_0_SCIENCEPRIMARY
TRD008140,214.22639,-0.088930656,QSO,SDSS_DR18_SPECTROSCOPY,ZWARNING_0_SCIENCEPRIMARY
TRD008141,214.15601,0.56453605,QSO,SDSS_DR18_SPECTROSCOPY,ZWARNING_0_SCIENCEPRIMARY
TRD008142,214.3385,0.95396695,QSO,SDSS_DR18_SPECTROSCOPY,ZWARNING_0_SCIENCEPRIMARY
TRD008143,214.87152,0.2639621,QSO,SDSS_DR18_SPECTROSCOPY,ZWARNING_0_SCIENCEPRIMARY
TRD008144,214.80822,-0.015309604,QSO,SDSS_DR18_SPECTROSCOPY,ZWARNING_0_SCIENCEPRIMARY
TRD008145,215.79316,-0.5455802,QSO,SDSS_DR18_SPECTROSCOPY,ZWARNING_0_SCIENCEPRIMARY
TRD008146,215.97224,-0.27476891,QSO,SDSS_DR18_SPECTROSCOPY,ZWARNING_0_SCIENCEPRIMARY
TRD008147,215.96671,-0.11810915,QSO,SDSS_DR18_SPECTROSCOPY,ZWARNING_0_SCIENCEPRIMARY
TRD008148,215.45193,-0.85559926,QSO,SDSS_DR18_SPECTROSCOPY,ZWARNING_0_SCIENCEPRIMARY
TRD008149,215.56063,-0.48761645,QSO,SDSS_DR18_SPECTROSCOPY,ZWARNING_0_SCIENCEPRIMARY
TRD008150,215.21029,-0.90719588,QSO,SDSS_DR18_SPECTROSCOPY,ZWARNING_0_SCIENCEPRIMARY
TRD008151,215.20975,-0.43141483,QSO,SDSS_DR18_SPECTROSCOPY,ZWARNING_0_SCIENCEPRIMARY
TRD008152,215.3503,-0.56518073,QSO,SDSS_DR18_SPECTROSCOPY,ZWARNING_0_SCIENCEPRIMARY
TRD008153,214.95765,-0.11213203,QSO,SDSS_DR18_SPECTROSCOPY,ZWARNING_0_SCIENCEPRIMARY
TRD008154,214.83764,-0.61472231,QSO,SDSS_DR18_SPECTROSCOPY,ZWARNING_0_SCIENCEPRIMARY
TRD008155,215.05151,-0.75994829,QSO,SDSS_DR18_SPECTROSCOPY,ZWARNING_0_SCIENCEPRIMARY
TRD008156,214.96504,-0.76831747,QSO,SDSS_DR18_SPECTROSCOPY,ZWARNING_0_SCIENCEPRIMARY
TRD008157,214.5847,-0.99825887,QSO,SDSS_DR18_SPECTROSCOPY,ZWARNING_0_SCIENCEPRIMARY
TRD008158,214.60331,-0.841723,QSO,SDSS_DR18_SPECTROSCOPY,ZWARNING_0_SCIENCEPRIMARY
TRD008159,214.23643,-0.8392451,QSO,SDSS_DR18_SPECTROSCOPY,ZWARNING_0_SCIENCEPRIMARY
TRD008160,213.85724,-1.2313172,QSO,SDSS_DR18_SPECTROSCOPY,ZWARNING_0_SCIENCEPRIMARY
TRD008161,213.53873,-0.86889684,QSO,SDSS_DR18_SPECTROSCOPY,ZWARNING_0_SCIENCEPRIMARY
TRD008162,214.59547,-0.015150014,QSO,SDSS_DR18_SPECTROSCOPY,ZWARNING_0_SCIENCEPRIMARY
TRD008163,214.94605,0.98478148,QSO,SDSS_DR18_SPECTROSCOPY,ZWARNING_0_SCIENCEPRIMARY
TRD008164,215.04365,0.57222017,QSO,SDSS_DR18_SPECTROSCOPY,ZWARNING_0_SCIENCEPRIMARY
TRD008165,215.04837,0.62001581,QSO,SDSS_DR18_SPECTROSCOPY,ZWARNING_0_SCIENCEPRIMARY
TRD008166,214.90663,-0.025686317,QSO,SDSS_DR18_SPECTROSCOPY,ZWARNING_0_SCIENCEPRIMARY
TRD008167,215.20717,0.54692338,QSO,SDSS_DR18_SPECTROSCOPY,ZWARNING_0_SCIENCEPRIMARY
TRD008168,215.35053,-0.037936295,QSO,SDSS_DR18_SPECTROSCOPY,ZWARNING_0_SCIENCEPRIMARY
TRD008169,215.22133,0.24723455,QSO,SDSS_DR18_SPECTROSCOPY,ZWARNING_0_SCIENCEPRIMARY
TRD008170,215.72215,-0.030268376,QSO,SDSS_DR18_SPECTROSCOPY,ZWARNING_0_SCIENCEPRIMARY
TRD008171,215.52125,-0.022432203,QSO,SDSS_DR18_SPECTROSCOPY,ZWARNING_0_SCIENCEPRIMARY
TRD008172,215.97287,0.22712732,QSO,SDSS_DR18_SPECTROSCOPY,ZWARNING_0_SCIENCEPRIMARY
TRD008173,217.62591,-0.18752293,QSO,SDSS_DR18_SPECTROSCOPY,ZWARNING_0_SCIENCEPRIMARY
TRD008174,217.08579,-0.89673135,QSO,SDSS_DR18_SPECTROSCOPY,ZWARNING_0_SCIENCEPRIMARY
TRD008175,217.01887,-1.0370719,QSO,SDSS_DR18_SPECTROSCOPY,ZWARNING_0_SCIENCEPRIMARY
TRD008176,216.5613,-0.73115005,QSO,SDSS_DR18_SPECTROSCOPY,ZWARNING_0_SCIENCEPRIMARY
TRD008177,217.00081,-0.17411867,QSO,SDSS_DR18_SPECTROSCOPY,ZWARNING_0_SCIENCEPRIMARY
TRD008178,216.36045,-0.73932574,QSO,SDSS_DR18_SPECTROSCOPY,ZWARNING_0_SCIENCEPRIMARY
TRD008179,216.83589,-0.19168273,QSO,SDSS_DR18_SPECTROSCOPY,ZWARNING_0_SCIENCEPRIMARY
TRD008180,216.93124,-0.070423601,QSO,SDSS_DR18_SPECTROSCOPY,ZWARNING_0_SCIENCEPRIMARY
TRD008181,216.50091,-0.45010209,QSO,SDSS_DR18_SPECTROSCOPY,ZWARNING_0_SCIENCEPRIMARY
TRD008182,216.40515,-0.61796586,QSO,SDSS_DR18_SPECTROSCOPY,ZWARNING_0_SCIENCEPRIMARY
TRD008183,216.12843,-0.97738956,QSO,SDSS_DR18_SPECTROSCOPY,ZWARNING_0_SCIENCEPRIMARY
TRD008184,216.04968,-0.99716529,QSO,SDSS_DR18_SPECTROSCOPY,ZWARNING_0_SCIENCEPRIMARY
TRD008185,216.17169,-0.1242018,QSO,SDSS_DR18_SPECTROSCOPY,ZWARNING_0_SCIENCEPRIMARY
TRD008186,216.14186,-0.63312669,QSO,SDSS_DR18_SPECTROSCOPY,ZWARNING_0_SCIENCEPRIMARY
TRD008187,216.20669,-0.38552693,QSO,SDSS_DR18_SPECTROSCOPY,ZWARNING_0_SCIENCEPRIMARY
TRD008188,215.97272,-0.96642062,QSO,SDSS_DR18_SPECTROSCOPY,ZWARNING_0_SCIENCEPRIMARY
TRD008189,216.2045,-1.147658,QSO,SDSS_DR18_SPECTROSCOPY,ZWARNING_0_SCIENCEPRIMARY
TRD008190,215.77557,-0.85961788,QSO,SDSS_DR18_SPECTROSCOPY,ZWARNING_0_SCIENCEPRIMARY
TRD008191,215.95605,-0.64584242,QSO,SDSS_DR18_SPECTROSCOPY,ZWARNING_0_SCIENCEPRIMARY
TRD008192,216.01034,1.0248207,QSO,SDSS_DR18_SPECTROSCOPY,ZWARNING_0_SCIENCEPRIMARY
TRD008193,216.56168,0.69984773,QSO,SDSS_DR18_SPECTROSCOPY,ZWARNING_0_SCIENCEPRIMARY
TRD008194,216.44129,0.37854224,QSO,SDSS_DR18_SPECTROSCOPY,ZWARNING_0_SCIENCEPRIMARY
TRD008195,216.94498,0.47908477,QSO,SDSS_DR18_SPECTROSCOPY,ZWARNING_0_SCIENCEPRIMARY
TRD008196,216.70325,0.88983017,QSO,SDSS_DR18_SPECTROSCOPY,ZWARNING_0_SCIENCEPRIMARY
TRD008197,216.7121,0.86409689,QSO,SDSS_DR18_SPECTROSCOPY,ZWARNING_0_SCIENCEPRIMARY
TRD008198,216.71916,1.1515152,QSO,SDSS_DR18_SPECTROSCOPY,ZWARNING_0_SCIENCEPRIMARY
TRD008199,216.52254,1.2361137,QSO,SDSS_DR18_SPECTROSCOPY,ZWARNING_0_SCIENCEPRIMARY
TRD008200,217.0138,0.94754055,QSO,SDSS_DR18_SPECTROSCOPY,ZWARNING_0_SCIENCEPRIMARY
TRD008201,217.69177,0.2476283,QSO,SDSS_DR18_SPECTROSCOPY,ZWARNING_0_SCIENCEPRIMARY
TRD008202,217.78746,0.12365272,QSO,SDSS_DR18_SPECTROSCOPY,ZWARNING_0_SCIENCEPRIMARY
TRD008203,219.1186,-0.64450478,QSO,SDSS_DR18_SPECTROSCOPY,ZWARNING_0_SCIENCEPRIMARY
TRD008204,219.1034,-0.48481219,QSO,SDSS_DR18_SPECTROSCOPY,ZWARNING_0_SCIENCEPRIMARY
TRD008205,219.09862,-0.416503,QSO,SDSS_DR18_SPECTROSCOPY,ZWARNING_0_SCIENCEPRIMARY
TRD008206,218.92785,-0.0949691,QSO,SDSS_DR18_SPECTROSCOPY,ZWARNING_0_SCIENCEPRIMARY
TRD008207,218.6696,-0.32936138,QSO,SDSS_DR18_SPECTROSCOPY,ZWARNING_0_SCIENCEPRIMARY
TRD008208,218.72695,-0.36478715,QSO,SDSS_DR18_SPECTROSCOPY,ZWARNING_0_SCIENCEPRIMARY
TRD008209,218.59436,-0.15844024,QSO,SDSS_DR18_SPECTROSCOPY,ZWARNING_0_SCIENCEPRIMARY
TRD008210,218.12913,-0.87470527,QSO,SDSS_DR18_SPECTROSCOPY,ZWARNING_0_SCIENCEPRIMARY
TRD008211,217.93252,-0.83650732,QSO,SDSS_DR18_SPECTROSCOPY,ZWARNING_0_SCIENCEPRIMARY
TRD008212,218.18517,-0.98753177,QSO,SDSS_DR18_SPECTROSCOPY,ZWARNING_0_SCIENCEPRIMARY
TRD008213,217.99318,-0.71777107,QSO,SDSS_DR18_SPECTROSCOPY,ZWARNING_0_SCIENCEPRIMARY
TRD008214,218.12999,-0.62855036,QSO,SDSS_DR18_SPECTROSCOPY,ZWARNING_0_SCIENCEPRIMARY
TRD008215,218.09626,-0.021213525,QSO,SDSS_DR18_SPECTROSCOPY,ZWARNING_0_SCIENCEPRIMARY
TRD008216,218.23066,-0.51922784,QSO,SDSS_DR18_SPECTROSCOPY,ZWARNING_0_SCIENCEPRIMARY
TRD008217,217.85913,-0.59091625,QSO,SDSS_DR18_SPECTROSCOPY,ZWARNING_0_SCIENCEPRIMARY
TRD008218,217.78687,-0.25307036,QSO,SDSS_DR18_SPECTROSCOPY,ZWARNING_0_SCIENCEPRIMARY
TRD008219,217.7569,-0.71434374,QSO,SDSS_DR18_SPECTROSCOPY,ZWARNING_0_SCIENCEPRIMARY
TRD008220,217.72515,-0.60760738,QSO,SDSS_DR18_SPECTROSCOPY,ZWARNING_0_SCIENCEPRIMARY
TRD008221,217.52297,-1.2226962,QSO,SDSS_DR18_SPECTROSCOPY,ZWARNING_0_SCIENCEPRIMARY
TRD008222,217.61527,-0.93746153,QSO,SDSS_DR18_SPECTROSCOPY,ZWARNING_0_SCIENCEPRIMARY
TRD008223,217.53826,-0.88868355,QSO,SDSS_DR18_SPECTROSCOPY,ZWARNING_0_SCIENCEPRIMARY
TRD008224,217.45277,-1.2145277,QSO,SDSS_DR18_SPECTROSCOPY,ZWARNING_0_SCIENCEPRIMARY
TRD008225,217.39584,-0.76211707,QSO,SDSS_DR18_SPECTROSCOPY,ZWARNING_0_SCIENCEPRIMARY
TRD008226,216.89103,-0.17828571,QSO,SDSS_DR18_SPECTROSCOPY,ZWARNING_0_SCIENCEPRIMARY
TRD008227,216.9753,-1.2467477,QSO,SDSS_DR18_SPECTROSCOPY,ZWARNING_0_SCIENCEPRIMARY
TRD008228,217.30714,-0.73807002,QSO,SDSS_DR18_SPECTROSCOPY,ZWARNING_0_SCIENCEPRIMARY
TRD008229,216.86105,-0.33055761,QSO,SDSS_DR18_SPECTROSCOPY,ZWARNING_0_SCIENCEPRIMARY
TRD008230,216.76124,-0.22914414,QSO,SDSS_DR18_SPECTROSCOPY,ZWARNING_0_SCIENCEPRIMARY
TRD008231,216.48496,-0.30521958,QSO,SDSS_DR18_SPECTROSCOPY,ZWARNING_0_SCIENCEPRIMARY
TRD008232,216.74406,-0.3489854,QSO,SDSS_DR18_SPECTROSCOPY,ZWARNING_0_SCIENCEPRIMARY
TRD008233,217.47704,0.39098588,QSO,SDSS_DR18_SPECTROSCOPY,ZWARNING_0_SCIENCEPRIMARY
TRD008234,217.45901,0.053926921,QSO,SDSS_DR18_SPECTROSCOPY,ZWARNING_0_SCIENCEPRIMARY
TRD008235,217.95589,1.2416372,QSO,SDSS_DR18_SPECTROSCOPY,ZWARNING_0_SCIENCEPRIMARY
TRD008236,217.74521,0.58485493,QSO,SDSS_DR18_SPECTROSCOPY,ZWARNING_0_SCIENCEPRIMARY
TRD008237,217.80448,0.50087397,QSO,SDSS_DR18_SPECTROSCOPY,ZWARNING_0_SCIENCEPRIMARY
TRD008238,217.85015,0.38409216,QSO,SDSS_DR18_SPECTROSCOPY,ZWARNING_0_SCIENCEPRIMARY
TRD008239,218.07513,0.42486328,QSO,SDSS_DR18_SPECTROSCOPY,ZWARNING_0_SCIENCEPRIMARY
TRD008240,218.32779,0.7627868,QSO,SDSS_DR18_SPECTROSCOPY,ZWARNING_0_SCIENCEPRIMARY
TRD008241,218.31828,0.86268207,QSO,SDSS_DR18_SPECTROSCOPY,ZWARNING_0_SCIENCEPRIMARY
TRD008242,219.17186,0.26635823,QSO,SDSS_DR18_SPECTROSCOPY,ZWARNING_0_SCIENCEPRIMARY
TRD008243,219.26717,0.11807156,QSO,SDSS_DR18_SPECTROSCOPY,ZWARNING_0_SCIENCEPRIMARY
TRD008244,219.00662,0.34499251,QSO,SDSS_DR18_SPECTROSCOPY,ZWARNING_0_SCIENCEPRIMARY
TRD008245,220.38924,-1.2199891,QSO,SDSS_DR18_SPECTROSCOPY,ZWARNING_0_SCIENCEPRIMARY
TRD008246,220.74963,-0.62358904,QSO,SDSS_DR18_SPECTROSCOPY,ZWARNING_0_SCIENCEPRIMARY
TRD008247,220.43625,-0.27293646,QSO,SDSS_DR18_SPECTROSCOPY,ZWARNING_0_SCIENCEPRIMARY
TRD008248,219.81875,-0.77530816,QSO,SDSS_DR18_SPECTROSCOPY,ZWARNING_0_SCIENCEPRIMARY
TRD008249,220.1007,-0.17736136,QSO,SDSS_DR18_SPECTROSCOPY,ZWARNING_0_SCIENCEPRIMARY
TRD008250,219.87301,-0.18846503,QSO,SDSS_DR18_SPECTROSCOPY,ZWARNING_0_SCIENCEPRIMARY
TRD008251,219.69809,-0.13483641,QSO,SDSS_DR18_SPECTROSCOPY,ZWARNING_0_SCIENCEPRIMARY
TRD008252,219.67406,-0.6619962,QSO,SDSS_DR18_SPECTROSCOPY,ZWARNING_0_SCIENCEPRIMARY
TRD008253,219.4509,-1.2434067,QSO,SDSS_DR18_SPECTROSCOPY,ZWARNING_0_SCIENCEPRIMARY
TRD008254,219.25504,-1.0716845,QSO,SDSS_DR18_SPECTROSCOPY,ZWARNING_0_SCIENCEPRIMARY
TRD008255,219.21488,-0.63765202,QSO,SDSS_DR18_SPECTROSCOPY,ZWARNING_0_SCIENCEPRIMARY
TRD008256,219.36586,-0.39542898,QSO,SDSS_DR18_SPECTROSCOPY,ZWARNING_0_SCIENCEPRIMARY
TRD008257,219.2091,-1.2078122,QSO,SDSS_DR18_SPECTROSCOPY,ZWARNING_0_SCIENCEPRIMARY
TRD008258,219.18776,-0.86403115,QSO,SDSS_DR18_SPECTROSCOPY,ZWARNING_0_SCIENCEPRIMARY
TRD008259,219.07908,-0.44804976,QSO,SDSS_DR18_SPECTROSCOPY,ZWARNING_0_SCIENCEPRIMARY
TRD008260,219.03069,-1.2073746,QSO,SDSS_DR18_SPECTROSCOPY,ZWARNING_0_SCIENCEPRIMARY
TRD008261,218.79564,-0.63945891,QSO,SDSS_DR18_SPECTROSCOPY,ZWARNING_0_SCIENCEPRIMARY
TRD008262,218.51964,-0.67484571,QSO,SDSS_DR18_SPECTROSCOPY,ZWARNING_0_SCIENCEPRIMARY
TRD008263,218.71972,-0.47446255,QSO,SDSS_DR18_SPECTROSCOPY,ZWARNING_0_SCIENCEPRIMARY
TRD008264,218.58404,0.58011746,QSO,SDSS_DR18_SPECTROSCOPY,ZWARNING_0_SCIENCEPRIMARY
TRD008265,218.94389,0.07122058,QSO,SDSS_DR18_SPECTROSCOPY,ZWARNING_0_SCIENCEPRIMARY
TRD008266,219.04206,0.0037910002,QSO,SDSS_DR18_SPECTROSCOPY,ZWARNING_0_SCIENCEPRIMARY
TRD008267,219.08351,-0.020272658,QSO,SDSS_DR18_SPECTROSCOPY,ZWARNING_0_SCIENCEPRIMARY
TRD008268,219.66518,0.44107157,QSO,SDSS_DR18_SPECTROSCOPY,ZWARNING_0_SCIENCEPRIMARY
TRD008269,219.58196,0.47185273,QSO,SDSS_DR18_SPECTROSCOPY,ZWARNING_0_SCIENCEPRIMARY
TRD008270,219.50539,0.36111137,QSO,SDSS_DR18_SPECTROSCOPY,ZWARNING_0_SCIENCEPRIMARY
TRD008271,219.86766,0.26053675,QSO,SDSS_DR18_SPECTROSCOPY,ZWARNING_0_SCIENCEPRIMARY
TRD008272,220.03646,0.27509103,QSO,SDSS_DR18_SPECTROSCOPY,ZWARNING_0_SCIENCEPRIMARY
TRD008273,220.15024,0.44410248,QSO,SDSS_DR18_SPECTROSCOPY,ZWARNING_0_SCIENCEPRIMARY
TRD008274,220.12809,0.28121741,QSO,SDSS_DR18_SPECTROSCOPY,ZWARNING_0_SCIENCEPRIMARY
TRD008275,220.41513,0.88059427,QSO,SDSS_DR18_SPECTROSCOPY,ZWARNING_0_SCIENCEPRIMARY
TRD008276,220.2877,0.2512652,QSO,SDSS_DR18_SPECTROSCOPY,ZWARNING_0_SCIENCEPRIMARY
TRD008277,220.6982,0.92556676,QSO,SDSS_DR18_SPECTROSCOPY,ZWARNING_0_SCIENCEPRIMARY
TRD008278,220.55957,0.96098431,QSO,SDSS_DR18_SPECTROSCOPY,ZWARNING_0_SCIENCEPRIMARY
TRD008279,221.12591,0.16369375,QSO,SDSS_DR18_SPECTROSCOPY,ZWARNING_0_SCIENCEPRIMARY
TRD008280,222.5807,-1.0747624,QSO,SDSS_DR18_SPECTROSCOPY,ZWARNING_0_SCIENCEPRIMARY
TRD008281,222.60818,-1.1086261,QSO,SDSS_DR18_SPECTROSCOPY,ZWARNING_0_SCIENCEPRIMARY
TRD008282,222.57994,-1.1131895,QSO,SDSS_DR18_SPECTROSCOPY,ZWARNING_0_SCIENCEPRIMARY
TRD008283,222.65928,-0.9668808,QSO,SDSS_DR18_SPECTROSCOPY,ZWARNING_0_SCIENCEPRIMARY
TRD008284,222.51949,-0.94625498,QSO,SDSS_DR18_SPECTROSCOPY,ZWARNING_0_SCIENCEPRIMARY
TRD008285,222.37704,-0.79621972,QSO,SDSS_DR18_SPECTROSCOPY,ZWARNING_0_SCIENCEPRIMARY
TRD008286,222.14504,-1.0796014,QSO,SDSS_DR18_SPECTROSCOPY,ZWARNING_0_SCIENCEPRIMARY
TRD008287,222.84365,-0.5614322,QSO,SDSS_DR18_SPECTROSCOPY,ZWARNING_0_SCIENCEPRIMARY
TRD008288,222.87637,-0.47516824,QSO,SDSS_DR18_SPECTROSCOPY,ZWARNING_0_SCIENCEPRIMARY
TRD008289,222.13192,-1.2108721,QSO,SDSS_DR18_SPECTROSCOPY,ZWARNING_0_SCIENCEPRIMARY
TRD008290,221.9935,-0.8486989,QSO,SDSS_DR18_SPECTROSCOPY,ZWARNING_0_SCIENCEPRIMARY
TRD008291,222.84591,-0.10720763,QSO,SDSS_DR18_SPECTROSCOPY,ZWARNING_0_SCIENCEPRIMARY
TRD008292,221.49812,-1.221569,QSO,SDSS_DR18_SPECTROSCOPY,ZWARNING_0_SCIENCEPRIMARY
TRD008293,222.05212,-0.51097978,QSO,SDSS_DR18_SPECTROSCOPY,ZWARNING_0_SCIENCEPRIMARY
TRD008294,221.89689,-0.54179731,QSO,SDSS_DR18_SPECTROSCOPY,ZWARNING_0_SCIENCEPRIMARY
TRD008295,221.69322,-0.52882105,QSO,SDSS_DR18_SPECTROSCOPY,ZWARNING_0_SCIENCEPRIMARY
TRD008296,221.57953,-0.80770947,QSO,SDSS_DR18_SPECTROSCOPY,ZWARNING_0_SCIENCEPRIMARY
TRD008297,221.43593,-0.28750015,QSO,SDSS_DR18_SPECTROSCOPY,ZWARNING_0_SCIENCEPRIMARY
TRD008298,221.40129,-1.1761461,QSO,SDSS_DR18_SPECTROSCOPY,ZWARNING_0_SCIENCEPRIMARY
TRD008299,221.10715,-0.64978104,QSO,SDSS_DR18_SPECTROSCOPY,ZWARNING_0_SCIENCEPRIMARY
TRD008300,220.78402,-0.82039434,QSO,SDSS_DR18_SPECTROSCOPY,ZWARNING_0_SCIENCEPRIMARY
TRD008301,220.86174,-1.1366799,QSO,SDSS_DR18_SPECTROSCOPY,ZWARNING_0_SCIENCEPRIMARY
TRD008302,220.83219,-1.0659794,QSO,SDSS_DR18_SPECTROSCOPY,ZWARNING_0_SCIENCEPRIMARY
TRD008303,220.75515,-1.1286277,QSO,SDSS_DR18_SPECTROSCOPY,ZWARNING_0_SCIENCEPRIMARY
TRD008304,220.6843,-1.1621391,QSO,SDSS_DR18_SPECTROSCOPY,ZWARNING_0_SCIENCEPRIMARY
TRD008305,220.84696,1.0974618,QSO,SDSS_DR18_SPECTROSCOPY,ZWARNING_0_SCIENCEPRIMARY
TRD008306,220.63422,0.51597223,QSO,SDSS_DR18_SPECTROSCOPY,ZWARNING_0_SCIENCEPRIMARY
TRD008307,220.3959,0.27313197,QSO,SDSS_DR18_SPECTROSCOPY,ZWARNING_0_SCIENCEPRIMARY
TRD008308,220.21212,0.15023882,QSO,SDSS_DR18_SPECTROSCOPY,ZWARNING_0_SCIENCEPRIMARY
TRD008309,220.99882,1.0849128,QSO,SDSS_DR18_SPECTROSCOPY,ZWARNING_0_SCIENCEPRIMARY
TRD008310,221.12268,1.1827716,QSO,SDSS_DR18_SPECTROSCOPY,ZWARNING_0_SCIENCEPRIMARY
TRD008311,220.97252,0.8833288,QSO,SDSS_DR18_SPECTROSCOPY,ZWARNING_0_SCIENCEPRIMARY
TRD008312,221.19204,0.82788139,QSO,SDSS_DR18_SPECTROSCOPY,ZWARNING_0_SCIENCEPRIMARY
TRD008313,221.60627,0.8748994,QSO,SDSS_DR18_SPECTROSCOPY,ZWARNING_0_SCIENCEPRIMARY
TRD008314,221.65376,0.78236787,QSO,SDSS_DR18_SPECTROSCOPY,ZWARNING_0_SCIENCEPRIMARY
TRD008315,221.58041,0.88831015,QSO,SDSS_DR18_SPECTROSCOPY,ZWARNING_0_SCIENCEPRIMARY
TRD008316,221.46311,-0.1140137,QSO,SDSS_DR18_SPECTROSCOPY,ZWARNING_0_SCIENCEPRIMARY
TRD008317,221.44242,0.10463454,QSO,SDSS_DR18_SPECTROSCOPY,ZWARNING_0_SCIENCEPRIMARY
TRD008318,221.60472,0.011479987,QSO,SDSS_DR18_SPECTROSCOPY,ZWARNING_0_SCIENCEPRIMARY
TRD008319,221.79481,0.37016169,QSO,SDSS_DR18_SPECTROSCOPY,ZWARNING_0_SCIENCEPRIMARY
TRD008320,221.77277,0.61479544,QSO,SDSS_DR18_SPECTROSCOPY,ZWARNING_0_SCIENCEPRIMARY
TRD008321,222.23629,0.25283507,QSO,SDSS_DR18_SPECTROSCOPY,ZWARNING_0_SCIENCEPRIMARY
TRD008322,222.15182,0.30484355,QSO,SDSS_DR18_SPECTROSCOPY,ZWARNING_0_SCIENCEPRIMARY
TRD008323,221.91741,1.0949669,QSO,SDSS_DR18_SPECTROSCOPY,ZWARNING_0_SCIENCEPRIMARY
TRD008324,221.94595,0.92169045,QSO,SDSS_DR18_SPECTROSCOPY,ZWARNING_0_SCIENCEPRIMARY
TRD008325,222.05568,0.65590659,QSO,SDSS_DR18_SPECTROSCOPY,ZWARNING_0_SCIENCEPRIMARY
TRD008326,221.92905,0.90251542,QSO,SDSS_DR18_SPECTROSCOPY,ZWARNING_0_SCIENCEPRIMARY
TRD008327,222.38627,0.37675752,QSO,SDSS_DR18_SPECTROSCOPY,ZWARNING_0_SCIENCEPRIMARY
TRD008328,222.51027,0.27482387,QSO,SDSS_DR18_SPECTROSCOPY,ZWARNING_0_SCIENCEPRIMARY
TRD008329,222.50244,0.21119788,QSO,SDSS_DR18_SPECTROSCOPY,ZWARNING_0_SCIENCEPRIMARY
TRD008330,222.30628,0.40192448,QSO,SDSS_DR18_SPECTROSCOPY,ZWARNING_0_SCIENCEPRIMARY
TRD008331,222.70806,0.028998988,QSO,SDSS_DR18_SPECTROSCOPY,ZWARNING_0_SCIENCEPRIMARY
TRD008332,222.31166,0.76227166,QSO,SDSS_DR18_SPECTROSCOPY,ZWARNING_0_SCIENCEPRIMARY
TRD008333,222.98018,0.089434048,QSO,SDSS_DR18_SPECTROSCOPY,ZWARNING_0_SCIENCEPRIMARY
TRD008334,224.38944,-1.2358644,QSO,SDSS_DR18_SPECTROSCOPY,ZWARNING_0_SCIENCEPRIMARY
TRD008335,224.74981,-0.25121723,QSO,SDSS_DR18_SPECTROSCOPY,ZWARNING_0_SCIENCEPRIMARY
TRD008336,224.76358,-0.38235147,QSO,SDSS_DR18_SPECTROSCOPY,ZWARNING_0_SCIENCEPRIMARY
TRD008337,224.12888,-1.0727055,QSO,SDSS_DR18_SPECTROSCOPY,ZWARNING_0_SCIENCEPRIMARY
TRD008338,224.34139,-0.62090849,QSO,SDSS_DR18_SPECTROSCOPY,ZWARNING_0_SCIENCEPRIMARY
TRD008339,224.46634,0.0031734724,QSO,SDSS_DR18_SPECTROSCOPY,ZWARNING_0_SCIENCEPRIMARY
TRD008340,224.05499,-0.61469921,QSO,SDSS_DR18_SPECTROSCOPY,ZWARNING_0_SCIENCEPRIMARY
TRD008341,223.97918,-0.62039965,QSO,SDSS_DR18_SPECTROSCOPY,ZWARNING_0_SCIENCEPRIMARY
TRD008342,224.13187,-0.18728151,QSO,SDSS_DR18_SPECTROSCOPY,ZWARNING_0_SCIENCEPRIMARY
TRD008343,223.65765,-0.6185116,QSO,SDSS_DR18_SPECTROSCOPY,ZWARNING_0_SCIENCEPRIMARY
TRD008344,223.90154,-0.011680514,QSO,SDSS_DR18_SPECTROSCOPY,ZWARNING_0_SCIENCEPRIMARY
TRD008345,223.72789,-0.087319644,QSO,SDSS_DR18_SPECTROSCOPY,ZWARNING_0_SCIENCEPRIMARY
TRD008346,223.49353,-0.58232487,QSO,SDSS_DR18_SPECTROSCOPY,ZWARNING_0_SCIENCEPRIMARY
TRD008347,223.40091,-0.54475908,QSO,SDSS_DR18_SPECTROSCOPY,ZWARNING_0_SCIENCEPRIMARY
TRD008348,223.53622,-0.80673654,QSO,SDSS_DR18_SPECTROSCOPY,ZWARNING_0_SCIENCEPRIMARY
TRD008349,223.21493,-1.0437936,QSO,SDSS_DR18_SPECTROSCOPY,ZWARNING_0_SCIENCEPRIMARY
TRD008350,223.02853,-1.2441174,QSO,SDSS_DR18_SPECTROSCOPY,ZWARNING_0_SCIENCEPRIMARY
TRD008351,222.87054,-0.94882487,QSO,SDSS_DR18_SPECTROSCOPY,ZWARNING_0_SCIENCEPRIMARY
TRD008352,222.41281,-0.2524811,QSO,SDSS_DR18_SPECTROSCOPY,ZWARNING_0_SCIENCEPRIMARY
TRD008353,222.50567,-0.14699377,QSO,SDSS_DR18_SPECTROSCOPY,ZWARNING_0_SCIENCEPRIMARY
TRD008354,222.4699,-0.74377753,QSO,SDSS_DR18_SPECTROSCOPY,ZWARNING_0_SCIENCEPRIMARY
TRD008355,222.81377,1.2354374,QSO,SDSS_DR18_SPECTROSCOPY,ZWARNING_0_SCIENCEPRIMARY
TRD008356,222.84602,1.0295764,QSO,SDSS_DR18_SPECTROSCOPY,ZWARNING_0_SCIENCEPRIMARY
TRD008357,222.28432,0.1400709,QSO,SDSS_DR18_SPECTROSCOPY,ZWARNING_0_SCIENCEPRIMARY
TRD008358,223.09009,0.39994943,QSO,SDSS_DR18_SPECTROSCOPY,ZWARNING_0_SCIENCEPRIMARY
TRD008359,223.0669,0.31223988,QSO,SDSS_DR18_SPECTROSCOPY,ZWARNING_0_SCIENCEPRIMARY
TRD008360,223.32553,0.86367993,QSO,SDSS_DR18_SPECTROSCOPY,ZWARNING_0_SCIENCEPRIMARY
TRD008361,223.37305,0.39933009,QSO,SDSS_DR18_SPECTROSCOPY,ZWARNING_0_SCIENCEPRIMARY
TRD008362,223.34909,0.4668402,QSO,SDSS_DR18_SPECTROSCOPY,ZWARNING_0_SCIENCEPRIMARY
TRD008363,223.40829,0.33630336,QSO,SDSS_DR18_SPECTROSCOPY,ZWARNING_0_SCIENCEPRIMARY
TRD008364,223.38755,0.49545883,QSO,SDSS_DR18_SPECTROSCOPY,ZWARNING_0_SCIENCEPRIMARY
TRD008365,223.53872,0.31060793,QSO,SDSS_DR18_SPECTROSCOPY,ZWARNING_0_SCIENCEPRIMARY
TRD008366,223.6768,0.64766369,QSO,SDSS_DR18_SPECTROSCOPY,ZWARNING_0_SCIENCEPRIMARY
TRD008367,223.54965,0.061525117,QSO,SDSS_DR18_SPECTROSCOPY,ZWARNING_0_SCIENCEPRIMARY
TRD008368,223.5064,0.1396303,QSO,SDSS_DR18_SPECTROSCOPY,ZWARNING_0_SCIENCEPRIMARY
TRD008369,223.69875,0.57675402,QSO,SDSS_DR18_SPECTROSCOPY,ZWARNING_0_SCIENCEPRIMARY
TRD008370,223.96556,0.45093805,QSO,SDSS_DR18_SPECTROSCOPY,ZWARNING_0_SCIENCEPRIMARY
TRD008371,223.91137,0.3772521,QSO,SDSS_DR18_SPECTROSCOPY,ZWARNING_0_SCIENCEPRIMARY
TRD008372,224.13928,0.098737546,QSO,SDSS_DR18_SPECTROSCOPY,ZWARNING_0_SCIENCEPRIMARY
TRD008373,224.14831,0.12597948,QSO,SDSS_DR18_SPECTROSCOPY,ZWARNING_0_SCIENCEPRIMARY
TRD008374,224.56345,0.65241517,QSO,SDSS_DR18_SPECTROSCOPY,ZWARNING_0_SCIENCEPRIMARY
TRD008375,224.40061,0.21084151,QSO,SDSS_DR18_SPECTROSCOPY,ZWARNING_0_SCIENCEPRIMARY
TRD008376,224.67302,0.13250331,QSO,SDSS_DR18_SPECTROSCOPY,ZWARNING_0_SCIENCEPRIMARY
TRD008377,224.40751,0.12131393,QSO,SDSS_DR18_SPECTROSCOPY,ZWARNING_0_SCIENCEPRIMARY
TRD008378,224.65853,0.40500742,QSO,SDSS_DR18_SPECTROSCOPY,ZWARNING_0_SCIENCEPRIMARY
TRD008379,226.7797,-0.97947116,QSO,SDSS_DR18_SPECTROSCOPY,ZWARNING_0_SCIENCEPRIMARY
TRD008380,227.1104,-0.50748629,QSO,SDSS_DR18_SPECTROSCOPY,ZWARNING_0_SCIENCEPRIMARY
TRD008381,227.10091,-0.10106663,QSO,SDSS_DR18_SPECTROSCOPY,ZWARNING_0_SCIENCEPRIMARY
TRD008382,226.31155,-1.2384219,QSO,SDSS_DR18_SPECTROSCOPY,ZWARNING_0_SCIENCEPRIMARY
TRD008383,225.99942,-0.99737822,QSO,SDSS_DR18_SPECTROSCOPY,ZWARNING_0_SCIENCEPRIMARY
TRD008384,226.84196,0.0049322598,QSO,SDSS_DR18_SPECTROSCOPY,ZWARNING_0_SCIENCEPRIMARY
TRD008385,225.81074,-0.15162877,QSO,SDSS_DR18_SPECTROSCOPY,ZWARNING_0_SCIENCEPRIMARY
TRD008386,226.16186,-0.31095161,QSO,SDSS_DR18_SPECTROSCOPY,ZWARNING_0_SCIENCEPRIMARY
TRD008387,225.83011,-1.1886806,QSO,SDSS_DR18_SPECTROSCOPY,ZWARNING_0_SCIENCEPRIMARY
TRD008388,225.46222,-0.9411193,QSO,SDSS_DR18_SPECTROSCOPY,ZWARNING_0_SCIENCEPRIMARY
TRD008389,225.52951,-0.75395396,QSO,SDSS_DR18_SPECTROSCOPY,ZWARNING_0_SCIENCEPRIMARY
TRD008390,225.69753,-0.41407363,QSO,SDSS_DR18_SPECTROSCOPY,ZWARNING_0_SCIENCEPRIMARY
TRD008391,225.48275,-0.33937473,QSO,SDSS_DR18_SPECTROSCOPY,ZWARNING_0_SCIENCEPRIMARY
TRD008392,225.42892,-1.1843105,QSO,SDSS_DR18_SPECTROSCOPY,ZWARNING_0_SCIENCEPRIMARY
TRD008393,225.18063,-0.97242914,QSO,SDSS_DR18_SPECTROSCOPY,ZWARNING_0_SCIENCEPRIMARY
TRD008394,225.33765,-1.0417165,QSO,SDSS_DR18_SPECTROSCOPY,ZWARNING_0_SCIENCEPRIMARY
TRD008395,225.27062,-1.1244414,QSO,SDSS_DR18_SPECTROSCOPY,ZWARNING_0_SCIENCEPRIMARY
TRD008396,225.21643,-0.50493048,QSO,SDSS_DR18_SPECTROSCOPY,ZWARNING_0_SCIENCEPRIMARY
TRD008397,225.10914,-0.9078707,QSO,SDSS_DR18_SPECTROSCOPY,ZWARNING_0_SCIENCEPRIMARY
TRD008398,224.81695,-0.22561974,QSO,SDSS_DR18_SPECTROSCOPY,ZWARNING_0_SCIENCEPRIMARY
TRD008399,225.07949,0.046950281,QSO,SDSS_DR18_SPECTROSCOPY,ZWARNING_0_SCIENCEPRIMARY
TRD008400,224.75536,0.35660293,QSO,SDSS_DR18_SPECTROSCOPY,ZWARNING_0_SCIENCEPRIMARY
TRD008401,224.80337,0.67222447,QSO,SDSS_DR18_SPECTROSCOPY,ZWARNING_0_SCIENCEPRIMARY
TRD008402,224.74238,0.49639435,QSO,SDSS_DR18_SPECTROSCOPY,ZWARNING_0_SCIENCEPRIMARY
TRD008403,224.81045,0.11354369,QSO,SDSS_DR18_SPECTROSCOPY,ZWARNING_0_SCIENCEPRIMARY
TRD008404,224.68292,0.079457126,QSO,SDSS_DR18_SPECTROSCOPY,ZWARNING_0_SCIENCEPRIMARY
TRD008405,225.14234,0.84326895,QSO,SDSS_DR18_SPECTROSCOPY,ZWARNING_0_SCIENCEPRIMARY
TRD008406,225.27677,0.34593072,QSO,SDSS_DR18_SPECTROSCOPY,ZWARNING_0_SCIENCEPRIMARY
TRD008407,225.59211,0.15918057,QSO,SDSS_DR18_SPECTROSCOPY,ZWARNING_0_SCIENCEPRIMARY
TRD008408,225.82666,0.50836139,QSO,SDSS_DR18_SPECTROSCOPY,ZWARNING_0_SCIENCEPRIMARY
TRD008409,225.6943,0.092101039,QSO,SDSS_DR18_SPECTROSCOPY,ZWARNING_0_SCIENCEPRIMARY
TRD008410,226.16589,0.15101861,QSO,SDSS_DR18_SPECTROSCOPY,ZWARNING_0_SCIENCEPRIMARY
TRD008411,226.01747,0.35693695,QSO,SDSS_DR18_SPECTROSCOPY,ZWARNING_0_SCIENCEPRIMARY
TRD008412,225.88728,0.22088043,QSO,SDSS_DR18_SPECTROSCOPY,ZWARNING_0_SCIENCEPRIMARY
TRD008413,226.32688,0.86768308,QSO,SDSS_DR18_SPECTROSCOPY,ZWARNING_0_SCIENCEPRIMARY
TRD008414,226.36381,0.93983098,QSO,SDSS_DR18_SPECTROSCOPY,ZWARNING_0_SCIENCEPRIMARY
TRD008415,226.62181,0.59532441,QSO,SDSS_DR18_SPECTROSCOPY,ZWARNING_0_SCIENCEPRIMARY
TRD008416,226.72894,0.66783732,QSO,SDSS_DR18_SPECTROSCOPY,ZWARNING_0_SCIENCEPRIMARY
TRD008417,226.63232,0.088363989,QSO,SDSS_DR18_SPECTROSCOPY,ZWARNING_0_SCIENCEPRIMARY
TRD008418,226.70706,1.0903986,QSO,SDSS_DR18_SPECTROSCOPY,ZWARNING_0_SCIENCEPRIMARY
TRD008419,226.83308,0.48472894,QSO,SDSS_DR18_SPECTROSCOPY,ZWARNING_0_SCIENCEPRIMARY
TRD008420,226.75651,1.1348475,QSO,SDSS_DR18_SPECTROSCOPY,ZWARNING_0_SCIENCEPRIMARY
TRD008421,226.90075,0.95042467,QSO,SDSS_DR18_SPECTROSCOPY,ZWARNING_0_SCIENCEPRIMARY
TRD008422,226.74288,0.72833478,QSO,SDSS_DR18_SPECTROSCOPY,ZWARNING_0_SCIENCEPRIMARY
TRD008423,228.31426,-0.4350961,QSO,SDSS_DR18_SPECTROSCOPY,ZWARNING_0_SCIENCEPRIMARY
TRD008424,228.41002,-0.4030486,QSO,SDSS_DR18_SPECTROSCOPY,ZWARNING_0_SCIENCEPRIMARY
TRD008425,228.55242,-0.053255431,QSO,SDSS_DR18_SPECTROSCOPY,ZWARNING_0_SCIENCEPRIMARY
TRD008426,228.52699,-0.0046994071,QSO,SDSS_DR18_SPECTROSCOPY,ZWARNING_0_SCIENCEPRIMARY
TRD008427,228.28029,-0.099825771,QSO,SDSS_DR18_SPECTROSCOPY,ZWARNING_0_SCIENCEPRIMARY
TRD008428,227.97515,-0.36768352,QSO,SDSS_DR18_SPECTROSCOPY,ZWARNING_0_SCIENCEPRIMARY
TRD008429,227.81006,-0.53663297,QSO,SDSS_DR18_SPECTROSCOPY,ZWARNING_0_SCIENCEPRIMARY
TRD008430,227.85726,-0.2333603,QSO,SDSS_DR18_SPECTROSCOPY,ZWARNING_0_SCIENCEPRIMARY
TRD008431,227.37557,0.095634952,QSO,SDSS_DR18_SPECTROSCOPY,ZWARNING_0_SCIENCEPRIMARY
TRD008432,227.37778,0.1517933,QSO,SDSS_DR18_SPECTROSCOPY,ZWARNING_0_SCIENCEPRIMARY
TRD008433,226.87299,0.12071195,QSO,SDSS_DR18_SPECTROSCOPY,ZWARNING_0_SCIENCEPRIMARY
TRD008434,226.9417,1.1259852,QSO,SDSS_DR18_SPECTROSCOPY,ZWARNING_0_SCIENCEPRIMARY
TRD008435,227.18124,1.1237936,QSO,SDSS_DR18_SPECTROSCOPY,ZWARNING_0_SCIENCEPRIMARY
TRD008436,227.36766,1.1843031,QSO,SDSS_DR18_SPECTROSCOPY,ZWARNING_0_SCIENCEPRIMARY
TRD008437,227.60385,0.97884339,QSO,SDSS_DR18_SPECTROSCOPY,ZWARNING_0_SCIENCEPRIMARY
TRD008438,227.73052,0.34094366,QSO,SDSS_DR18_SPECTROSCOPY,ZWARNING_0_SCIENCEPRIMARY
TRD008439,228.00818,0.36562072,QSO,SDSS_DR18_SPECTROSCOPY,ZWARNING_0_SCIENCEPRIMARY
TRD008440,227.73753,1.0732545,QSO,SDSS_DR18_SPECTROSCOPY,ZWARNING_0_SCIENCEPRIMARY
TRD008441,228.3017,0.32707969,QSO,SDSS_DR18_SPECTROSCOPY,ZWARNING_0_SCIENCEPRIMARY
TRD008442,228.08686,0.79591297,QSO,SDSS_DR18_SPECTROSCOPY,ZWARNING_0_SCIENCEPRIMARY
TRD008443,228.40234,0.99814974,QSO,SDSS_DR18_SPECTROSCOPY,ZWARNING_0_SCIENCEPRIMARY
TRD008444,228.54866,0.44219871,QSO,SDSS_DR18_SPECTROSCOPY,ZWARNING_0_SCIENCEPRIMARY
TRD008445,229.8935,-1.1781271,QSO,SDSS_DR18_SPECTROSCOPY,ZWARNING_0_SCIENCEPRIMARY
TRD008446,229.86451,-1.1248608,QSO,SDSS_DR18_SPECTROSCOPY,ZWARNING_0_SCIENCEPRIMARY
TRD008447,230.33591,-0.52821812,QSO,SDSS_DR18_SPECTROSCOPY,ZWARNING_0_SCIENCEPRIMARY
TRD008448,230.25471,-0.31668903,QSO,SDSS_DR18_SPECTROSCOPY,ZWARNING_0_SCIENCEPRIMARY
TRD008449,230.14729,-0.34444197,QSO,SDSS_DR18_SPECTROSCOPY,ZWARNING_0_SCIENCEPRIMARY
TRD008450,230.38458,-0.23585733,QSO,SDSS_DR18_SPECTROSCOPY,ZWARNING_0_SCIENCEPRIMARY
TRD008451,229.64397,-1.0903579,QSO,SDSS_DR18_SPECTROSCOPY,ZWARNING_0_SCIENCEPRIMARY
TRD008452,230.06515,-0.41708301,QSO,SDSS_DR18_SPECTROSCOPY,ZWARNING_0_SCIENCEPRIMARY
TRD008453,229.21956,-0.9763798,QSO,SDSS_DR18_SPECTROSCOPY,ZWARNING_0_SCIENCEPRIMARY
TRD008454,229.31546,-0.63601861,QSO,SDSS_DR18_SPECTROSCOPY,ZWARNING_0_SCIENCEPRIMARY
TRD008455,229.34681,-0.45257651,QSO,SDSS_DR18_SPECTROSCOPY,ZWARNING_0_SCIENCEPRIMARY
TRD008456,229.34382,-0.50076788,QSO,SDSS_DR18_SPECTROSCOPY,ZWARNING_0_SCIENCEPRIMARY
TRD008457,229.2358,-0.24411701,QSO,SDSS_DR18_SPECTROSCOPY,ZWARNING_0_SCIENCEPRIMARY
TRD008458,229.12584,-1.0192205,QSO,SDSS_DR18_SPECTROSCOPY,ZWARNING_0_SCIENCEPRIMARY
TRD008459,229.1674,-1.0368193,QSO,SDSS_DR18_SPECTROSCOPY,ZWARNING_0_SCIENCEPRIMARY
TRD008460,229.02978,-0.26219945,QSO,SDSS_DR18_SPECTROSCOPY,ZWARNING_0_SCIENCEPRIMARY
TRD008461,229.08501,-0.61152508,QSO,SDSS_DR18_SPECTROSCOPY,ZWARNING_0_SCIENCEPRIMARY
TRD008462,228.9123,-0.21133545,QSO,SDSS_DR18_SPECTROSCOPY,ZWARNING_0_SCIENCEPRIMARY
TRD008463,228.38938,-1.2012019,QSO,SDSS_DR18_SPECTROSCOPY,ZWARNING_0_SCIENCEPRIMARY
TRD008464,228.2683,-1.2160069,QSO,SDSS_DR18_SPECTROSCOPY,ZWARNING_0_SCIENCEPRIMARY
TRD008465,228.83082,-0.18425958,QSO,SDSS_DR18_SPECTROSCOPY,ZWARNING_0_SCIENCEPRIMARY
TRD008466,228.32586,1.1645862,QSO,SDSS_DR18_SPECTROSCOPY,ZWARNING_0_SCIENCEPRIMARY
TRD008467,228.8045,0.37745925,QSO,SDSS_DR18_SPECTROSCOPY,ZWARNING_0_SCIENCEPRIMARY
TRD008468,228.9651,0.051359411,QSO,SDSS_DR18_SPECTROSCOPY,ZWARNING_0_SCIENCEPRIMARY
TRD008469,229.00403,0.16380113,QSO,SDSS_DR18_SPECTROSCOPY,ZWARNING_0_SCIENCEPRIMARY
TRD008470,228.83565,0.7942775,QSO,SDSS_DR18_SPECTROSCOPY,ZWARNING_0_SCIENCEPRIMARY
TRD008471,229.07024,0.13456748,QSO,SDSS_DR18_SPECTROSCOPY,ZWARNING_0_SCIENCEPRIMARY
TRD008472,229.28176,1.0200476,QSO,SDSS_DR18_SPECTROSCOPY,ZWARNING_0_SCIENCEPRIMARY
TRD008473,229.16759,0.25050885,QSO,SDSS_DR18_SPECTROSCOPY,ZWARNING_0_SCIENCEPRIMARY
TRD008474,229.26031,0.6065773,QSO,SDSS_DR18_SPECTROSCOPY,ZWARNING_0_SCIENCEPRIMARY
TRD008475,229.20296,-0.13737885,QSO,SDSS_DR18_SPECTROSCOPY,ZWARNING_0_SCIENCEPRIMARY
TRD008476,229.37377,0.28126903,QSO,SDSS_DR18_SPECTROSCOPY,ZWARNING_0_SCIENCEPRIMARY
TRD008477,229.61837,0.88199652,QSO,SDSS_DR18_SPECTROSCOPY,ZWARNING_0_SCIENCEPRIMARY
TRD008478,229.52757,0.87553831,QSO,SDSS_DR18_SPECTROSCOPY,ZWARNING_0_SCIENCEPRIMARY
TRD008479,229.50794,0.8676064,QSO,SDSS_DR18_SPECTROSCOPY,ZWARNING_0_SCIENCEPRIMARY
TRD008480,229.73854,0.65791586,QSO,SDSS_DR18_SPECTROSCOPY,ZWARNING_0_SCIENCEPRIMARY
TRD008481,229.64287,1.1175784,QSO,SDSS_DR18_SPECTROSCOPY,ZWARNING_0_SCIENCEPRIMARY
TRD008482,229.69354,1.2308598,QSO,SDSS_DR18_SPECTROSCOPY,ZWARNING_0_SCIENCEPRIMARY
TRD008483,229.98572,0.27071861,QSO,SDSS_DR18_SPECTROSCOPY,ZWARNING_0_SCIENCEPRIMARY
TRD008484,230.29373,0.051260127,QSO,SDSS_DR18_SPECTROSCOPY,ZWARNING_0_SCIENCEPRIMARY
TRD008485,230.5157,0.19117172,QSO,SDSS_DR18_SPECTROSCOPY,ZWARNING_0_SCIENCEPRIMARY
TRD008486,231.87749,-0.67392018,QSO,SDSS_DR18_SPECTROSCOPY,ZWARNING_0_SCIENCEPRIMARY
TRD008487,232.16383,-0.37481736,QSO,SDSS_DR18_SPECTROSCOPY,ZWARNING_0_SCIENCEPRIMARY
TRD008488,232.0398,-0.012448652,QSO,SDSS_DR18_SPECTROSCOPY,ZWARNING_0_SCIENCEPRIMARY
TRD008489,231.61749,-0.63595171,QSO,SDSS_DR18_SPECTROSCOPY,ZWARNING_0_SCIENCEPRIMARY
TRD008490,232.06844,-0.55066842,QSO,SDSS_DR18_SPECTROSCOPY,ZWARNING_0_SCIENCEPRIMARY
TRD008491,231.97214,-0.089106231,QSO,SDSS_DR18_SPECTROSCOPY,ZWARNING_0_SCIENCEPRIMARY
TRD008492,231.21289,-0.59345505,QSO,SDSS_DR18_SPECTROSCOPY,ZWARNING_0_SCIENCEPRIMARY
TRD008493,231.72888,-0.54534639,QSO,SDSS_DR18_SPECTROSCOPY,ZWARNING_0_SCIENCEPRIMARY
TRD008494,231.70798,-0.42482137,QSO,SDSS_DR18_SPECTROSCOPY,ZWARNING_0_SCIENCEPRIMARY
TRD008495,231.84739,-0.42002524,QSO,SDSS_DR18_SPECTROSCOPY,ZWARNING_0_SCIENCEPRIMARY
TRD008496,231.0698,-0.062322764,QSO,SDSS_DR18_SPECTROSCOPY,ZWARNING_0_SCIENCEPRIMARY
TRD008497,230.81798,-0.69733814,QSO,SDSS_DR18_SPECTROSCOPY,ZWARNING_0_SCIENCEPRIMARY
TRD008498,230.80127,-0.92580903,QSO,SDSS_DR18_SPECTROSCOPY,ZWARNING_0_SCIENCEPRIMARY
TRD008499,231.10332,-0.94858442,QSO,SDSS_DR18_SPECTROSCOPY,ZWARNING_0_SCIENCEPRIMARY
TRD008500,230.95414,-0.78382296,QSO,SDSS_DR18_SPECTROSCOPY,ZWARNING_0_SCIENCEPRIMARY
TRD008501,230.87844,-0.41042059,QSO,SDSS_DR18_SPECTROSCOPY,ZWARNING_0_SCIENCEPRIMARY
TRD008502,230.60187,-1.1440345,QSO,SDSS_DR18_SPECTROSCOPY,ZWARNING_0_SCIENCEPRIMARY
TRD008503,230.67213,-0.70411902,QSO,SDSS_DR18_SPECTROSCOPY,ZWARNING_0_SCIENCEPRIMARY
TRD008504,230.25837,-0.1508961,QSO,SDSS_DR18_SPECTROSCOPY,ZWARNING_0_SCIENCEPRIMARY
TRD008505,230.00868,0.78094738,QSO,SDSS_DR18_SPECTROSCOPY,ZWARNING_0_SCIENCEPRIMARY
TRD008506,230.58919,0.83834129,QSO,SDSS_DR18_SPECTROSCOPY,ZWARNING_0_SCIENCEPRIMARY
TRD008507,230.87533,0.72616825,QSO,SDSS_DR18_SPECTROSCOPY,ZWARNING_0_SCIENCEPRIMARY
TRD008508,231.16713,0.54779936,QSO,SDSS_DR18_SPECTROSCOPY,ZWARNING_0_SCIENCEPRIMARY
TRD008509,232.07548,0.42446356,QSO,SDSS_DR18_SPECTROSCOPY,ZWARNING_0_SCIENCEPRIMARY
TRD008510,232.28131,0.28432499,QSO,SDSS_DR18_SPECTROSCOPY,ZWARNING_0_SCIENCEPRIMARY
TRD008511,232.06991,0.82670425,QSO,SDSS_DR18_SPECTROSCOPY,ZWARNING_0_SCIENCEPRIMARY
TRD008512,232.06875,0.36613931,QSO,SDSS_DR18_SPECTROSCOPY,ZWARNING_0_SCIENCEPRIMARY
TRD008513,232.18314,0.12792397,QSO,SDSS_DR18_SPECTROSCOPY,ZWARNING_0_SCIENCEPRIMARY
TRD008514,235.71752,-0.69403049,QSO,SDSS_DR18_SPECTROSCOPY,ZWARNING_0_SCIENCEPRIMARY
TRD008515,235.59287,-0.81842106,QSO,SDSS_DR18_SPECTROSCOPY,ZWARNING_0_SCIENCEPRIMARY
TRD008516,235.66664,-0.74080927,QSO,SDSS_DR18_SPECTROSCOPY,ZWARNING_0_SCIENCEPRIMARY
TRD008517,235.93447,-0.2478258,QSO,SDSS_DR18_SPECTROSCOPY,ZWARNING_0_SCIENCEPRIMARY
TRD008518,235.76778,-0.12350165,QSO,SDSS_DR18_SPECTROSCOPY,ZWARNING_0_SCIENCEPRIMARY
TRD008519,235.54043,-0.43606372,QSO,SDSS_DR18_SPECTROSCOPY,ZWARNING_0_SCIENCEPRIMARY
TRD008520,235.56077,-0.34953995,QSO,SDSS_DR18_SPECTROSCOPY,ZWARNING_0_SCIENCEPRIMARY
TRD008521,235.28109,-0.62112988,QSO,SDSS_DR18_SPECTROSCOPY,ZWARNING_0_SCIENCEPRIMARY
TRD008522,235.21689,-0.30627578,QSO,SDSS_DR18_SPECTROSCOPY,ZWARNING_0_SCIENCEPRIMARY
TRD008523,235.10455,0.0068543143,QSO,SDSS_DR18_SPECTROSCOPY,ZWARNING_0_SCIENCEPRIMARY
TRD008524,234.66573,-0.45047705,QSO,SDSS_DR18_SPECTROSCOPY,ZWARNING_0_SCIENCEPRIMARY
TRD008525,234.83735,-0.33141083,QSO,SDSS_DR18_SPECTROSCOPY,ZWARNING_0_SCIENCEPRIMARY
TRD008526,234.78113,-0.059951662,QSO,SDSS_DR18_SPECTROSCOPY,ZWARNING_0_SCIENCEPRIMARY
TRD008527,234.35748,-0.72953329,QSO,SDSS_DR18_SPECTROSCOPY,ZWARNING_0_SCIENCEPRIMARY
TRD008528,234.63264,-0.6444998,QSO,SDSS_DR18_SPECTROSCOPY,ZWARNING_0_SCIENCEPRIMARY
TRD008529,234.37696,-0.377,QSO,SDSS_DR18_SPECTROSCOPY,ZWARNING_0_SCIENCEPRIMARY
TRD008530,234.38139,0.0873998,QSO,SDSS_DR18_SPECTROSCOPY,ZWARNING_0_SCIENCEPRIMARY
TRD008531,233.92163,-0.2726997,QSO,SDSS_DR18_SPECTROSCOPY,ZWARNING_0_SCIENCEPRIMARY
TRD008532,234.28901,-0.51651988,QSO,SDSS_DR18_SPECTROSCOPY,ZWARNING_0_SCIENCEPRIMARY
TRD008533,233.29728,-0.7565748,QSO,SDSS_DR18_SPECTROSCOPY,ZWARNING_0_SCIENCEPRIMARY
TRD008534,233.27677,0.10978115,QSO,SDSS_DR18_SPECTROSCOPY,ZWARNING_0_SCIENCEPRIMARY
TRD008535,233.59206,0.93083899,QSO,SDSS_DR18_SPECTROSCOPY,ZWARNING_0_SCIENCEPRIMARY
TRD008536,234.04983,0.81929013,QSO,SDSS_DR18_SPECTROSCOPY,ZWARNING_0_SCIENCEPRIMARY
TRD008537,233.87722,0.2789467,QSO,SDSS_DR18_SPECTROSCOPY,ZWARNING_0_SCIENCEPRIMARY
TRD008538,234.43023,1.1630179,QSO,SDSS_DR18_SPECTROSCOPY,ZWARNING_0_SCIENCEPRIMARY
TRD008539,234.06943,0.72341401,QSO,SDSS_DR18_SPECTROSCOPY,ZWARNING_0_SCIENCEPRIMARY
TRD008540,234.30733,0.35456387,QSO,SDSS_DR18_SPECTROSCOPY,ZWARNING_0_SCIENCEPRIMARY
TRD008541,234.79653,0.43355186,QSO,SDSS_DR18_SPECTROSCOPY,ZWARNING_0_SCIENCEPRIMARY
TRD008542,234.86821,0.62341432,QSO,SDSS_DR18_SPECTROSCOPY,ZWARNING_0_SCIENCEPRIMARY
TRD008543,235.10603,0.53051888,QSO,SDSS_DR18_SPECTROSCOPY,ZWARNING_0_SCIENCEPRIMARY
TRD008544,235.54226,0.36599176,QSO,SDSS_DR18_SPECTROSCOPY,ZWARNING_0_SCIENCEPRIMARY
TRD008545,235.64306,0.28439549,QSO,SDSS_DR18_SPECTROSCOPY,ZWARNING_0_SCIENCEPRIMARY
TRD008546,235.68833,0.22851913,QSO,SDSS_DR18_SPECTROSCOPY,ZWARNING_0_SCIENCEPRIMARY
TRD008547,235.91518,0.27564317,QSO,SDSS_DR18_SPECTROSCOPY,ZWARNING_0_SCIENCEPRIMARY
TRD008548,235.88491,0.27671756,QSO,SDSS_DR18_SPECTROSCOPY,ZWARNING_0_SCIENCEPRIMARY
TRD008549,182.5672,0.20136463,QSO,SDSS_DR18_SPECTROSCOPY,ZWARNING_0_SCIENCEPRIMARY
TRD008550,183.70791,-1.2125062,QSO,SDSS_DR18_SPECTROSCOPY,ZWARNING_0_SCIENCEPRIMARY
TRD008551,183.80075,-0.52006817,QSO,SDSS_DR18_SPECTROSCOPY,ZWARNING_0_SCIENCEPRIMARY
TRD008552,183.18543,-0.96145901,QSO,SDSS_DR18_SPECTROSCOPY,ZWARNING_0_SCIENCEPRIMARY
TRD008553,183.56319,0.91984185,QSO,SDSS_DR18_SPECTROSCOPY,ZWARNING_0_SCIENCEPRIMARY
TRD008554,184.30134,0.67261275,QSO,SDSS_DR18_SPECTROSCOPY,ZWARNING_0_SCIENCEPRIMARY
TRD008555,172.70285,-3.3856036,QSO,SDSS_DR18_SPECTROSCOPY,ZWARNING_0_SCIENCEPRIMARY
TRD008556,172.43563,-3.4788952,QSO,SDSS_DR18_SPECTROSCOPY,ZWARNING_0_SCIENCEPRIMARY
TRD008557,172.43475,-3.1981732,QSO,SDSS_DR18_SPECTROSCOPY,ZWARNING_0_SCIENCEPRIMARY
TRD008558,173.12539,-2.772506,QSO,SDSS_DR18_SPECTROSCOPY,ZWARNING_0_SCIENCEPRIMARY
TRD008559,172.39639,-3.6433514,QSO,SDSS_DR18_SPECTROSCOPY,ZWARNING_0_SCIENCEPRIMARY
TRD008560,172.37568,-3.5162021,QSO,SDSS_DR18_SPECTROSCOPY,ZWARNING_0_SCIENCEPRIMARY
TRD008561,172.28309,-3.107045,QSO,SDSS_DR18_SPECTROSCOPY,ZWARNING_0_SCIENCEPRIMARY
TRD008562,172.40033,-3.6078575,QSO,SDSS_DR18_SPECTROSCOPY,ZWARNING_0_SCIENCEPRIMARY
TRD008563,172.25301,-3.6383187,QSO,SDSS_DR18_SPECTROSCOPY,ZWARNING_0_SCIENCEPRIMARY
TRD008564,172.19241,-3.5316835,QSO,SDSS_DR18_SPECTROSCOPY,ZWARNING_0_SCIENCEPRIMARY
TRD008565,172.97289,-3.1197433,QSO,SDSS_DR18_SPECTROSCOPY,ZWARNING_0_SCIENCEPRIMARY
TRD008566,172.86594,-2.6682168,QSO,SDSS_DR18_SPECTROSCOPY,ZWARNING_0_SCIENCEPRIMARY
TRD008567,172.96765,-2.3813711,QSO,SDSS_DR18_SPECTROSCOPY,ZWARNING_0_SCIENCEPRIMARY
TRD008568,171.95849,-3.1739149,QSO,SDSS_DR18_SPECTROSCOPY,ZWARNING_0_SCIENCEPRIMARY
TRD008569,172.19937,-2.8442744,QSO,SDSS_DR18_SPECTROSCOPY,ZWARNING_0_SCIENCEPRIMARY
TRD008570,172.70571,-2.8467624,QSO,SDSS_DR18_SPECTROSCOPY,ZWARNING_0_SCIENCEPRIMARY
TRD008571,172.30539,-2.6280338,QSO,SDSS_DR18_SPECTROSCOPY,ZWARNING_0_SCIENCEPRIMARY
TRD008572,171.61881,-3.4990069,QSO,SDSS_DR18_SPECTROSCOPY,ZWARNING_0_SCIENCEPRIMARY
TRD008573,171.79677,-3.5970984,QSO,SDSS_DR18_SPECTROSCOPY,ZWARNING_0_SCIENCEPRIMARY
TRD008574,172.05148,-2.9147319,QSO,SDSS_DR18_SPECTROSCOPY,ZWARNING_0_SCIENCEPRIMARY
TRD008575,172.12978,-2.9097382,QSO,SDSS_DR18_SPECTROSCOPY,ZWARNING_0_SCIENCEPRIMARY
TRD008576,172.03871,-3.0244846,QSO,SDSS_DR18_SPECTROSCOPY,ZWARNING_0_SCIENCEPRIMARY
TRD008577,172.15252,-2.7711149,QSO,SDSS_DR18_SPECTROSCOPY,ZWARNING_0_SCIENCEPRIMARY
TRD008578,171.88349,-2.6811826,QSO,SDSS_DR18_SPECTROSCOPY,ZWARNING_0_SCIENCEPRIMARY
TRD008579,171.78906,-2.318717,QSO,SDSS_DR18_SPECTROSCOPY,ZWARNING_0_SCIENCEPRIMARY
TRD008580,171.89604,-2.9477069,QSO,SDSS_DR18_SPECTROSCOPY,ZWARNING_0_SCIENCEPRIMARY
TRD008581,171.64281,-2.6105393,QSO,SDSS_DR18_SPECTROSCOPY,ZWARNING_0_SCIENCEPRIMARY
TRD008582,171.60697,-2.7851683,QSO,SDSS_DR18_SPECTROSCOPY,ZWARNING_0_SCIENCEPRIMARY
TRD008583,171.74636,-3.0408728,QSO,SDSS_DR18_SPECTROSCOPY,ZWARNING_0_SCIENCEPRIMARY
TRD008584,171.59217,-2.3886523,QSO,SDSS_DR18_SPECTROSCOPY,ZWARNING_0_SCIENCEPRIMARY
TRD008585,171.32888,-3.3542871,QSO,SDSS_DR18_SPECTROSCOPY,ZWARNING_0_SCIENCEPRIMARY
TRD008586,171.47734,-3.1282938,QSO,SDSS_DR18_SPECTROSCOPY,ZWARNING_0_SCIENCEPRIMARY
TRD008587,171.31268,-3.443983,QSO,SDSS_DR18_SPECTROSCOPY,ZWARNING_0_SCIENCEPRIMARY
TRD008588,171.39734,-3.2522862,QSO,SDSS_DR18_SPECTROSCOPY,ZWARNING_0_SCIENCEPRIMARY
TRD008589,171.40033,-3.13551,QSO,SDSS_DR18_SPECTROSCOPY,ZWARNING_0_SCIENCEPRIMARY
TRD008590,171.47662,-3.3353172,QSO,SDSS_DR18_SPECTROSCOPY,ZWARNING_0_SCIENCEPRIMARY
TRD008591,171.49941,-2.6543007,QSO,SDSS_DR18_SPECTROSCOPY,ZWARNING_0_SCIENCEPRIMARY
TRD008592,171.42332,-2.7551974,QSO,SDSS_DR18_SPECTROSCOPY,ZWARNING_0_SCIENCEPRIMARY
TRD008593,171.37692,-2.6670739,QSO,SDSS_DR18_SPECTROSCOPY,ZWARNING_0_SCIENCEPRIMARY
TRD008594,171.46405,-2.4511093,QSO,SDSS_DR18_SPECTROSCOPY,ZWARNING_0_SCIENCEPRIMARY
TRD008595,171.4231,-2.8155695,QSO,SDSS_DR18_SPECTROSCOPY,ZWARNING_0_SCIENCEPRIMARY
TRD008596,171.28505,-3.5737285,QSO,SDSS_DR18_SPECTROSCOPY,ZWARNING_0_SCIENCEPRIMARY
TRD008597,171.07732,-2.8872999,QSO,SDSS_DR18_SPECTROSCOPY,ZWARNING_0_SCIENCEPRIMARY
TRD008598,171.10389,-2.8513713,QSO,SDSS_DR18_SPECTROSCOPY,ZWARNING_0_SCIENCEPRIMARY
TRD008599,170.99221,-2.3764277,QSO,SDSS_DR18_SPECTROSCOPY,ZWARNING_0_SCIENCEPRIMARY
TRD008600,171.1892,-2.7262213,QSO,SDSS_DR18_SPECTROSCOPY,ZWARNING_0_SCIENCEPRIMARY
TRD008601,171.00745,-3.5534932,QSO,SDSS_DR18_SPECTROSCOPY,ZWARNING_0_SCIENCEPRIMARY
TRD008602,170.87097,-3.3728134,QSO,SDSS_DR18_SPECTROSCOPY,ZWARNING_0_SCIENCEPRIMARY
TRD008603,170.85808,-3.2635512,QSO,SDSS_DR18_SPECTROSCOPY,ZWARNING_0_SCIENCEPRIMARY
TRD008604,170.85553,-3.5070181,QSO,SDSS_DR18_SPECTROSCOPY,ZWARNING_0_SCIENCEPRIMARY
TRD008605,171.04859,-3.6179602,QSO,SDSS_DR18_SPECTROSCOPY,ZWARNING_0_SCIENCEPRIMARY
TRD008606,170.95715,-3.1331183,QSO,SDSS_DR18_SPECTROSCOPY,ZWARNING_0_SCIENCEPRIMARY
TRD008607,170.98697,-3.3143147,QSO,SDSS_DR18_SPECTROSCOPY,ZWARNING_0_SCIENCEPRIMARY
TRD008608,170.90158,-2.8669025,QSO,SDSS_DR18_SPECTROSCOPY,ZWARNING_0_SCIENCEPRIMARY
TRD008609,171.13786,-1.3919147,QSO,SDSS_DR18_SPECTROSCOPY,ZWARNING_0_SCIENCEPRIMARY
TRD008610,170.95505,-1.5189832,QSO,SDSS_DR18_SPECTROSCOPY,ZWARNING_0_SCIENCEPRIMARY
TRD008611,171.04114,-2.2888028,QSO,SDSS_DR18_SPECTROSCOPY,ZWARNING_0_SCIENCEPRIMARY
TRD008612,170.97062,-1.9885869,QSO,SDSS_DR18_SPECTROSCOPY,ZWARNING_0_SCIENCEPRIMARY
TRD008613,170.99736,-1.6480264,QSO,SDSS_DR18_SPECTROSCOPY,ZWARNING_0_SCIENCEPRIMARY
TRD008614,171.15345,-1.557116,QSO,SDSS_DR18_SPECTROSCOPY,ZWARNING_0_SCIENCEPRIMARY
TRD008615,171.222,-1.2945224,QSO,SDSS_DR18_SPECTROSCOPY,ZWARNING_0_SCIENCEPRIMARY
TRD008616,171.37632,-1.2894646,QSO,SDSS_DR18_SPECTROSCOPY,ZWARNING_0_SCIENCEPRIMARY
TRD008617,171.40526,-1.2842024,QSO,SDSS_DR18_SPECTROSCOPY,ZWARNING_0_SCIENCEPRIMARY
TRD008618,171.34851,-1.0983938,QSO,SDSS_DR18_SPECTROSCOPY,ZWARNING_0_SCIENCEPRIMARY
TRD008619,171.33013,-1.0374798,QSO,SDSS_DR18_SPECTROSCOPY,ZWARNING_0_SCIENCEPRIMARY
TRD008620,171.42876,-1.319845,QSO,SDSS_DR18_SPECTROSCOPY,ZWARNING_0_SCIENCEPRIMARY
TRD008621,171.18431,-1.246725,QSO,SDSS_DR18_SPECTROSCOPY,ZWARNING_0_SCIENCEPRIMARY
TRD008622,171.32818,-1.1770719,QSO,SDSS_DR18_SPECTROSCOPY,ZWARNING_0_SCIENCEPRIMARY
TRD008623,171.23032,-1.6314584,QSO,SDSS_DR18_SPECTROSCOPY,ZWARNING_0_SCIENCEPRIMARY
TRD008624,171.23188,-2.2352995,QSO,SDSS_DR18_SPECTROSCOPY,ZWARNING_0_SCIENCEPRIMARY
TRD008625,171.30726,-2.167246,QSO,SDSS_DR18_SPECTROSCOPY,ZWARNING_0_SCIENCEPRIMARY
TRD008626,171.14514,-2.0118382,QSO,SDSS_DR18_SPECTROSCOPY,ZWARNING_0_SCIENCEPRIMARY
TRD008627,171.53954,-1.3288984,QSO,SDSS_DR18_SPECTROSCOPY,ZWARNING_0_SCIENCEPRIMARY
TRD008628,171.69346,-1.5716661,QSO,SDSS_DR18_SPECTROSCOPY,ZWARNING_0_SCIENCEPRIMARY
TRD008629,171.53221,-2.2556884,QSO,SDSS_DR18_SPECTROSCOPY,ZWARNING_0_SCIENCEPRIMARY
TRD008630,171.78835,-1.5187129,QSO,SDSS_DR18_SPECTROSCOPY,ZWARNING_0_SCIENCEPRIMARY
TRD008631,171.86423,-1.0846303,QSO,SDSS_DR18_SPECTROSCOPY,ZWARNING_0_SCIENCEPRIMARY
TRD008632,171.95965,-1.4844616,QSO,SDSS_DR18_SPECTROSCOPY,ZWARNING_0_SCIENCEPRIMARY
TRD008633,171.96937,-1.5048299,QSO,SDSS_DR18_SPECTROSCOPY,ZWARNING_0_SCIENCEPRIMARY
TRD008634,171.70595,-1.2367109,QSO,SDSS_DR18_SPECTROSCOPY,ZWARNING_0_SCIENCEPRIMARY
TRD008635,171.79902,-1.235524,QSO,SDSS_DR18_SPECTROSCOPY,ZWARNING_0_SCIENCEPRIMARY
TRD008636,171.80829,-1.1981362,QSO,SDSS_DR18_SPECTROSCOPY,ZWARNING_0_SCIENCEPRIMARY
TRD008637,171.76216,-1.8160785,QSO,SDSS_DR18_SPECTROSCOPY,ZWARNING_0_SCIENCEPRIMARY
TRD008638,171.57224,-1.8437971,QSO,SDSS_DR18_SPECTROSCOPY,ZWARNING_0_SCIENCEPRIMARY
TRD008639,171.90061,-1.6680495,QSO,SDSS_DR18_SPECTROSCOPY,ZWARNING_0_SCIENCEPRIMARY
TRD008640,171.89881,-1.942542,QSO,SDSS_DR18_SPECTROSCOPY,ZWARNING_0_SCIENCEPRIMARY
TRD008641,171.79442,-2.0481189,QSO,SDSS_DR18_SPECTROSCOPY,ZWARNING_0_SCIENCEPRIMARY
TRD008642,171.88517,-1.6029133,QSO,SDSS_DR18_SPECTROSCOPY,ZWARNING_0_SCIENCEPRIMARY
TRD008643,171.76983,-2.0986686,QSO,SDSS_DR18_SPECTROSCOPY,ZWARNING_0_SCIENCEPRIMARY
TRD008644,171.94813,-1.9750297,QSO,SDSS_DR18_SPECTROSCOPY,ZWARNING_0_SCIENCEPRIMARY
TRD008645,171.83916,-2.2237359,QSO,SDSS_DR18_SPECTROSCOPY,ZWARNING_0_SCIENCEPRIMARY
TRD008646,171.91891,-1.8095975,QSO,SDSS_DR18_SPECTROSCOPY,ZWARNING_0_SCIENCEPRIMARY
TRD008647,171.99836,-2.0604271,QSO,SDSS_DR18_SPECTROSCOPY,ZWARNING_0_SCIENCEPRIMARY
TRD008648,172.43296,-1.631167,QSO,SDSS_DR18_SPECTROSCOPY,ZWARNING_0_SCIENCEPRIMARY
TRD008649,172.30197,-1.8463172,QSO,SDSS_DR18_SPECTROSCOPY,ZWARNING_0_SCIENCEPRIMARY
TRD008650,172.28773,-2.2409951,QSO,SDSS_DR18_SPECTROSCOPY,ZWARNING_0_SCIENCEPRIMARY
TRD008651,172.33008,-1.0864842,QSO,SDSS_DR18_SPECTROSCOPY,ZWARNING_0_SCIENCEPRIMARY
TRD008652,172.2522,-1.5080852,QSO,SDSS_DR18_SPECTROSCOPY,ZWARNING_0_SCIENCEPRIMARY
TRD008653,172.47002,-1.5245778,QSO,SDSS_DR18_SPECTROSCOPY,ZWARNING_0_SCIENCEPRIMARY
TRD008654,172.21369,-1.3330025,QSO,SDSS_DR18_SPECTROSCOPY,ZWARNING_0_SCIENCEPRIMARY
TRD008655,172.20014,-1.2780048,QSO,SDSS_DR18_SPECTROSCOPY,ZWARNING_0_SCIENCEPRIMARY
TRD008656,172.53406,-2.2634845,QSO,SDSS_DR18_SPECTROSCOPY,ZWARNING_0_SCIENCEPRIMARY
TRD008657,172.74058,-1.9274019,QSO,SDSS_DR18_SPECTROSCOPY,ZWARNING_0_SCIENCEPRIMARY
TRD008658,172.79464,-2.1486414,QSO,SDSS_DR18_SPECTROSCOPY,ZWARNING_0_SCIENCEPRIMARY
TRD008659,172.46337,-1.8436934,QSO,SDSS_DR18_SPECTROSCOPY,ZWARNING_0_SCIENCEPRIMARY
TRD008660,172.67618,-1.5417612,QSO,SDSS_DR18_SPECTROSCOPY,ZWARNING_0_SCIENCEPRIMARY
TRD008661,172.89065,-1.3749815,QSO,SDSS_DR18_SPECTROSCOPY,ZWARNING_0_SCIENCEPRIMARY
TRD008662,172.89688,-1.690773,QSO,SDSS_DR18_SPECTROSCOPY,ZWARNING_0_SCIENCEPRIMARY
TRD008663,173.11104,-1.8657942,QSO,SDSS_DR18_SPECTROSCOPY,ZWARNING_0_SCIENCEPRIMARY
TRD008664,173.09827,-1.768649,QSO,SDSS_DR18_SPECTROSCOPY,ZWARNING_0_SCIENCEPRIMARY
TRD008665,173.02078,-1.6558221,QSO,SDSS_DR18_SPECTROSCOPY,ZWARNING_0_SCIENCEPRIMARY
TRD008666,173.15725,-1.8622951,QSO,SDSS_DR18_SPECTROSCOPY,ZWARNING_0_SCIENCEPRIMARY
TRD008667,174.50157,-3.196561,QSO,SDSS_DR18_SPECTROSCOPY,ZWARNING_0_SCIENCEPRIMARY
TRD008668,174.6785,-3.2342371,QSO,SDSS_DR18_SPECTROSCOPY,ZWARNING_0_SCIENCEPRIMARY
TRD008669,175.00552,-3.0629441,QSO,SDSS_DR18_SPECTROSCOPY,ZWARNING_0_SCIENCEPRIMARY
TRD008670,174.31384,-2.909896,QSO,SDSS_DR18_SPECTROSCOPY,ZWARNING_0_SCIENCEPRIMARY
TRD008671,174.48566,-2.9286917,QSO,SDSS_DR18_SPECTROSCOPY,ZWARNING_0_SCIENCEPRIMARY
TRD008672,173.78758,-3.2756435,QSO,SDSS_DR18_SPECTROSCOPY,ZWARNING_0_SCIENCEPRIMARY
TRD008673,174.13436,-3.0473405,QSO,SDSS_DR18_SPECTROSCOPY,ZWARNING_0_SCIENCEPRIMARY
TRD008674,174.10862,-2.7548084,QSO,SDSS_DR18_SPECTROSCOPY,ZWARNING_0_SCIENCEPRIMARY
TRD008675,173.64382,-3.6240478,QSO,SDSS_DR18_SPECTROSCOPY,ZWARNING_0_SCIENCEPRIMARY
TRD008676,173.33569,-3.5604116,QSO,SDSS_DR18_SPECTROSCOPY,ZWARNING_0_SCIENCEPRIMARY
TRD008677,173.20374,-3.499799,QSO,SDSS_DR18_SPECTROSCOPY,ZWARNING_0_SCIENCEPRIMARY
TRD008678,172.92205,-2.5899004,QSO,SDSS_DR18_SPECTROSCOPY,ZWARNING_0_SCIENCEPRIMARY
TRD008679,172.62142,-3.2319951,QSO,SDSS_DR18_SPECTROSCOPY,ZWARNING_0_SCIENCEPRIMARY
TRD008680,172.5685,-2.8187909,QSO,SDSS_DR18_SPECTROSCOPY,ZWARNING_0_SCIENCEPRIMARY
TRD008681,172.65431,-2.6247196,QSO,SDSS_DR18_SPECTROSCOPY,ZWARNING_0_SCIENCEPRIMARY
TRD008682,173.14942,-1.4801946,QSO,SDSS_DR18_SPECTROSCOPY,ZWARNING_0_SCIENCEPRIMARY
TRD008683,172.9193,-1.8550603,QSO,SDSS_DR18_SPECTROSCOPY,ZWARNING_0_SCIENCEPRIMARY
TRD008684,172.85868,-2.0831197,QSO,SDSS_DR18_SPECTROSCOPY,ZWARNING_0_SCIENCEPRIMARY
TRD008685,173.20694,-1.2347143,QSO,SDSS_DR18_SPECTROSCOPY,ZWARNING_0_SCIENCEPRIMARY
TRD008686,173.05397,-2.2163477,QSO,SDSS_DR18_SPECTROSCOPY,ZWARNING_0_SCIENCEPRIMARY
TRD008687,172.99696,-2.1836856,QSO,SDSS_DR18_SPECTROSCOPY,ZWARNING_0_SCIENCEPRIMARY
TRD008688,173.55965,-1.478596,QSO,SDSS_DR18_SPECTROSCOPY,ZWARNING_0_SCIENCEPRIMARY
TRD008689,173.48251,-1.4872009,QSO,SDSS_DR18_SPECTROSCOPY,ZWARNING_0_SCIENCEPRIMARY
TRD008690,173.73781,-1.8368267,QSO,SDSS_DR18_SPECTROSCOPY,ZWARNING_0_SCIENCEPRIMARY
TRD008691,173.95277,-2.4382931,QSO,SDSS_DR18_SPECTROSCOPY,ZWARNING_0_SCIENCEPRIMARY
TRD008692,174.12207,-1.880128,QSO,SDSS_DR18_SPECTROSCOPY,ZWARNING_0_SCIENCEPRIMARY
TRD008693,174.07733,-2.4790159,QSO,SDSS_DR18_SPECTROSCOPY,ZWARNING_0_SCIENCEPRIMARY
TRD008694,174.03131,-1.3871289,QSO,SDSS_DR18_SPECTROSCOPY,ZWARNING_0_SCIENCEPRIMARY
TRD008695,174.06509,-1.4619086,QSO,SDSS_DR18_SPECTROSCOPY,ZWARNING_0_SCIENCEPRIMARY
TRD008696,174.30941,-1.8928298,QSO,SDSS_DR18_SPECTROSCOPY,ZWARNING_0_SCIENCEPRIMARY
TRD008697,174.70097,-2.3463168,QSO,SDSS_DR18_SPECTROSCOPY,ZWARNING_0_SCIENCEPRIMARY
TRD008698,174.7955,-1.7084063,QSO,SDSS_DR18_SPECTROSCOPY,ZWARNING_0_SCIENCEPRIMARY
TRD008699,174.75367,-1.7681942,QSO,SDSS_DR18_SPECTROSCOPY,ZWARNING_0_SCIENCEPRIMARY
TRD008700,174.76807,-1.4403307,QSO,SDSS_DR18_SPECTROSCOPY,ZWARNING_0_SCIENCEPRIMARY
TRD008701,175.14213,-2.4590244,QSO,SDSS_DR18_SPECTROSCOPY,ZWARNING_0_SCIENCEPRIMARY
TRD008702,175.6137,-3.2642765,QSO,SDSS_DR18_SPECTROSCOPY,ZWARNING_0_SCIENCEPRIMARY
TRD008703,175.5476,-3.2370404,QSO,SDSS_DR18_SPECTROSCOPY,ZWARNING_0_SCIENCEPRIMARY
TRD008704,176.35926,-2.5790476,QSO,SDSS_DR18_SPECTROSCOPY,ZWARNING_0_SCIENCEPRIMARY
TRD008705,175.38471,-3.5198956,QSO,SDSS_DR18_SPECTROSCOPY,ZWARNING_0_SCIENCEPRIMARY
TRD008706,175.31093,-3.4399976,QSO,SDSS_DR18_SPECTROSCOPY,ZWARNING_0_SCIENCEPRIMARY
TRD008707,175.27664,-3.4569254,QSO,SDSS_DR18_SPECTROSCOPY,ZWARNING_0_SCIENCEPRIMARY
TRD008708,175.98115,-2.6439394,QSO,SDSS_DR18_SPECTROSCOPY,ZWARNING_0_SCIENCEPRIMARY
TRD008709,175.20755,-3.5763801,QSO,SDSS_DR18_SPECTROSCOPY,ZWARNING_0_SCIENCEPRIMARY
TRD008710,175.62639,-2.8561481,QSO,SDSS_DR18_SPECTROSCOPY,ZWARNING_0_SCIENCEPRIMARY
TRD008711,175.53769,-2.7347877,QSO,SDSS_DR18_SPECTROSCOPY,ZWARNING_0_SCIENCEPRIMARY
TRD008712,175.48358,-2.7686015,QSO,SDSS_DR18_SPECTROSCOPY,ZWARNING_0_SCIENCEPRIMARY
TRD008713,175.38746,-3.0421301,QSO,SDSS_DR18_SPECTROSCOPY,ZWARNING_0_SCIENCEPRIMARY
TRD008714,175.33091,-2.8499014,QSO,SDSS_DR18_SPECTROSCOPY,ZWARNING_0_SCIENCEPRIMARY
TRD008715,175.24665,-2.9123956,QSO,SDSS_DR18_SPECTROSCOPY,ZWARNING_0_SCIENCEPRIMARY
TRD008716,174.96457,-3.1607031,QSO,SDSS_DR18_SPECTROSCOPY,ZWARNING_0_SCIENCEPRIMARY
TRD008717,175.07476,-2.7971848,QSO,SDSS_DR18_SPECTROSCOPY,ZWARNING_0_SCIENCEPRIMARY
TRD008718,174.77713,-3.6535677,QSO,SDSS_DR18_SPECTROSCOPY,ZWARNING_0_SCIENCEPRIMARY
TRD008719,174.7662,-3.263291,QSO,SDSS_DR18_SPECTROSCOPY,ZWARNING_0_SCIENCEPRIMARY
TRD008720,174.50128,-3.4552983,QSO,SDSS_DR18_SPECTROSCOPY,ZWARNING_0_SCIENCEPRIMARY
TRD008721,173.96037,-2.6282288,QSO,SDSS_DR18_SPECTROSCOPY,ZWARNING_0_SCIENCEPRIMARY
TRD008722,174.11143,-2.0386227,QSO,SDSS_DR18_SPECTROSCOPY,ZWARNING_0_SCIENCEPRIMARY
TRD008723,173.80835,-1.9345493,QSO,SDSS_DR18_SPECTROSCOPY,ZWARNING_0_SCIENCEPRIMARY
TRD008724,174.17139,-2.4752039,QSO,SDSS_DR18_SPECTROSCOPY,ZWARNING_0_SCIENCEPRIMARY
TRD008725,174.1989,-2.154486,QSO,SDSS_DR18_SPECTROSCOPY,ZWARNING_0_SCIENCEPRIMARY
TRD008726,175.01256,-1.4258866,QSO,SDSS_DR18_SPECTROSCOPY,ZWARNING_0_SCIENCEPRIMARY
TRD008727,174.84007,-1.3835954,QSO,SDSS_DR18_SPECTROSCOPY,ZWARNING_0_SCIENCEPRIMARY
TRD008728,175.33016,-1.8155923,QSO,SDSS_DR18_SPECTROSCOPY,ZWARNING_0_SCIENCEPRIMARY
TRD008729,175.08165,-1.4930379,QSO,SDSS_DR18_SPECTROSCOPY,ZWARNING_0_SCIENCEPRIMARY
TRD008730,175.27747,-1.6854243,QSO,SDSS_DR18_SPECTROSCOPY,ZWARNING_0_SCIENCEPRIMARY
TRD008731,175.2662,-1.9179811,QSO,SDSS_DR18_SPECTROSCOPY,ZWARNING_0_SCIENCEPRIMARY
TRD008732,175.27788,-2.3962702,QSO,SDSS_DR18_SPECTROSCOPY,ZWARNING_0_SCIENCEPRIMARY
TRD008733,175.60712,-1.5711357,QSO,SDSS_DR18_SPECTROSCOPY,ZWARNING_0_SCIENCEPRIMARY
TRD008734,175.50759,-1.4768986,QSO,SDSS_DR18_SPECTROSCOPY,ZWARNING_0_SCIENCEPRIMARY
TRD008735,176.11856,-1.8834434,QSO,SDSS_DR18_SPECTROSCOPY,ZWARNING_0_SCIENCEPRIMARY
TRD008736,176.05195,-1.5818928,QSO,SDSS_DR18_SPECTROSCOPY,ZWARNING_0_SCIENCEPRIMARY
TRD008737,176.45658,-2.1424086,QSO,SDSS_DR18_SPECTROSCOPY,ZWARNING_0_SCIENCEPRIMARY
TRD008738,177.46016,-3.6316727,QSO,SDSS_DR18_SPECTROSCOPY,ZWARNING_0_SCIENCEPRIMARY
TRD008739,177.45867,-3.4713553,QSO,SDSS_DR18_SPECTROSCOPY,ZWARNING_0_SCIENCEPRIMARY
TRD008740,177.79728,-3.0948992,QSO,SDSS_DR18_SPECTROSCOPY,ZWARNING_0_SCIENCEPRIMARY
TRD008741,176.84438,-3.4126766,QSO,SDSS_DR18_SPECTROSCOPY,ZWARNING_0_SCIENCEPRIMARY
TRD008742,176.80302,-2.8519199,QSO,SDSS_DR18_SPECTROSCOPY,ZWARNING_0_SCIENCEPRIMARY
TRD008743,177.02214,-2.5509946,QSO,SDSS_DR18_SPECTROSCOPY,ZWARNING_0_SCIENCEPRIMARY
TRD008744,176.90045,-3.1090551,QSO,SDSS_DR18_SPECTROSCOPY,ZWARNING_0_SCIENCEPRIMARY
TRD008745,176.78063,-3.4636775,QSO,SDSS_DR18_SPECTROSCOPY,ZWARNING_0_SCIENCEPRIMARY
TRD008746,176.81613,-3.1967976,QSO,SDSS_DR18_SPECTROSCOPY,ZWARNING_0_SCIENCEPRIMARY
TRD008747,176.44279,-3.5890148,QSO,SDSS_DR18_SPECTROSCOPY,ZWARNING_0_SCIENCEPRIMARY
TRD008748,176.50152,-3.6188323,QSO,SDSS_DR18_SPECTROSCOPY,ZWARNING_0_SCIENCEPRIMARY
TRD008749,176.29659,-3.6638647,QSO,SDSS_DR18_SPECTROSCOPY,ZWARNING_0_SCIENCEPRIMARY
TRD008750,175.52394,-3.0063087,QSO,SDSS_DR18_SPECTROSCOPY,ZWARNING_0_SCIENCEPRIMARY
TRD008751,175.39872,-1.8907065,QSO,SDSS_DR18_SPECTROSCOPY,ZWARNING_0_SCIENCEPRIMARY
TRD008752,175.36462,-2.3425776,QSO,SDSS_DR18_SPECTROSCOPY,ZWARNING_0_SCIENCEPRIMARY
TRD008753,176.38892,-2.5303357,QSO,SDSS_DR18_SPECTROSCOPY,ZWARNING_0_SCIENCEPRIMARY
TRD008754,176.82526,-1.5352764,QSO,SDSS_DR18_SPECTROSCOPY,ZWARNING_0_SCIENCEPRIMARY
TRD008755,176.93384,-1.7670808,QSO,SDSS_DR18_SPECTROSCOPY,ZWARNING_0_SCIENCEPRIMARY
TRD008756,176.9704,-1.8867544,QSO,SDSS_DR18_SPECTROSCOPY,ZWARNING_0_SCIENCEPRIMARY
TRD008757,177.07807,-2.2241387,QSO,SDSS_DR18_SPECTROSCOPY,ZWARNING_0_SCIENCEPRIMARY
TRD008758,177.30804,-1.7483322,QSO,SDSS_DR18_SPECTROSCOPY,ZWARNING_0_SCIENCEPRIMARY
TRD008759,177.84859,-2.1292744,QSO,SDSS_DR18_SPECTROSCOPY,ZWARNING_0_SCIENCEPRIMARY
TRD008760,177.56108,-2.2831164,QSO,SDSS_DR18_SPECTROSCOPY,ZWARNING_0_SCIENCEPRIMARY
TRD008761,177.52449,-2.3864846,QSO,SDSS_DR18_SPECTROSCOPY,ZWARNING_0_SCIENCEPRIMARY
TRD008762,177.68781,-2.3334087,QSO,SDSS_DR18_SPECTROSCOPY,ZWARNING_0_SCIENCEPRIMARY
TRD008763,177.84338,-1.6047149,QSO,SDSS_DR18_SPECTROSCOPY,ZWARNING_0_SCIENCEPRIMARY
TRD008764,177.43241,-1.7102607,QSO,SDSS_DR18_SPECTROSCOPY,ZWARNING_0_SCIENCEPRIMARY
TRD008765,179.79009,-2.7596479,QSO,SDSS_DR18_SPECTROSCOPY,ZWARNING_0_SCIENCEPRIMARY
TRD008766,179.41283,-2.6523062,QSO,SDSS_DR18_SPECTROSCOPY,ZWARNING_0_SCIENCEPRIMARY
TRD008767,178.89515,-2.5350819,QSO,SDSS_DR18_SPECTROSCOPY,ZWARNING_0_SCIENCEPRIMARY
TRD008768,178.76372,-3.0243623,QSO,SDSS_DR18_SPECTROSCOPY,ZWARNING_0_SCIENCEPRIMARY
TRD008769,178.57498,-2.7771879,QSO,SDSS_DR18_SPECTROSCOPY,ZWARNING_0_SCIENCEPRIMARY
TRD008770,178.1043,-3.1792472,QSO,SDSS_DR18_SPECTROSCOPY,ZWARNING_0_SCIENCEPRIMARY
TRD008771,178.08962,-2.9443592,QSO,SDSS_DR18_SPECTROSCOPY,ZWARNING_0_SCIENCEPRIMARY
TRD008772,178.02453,-3.5044191,QSO,SDSS_DR18_SPECTROSCOPY,ZWARNING_0_SCIENCEPRIMARY
TRD008773,177.76438,-3.4444262,QSO,SDSS_DR18_SPECTROSCOPY,ZWARNING_0_SCIENCEPRIMARY
TRD008774,177.16039,-2.5901835,QSO,SDSS_DR18_SPECTROSCOPY,ZWARNING_0_SCIENCEPRIMARY
TRD008775,177.28199,-2.7579086,QSO,SDSS_DR18_SPECTROSCOPY,ZWARNING_0_SCIENCEPRIMARY
TRD008776,177.23083,-2.6989011,QSO,SDSS_DR18_SPECTROSCOPY,ZWARNING_0_SCIENCEPRIMARY
TRD008777,177.98622,-1.3001701,QSO,SDSS_DR18_SPECTROSCOPY,ZWARNING_0_SCIENCEPRIMARY
TRD008778,178.27546,-1.7377168,QSO,SDSS_DR18_SPECTROSCOPY,ZWARNING_0_SCIENCEPRIMARY
TRD008779,177.95423,-1.8066235,QSO,SDSS_DR18_SPECTROSCOPY,ZWARNING_0_SCIENCEPRIMARY
TRD008780,177.76776,-2.0806074,QSO,SDSS_DR18_SPECTROSCOPY,ZWARNING_0_SCIENCEPRIMARY
TRD008781,178.72147,-1.589244,QSO,SDSS_DR18_SPECTROSCOPY,ZWARNING_0_SCIENCEPRIMARY
TRD008782,178.75757,-1.8005463,QSO,SDSS_DR18_SPECTROSCOPY,ZWARNING_0_SCIENCEPRIMARY
TRD008783,178.99898,-1.9052852,QSO,SDSS_DR18_SPECTROSCOPY,ZWARNING_0_SCIENCEPRIMARY
TRD008784,179.5404,-1.6317607,QSO,SDSS_DR18_SPECTROSCOPY,ZWARNING_0_SCIENCEPRIMARY
TRD008785,179.68947,-1.8060317,QSO,SDSS_DR18_SPECTROSCOPY,ZWARNING_0_SCIENCEPRIMARY
TRD008786,179.63667,-2.4420864,QSO,SDSS_DR18_SPECTROSCOPY,ZWARNING_0_SCIENCEPRIMARY
TRD008787,181.34866,-3.6050574,QSO,SDSS_DR18_SPECTROSCOPY,ZWARNING_0_SCIENCEPRIMARY
TRD008788,181.2204,-3.4405603,QSO,SDSS_DR18_SPECTROSCOPY,ZWARNING_0_SCIENCEPRIMARY
TRD008789,181.18291,-2.8604748,QSO,SDSS_DR18_SPECTROSCOPY,ZWARNING_0_SCIENCEPRIMARY
TRD008790,181.30235,-3.0839885,QSO,SDSS_DR18_SPECTROSCOPY,ZWARNING_0_SCIENCEPRIMARY
TRD008791,180.97463,-3.5506725,QSO,SDSS_DR18_SPECTROSCOPY,ZWARNING_0_SCIENCEPRIMARY
TRD008792,180.87343,-3.7362961,QSO,SDSS_DR18_SPECTROSCOPY,ZWARNING_0_SCIENCEPRIMARY
TRD008793,181.06343,-3.5748124,QSO,SDSS_DR18_SPECTROSCOPY,ZWARNING_0_SCIENCEPRIMARY
TRD008794,181.13073,-3.5210131,QSO,SDSS_DR18_SPECTROSCOPY,ZWARNING_0_SCIENCEPRIMARY
TRD008795,180.92017,-3.1445479,QSO,SDSS_DR18_SPECTROSCOPY,ZWARNING_0_SCIENCEPRIMARY
TRD008796,180.85995,-2.8464875,QSO,SDSS_DR18_SPECTROSCOPY,ZWARNING_0_SCIENCEPRIMARY
TRD008797,180.81894,-2.7579271,QSO,SDSS_DR18_SPECTROSCOPY,ZWARNING_0_SCIENCEPRIMARY
TRD008798,180.3098,-3.6780667,QSO,SDSS_DR18_SPECTROSCOPY,ZWARNING_0_SCIENCEPRIMARY
TRD008799,180.27132,-3.0907281,QSO,SDSS_DR18_SPECTROSCOPY,ZWARNING_0_SCIENCEPRIMARY
TRD008800,180.30734,-2.7114763,QSO,SDSS_DR18_SPECTROSCOPY,ZWARNING_0_SCIENCEPRIMARY
TRD008801,179.75597,-3.1053253,QSO,SDSS_DR18_SPECTROSCOPY,ZWARNING_0_SCIENCEPRIMARY
TRD008802,179.67238,-3.3777505,QSO,SDSS_DR18_SPECTROSCOPY,ZWARNING_0_SCIENCEPRIMARY
TRD008803,179.42476,-3.3516907,QSO,SDSS_DR18_SPECTROSCOPY,ZWARNING_0_SCIENCEPRIMARY
TRD008804,179.56436,-3.6442644,QSO,SDSS_DR18_SPECTROSCOPY,ZWARNING_0_SCIENCEPRIMARY
TRD008805,179.25065,-3.2071235,QSO,SDSS_DR18_SPECTROSCOPY,ZWARNING_0_SCIENCEPRIMARY
TRD008806,179.47168,-3.2602807,QSO,SDSS_DR18_SPECTROSCOPY,ZWARNING_0_SCIENCEPRIMARY
TRD008807,179.36271,-2.876814,QSO,SDSS_DR18_SPECTROSCOPY,ZWARNING_0_SCIENCEPRIMARY
TRD008808,179.71329,-1.911833,QSO,SDSS_DR18_SPECTROSCOPY,ZWARNING_0_SCIENCEPRIMARY
TRD008809,179.62413,-1.980708,QSO,SDSS_DR18_SPECTROSCOPY,ZWARNING_0_SCIENCEPRIMARY
TRD008810,179.9283,-1.5306077,QSO,SDSS_DR18_SPECTROSCOPY,ZWARNING_0_SCIENCEPRIMARY
TRD008811,179.9207,-1.4523452,QSO,SDSS_DR18_SPECTROSCOPY,ZWARNING_0_SCIENCEPRIMARY
TRD008812,179.81837,-1.7645875,QSO,SDSS_DR18_SPECTROSCOPY,ZWARNING_0_SCIENCEPRIMARY
TRD008813,180.2239,-1.2121434,QSO,SDSS_DR18_SPECTROSCOPY,ZWARNING_0_SCIENCEPRIMARY
TRD008814,180.04554,-2.081059,QSO,SDSS_DR18_SPECTROSCOPY,ZWARNING_0_SCIENCEPRIMARY
TRD008815,180.45728,-1.8909608,QSO,SDSS_DR18_SPECTROSCOPY,ZWARNING_0_SCIENCEPRIMARY
TRD008816,180.61151,-1.4875743,QSO,SDSS_DR18_SPECTROSCOPY,ZWARNING_0_SCIENCEPRIMARY
TRD008817,180.71911,-1.7911523,QSO,SDSS_DR18_SPECTROSCOPY,ZWARNING_0_SCIENCEPRIMARY
TRD008818,181.01456,-1.5187146,QSO,SDSS_DR18_SPECTROSCOPY,ZWARNING_0_SCIENCEPRIMARY
TRD008819,180.87962,-1.6865915,QSO,SDSS_DR18_SPECTROSCOPY,ZWARNING_0_SCIENCEPRIMARY
TRD008820,180.89728,-1.9036656,QSO,SDSS_DR18_SPECTROSCOPY,ZWARNING_0_SCIENCEPRIMARY
TRD008821,181.08264,-1.7973269,QSO,SDSS_DR18_SPECTROSCOPY,ZWARNING_0_SCIENCEPRIMARY
TRD008822,180.97793,-2.3948969,QSO,SDSS_DR18_SPECTROSCOPY,ZWARNING_0_SCIENCEPRIMARY
TRD008823,181.28349,-1.5734993,QSO,SDSS_DR18_SPECTROSCOPY,ZWARNING_0_SCIENCEPRIMARY
TRD008824,181.13755,-1.7078934,QSO,SDSS_DR18_SPECTROSCOPY,ZWARNING_0_SCIENCEPRIMARY
TRD008825,181.09228,-1.3675967,QSO,SDSS_DR18_SPECTROSCOPY,ZWARNING_0_SCIENCEPRIMARY
TRD008826,181.24475,-1.9658926,QSO,SDSS_DR18_SPECTROSCOPY,ZWARNING_0_SCIENCEPRIMARY
TRD008827,181.25031,-1.939939,QSO,SDSS_DR18_SPECTROSCOPY,ZWARNING_0_SCIENCEPRIMARY
TRD008828,183.09708,-3.4422466,QSO,SDSS_DR18_SPECTROSCOPY,ZWARNING_0_SCIENCEPRIMARY
TRD008829,182.91494,-3.4723479,QSO,SDSS_DR18_SPECTROSCOPY,ZWARNING_0_SCIENCEPRIMARY
TRD008830,183.56114,-3.0031955,QSO,SDSS_DR18_SPECTROSCOPY,ZWARNING_0_SCIENCEPRIMARY
TRD008831,183.61577,-3.1225316,QSO,SDSS_DR18_SPECTROSCOPY,ZWARNING_0_SCIENCEPRIMARY
TRD008832,183.0942,-2.6794178,QSO,SDSS_DR18_SPECTROSCOPY,ZWARNING_0_SCIENCEPRIMARY
TRD008833,182.8618,-3.1506449,QSO,SDSS_DR18_SPECTROSCOPY,ZWARNING_0_SCIENCEPRIMARY
TRD008834,182.74298,-3.2140969,QSO,SDSS_DR18_SPECTROSCOPY,ZWARNING_0_SCIENCEPRIMARY
TRD008835,183.03682,-2.8489623,QSO,SDSS_DR18_SPECTROSCOPY,ZWARNING_0_SCIENCEPRIMARY
TRD008836,182.90165,-2.5032173,QSO,SDSS_DR18_SPECTROSCOPY,ZWARNING_0_SCIENCEPRIMARY
TRD008837,183.09145,-2.8695806,QSO,SDSS_DR18_SPECTROSCOPY,ZWARNING_0_SCIENCEPRIMARY
TRD008838,182.71547,-3.5891486,QSO,SDSS_DR18_SPECTROSCOPY,ZWARNING_0_SCIENCEPRIMARY
TRD008839,182.25541,-3.0493988,QSO,SDSS_DR18_SPECTROSCOPY,ZWARNING_0_SCIENCEPRIMARY
TRD008840,181.93513,-2.5753246,QSO,SDSS_DR18_SPECTROSCOPY,ZWARNING_0_SCIENCEPRIMARY
TRD008841,182.43463,-3.285747,QSO,SDSS_DR18_SPECTROSCOPY,ZWARNING_0_SCIENCEPRIMARY
TRD008842,181.78341,-2.7455859,QSO,SDSS_DR18_SPECTROSCOPY,ZWARNING_0_SCIENCEPRIMARY
TRD008843,181.8574,-2.5068026,QSO,SDSS_DR18_SPECTROSCOPY,ZWARNING_0_SCIENCEPRIMARY
TRD008844,182.12304,-3.3710195,QSO,SDSS_DR18_SPECTROSCOPY,ZWARNING_0_SCIENCEPRIMARY
TRD008845,181.7857,-1.6039192,QSO,SDSS_DR18_SPECTROSCOPY,ZWARNING_0_SCIENCEPRIMARY
TRD008846,181.68677,-1.4603094,QSO,SDSS_DR18_SPECTROSCOPY,ZWARNING_0_SCIENCEPRIMARY
TRD008847,181.50806,-1.8302167,QSO,SDSS_DR18_SPECTROSCOPY,ZWARNING_0_SCIENCEPRIMARY
TRD008848,182.02872,-1.5860283,QSO,SDSS_DR18_SPECTROSCOPY,ZWARNING_0_SCIENCEPRIMARY
TRD008849,181.75125,-2.3241934,QSO,SDSS_DR18_SPECTROSCOPY,ZWARNING_0_SCIENCEPRIMARY
TRD008850,182.44812,-1.7843074,QSO,SDSS_DR18_SPECTROSCOPY,ZWARNING_0_SCIENCEPRIMARY
TRD008851,182.15123,-2.1240216,QSO,SDSS_DR18_SPECTROSCOPY,ZWARNING_0_SCIENCEPRIMARY
TRD008852,182.6388,-1.2987781,QSO,SDSS_DR18_SPECTROSCOPY,ZWARNING_0_SCIENCEPRIMARY
TRD008853,182.56367,-1.0783404,QSO,SDSS_DR18_SPECTROSCOPY,ZWARNING_0_SCIENCEPRIMARY
TRD008854,182.10257,-2.0432915,QSO,SDSS_DR18_SPECTROSCOPY,ZWARNING_0_SCIENCEPRIMARY
TRD008855,182.39361,-2.379259,QSO,SDSS_DR18_SPECTROSCOPY,ZWARNING_0_SCIENCEPRIMARY
TRD008856,182.70545,-2.348898,QSO,SDSS_DR18_SPECTROSCOPY,ZWARNING_0_SCIENCEPRIMARY
TRD008857,182.92875,-1.7786619,QSO,SDSS_DR18_SPECTROSCOPY,ZWARNING_0_SCIENCEPRIMARY
TRD008858,183.10146,-1.8795524,QSO,SDSS_DR18_SPECTROSCOPY,ZWARNING_0_SCIENCEPRIMARY
TRD008859,182.87364,-1.9018755,QSO,SDSS_DR18_SPECTROSCOPY,ZWARNING_0_SCIENCEPRIMARY
TRD008860,182.92116,-2.2307834,QSO,SDSS_DR18_SPECTROSCOPY,ZWARNING_0_SCIENCEPRIMARY
TRD008861,182.7553,-2.1803687,QSO,SDSS_DR18_SPECTROSCOPY,ZWARNING_0_SCIENCEPRIMARY
TRD008862,182.7891,-2.1281882,QSO,SDSS_DR18_SPECTROSCOPY,ZWARNING_0_SCIENCEPRIMARY
TRD008863,183.44266,-1.2876593,QSO,SDSS_DR18_SPECTROSCOPY,ZWARNING_0_SCIENCEPRIMARY
TRD008864,183.38831,-1.5390925,QSO,SDSS_DR18_SPECTROSCOPY,ZWARNING_0_SCIENCEPRIMARY
TRD008865,183.2642,-1.7474867,QSO,SDSS_DR18_SPECTROSCOPY,ZWARNING_0_SCIENCEPRIMARY
TRD008866,183.10653,-1.9544429,QSO,SDSS_DR18_SPECTROSCOPY,ZWARNING_0_SCIENCEPRIMARY
TRD008867,183.03259,-2.1022663,QSO,SDSS_DR18_SPECTROSCOPY,ZWARNING_0_SCIENCEPRIMARY
TRD008868,184.03066,-2.2382793,QSO,SDSS_DR18_SPECTROSCOPY,ZWARNING_0_SCIENCEPRIMARY
TRD008869,185.32652,-3.2617745,QSO,SDSS_DR18_SPECTROSCOPY,ZWARNING_0_SCIENCEPRIMARY
TRD008870,185.28802,-3.5965133,QSO,SDSS_DR18_SPECTROSCOPY,ZWARNING_0_SCIENCEPRIMARY
TRD008871,185.48776,-3.5983602,QSO,SDSS_DR18_SPECTROSCOPY,ZWARNING_0_SCIENCEPRIMARY
TRD008872,185.63533,-2.9122375,QSO,SDSS_DR18_SPECTROSCOPY,ZWARNING_0_SCIENCEPRIMARY
TRD008873,185.0082,-3.198422,QSO,SDSS_DR18_SPECTROSCOPY,ZWARNING_0_SCIENCEPRIMARY
TRD008874,185.31343,-3.0619475,QSO,SDSS_DR18_SPECTROSCOPY,ZWARNING_0_SCIENCEPRIMARY
TRD008875,185.37664,-2.6924886,QSO,SDSS_DR18_SPECTROSCOPY,ZWARNING_0_SCIENCEPRIMARY
TRD008876,184.73076,-3.6254354,QSO,SDSS_DR18_SPECTROSCOPY,ZWARNING_0_SCIENCEPRIMARY
TRD008877,184.8871,-3.4519754,QSO,SDSS_DR18_SPECTROSCOPY,ZWARNING_0_SCIENCEPRIMARY
TRD008878,185.16457,-2.8903976,QSO,SDSS_DR18_SPECTROSCOPY,ZWARNING_0_SCIENCEPRIMARY
TRD008879,184.78065,-2.783992,QSO,SDSS_DR18_SPECTROSCOPY,ZWARNING_0_SCIENCEPRIMARY
TRD008880,184.44609,-2.8344,QSO,SDSS_DR18_SPECTROSCOPY,ZWARNING_0_SCIENCEPRIMARY
TRD008881,184.36436,-3.0113568,QSO,SDSS_DR18_SPECTROSCOPY,ZWARNING_0_SCIENCEPRIMARY
TRD008882,184.12229,-3.1470712,QSO,SDSS_DR18_SPECTROSCOPY,ZWARNING_0_SCIENCEPRIMARY
TRD008883,184.17249,-2.8786325,QSO,SDSS_DR18_SPECTROSCOPY,ZWARNING_0_SCIENCEPRIMARY
TRD008884,183.8723,-3.6166632,QSO,SDSS_DR18_SPECTROSCOPY,ZWARNING_0_SCIENCEPRIMARY
TRD008885,183.56502,-2.9028831,QSO,SDSS_DR18_SPECTROSCOPY,ZWARNING_0_SCIENCEPRIMARY
TRD008886,183.36993,-2.9382969,QSO,SDSS_DR18_SPECTROSCOPY,ZWARNING_0_SCIENCEPRIMARY
TRD008887,183.48752,-2.8446328,QSO,SDSS_DR18_SPECTROSCOPY,ZWARNING_0_SCIENCEPRIMARY
TRD008888,183.53204,-1.822162,QSO,SDSS_DR18_SPECTROSCOPY,ZWARNING_0_SCIENCEPRIMARY
TRD008889,183.73088,-1.8085592,QSO,SDSS_DR18_SPECTROSCOPY,ZWARNING_0_SCIENCEPRIMARY
TRD008890,183.47269,-2.1224792,QSO,SDSS_DR18_SPECTROSCOPY,ZWARNING_0_SCIENCEPRIMARY
TRD008891,183.64828,-2.5452586,QSO,SDSS_DR18_SPECTROSCOPY,ZWARNING_0_SCIENCEPRIMARY
TRD008892,183.52329,-1.9321747,QSO,SDSS_DR18_SPECTROSCOPY,ZWARNING_0_SCIENCEPRIMARY
TRD008893,184.22336,-1.3242162,QSO,SDSS_DR18_SPECTROSCOPY,ZWARNING_0_SCIENCEPRIMARY
TRD008894,183.74938,-2.4158672,QSO,SDSS_DR18_SPECTROSCOPY,ZWARNING_0_SCIENCEPRIMARY
TRD008895,183.72171,-2.4864235,QSO,SDSS_DR18_SPECTROSCOPY,ZWARNING_0_SCIENCEPRIMARY
TRD008896,184.44741,-1.8468434,QSO,SDSS_DR18_SPECTROSCOPY,ZWARNING_0_SCIENCEPRIMARY
TRD008897,184.29967,-2.2008345,QSO,SDSS_DR18_SPECTROSCOPY,ZWARNING_0_SCIENCEPRIMARY
TRD008898,184.36036,-2.3565543,QSO,SDSS_DR18_SPECTROSCOPY,ZWARNING_0_SCIENCEPRIMARY
TRD008899,184.68978,-1.4293805,QSO,SDSS_DR18_SPECTROSCOPY,ZWARNING_0_SCIENCEPRIMARY
TRD008900,184.6769,-1.3147278,QSO,SDSS_DR18_SPECTROSCOPY,ZWARNING_0_SCIENCEPRIMARY
TRD008901,184.52325,-2.2510586,QSO,SDSS_DR18_SPECTROSCOPY,ZWARNING_0_SCIENCEPRIMARY
TRD008902,184.49568,-2.0619025,QSO,SDSS_DR18_SPECTROSCOPY,ZWARNING_0_SCIENCEPRIMARY
TRD008903,184.51167,-1.9111037,QSO,SDSS_DR18_SPECTROSCOPY,ZWARNING_0_SCIENCEPRIMARY
TRD008904,184.90279,-2.4571493,QSO,SDSS_DR18_SPECTROSCOPY,ZWARNING_0_SCIENCEPRIMARY
TRD008905,184.86945,-1.9224109,QSO,SDSS_DR18_SPECTROSCOPY,ZWARNING_0_SCIENCEPRIMARY
TRD008906,185.03982,-1.5336599,QSO,SDSS_DR18_SPECTROSCOPY,ZWARNING_0_SCIENCEPRIMARY
TRD008907,185.15853,-1.8795864,QSO,SDSS_DR18_SPECTROSCOPY,ZWARNING_0_SCIENCEPRIMARY
TRD008908,185.19145,-1.3543125,QSO,SDSS_DR18_SPECTROSCOPY,ZWARNING_0_SCIENCEPRIMARY
TRD008909,184.98541,-1.3563616,QSO,SDSS_DR18_SPECTROSCOPY,ZWARNING_0_SCIENCEPRIMARY
TRD008910,185.18006,-1.5376013,QSO,SDSS_DR18_SPECTROSCOPY,ZWARNING_0_SCIENCEPRIMARY
TRD008911,185.31389,-2.0481645,QSO,SDSS_DR18_SPECTROSCOPY,ZWARNING_0_SCIENCEPRIMARY
TRD008912,185.74851,-2.0174122,QSO,SDSS_DR18_SPECTROSCOPY,ZWARNING_0_SCIENCEPRIMARY
TRD008913,185.58972,-1.4103086,QSO,SDSS_DR18_SPECTROSCOPY,ZWARNING_0_SCIENCEPRIMARY
TRD008914,185.9403,-2.0838808,QSO,SDSS_DR18_SPECTROSCOPY,ZWARNING_0_SCIENCEPRIMARY
TRD008915,188.1084,-3.3282488,QSO,SDSS_DR18_SPECTROSCOPY,ZWARNING_0_SCIENCEPRIMARY
TRD008916,187.92223,-3.6687862,QSO,SDSS_DR18_SPECTROSCOPY,ZWARNING_0_SCIENCEPRIMARY
TRD008917,187.97161,-3.1986608,QSO,SDSS_DR18_SPECTROSCOPY,ZWARNING_0_SCIENCEPRIMARY
TRD008918,187.99459,-2.8921644,QSO,SDSS_DR18_SPECTROSCOPY,ZWARNING_0_SCIENCEPRIMARY
TRD008919,187.24868,-3.6316251,QSO,SDSS_DR18_SPECTROSCOPY,ZWARNING_0_SCIENCEPRIMARY
TRD008920,187.35814,-3.117368,QSO,SDSS_DR18_SPECTROSCOPY,ZWARNING_0_SCIENCEPRIMARY
TRD008921,187.15383,-3.0775675,QSO,SDSS_DR18_SPECTROSCOPY,ZWARNING_0_SCIENCEPRIMARY
TRD008922,187.11674,-2.8035061,QSO,SDSS_DR18_SPECTROSCOPY,ZWARNING_0_SCIENCEPRIMARY
TRD008923,186.68032,-2.8980085,QSO,SDSS_DR18_SPECTROSCOPY,ZWARNING_0_SCIENCEPRIMARY
TRD008924,186.80182,-2.6343234,QSO,SDSS_DR18_SPECTROSCOPY,ZWARNING_0_SCIENCEPRIMARY
TRD008925,186.69899,-3.4228982,QSO,SDSS_DR18_SPECTROSCOPY,ZWARNING_0_SCIENCEPRIMARY
TRD008926,186.6616,-3.5883065,QSO,SDSS_DR18_SPECTROSCOPY,ZWARNING_0_SCIENCEPRIMARY
TRD008927,186.5314,-2.9613526,QSO,SDSS_DR18_SPECTROSCOPY,ZWARNING_0_SCIENCEPRIMARY
TRD008928,186.39499,-2.7991944,QSO,SDSS_DR18_SPECTROSCOPY,ZWARNING_0_SCIENCEPRIMARY
TRD008929,186.34349,-3.3664218,QSO,SDSS_DR18_SPECTROSCOPY,ZWARNING_0_SCIENCEPRIMARY
TRD008930,186.07808,-3.0194603,QSO,SDSS_DR18_SPECTROSCOPY,ZWARNING_0_SCIENCEPRIMARY
TRD008931,186.27582,-3.0167755,QSO,SDSS_DR18_SPECTROSCOPY,ZWARNING_0_SCIENCEPRIMARY
TRD008932,185.96534,-3.3681031,QSO,SDSS_DR18_SPECTROSCOPY,ZWARNING_0_SCIENCEPRIMARY
TRD008933,185.86923,-2.8335367,QSO,SDSS_DR18_SPECTROSCOPY,ZWARNING_0_SCIENCEPRIMARY
TRD008934,186.13361,-1.3716397,QSO,SDSS_DR18_SPECTROSCOPY,ZWARNING_0_SCIENCEPRIMARY
TRD008935,185.94985,-1.5511096,QSO,SDSS_DR18_SPECTROSCOPY,ZWARNING_0_SCIENCEPRIMARY
TRD008936,185.96947,-1.8661071,QSO,SDSS_DR18_SPECTROSCOPY,ZWARNING_0_SCIENCEPRIMARY
TRD008937,185.63406,-2.2802349,QSO,SDSS_DR18_SPECTROSCOPY,ZWARNING_0_SCIENCEPRIMARY
TRD008938,186.7357,-1.4599402,QSO,SDSS_DR18_SPECTROSCOPY,ZWARNING_0_SCIENCEPRIMARY
TRD008939,186.75245,-1.5537579,QSO,SDSS_DR18_SPECTROSCOPY,ZWARNING_0_SCIENCEPRIMARY
TRD008940,186.45317,-1.8755902,QSO,SDSS_DR18_SPECTROSCOPY,ZWARNING_0_SCIENCEPRIMARY
TRD008941,186.31292,-2.1881611,QSO,SDSS_DR18_SPECTROSCOPY,ZWARNING_0_SCIENCEPRIMARY
TRD008942,186.57244,-1.9986967,QSO,SDSS_DR18_SPECTROSCOPY,ZWARNING_0_SCIENCEPRIMARY
TRD008943,186.31383,-2.3770006,QSO,SDSS_DR18_SPECTROSCOPY,ZWARNING_0_SCIENCEPRIMARY
TRD008944,186.29588,-2.4239695,QSO,SDSS_DR18_SPECTROSCOPY,ZWARNING_0_SCIENCEPRIMARY
TRD008945,186.35995,-2.6063954,QSO,SDSS_DR18_SPECTROSCOPY,ZWARNING_0_SCIENCEPRIMARY
TRD008946,186.86448,-1.3661661,QSO,SDSS_DR18_SPECTROSCOPY,ZWARNING_0_SCIENCEPRIMARY
TRD008947,187.15255,-1.8730942,QSO,SDSS_DR18_SPECTROSCOPY,ZWARNING_0_SCIENCEPRIMARY
TRD008948,186.93571,-1.8611941,QSO,SDSS_DR18_SPECTROSCOPY,ZWARNING_0_SCIENCEPRIMARY
TRD008949,187.1153,-1.6397233,QSO,SDSS_DR18_SPECTROSCOPY,ZWARNING_0_SCIENCEPRIMARY
TRD008950,186.67283,-2.2225723,QSO,SDSS_DR18_SPECTROSCOPY,ZWARNING_0_SCIENCEPRIMARY
TRD008951,187.31658,-1.437456,QSO,SDSS_DR18_SPECTROSCOPY,ZWARNING_0_SCIENCEPRIMARY
TRD008952,186.87327,-2.1577627,QSO,SDSS_DR18_SPECTROSCOPY,ZWARNING_0_SCIENCEPRIMARY
TRD008953,186.98944,-2.6166413,QSO,SDSS_DR18_SPECTROSCOPY,ZWARNING_0_SCIENCEPRIMARY
TRD008954,187.0398,-2.5781923,QSO,SDSS_DR18_SPECTROSCOPY,ZWARNING_0_SCIENCEPRIMARY
TRD008955,187.34187,-2.1029905,QSO,SDSS_DR18_SPECTROSCOPY,ZWARNING_0_SCIENCEPRIMARY
TRD008956,187.61709,-1.9567231,QSO,SDSS_DR18_SPECTROSCOPY,ZWARNING_0_SCIENCEPRIMARY
TRD008957,187.48404,-1.4863033,QSO,SDSS_DR18_SPECTROSCOPY,ZWARNING_0_SCIENCEPRIMARY
TRD008958,187.54342,-2.4056723,QSO,SDSS_DR18_SPECTROSCOPY,ZWARNING_0_SCIENCEPRIMARY
TRD008959,187.6894,-1.2510889,QSO,SDSS_DR18_SPECTROSCOPY,ZWARNING_0_SCIENCEPRIMARY
TRD008960,187.71269,-1.7841069,QSO,SDSS_DR18_SPECTROSCOPY,ZWARNING_0_SCIENCEPRIMARY
TRD008961,187.86152,-1.8964202,QSO,SDSS_DR18_SPECTROSCOPY,ZWARNING_0_SCIENCEPRIMARY
TRD008962,187.80818,-2.284159,QSO,SDSS_DR18_SPECTROSCOPY,ZWARNING_0_SCIENCEPRIMARY
TRD008963,188.00007,-2.4013291,QSO,SDSS_DR18_SPECTROSCOPY,ZWARNING_0_SCIENCEPRIMARY
TRD008964,190.25879,-3.4258324,QSO,SDSS_DR18_SPECTROSCOPY,ZWARNING_0_SCIENCEPRIMARY
TRD008965,190.78116,-2.7241692,QSO,SDSS_DR18_SPECTROSCOPY,ZWARNING_0_SCIENCEPRIMARY
TRD008966,190.90559,-2.5333845,QSO,SDSS_DR18_SPECTROSCOPY,ZWARNING_0_SCIENCEPRIMARY
TRD008967,189.8406,-3.4403008,QSO,SDSS_DR18_SPECTROSCOPY,ZWARNING_0_SCIENCEPRIMARY
TRD008968,190.48887,-2.7920453,QSO,SDSS_DR18_SPECTROSCOPY,ZWARNING_0_SCIENCEPRIMARY
TRD008969,189.70827,-3.1667619,QSO,SDSS_DR18_SPECTROSCOPY,ZWARNING_0_SCIENCEPRIMARY
TRD008970,189.92837,-2.9358159,QSO,SDSS_DR18_SPECTROSCOPY,ZWARNING_0_SCIENCEPRIMARY
TRD008971,189.19143,-2.9952718,QSO,SDSS_DR18_SPECTROSCOPY,ZWARNING_0_SCIENCEPRIMARY
TRD008972,188.93909,-3.6029952,QSO,SDSS_DR18_SPECTROSCOPY,ZWARNING_0_SCIENCEPRIMARY
TRD008973,188.90559,-3.1050577,QSO,SDSS_DR18_SPECTROSCOPY,ZWARNING_0_SCIENCEPRIMARY
TRD008974,189.00974,-3.5249845,QSO,SDSS_DR18_SPECTROSCOPY,ZWARNING_0_SCIENCEPRIMARY
TRD008975,188.97194,-3.299112,QSO,SDSS_DR18_SPECTROSCOPY,ZWARNING_0_SCIENCEPRIMARY
TRD008976,189.03482,-2.6438086,QSO,SDSS_DR18_SPECTROSCOPY,ZWARNING_0_SCIENCEPRIMARY
TRD008977,188.99396,-2.5842488,QSO,SDSS_DR18_SPECTROSCOPY,ZWARNING_0_SCIENCEPRIMARY
TRD008978,188.82118,-2.9572085,QSO,SDSS_DR18_SPECTROSCOPY,ZWARNING_0_SCIENCEPRIMARY
TRD008979,188.85129,-3.0235255,QSO,SDSS_DR18_SPECTROSCOPY,ZWARNING_0_SCIENCEPRIMARY
TRD008980,188.25436,-3.302777,QSO,SDSS_DR18_SPECTROSCOPY,ZWARNING_0_SCIENCEPRIMARY
TRD008981,188.43171,-3.1616228,QSO,SDSS_DR18_SPECTROSCOPY,ZWARNING_0_SCIENCEPRIMARY
TRD008982,188.56002,-1.332231,QSO,SDSS_DR18_SPECTROSCOPY,ZWARNING_0_SCIENCEPRIMARY
TRD008983,188.09557,-2.3831407,QSO,SDSS_DR18_SPECTROSCOPY,ZWARNING_0_SCIENCEPRIMARY
TRD008984,188.71559,-1.4280003,QSO,SDSS_DR18_SPECTROSCOPY,ZWARNING_0_SCIENCEPRIMARY
TRD008985,188.9782,-1.6821362,QSO,SDSS_DR18_SPECTROSCOPY,ZWARNING_0_SCIENCEPRIMARY
TRD008986,188.71877,-1.9987999,QSO,SDSS_DR18_SPECTROSCOPY,ZWARNING_0_SCIENCEPRIMARY
TRD008987,189.02272,-1.6886587,QSO,SDSS_DR18_SPECTROSCOPY,ZWARNING_0_SCIENCEPRIMARY
TRD008988,189.17968,-2.0724939,QSO,SDSS_DR18_SPECTROSCOPY,ZWARNING_0_SCIENCEPRIMARY
TRD008989,188.85256,-2.4318384,QSO,SDSS_DR18_SPECTROSCOPY,ZWARNING_0_SCIENCEPRIMARY
TRD008990,188.8848,-2.2361444,QSO,SDSS_DR18_SPECTROSCOPY,ZWARNING_0_SCIENCEPRIMARY
TRD008991,189.54812,-1.27207,QSO,SDSS_DR18_SPECTROSCOPY,ZWARNING_0_SCIENCEPRIMARY
TRD008992,189.94492,-2.330298,QSO,SDSS_DR18_SPECTROSCOPY,ZWARNING_0_SCIENCEPRIMARY
TRD008993,190.3691,-1.3355689,QSO,SDSS_DR18_SPECTROSCOPY,ZWARNING_0_SCIENCEPRIMARY
TRD008994,192.01709,-3.0206746,QSO,SDSS_DR18_SPECTROSCOPY,ZWARNING_0_SCIENCEPRIMARY
TRD008995,192.44825,-2.4912284,QSO,SDSS_DR18_SPECTROSCOPY,ZWARNING_0_SCIENCEPRIMARY
TRD008996,192.56117,-2.637093,QSO,SDSS_DR18_SPECTROSCOPY,ZWARNING_0_SCIENCEPRIMARY
TRD008997,192.49638,-2.2454137,QSO,SDSS_DR18_SPECTROSCOPY,ZWARNING_0_SCIENCEPRIMARY
TRD008998,191.69056,-3.0406952,QSO,SDSS_DR18_SPECTROSCOPY,ZWARNING_0_SCIENCEPRIMARY
TRD008999,192.26731,-2.3766412,QSO,SDSS_DR18_SPECTROSCOPY,ZWARNING_0_SCIENCEPRIMARY
TRD009000,191.57135,-3.4913997,QSO,SDSS_DR18_SPECTROSCOPY,ZWARNING_0_SCIENCEPRIMARY
TRD009001,191.27874,-3.3658322,QSO,SDSS_DR18_SPECTROSCOPY,ZWARNING_0_SCIENCEPRIMARY
TRD009002,191.58185,-2.3514327,QSO,SDSS_DR18_SPECTROSCOPY,ZWARNING_0_SCIENCEPRIMARY
TRD009003,191.68526,-2.8561957,QSO,SDSS_DR18_SPECTROSCOPY,ZWARNING_0_SCIENCEPRIMARY
TRD009004,191.14881,-3.4967752,QSO,SDSS_DR18_SPECTROSCOPY,ZWARNING_0_SCIENCEPRIMARY
TRD009005,191.02422,-3.3152261,QSO,SDSS_DR18_SPECTROSCOPY,ZWARNING_0_SCIENCEPRIMARY
TRD009006,191.08637,-2.2345964,QSO,SDSS_DR18_SPECTROSCOPY,ZWARNING_0_SCIENCEPRIMARY
TRD009007,191.09609,-2.4827651,QSO,SDSS_DR18_SPECTROSCOPY,ZWARNING_0_SCIENCEPRIMARY
TRD009008,190.05039,-2.9404994,QSO,SDSS_DR18_SPECTROSCOPY,ZWARNING_0_SCIENCEPRIMARY
TRD009009,189.87943,-2.8479082,QSO,SDSS_DR18_SPECTROSCOPY,ZWARNING_0_SCIENCEPRIMARY
TRD009010,190.73765,-1.3219244,QSO,SDSS_DR18_SPECTROSCOPY,ZWARNING_0_SCIENCEPRIMARY
TRD009011,190.75449,-1.5132878,QSO,SDSS_DR18_SPECTROSCOPY,ZWARNING_0_SCIENCEPRIMARY
TRD009012,190.81448,-1.3557911,QSO,SDSS_DR18_SPECTROSCOPY,ZWARNING_0_SCIENCEPRIMARY
TRD009013,191.23435,-1.6593669,QSO,SDSS_DR18_SPECTROSCOPY,ZWARNING_0_SCIENCEPRIMARY
TRD009014,191.44242,-1.3000564,QSO,SDSS_DR18_SPECTROSCOPY,ZWARNING_0_SCIENCEPRIMARY
TRD009015,191.38161,-1.7614636,QSO,SDSS_DR18_SPECTROSCOPY,ZWARNING_0_SCIENCEPRIMARY
TRD009016,191.69759,-1.7866047,QSO,SDSS_DR18_SPECTROSCOPY,ZWARNING_0_SCIENCEPRIMARY
TRD009017,191.52959,-2.1642103,QSO,SDSS_DR18_SPECTROSCOPY,ZWARNING_0_SCIENCEPRIMARY
TRD009018,191.87908,-1.7077129,QSO,SDSS_DR18_SPECTROSCOPY,ZWARNING_0_SCIENCEPRIMARY
TRD009019,191.82526,-2.1632146,QSO,SDSS_DR18_SPECTROSCOPY,ZWARNING_0_SCIENCEPRIMARY
TRD009020,192.32034,-1.5478311,QSO,SDSS_DR18_SPECTROSCOPY,ZWARNING_0_SCIENCEPRIMARY
TRD009021,193.96887,-2.8938136,QSO,SDSS_DR18_SPECTROSCOPY,ZWARNING_0_SCIENCEPRIMARY
TRD009022,194.1329,-2.5251559,QSO,SDSS_DR18_SPECTROSCOPY,ZWARNING_0_SCIENCEPRIMARY
TRD009023,193.39372,-3.699474,QSO,SDSS_DR18_SPECTROSCOPY,ZWARNING_0_SCIENCEPRIMARY
TRD009024,193.53925,-3.4724202,QSO,SDSS_DR18_SPECTROSCOPY,ZWARNING_0_SCIENCEPRIMARY
TRD009025,193.81652,-3.095601,QSO,SDSS_DR18_SPECTROSCOPY,ZWARNING_0_SCIENCEPRIMARY
TRD009026,193.33991,-3.3876715,QSO,SDSS_DR18_SPECTROSCOPY,ZWARNING_0_SCIENCEPRIMARY
TRD009027,193.65578,-2.4907806,QSO,SDSS_DR18_SPECTROSCOPY,ZWARNING_0_SCIENCEPRIMARY
TRD009028,192.91167,-3.6853305,QSO,SDSS_DR18_SPECTROSCOPY,ZWARNING_0_SCIENCEPRIMARY
TRD009029,193.0386,-3.3972065,QSO,SDSS_DR18_SPECTROSCOPY,ZWARNING_0_SCIENCEPRIMARY
TRD009030,193.22783,-2.8266417,QSO,SDSS_DR18_SPECTROSCOPY,ZWARNING_0_SCIENCEPRIMARY
TRD009031,192.86224,-2.5150053,QSO,SDSS_DR18_SPECTROSCOPY,ZWARNING_0_SCIENCEPRIMARY
TRD009032,193.00575,-2.4754605,QSO,SDSS_DR18_SPECTROSCOPY,ZWARNING_0_SCIENCEPRIMARY
TRD009033,192.67685,-2.8254005,QSO,SDSS_DR18_SPECTROSCOPY,ZWARNING_0_SCIENCEPRIMARY
TRD009034,192.24885,-2.9585366,QSO,SDSS_DR18_SPECTROSCOPY,ZWARNING_0_SCIENCEPRIMARY
TRD009035,191.50081,-2.7256062,QSO,SDSS_DR18_SPECTROSCOPY,ZWARNING_0_SCIENCEPRIMARY
TRD009036,192.45458,-1.5695078,QSO,SDSS_DR18_SPECTROSCOPY,ZWARNING_0_SCIENCEPRIMARY
TRD009037,192.46378,-2.3231096,QSO,SDSS_DR18_SPECTROSCOPY,ZWARNING_0_SCIENCEPRIMARY
TRD009038,192.58283,-1.7217826,QSO,SDSS_DR18_SPECTROSCOPY,ZWARNING_0_SCIENCEPRIMARY
TRD009039,192.63711,-2.3079069,QSO,SDSS_DR18_SPECTROSCOPY,ZWARNING_0_SCIENCEPRIMARY
TRD009040,193.53127,-2.3526477,QSO,SDSS_DR18_SPECTROSCOPY,ZWARNING_0_SCIENCEPRIMARY
TRD009041,194.0964,-2.3790592,QSO,SDSS_DR18_SPECTROSCOPY,ZWARNING_0_SCIENCEPRIMARY
TRD009042,193.98023,-1.7796146,QSO,SDSS_DR18_SPECTROSCOPY,ZWARNING_0_SCIENCEPRIMARY
TRD009043,195.24991,-3.0540497,QSO,SDSS_DR18_SPECTROSCOPY,ZWARNING_0_SCIENCEPRIMARY
TRD009044,195.24797,-3.4258974,QSO,SDSS_DR18_SPECTROSCOPY,ZWARNING_0_SCIENCEPRIMARY
TRD009045,195.56473,-2.7550946,QSO,SDSS_DR18_SPECTROSCOPY,ZWARNING_0_SCIENCEPRIMARY
TRD009046,194.60235,-3.5279467,QSO,SDSS_DR18_SPECTROSCOPY,ZWARNING_0_SCIENCEPRIMARY
TRD009047,194.78848,-3.2481117,QSO,SDSS_DR18_SPECTROSCOPY,ZWARNING_0_SCIENCEPRIMARY
TRD009048,194.89191,-2.9011631,QSO,SDSS_DR18_SPECTROSCOPY,ZWARNING_0_SCIENCEPRIMARY
TRD009049,194.78062,-2.8786753,QSO,SDSS_DR18_SPECTROSCOPY,ZWARNING_0_SCIENCEPRIMARY
TRD009050,194.69845,-2.9156071,QSO,SDSS_DR18_SPECTROSCOPY,ZWARNING_0_SCIENCEPRIMARY
TRD009051,194.42037,-3.4567118,QSO,SDSS_DR18_SPECTROSCOPY,ZWARNING_0_SCIENCEPRIMARY
TRD009052,194.52893,-3.2090291,QSO,SDSS_DR18_SPECTROSCOPY,ZWARNING_0_SCIENCEPRIMARY
TRD009053,194.35873,-3.1385579,QSO,SDSS_DR18_SPECTROSCOPY,ZWARNING_0_SCIENCEPRIMARY
TRD009054,194.24915,-3.6371739,QSO,SDSS_DR18_SPECTROSCOPY,ZWARNING_0_SCIENCEPRIMARY
TRD009055,194.18542,-3.2461958,QSO,SDSS_DR18_SPECTROSCOPY,ZWARNING_0_SCIENCEPRIMARY
TRD009056,194.32847,-3.4724773,QSO,SDSS_DR18_SPECTROSCOPY,ZWARNING_0_SCIENCEPRIMARY
TRD009057,193.94932,-3.6526683,QSO,SDSS_DR18_SPECTROSCOPY,ZWARNING_0_SCIENCEPRIMARY
TRD009058,193.81647,-3.3770655,QSO,SDSS_DR18_SPECTROSCOPY,ZWARNING_0_SCIENCEPRIMARY
TRD009059,193.77257,-1.2724445,QSO,SDSS_DR18_SPECTROSCOPY,ZWARNING_0_SCIENCEPRIMARY
TRD009060,194.09409,-1.9998706,QSO,SDSS_DR18_SPECTROSCOPY,ZWARNING_0_SCIENCEPRIMARY
TRD009061,194.46201,-1.5449065,QSO,SDSS_DR18_SPECTROSCOPY,ZWARNING_0_SCIENCEPRIMARY
TRD009062,194.37415,-1.544331,QSO,SDSS_DR18_SPECTROSCOPY,ZWARNING_0_SCIENCEPRIMARY
TRD009063,194.31121,-1.8480968,QSO,SDSS_DR18_SPECTROSCOPY,ZWARNING_0_SCIENCEPRIMARY
TRD009064,194.56343,-1.9885519,QSO,SDSS_DR18_SPECTROSCOPY,ZWARNING_0_SCIENCEPRIMARY
TRD009065,194.75522,-2.018489,QSO,SDSS_DR18_SPECTROSCOPY,ZWARNING_0_SCIENCEPRIMARY
TRD009066,194.70765,-1.7175969,QSO,SDSS_DR18_SPECTROSCOPY,ZWARNING_0_SCIENCEPRIMARY
TRD009067,194.96875,-1.9520191,QSO,SDSS_DR18_SPECTROSCOPY,ZWARNING_0_SCIENCEPRIMARY
TRD009068,195.0401,-1.3987431,QSO,SDSS_DR18_SPECTROSCOPY,ZWARNING_0_SCIENCEPRIMARY
TRD009069,194.84794,-1.5430457,QSO,SDSS_DR18_SPECTROSCOPY,ZWARNING_0_SCIENCEPRIMARY
TRD009070,194.88952,-1.4759518,QSO,SDSS_DR18_SPECTROSCOPY,ZWARNING_0_SCIENCEPRIMARY
TRD009071,195.29044,-1.2747155,QSO,SDSS_DR18_SPECTROSCOPY,ZWARNING_0_SCIENCEPRIMARY
TRD009072,195.27234,-1.3218499,QSO,SDSS_DR18_SPECTROSCOPY,ZWARNING_0_SCIENCEPRIMARY
TRD009073,195.49185,-1.703378,QSO,SDSS_DR18_SPECTROSCOPY,ZWARNING_0_SCIENCEPRIMARY
TRD009074,195.78115,-1.773196,QSO,SDSS_DR18_SPECTROSCOPY,ZWARNING_0_SCIENCEPRIMARY
TRD009075,195.86461,-1.7885619,QSO,SDSS_DR18_SPECTROSCOPY,ZWARNING_0_SCIENCEPRIMARY
TRD009076,195.8782,-2.2333608,QSO,SDSS_DR18_SPECTROSCOPY,ZWARNING_0_SCIENCEPRIMARY
TRD009077,197.39243,-3.555114,QSO,SDSS_DR18_SPECTROSCOPY,ZWARNING_0_SCIENCEPRIMARY
TRD009078,196.29157,-3.5359253,QSO,SDSS_DR18_SPECTROSCOPY,ZWARNING_0_SCIENCEPRIMARY
TRD009079,197.06966,-3.0529969,QSO,SDSS_DR18_SPECTROSCOPY,ZWARNING_0_SCIENCEPRIMARY
TRD009080,197.17575,-2.9722506,QSO,SDSS_DR18_SPECTROSCOPY,ZWARNING_0_SCIENCEPRIMARY
TRD009081,196.93981,-2.9837466,QSO,SDSS_DR18_SPECTROSCOPY,ZWARNING_0_SCIENCEPRIMARY
TRD009082,196.56834,-2.9853712,QSO,SDSS_DR18_SPECTROSCOPY,ZWARNING_0_SCIENCEPRIMARY
TRD009083,196.7306,-3.1611515,QSO,SDSS_DR18_SPECTROSCOPY,ZWARNING_0_SCIENCEPRIMARY
TRD009084,196.5422,-2.68502,QSO,SDSS_DR18_SPECTROSCOPY,ZWARNING_0_SCIENCEPRIMARY
TRD009085,196.47536,-2.8044134,QSO,SDSS_DR18_SPECTROSCOPY,ZWARNING_0_SCIENCEPRIMARY
TRD009086,196.6299,-3.1649807,QSO,SDSS_DR18_SPECTROSCOPY,ZWARNING_0_SCIENCEPRIMARY
TRD009087,196.47543,-2.7826108,QSO,SDSS_DR18_SPECTROSCOPY,ZWARNING_0_SCIENCEPRIMARY
TRD009088,196.09632,-3.2042592,QSO,SDSS_DR18_SPECTROSCOPY,ZWARNING_0_SCIENCEPRIMARY
TRD009089,195.70005,-3.4350793,QSO,SDSS_DR18_SPECTROSCOPY,ZWARNING_0_SCIENCEPRIMARY
TRD009090,195.38915,-3.6482091,QSO,SDSS_DR18_SPECTROSCOPY,ZWARNING_0_SCIENCEPRIMARY
TRD009091,195.5705,-3.6343797,QSO,SDSS_DR18_SPECTROSCOPY,ZWARNING_0_SCIENCEPRIMARY
TRD009092,195.53404,-3.619613,QSO,SDSS_DR18_SPECTROSCOPY,ZWARNING_0_SCIENCEPRIMARY
TRD009093,195.86895,-2.775355,QSO,SDSS_DR18_SPECTROSCOPY,ZWARNING_0_SCIENCEPRIMARY
TRD009094,195.45776,-3.5087078,QSO,SDSS_DR18_SPECTROSCOPY,ZWARNING_0_SCIENCEPRIMARY
TRD009095,195.46906,-3.1248224,QSO,SDSS_DR18_SPECTROSCOPY,ZWARNING_0_SCIENCEPRIMARY
TRD009096,195.35192,-1.9020735,QSO,SDSS_DR18_SPECTROSCOPY,ZWARNING_0_SCIENCEPRIMARY
TRD009097,195.18986,-1.9421829,QSO,SDSS_DR18_SPECTROSCOPY,ZWARNING_0_SCIENCEPRIMARY
TRD009098,196.02228,-1.6512059,QSO,SDSS_DR18_SPECTROSCOPY,ZWARNING_0_SCIENCEPRIMARY
TRD009099,195.88963,-1.6365429,QSO,SDSS_DR18_SPECTROSCOPY,ZWARNING_0_SCIENCEPRIMARY
TRD009100,196.07762,-1.8538044,QSO,SDSS_DR18_SPECTROSCOPY,ZWARNING_0_SCIENCEPRIMARY
TRD009101,195.41062,-2.2632241,QSO,SDSS_DR18_SPECTROSCOPY,ZWARNING_0_SCIENCEPRIMARY
TRD009102,196.13799,-1.654198,QSO,SDSS_DR18_SPECTROSCOPY,ZWARNING_0_SCIENCEPRIMARY
TRD009103,196.25914,-1.4262207,QSO,SDSS_DR18_SPECTROSCOPY,ZWARNING_0_SCIENCEPRIMARY
TRD009104,196.24,-1.2300734,QSO,SDSS_DR18_SPECTROSCOPY,ZWARNING_0_SCIENCEPRIMARY
TRD009105,195.94615,-2.0321949,QSO,SDSS_DR18_SPECTROSCOPY,ZWARNING_0_SCIENCEPRIMARY
TRD009106,196.39217,-1.4990399,QSO,SDSS_DR18_SPECTROSCOPY,ZWARNING_0_SCIENCEPRIMARY
TRD009107,196.54184,-1.2668756,QSO,SDSS_DR18_SPECTROSCOPY,ZWARNING_0_SCIENCEPRIMARY
TRD009108,196.46047,-1.3921222,QSO,SDSS_DR18_SPECTROSCOPY,ZWARNING_0_SCIENCEPRIMARY
TRD009109,196.14759,-2.5888525,QSO,SDSS_DR18_SPECTROSCOPY,ZWARNING_0_SCIENCEPRIMARY
TRD009110,196.08635,-2.0508241,QSO,SDSS_DR18_SPECTROSCOPY,ZWARNING_0_SCIENCEPRIMARY
TRD009111,196.32128,-2.3350367,QSO,SDSS_DR18_SPECTROSCOPY,ZWARNING_0_SCIENCEPRIMARY
TRD009112,196.27368,-2.5385963,QSO,SDSS_DR18_SPECTROSCOPY,ZWARNING_0_SCIENCEPRIMARY
TRD009113,196.44258,-2.1039333,QSO,SDSS_DR18_SPECTROSCOPY,ZWARNING_0_SCIENCEPRIMARY
TRD009114,196.59957,-1.6760336,QSO,SDSS_DR18_SPECTROSCOPY,ZWARNING_0_SCIENCEPRIMARY
TRD009115,196.87302,-2.351099,QSO,SDSS_DR18_SPECTROSCOPY,ZWARNING_0_SCIENCEPRIMARY
TRD009116,196.89336,-1.9618694,QSO,SDSS_DR18_SPECTROSCOPY,ZWARNING_0_SCIENCEPRIMARY
TRD009117,196.91902,-2.2486876,QSO,SDSS_DR18_SPECTROSCOPY,ZWARNING_0_SCIENCEPRIMARY
TRD009118,197.27883,-2.4879167,QSO,SDSS_DR18_SPECTROSCOPY,ZWARNING_0_SCIENCEPRIMARY
TRD009119,197.22621,-2.6037097,QSO,SDSS_DR18_SPECTROSCOPY,ZWARNING_0_SCIENCEPRIMARY
TRD009120,197.4056,-1.8306818,QSO,SDSS_DR18_SPECTROSCOPY,ZWARNING_0_SCIENCEPRIMARY
TRD009121,197.14606,-1.6431222,QSO,SDSS_DR18_SPECTROSCOPY,ZWARNING_0_SCIENCEPRIMARY
TRD009122,199.35887,-2.530687,QSO,SDSS_DR18_SPECTROSCOPY,ZWARNING_0_SCIENCEPRIMARY
TRD009123,199.36975,-2.7998532,QSO,SDSS_DR18_SPECTROSCOPY,ZWARNING_0_SCIENCEPRIMARY
TRD009124,198.78232,-3.5129314,QSO,SDSS_DR18_SPECTROSCOPY,ZWARNING_0_SCIENCEPRIMARY
TRD009125,198.64792,-3.5099891,QSO,SDSS_DR18_SPECTROSCOPY,ZWARNING_0_SCIENCEPRIMARY
TRD009126,198.99516,-2.3959079,QSO,SDSS_DR18_SPECTROSCOPY,ZWARNING_0_SCIENCEPRIMARY
TRD009127,199.0732,-2.1831736,QSO,SDSS_DR18_SPECTROSCOPY,ZWARNING_0_SCIENCEPRIMARY
TRD009128,199.10161,-2.1625441,QSO,SDSS_DR18_SPECTROSCOPY,ZWARNING_0_SCIENCEPRIMARY
TRD009129,198.49662,-3.4124147,QSO,SDSS_DR18_SPECTROSCOPY,ZWARNING_0_SCIENCEPRIMARY
TRD009130,198.50487,-3.2285759,QSO,SDSS_DR18_SPECTROSCOPY,ZWARNING_0_SCIENCEPRIMARY
TRD009131,198.95911,-2.7325729,QSO,SDSS_DR18_SPECTROSCOPY,ZWARNING_0_SCIENCEPRIMARY
TRD009132,198.87532,-2.9432837,QSO,SDSS_DR18_SPECTROSCOPY,ZWARNING_0_SCIENCEPRIMARY
TRD009133,198.77544,-2.581983,QSO,SDSS_DR18_SPECTROSCOPY,ZWARNING_0_SCIENCEPRIMARY
TRD009134,198.42386,-2.6279864,QSO,SDSS_DR18_SPECTROSCOPY,ZWARNING_0_SCIENCEPRIMARY
TRD009135,198.36448,-2.5424795,QSO,SDSS_DR18_SPECTROSCOPY,ZWARNING_0_SCIENCEPRIMARY
TRD009136,198.29336,-2.8542669,QSO,SDSS_DR18_SPECTROSCOPY,ZWARNING_0_SCIENCEPRIMARY
TRD009137,198.21581,-2.7937737,QSO,SDSS_DR18_SPECTROSCOPY,ZWARNING_0_SCIENCEPRIMARY
TRD009138,198.11843,-3.3364367,QSO,SDSS_DR18_SPECTROSCOPY,ZWARNING_0_SCIENCEPRIMARY
TRD009139,197.81211,-2.5126491,QSO,SDSS_DR18_SPECTROSCOPY,ZWARNING_0_SCIENCEPRIMARY
TRD009140,197.75533,-3.5539324,QSO,SDSS_DR18_SPECTROSCOPY,ZWARNING_0_SCIENCEPRIMARY
TRD009141,197.66901,-3.5699916,QSO,SDSS_DR18_SPECTROSCOPY,ZWARNING_0_SCIENCEPRIMARY
TRD009142,197.76056,-2.9442168,QSO,SDSS_DR18_SPECTROSCOPY,ZWARNING_0_SCIENCEPRIMARY
TRD009143,197.5121,-2.374902,QSO,SDSS_DR18_SPECTROSCOPY,ZWARNING_0_SCIENCEPRIMARY
TRD009144,197.59516,-2.6298221,QSO,SDSS_DR18_SPECTROSCOPY,ZWARNING_0_SCIENCEPRIMARY
TRD009145,197.19043,-1.5149735,QSO,SDSS_DR18_SPECTROSCOPY,ZWARNING_0_SCIENCEPRIMARY
TRD009146,197.73162,-1.4568138,QSO,SDSS_DR18_SPECTROSCOPY,ZWARNING_0_SCIENCEPRIMARY
TRD009147,197.46712,-1.5381279,QSO,SDSS_DR18_SPECTROSCOPY,ZWARNING_0_SCIENCEPRIMARY
TRD009148,197.42598,-1.6944383,QSO,SDSS_DR18_SPECTROSCOPY,ZWARNING_0_SCIENCEPRIMARY
TRD009149,197.67578,-2.0779136,QSO,SDSS_DR18_SPECTROSCOPY,ZWARNING_0_SCIENCEPRIMARY
TRD009150,198.04715,-1.6624676,QSO,SDSS_DR18_SPECTROSCOPY,ZWARNING_0_SCIENCEPRIMARY
TRD009151,198.2737,-2.1775725,QSO,SDSS_DR18_SPECTROSCOPY,ZWARNING_0_SCIENCEPRIMARY
TRD009152,198.45834,-1.9545305,QSO,SDSS_DR18_SPECTROSCOPY,ZWARNING_0_SCIENCEPRIMARY
TRD009153,198.21736,-0.87746989,QSO,SDSS_DR18_SPECTROSCOPY,ZWARNING_0_SCIENCEPRIMARY
TRD009154,198.91133,-1.9794941,QSO,SDSS_DR18_SPECTROSCOPY,ZWARNING_0_SCIENCEPRIMARY
TRD009155,199.04076,-1.9010984,QSO,SDSS_DR18_SPECTROSCOPY,ZWARNING_0_SCIENCEPRIMARY
TRD009156,198.9723,-1.6811158,QSO,SDSS_DR18_SPECTROSCOPY,ZWARNING_0_SCIENCEPRIMARY
TRD009157,198.78031,-1.2902461,QSO,SDSS_DR18_SPECTROSCOPY,ZWARNING_0_SCIENCEPRIMARY
TRD009158,199.10233,-2.0903988,QSO,SDSS_DR18_SPECTROSCOPY,ZWARNING_0_SCIENCEPRIMARY
TRD009159,201.04047,-2.4528045,QSO,SDSS_DR18_SPECTROSCOPY,ZWARNING_0_SCIENCEPRIMARY
TRD009160,201.03979,-2.496211,QSO,SDSS_DR18_SPECTROSCOPY,ZWARNING_0_SCIENCEPRIMARY
TRD009161,200.90472,-2.4814818,QSO,SDSS_DR18_SPECTROSCOPY,ZWARNING_0_SCIENCEPRIMARY
TRD009162,200.64748,-3.131791,QSO,SDSS_DR18_SPECTROSCOPY,ZWARNING_0_SCIENCEPRIMARY
TRD009163,200.41382,-3.4454947,QSO,SDSS_DR18_SPECTROSCOPY,ZWARNING_0_SCIENCEPRIMARY
TRD009164,200.60278,-3.2022087,QSO,SDSS_DR18_SPECTROSCOPY,ZWARNING_0_SCIENCEPRIMARY
TRD009165,200.10355,-3.0821404,QSO,SDSS_DR18_SPECTROSCOPY,ZWARNING_0_SCIENCEPRIMARY
TRD009166,200.26647,-2.8406603,QSO,SDSS_DR18_SPECTROSCOPY,ZWARNING_0_SCIENCEPRIMARY
TRD009167,200.26186,-3.509287,QSO,SDSS_DR18_SPECTROSCOPY,ZWARNING_0_SCIENCEPRIMARY
TRD009168,199.96823,-2.4286813,QSO,SDSS_DR18_SPECTROSCOPY,ZWARNING_0_SCIENCEPRIMARY
TRD009169,199.88824,-3.3622392,QSO,SDSS_DR18_SPECTROSCOPY,ZWARNING_0_SCIENCEPRIMARY
TRD009170,199.59539,-2.9785127,QSO,SDSS_DR18_SPECTROSCOPY,ZWARNING_0_SCIENCEPRIMARY
TRD009171,199.56629,-2.9887397,QSO,SDSS_DR18_SPECTROSCOPY,ZWARNING_0_SCIENCEPRIMARY
TRD009172,199.6416,-2.861362,QSO,SDSS_DR18_SPECTROSCOPY,ZWARNING_0_SCIENCEPRIMARY
TRD009173,199.34768,-3.5735456,QSO,SDSS_DR18_SPECTROSCOPY,ZWARNING_0_SCIENCEPRIMARY
TRD009174,198.94934,-3.0771133,QSO,SDSS_DR18_SPECTROSCOPY,ZWARNING_0_SCIENCEPRIMARY
TRD009175,198.83572,-2.8264302,QSO,SDSS_DR18_SPECTROSCOPY,ZWARNING_0_SCIENCEPRIMARY
TRD009176,199.48879,-2.1875685,QSO,SDSS_DR18_SPECTROSCOPY,ZWARNING_0_SCIENCEPRIMARY
TRD009177,199.68064,-1.7277663,QSO,SDSS_DR18_SPECTROSCOPY,ZWARNING_0_SCIENCEPRIMARY
TRD009178,199.77442,-1.869111,QSO,SDSS_DR18_SPECTROSCOPY,ZWARNING_0_SCIENCEPRIMARY
TRD009179,199.76963,-2.2226908,QSO,SDSS_DR18_SPECTROSCOPY,ZWARNING_0_SCIENCEPRIMARY
TRD009180,200.67698,-2.4227957,QSO,SDSS_DR18_SPECTROSCOPY,ZWARNING_0_SCIENCEPRIMARY
TRD009181,200.0895,-2.1525732,QSO,SDSS_DR18_SPECTROSCOPY,ZWARNING_0_SCIENCEPRIMARY
TRD009182,200.43083,-2.2959665,QSO,SDSS_DR18_SPECTROSCOPY,ZWARNING_0_SCIENCEPRIMARY
TRD009183,200.11628,-1.9681586,QSO,SDSS_DR18_SPECTROSCOPY,ZWARNING_0_SCIENCEPRIMARY
TRD009184,200.3662,-2.1062399,QSO,SDSS_DR18_SPECTROSCOPY,ZWARNING_0_SCIENCEPRIMARY
TRD009185,200.39069,-2.2980267,QSO,SDSS_DR18_SPECTROSCOPY,ZWARNING_0_SCIENCEPRIMARY
TRD009186,200.35998,-1.9072847,QSO,SDSS_DR18_SPECTROSCOPY,ZWARNING_0_SCIENCEPRIMARY
TRD009187,200.71311,-2.2325679,QSO,SDSS_DR18_SPECTROSCOPY,ZWARNING_0_SCIENCEPRIMARY
TRD009188,200.77965,-2.2971183,QSO,SDSS_DR18_SPECTROSCOPY,ZWARNING_0_SCIENCEPRIMARY
TRD009189,200.5628,-1.3767916,QSO,SDSS_DR18_SPECTROSCOPY,ZWARNING_0_SCIENCEPRIMARY
TRD009190,200.83726,-1.8572907,QSO,SDSS_DR18_SPECTROSCOPY,ZWARNING_0_SCIENCEPRIMARY
TRD009191,200.84722,-1.9949815,QSO,SDSS_DR18_SPECTROSCOPY,ZWARNING_0_SCIENCEPRIMARY
TRD009192,200.9698,-2.0171476,QSO,SDSS_DR18_SPECTROSCOPY,ZWARNING_0_SCIENCEPRIMARY
TRD009193,200.91797,-1.4636714,QSO,SDSS_DR18_SPECTROSCOPY,ZWARNING_0_SCIENCEPRIMARY
TRD009194,201.1558,-1.8259422,QSO,SDSS_DR18_SPECTROSCOPY,ZWARNING_0_SCIENCEPRIMARY
TRD009195,201.17328,-1.9005349,QSO,SDSS_DR18_SPECTROSCOPY,ZWARNING_0_SCIENCEPRIMARY
TRD009196,237.62809,-0.86259271,QSO,SDSS_DR18_SPECTROSCOPY,ZWARNING_0_SCIENCEPRIMARY
TRD009197,237.75181,-1.024867,QSO,SDSS_DR18_SPECTROSCOPY,ZWARNING_0_SCIENCEPRIMARY
TRD009198,237.97808,-0.2681359,QSO,SDSS_DR18_SPECTROSCOPY,ZWARNING_0_SCIENCEPRIMARY
TRD009199,237.28318,-0.95818603,QSO,SDSS_DR18_SPECTROSCOPY,ZWARNING_0_SCIENCEPRIMARY
TRD009200,237.46999,-1.096771,QSO,SDSS_DR18_SPECTROSCOPY,ZWARNING_0_SCIENCEPRIMARY
TRD009201,237.45614,-0.61546328,QSO,SDSS_DR18_SPECTROSCOPY,ZWARNING_0_SCIENCEPRIMARY
TRD009202,237.53892,-0.85155702,QSO,SDSS_DR18_SPECTROSCOPY,ZWARNING_0_SCIENCEPRIMARY
TRD009203,237.57819,-0.96035836,QSO,SDSS_DR18_SPECTROSCOPY,ZWARNING_0_SCIENCEPRIMARY
TRD009204,237.84913,-0.15504113,QSO,SDSS_DR18_SPECTROSCOPY,ZWARNING_0_SCIENCEPRIMARY
TRD009205,237.90846,-0.074424922,QSO,SDSS_DR18_SPECTROSCOPY,ZWARNING_0_SCIENCEPRIMARY
TRD009206,237.11287,-0.72880939,QSO,SDSS_DR18_SPECTROSCOPY,ZWARNING_0_SCIENCEPRIMARY
TRD009207,237.2519,-0.88190316,QSO,SDSS_DR18_SPECTROSCOPY,ZWARNING_0_SCIENCEPRIMARY
TRD009208,237.16475,-0.86641079,QSO,SDSS_DR18_SPECTROSCOPY,ZWARNING_0_SCIENCEPRIMARY
TRD009209,237.30747,-0.094876493,QSO,SDSS_DR18_SPECTROSCOPY,ZWARNING_0_SCIENCEPRIMARY
TRD009210,237.03381,-0.91023403,QSO,SDSS_DR18_SPECTROSCOPY,ZWARNING_0_SCIENCEPRIMARY
TRD009211,236.91211,-0.86504556,QSO,SDSS_DR18_SPECTROSCOPY,ZWARNING_0_SCIENCEPRIMARY
TRD009212,237.20984,-0.48057259,QSO,SDSS_DR18_SPECTROSCOPY,ZWARNING_0_SCIENCEPRIMARY
TRD009213,236.77664,-0.020624753,QSO,SDSS_DR18_SPECTROSCOPY,ZWARNING_0_SCIENCEPRIMARY
TRD009214,236.85931,0.096006389,QSO,SDSS_DR18_SPECTROSCOPY,ZWARNING_0_SCIENCEPRIMARY
TRD009215,236.79133,-1.1834841,QSO,SDSS_DR18_SPECTROSCOPY,ZWARNING_0_SCIENCEPRIMARY
TRD009216,236.6769,-0.80027185,QSO,SDSS_DR18_SPECTROSCOPY,ZWARNING_0_SCIENCEPRIMARY
TRD009217,236.55529,-0.087082755,QSO,SDSS_DR18_SPECTROSCOPY,ZWARNING_0_SCIENCEPRIMARY
TRD009218,236.41045,-0.17198834,QSO,SDSS_DR18_SPECTROSCOPY,ZWARNING_0_SCIENCEPRIMARY
TRD009219,236.59033,-0.29058044,QSO,SDSS_DR18_SPECTROSCOPY,ZWARNING_0_SCIENCEPRIMARY
TRD009220,236.49074,-0.67170395,QSO,SDSS_DR18_SPECTROSCOPY,ZWARNING_0_SCIENCEPRIMARY
TRD009221,236.53679,-1.0231343,QSO,SDSS_DR18_SPECTROSCOPY,ZWARNING_0_SCIENCEPRIMARY
TRD009222,236.08432,-0.80977018,QSO,SDSS_DR18_SPECTROSCOPY,ZWARNING_0_SCIENCEPRIMARY
TRD009223,235.90757,-0.73886816,QSO,SDSS_DR18_SPECTROSCOPY,ZWARNING_0_SCIENCEPRIMARY
TRD009224,235.52531,0.050313402,QSO,SDSS_DR18_SPECTROSCOPY,ZWARNING_0_SCIENCEPRIMARY
TRD009225,235.85394,0.31685578,QSO,SDSS_DR18_SPECTROSCOPY,ZWARNING_0_SCIENCEPRIMARY
TRD009226,236.15462,0.27845636,QSO,SDSS_DR18_SPECTROSCOPY,ZWARNING_0_SCIENCEPRIMARY
TRD009227,236.10863,0.15653798,QSO,SDSS_DR18_SPECTROSCOPY,ZWARNING_0_SCIENCEPRIMARY
TRD009228,236.1455,0.20816059,QSO,SDSS_DR18_SPECTROSCOPY,ZWARNING_0_SCIENCEPRIMARY
TRD009229,236.08538,0.30677688,QSO,SDSS_DR18_SPECTROSCOPY,ZWARNING_0_SCIENCEPRIMARY
TRD009230,236.63731,0.93242698,QSO,SDSS_DR18_SPECTROSCOPY,ZWARNING_0_SCIENCEPRIMARY
TRD009231,236.55506,0.61019453,QSO,SDSS_DR18_SPECTROSCOPY,ZWARNING_0_SCIENCEPRIMARY
TRD009232,236.50609,0.25007248,QSO,SDSS_DR18_SPECTROSCOPY,ZWARNING_0_SCIENCEPRIMARY
TRD009233,236.73593,0.95541601,QSO,SDSS_DR18_SPECTROSCOPY,ZWARNING_0_SCIENCEPRIMARY
TRD009234,236.76356,0.49479023,QSO,SDSS_DR18_SPECTROSCOPY,ZWARNING_0_SCIENCEPRIMARY
TRD009235,237.07139,0.5192238,QSO,SDSS_DR18_SPECTROSCOPY,ZWARNING_0_SCIENCEPRIMARY
TRD009236,237.18686,0.27085557,QSO,SDSS_DR18_SPECTROSCOPY,ZWARNING_0_SCIENCEPRIMARY
TRD009237,237.09719,0.53670808,QSO,SDSS_DR18_SPECTROSCOPY,ZWARNING_0_SCIENCEPRIMARY
TRD009238,237.38945,0.79236432,QSO,SDSS_DR18_SPECTROSCOPY,ZWARNING_0_SCIENCEPRIMARY
TRD009239,237.20917,0.93029725,QSO,SDSS_DR18_SPECTROSCOPY,ZWARNING_0_SCIENCEPRIMARY
TRD009240,237.8316,0.43700607,QSO,SDSS_DR18_SPECTROSCOPY,ZWARNING_0_SCIENCEPRIMARY
TRD009241,237.75226,0.20158794,QSO,SDSS_DR18_SPECTROSCOPY,ZWARNING_0_SCIENCEPRIMARY
TRD009242,237.65295,1.19838,QSO,SDSS_DR18_SPECTROSCOPY,ZWARNING_0_SCIENCEPRIMARY
TRD009243,237.66035,0.88117188,QSO,SDSS_DR18_SPECTROSCOPY,ZWARNING_0_SCIENCEPRIMARY
TRD009244,238.22674,0.18342913,QSO,SDSS_DR18_SPECTROSCOPY,ZWARNING_0_SCIENCEPRIMARY
TRD009245,240.06768,-1.0327801,QSO,SDSS_DR18_SPECTROSCOPY,ZWARNING_0_SCIENCEPRIMARY
TRD009246,240.04726,-0.33525617,QSO,SDSS_DR18_SPECTROSCOPY,ZWARNING_0_SCIENCEPRIMARY
TRD009247,239.24127,-0.68677653,QSO,SDSS_DR18_SPECTROSCOPY,ZWARNING_0_SCIENCEPRIMARY
TRD009248,239.54234,-0.52224619,QSO,SDSS_DR18_SPECTROSCOPY,ZWARNING_0_SCIENCEPRIMARY
TRD009249,239.12188,-0.2450329,QSO,SDSS_DR18_SPECTROSCOPY,ZWARNING_0_SCIENCEPRIMARY
TRD009250,238.98776,-0.6023354,QSO,SDSS_DR18_SPECTROSCOPY,ZWARNING_0_SCIENCEPRIMARY
TRD009251,239.1151,-0.4937151,QSO,SDSS_DR18_SPECTROSCOPY,ZWARNING_0_SCIENCEPRIMARY
TRD009252,238.94107,-0.19245244,QSO,SDSS_DR18_SPECTROSCOPY,ZWARNING_0_SCIENCEPRIMARY
TRD009253,239.00549,-0.61645787,QSO,SDSS_DR18_SPECTROSCOPY,ZWARNING_0_SCIENCEPRIMARY
TRD009254,238.79188,-1.133127,QSO,SDSS_DR18_SPECTROSCOPY,ZWARNING_0_SCIENCEPRIMARY
TRD009255,239.19549,-0.77124011,QSO,SDSS_DR18_SPECTROSCOPY,ZWARNING_0_SCIENCEPRIMARY
TRD009256,238.62704,-0.4560574,QSO,SDSS_DR18_SPECTROSCOPY,ZWARNING_0_SCIENCEPRIMARY
TRD009257,238.57843,-1.0616881,QSO,SDSS_DR18_SPECTROSCOPY,ZWARNING_0_SCIENCEPRIMARY
TRD009258,238.54278,-1.1647424,QSO,SDSS_DR18_SPECTROSCOPY,ZWARNING_0_SCIENCEPRIMARY
TRD009259,238.36169,-1.0988552,QSO,SDSS_DR18_SPECTROSCOPY,ZWARNING_0_SCIENCEPRIMARY
TRD009260,238.67821,-0.75217154,QSO,SDSS_DR18_SPECTROSCOPY,ZWARNING_0_SCIENCEPRIMARY
TRD009261,238.02744,-0.89427257,QSO,SDSS_DR18_SPECTROSCOPY,ZWARNING_0_SCIENCEPRIMARY
TRD009262,237.96309,-1.0088967,QSO,SDSS_DR18_SPECTROSCOPY,ZWARNING_0_SCIENCEPRIMARY
TRD009263,237.65531,-0.22893971,QSO,SDSS_DR18_SPECTROSCOPY,ZWARNING_0_SCIENCEPRIMARY
TRD009264,238.29622,1.1395654,QSO,SDSS_DR18_SPECTROSCOPY,ZWARNING_0_SCIENCEPRIMARY
TRD009265,237.94646,0.10377167,QSO,SDSS_DR18_SPECTROSCOPY,ZWARNING_0_SCIENCEPRIMARY
TRD009266,237.76837,0.12816077,QSO,SDSS_DR18_SPECTROSCOPY,ZWARNING_0_SCIENCEPRIMARY
TRD009267,238.47274,1.0141959,QSO,SDSS_DR18_SPECTROSCOPY,ZWARNING_0_SCIENCEPRIMARY
TRD009268,238.50864,1.0518254,QSO,SDSS_DR18_SPECTROSCOPY,ZWARNING_0_SCIENCEPRIMARY
TRD009269,238.12082,0.29107916,QSO,SDSS_DR18_SPECTROSCOPY,ZWARNING_0_SCIENCEPRIMARY
TRD009270,238.5323,1.0027881,QSO,SDSS_DR18_SPECTROSCOPY,ZWARNING_0_SCIENCEPRIMARY
TRD009271,238.73957,1.0820862,QSO,SDSS_DR18_SPECTROSCOPY,ZWARNING_0_SCIENCEPRIMARY
TRD009272,238.66116,0.81283075,QSO,SDSS_DR18_SPECTROSCOPY,ZWARNING_0_SCIENCEPRIMARY
TRD009273,238.37283,0.48879518,QSO,SDSS_DR18_SPECTROSCOPY,ZWARNING_0_SCIENCEPRIMARY
TRD009274,238.89038,0.60203774,QSO,SDSS_DR18_SPECTROSCOPY,ZWARNING_0_SCIENCEPRIMARY
TRD009275,239.07817,0.23706279,QSO,SDSS_DR18_SPECTROSCOPY,ZWARNING_0_SCIENCEPRIMARY
TRD009276,239.1868,0.45006673,QSO,SDSS_DR18_SPECTROSCOPY,ZWARNING_0_SCIENCEPRIMARY
TRD009277,239.16334,0.33466246,QSO,SDSS_DR18_SPECTROSCOPY,ZWARNING_0_SCIENCEPRIMARY
TRD009278,239.28214,0.86017346,QSO,SDSS_DR18_SPECTROSCOPY,ZWARNING_0_SCIENCEPRIMARY
TRD009279,239.29725,0.91887356,QSO,SDSS_DR18_SPECTROSCOPY,ZWARNING_0_SCIENCEPRIMARY
TRD009280,239.56311,0.10231373,QSO,SDSS_DR18_SPECTROSCOPY,ZWARNING_0_SCIENCEPRIMARY
TRD009281,239.71609,0.9938589,QSO,SDSS_DR18_SPECTROSCOPY,ZWARNING_0_SCIENCEPRIMARY
TRD009282,240.0646,0.012646366,QSO,SDSS_DR18_SPECTROSCOPY,ZWARNING_0_SCIENCEPRIMARY
TRD009283,239.83561,0.76565793,QSO,SDSS_DR18_SPECTROSCOPY,ZWARNING_0_SCIENCEPRIMARY
TRD009284,240.46937,0.17387734,QSO,SDSS_DR18_SPECTROSCOPY,ZWARNING_0_SCIENCEPRIMARY
TRD009285,241.32401,-1.165384,QSO,SDSS_DR18_SPECTROSCOPY,ZWARNING_0_SCIENCEPRIMARY
TRD009286,241.35644,-1.1754375,QSO,SDSS_DR18_SPECTROSCOPY,ZWARNING_0_SCIENCEPRIMARY
TRD009287,241.45008,-1.1536129,QSO,SDSS_DR18_SPECTROSCOPY,ZWARNING_0_SCIENCEPRIMARY
TRD009288,241.95558,-0.37218263,QSO,SDSS_DR18_SPECTROSCOPY,ZWARNING_0_SCIENCEPRIMARY
TRD009289,241.25504,-1.2057207,QSO,SDSS_DR18_SPECTROSCOPY,ZWARNING_0_SCIENCEPRIMARY
TRD009290,241.29992,-0.79711933,QSO,SDSS_DR18_SPECTROSCOPY,ZWARNING_0_SCIENCEPRIMARY
TRD009291,241.28767,-0.92252004,QSO,SDSS_DR18_SPECTROSCOPY,ZWARNING_0_SCIENCEPRIMARY
TRD009292,241.72908,-0.11946908,QSO,SDSS_DR18_SPECTROSCOPY,ZWARNING_0_SCIENCEPRIMARY
TRD009293,240.82884,-0.8417262,QSO,SDSS_DR18_SPECTROSCOPY,ZWARNING_0_SCIENCEPRIMARY
TRD009294,241.23394,-0.31861193,QSO,SDSS_DR18_SPECTROSCOPY,ZWARNING_0_SCIENCEPRIMARY
TRD009295,241.10494,-0.19847549,QSO,SDSS_DR18_SPECTROSCOPY,ZWARNING_0_SCIENCEPRIMARY
TRD009296,241.05164,-0.13552368,QSO,SDSS_DR18_SPECTROSCOPY,ZWARNING_0_SCIENCEPRIMARY
TRD009297,240.93011,-0.28730366,QSO,SDSS_DR18_SPECTROSCOPY,ZWARNING_0_SCIENCEPRIMARY
TRD009298,240.92586,-0.72357047,QSO,SDSS_DR18_SPECTROSCOPY,ZWARNING_0_SCIENCEPRIMARY
TRD009299,240.72106,-0.2846101,QSO,SDSS_DR18_SPECTROSCOPY,ZWARNING_0_SCIENCEPRIMARY
TRD009300,240.56329,-0.61893914,QSO,SDSS_DR18_SPECTROSCOPY,ZWARNING_0_SCIENCEPRIMARY
TRD009301,240.55924,-0.69841794,QSO,SDSS_DR18_SPECTROSCOPY,ZWARNING_0_SCIENCEPRIMARY
TRD009302,240.283,-0.58866142,QSO,SDSS_DR18_SPECTROSCOPY,ZWARNING_0_SCIENCEPRIMARY
TRD009303,240.24118,-1.0484521,QSO,SDSS_DR18_SPECTROSCOPY,ZWARNING_0_SCIENCEPRIMARY
TRD009304,239.97074,-1.2311048,QSO,SDSS_DR18_SPECTROSCOPY,ZWARNING_0_SCIENCEPRIMARY
TRD009305,240.11962,1.1740846,QSO,SDSS_DR18_SPECTROSCOPY,ZWARNING_0_SCIENCEPRIMARY
TRD009306,240.26847,0.86022473,QSO,SDSS_DR18_SPECTROSCOPY,ZWARNING_0_SCIENCEPRIMARY
TRD009307,240.57553,0.63537601,QSO,SDSS_DR18_SPECTROSCOPY,ZWARNING_0_SCIENCEPRIMARY
TRD009308,240.59236,0.22253539,QSO,SDSS_DR18_SPECTROSCOPY,ZWARNING_0_SCIENCEPRIMARY
TRD009309,240.53619,0.24853986,QSO,SDSS_DR18_SPECTROSCOPY,ZWARNING_0_SCIENCEPRIMARY
TRD009310,240.87228,0.28792408,QSO,SDSS_DR18_SPECTROSCOPY,ZWARNING_0_SCIENCEPRIMARY
TRD009311,240.82612,0.55555053,QSO,SDSS_DR18_SPECTROSCOPY,ZWARNING_0_SCIENCEPRIMARY
TRD009312,241.20346,0.26402154,QSO,SDSS_DR18_SPECTROSCOPY,ZWARNING_0_SCIENCEPRIMARY
TRD009313,241.25451,1.1105346,QSO,SDSS_DR18_SPECTROSCOPY,ZWARNING_0_SCIENCEPRIMARY
TRD009314,241.75325,0.79949558,QSO,SDSS_DR18_SPECTROSCOPY,ZWARNING_0_SCIENCEPRIMARY
TRD009315,241.98549,0.12222342,QSO,SDSS_DR18_SPECTROSCOPY,ZWARNING_0_SCIENCEPRIMARY
TRD009316,241.87835,0.092170379,QSO,SDSS_DR18_SPECTROSCOPY,ZWARNING_0_SCIENCEPRIMARY
TRD009317,242.0341,0.0097452623,QSO,SDSS_DR18_SPECTROSCOPY,ZWARNING_0_SCIENCEPRIMARY
TRD009318,243.36168,-0.77795826,QSO,SDSS_DR18_SPECTROSCOPY,ZWARNING_0_SCIENCEPRIMARY
TRD009319,243.03126,-0.99658379,QSO,SDSS_DR18_SPECTROSCOPY,ZWARNING_0_SCIENCEPRIMARY
TRD009320,243.13258,-1.1995387,QSO,SDSS_DR18_SPECTROSCOPY,ZWARNING_0_SCIENCEPRIMARY
TRD009321,243.17968,-1.0503461,QSO,SDSS_DR18_SPECTROSCOPY,ZWARNING_0_SCIENCEPRIMARY
TRD009322,243.00242,-0.36379723,QSO,SDSS_DR18_SPECTROSCOPY,ZWARNING_0_SCIENCEPRIMARY
TRD009323,242.80615,-0.85575297,QSO,SDSS_DR18_SPECTROSCOPY,ZWARNING_0_SCIENCEPRIMARY
TRD009324,242.75074,-0.5770118,QSO,SDSS_DR18_SPECTROSCOPY,ZWARNING_0_SCIENCEPRIMARY
TRD009325,242.69838,-0.96411073,QSO,SDSS_DR18_SPECTROSCOPY,ZWARNING_0_SCIENCEPRIMARY
TRD009326,242.34185,-1.1114792,QSO,SDSS_DR18_SPECTROSCOPY,ZWARNING_0_SCIENCEPRIMARY
TRD009327,242.61518,-0.94589578,QSO,SDSS_DR18_SPECTROSCOPY,ZWARNING_0_SCIENCEPRIMARY
TRD009328,242.55731,-0.64461306,QSO,SDSS_DR18_SPECTROSCOPY,ZWARNING_0_SCIENCEPRIMARY
TRD009329,242.53649,-0.22086519,QSO,SDSS_DR18_SPECTROSCOPY,ZWARNING_0_SCIENCEPRIMARY
TRD009330,242.46936,-0.35029796,QSO,SDSS_DR18_SPECTROSCOPY,ZWARNING_0_SCIENCEPRIMARY
TRD009331,242.44465,-0.22904077,QSO,SDSS_DR18_SPECTROSCOPY,ZWARNING_0_SCIENCEPRIMARY
TRD009332,242.1883,-0.93762579,QSO,SDSS_DR18_SPECTROSCOPY,ZWARNING_0_SCIENCEPRIMARY
TRD009333,242.15659,-0.10918283,QSO,SDSS_DR18_SPECTROSCOPY,ZWARNING_0_SCIENCEPRIMARY
TRD009334,242.03879,-1.0447087,QSO,SDSS_DR18_SPECTROSCOPY,ZWARNING_0_SCIENCEPRIMARY
TRD009335,241.61716,-0.24618901,QSO,SDSS_DR18_SPECTROSCOPY,ZWARNING_0_SCIENCEPRIMARY
TRD009336,241.33366,-0.56465656,QSO,SDSS_DR18_SPECTROSCOPY,ZWARNING_0_SCIENCEPRIMARY
TRD009337,241.0007,-0.16105079,QSO,SDSS_DR18_SPECTROSCOPY,ZWARNING_0_SCIENCEPRIMARY
TRD009338,241.83327,1.2090626,QSO,SDSS_DR18_SPECTROSCOPY,ZWARNING_0_SCIENCEPRIMARY
TRD009339,241.79645,1.1943558,QSO,SDSS_DR18_SPECTROSCOPY,ZWARNING_0_SCIENCEPRIMARY
TRD009340,241.00729,0.11600093,QSO,SDSS_DR18_SPECTROSCOPY,ZWARNING_0_SCIENCEPRIMARY
TRD009341,242.20091,0.69679036,QSO,SDSS_DR18_SPECTROSCOPY,ZWARNING_0_SCIENCEPRIMARY
TRD009342,242.32956,0.70887041,QSO,SDSS_DR18_SPECTROSCOPY,ZWARNING_0_SCIENCEPRIMARY
TRD009343,242.22424,0.69455988,QSO,SDSS_DR18_SPECTROSCOPY,ZWARNING_0_SCIENCEPRIMARY
TRD009344,242.56257,1.1902471,QSO,SDSS_DR18_SPECTROSCOPY,ZWARNING_0_SCIENCEPRIMARY
TRD009345,242.57539,0.47578926,QSO,SDSS_DR18_SPECTROSCOPY,ZWARNING_0_SCIENCEPRIMARY
TRD009346,242.55558,0.51942307,QSO,SDSS_DR18_SPECTROSCOPY,ZWARNING_0_SCIENCEPRIMARY
TRD009347,242.51142,0.67680467,QSO,SDSS_DR18_SPECTROSCOPY,ZWARNING_0_SCIENCEPRIMARY
TRD009348,242.69859,0.60888792,QSO,SDSS_DR18_SPECTROSCOPY,ZWARNING_0_SCIENCEPRIMARY
TRD009349,242.69092,0.040653853,QSO,SDSS_DR18_SPECTROSCOPY,ZWARNING_0_SCIENCEPRIMARY
TRD009350,242.68528,0.78069637,QSO,SDSS_DR18_SPECTROSCOPY,ZWARNING_0_SCIENCEPRIMARY
TRD009351,242.69016,0.95779978,QSO,SDSS_DR18_SPECTROSCOPY,ZWARNING_0_SCIENCEPRIMARY
TRD009352,242.86032,0.43021306,QSO,SDSS_DR18_SPECTROSCOPY,ZWARNING_0_SCIENCEPRIMARY
TRD009353,242.88208,0.84678332,QSO,SDSS_DR18_SPECTROSCOPY,ZWARNING_0_SCIENCEPRIMARY
TRD009354,242.93678,0.85721618,QSO,SDSS_DR18_SPECTROSCOPY,ZWARNING_0_SCIENCEPRIMARY
TRD009355,242.96905,1.0532638,QSO,SDSS_DR18_SPECTROSCOPY,ZWARNING_0_SCIENCEPRIMARY
TRD009356,243.17203,0.63103776,QSO,SDSS_DR18_SPECTROSCOPY,ZWARNING_0_SCIENCEPRIMARY
TRD009357,243.34701,0.42414558,QSO,SDSS_DR18_SPECTROSCOPY,ZWARNING_0_SCIENCEPRIMARY
TRD009358,243.11601,1.0332701,QSO,SDSS_DR18_SPECTROSCOPY,ZWARNING_0_SCIENCEPRIMARY
TRD009359,243.04865,1.0764635,QSO,SDSS_DR18_SPECTROSCOPY,ZWARNING_0_SCIENCEPRIMARY
TRD009360,243.45985,0.89268923,QSO,SDSS_DR18_SPECTROSCOPY,ZWARNING_0_SCIENCEPRIMARY
TRD009361,245.32052,-0.71413447,QSO,SDSS_DR18_SPECTROSCOPY,ZWARNING_0_SCIENCEPRIMARY
TRD009362,245.36986,-0.64737018,QSO,SDSS_DR18_SPECTROSCOPY,ZWARNING_0_SCIENCEPRIMARY
TRD009363,245.59395,-0.41881553,QSO,SDSS_DR18_SPECTROSCOPY,ZWARNING_0_SCIENCEPRIMARY
TRD009364,245.19932,-0.81359943,QSO,SDSS_DR18_SPECTROSCOPY,ZWARNING_0_SCIENCEPRIMARY
TRD009365,244.79923,-0.84156153,QSO,SDSS_DR18_SPECTROSCOPY,ZWARNING_0_SCIENCEPRIMARY
TRD009366,244.94907,-0.89422389,QSO,SDSS_DR18_SPECTROSCOPY,ZWARNING_0_SCIENCEPRIMARY
TRD009367,244.68721,-0.72494424,QSO,SDSS_DR18_SPECTROSCOPY,ZWARNING_0_SCIENCEPRIMARY
TRD009368,244.65475,-0.94507149,QSO,SDSS_DR18_SPECTROSCOPY,ZWARNING_0_SCIENCEPRIMARY
TRD009369,244.30633,-0.32293669,QSO,SDSS_DR18_SPECTROSCOPY,ZWARNING_0_SCIENCEPRIMARY
TRD009370,244.06083,0.063114995,QSO,SDSS_DR18_SPECTROSCOPY,ZWARNING_0_SCIENCEPRIMARY
TRD009371,244.1815,-0.040765281,QSO,SDSS_DR18_SPECTROSCOPY,ZWARNING_0_SCIENCEPRIMARY
TRD009372,244.06112,-0.19991873,QSO,SDSS_DR18_SPECTROSCOPY,ZWARNING_0_SCIENCEPRIMARY
TRD009373,244.28756,-0.64122582,QSO,SDSS_DR18_SPECTROSCOPY,ZWARNING_0_SCIENCEPRIMARY
TRD009374,244.20574,-0.71402825,QSO,SDSS_DR18_SPECTROSCOPY,ZWARNING_0_SCIENCEPRIMARY
TRD009375,243.88439,-0.45843944,QSO,SDSS_DR18_SPECTROSCOPY,ZWARNING_0_SCIENCEPRIMARY
TRD009376,243.84735,-0.89834495,QSO,SDSS_DR18_SPECTROSCOPY,ZWARNING_0_SCIENCEPRIMARY
TRD009377,243.30554,0.055500886,QSO,SDSS_DR18_SPECTROSCOPY,ZWARNING_0_SCIENCEPRIMARY
TRD009378,243.35306,-1.055009,QSO,SDSS_DR18_SPECTROSCOPY,ZWARNING_0_SCIENCEPRIMARY
TRD009379,243.65418,-0.83058287,QSO,SDSS_DR18_SPECTROSCOPY,ZWARNING_0_SCIENCEPRIMARY
TRD009380,243.50129,-1.1683561,QSO,SDSS_DR18_SPECTROSCOPY,ZWARNING_0_SCIENCEPRIMARY
TRD009381,243.24154,0.92634683,QSO,SDSS_DR18_SPECTROSCOPY,ZWARNING_0_SCIENCEPRIMARY
TRD009382,243.29055,0.91479717,QSO,SDSS_DR18_SPECTROSCOPY,ZWARNING_0_SCIENCEPRIMARY
TRD009383,243.86608,0.84963618,QSO,SDSS_DR18_SPECTROSCOPY,ZWARNING_0_SCIENCEPRIMARY
TRD009384,243.67371,0.92589893,QSO,SDSS_DR18_SPECTROSCOPY,ZWARNING_0_SCIENCEPRIMARY
TRD009385,243.5579,0.1785078,QSO,SDSS_DR18_SPECTROSCOPY,ZWARNING_0_SCIENCEPRIMARY
TRD009386,243.26019,0.39275083,QSO,SDSS_DR18_SPECTROSCOPY,ZWARNING_0_SCIENCEPRIMARY
TRD009387,244.05161,1.0151099,QSO,SDSS_DR18_SPECTROSCOPY,ZWARNING_0_SCIENCEPRIMARY
TRD009388,243.87324,1.1325395,QSO,SDSS_DR18_SPECTROSCOPY,ZWARNING_0_SCIENCEPRIMARY
TRD009389,243.87988,1.0373297,QSO,SDSS_DR18_SPECTROSCOPY,ZWARNING_0_SCIENCEPRIMARY
TRD009390,243.89487,0.95009435,QSO,SDSS_DR18_SPECTROSCOPY,ZWARNING_0_SCIENCEPRIMARY
TRD009391,244.32432,0.4742655,QSO,SDSS_DR18_SPECTROSCOPY,ZWARNING_0_SCIENCEPRIMARY
TRD009392,244.58502,0.43237822,QSO,SDSS_DR18_SPECTROSCOPY,ZWARNING_0_SCIENCEPRIMARY
TRD009393,244.52127,0.4767855,QSO,SDSS_DR18_SPECTROSCOPY,ZWARNING_0_SCIENCEPRIMARY
TRD009394,244.65008,0.17454069,QSO,SDSS_DR18_SPECTROSCOPY,ZWARNING_0_SCIENCEPRIMARY
TRD009395,244.58073,1.1163637,QSO,SDSS_DR18_SPECTROSCOPY,ZWARNING_0_SCIENCEPRIMARY
TRD009396,244.97716,1.0143144,QSO,SDSS_DR18_SPECTROSCOPY,ZWARNING_0_SCIENCEPRIMARY
TRD009397,244.93963,1.0299857,QSO,SDSS_DR18_SPECTROSCOPY,ZWARNING_0_SCIENCEPRIMARY
TRD009398,244.98169,0.79888834,QSO,SDSS_DR18_SPECTROSCOPY,ZWARNING_0_SCIENCEPRIMARY
TRD009399,245.20309,0.33493015,QSO,SDSS_DR18_SPECTROSCOPY,ZWARNING_0_SCIENCEPRIMARY
TRD009400,245.25069,1.0344161,QSO,SDSS_DR18_SPECTROSCOPY,ZWARNING_0_SCIENCEPRIMARY
TRD009401,245.15466,1.2301292,QSO,SDSS_DR18_SPECTROSCOPY,ZWARNING_0_SCIENCEPRIMARY
TRD009402,245.6832,0.68358563,QSO,SDSS_DR18_SPECTROSCOPY,ZWARNING_0_SCIENCEPRIMARY
TRD009403,249.46654,-0.71220881,QSO,SDSS_DR18_SPECTROSCOPY,ZWARNING_0_SCIENCEPRIMARY
TRD009404,249.61164,-1.0572888,QSO,SDSS_DR18_SPECTROSCOPY,ZWARNING_0_SCIENCEPRIMARY
TRD009405,249.94399,-0.47039795,QSO,SDSS_DR18_SPECTROSCOPY,ZWARNING_0_SCIENCEPRIMARY
TRD009406,249.85651,-0.68603255,QSO,SDSS_DR18_SPECTROSCOPY,ZWARNING_0_SCIENCEPRIMARY
TRD009407,249.2292,-1.1195603,QSO,SDSS_DR18_SPECTROSCOPY,ZWARNING_0_SCIENCEPRIMARY
TRD009408,248.55573,-1.0567287,QSO,SDSS_DR18_SPECTROSCOPY,ZWARNING_0_SCIENCEPRIMARY
TRD009409,248.67894,-0.63293468,QSO,SDSS_DR18_SPECTROSCOPY,ZWARNING_0_SCIENCEPRIMARY
TRD009410,248.67635,-0.033685508,QSO,SDSS_DR18_SPECTROSCOPY,ZWARNING_0_SCIENCEPRIMARY
TRD009411,248.49904,-0.75350026,QSO,SDSS_DR18_SPECTROSCOPY,ZWARNING_0_SCIENCEPRIMARY
TRD009412,248.49113,-0.33679203,QSO,SDSS_DR18_SPECTROSCOPY,ZWARNING_0_SCIENCEPRIMARY
TRD009413,247.94573,-1.0069023,QSO,SDSS_DR18_SPECTROSCOPY,ZWARNING_0_SCIENCEPRIMARY
TRD009414,247.96949,-0.82287492,QSO,SDSS_DR18_SPECTROSCOPY,ZWARNING_0_SCIENCEPRIMARY
TRD009415,248.06339,-0.56125596,QSO,SDSS_DR18_SPECTROSCOPY,ZWARNING_0_SCIENCEPRIMARY
TRD009416,248.12034,-0.47886063,QSO,SDSS_DR18_SPECTROSCOPY,ZWARNING_0_SCIENCEPRIMARY
TRD009417,247.49622,0.020046077,QSO,SDSS_DR18_SPECTROSCOPY,ZWARNING_0_SCIENCEPRIMARY
TRD009418,247.94884,0.84918839,QSO,SDSS_DR18_SPECTROSCOPY,ZWARNING_0_SCIENCEPRIMARY
TRD009419,247.62128,0.43896018,QSO,SDSS_DR18_SPECTROSCOPY,ZWARNING_0_SCIENCEPRIMARY
TRD009420,247.91478,0.11481692,QSO,SDSS_DR18_SPECTROSCOPY,ZWARNING_0_SCIENCEPRIMARY
TRD009421,248.16559,0.70081222,QSO,SDSS_DR18_SPECTROSCOPY,ZWARNING_0_SCIENCEPRIMARY
TRD009422,248.0878,0.49180048,QSO,SDSS_DR18_SPECTROSCOPY,ZWARNING_0_SCIENCEPRIMARY
TRD009423,248.69026,0.87902551,QSO,SDSS_DR18_SPECTROSCOPY,ZWARNING_0_SCIENCEPRIMARY
TRD009424,248.68331,1.1775462,QSO,SDSS_DR18_SPECTROSCOPY,ZWARNING_0_SCIENCEPRIMARY
TRD009425,249.09988,0.38409102,QSO,SDSS_DR18_SPECTROSCOPY,ZWARNING_0_SCIENCEPRIMARY
TRD009426,249.3465,0.12236894,QSO,SDSS_DR18_SPECTROSCOPY,ZWARNING_0_SCIENCEPRIMARY
TRD009427,249.47719,0.54747561,QSO,SDSS_DR18_SPECTROSCOPY,ZWARNING_0_SCIENCEPRIMARY
TRD009428,249.6625,0.28086384,QSO,SDSS_DR18_SPECTROSCOPY,ZWARNING_0_SCIENCEPRIMARY
TRD009429,249.76961,0.97917963,QSO,SDSS_DR18_SPECTROSCOPY,ZWARNING_0_SCIENCEPRIMARY
TRD009430,256.09108,62.794873,QSO,SDSS_DR18_SPECTROSCOPY,ZWARNING_0_SCIENCEPRIMARY
TRD009431,255.19563,62.348994,QSO,SDSS_DR18_SPECTROSCOPY,ZWARNING_0_SCIENCEPRIMARY
TRD009432,256.44545,63.183085,QSO,SDSS_DR18_SPECTROSCOPY,ZWARNING_0_SCIENCEPRIMARY
TRD009433,254.58145,62.639777,QSO,SDSS_DR18_SPECTROSCOPY,ZWARNING_0_SCIENCEPRIMARY
TRD009434,253.90742,62.794155,QSO,SDSS_DR18_SPECTROSCOPY,ZWARNING_0_SCIENCEPRIMARY
TRD009435,255.07437,63.323088,QSO,SDSS_DR18_SPECTROSCOPY,ZWARNING_0_SCIENCEPRIMARY
TRD009436,255.1476,63.422972,QSO,SDSS_DR18_SPECTROSCOPY,ZWARNING_0_SCIENCEPRIMARY
TRD009437,254.24326,63.014185,QSO,SDSS_DR18_SPECTROSCOPY,ZWARNING_0_SCIENCEPRIMARY
TRD009438,254.17493,63.385483,QSO,SDSS_DR18_SPECTROSCOPY,ZWARNING_0_SCIENCEPRIMARY
TRD009439,253.72188,62.274343,QSO,SDSS_DR18_SPECTROSCOPY,ZWARNING_0_SCIENCEPRIMARY
TRD009440,253.55054,62.895564,QSO,SDSS_DR18_SPECTROSCOPY,ZWARNING_0_SCIENCEPRIMARY
TRD009441,253.00627,62.53583,QSO,SDSS_DR18_SPECTROSCOPY,ZWARNING_0_SCIENCEPRIMARY
TRD009442,252.33661,63.075365,QSO,SDSS_DR18_SPECTROSCOPY,ZWARNING_0_SCIENCEPRIMARY
TRD009443,252.44303,63.561706,QSO,SDSS_DR18_SPECTROSCOPY,ZWARNING_0_SCIENCEPRIMARY
TRD009444,252.41275,62.693602,QSO,SDSS_DR18_SPECTROSCOPY,ZWARNING_0_SCIENCEPRIMARY
TRD009445,252.51035,62.670259,QSO,SDSS_DR18_SPECTROSCOPY,ZWARNING_0_SCIENCEPRIMARY
TRD009446,251.81193,63.345384,QSO,SDSS_DR18_SPECTROSCOPY,ZWARNING_0_SCIENCEPRIMARY
TRD009447,251.55255,64.268979,QSO,SDSS_DR18_SPECTROSCOPY,ZWARNING_0_SCIENCEPRIMARY
TRD009448,251.05179,64.138451,QSO,SDSS_DR18_SPECTROSCOPY,ZWARNING_0_SCIENCEPRIMARY
TRD009449,252.59535,64.360041,QSO,SDSS_DR18_SPECTROSCOPY,ZWARNING_0_SCIENCEPRIMARY
TRD009450,252.28182,64.406183,QSO,SDSS_DR18_SPECTROSCOPY,ZWARNING_0_SCIENCEPRIMARY
TRD009451,252.37953,64.358599,QSO,SDSS_DR18_SPECTROSCOPY,ZWARNING_0_SCIENCEPRIMARY
TRD009452,252.79959,64.292106,QSO,SDSS_DR18_SPECTROSCOPY,ZWARNING_0_SCIENCEPRIMARY
TRD009453,252.33922,63.865125,QSO,SDSS_DR18_SPECTROSCOPY,ZWARNING_0_SCIENCEPRIMARY
TRD009454,254.01909,64.207148,QSO,SDSS_DR18_SPECTROSCOPY,ZWARNING_0_SCIENCEPRIMARY
TRD009455,253.41122,63.669627,QSO,SDSS_DR18_SPECTROSCOPY,ZWARNING_0_SCIENCEPRIMARY
TRD009456,253.5953,63.960471,QSO,SDSS_DR18_SPECTROSCOPY,ZWARNING_0_SCIENCEPRIMARY
TRD009457,254.7727,63.656559,QSO,SDSS_DR18_SPECTROSCOPY,ZWARNING_0_SCIENCEPRIMARY
TRD009458,254.20225,63.977352,QSO,SDSS_DR18_SPECTROSCOPY,ZWARNING_0_SCIENCEPRIMARY
TRD009459,254.14111,64.178816,QSO,SDSS_DR18_SPECTROSCOPY,ZWARNING_0_SCIENCEPRIMARY
TRD009460,255.20645,64.53316,QSO,SDSS_DR18_SPECTROSCOPY,ZWARNING_0_SCIENCEPRIMARY
TRD009461,255.25258,64.202512,QSO,SDSS_DR18_SPECTROSCOPY,ZWARNING_0_SCIENCEPRIMARY
TRD009462,255.30813,63.878631,QSO,SDSS_DR18_SPECTROSCOPY,ZWARNING_0_SCIENCEPRIMARY
TRD009463,256.19023,63.695606,QSO,SDSS_DR18_SPECTROSCOPY,ZWARNING_0_SCIENCEPRIMARY
TRD009464,256.66094,64.434197,QSO,SDSS_DR18_SPECTROSCOPY,ZWARNING_0_SCIENCEPRIMARY
TRD009465,257.05663,64.272409,QSO,SDSS_DR18_SPECTROSCOPY,ZWARNING_0_SCIENCEPRIMARY
TRD009466,256.39047,64.667977,QSO,SDSS_DR18_SPECTROSCOPY,ZWARNING_0_SCIENCEPRIMARY
TRD009467,257.00229,63.664682,QSO,SDSS_DR18_SPECTROSCOPY,ZWARNING_0_SCIENCEPRIMARY
TRD009468,259.27989,64.029235,QSO,SDSS_DR18_SPECTROSCOPY,ZWARNING_0_SCIENCEPRIMARY
TRD009469,260.2334,64.018135,QSO,SDSS_DR18_SPECTROSCOPY,ZWARNING_0_SCIENCEPRIMARY
TRD009470,260.47194,63.993021,QSO,SDSS_DR18_SPECTROSCOPY,ZWARNING_0_SCIENCEPRIMARY
TRD009471,261.02699,64.119641,QSO,SDSS_DR18_SPECTROSCOPY,ZWARNING_0_SCIENCEPRIMARY
TRD009472,260.55431,64.516185,QSO,SDSS_DR18_SPECTROSCOPY,ZWARNING_0_SCIENCEPRIMARY
TRD009473,260.50057,64.732588,QSO,SDSS_DR18_SPECTROSCOPY,ZWARNING_0_SCIENCEPRIMARY
TRD009474,261.55532,64.55813,QSO,SDSS_DR18_SPECTROSCOPY,ZWARNING_0_SCIENCEPRIMARY
TRD009475,260.36718,64.39439,QSO,SDSS_DR18_SPECTROSCOPY,ZWARNING_0_SCIENCEPRIMARY
TRD009476,259.0158,64.573006,QSO,SDSS_DR18_SPECTROSCOPY,ZWARNING_0_SCIENCEPRIMARY
TRD009477,259.01359,64.742243,QSO,SDSS_DR18_SPECTROSCOPY,ZWARNING_0_SCIENCEPRIMARY
TRD009478,258.32441,64.353893,QSO,SDSS_DR18_SPECTROSCOPY,ZWARNING_0_SCIENCEPRIMARY
TRD009479,258.3759,64.714731,QSO,SDSS_DR18_SPECTROSCOPY,ZWARNING_0_SCIENCEPRIMARY
TRD009480,258.67449,64.698698,QSO,SDSS_DR18_SPECTROSCOPY,ZWARNING_0_SCIENCEPRIMARY
TRD009481,257.86462,64.289536,QSO,SDSS_DR18_SPECTROSCOPY,ZWARNING_0_SCIENCEPRIMARY
TRD009482,257.67234,64.371145,QSO,SDSS_DR18_SPECTROSCOPY,ZWARNING_0_SCIENCEPRIMARY
TRD009483,257.25863,64.291127,QSO,SDSS_DR18_SPECTROSCOPY,ZWARNING_0_SCIENCEPRIMARY
TRD009484,256.77032,64.717588,QSO,SDSS_DR18_SPECTROSCOPY,ZWARNING_0_SCIENCEPRIMARY
TRD009485,257.29637,64.369375,QSO,SDSS_DR18_SPECTROSCOPY,ZWARNING_0_SCIENCEPRIMARY
TRD009486,257.06403,64.527035,QSO,SDSS_DR18_SPECTROSCOPY,ZWARNING_0_SCIENCEPRIMARY
TRD009487,257.37838,64.167501,QSO,SDSS_DR18_SPECTROSCOPY,ZWARNING_0_SCIENCEPRIMARY
TRD009488,257.40682,64.104226,QSO,SDSS_DR18_SPECTROSCOPY,ZWARNING_0_SCIENCEPRIMARY
TRD009489,257.59421,64.100849,QSO,SDSS_DR18_SPECTROSCOPY,ZWARNING_0_SCIENCEPRIMARY
TRD009490,257.53131,64.211373,QSO,SDSS_DR18_SPECTROSCOPY,ZWARNING_0_SCIENCEPRIMARY
TRD009491,256.7234,64.309273,QSO,SDSS_DR18_SPECTROSCOPY,ZWARNING_0_SCIENCEPRIMARY
TRD009492,256.13257,65.584966,QSO,SDSS_DR18_SPECTROSCOPY,ZWARNING_0_SCIENCEPRIMARY
TRD009493,257.72863,65.668906,QSO,SDSS_DR18_SPECTROSCOPY,ZWARNING_0_SCIENCEPRIMARY
TRD009494,258.06784,66.036593,QSO,SDSS_DR18_SPECTROSCOPY,ZWARNING_0_SCIENCEPRIMARY
TRD009495,256.81043,65.183328,QSO,SDSS_DR18_SPECTROSCOPY,ZWARNING_0_SCIENCEPRIMARY
TRD009496,256.42037,65.203332,QSO,SDSS_DR18_SPECTROSCOPY,ZWARNING_0_SCIENCEPRIMARY
TRD009497,258.56648,65.803122,QSO,SDSS_DR18_SPECTROSCOPY,ZWARNING_0_SCIENCEPRIMARY
TRD009498,258.43625,65.777152,QSO,SDSS_DR18_SPECTROSCOPY,ZWARNING_0_SCIENCEPRIMARY
TRD009499,257.16597,65.360471,QSO,SDSS_DR18_SPECTROSCOPY,ZWARNING_0_SCIENCEPRIMARY
TRD009500,259.40815,65.994277,QSO,SDSS_DR18_SPECTROSCOPY,ZWARNING_0_SCIENCEPRIMARY
TRD009501,259.44769,66.05965,QSO,SDSS_DR18_SPECTROSCOPY,ZWARNING_0_SCIENCEPRIMARY
TRD009502,259.35927,65.761804,QSO,SDSS_DR18_SPECTROSCOPY,ZWARNING_0_SCIENCEPRIMARY
TRD009503,259.22226,65.526749,QSO,SDSS_DR18_SPECTROSCOPY,ZWARNING_0_SCIENCEPRIMARY
TRD009504,257.82837,65.503265,QSO,SDSS_DR18_SPECTROSCOPY,ZWARNING_0_SCIENCEPRIMARY
TRD009505,257.70186,65.495625,QSO,SDSS_DR18_SPECTROSCOPY,ZWARNING_0_SCIENCEPRIMARY
TRD009506,257.70791,65.35059,QSO,SDSS_DR18_SPECTROSCOPY,ZWARNING_0_SCIENCEPRIMARY
TRD009507,257.52298,64.811928,QSO,SDSS_DR18_SPECTROSCOPY,ZWARNING_0_SCIENCEPRIMARY
TRD009508,258.87706,64.888681,QSO,SDSS_DR18_SPECTROSCOPY,ZWARNING_0_SCIENCEPRIMARY
TRD009509,258.74793,64.856837,QSO,SDSS_DR18_SPECTROSCOPY,ZWARNING_0_SCIENCEPRIMARY
TRD009510,258.5613,65.107289,QSO,SDSS_DR18_SPECTROSCOPY,ZWARNING_0_SCIENCEPRIMARY
TRD009511,259.65862,66.032202,QSO,SDSS_DR18_SPECTROSCOPY,ZWARNING_0_SCIENCEPRIMARY
TRD009512,260.46669,66.08033,QSO,SDSS_DR18_SPECTROSCOPY,ZWARNING_0_SCIENCEPRIMARY
TRD009513,260.0126,65.713376,QSO,SDSS_DR18_SPECTROSCOPY,ZWARNING_0_SCIENCEPRIMARY
TRD009514,260.33458,66.281723,QSO,SDSS_DR18_SPECTROSCOPY,ZWARNING_0_SCIENCEPRIMARY
TRD009515,260.80893,65.796148,QSO,SDSS_DR18_SPECTROSCOPY,ZWARNING_0_SCIENCEPRIMARY
TRD009516,257.62587,60.396534,QSO,SDSS_DR18_SPECTROSCOPY,ZWARNING_0_SCIENCEPRIMARY
TRD009517,257.93315,60.609622,QSO,SDSS_DR18_SPECTROSCOPY,ZWARNING_0_SCIENCEPRIMARY
TRD009518,257.89342,60.877914,QSO,SDSS_DR18_SPECTROSCOPY,ZWARNING_0_SCIENCEPRIMARY
TRD009519,258.05158,60.891373,QSO,SDSS_DR18_SPECTROSCOPY,ZWARNING_0_SCIENCEPRIMARY
TRD009520,258.26926,61.329282,QSO,SDSS_DR18_SPECTROSCOPY,ZWARNING_0_SCIENCEPRIMARY
TRD009521,258.37917,61.118854,QSO,SDSS_DR18_SPECTROSCOPY,ZWARNING_0_SCIENCEPRIMARY
TRD009522,258.27021,61.3804,QSO,SDSS_DR18_SPECTROSCOPY,ZWARNING_0_SCIENCEPRIMARY
TRD009523,258.60285,61.401279,QSO,SDSS_DR18_SPECTROSCOPY,ZWARNING_0_SCIENCEPRIMARY
TRD009524,258.25083,61.398472,QSO,SDSS_DR18_SPECTROSCOPY,ZWARNING_0_SCIENCEPRIMARY
TRD009525,257.02046,60.367234,QSO,SDSS_DR18_SPECTROSCOPY,ZWARNING_0_SCIENCEPRIMARY
TRD009526,257.82794,61.459058,QSO,SDSS_DR18_SPECTROSCOPY,ZWARNING_0_SCIENCEPRIMARY
TRD009527,256.45079,60.319,QSO,SDSS_DR18_SPECTROSCOPY,ZWARNING_0_SCIENCEPRIMARY
TRD009528,256.81913,60.408866,QSO,SDSS_DR18_SPECTROSCOPY,ZWARNING_0_SCIENCEPRIMARY
TRD009529,257.12602,61.088248,QSO,SDSS_DR18_SPECTROSCOPY,ZWARNING_0_SCIENCEPRIMARY
TRD009530,256.54744,61.014662,QSO,SDSS_DR18_SPECTROSCOPY,ZWARNING_0_SCIENCEPRIMARY
TRD009531,256.83411,61.507092,QSO,SDSS_DR18_SPECTROSCOPY,ZWARNING_0_SCIENCEPRIMARY
TRD009532,255.89731,61.435383,QSO,SDSS_DR18_SPECTROSCOPY,ZWARNING_0_SCIENCEPRIMARY
TRD009533,255.75559,61.120213,QSO,SDSS_DR18_SPECTROSCOPY,ZWARNING_0_SCIENCEPRIMARY
TRD009534,255.54644,60.980036,QSO,SDSS_DR18_SPECTROSCOPY,ZWARNING_0_SCIENCEPRIMARY
TRD009535,255.56703,61.208954,QSO,SDSS_DR18_SPECTROSCOPY,ZWARNING_0_SCIENCEPRIMARY
TRD009536,255.69205,60.471919,QSO,SDSS_DR18_SPECTROSCOPY,ZWARNING_0_SCIENCEPRIMARY
TRD009537,255.43584,60.55019,QSO,SDSS_DR18_SPECTROSCOPY,ZWARNING_0_SCIENCEPRIMARY
TRD009538,255.25908,61.383604,QSO,SDSS_DR18_SPECTROSCOPY,ZWARNING_0_SCIENCEPRIMARY
TRD009539,254.89065,60.976101,QSO,SDSS_DR18_SPECTROSCOPY,ZWARNING_0_SCIENCEPRIMARY
TRD009540,254.48141,60.667386,QSO,SDSS_DR18_SPECTROSCOPY,ZWARNING_0_SCIENCEPRIMARY
TRD009541,254.40543,60.827595,QSO,SDSS_DR18_SPECTROSCOPY,ZWARNING_0_SCIENCEPRIMARY
TRD009542,253.33589,61.715107,QSO,SDSS_DR18_SPECTROSCOPY,ZWARNING_0_SCIENCEPRIMARY
TRD009543,253.67402,61.671861,QSO,SDSS_DR18_SPECTROSCOPY,ZWARNING_0_SCIENCEPRIMARY
TRD009544,254.76735,62.50343,QSO,SDSS_DR18_SPECTROSCOPY,ZWARNING_0_SCIENCEPRIMARY
TRD009545,254.54213,62.415655,QSO,SDSS_DR18_SPECTROSCOPY,ZWARNING_0_SCIENCEPRIMARY
TRD009546,253.97852,61.702559,QSO,SDSS_DR18_SPECTROSCOPY,ZWARNING_0_SCIENCEPRIMARY
TRD009547,253.84273,61.793142,QSO,SDSS_DR18_SPECTROSCOPY,ZWARNING_0_SCIENCEPRIMARY
TRD009548,254.96662,62.466296,QSO,SDSS_DR18_SPECTROSCOPY,ZWARNING_0_SCIENCEPRIMARY
TRD009549,254.59305,61.915262,QSO,SDSS_DR18_SPECTROSCOPY,ZWARNING_0_SCIENCEPRIMARY
TRD009550,254.94417,61.99654,QSO,SDSS_DR18_SPECTROSCOPY,ZWARNING_0_SCIENCEPRIMARY
TRD009551,254.99557,62.038373,QSO,SDSS_DR18_SPECTROSCOPY,ZWARNING_0_SCIENCEPRIMARY
TRD009552,255.24534,62.027107,QSO,SDSS_DR18_SPECTROSCOPY,ZWARNING_0_SCIENCEPRIMARY
TRD009553,255.77541,61.878991,QSO,SDSS_DR18_SPECTROSCOPY,ZWARNING_0_SCIENCEPRIMARY
TRD009554,255.87069,61.686103,QSO,SDSS_DR18_SPECTROSCOPY,ZWARNING_0_SCIENCEPRIMARY
TRD009555,256.35042,61.546305,QSO,SDSS_DR18_SPECTROSCOPY,ZWARNING_0_SCIENCEPRIMARY
TRD009556,257.07447,61.913521,QSO,SDSS_DR18_SPECTROSCOPY,ZWARNING_0_SCIENCEPRIMARY
TRD009557,256.63777,61.954171,QSO,SDSS_DR18_SPECTROSCOPY,ZWARNING_0_SCIENCEPRIMARY
TRD009558,257.0825,61.702016,QSO,SDSS_DR18_SPECTROSCOPY,ZWARNING_0_SCIENCEPRIMARY
TRD009559,257.25437,62.20751,QSO,SDSS_DR18_SPECTROSCOPY,ZWARNING_0_SCIENCEPRIMARY
TRD009560,257.32616,62.421155,QSO,SDSS_DR18_SPECTROSCOPY,ZWARNING_0_SCIENCEPRIMARY
TRD009561,257.32166,61.889573,QSO,SDSS_DR18_SPECTROSCOPY,ZWARNING_0_SCIENCEPRIMARY
TRD009562,257.47636,61.971548,QSO,SDSS_DR18_SPECTROSCOPY,ZWARNING_0_SCIENCEPRIMARY
TRD009563,257.75066,62.790984,QSO,SDSS_DR18_SPECTROSCOPY,ZWARNING_0_SCIENCEPRIMARY
TRD009564,258.98779,61.523353,QSO,SDSS_DR18_SPECTROSCOPY,ZWARNING_0_SCIENCEPRIMARY
TRD009565,258.20473,61.69305,QSO,SDSS_DR18_SPECTROSCOPY,ZWARNING_0_SCIENCEPRIMARY
TRD009566,262.29137,62.755492,QSO,SDSS_DR18_SPECTROSCOPY,ZWARNING_0_SCIENCEPRIMARY
TRD009567,262.09837,63.159407,QSO,SDSS_DR18_SPECTROSCOPY,ZWARNING_0_SCIENCEPRIMARY
TRD009568,260.96561,62.4221,QSO,SDSS_DR18_SPECTROSCOPY,ZWARNING_0_SCIENCEPRIMARY
TRD009569,260.21315,62.162316,QSO,SDSS_DR18_SPECTROSCOPY,ZWARNING_0_SCIENCEPRIMARY
TRD009570,261.43546,62.651033,QSO,SDSS_DR18_SPECTROSCOPY,ZWARNING_0_SCIENCEPRIMARY
TRD009571,261.18225,63.127711,QSO,SDSS_DR18_SPECTROSCOPY,ZWARNING_0_SCIENCEPRIMARY
TRD009572,261.13321,63.174314,QSO,SDSS_DR18_SPECTROSCOPY,ZWARNING_0_SCIENCEPRIMARY
TRD009573,260.00545,62.212711,QSO,SDSS_DR18_SPECTROSCOPY,ZWARNING_0_SCIENCEPRIMARY
TRD009574,260.17664,62.169349,QSO,SDSS_DR18_SPECTROSCOPY,ZWARNING_0_SCIENCEPRIMARY
TRD009575,260.19853,62.77731,QSO,SDSS_DR18_SPECTROSCOPY,ZWARNING_0_SCIENCEPRIMARY
TRD009576,258.92876,63.248405,QSO,SDSS_DR18_SPECTROSCOPY,ZWARNING_0_SCIENCEPRIMARY
TRD009577,259.13904,62.27373,QSO,SDSS_DR18_SPECTROSCOPY,ZWARNING_0_SCIENCEPRIMARY
TRD009578,259.50086,62.223795,QSO,SDSS_DR18_SPECTROSCOPY,ZWARNING_0_SCIENCEPRIMARY
TRD009579,259.37937,62.320044,QSO,SDSS_DR18_SPECTROSCOPY,ZWARNING_0_SCIENCEPRIMARY
TRD009580,258.31481,62.804369,QSO,SDSS_DR18_SPECTROSCOPY,ZWARNING_0_SCIENCEPRIMARY
TRD009581,258.58581,63.005627,QSO,SDSS_DR18_SPECTROSCOPY,ZWARNING_0_SCIENCEPRIMARY
TRD009582,258.62539,61.962936,QSO,SDSS_DR18_SPECTROSCOPY,ZWARNING_0_SCIENCEPRIMARY
TRD009583,258.86987,61.651775,QSO,SDSS_DR18_SPECTROSCOPY,ZWARNING_0_SCIENCEPRIMARY
TRD009584,257.73672,62.412623,QSO,SDSS_DR18_SPECTROSCOPY,ZWARNING_0_SCIENCEPRIMARY
TRD009585,257.13418,62.701593,QSO,SDSS_DR18_SPECTROSCOPY,ZWARNING_0_SCIENCEPRIMARY
TRD009586,257.41242,63.10966,QSO,SDSS_DR18_SPECTROSCOPY,ZWARNING_0_SCIENCEPRIMARY
TRD009587,257.37915,63.065867,QSO,SDSS_DR18_SPECTROSCOPY,ZWARNING_0_SCIENCEPRIMARY
TRD009588,257.38751,63.691043,QSO,SDSS_DR18_SPECTROSCOPY,ZWARNING_0_SCIENCEPRIMARY
TRD009589,257.56548,63.801719,QSO,SDSS_DR18_SPECTROSCOPY,ZWARNING_0_SCIENCEPRIMARY
TRD009590,257.87705,63.600591,QSO,SDSS_DR18_SPECTROSCOPY,ZWARNING_0_SCIENCEPRIMARY
TRD009591,257.74359,63.510002,QSO,SDSS_DR18_SPECTROSCOPY,ZWARNING_0_SCIENCEPRIMARY
TRD009592,258.49799,64.160971,QSO,SDSS_DR18_SPECTROSCOPY,ZWARNING_0_SCIENCEPRIMARY
TRD009593,258.81899,63.495985,QSO,SDSS_DR18_SPECTROSCOPY,ZWARNING_0_SCIENCEPRIMARY
TRD009594,258.89985,63.393352,QSO,SDSS_DR18_SPECTROSCOPY,ZWARNING_0_SCIENCEPRIMARY
TRD009595,259.24294,63.430061,QSO,SDSS_DR18_SPECTROSCOPY,ZWARNING_0_SCIENCEPRIMARY
TRD009596,260.10936,63.588145,QSO,SDSS_DR18_SPECTROSCOPY,ZWARNING_0_SCIENCEPRIMARY
TRD009597,259.35107,64.021069,QSO,SDSS_DR18_SPECTROSCOPY,ZWARNING_0_SCIENCEPRIMARY
TRD009598,259.30362,64.062443,QSO,SDSS_DR18_SPECTROSCOPY,ZWARNING_0_SCIENCEPRIMARY
TRD009599,260.37097,63.785408,QSO,SDSS_DR18_SPECTROSCOPY,ZWARNING_0_SCIENCEPRIMARY
TRD009600,260.08914,63.73213,QSO,SDSS_DR18_SPECTROSCOPY,ZWARNING_0_SCIENCEPRIMARY
TRD009601,260.25322,63.458519,QSO,SDSS_DR18_SPECTROSCOPY,ZWARNING_0_SCIENCEPRIMARY
TRD009602,261.65315,64.032031,QSO,SDSS_DR18_SPECTROSCOPY,ZWARNING_0_SCIENCEPRIMARY
TRD009603,261.70447,63.52402,QSO,SDSS_DR18_SPECTROSCOPY,ZWARNING_0_SCIENCEPRIMARY
TRD009604,262.17321,63.417922,QSO,SDSS_DR18_SPECTROSCOPY,ZWARNING_0_SCIENCEPRIMARY
TRD009605,262.07177,63.388369,QSO,SDSS_DR18_SPECTROSCOPY,ZWARNING_0_SCIENCEPRIMARY
TRD009606,262.26635,63.287653,QSO,SDSS_DR18_SPECTROSCOPY,ZWARNING_0_SCIENCEPRIMARY
TRD009607,261.79923,63.378293,QSO,SDSS_DR18_SPECTROSCOPY,ZWARNING_0_SCIENCEPRIMARY
TRD009608,259.56652,58.770475,QSO,SDSS_DR18_SPECTROSCOPY,ZWARNING_0_SCIENCEPRIMARY
TRD009609,259.57563,58.818133,QSO,SDSS_DR18_SPECTROSCOPY,ZWARNING_0_SCIENCEPRIMARY
TRD009610,258.28087,58.512912,QSO,SDSS_DR18_SPECTROSCOPY,ZWARNING_0_SCIENCEPRIMARY
TRD009611,258.46848,58.700349,QSO,SDSS_DR18_SPECTROSCOPY,ZWARNING_0_SCIENCEPRIMARY
TRD009612,259.21813,59.033381,QSO,SDSS_DR18_SPECTROSCOPY,ZWARNING_0_SCIENCEPRIMARY
TRD009613,257.82362,58.689961,QSO,SDSS_DR18_SPECTROSCOPY,ZWARNING_0_SCIENCEPRIMARY
TRD009614,257.57315,58.534583,QSO,SDSS_DR18_SPECTROSCOPY,ZWARNING_0_SCIENCEPRIMARY
TRD009615,257.63836,58.74912,QSO,SDSS_DR18_SPECTROSCOPY,ZWARNING_0_SCIENCEPRIMARY
TRD009616,257.86226,58.928932,QSO,SDSS_DR18_SPECTROSCOPY,ZWARNING_0_SCIENCEPRIMARY
TRD009617,257.93681,58.82212,QSO,SDSS_DR18_SPECTROSCOPY,ZWARNING_0_SCIENCEPRIMARY
TRD009618,257.56052,59.390695,QSO,SDSS_DR18_SPECTROSCOPY,ZWARNING_0_SCIENCEPRIMARY
TRD009619,257.62284,59.142998,QSO,SDSS_DR18_SPECTROSCOPY,ZWARNING_0_SCIENCEPRIMARY
TRD009620,257.27329,58.238286,QSO,SDSS_DR18_SPECTROSCOPY,ZWARNING_0_SCIENCEPRIMARY
TRD009621,256.75193,59.178122,QSO,SDSS_DR18_SPECTROSCOPY,ZWARNING_0_SCIENCEPRIMARY
TRD009622,256.45898,58.24756,QSO,SDSS_DR18_SPECTROSCOPY,ZWARNING_0_SCIENCEPRIMARY
TRD009623,256.16245,58.963528,QSO,SDSS_DR18_SPECTROSCOPY,ZWARNING_0_SCIENCEPRIMARY
TRD009624,256.02251,59.02043,QSO,SDSS_DR18_SPECTROSCOPY,ZWARNING_0_SCIENCEPRIMARY
TRD009625,256.14171,59.200973,QSO,SDSS_DR18_SPECTROSCOPY,ZWARNING_0_SCIENCEPRIMARY
TRD009626,255.56679,59.448806,QSO,SDSS_DR18_SPECTROSCOPY,ZWARNING_0_SCIENCEPRIMARY
TRD009627,255.46559,59.372699,QSO,SDSS_DR18_SPECTROSCOPY,ZWARNING_0_SCIENCEPRIMARY
TRD009628,255.58361,59.260733,QSO,SDSS_DR18_SPECTROSCOPY,ZWARNING_0_SCIENCEPRIMARY
TRD009629,255.24197,60.35985,QSO,SDSS_DR18_SPECTROSCOPY,ZWARNING_0_SCIENCEPRIMARY
TRD009630,255.04666,60.061557,QSO,SDSS_DR18_SPECTROSCOPY,ZWARNING_0_SCIENCEPRIMARY
TRD009631,256.02558,60.798293,QSO,SDSS_DR18_SPECTROSCOPY,ZWARNING_0_SCIENCEPRIMARY
TRD009632,255.98244,60.75328,QSO,SDSS_DR18_SPECTROSCOPY,ZWARNING_0_SCIENCEPRIMARY
TRD009633,256.62274,60.334909,QSO,SDSS_DR18_SPECTROSCOPY,ZWARNING_0_SCIENCEPRIMARY
TRD009634,257.08252,60.633177,QSO,SDSS_DR18_SPECTROSCOPY,ZWARNING_0_SCIENCEPRIMARY
TRD009635,257.05121,60.25351,QSO,SDSS_DR18_SPECTROSCOPY,ZWARNING_0_SCIENCEPRIMARY
TRD009636,257.01768,59.976473,QSO,SDSS_DR18_SPECTROSCOPY,ZWARNING_0_SCIENCEPRIMARY
TRD009637,257.18992,59.954512,QSO,SDSS_DR18_SPECTROSCOPY,ZWARNING_0_SCIENCEPRIMARY
TRD009638,257.85094,59.522622,QSO,SDSS_DR18_SPECTROSCOPY,ZWARNING_0_SCIENCEPRIMARY
TRD009639,257.26276,59.758535,QSO,SDSS_DR18_SPECTROSCOPY,ZWARNING_0_SCIENCEPRIMARY
TRD009640,257.9398,60.221839,QSO,SDSS_DR18_SPECTROSCOPY,ZWARNING_0_SCIENCEPRIMARY
TRD009641,258.39183,59.841199,QSO,SDSS_DR18_SPECTROSCOPY,ZWARNING_0_SCIENCEPRIMARY
TRD009642,258.93356,60.143238,QSO,SDSS_DR18_SPECTROSCOPY,ZWARNING_0_SCIENCEPRIMARY
TRD009643,259.38722,59.79651,QSO,SDSS_DR18_SPECTROSCOPY,ZWARNING_0_SCIENCEPRIMARY
TRD009644,258.9604,59.596878,QSO,SDSS_DR18_SPECTROSCOPY,ZWARNING_0_SCIENCEPRIMARY
TRD009645,259.40386,59.503207,QSO,SDSS_DR18_SPECTROSCOPY,ZWARNING_0_SCIENCEPRIMARY
TRD009646,259.21436,60.543257,QSO,SDSS_DR18_SPECTROSCOPY,ZWARNING_0_SCIENCEPRIMARY
TRD009647,259.63222,59.885931,QSO,SDSS_DR18_SPECTROSCOPY,ZWARNING_0_SCIENCEPRIMARY
TRD009648,259.45178,59.805705,QSO,SDSS_DR18_SPECTROSCOPY,ZWARNING_0_SCIENCEPRIMARY
TRD009649,259.75958,59.621068,QSO,SDSS_DR18_SPECTROSCOPY,ZWARNING_0_SCIENCEPRIMARY
TRD009650,260.17252,59.545645,QSO,SDSS_DR18_SPECTROSCOPY,ZWARNING_0_SCIENCEPRIMARY
TRD009651,259.52855,59.553716,QSO,SDSS_DR18_SPECTROSCOPY,ZWARNING_0_SCIENCEPRIMARY
TRD009652,259.44821,59.549494,QSO,SDSS_DR18_SPECTROSCOPY,ZWARNING_0_SCIENCEPRIMARY
TRD009653,263.41261,60.361688,QSO,SDSS_DR18_SPECTROSCOPY,ZWARNING_0_SCIENCEPRIMARY
TRD009654,262.31558,59.609655,QSO,SDSS_DR18_SPECTROSCOPY,ZWARNING_0_SCIENCEPRIMARY
TRD009655,262.15822,59.755996,QSO,SDSS_DR18_SPECTROSCOPY,ZWARNING_0_SCIENCEPRIMARY
TRD009656,262.18642,59.504897,QSO,SDSS_DR18_SPECTROSCOPY,ZWARNING_0_SCIENCEPRIMARY
TRD009657,263.18838,60.136974,QSO,SDSS_DR18_SPECTROSCOPY,ZWARNING_0_SCIENCEPRIMARY
TRD009658,263.0765,60.337262,QSO,SDSS_DR18_SPECTROSCOPY,ZWARNING_0_SCIENCEPRIMARY
TRD009659,263.23048,60.725882,QSO,SDSS_DR18_SPECTROSCOPY,ZWARNING_0_SCIENCEPRIMARY
TRD009660,261.74774,59.671634,QSO,SDSS_DR18_SPECTROSCOPY,ZWARNING_0_SCIENCEPRIMARY
TRD009661,261.76953,59.626858,QSO,SDSS_DR18_SPECTROSCOPY,ZWARNING_0_SCIENCEPRIMARY
TRD009662,261.73733,60.063491,QSO,SDSS_DR18_SPECTROSCOPY,ZWARNING_0_SCIENCEPRIMARY
TRD009663,262.62582,60.329844,QSO,SDSS_DR18_SPECTROSCOPY,ZWARNING_0_SCIENCEPRIMARY
TRD009664,262.74981,60.278377,QSO,SDSS_DR18_SPECTROSCOPY,ZWARNING_0_SCIENCEPRIMARY
TRD009665,262.43062,60.365113,QSO,SDSS_DR18_SPECTROSCOPY,ZWARNING_0_SCIENCEPRIMARY
TRD009666,262.35225,60.348849,QSO,SDSS_DR18_SPECTROSCOPY,ZWARNING_0_SCIENCEPRIMARY
TRD009667,262.71968,60.421331,QSO,SDSS_DR18_SPECTROSCOPY,ZWARNING_0_SCIENCEPRIMARY
TRD009668,262.33781,60.564599,QSO,SDSS_DR18_SPECTROSCOPY,ZWARNING_0_SCIENCEPRIMARY
TRD009669,261.3419,59.880827,QSO,SDSS_DR18_SPECTROSCOPY,ZWARNING_0_SCIENCEPRIMARY
TRD009670,261.48824,59.809486,QSO,SDSS_DR18_SPECTROSCOPY,ZWARNING_0_SCIENCEPRIMARY
TRD009671,261.80125,60.756726,QSO,SDSS_DR18_SPECTROSCOPY,ZWARNING_0_SCIENCEPRIMARY
TRD009672,261.58243,60.266684,QSO,SDSS_DR18_SPECTROSCOPY,ZWARNING_0_SCIENCEPRIMARY
TRD009673,261.58551,60.56297,QSO,SDSS_DR18_SPECTROSCOPY,ZWARNING_0_SCIENCEPRIMARY
TRD009674,261.51282,60.354361,QSO,SDSS_DR18_SPECTROSCOPY,ZWARNING_0_SCIENCEPRIMARY
TRD009675,261.19337,60.605462,QSO,SDSS_DR18_SPECTROSCOPY,ZWARNING_0_SCIENCEPRIMARY
TRD009676,261.08549,60.526461,QSO,SDSS_DR18_SPECTROSCOPY,ZWARNING_0_SCIENCEPRIMARY
TRD009677,260.85352,60.296984,QSO,SDSS_DR18_SPECTROSCOPY,ZWARNING_0_SCIENCEPRIMARY
TRD009678,260.99169,60.194458,QSO,SDSS_DR18_SPECTROSCOPY,ZWARNING_0_SCIENCEPRIMARY
TRD009679,261.06501,60.637794,QSO,SDSS_DR18_SPECTROSCOPY,ZWARNING_0_SCIENCEPRIMARY
TRD009680,260.79314,59.851587,QSO,SDSS_DR18_SPECTROSCOPY,ZWARNING_0_SCIENCEPRIMARY
TRD009681,260.93899,59.690028,QSO,SDSS_DR18_SPECTROSCOPY,ZWARNING_0_SCIENCEPRIMARY
TRD009682,260.7447,60.160506,QSO,SDSS_DR18_SPECTROSCOPY,ZWARNING_0_SCIENCEPRIMARY
TRD009683,260.35235,60.587424,QSO,SDSS_DR18_SPECTROSCOPY,ZWARNING_0_SCIENCEPRIMARY
TRD009684,260.06807,60.744725,QSO,SDSS_DR18_SPECTROSCOPY,ZWARNING_0_SCIENCEPRIMARY
TRD009685,260.35534,60.478774,QSO,SDSS_DR18_SPECTROSCOPY,ZWARNING_0_SCIENCEPRIMARY
TRD009686,260.55844,59.802228,QSO,SDSS_DR18_SPECTROSCOPY,ZWARNING_0_SCIENCEPRIMARY
TRD009687,260.63859,59.921633,QSO,SDSS_DR18_SPECTROSCOPY,ZWARNING_0_SCIENCEPRIMARY
TRD009688,259.27359,60.201119,QSO,SDSS_DR18_SPECTROSCOPY,ZWARNING_0_SCIENCEPRIMARY
TRD009689,259.83164,60.378177,QSO,SDSS_DR18_SPECTROSCOPY,ZWARNING_0_SCIENCEPRIMARY
TRD009690,260.03002,60.473301,QSO,SDSS_DR18_SPECTROSCOPY,ZWARNING_0_SCIENCEPRIMARY
TRD009691,259.93385,59.683596,QSO,SDSS_DR18_SPECTROSCOPY,ZWARNING_0_SCIENCEPRIMARY
TRD009692,258.67135,60.228606,QSO,SDSS_DR18_SPECTROSCOPY,ZWARNING_0_SCIENCEPRIMARY
TRD009693,258.67175,60.567377,QSO,SDSS_DR18_SPECTROSCOPY,ZWARNING_0_SCIENCEPRIMARY
TRD009694,258.94006,60.188784,QSO,SDSS_DR18_SPECTROSCOPY,ZWARNING_0_SCIENCEPRIMARY
TRD009695,258.82322,60.27699,QSO,SDSS_DR18_SPECTROSCOPY,ZWARNING_0_SCIENCEPRIMARY
TRD009696,259.26672,61.586903,QSO,SDSS_DR18_SPECTROSCOPY,ZWARNING_0_SCIENCEPRIMARY
TRD009697,258.67887,61.199602,QSO,SDSS_DR18_SPECTROSCOPY,ZWARNING_0_SCIENCEPRIMARY
TRD009698,258.58018,61.329059,QSO,SDSS_DR18_SPECTROSCOPY,ZWARNING_0_SCIENCEPRIMARY
TRD009699,260.24774,61.469922,QSO,SDSS_DR18_SPECTROSCOPY,ZWARNING_0_SCIENCEPRIMARY
TRD009700,260.16879,61.888215,QSO,SDSS_DR18_SPECTROSCOPY,ZWARNING_0_SCIENCEPRIMARY
TRD009701,260.03868,61.56168,QSO,SDSS_DR18_SPECTROSCOPY,ZWARNING_0_SCIENCEPRIMARY
TRD009702,258.97279,61.253972,QSO,SDSS_DR18_SPECTROSCOPY,ZWARNING_0_SCIENCEPRIMARY
TRD009703,259.3914,60.968994,QSO,SDSS_DR18_SPECTROSCOPY,ZWARNING_0_SCIENCEPRIMARY
TRD009704,259.28142,60.882627,QSO,SDSS_DR18_SPECTROSCOPY,ZWARNING_0_SCIENCEPRIMARY
TRD009705,259.14401,60.849266,QSO,SDSS_DR18_SPECTROSCOPY,ZWARNING_0_SCIENCEPRIMARY
TRD009706,260.70983,61.456858,QSO,SDSS_DR18_SPECTROSCOPY,ZWARNING_0_SCIENCEPRIMARY
TRD009707,260.39059,61.930238,QSO,SDSS_DR18_SPECTROSCOPY,ZWARNING_0_SCIENCEPRIMARY
TRD009708,259.54756,61.286007,QSO,SDSS_DR18_SPECTROSCOPY,ZWARNING_0_SCIENCEPRIMARY
TRD009709,259.90293,60.796712,QSO,SDSS_DR18_SPECTROSCOPY,ZWARNING_0_SCIENCEPRIMARY
TRD009710,259.74678,61.326154,QSO,SDSS_DR18_SPECTROSCOPY,ZWARNING_0_SCIENCEPRIMARY
TRD009711,259.70119,61.301364,QSO,SDSS_DR18_SPECTROSCOPY,ZWARNING_0_SCIENCEPRIMARY
TRD009712,261.43372,62.17374,QSO,SDSS_DR18_SPECTROSCOPY,ZWARNING_0_SCIENCEPRIMARY
TRD009713,261.39212,62.040222,QSO,SDSS_DR18_SPECTROSCOPY,ZWARNING_0_SCIENCEPRIMARY
TRD009714,261.15345,61.693626,QSO,SDSS_DR18_SPECTROSCOPY,ZWARNING_0_SCIENCEPRIMARY
TRD009715,261.1553,61.46918,QSO,SDSS_DR18_SPECTROSCOPY,ZWARNING_0_SCIENCEPRIMARY
TRD009716,260.76214,61.020263,QSO,SDSS_DR18_SPECTROSCOPY,ZWARNING_0_SCIENCEPRIMARY
TRD009717,260.89514,61.274296,QSO,SDSS_DR18_SPECTROSCOPY,ZWARNING_0_SCIENCEPRIMARY
TRD009718,261.3138,61.415545,QSO,SDSS_DR18_SPECTROSCOPY,ZWARNING_0_SCIENCEPRIMARY
TRD009719,261.73822,61.846061,QSO,SDSS_DR18_SPECTROSCOPY,ZWARNING_0_SCIENCEPRIMARY
TRD009720,261.7042,62.15286,QSO,SDSS_DR18_SPECTROSCOPY,ZWARNING_0_SCIENCEPRIMARY
TRD009721,261.97087,61.835728,QSO,SDSS_DR18_SPECTROSCOPY,ZWARNING_0_SCIENCEPRIMARY
TRD009722,261.60218,61.016016,QSO,SDSS_DR18_SPECTROSCOPY,ZWARNING_0_SCIENCEPRIMARY
TRD009723,261.50699,60.980505,QSO,SDSS_DR18_SPECTROSCOPY,ZWARNING_0_SCIENCEPRIMARY
TRD009724,262.68794,62.161798,QSO,SDSS_DR18_SPECTROSCOPY,ZWARNING_0_SCIENCEPRIMARY
TRD009725,262.35235,62.313504,QSO,SDSS_DR18_SPECTROSCOPY,ZWARNING_0_SCIENCEPRIMARY
TRD009726,262.31798,61.485598,QSO,SDSS_DR18_SPECTROSCOPY,ZWARNING_0_SCIENCEPRIMARY
TRD009727,262.41112,62.186595,QSO,SDSS_DR18_SPECTROSCOPY,ZWARNING_0_SCIENCEPRIMARY
TRD009728,262.17891,61.182551,QSO,SDSS_DR18_SPECTROSCOPY,ZWARNING_0_SCIENCEPRIMARY
TRD009729,262.34723,61.410071,QSO,SDSS_DR18_SPECTROSCOPY,ZWARNING_0_SCIENCEPRIMARY
TRD009730,262.29782,60.781298,QSO,SDSS_DR18_SPECTROSCOPY,ZWARNING_0_SCIENCEPRIMARY
TRD009731,262.25678,60.87503,QSO,SDSS_DR18_SPECTROSCOPY,ZWARNING_0_SCIENCEPRIMARY
TRD009732,263.02501,61.761206,QSO,SDSS_DR18_SPECTROSCOPY,ZWARNING_0_SCIENCEPRIMARY
TRD009733,263.16591,61.511394,QSO,SDSS_DR18_SPECTROSCOPY,ZWARNING_0_SCIENCEPRIMARY
TRD009734,263.20316,61.423856,QSO,SDSS_DR18_SPECTROSCOPY,ZWARNING_0_SCIENCEPRIMARY
TRD009735,262.7828,62.00725,QSO,SDSS_DR18_SPECTROSCOPY,ZWARNING_0_SCIENCEPRIMARY
TRD009736,263.00739,61.051865,QSO,SDSS_DR18_SPECTROSCOPY,ZWARNING_0_SCIENCEPRIMARY
TRD009737,263.01297,61.297766,QSO,SDSS_DR18_SPECTROSCOPY,ZWARNING_0_SCIENCEPRIMARY
TRD009738,263.09502,61.26005,QSO,SDSS_DR18_SPECTROSCOPY,ZWARNING_0_SCIENCEPRIMARY
TRD009739,263.09141,60.81528,QSO,SDSS_DR18_SPECTROSCOPY,ZWARNING_0_SCIENCEPRIMARY
TRD009740,261.46208,56.983299,QSO,SDSS_DR18_SPECTROSCOPY,ZWARNING_0_SCIENCEPRIMARY
TRD009741,260.94767,57.37122,QSO,SDSS_DR18_SPECTROSCOPY,ZWARNING_0_SCIENCEPRIMARY
TRD009742,259.97609,56.517574,QSO,SDSS_DR18_SPECTROSCOPY,ZWARNING_0_SCIENCEPRIMARY
TRD009743,259.7571,56.782734,QSO,SDSS_DR18_SPECTROSCOPY,ZWARNING_0_SCIENCEPRIMARY
TRD009744,260.52516,56.914338,QSO,SDSS_DR18_SPECTROSCOPY,ZWARNING_0_SCIENCEPRIMARY
TRD009745,259.83334,57.130111,QSO,SDSS_DR18_SPECTROSCOPY,ZWARNING_0_SCIENCEPRIMARY
TRD009746,260.05335,57.22934,QSO,SDSS_DR18_SPECTROSCOPY,ZWARNING_0_SCIENCEPRIMARY
TRD009747,258.81266,56.366256,QSO,SDSS_DR18_SPECTROSCOPY,ZWARNING_0_SCIENCEPRIMARY
TRD009748,259.03883,56.776196,QSO,SDSS_DR18_SPECTROSCOPY,ZWARNING_0_SCIENCEPRIMARY
TRD009749,258.76791,56.787729,QSO,SDSS_DR18_SPECTROSCOPY,ZWARNING_0_SCIENCEPRIMARY
TRD009750,259.18301,57.128084,QSO,SDSS_DR18_SPECTROSCOPY,ZWARNING_0_SCIENCEPRIMARY
TRD009751,259.09858,56.912477,QSO,SDSS_DR18_SPECTROSCOPY,ZWARNING_0_SCIENCEPRIMARY
TRD009752,258.13074,56.360438,QSO,SDSS_DR18_SPECTROSCOPY,ZWARNING_0_SCIENCEPRIMARY
TRD009753,257.78721,56.56005,QSO,SDSS_DR18_SPECTROSCOPY,ZWARNING_0_SCIENCEPRIMARY
TRD009754,257.97457,56.496174,QSO,SDSS_DR18_SPECTROSCOPY,ZWARNING_0_SCIENCEPRIMARY
TRD009755,257.53242,57.118072,QSO,SDSS_DR18_SPECTROSCOPY,ZWARNING_0_SCIENCEPRIMARY
TRD009756,257.96704,57.278833,QSO,SDSS_DR18_SPECTROSCOPY,ZWARNING_0_SCIENCEPRIMARY
TRD009757,257.46264,57.053795,QSO,SDSS_DR18_SPECTROSCOPY,ZWARNING_0_SCIENCEPRIMARY
TRD009758,257.44931,57.390451,QSO,SDSS_DR18_SPECTROSCOPY,ZWARNING_0_SCIENCEPRIMARY
TRD009759,256.44315,58.025253,QSO,SDSS_DR18_SPECTROSCOPY,ZWARNING_0_SCIENCEPRIMARY
TRD009760,256.43525,58.10262,QSO,SDSS_DR18_SPECTROSCOPY,ZWARNING_0_SCIENCEPRIMARY
TRD009761,257.48341,57.540412,QSO,SDSS_DR18_SPECTROSCOPY,ZWARNING_0_SCIENCEPRIMARY
TRD009762,258.03102,58.798475,QSO,SDSS_DR18_SPECTROSCOPY,ZWARNING_0_SCIENCEPRIMARY
TRD009763,258.54846,57.976128,QSO,SDSS_DR18_SPECTROSCOPY,ZWARNING_0_SCIENCEPRIMARY
TRD009764,258.25288,57.425068,QSO,SDSS_DR18_SPECTROSCOPY,ZWARNING_0_SCIENCEPRIMARY
TRD009765,258.29395,57.574073,QSO,SDSS_DR18_SPECTROSCOPY,ZWARNING_0_SCIENCEPRIMARY
TRD009766,258.55581,57.95307,QSO,SDSS_DR18_SPECTROSCOPY,ZWARNING_0_SCIENCEPRIMARY
TRD009767,258.86113,58.047933,QSO,SDSS_DR18_SPECTROSCOPY,ZWARNING_0_SCIENCEPRIMARY
TRD009768,258.84237,57.607415,QSO,SDSS_DR18_SPECTROSCOPY,ZWARNING_0_SCIENCEPRIMARY
TRD009769,258.91615,57.789522,QSO,SDSS_DR18_SPECTROSCOPY,ZWARNING_0_SCIENCEPRIMARY
TRD009770,259.11913,57.833219,QSO,SDSS_DR18_SPECTROSCOPY,ZWARNING_0_SCIENCEPRIMARY
TRD009771,259.46081,58.253903,QSO,SDSS_DR18_SPECTROSCOPY,ZWARNING_0_SCIENCEPRIMARY
TRD009772,259.3311,58.038349,QSO,SDSS_DR18_SPECTROSCOPY,ZWARNING_0_SCIENCEPRIMARY
TRD009773,259.62087,57.572877,QSO,SDSS_DR18_SPECTROSCOPY,ZWARNING_0_SCIENCEPRIMARY
TRD009774,259.93236,58.186779,QSO,SDSS_DR18_SPECTROSCOPY,ZWARNING_0_SCIENCEPRIMARY
TRD009775,259.73967,58.13578,QSO,SDSS_DR18_SPECTROSCOPY,ZWARNING_0_SCIENCEPRIMARY
TRD009776,259.75712,58.007995,QSO,SDSS_DR18_SPECTROSCOPY,ZWARNING_0_SCIENCEPRIMARY
TRD009777,260.1548,57.815626,QSO,SDSS_DR18_SPECTROSCOPY,ZWARNING_0_SCIENCEPRIMARY
TRD009778,260.42316,57.555258,QSO,SDSS_DR18_SPECTROSCOPY,ZWARNING_0_SCIENCEPRIMARY
TRD009779,264.73709,55.643069,QSO,SDSS_DR18_SPECTROSCOPY,ZWARNING_0_SCIENCEPRIMARY
TRD009780,264.99841,55.984423,QSO,SDSS_DR18_SPECTROSCOPY,ZWARNING_0_SCIENCEPRIMARY
TRD009781,265.03687,55.947158,QSO,SDSS_DR18_SPECTROSCOPY,ZWARNING_0_SCIENCEPRIMARY
TRD009782,265.07193,56.088354,QSO,SDSS_DR18_SPECTROSCOPY,ZWARNING_0_SCIENCEPRIMARY
TRD009783,265.48741,56.446439,QSO,SDSS_DR18_SPECTROSCOPY,ZWARNING_0_SCIENCEPRIMARY
TRD009784,264.27265,55.498813,QSO,SDSS_DR18_SPECTROSCOPY,ZWARNING_0_SCIENCEPRIMARY
TRD009785,264.47489,55.601357,QSO,SDSS_DR18_SPECTROSCOPY,ZWARNING_0_SCIENCEPRIMARY
TRD009786,264.75613,56.264541,QSO,SDSS_DR18_SPECTROSCOPY,ZWARNING_0_SCIENCEPRIMARY
TRD009787,264.78796,56.22147,QSO,SDSS_DR18_SPECTROSCOPY,ZWARNING_0_SCIENCEPRIMARY
TRD009788,264.56514,56.050091,QSO,SDSS_DR18_SPECTROSCOPY,ZWARNING_0_SCIENCEPRIMARY
TRD009789,264.00976,55.677928,QSO,SDSS_DR18_SPECTROSCOPY,ZWARNING_0_SCIENCEPRIMARY
TRD009790,264.11143,55.455758,QSO,SDSS_DR18_SPECTROSCOPY,ZWARNING_0_SCIENCEPRIMARY
TRD009791,264.14796,55.474844,QSO,SDSS_DR18_SPECTROSCOPY,ZWARNING_0_SCIENCEPRIMARY
TRD009792,264.05451,55.596514,QSO,SDSS_DR18_SPECTROSCOPY,ZWARNING_0_SCIENCEPRIMARY
TRD009793,263.91749,55.69204,QSO,SDSS_DR18_SPECTROSCOPY,ZWARNING_0_SCIENCEPRIMARY
TRD009794,263.37849,55.341904,QSO,SDSS_DR18_SPECTROSCOPY,ZWARNING_0_SCIENCEPRIMARY
TRD009795,263.66671,55.936734,QSO,SDSS_DR18_SPECTROSCOPY,ZWARNING_0_SCIENCEPRIMARY
TRD009796,263.52206,55.421434,QSO,SDSS_DR18_SPECTROSCOPY,ZWARNING_0_SCIENCEPRIMARY
TRD009797,263.61301,55.977786,QSO,SDSS_DR18_SPECTROSCOPY,ZWARNING_0_SCIENCEPRIMARY
TRD009798,263.7219,55.965573,QSO,SDSS_DR18_SPECTROSCOPY,ZWARNING_0_SCIENCEPRIMARY
TRD009799,263.83576,56.25677,QSO,SDSS_DR18_SPECTROSCOPY,ZWARNING_0_SCIENCEPRIMARY
TRD009800,263.81015,56.041148,QSO,SDSS_DR18_SPECTROSCOPY,ZWARNING_0_SCIENCEPRIMARY
TRD009801,262.81399,56.6114,QSO,SDSS_DR18_SPECTROSCOPY,ZWARNING_0_SCIENCEPRIMARY
TRD009802,263.01283,56.088445,QSO,SDSS_DR18_SPECTROSCOPY,ZWARNING_0_SCIENCEPRIMARY
TRD009803,263.32223,55.92687,QSO,SDSS_DR18_SPECTROSCOPY,ZWARNING_0_SCIENCEPRIMARY
TRD009804,262.3699,56.392354,QSO,SDSS_DR18_SPECTROSCOPY,ZWARNING_0_SCIENCEPRIMARY
TRD009805,262.63747,56.572344,QSO,SDSS_DR18_SPECTROSCOPY,ZWARNING_0_SCIENCEPRIMARY
TRD009806,262.53016,56.336284,QSO,SDSS_DR18_SPECTROSCOPY,ZWARNING_0_SCIENCEPRIMARY
TRD009807,262.36827,56.199292,QSO,SDSS_DR18_SPECTROSCOPY,ZWARNING_0_SCIENCEPRIMARY
TRD009808,262.58834,55.777336,QSO,SDSS_DR18_SPECTROSCOPY,ZWARNING_0_SCIENCEPRIMARY
TRD009809,262.77444,55.992341,QSO,SDSS_DR18_SPECTROSCOPY,ZWARNING_0_SCIENCEPRIMARY
TRD009810,261.4869,56.366009,QSO,SDSS_DR18_SPECTROSCOPY,ZWARNING_0_SCIENCEPRIMARY
TRD009811,262.09951,56.250173,QSO,SDSS_DR18_SPECTROSCOPY,ZWARNING_0_SCIENCEPRIMARY
TRD009812,261.46339,55.783378,QSO,SDSS_DR18_SPECTROSCOPY,ZWARNING_0_SCIENCEPRIMARY
TRD009813,261.78726,55.809748,QSO,SDSS_DR18_SPECTROSCOPY,ZWARNING_0_SCIENCEPRIMARY
TRD009814,261.67964,55.741247,QSO,SDSS_DR18_SPECTROSCOPY,ZWARNING_0_SCIENCEPRIMARY
TRD009815,262.34149,55.515993,QSO,SDSS_DR18_SPECTROSCOPY,ZWARNING_0_SCIENCEPRIMARY
TRD009816,262.01594,55.839955,QSO,SDSS_DR18_SPECTROSCOPY,ZWARNING_0_SCIENCEPRIMARY
TRD009817,262.38471,55.41751,QSO,SDSS_DR18_SPECTROSCOPY,ZWARNING_0_SCIENCEPRIMARY
TRD009818,262.26343,55.963434,QSO,SDSS_DR18_SPECTROSCOPY,ZWARNING_0_SCIENCEPRIMARY
TRD009819,261.30206,56.077125,QSO,SDSS_DR18_SPECTROSCOPY,ZWARNING_0_SCIENCEPRIMARY
TRD009820,261.37142,56.136677,QSO,SDSS_DR18_SPECTROSCOPY,ZWARNING_0_SCIENCEPRIMARY
TRD009821,261.47637,56.416316,QSO,SDSS_DR18_SPECTROSCOPY,ZWARNING_0_SCIENCEPRIMARY
TRD009822,261.3878,57.279323,QSO,SDSS_DR18_SPECTROSCOPY,ZWARNING_0_SCIENCEPRIMARY
TRD009823,261.05534,57.179623,QSO,SDSS_DR18_SPECTROSCOPY,ZWARNING_0_SCIENCEPRIMARY
TRD009824,261.10151,57.258628,QSO,SDSS_DR18_SPECTROSCOPY,ZWARNING_0_SCIENCEPRIMARY
TRD009825,260.91061,56.953744,QSO,SDSS_DR18_SPECTROSCOPY,ZWARNING_0_SCIENCEPRIMARY
TRD009826,261.96408,57.142914,QSO,SDSS_DR18_SPECTROSCOPY,ZWARNING_0_SCIENCEPRIMARY
TRD009827,261.96126,57.853581,QSO,SDSS_DR18_SPECTROSCOPY,ZWARNING_0_SCIENCEPRIMARY
TRD009828,262.35272,57.194772,QSO,SDSS_DR18_SPECTROSCOPY,ZWARNING_0_SCIENCEPRIMARY
TRD009829,262.75181,57.370097,QSO,SDSS_DR18_SPECTROSCOPY,ZWARNING_0_SCIENCEPRIMARY
TRD009830,261.75602,57.096842,QSO,SDSS_DR18_SPECTROSCOPY,ZWARNING_0_SCIENCEPRIMARY
TRD009831,261.88405,56.885184,QSO,SDSS_DR18_SPECTROSCOPY,ZWARNING_0_SCIENCEPRIMARY
TRD009832,261.93141,57.018855,QSO,SDSS_DR18_SPECTROSCOPY,ZWARNING_0_SCIENCEPRIMARY
TRD009833,261.99366,56.738679,QSO,SDSS_DR18_SPECTROSCOPY,ZWARNING_0_SCIENCEPRIMARY
TRD009834,262.16675,56.666044,QSO,SDSS_DR18_SPECTROSCOPY,ZWARNING_0_SCIENCEPRIMARY
TRD009835,263.29504,57.412445,QSO,SDSS_DR18_SPECTROSCOPY,ZWARNING_0_SCIENCEPRIMARY
TRD009836,263.05498,57.252765,QSO,SDSS_DR18_SPECTROSCOPY,ZWARNING_0_SCIENCEPRIMARY
TRD009837,262.20426,56.987059,QSO,SDSS_DR18_SPECTROSCOPY,ZWARNING_0_SCIENCEPRIMARY
TRD009838,262.21937,56.695437,QSO,SDSS_DR18_SPECTROSCOPY,ZWARNING_0_SCIENCEPRIMARY
TRD009839,263.12268,56.803162,QSO,SDSS_DR18_SPECTROSCOPY,ZWARNING_0_SCIENCEPRIMARY
TRD009840,263.39539,56.66145,QSO,SDSS_DR18_SPECTROSCOPY,ZWARNING_0_SCIENCEPRIMARY
TRD009841,263.64996,56.968383,QSO,SDSS_DR18_SPECTROSCOPY,ZWARNING_0_SCIENCEPRIMARY
TRD009842,263.99207,57.416959,QSO,SDSS_DR18_SPECTROSCOPY,ZWARNING_0_SCIENCEPRIMARY
TRD009843,263.94405,57.262657,QSO,SDSS_DR18_SPECTROSCOPY,ZWARNING_0_SCIENCEPRIMARY
TRD009844,263.99994,57.51834,QSO,SDSS_DR18_SPECTROSCOPY,ZWARNING_0_SCIENCEPRIMARY
TRD009845,264.12685,57.592856,QSO,SDSS_DR18_SPECTROSCOPY,ZWARNING_0_SCIENCEPRIMARY
TRD009846,263.56326,58.037415,QSO,SDSS_DR18_SPECTROSCOPY,ZWARNING_0_SCIENCEPRIMARY
TRD009847,264.34578,57.354624,QSO,SDSS_DR18_SPECTROSCOPY,ZWARNING_0_SCIENCEPRIMARY
TRD009848,264.33114,57.935055,QSO,SDSS_DR18_SPECTROSCOPY,ZWARNING_0_SCIENCEPRIMARY
TRD009849,264.79806,56.930841,QSO,SDSS_DR18_SPECTROSCOPY,ZWARNING_0_SCIENCEPRIMARY
TRD009850,264.79517,57.862119,QSO,SDSS_DR18_SPECTROSCOPY,ZWARNING_0_SCIENCEPRIMARY
TRD009851,264.82827,57.753221,QSO,SDSS_DR18_SPECTROSCOPY,ZWARNING_0_SCIENCEPRIMARY
TRD009852,264.897,57.867135,QSO,SDSS_DR18_SPECTROSCOPY,ZWARNING_0_SCIENCEPRIMARY
TRD009853,265.20492,56.789858,QSO,SDSS_DR18_SPECTROSCOPY,ZWARNING_0_SCIENCEPRIMARY
TRD009854,263.14004,53.082487,QSO,SDSS_DR18_SPECTROSCOPY,ZWARNING_0_SCIENCEPRIMARY
TRD009855,261.91264,53.04144,QSO,SDSS_DR18_SPECTROSCOPY,ZWARNING_0_SCIENCEPRIMARY
TRD009856,261.75538,53.023229,QSO,SDSS_DR18_SPECTROSCOPY,ZWARNING_0_SCIENCEPRIMARY
TRD009857,262.19771,53.170567,QSO,SDSS_DR18_SPECTROSCOPY,ZWARNING_0_SCIENCEPRIMARY
TRD009858,261.91329,53.109535,QSO,SDSS_DR18_SPECTROSCOPY,ZWARNING_0_SCIENCEPRIMARY
TRD009859,261.78754,53.188914,QSO,SDSS_DR18_SPECTROSCOPY,ZWARNING_0_SCIENCEPRIMARY
TRD009860,262.9031,53.378517,QSO,SDSS_DR18_SPECTROSCOPY,ZWARNING_0_SCIENCEPRIMARY
TRD009861,262.89272,53.422992,QSO,SDSS_DR18_SPECTROSCOPY,ZWARNING_0_SCIENCEPRIMARY
TRD009862,261.63964,53.050197,QSO,SDSS_DR18_SPECTROSCOPY,ZWARNING_0_SCIENCEPRIMARY
TRD009863,261.62589,52.794436,QSO,SDSS_DR18_SPECTROSCOPY,ZWARNING_0_SCIENCEPRIMARY
TRD009864,262.43067,53.206623,QSO,SDSS_DR18_SPECTROSCOPY,ZWARNING_0_SCIENCEPRIMARY
TRD009865,262.40797,53.379993,QSO,SDSS_DR18_SPECTROSCOPY,ZWARNING_0_SCIENCEPRIMARY
TRD009866,261.04944,52.777758,QSO,SDSS_DR18_SPECTROSCOPY,ZWARNING_0_SCIENCEPRIMARY
TRD009867,261.33143,52.951815,QSO,SDSS_DR18_SPECTROSCOPY,ZWARNING_0_SCIENCEPRIMARY
TRD009868,260.9921,52.922829,QSO,SDSS_DR18_SPECTROSCOPY,ZWARNING_0_SCIENCEPRIMARY
TRD009869,261.25273,52.913933,QSO,SDSS_DR18_SPECTROSCOPY,ZWARNING_0_SCIENCEPRIMARY
TRD009870,261.89394,53.486103,QSO,SDSS_DR18_SPECTROSCOPY,ZWARNING_0_SCIENCEPRIMARY
TRD009871,261.29306,53.408313,QSO,SDSS_DR18_SPECTROSCOPY,ZWARNING_0_SCIENCEPRIMARY
TRD009872,261.30249,53.473803,QSO,SDSS_DR18_SPECTROSCOPY,ZWARNING_0_SCIENCEPRIMARY
TRD009873,261.39553,53.54237,QSO,SDSS_DR18_SPECTROSCOPY,ZWARNING_0_SCIENCEPRIMARY
TRD009874,261.0383,53.234875,QSO,SDSS_DR18_SPECTROSCOPY,ZWARNING_0_SCIENCEPRIMARY
TRD009875,260.50068,52.736243,QSO,SDSS_DR18_SPECTROSCOPY,ZWARNING_0_SCIENCEPRIMARY
TRD009876,260.7421,53.009556,QSO,SDSS_DR18_SPECTROSCOPY,ZWARNING_0_SCIENCEPRIMARY
TRD009877,260.51191,53.102668,QSO,SDSS_DR18_SPECTROSCOPY,ZWARNING_0_SCIENCEPRIMARY
TRD009878,260.78922,53.569418,QSO,SDSS_DR18_SPECTROSCOPY,ZWARNING_0_SCIENCEPRIMARY
TRD009879,260.97628,53.655049,QSO,SDSS_DR18_SPECTROSCOPY,ZWARNING_0_SCIENCEPRIMARY
TRD009880,260.31374,53.01131,QSO,SDSS_DR18_SPECTROSCOPY,ZWARNING_0_SCIENCEPRIMARY
TRD009881,260.2575,53.142909,QSO,SDSS_DR18_SPECTROSCOPY,ZWARNING_0_SCIENCEPRIMARY
TRD009882,260.3232,53.202157,QSO,SDSS_DR18_SPECTROSCOPY,ZWARNING_0_SCIENCEPRIMARY
TRD009883,260.57931,53.279992,QSO,SDSS_DR18_SPECTROSCOPY,ZWARNING_0_SCIENCEPRIMARY
TRD009884,259.98264,52.556771,QSO,SDSS_DR18_SPECTROSCOPY,ZWARNING_0_SCIENCEPRIMARY
TRD009885,259.97218,52.816325,QSO,SDSS_DR18_SPECTROSCOPY,ZWARNING_0_SCIENCEPRIMARY
TRD009886,260.03265,52.595599,QSO,SDSS_DR18_SPECTROSCOPY,ZWARNING_0_SCIENCEPRIMARY
TRD009887,259.61842,53.448704,QSO,SDSS_DR18_SPECTROSCOPY,ZWARNING_0_SCIENCEPRIMARY
TRD009888,259.60467,53.487628,QSO,SDSS_DR18_SPECTROSCOPY,ZWARNING_0_SCIENCEPRIMARY
TRD009889,259.6369,53.217971,QSO,SDSS_DR18_SPECTROSCOPY,ZWARNING_0_SCIENCEPRIMARY
TRD009890,259.45512,53.523144,QSO,SDSS_DR18_SPECTROSCOPY,ZWARNING_0_SCIENCEPRIMARY
TRD009891,259.66867,54.122588,QSO,SDSS_DR18_SPECTROSCOPY,ZWARNING_0_SCIENCEPRIMARY
TRD009892,259.50565,53.806909,QSO,SDSS_DR18_SPECTROSCOPY,ZWARNING_0_SCIENCEPRIMARY
TRD009893,260.45539,54.405221,QSO,SDSS_DR18_SPECTROSCOPY,ZWARNING_0_SCIENCEPRIMARY
TRD009894,260.37125,54.125154,QSO,SDSS_DR18_SPECTROSCOPY,ZWARNING_0_SCIENCEPRIMARY
TRD009895,259.95717,53.747424,QSO,SDSS_DR18_SPECTROSCOPY,ZWARNING_0_SCIENCEPRIMARY
TRD009896,260.76412,54.290056,QSO,SDSS_DR18_SPECTROSCOPY,ZWARNING_0_SCIENCEPRIMARY
TRD009897,261.11882,54.571791,QSO,SDSS_DR18_SPECTROSCOPY,ZWARNING_0_SCIENCEPRIMARY
TRD009898,261.2659,54.367108,QSO,SDSS_DR18_SPECTROSCOPY,ZWARNING_0_SCIENCEPRIMARY
TRD009899,261.00136,54.204373,QSO,SDSS_DR18_SPECTROSCOPY,ZWARNING_0_SCIENCEPRIMARY
TRD009900,260.78749,54.158054,QSO,SDSS_DR18_SPECTROSCOPY,ZWARNING_0_SCIENCEPRIMARY
TRD009901,260.9589,54.389015,QSO,SDSS_DR18_SPECTROSCOPY,ZWARNING_0_SCIENCEPRIMARY
TRD009902,260.46208,53.747391,QSO,SDSS_DR18_SPECTROSCOPY,ZWARNING_0_SCIENCEPRIMARY
TRD009903,260.75228,54.015521,QSO,SDSS_DR18_SPECTROSCOPY,ZWARNING_0_SCIENCEPRIMARY
TRD009904,260.42737,53.815235,QSO,SDSS_DR18_SPECTROSCOPY,ZWARNING_0_SCIENCEPRIMARY
TRD009905,260.26027,53.74644,QSO,SDSS_DR18_SPECTROSCOPY,ZWARNING_0_SCIENCEPRIMARY
TRD009906,261.55286,54.551919,QSO,SDSS_DR18_SPECTROSCOPY,ZWARNING_0_SCIENCEPRIMARY
TRD009907,260.76387,53.822514,QSO,SDSS_DR18_SPECTROSCOPY,ZWARNING_0_SCIENCEPRIMARY
TRD009908,261.18741,53.72225,QSO,SDSS_DR18_SPECTROSCOPY,ZWARNING_0_SCIENCEPRIMARY
TRD009909,261.3546,54.121067,QSO,SDSS_DR18_SPECTROSCOPY,ZWARNING_0_SCIENCEPRIMARY
TRD009910,261.78499,54.104016,QSO,SDSS_DR18_SPECTROSCOPY,ZWARNING_0_SCIENCEPRIMARY
TRD009911,261.35756,54.031961,QSO,SDSS_DR18_SPECTROSCOPY,ZWARNING_0_SCIENCEPRIMARY
TRD009912,261.68241,53.997023,QSO,SDSS_DR18_SPECTROSCOPY,ZWARNING_0_SCIENCEPRIMARY
TRD009913,261.73623,53.885697,QSO,SDSS_DR18_SPECTROSCOPY,ZWARNING_0_SCIENCEPRIMARY
TRD009914,262.29139,53.722918,QSO,SDSS_DR18_SPECTROSCOPY,ZWARNING_0_SCIENCEPRIMARY
TRD009915,262.27339,53.740001,QSO,SDSS_DR18_SPECTROSCOPY,ZWARNING_0_SCIENCEPRIMARY
TRD009916,262.17293,53.727427,QSO,SDSS_DR18_SPECTROSCOPY,ZWARNING_0_SCIENCEPRIMARY
TRD009917,262.06423,54.058962,QSO,SDSS_DR18_SPECTROSCOPY,ZWARNING_0_SCIENCEPRIMARY
TRD009918,262.2406,54.682615,QSO,SDSS_DR18_SPECTROSCOPY,ZWARNING_0_SCIENCEPRIMARY
TRD009919,261.99645,54.363067,QSO,SDSS_DR18_SPECTROSCOPY,ZWARNING_0_SCIENCEPRIMARY
TRD009920,261.73039,54.288106,QSO,SDSS_DR18_SPECTROSCOPY,ZWARNING_0_SCIENCEPRIMARY
TRD009921,262.43634,54.457214,QSO,SDSS_DR18_SPECTROSCOPY,ZWARNING_0_SCIENCEPRIMARY
TRD009922,263.29615,53.915924,QSO,SDSS_DR18_SPECTROSCOPY,ZWARNING_0_SCIENCEPRIMARY
TRD009923,263.31167,53.935908,QSO,SDSS_DR18_SPECTROSCOPY,ZWARNING_0_SCIENCEPRIMARY
TRD009924,262.71774,54.013533,QSO,SDSS_DR18_SPECTROSCOPY,ZWARNING_0_SCIENCEPRIMARY
TRD009925,262.76851,54.451884,QSO,SDSS_DR18_SPECTROSCOPY,ZWARNING_0_SCIENCEPRIMARY
TRD009926,263.36204,54.077981,QSO,SDSS_DR18_SPECTROSCOPY,ZWARNING_0_SCIENCEPRIMARY
TRD009927,264.59088,53.887679,QSO,SDSS_DR18_SPECTROSCOPY,ZWARNING_0_SCIENCEPRIMARY
TRD009928,264.39894,53.90508,QSO,SDSS_DR18_SPECTROSCOPY,ZWARNING_0_SCIENCEPRIMARY
TRD009929,265.0847,54.001872,QSO,SDSS_DR18_SPECTROSCOPY,ZWARNING_0_SCIENCEPRIMARY
TRD009930,263.77614,54.502334,QSO,SDSS_DR18_SPECTROSCOPY,ZWARNING_0_SCIENCEPRIMARY
TRD009931,262.56127,54.949324,QSO,SDSS_DR18_SPECTROSCOPY,ZWARNING_0_SCIENCEPRIMARY
TRD009932,264.91101,54.702389,QSO,SDSS_DR18_SPECTROSCOPY,ZWARNING_0_SCIENCEPRIMARY
TRD009933,265.38842,55.600307,QSO,SDSS_DR18_SPECTROSCOPY,ZWARNING_0_SCIENCEPRIMARY
TRD009934,265.69952,54.751379,QSO,SDSS_DR18_SPECTROSCOPY,ZWARNING_0_SCIENCEPRIMARY
TRD009935,265.91809,54.967339,QSO,SDSS_DR18_SPECTROSCOPY,ZWARNING_0_SCIENCEPRIMARY
TRD009936,266.08723,53.855414,QSO,SDSS_DR18_SPECTROSCOPY,ZWARNING_0_SCIENCEPRIMARY
TRD009937,266.13747,53.855465,QSO,SDSS_DR18_SPECTROSCOPY,ZWARNING_0_SCIENCEPRIMARY
TRD009938,266.20602,53.91955,QSO,SDSS_DR18_SPECTROSCOPY,ZWARNING_0_SCIENCEPRIMARY
TRD009939,266.2386,53.960266,QSO,SDSS_DR18_SPECTROSCOPY,ZWARNING_0_SCIENCEPRIMARY
TRD009940,265.98249,54.003326,QSO,SDSS_DR18_SPECTROSCOPY,ZWARNING_0_SCIENCEPRIMARY
TRD009941,266.02357,54.070387,QSO,SDSS_DR18_SPECTROSCOPY,ZWARNING_0_SCIENCEPRIMARY
TRD009942,266.02362,54.120546,QSO,SDSS_DR18_SPECTROSCOPY,ZWARNING_0_SCIENCEPRIMARY
TRD009943,265.30185,53.942363,QSO,SDSS_DR18_SPECTROSCOPY,ZWARNING_0_SCIENCEPRIMARY
TRD009944,265.8956,53.984509,QSO,SDSS_DR18_SPECTROSCOPY,ZWARNING_0_SCIENCEPRIMARY
TRD009945,265.73376,54.091199,QSO,SDSS_DR18_SPECTROSCOPY,ZWARNING_0_SCIENCEPRIMARY
TRD009946,265.67818,54.436075,QSO,SDSS_DR18_SPECTROSCOPY,ZWARNING_0_SCIENCEPRIMARY
TRD009947,265.82153,54.246247,QSO,SDSS_DR18_SPECTROSCOPY,ZWARNING_0_SCIENCEPRIMARY
TRD009948,265.84036,54.483318,QSO,SDSS_DR18_SPECTROSCOPY,ZWARNING_0_SCIENCEPRIMARY
TRD009949,265.71585,54.497009,QSO,SDSS_DR18_SPECTROSCOPY,ZWARNING_0_SCIENCEPRIMARY
TRD009950,264.67907,53.501168,QSO,SDSS_DR18_SPECTROSCOPY,ZWARNING_0_SCIENCEPRIMARY
TRD009951,265.44368,54.029519,QSO,SDSS_DR18_SPECTROSCOPY,ZWARNING_0_SCIENCEPRIMARY
TRD009952,265.55061,54.425202,QSO,SDSS_DR18_SPECTROSCOPY,ZWARNING_0_SCIENCEPRIMARY
TRD009953,265.58967,54.18877,QSO,SDSS_DR18_SPECTROSCOPY,ZWARNING_0_SCIENCEPRIMARY
TRD009954,264.33225,53.692738,QSO,SDSS_DR18_SPECTROSCOPY,ZWARNING_0_SCIENCEPRIMARY
TRD009955,264.27376,53.584746,QSO,SDSS_DR18_SPECTROSCOPY,ZWARNING_0_SCIENCEPRIMARY
TRD009956,264.52723,53.769396,QSO,SDSS_DR18_SPECTROSCOPY,ZWARNING_0_SCIENCEPRIMARY
TRD009957,264.01121,53.672099,QSO,SDSS_DR18_SPECTROSCOPY,ZWARNING_0_SCIENCEPRIMARY
TRD009958,264.3567,53.953651,QSO,SDSS_DR18_SPECTROSCOPY,ZWARNING_0_SCIENCEPRIMARY
TRD009959,264.51214,53.846421,QSO,SDSS_DR18_SPECTROSCOPY,ZWARNING_0_SCIENCEPRIMARY
TRD009960,264.3662,53.885302,QSO,SDSS_DR18_SPECTROSCOPY,ZWARNING_0_SCIENCEPRIMARY
TRD009961,264.16085,53.909043,QSO,SDSS_DR18_SPECTROSCOPY,ZWARNING_0_SCIENCEPRIMARY
TRD009962,265.20807,54.118415,QSO,SDSS_DR18_SPECTROSCOPY,ZWARNING_0_SCIENCEPRIMARY
TRD009963,264.61401,53.9616,QSO,SDSS_DR18_SPECTROSCOPY,ZWARNING_0_SCIENCEPRIMARY
TRD009964,264.69841,54.286895,QSO,SDSS_DR18_SPECTROSCOPY,ZWARNING_0_SCIENCEPRIMARY
TRD009965,264.29969,54.16774,QSO,SDSS_DR18_SPECTROSCOPY,ZWARNING_0_SCIENCEPRIMARY
TRD009966,264.68547,54.219894,QSO,SDSS_DR18_SPECTROSCOPY,ZWARNING_0_SCIENCEPRIMARY
TRD009967,264.05291,54.335898,QSO,SDSS_DR18_SPECTROSCOPY,ZWARNING_0_SCIENCEPRIMARY
TRD009968,263.92447,53.722528,QSO,SDSS_DR18_SPECTROSCOPY,ZWARNING_0_SCIENCEPRIMARY
TRD009969,263.95963,53.885373,QSO,SDSS_DR18_SPECTROSCOPY,ZWARNING_0_SCIENCEPRIMARY
TRD009970,263.96632,53.921039,QSO,SDSS_DR18_SPECTROSCOPY,ZWARNING_0_SCIENCEPRIMARY
TRD009971,263.61033,54.358183,QSO,SDSS_DR18_SPECTROSCOPY,ZWARNING_0_SCIENCEPRIMARY
TRD009972,263.46764,54.008476,QSO,SDSS_DR18_SPECTROSCOPY,ZWARNING_0_SCIENCEPRIMARY
TRD009973,263.50994,54.111433,QSO,SDSS_DR18_SPECTROSCOPY,ZWARNING_0_SCIENCEPRIMARY
TRD009974,263.52019,54.398649,QSO,SDSS_DR18_SPECTROSCOPY,ZWARNING_0_SCIENCEPRIMARY
TRD009975,263.38904,54.510118,QSO,SDSS_DR18_SPECTROSCOPY,ZWARNING_0_SCIENCEPRIMARY
TRD009976,263.12555,54.357175,QSO,SDSS_DR18_SPECTROSCOPY,ZWARNING_0_SCIENCEPRIMARY
TRD009977,262.16723,55.059508,QSO,SDSS_DR18_SPECTROSCOPY,ZWARNING_0_SCIENCEPRIMARY
TRD009978,262.07117,54.96868,QSO,SDSS_DR18_SPECTROSCOPY,ZWARNING_0_SCIENCEPRIMARY
TRD009979,262.1706,54.970085,QSO,SDSS_DR18_SPECTROSCOPY,ZWARNING_0_SCIENCEPRIMARY
TRD009980,262.18075,54.78173,QSO,SDSS_DR18_SPECTROSCOPY,ZWARNING_0_SCIENCEPRIMARY
TRD009981,262.28525,54.822467,QSO,SDSS_DR18_SPECTROSCOPY,ZWARNING_0_SCIENCEPRIMARY
TRD009982,263.84631,55.434612,QSO,SDSS_DR18_SPECTROSCOPY,ZWARNING_0_SCIENCEPRIMARY
TRD009983,263.3458,55.550251,QSO,SDSS_DR18_SPECTROSCOPY,ZWARNING_0_SCIENCEPRIMARY
TRD009984,262.67658,54.933646,QSO,SDSS_DR18_SPECTROSCOPY,ZWARNING_0_SCIENCEPRIMARY
TRD009985,263.84599,55.769739,QSO,SDSS_DR18_SPECTROSCOPY,ZWARNING_0_SCIENCEPRIMARY
TRD009986,264.16437,56.015778,QSO,SDSS_DR18_SPECTROSCOPY,ZWARNING_0_SCIENCEPRIMARY
TRD009987,264.10122,55.145615,QSO,SDSS_DR18_SPECTROSCOPY,ZWARNING_0_SCIENCEPRIMARY
TRD009988,263.1607,54.542362,QSO,SDSS_DR18_SPECTROSCOPY,ZWARNING_0_SCIENCEPRIMARY
TRD009989,263.07189,55.056983,QSO,SDSS_DR18_SPECTROSCOPY,ZWARNING_0_SCIENCEPRIMARY
TRD009990,263.17909,54.709902,QSO,SDSS_DR18_SPECTROSCOPY,ZWARNING_0_SCIENCEPRIMARY
TRD009991,263.06099,54.679401,QSO,SDSS_DR18_SPECTROSCOPY,ZWARNING_0_SCIENCEPRIMARY
TRD009992,264.58352,55.218957,QSO,SDSS_DR18_SPECTROSCOPY,ZWARNING_0_SCIENCEPRIMARY
TRD009993,264.54963,55.812847,QSO,SDSS_DR18_SPECTROSCOPY,ZWARNING_0_SCIENCEPRIMARY
TRD009994,263.61552,54.689845,QSO,SDSS_DR18_SPECTROSCOPY,ZWARNING_0_SCIENCEPRIMARY
TRD009995,263.98144,55.083611,QSO,SDSS_DR18_SPECTROSCOPY,ZWARNING_0_SCIENCEPRIMARY
TRD009996,264.17218,54.564051,QSO,SDSS_DR18_SPECTROSCOPY,ZWARNING_0_SCIENCEPRIMARY
TRD009997,264.56805,54.873585,QSO,SDSS_DR18_SPECTROSCOPY,ZWARNING_0_SCIENCEPRIMARY
TRD009998,264.18914,54.912425,QSO,SDSS_DR18_SPECTROSCOPY,ZWARNING_0_SCIENCEPRIMARY
TRD009999,264.33809,55.056034,QSO,SDSS_DR18_SPECTROSCOPY,ZWARNING_0_SCIENCEPRIMARY
