specobjid,bestobjid,ra,dec,class,subclass,z,zerr,zwarning,plate,mjd,fiberid,rx_radio_peak,rx_radio_integr,truth_class,truth_selection,truth_detection_catalog,truth_source,truth_quality,rx_chandra_pfluxb,rx_chandra_pfluxh,rx_chandra_pfluxm,rx_chandra_pfluxs,rx_chandra_pfluxu,rx_chandra_pfluxw,rx_chandra_fluxb,rx_chandra_fluxh,rx_chandra_fluxm,rx_chandra_fluxs,rx_chandra_fluxu,rx_chandra_fluxw,rx_chandra_hrhm,rx_chandra_hrhs,rx_chandra_hrms,rx_chandra_nhrc,rx_chandra_exphrc,rx_has_chandra,rx_chandra_sep_arcsec,benchmark_id
299493525735630848,1237650795146576079,146.91375,-0.64448137,STAR,A0,0.0006005246,2.033313e-05,0,266,51630,15,0.0,0.0,STAR,RADIO_FIRST,FIRST,SDSS_DR18_SPECTROSCOPY,ZWARNING_0_SCIENCEPRIMARY,,,,,,,,,,,,,,,,,,,,RXTRD000001
299496549392607232,1237650795683643399,147.25534,-0.31933693,STAR,WD,-0.0002443073,1.780399e-05,0,266,51630,26,0.0,0.0,STAR,RADIO_FIRST,FIRST,SDSS_DR18_SPECTROSCOPY,ZWARNING_0_SCIENCEPRIMARY,,,,,,,,,,,,,,,,,,,,RXTRD000002
299497923782141952,1237648721216274522,147.01792,-0.1272663,STAR,WD,-6.583336e-05,5.039021e-05,0,266,51630,31,0.0,0.0,STAR,RADIO_FIRST,FIRST,SDSS_DR18_SPECTROSCOPY,ZWARNING_0_SCIENCEPRIMARY,,,,,,,,,,,,,,,,,,,,RXTRD000003
299498198660048896,1237648721216340121,147.09176,-0.07734624,STAR,WD,-0.0002587513,0.0001898356,0,266,51630,32,0.0,0.0,STAR,RADIO_FIRST,FIRST,SDSS_DR18_SPECTROSCOPY,ZWARNING_0_SCIENCEPRIMARY,,,,,,,,,,,,,,,,,,,,RXTRD000004
299499573049583616,1237648721216405598,147.32107,-0.0065757249,STAR,WD,-0.0002599027,7.338508e-05,0,266,51630,37,0.0,0.0,STAR,RADIO_FIRST,FIRST,SDSS_DR18_SPECTROSCOPY,ZWARNING_0_SCIENCEPRIMARY,,,,,,,,,,,,,,,,,,,,RXTRD000005
299499847927490560,1237650796220383236,146.94386,0.039168534,STAR,G2,0.0001605878,9.64798e-06,0,266,51630,38,0.0,0.0,STAR,RADIO_FIRST,FIRST,SDSS_DR18_SPECTROSCOPY,ZWARNING_0_SCIENCEPRIMARY,,,,,,,,,,,,,,,,,,,,RXTRD000006
299505070607722496,1237651800158830862,146.47335,-0.58450953,STAR,CV,0.000151985,0.000141913,0,266,51630,57,0.0,0.0,STAR,RADIO_FIRST,FIRST,SDSS_DR18_SPECTROSCOPY,ZWARNING_0_SCIENCEPRIMARY,,,,,,,,,,,,,,,,,,,,RXTRD000007
299506994753071104,1237650795683446879,146.83368,-0.3359704,STAR,M6,-6.372974e-05,3.557372e-05,0,266,51630,64,0.0,0.0,STAR,RADIO_FIRST,FIRST,SDSS_DR18_SPECTROSCOPY,ZWARNING_0_SCIENCEPRIMARY,,,,,,,,,,,,,,,,,,,,RXTRD000008
299511942555396096,1237648720142204988,146.17616,-0.98244054,STAR,A0,0.0002256552,1.829432e-05,0,266,51630,82,0.0,0.0,STAR,RADIO_FIRST,FIRST,SDSS_DR18_SPECTROSCOPY,ZWARNING_0_SCIENCEPRIMARY,,,,,,,,,,,,,,,,,,,,RXTRD000009
299525136694929408,1237648720142008421,145.83254,-1.0027092,STAR,F5,1.640591e-05,8.813818e-06,0,266,51630,130,0.0,0.0,STAR,RADIO_FIRST,FIRST,SDSS_DR18_SPECTROSCOPY,ZWARNING_0_SCIENCEPRIMARY,,,,,,,,,,,,,,,,,,,,RXTRD000010
299527885473998848,1237650794609246297,145.8232,-1.1725503,STAR,A0,0.0004925642,7.709806e-06,0,266,51630,140,0.0,0.0,STAR,RADIO_FIRST,FIRST,SDSS_DR18_SPECTROSCOPY,ZWARNING_0_SCIENCEPRIMARY,,,,,,,,,,,,,,,,,,,,RXTRD000011
299530359375161344,1237648720679142200,146.40564,-0.50711993,STAR,M8,2.843799e-05,4.08538e-05,0,266,51630,149,0.0,0.0,STAR,RADIO_FIRST,FIRST,SDSS_DR18_SPECTROSCOPY,ZWARNING_0_SCIENCEPRIMARY,,,,,,,,,,,,,,,,,,,,RXTRD000012
299536956444928000,1237648721215816394,145.97827,-0.030849846,STAR,K5,0.000385456,5.692773e-05,0,266,51630,173,0.0,0.0,STAR,RADIO_FIRST,FIRST,SDSS_DR18_SPECTROSCOPY,ZWARNING_0_SCIENCEPRIMARY,,,,,,,,,,,,,,,,,,,,RXTRD000013
299540804735625216,1237650795682988170,145.87459,-0.33551457,STAR,F9,0.0003758192,9.830715e-06,0,266,51630,187,0.0,0.0,STAR,RADIO_FIRST,FIRST,SDSS_DR18_SPECTROSCOPY,ZWARNING_0_SCIENCEPRIMARY,,,,,,,,,,,,,,,,,,,,RXTRD000014
299543553514694656,1237650795682988135,145.84176,-0.27778925,STAR,A0,0.0006633649,1.228166e-05,0,266,51630,197,0.0,0.0,STAR,RADIO_FIRST,FIRST,SDSS_DR18_SPECTROSCOPY,ZWARNING_0_SCIENCEPRIMARY,,,,,,,,,,,,,,,,,,,,RXTRD000015
299553449119344640,1237648720678813718,145.57595,-0.42212484,STAR,A0,-0.0003828644,5.416867e-06,0,266,51630,233,0.0,0.0,STAR,RADIO_FIRST,FIRST,SDSS_DR18_SPECTROSCOPY,ZWARNING_0_SCIENCEPRIMARY,,,,,,,,,,,,,,,,,,,,RXTRD000016
299553723997251584,1237650795682922628,145.67423,-0.38081052,STAR,G0,-0.0001019948,9.332035e-06,0,266,51630,234,0.0,0.0,STAR,RADIO_FIRST,FIRST,SDSS_DR18_SPECTROSCOPY,ZWARNING_0_SCIENCEPRIMARY,,,,,,,,,,,,,,,,,,,,RXTRD000017
299560595944925184,1237650795145920645,145.44053,-0.72903632,STAR,F2,-1.068308e-05,1.049109e-05,0,266,51630,259,0.0,0.0,STAR,RADIO_FIRST,FIRST,SDSS_DR18_SPECTROSCOPY,ZWARNING_0_SCIENCEPRIMARY,,,,,,,,,,,,,,,,,,,,RXTRD000018
299571316183296000,1237650795145855903,145.29542,-0.74985409,STAR,M8,0.0001377936,4.748072e-05,0,266,51630,298,0.0,0.0,STAR,RADIO_FIRST,FIRST,SDSS_DR18_SPECTROSCOPY,ZWARNING_0_SCIENCEPRIMARY,,,,,,,,,,,,,,,,,,,,RXTRD000019
299572140817016832,1237650796219597133,145.24573,0.044365969,STAR,M2,-6.119941e-05,0.000127596,0,266,51630,301,0.0,0.0,STAR,RADIO_FIRST,FIRST,SDSS_DR18_SPECTROSCOPY,ZWARNING_0_SCIENCEPRIMARY,,,,,,,,,,,,,,,,,,,,RXTRD000020
299575714229807104,1237650795682726190,145.28112,-0.3304716,STAR,WD,0.0001110906,7.460005e-05,0,266,51630,314,0.0,0.0,STAR,RADIO_FIRST,FIRST,SDSS_DR18_SPECTROSCOPY,ZWARNING_0_SCIENCEPRIMARY,,,,,,,,,,,,,,,,,,,,RXTRD000021
299583960567015424,1237648722289295504,145.28412,0.706299,STAR,K1,0.0001784339,8.602095e-06,0,266,51630,344,0.0,0.0,STAR,RADIO_FIRST,FIRST,SDSS_DR18_SPECTROSCOPY,ZWARNING_0_SCIENCEPRIMARY,,,,,,,,,,,,,,,,,,,,RXTRD000022
299584510322829312,1237648721752424633,145.2928,0.37633508,STAR,F2,0.0002133724,1.336234e-05,0,266,51630,346,0.0,0.0,STAR,RADIO_FIRST,FIRST,SDSS_DR18_SPECTROSCOPY,ZWARNING_0_SCIENCEPRIMARY,,,,,,,,,,,,,,,,,,,,RXTRD000023
299584785200736256,1237648721752424612,145.26257,0.31093104,STAR,M3,6.569824e-05,2.397361e-05,0,266,51630,347,0.0,0.0,STAR,RADIO_FIRST,FIRST,SDSS_DR18_SPECTROSCOPY,ZWARNING_0_SCIENCEPRIMARY,,,,,,,,,,,,,,,,,,,,RXTRD000024
299589458125154304,1237651752921595910,145.7304,1.1649383,STAR,G2,0.0002861073,1.017449e-05,0,266,51630,364,0.0,0.0,STAR,RADIO_FIRST,FIRST,SDSS_DR18_SPECTROSCOPY,ZWARNING_0_SCIENCEPRIMARY,,,,,,,,,,,,,,,,,,,,RXTRD000025
299593306415851520,1237650797293469748,145.56677,0.99523194,STAR,F5,0.0001012022,1.618991e-05,0,266,51630,378,0.0,0.0,STAR,RADIO_FIRST,FIRST,SDSS_DR18_SPECTROSCOPY,ZWARNING_0_SCIENCEPRIMARY,,,,,,,,,,,,,,,,,,,,RXTRD000026
299596604950734848,1237648721752555568,145.63729,0.37329958,STAR,F9,-3.48146e-05,1.007914e-05,0,266,51630,390,0.0,0.0,STAR,RADIO_FIRST,FIRST,SDSS_DR18_SPECTROSCOPY,ZWARNING_0_SCIENCEPRIMARY,,,,,,,,,,,,,,,,,,,,RXTRD000027
299601827630966784,1237650797293600829,145.87385,0.94870332,STAR,M4,9.570571e-05,2.460136e-05,0,266,51630,409,0.0,0.0,STAR,RADIO_FIRST,FIRST,SDSS_DR18_SPECTROSCOPY,ZWARNING_0_SCIENCEPRIMARY,,,,,,,,,,,,,,,,,,,,RXTRD000028
299607874944919552,1237648721752621131,145.76527,0.30018593,STAR,F9,0.0001260678,8.465737e-06,0,266,51630,431,0.0,0.0,STAR,RADIO_FIRST,FIRST,SDSS_DR18_SPECTROSCOPY,ZWARNING_0_SCIENCEPRIMARY,,,,,,,,,,,,,,,,,,,,RXTRD000029
299611723235616768,1237651752921858234,146.33534,1.2198521,STAR,M0,-3.042288e-05,2.108187e-05,0,266,51630,445,0.0,0.0,STAR,RADIO_FIRST,FIRST,SDSS_DR18_SPECTROSCOPY,ZWARNING_0_SCIENCEPRIMARY,,,,,,,,,,,,,,,,,,,,RXTRD000030
299618870061197312,1237650796756795662,146.02863,0.55695456,STAR,K5,0.000189626,1.112506e-05,0,266,51630,471,0.0,0.0,STAR,RADIO_FIRST,FIRST,SDSS_DR18_SPECTROSCOPY,ZWARNING_0_SCIENCEPRIMARY,,,,,,,,,,,,,,,,,,,,RXTRD000031
299623268107708416,1237648721752817789,146.18598,0.27795367,STAR,A0,-5.65732e-06,4.962093e-05,0,266,51630,487,0.0,0.0,STAR,RADIO_FIRST,FIRST,SDSS_DR18_SPECTROSCOPY,ZWARNING_0_SCIENCEPRIMARY,,,,,,,,,,,,,,,,,,,,RXTRD000032
299626016886777856,1237648721752752179,146.08468,0.25722726,STAR,F9,0.0003433451,9.787325e-06,0,266,51630,497,0.0,0.0,STAR,RADIO_FIRST,FIRST,SDSS_DR18_SPECTROSCOPY,ZWARNING_0_SCIENCEPRIMARY,,,,,,,,,,,,,,,,,,,,RXTRD000033
299637561758869504,1237648722289819691,146.49713,0.7424233,STAR,F5,0.0005075927,1.058176e-05,0,266,51630,539,0.0,0.0,STAR,RADIO_FIRST,FIRST,SDSS_DR18_SPECTROSCOPY,ZWARNING_0_SCIENCEPRIMARY,,,,,,,,,,,,,,,,,,,,RXTRD000034
299641135171659776,1237650796220252547,146.7187,0.12311831,STAR,M4,0.0003283003,6.772573e-05,0,266,51630,552,0.0,0.0,STAR,RADIO_FIRST,FIRST,SDSS_DR18_SPECTROSCOPY,ZWARNING_0_SCIENCEPRIMARY,,,,,,,,,,,,,,,,,,,,RXTRD000035
299643059317008384,1237648721753079825,146.78593,0.28355444,STAR,F5,0.0008870953,9.866083e-06,0,266,51630,559,0.0,0.0,STAR,RADIO_FIRST,FIRST,SDSS_DR18_SPECTROSCOPY,ZWARNING_0_SCIENCEPRIMARY,,,,,,,,,,,,,,,,,,,,RXTRD000036
299646082973984768,1237651752921989167,146.66811,1.2221831,STAR,WD,-3.489032e-05,2.4882e-05,0,266,51630,570,0.0,0.0,STAR,RADIO_FIRST,FIRST,SDSS_DR18_SPECTROSCOPY,ZWARNING_0_SCIENCEPRIMARY,,,,,,,,,,,,,,,,,,,,RXTRD000037
299646357851891712,1237650797294059539,146.8094,0.97601012,STAR,A0,0.000312962,9.149279e-06,0,266,51630,571,0.0,0.0,STAR,RADIO_FIRST,FIRST,SDSS_DR18_SPECTROSCOPY,ZWARNING_0_SCIENCEPRIMARY,,,,,,,,,,,,,,,,,,,,RXTRD000038
299651855410030592,1237650796220383270,147.01354,0.15538982,STAR,G2,0.001112312,1.34747e-05,0,266,51630,591,0.0,0.0,STAR,RADIO_FIRST,FIRST,SDSS_DR18_SPECTROSCOPY,ZWARNING_0_SCIENCEPRIMARY,,,,,,,,,,,,,,,,,,,,RXTRD000039
299659826869331968,1237651752385249327,146.98697,0.90994195,STAR,G2,-0.0001887061,1.243863e-05,0,266,51630,620,0.0,0.0,STAR,RADIO_FIRST,FIRST,SDSS_DR18_SPECTROSCOPY,ZWARNING_0_SCIENCEPRIMARY,,,,,,,,,,,,,,,,,,,,RXTRD000040
299661751014680576,1237650796757319859,147.16763,0.47167291,STAR,A0,1.36942e-05,2.515826e-05,0,266,51630,627,0.0,0.0,STAR,RADIO_FIRST,FIRST,SDSS_DR18_SPECTROSCOPY,ZWARNING_0_SCIENCEPRIMARY,,,,,,,,,,,,,,,,,,,,RXTRD000041
299662300770494464,1237651801769705649,147.18683,0.58795241,STAR,WD,0.0001449878,2.623872e-05,0,266,51630,629,0.0,0.0,STAR,RADIO_FIRST,FIRST,SDSS_DR18_SPECTROSCOPY,ZWARNING_0_SCIENCEPRIMARY,,,,,,,,,,,,,,,,,,,,RXTRD000042
300618050883840000,1237654669198295120,148.96675,-0.77607839,STAR,K7,0.0001006776,1.666907e-05,0,267,51608,10,0.0,0.0,STAR,RADIO_FIRST,FIRST,SDSS_DR18_SPECTROSCOPY,ZWARNING_0_SCIENCEPRIMARY,,,,,,,,,,,,,,,,,,,,RXTRD000043
300628771122210816,1237648720143188043,148.5264,-0.97168901,STAR,G0,0.0004589118,1.017801e-05,0,267,51608,49,0.0,0.0,STAR,RADIO_FIRST,FIRST,SDSS_DR18_SPECTROSCOPY,ZWARNING_0_SCIENCEPRIMARY,,,,,,,,,,,,,,,,,,,,RXTRD000044
300635917947791360,1237654670272036870,148.98573,0.005366197,STAR,G2,3.180645e-05,1.079627e-05,0,267,51608,75,0.0,0.0,STAR,RADIO_FIRST,FIRST,SDSS_DR18_SPECTROSCOPY,ZWARNING_0_SCIENCEPRIMARY,,,,,,,,,,,,,,,,,,,,RXTRD000045
300642515017558016,1237648720143122475,148.37166,-0.8501361,STAR,WD,0.0001417175,7.577005e-05,0,267,51608,99,0.0,0.0,STAR,RADIO_FIRST,FIRST,SDSS_DR18_SPECTROSCOPY,ZWARNING_0_SCIENCEPRIMARY,,,,,,,,,,,,,,,,,,,,RXTRD000046
300643064773371904,1237651800696684677,148.76817,-0.22083189,STAR,F9,-1.568407e-05,7.747117e-06,0,267,51608,101,0.0,0.0,STAR,RADIO_FIRST,FIRST,SDSS_DR18_SPECTROSCOPY,ZWARNING_0_SCIENCEPRIMARY,,,,,,,,,,,,,,,,,,,,RXTRD000047
300650486476859392,1237651799622680623,148.1694,-1.1243151,STAR,G2,0.0002441445,1.751179e-05,0,267,51608,128,0.0,0.0,STAR,RADIO_FIRST,FIRST,SDSS_DR18_SPECTROSCOPY,ZWARNING_0_SCIENCEPRIMARY,,,,,,,,,,,,,,,,,,,,RXTRD000048
300656533790812160,1237650795684167831,148.53234,-0.38237117,STAR,G2,0.0003602553,9.117093e-06,0,267,51608,150,0.0,0.0,STAR,RADIO_FIRST,FIRST,SDSS_DR18_SPECTROSCOPY,ZWARNING_0_SCIENCEPRIMARY,,,,,,,,,,,,,,,,,,,,RXTRD000049
300663955494299648,1237648721216864346,148.38949,-0.034760168,STAR,F9,6.80852e-05,8.36428e-06,0,267,51608,177,0.0,0.0,STAR,RADIO_FIRST,FIRST,SDSS_DR18_SPECTROSCOPY,ZWARNING_0_SCIENCEPRIMARY,,,,,,,,,,,,,,,,,,,,RXTRD000050
300671926953601024,1237651799622549759,147.85068,-1.0771943,STAR,K7,6.838652e-05,1.865045e-05,0,267,51608,206,0.0,0.0,STAR,RADIO_FIRST,FIRST,SDSS_DR18_SPECTROSCOPY,ZWARNING_0_SCIENCEPRIMARY,,,,,,,,,,,,,,,,,,,,RXTRD000051
300674950610577408,1237650795147034650,147.86705,-0.71049327,STAR,F5,0.0003561869,1.424398e-05,0,267,51608,217,0.0,0.0,STAR,RADIO_FIRST,FIRST,SDSS_DR18_SPECTROSCOPY,ZWARNING_0_SCIENCEPRIMARY,,,,,,,,,,,,,,,,,,,,RXTRD000052
300676050122205184,1237648720679731356,147.76419,-0.58103041,STAR,A0,0.0002325052,4.073521e-05,0,267,51608,221,0.0,0.0,STAR,RADIO_FIRST,FIRST,SDSS_DR18_SPECTROSCOPY,ZWARNING_0_SCIENCEPRIMARY,,,,,,,,,,,,,,,,,,,,RXTRD000053
300678524023367680,1237648720679731206,147.65636,-0.54811511,STAR,G0,0.0002479524,9.314385e-06,0,267,51608,230,0.0,0.0,STAR,RADIO_FIRST,FIRST,SDSS_DR18_SPECTROSCOPY,ZWARNING_0_SCIENCEPRIMARY,,,,,,,,,,,,,,,,,,,,RXTRD000054
300682097436157952,1237650794609967319,147.47546,-1.1815886,STAR,M1,0.0001258202,1.407556e-05,0,267,51608,243,0.0,0.0,STAR,RADIO_FIRST,FIRST,SDSS_DR18_SPECTROSCOPY,ZWARNING_0_SCIENCEPRIMARY,,,,,,,,,,,,,,,,,,,,RXTRD000055
300684296459413504,1237650795146772611,147.28951,-0.79756098,STAR,F9,-0.000107002,1.189009e-05,0,267,51608,251,0.0,0.0,STAR,RADIO_FIRST,FIRST,SDSS_DR18_SPECTROSCOPY,ZWARNING_0_SCIENCEPRIMARY,,,,,,,,,,,,,,,,,,,,RXTRD000056
300685121093134336,1237648720142729345,147.4488,-0.96330768,STAR,F5,0.0004456736,9.896408e-06,0,267,51608,254,0.0,0.0,STAR,RADIO_FIRST,FIRST,SDSS_DR18_SPECTROSCOPY,ZWARNING_0_SCIENCEPRIMARY,,,,,,,,,,,,,,,,,,,,RXTRD000057
300689794017552384,1237650796220645482,147.61614,0.093248577,STAR,OB,-0.0001549117,4.541897e-05,0,267,51608,271,0.0,0.0,STAR,RADIO_FIRST,FIRST,SDSS_DR18_SPECTROSCOPY,ZWARNING_0_SCIENCEPRIMARY,,,,,,,,,,,,,,,,,,,,RXTRD000058
300695016697784320,1237650794609770746,147.08272,-1.2156437,STAR,M0,0.0001186718,1.232801e-05,0,267,51608,290,0.0,0.0,STAR,RADIO_FIRST,FIRST,SDSS_DR18_SPECTROSCOPY,ZWARNING_0_SCIENCEPRIMARY,,,,,,,,,,,,,,,,,,,,RXTRD000059
300695841331505152,1237650795146707159,147.21337,-0.8131697,STAR,G2,9.934753e-05,1.359476e-05,0,267,51608,293,0.0,0.0,STAR,RADIO_FIRST,FIRST,SDSS_DR18_SPECTROSCOPY,ZWARNING_0_SCIENCEPRIMARY,,,,,,,,,,,,,,,,,,,,RXTRD000060
300699964500109312,1237650795683577872,147.10709,-0.34790731,STAR,G0,-9.755677e-05,9.016946e-06,0,267,51608,308,0.0,0.0,STAR,RADIO_FIRST,FIRST,SDSS_DR18_SPECTROSCOPY,ZWARNING_0_SCIENCEPRIMARY,,,,,,,,,,,,,,,,,,,,RXTRD000061
300703812790806528,1237648722289819705,146.52448,0.83016299,STAR,F9,-3.738093e-05,9.22375e-06,0,267,51608,322,0.0,0.0,STAR,RADIO_FIRST,FIRST,SDSS_DR18_SPECTROSCOPY,ZWARNING_0_SCIENCEPRIMARY,,,,,,,,,,,,,,,,,,,,RXTRD000062
300704637424527360,1237650797294190659,147.18509,1.0136953,STAR,F9,0.0001322047,9.613366e-06,0,267,51608,325,0.0,0.0,STAR,RADIO_FIRST,FIRST,SDSS_DR18_SPECTROSCOPY,ZWARNING_0_SCIENCEPRIMARY,,,,,,,,,,,,,,,,,,,,RXTRD000063
300709585226852352,1237648721752948868,146.50391,0.41384664,STAR,F9,-5.466048e-05,1.185237e-05,0,267,51608,343,0.0,0.0,STAR,RADIO_FIRST,FIRST,SDSS_DR18_SPECTROSCOPY,ZWARNING_0_SCIENCEPRIMARY,,,,,,,,,,,,,,,,,,,,RXTRD000064
300711784250107904,1237650796757319805,147.09942,0.47544679,STAR,F9,-0.0001056808,1.200314e-05,0,267,51608,351,0.0,0.0,STAR,RADIO_FIRST,FIRST,SDSS_DR18_SPECTROSCOPY,ZWARNING_0_SCIENCEPRIMARY,,,,,,,,,,,,,,,,,,,,RXTRD000065
300713983273363456,1237648721753342016,147.39408,0.28653246,STAR,F5,0.0009098107,1.085128e-05,0,267,51608,359,0.0,0.0,STAR,RADIO_FIRST,FIRST,SDSS_DR18_SPECTROSCOPY,ZWARNING_0_SCIENCEPRIMARY,,,,,,,,,,,,,,,,,,,,RXTRD000066
300718381319874560,1237650797294321708,147.50014,1.0065357,STAR,K7,0.0001808972,1.546841e-05,0,267,51608,375,0.0,0.0,STAR,RADIO_FIRST,FIRST,SDSS_DR18_SPECTROSCOPY,ZWARNING_0_SCIENCEPRIMARY,,,,,,,,,,,,,,,,,,,,RXTRD000067
300729926191966208,1237651752922447882,147.67551,1.2573303,STAR,WD,0.0001760774,4.078669e-05,0,267,51608,417,0.0,0.0,STAR,RADIO_FIRST,FIRST,SDSS_DR18_SPECTROSCOPY,ZWARNING_0_SCIENCEPRIMARY,,,,,,,,,,,,,,,,,,,,RXTRD000068
300731300581500928,1237651801769967698,147.73122,0.54832364,STAR,A0,0.001209172,1.821622e-05,0,267,51608,422,0.0,0.0,STAR,RADIO_FIRST,FIRST,SDSS_DR18_SPECTROSCOPY,ZWARNING_0_SCIENCEPRIMARY,,,,,,,,,,,,,,,,,,,,RXTRD000069
300732674971035648,1237651801769967640,147.65394,0.52316504,STAR,F9,-1.182113e-05,8.2495e-06,0,267,51608,427,0.0,0.0,STAR,RADIO_FIRST,FIRST,SDSS_DR18_SPECTROSCOPY,ZWARNING_0_SCIENCEPRIMARY,,,,,,,,,,,,,,,,,,,,RXTRD000070
300746968622196736,1237648721753669788,148.10993,0.37240762,STAR,A0,1.521532e-05,2.744704e-05,0,267,51608,479,0.0,0.0,STAR,RADIO_FIRST,FIRST,SDSS_DR18_SPECTROSCOPY,ZWARNING_0_SCIENCEPRIMARY,,,,,,,,,,,,,,,,,,,,RXTRD000071
300749167645452288,1237648722290540752,148.16678,0.72642294,STAR,K7,7.043976e-05,1.045255e-05,0,267,51608,487,0.0,0.0,STAR,RADIO_FIRST,FIRST,SDSS_DR18_SPECTROSCOPY,ZWARNING_0_SCIENCEPRIMARY,,,,,,,,,,,,,,,,,,,,RXTRD000072
300753015936149504,1237651801770230027,148.36464,0.62225381,STAR,M1,-4.179206e-05,1.379143e-05,0,267,51608,501,0.0,0.0,STAR,RADIO_FIRST,FIRST,SDSS_DR18_SPECTROSCOPY,ZWARNING_0_SCIENCEPRIMARY,,,,,,,,,,,,,,,,,,,,RXTRD000073
300754390325684224,1237648721753735225,148.32412,0.41432082,STAR,F5,0.0006163775,1.285965e-05,0,267,51608,506,0.0,0.0,STAR,RADIO_FIRST,FIRST,SDSS_DR18_SPECTROSCOPY,ZWARNING_0_SCIENCEPRIMARY,,,,,,,,,,,,,,,,,,,,RXTRD000074
300768409098938368,1237648721753800838,148.54058,0.25761725,STAR,G0,-0.0001195583,1.124645e-05,0,267,51608,557,0.0,0.0,STAR,RADIO_FIRST,FIRST,SDSS_DR18_SPECTROSCOPY,ZWARNING_0_SCIENCEPRIMARY,,,,,,,,,,,,,,,,,,,,RXTRD000075
300780778604750848,1237651752386035760,148.76657,0.92770885,STAR,F5,8.181729e-05,1.674055e-05,0,267,51608,602,0.0,0.0,STAR,RADIO_FIRST,FIRST,SDSS_DR18_SPECTROSCOPY,ZWARNING_0_SCIENCEPRIMARY,,,,,,,,,,,,,,,,,,,,RXTRD000076
300781603238471680,1237648722827542622,148.49046,1.088089,STAR,A0,0.0004529761,3.294102e-05,0,267,51608,605,0.0,0.0,STAR,RADIO_FIRST,FIRST,SDSS_DR18_SPECTROSCOPY,ZWARNING_0_SCIENCEPRIMARY,,,,,,,,,,,,,,,,,,,,RXTRD000077
301745875355461632,1237651800160469042,150.24775,-0.70635261,STAR,F5,0.0003859657,9.411415e-06,0,268,51633,17,0.0,0.0,STAR,RADIO_FIRST,FIRST,SDSS_DR18_SPECTROSCOPY,ZWARNING_0_SCIENCEPRIMARY,,,,,,,,,,,,,,,,,,,,RXTRD000078
301746150233368576,1237648720680845348,150.21882,-0.5674201,STAR,G2,-6.401377e-05,9.467484e-06,0,268,51633,18,0.0,0.0,STAR,RADIO_FIRST,FIRST,SDSS_DR18_SPECTROSCOPY,ZWARNING_0_SCIENCEPRIMARY,,,,,,,,,,,,,,,,,,,,RXTRD000079
301752472425228288,1237654669198622795,149.81852,-0.82974198,STAR,M2,-0.0001557162,5.329775e-05,0,268,51633,41,0.0,0.0,STAR,RADIO_FIRST,FIRST,SDSS_DR18_SPECTROSCOPY,ZWARNING_0_SCIENCEPRIMARY,,,,,,,,,,,,,,,,,,,,RXTRD000080
301753846814763008,1237651800160206926,149.6984,-0.66619961,STAR,G0,0.000518739,1.180289e-05,0,268,51633,46,0.0,0.0,STAR,RADIO_FIRST,FIRST,SDSS_DR18_SPECTROSCOPY,ZWARNING_0_SCIENCEPRIMARY,,,,,,,,,,,,,,,,,,,,RXTRD000081
301755496082204672,1237654669198688808,149.93783,-0.81879212,STAR,K5,1.193515e-05,5.988037e-05,0,268,51633,52,0.0,0.0,STAR,RADIO_FIRST,FIRST,SDSS_DR18_SPECTROSCOPY,ZWARNING_0_SCIENCEPRIMARY,,,,,,,,,,,,,,,,,,,,RXTRD000082
301756870471739392,1237648720680714347,149.98047,-0.49724368,STAR,G0,0.0005194137,1.266701e-05,0,268,51633,57,0.0,0.0,STAR,RADIO_FIRST,FIRST,SDSS_DR18_SPECTROSCOPY,ZWARNING_0_SCIENCEPRIMARY,,,,,,,,,,,,,,,,,,,,RXTRD000083
301759344372901888,1237654669735690484,150.30047,-0.3368643,STAR,F9,0.0002399448,1.12468e-05,0,268,51633,66,0.0,0.0,STAR,RADIO_FIRST,FIRST,SDSS_DR18_SPECTROSCOPY,ZWARNING_0_SCIENCEPRIMARY,,,,,,,,,,,,,,,,,,,,RXTRD000084
301760443884529664,1237654669735690489,150.3032,-0.40868281,STAR,A0,0.0004102931,6.342235e-05,0,268,51633,70,0.0,0.0,STAR,RADIO_FIRST,FIRST,SDSS_DR18_SPECTROSCOPY,ZWARNING_0_SCIENCEPRIMARY,,,,,,,,,,,,,,,,,,,,RXTRD000085
301769789733365760,1237654669735690438,150.25163,-0.40262853,STAR,F9,0.0001131323,9.281056e-06,0,268,51633,104,0.0,0.0,STAR,RADIO_FIRST,FIRST,SDSS_DR18_SPECTROSCOPY,ZWARNING_0_SCIENCEPRIMARY,,,,,,,,,,,,,,,,,,,,RXTRD000086
301776661681039360,1237651799623270428,149.49651,-1.1186917,STAR,CV,0.000185373,3.746895e-05,0,268,51633,129,0.0,0.0,STAR,RADIO_FIRST,FIRST,SDSS_DR18_SPECTROSCOPY,ZWARNING_0_SCIENCEPRIMARY,,,,,,,,,,,,,,,,,,,,RXTRD000087
301792329721735168,1237654669735428421,149.65236,-0.38533516,STAR,M3,-2.547461e-05,2.645456e-05,0,268,51633,186,0.0,0.0,STAR,RADIO_FIRST,FIRST,SDSS_DR18_SPECTROSCOPY,ZWARNING_0_SCIENCEPRIMARY,,,,,,,,,,,,,,,,,,,,RXTRD000088
301800301181036544,1237651800160010291,149.21152,-0.63278803,STAR,F5,0.0002515242,1.400962e-05,0,268,51633,215,0.0,0.0,STAR,RADIO_FIRST,FIRST,SDSS_DR18_SPECTROSCOPY,ZWARNING_0_SCIENCEPRIMARY,,,,,,,,,,,,,,,,,,,,RXTRD000089
301814319954290688,1237648721217192123,149.14113,-0.16971801,STAR,F5,-7.009811e-05,1.262144e-05,0,268,51633,266,0.0,0.0,STAR,RADIO_FIRST,FIRST,SDSS_DR18_SPECTROSCOPY,ZWARNING_0_SCIENCEPRIMARY,,,,,,,,,,,,,,,,,,,,RXTRD000090
301817618489174016,1237651800696815710,149.09645,-0.28140122,STAR,G2,-3.127029e-05,1.114862e-05,0,268,51633,278,0.0,0.0,STAR,RADIO_FIRST,FIRST,SDSS_DR18_SPECTROSCOPY,ZWARNING_0_SCIENCEPRIMARY,,,,,,,,,,,,,,,,,,,,RXTRD000091
301820642146150400,1237654668661227698,148.64859,-1.2369798,STAR,F2,1.175856e-05,8.354628e-06,0,268,51633,289,0.0,0.0,STAR,RADIO_FIRST,FIRST,SDSS_DR18_SPECTROSCOPY,ZWARNING_0_SCIENCEPRIMARY,,,,,,,,,,,,,,,,,,,,RXTRD000092
301820917024057344,1237651799622746339,148.34904,-1.0635568,STAR,M1,0.0001166087,1.698585e-05,0,268,51633,290,0.0,0.0,STAR,RADIO_FIRST,FIRST,SDSS_DR18_SPECTROSCOPY,ZWARNING_0_SCIENCEPRIMARY,,,,,,,,,,,,,,,,,,,,RXTRD000093
301821741657778176,1237650795146969228,147.83633,-0.74426931,STAR,F9,0.0001508287,9.20183e-06,0,268,51633,293,0.0,0.0,STAR,RADIO_FIRST,FIRST,SDSS_DR18_SPECTROSCOPY,ZWARNING_0_SCIENCEPRIMARY,,,,,,,,,,,,,,,,,,,,RXTRD000094
301822291413592064,1237654669198164195,148.72993,-0.76054033,STAR,K1,0.0005035414,2.570864e-05,0,268,51633,295,0.0,0.0,STAR,RADIO_FIRST,FIRST,SDSS_DR18_SPECTROSCOPY,ZWARNING_0_SCIENCEPRIMARY,,,,,,,,,,,,,,,,,,,,RXTRD000095
301823116047312896,1237650795147100191,148.00729,-0.77663315,STAR,A0,0.0009542352,9.433258e-06,0,268,51633,298,0.0,0.0,STAR,RADIO_FIRST,FIRST,SDSS_DR18_SPECTROSCOPY,ZWARNING_0_SCIENCEPRIMARY,,,,,,,,,,,,,,,,,,,,RXTRD000096
301824215558940672,1237648721216602187,147.75936,-0.079764558,STAR,F5,0.000308713,1.150911e-05,0,268,51633,302,0.0,0.0,STAR,RADIO_FIRST,FIRST,SDSS_DR18_SPECTROSCOPY,ZWARNING_0_SCIENCEPRIMARY,,,,,,,,,,,,,,,,,,,,RXTRD000097
301824765314754560,1237650796220907539,148.15135,0.079704841,STAR,G2,0.0002862855,1.159631e-05,0,268,51633,304,0.0,0.0,STAR,RADIO_FIRST,FIRST,SDSS_DR18_SPECTROSCOPY,ZWARNING_0_SCIENCEPRIMARY,,,,,,,,,,,,,,,,,,,,RXTRD000098
301827514093824000,1237648721216864268,148.24913,-0.079779342,STAR,F2,0.0003747845,1.225706e-05,0,268,51633,314,0.0,0.0,STAR,RADIO_FIRST,FIRST,SDSS_DR18_SPECTROSCOPY,ZWARNING_0_SCIENCEPRIMARY,,,,,,,,,,,,,,,,,,,,RXTRD000099
301830262872893440,1237648722827673731,148.77811,1.1167403,STAR,K3,0.0001013369,1.195896e-05,0,268,51633,324,0.0,0.0,STAR,RADIO_FIRST,FIRST,SDSS_DR18_SPECTROSCOPY,ZWARNING_0_SCIENCEPRIMARY,,,,,,,,,,,,,,,,,,,,RXTRD000100
301830537750800384,1237650797294518292,147.92671,1.0015873,STAR,G2,0.0002941015,1.24639e-05,0,268,51633,325,0.0,0.0,STAR,RADIO_FIRST,FIRST,SDSS_DR18_SPECTROSCOPY,ZWARNING_0_SCIENCEPRIMARY,,,,,,,,,,,,,,,,,,,,RXTRD000101
301833286529869824,1237648722290737292,148.64941,0.82692182,STAR,F5,0.0001101891,1.284253e-05,0,268,51633,335,0.0,0.0,STAR,RADIO_FIRST,FIRST,SDSS_DR18_SPECTROSCOPY,ZWARNING_0_SCIENCEPRIMARY,,,,,,,,,,,,,,,,,,,,RXTRD000102
301834111163590656,1237648722290802731,148.8052,0.82585887,STAR,F5,0.0007196802,1.110099e-05,0,268,51633,338,0.0,0.0,STAR,RADIO_FIRST,FIRST,SDSS_DR18_SPECTROSCOPY,ZWARNING_0_SCIENCEPRIMARY,,,,,,,,,,,,,,,,,,,,RXTRD000103
301835760431032320,1237654670808711328,148.62824,0.50453457,STAR,G2,0.0001790935,8.366717e-06,0,268,51633,344,0.0,0.0,STAR,RADIO_FIRST,FIRST,SDSS_DR18_SPECTROSCOPY,ZWARNING_0_SCIENCEPRIMARY,,,,,,,,,,,,,,,,,,,,RXTRD000104
301837134820567040,1237651801770098842,147.94903,0.60333151,STAR,M2,3.267267e-05,1.066064e-05,0,268,51633,349,0.0,0.0,STAR,RADIO_FIRST,FIRST,SDSS_DR18_SPECTROSCOPY,ZWARNING_0_SCIENCEPRIMARY,,,,,,,,,,,,,,,,,,,,RXTRD000105
301840158477543424,1237648721753669734,148.21301,0.25800234,STAR,F2,-0.0002504624,9.573865e-06,0,268,51633,360,0.0,0.0,STAR,RADIO_FIRST,FIRST,SDSS_DR18_SPECTROSCOPY,ZWARNING_0_SCIENCEPRIMARY,,,,,,,,,,,,,,,,,,,,RXTRD000106
301861873832192000,1237651801233752349,149.24111,0.14031858,STAR,M7,3.392488e-05,2.044236e-05,0,268,51633,439,0.0,0.0,STAR,RADIO_FIRST,FIRST,SDSS_DR18_SPECTROSCOPY,ZWARNING_0_SCIENCEPRIMARY,,,,,,,,,,,,,,,,,,,,RXTRD000107
301869570413586432,1237648721754194301,149.41611,0.40912052,STAR,M1,0.0001790763,2.407999e-05,0,268,51633,467,0.0,0.0,STAR,RADIO_FIRST,FIRST,SDSS_DR18_SPECTROSCOPY,ZWARNING_0_SCIENCEPRIMARY,,,,,,,,,,,,,,,,,,,,RXTRD000108
301879466018236416,1237651801770950678,149.91764,0.60949123,STAR,WD,-8.633265e-05,6.325628e-05,0,268,51633,503,0.0,0.0,STAR,RADIO_FIRST,FIRST,SDSS_DR18_SPECTROSCOPY,ZWARNING_0_SCIENCEPRIMARY,,,,,,,,,,,,,,,,,,,,RXTRD000109
301880565529864192,1237648722291327202,149.99838,0.63627988,STAR,K3,0.0003275427,2.752595e-05,0,268,51633,507,0.0,0.0,STAR,RADIO_FIRST,FIRST,SDSS_DR18_SPECTROSCOPY,ZWARNING_0_SCIENCEPRIMARY,,,,,,,,,,,,,,,,,,,,RXTRD000110
301886337965910016,1237648722828066974,149.66589,1.0547394,STAR,K7,0.0001775536,3.151159e-05,0,268,51633,528,0.0,0.0,STAR,RADIO_FIRST,FIRST,SDSS_DR18_SPECTROSCOPY,ZWARNING_0_SCIENCEPRIMARY,,,,,,,,,,,,,,,,,,,,RXTRD000111
301893209913583616,1237651801234145506,150.10747,0.19635549,STAR,K3,8.620636e-05,9.995051e-06,0,268,51633,553,0.0,0.0,STAR,RADIO_FIRST,FIRST,SDSS_DR18_SPECTROSCOPY,ZWARNING_0_SCIENCEPRIMARY,,,,,,,,,,,,,,,,,,,,RXTRD000112
301894034547304448,1237648721754521967,150.12601,0.40909457,STAR,M4,-3.478145e-05,3.433288e-05,0,268,51633,556,0.0,0.0,STAR,RADIO_FIRST,FIRST,SDSS_DR18_SPECTROSCOPY,ZWARNING_0_SCIENCEPRIMARY,,,,,,,,,,,,,,,,,,,,RXTRD000113
301909702588000256,1237651752386560073,150.0278,0.9245107,STAR,M0,1.743968e-05,2.588655e-05,0,268,51633,613,0.0,0.0,STAR,RADIO_FIRST,FIRST,SDSS_DR18_SPECTROSCOPY,ZWARNING_0_SCIENCEPRIMARY,,,,,,,,,,,,,,,,,,,,RXTRD000114
302878376979359744,1237654668662407366,151.28348,-1.2585743,STAR,K5,0.0001074115,1.032408e-05,0,269,51910,41,0.0,0.0,STAR,RADIO_FIRST,FIRST,SDSS_DR18_SPECTROSCOPY,ZWARNING_0_SCIENCEPRIMARY,,,,,,,,,,,,,,,,,,,,RXTRD000115
302879751368894464,1237654668662407388,151.29969,-1.2486452,STAR,M0,-4.148703e-05,1.133207e-05,0,269,51910,46,0.0,0.0,STAR,RADIO_FIRST,FIRST,SDSS_DR18_SPECTROSCOPY,ZWARNING_0_SCIENCEPRIMARY,,,,,,,,,,,,,,,,,,,,RXTRD000116
302880026246801408,1237651799624056909,151.31993,-1.1349967,STAR,F9,8.272319e-05,1.098231e-05,0,269,51910,47,0.0,0.0,STAR,RADIO_FIRST,FIRST,SDSS_DR18_SPECTROSCOPY,ZWARNING_0_SCIENCEPRIMARY,,,,,,,,,,,,,,,,,,,,RXTRD000117
302880576002615296,1237651799624057030,151.34413,-1.146497,STAR,K1,0.000176206,1.00892e-05,0,269,51910,49,0.0,0.0,STAR,RADIO_FIRST,FIRST,SDSS_DR18_SPECTROSCOPY,ZWARNING_0_SCIENCEPRIMARY,,,,,,,,,,,,,,,,,,,,RXTRD000118
302882225270056960,1237648720144498702,151.4004,-1.044536,STAR,A0,-9.158445e-05,2.175885e-05,0,269,51910,55,0.0,0.0,STAR,RADIO_FIRST,FIRST,SDSS_DR18_SPECTROSCOPY,ZWARNING_0_SCIENCEPRIMARY,,,,,,,,,,,,,,,,,,,,RXTRD000119
302890471607265280,1237651799623991540,151.08873,-1.1110137,STAR,M0,0.000347448,1.659175e-05,0,269,51910,85,0.0,0.0,STAR,RADIO_FIRST,FIRST,SDSS_DR18_SPECTROSCOPY,ZWARNING_0_SCIENCEPRIMARY,,,,,,,,,,,,,,,,,,,,RXTRD000120
302895694287497216,1237651800161124476,151.72321,-0.68248075,STAR,A0,0.0008516544,3.459844e-05,0,269,51910,104,0.0,0.0,STAR,RADIO_FIRST,FIRST,SDSS_DR18_SPECTROSCOPY,ZWARNING_0_SCIENCEPRIMARY,,,,,,,,,,,,,,,,,,,,RXTRD000121
302899817456101376,1237654670273151049,151.63655,0.061524437,STAR,F2,0.0001241142,1.08272e-05,0,269,51910,119,0.0,0.0,STAR,RADIO_FIRST,FIRST,SDSS_DR18_SPECTROSCOPY,ZWARNING_0_SCIENCEPRIMARY,,,,,,,,,,,,,,,,,,,,RXTRD000122
302900916967729152,1237654668662145183,150.66008,-1.1994978,STAR,M0,0.000121686,9.623082e-06,0,269,51910,123,0.0,0.0,STAR,RADIO_FIRST,FIRST,SDSS_DR18_SPECTROSCOPY,ZWARNING_0_SCIENCEPRIMARY,,,,,,,,,,,,,,,,,,,,RXTRD000123
302901191845636096,1237651799623794870,150.68226,-1.1214575,STAR,K7,-7.087144e-05,9.563787e-06,0,269,51910,124,0.0,0.0,STAR,RADIO_FIRST,FIRST,SDSS_DR18_SPECTROSCOPY,ZWARNING_0_SCIENCEPRIMARY,,,,,,,,,,,,,,,,,,,,RXTRD000124
302901466723543040,1237651799623729327,150.60043,-1.0595924,STAR,F9,0.0003097295,1.256201e-05,0,269,51910,125,0.0,0.0,STAR,RADIO_FIRST,FIRST,SDSS_DR18_SPECTROSCOPY,ZWARNING_0_SCIENCEPRIMARY,,,,,,,,,,,,,,,,,,,,RXTRD000125
302901741601449984,1237651799623860377,150.86966,-1.0554253,STAR,F9,0.0004209092,1.103777e-05,0,269,51910,126,0.0,0.0,STAR,RADIO_FIRST,FIRST,SDSS_DR18_SPECTROSCOPY,ZWARNING_0_SCIENCEPRIMARY,,,,,,,,,,,,,,,,,,,,RXTRD000126
302902566235170816,1237654668662145164,150.61191,-1.2451664,STAR,K7,0.0001255962,9.419357e-06,0,269,51910,129,0.0,0.0,STAR,RADIO_FIRST,FIRST,SDSS_DR18_SPECTROSCOPY,ZWARNING_0_SCIENCEPRIMARY,,,,,,,,,,,,,,,,,,,,RXTRD000127
302902841113077760,1237654668662145187,150.67978,-1.1888915,STAR,K7,9.73081e-05,1.065765e-05,0,269,51910,130,0.0,0.0,STAR,RADIO_FIRST,FIRST,SDSS_DR18_SPECTROSCOPY,ZWARNING_0_SCIENCEPRIMARY,,,,,,,,,,,,,,,,,,,,RXTRD000128
302903390868891648,1237651799623860427,150.8299,-1.0856019,STAR,M8,5.73147e-05,2.939442e-05,0,269,51910,132,0.0,0.0,STAR,RADIO_FIRST,FIRST,SDSS_DR18_SPECTROSCOPY,ZWARNING_0_SCIENCEPRIMARY,,,,,,,,,,,,,,,,,,,,RXTRD000129
302905315014240256,1237648720144171043,150.71811,-0.9837803,STAR,F9,0.0004653288,1.553123e-05,0,269,51910,139,0.0,0.0,STAR,RADIO_FIRST,FIRST,SDSS_DR18_SPECTROSCOPY,ZWARNING_0_SCIENCEPRIMARY,,,,,,,,,,,,,,,,,,,,RXTRD000130
302908613549123584,1237654670273085621,151.49645,0.039025737,STAR,F9,0.0003949045,1.930637e-05,0,269,51910,151,0.0,0.0,STAR,RADIO_FIRST,FIRST,SDSS_DR18_SPECTROSCOPY,ZWARNING_0_SCIENCEPRIMARY,,,,,,,,,,,,,,,,,,,,RXTRD000131
302922357444470784,1237654668662079698,150.55252,-1.1922472,STAR,K5,-0.0001110211,1.123976e-05,0,269,51910,201,0.0,0.0,STAR,RADIO_FIRST,FIRST,SDSS_DR18_SPECTROSCOPY,ZWARNING_0_SCIENCEPRIMARY,,,,,,,,,,,,,,,,,,,,RXTRD000132
302922907200284672,1237651799623729211,150.56324,-1.111372,STAR,F9,3.429675e-06,8.198285e-06,0,269,51910,203,0.0,0.0,STAR,RADIO_FIRST,FIRST,SDSS_DR18_SPECTROSCOPY,ZWARNING_0_SCIENCEPRIMARY,,,,,,,,,,,,,,,,,,,,RXTRD000133
302923182078191616,1237654668662079740,150.59915,-1.1929492,STAR,K3,0.0001463483,8.164552e-06,0,269,51910,204,0.0,0.0,STAR,RADIO_FIRST,FIRST,SDSS_DR18_SPECTROSCOPY,ZWARNING_0_SCIENCEPRIMARY,,,,,,,,,,,,,,,,,,,,RXTRD000134
302923456956098560,1237651799623729253,150.5856,-1.1451054,STAR,F9,0.0001663387,8.360425e-06,0,269,51910,205,0.0,0.0,STAR,RADIO_FIRST,FIRST,SDSS_DR18_SPECTROSCOPY,ZWARNING_0_SCIENCEPRIMARY,,,,,,,,,,,,,,,,,,,,RXTRD000135
302923731834005504,1237654668662079710,150.56749,-1.1994403,STAR,K5,0.00014273,9.187565e-06,0,269,51910,206,0.0,0.0,STAR,RADIO_FIRST,FIRST,SDSS_DR18_SPECTROSCOPY,ZWARNING_0_SCIENCEPRIMARY,,,,,,,,,,,,,,,,,,,,RXTRD000136
302924556467726336,1237654668662079597,150.57614,-1.1743091,STAR,K3,0.000208775,8.161065e-06,0,269,51910,209,0.0,0.0,STAR,RADIO_FIRST,FIRST,SDSS_DR18_SPECTROSCOPY,ZWARNING_0_SCIENCEPRIMARY,,,,,,,,,,,,,,,,,,,,RXTRD000137
302925106223540224,1237651799623729305,150.54669,-1.1562122,STAR,F9,0.0003990555,1.237793e-05,0,269,51910,211,0.0,0.0,STAR,RADIO_FIRST,FIRST,SDSS_DR18_SPECTROSCOPY,ZWARNING_0_SCIENCEPRIMARY,,,,,,,,,,,,,,,,,,,,RXTRD000138
302925381101447168,1237651799623729309,150.55177,-1.0905185,STAR,K3,0.0002241512,7.872442e-06,0,269,51910,212,0.0,0.0,STAR,RADIO_FIRST,FIRST,SDSS_DR18_SPECTROSCOPY,ZWARNING_0_SCIENCEPRIMARY,,,,,,,,,,,,,,,,,,,,RXTRD000139
302926480613074944,1237651799623729215,150.56785,-1.0585291,STAR,F9,0.0001125997,1.0795e-05,0,269,51910,216,0.0,0.0,STAR,RADIO_FIRST,FIRST,SDSS_DR18_SPECTROSCOPY,ZWARNING_0_SCIENCEPRIMARY,,,,,,,,,,,,,,,,,,,,RXTRD000140
302928404758423552,1237648721217912990,150.79104,-0.040892645,STAR,F2,0.0001981233,1.407458e-05,0,269,51910,223,0.0,0.0,STAR,RADIO_FIRST,FIRST,SDSS_DR18_SPECTROSCOPY,ZWARNING_0_SCIENCEPRIMARY,,,,,,,,,,,,,,,,,,,,RXTRD000141
302942423531677696,1237648721217847549,150.57756,-0.069016835,STAR,M6,-4.053389e-05,2.982267e-05,0,269,51910,274,0.0,0.0,STAR,RADIO_FIRST,FIRST,SDSS_DR18_SPECTROSCOPY,ZWARNING_0_SCIENCEPRIMARY,,,,,,,,,,,,,,,,,,,,RXTRD000142
302946821578188800,1237651799623532547,150.0371,-1.0789458,STAR,F9,-7.321851e-05,8.325827e-06,0,269,51910,290,0.0,0.0,STAR,RADIO_FIRST,FIRST,SDSS_DR18_SPECTROSCOPY,ZWARNING_0_SCIENCEPRIMARY,,,,,,,,,,,,,,,,,,,,RXTRD000143
302950394990979072,1237648720680648799,149.87701,-0.51284792,STAR,F9,0.0001018505,1.094051e-05,0,269,51910,303,0.0,0.0,STAR,RADIO_FIRST,FIRST,SDSS_DR18_SPECTROSCOPY,ZWARNING_0_SCIENCEPRIMARY,,,,,,,,,,,,,,,,,,,,RXTRD000144
302951494502606848,1237648721217454458,149.73618,-0.20105045,STAR,M1,6.128928e-05,3.526536e-05,0,269,51910,307,0.0,0.0,STAR,RADIO_FIRST,FIRST,SDSS_DR18_SPECTROSCOPY,ZWARNING_0_SCIENCEPRIMARY,,,,,,,,,,,,,,,,,,,,RXTRD000145
302953968403769344,1237648720680976395,150.53805,-0.47204098,STAR,F9,0.0006346286,9.223093e-06,0,269,51910,316,0.0,0.0,STAR,RADIO_FIRST,FIRST,SDSS_DR18_SPECTROSCOPY,ZWARNING_0_SCIENCEPRIMARY,,,,,,,,,,,,,,,,,,,,RXTRD000146
302954243281676288,1237654669735362869,149.48749,-0.39972091,STAR,M2,8.115198e-05,1.376872e-05,0,269,51910,317,0.0,0.0,STAR,RADIO_FIRST,FIRST,SDSS_DR18_SPECTROSCOPY,ZWARNING_0_SCIENCEPRIMARY,,,,,,,,,,,,,,,,,,,,RXTRD000147
302955342793304064,1237651752923365433,149.78613,1.2159955,STAR,F5,0.0009693949,1.365469e-05,0,269,51910,321,0.0,0.0,STAR,RADIO_FIRST,FIRST,SDSS_DR18_SPECTROSCOPY,ZWARNING_0_SCIENCEPRIMARY,,,,,,,,,,,,,,,,,,,,RXTRD000148
302960290595629056,1237648722291261897,149.75677,0.79320029,STAR,M3,-0.0001425511,6.531668e-05,0,269,51910,339,0.0,0.0,STAR,RADIO_FIRST,FIRST,SDSS_DR18_SPECTROSCOPY,ZWARNING_0_SCIENCEPRIMARY,,,,,,,,,,,,,,,,,,,,RXTRD000149
302963039374698496,1237648721754718224,150.49963,0.36268506,STAR,F5,0.0004329855,1.486499e-05,0,269,51910,349,0.0,0.0,STAR,RADIO_FIRST,FIRST,SDSS_DR18_SPECTROSCOPY,ZWARNING_0_SCIENCEPRIMARY,,,,,,,,,,,,,,,,,,,,RXTRD000150
302965788153767936,1237648721754521615,150.05524,0.31283612,STAR,F9,4.658951e-05,1.075866e-05,0,269,51910,359,0.0,0.0,STAR,RADIO_FIRST,FIRST,SDSS_DR18_SPECTROSCOPY,ZWARNING_0_SCIENCEPRIMARY,,,,,,,,,,,,,,,,,,,,RXTRD000151
302974584246790144,1237648721754915264,150.94769,0.3143437,STAR,M4,-4.047444e-05,8.955887e-05,0,269,51910,391,0.0,0.0,STAR,RADIO_FIRST,FIRST,SDSS_DR18_SPECTROSCOPY,ZWARNING_0_SCIENCEPRIMARY,,,,,,,,,,,,,,,,,,,,RXTRD000152
302976508392138752,1237651801771343962,150.91338,0.5826408,STAR,F5,0.0004835316,8.749629e-06,0,269,51910,398,0.0,0.0,STAR,RADIO_FIRST,FIRST,SDSS_DR18_SPECTROSCOPY,ZWARNING_0_SCIENCEPRIMARY,,,,,,,,,,,,,,,,,,,,RXTRD000153
302983105461905408,1237648721754914828,150.9641,0.33904684,STAR,G0,-0.0001214392,1.24927e-05,0,269,51910,422,0.0,0.0,STAR,RADIO_FIRST,FIRST,SDSS_DR18_SPECTROSCOPY,ZWARNING_0_SCIENCEPRIMARY,,,,,,,,,,,,,,,,,,,,RXTRD000154
302986403996788736,1237648721754914965,150.96499,0.23675472,STAR,K7,8.311631e-05,9.843526e-06,0,269,51910,434,0.0,0.0,STAR,RADIO_FIRST,FIRST,SDSS_DR18_SPECTROSCOPY,ZWARNING_0_SCIENCEPRIMARY,,,,,,,,,,,,,,,,,,,,RXTRD000155
302988877897951232,1237648722828591174,150.93541,1.1979132,STAR,F2,0.0004934645,1.065648e-05,0,269,51910,443,0.0,0.0,STAR,RADIO_FIRST,FIRST,SDSS_DR18_SPECTROSCOPY,ZWARNING_0_SCIENCEPRIMARY,,,,,,,,,,,,,,,,,,,,RXTRD000156
303008119351437312,1237648721755177052,151.5945,0.30655272,STAR,K7,-3.243158e-05,1.201755e-05,0,269,51910,513,0.0,0.0,STAR,RADIO_FIRST,FIRST,SDSS_DR18_SPECTROSCOPY,ZWARNING_0_SCIENCEPRIMARY,,,,,,,,,,,,,,,,,,,,RXTRD000157
303010043496785920,1237651801234800708,151.65164,0.2047929,STAR,M3,-0.0001545064,1.248299e-05,0,269,51910,520,0.0,0.0,STAR,RADIO_FIRST,FIRST,SDSS_DR18_SPECTROSCOPY,ZWARNING_0_SCIENCEPRIMARY,,,,,,,,,,,,,,,,,,,,RXTRD000158
303014716421203968,1237648722291785790,151.05187,0.66619933,STAR,F5,0.0004850904,3.525945e-05,0,269,51910,537,0.0,0.0,STAR,RADIO_FIRST,FIRST,SDSS_DR18_SPECTROSCOPY,ZWARNING_0_SCIENCEPRIMARY,,,,,,,,,,,,,,,,,,,,RXTRD000159
303015266177017856,1237648722291851712,151.13521,0.72713079,STAR,Carbon_lines,0.0008911824,4.889514e-05,0,269,51910,539,0.0,0.0,STAR,RADIO_FIRST,FIRST,SDSS_DR18_SPECTROSCOPY,ZWARNING_0_SCIENCEPRIMARY,,,,,,,,,,,,,,,,,,,,RXTRD000160
303016090810738688,1237651801771737302,151.82023,0.62532314,STAR,A0,0.0005617921,4.45995e-05,0,269,51910,542,0.0,0.0,STAR,RADIO_FIRST,FIRST,SDSS_DR18_SPECTROSCOPY,ZWARNING_0_SCIENCEPRIMARY,,,,,,,,,,,,,,,,,,,,RXTRD000161
303025161781667840,1237648722828787737,151.2808,1.2022459,STAR,G0,0.0001573145,9.691404e-06,0,269,51910,575,0.0,0.0,STAR,RADIO_FIRST,FIRST,SDSS_DR18_SPECTROSCOPY,ZWARNING_0_SCIENCEPRIMARY,,,,,,,,,,,,,,,,,,,,RXTRD000162
303034232752596992,1237648722291982465,151.53825,0.73807449,STAR,M7,-0.0004552307,2.420413e-05,0,269,51910,608,0.0,0.0,STAR,RADIO_FIRST,FIRST,SDSS_DR18_SPECTROSCOPY,ZWARNING_0_SCIENCEPRIMARY,,,,,,,,,,,,,,,,,,,,RXTRD000163
303995205898496000,1237654669200326851,153.64691,-0.78733235,STAR,WD,-0.0001265908,7.53796e-05,0,270,51909,8,0.0,0.0,STAR,RADIO_FIRST,FIRST,SDSS_DR18_SPECTROSCOPY,ZWARNING_0_SCIENCEPRIMARY,,,,,,,,,,,,,,,,,,,,RXTRD000164
303998504433379328,1237648720145416494,153.57418,-0.95260259,STAR,F5,0.000373751,3.765373e-05,0,270,51909,20,0.0,0.0,STAR,RADIO_FIRST,FIRST,SDSS_DR18_SPECTROSCOPY,ZWARNING_0_SCIENCEPRIMARY,,,,,,,,,,,,,,,,,,,,RXTRD000165
304000978334541824,1237651800161976470,153.67598,-0.67460004,STAR,A0,0.0009420697,4.764206e-05,0,270,51909,29,0.0,0.0,STAR,RADIO_FIRST,FIRST,SDSS_DR18_SPECTROSCOPY,ZWARNING_0_SCIENCEPRIMARY,,,,,,,,,,,,,,,,,,,,RXTRD000166
304001253212448768,1237648720682352701,153.71476,-0.5181401,STAR,K3,2.272785e-05,7.627598e-06,0,270,51909,30,0.0,0.0,STAR,RADIO_FIRST,FIRST,SDSS_DR18_SPECTROSCOPY,ZWARNING_0_SCIENCEPRIMARY,,,,,,,,,,,,,,,,,,,,RXTRD000167
304029015881050112,1237648720145219648,153.12794,-0.93070054,STAR,G0,9.600662e-05,1.003551e-05,0,270,51909,131,0.0,0.0,STAR,RADIO_FIRST,FIRST,SDSS_DR18_SPECTROSCOPY,ZWARNING_0_SCIENCEPRIMARY,,,,,,,,,,,,,,,,,,,,RXTRD000168
304032864171747328,1237654669736804509,152.74977,-0.3803511,STAR,F5,0.0002157916,4.237302e-05,0,270,51909,145,0.0,0.0,STAR,RADIO_FIRST,FIRST,SDSS_DR18_SPECTROSCOPY,ZWARNING_0_SCIENCEPRIMARY,,,,,,,,,,,,,,,,,,,,RXTRD000169
304035612950816768,1237648721218830636,152.7555,-0.12160573,STAR,M5,-0.0002592223,3.262191e-05,0,270,51909,155,0.0,0.0,STAR,RADIO_FIRST,FIRST,SDSS_DR18_SPECTROSCOPY,ZWARNING_0_SCIENCEPRIMARY,,,,,,,,,,,,,,,,,,,,RXTRD000170
304035887828723712,1237651800698454172,152.7811,-0.2218184,STAR,M2,-4.268627e-05,1.447449e-05,0,270,51909,156,0.0,0.0,STAR,RADIO_FIRST,FIRST,SDSS_DR18_SPECTROSCOPY,ZWARNING_0_SCIENCEPRIMARY,,,,,,,,,,,,,,,,,,,,RXTRD000171
304037262218258432,1237651800161517665,152.72457,-0.70503555,STAR,A0,0.001070089,1.798385e-05,0,270,51909,161,0.0,0.0,STAR,RADIO_FIRST,FIRST,SDSS_DR18_SPECTROSCOPY,ZWARNING_0_SCIENCEPRIMARY,,,,,,,,,,,,,,,,,,,,RXTRD000172
304040835631048704,1237648720681893894,152.62681,-0.61516081,STAR,G2,0.0003615868,1.406116e-05,0,270,51909,174,0.0,0.0,STAR,RADIO_FIRST,FIRST,SDSS_DR18_SPECTROSCOPY,ZWARNING_0_SCIENCEPRIMARY,,,,,,,,,,,,,,,,,,,,RXTRD000173
304042759776397312,1237648720681828474,152.47374,-0.48152095,STAR,M4,-0.0002274239,3.723374e-05,0,270,51909,181,0.0,0.0,STAR,RADIO_FIRST,FIRST,SDSS_DR18_SPECTROSCOPY,ZWARNING_0_SCIENCEPRIMARY,,,,,,,,,,,,,,,,,,,,RXTRD000174
299489677444933632,1237648720142401611,146.71421,-1.0413043,GALAXY,STARFORMING,0.02122228,9.465381e-06,0,266,51630,1,0.0,0.0,GALAXY,RADIO_FIRST,FIRST,SDSS_DR18_SPECTROSCOPY,ZWARNING_0_SCIENCEPRIMARY,,,,,,,,,,,,,,,,,,,,RXTRD000175
299489952322840576,1237650795146510627,146.74413,-0.65219064,GALAXY,,0.2037833,3.89048e-05,0,266,51630,2,0.0,0.0,GALAXY,RADIO_FIRST,FIRST,SDSS_DR18_SPECTROSCOPY,ZWARNING_0_SCIENCEPRIMARY,,,,,,,,,,,,,,,,,,,,RXTRD000176
299490502078654464,1237650795146445031,146.62857,-0.76513683,GALAXY,STARFORMING,0.06465632,2.0662e-05,0,266,51630,4,0.0,0.0,GALAXY,RADIO_FIRST,FIRST,SDSS_DR18_SPECTROSCOPY,ZWARNING_0_SCIENCEPRIMARY,,,,,,,,,,,,,,,,,,,,RXTRD000177
299491051834468352,1237648720142401670,146.63167,-0.98827781,GALAXY,STARFORMING,0.05265425,8.614109e-06,0,266,51630,6,0.0,0.0,GALAXY,RADIO_FIRST,FIRST,SDSS_DR18_SPECTROSCOPY,ZWARNING_0_SCIENCEPRIMARY,,,,,,,,,,,,,,,,,,,,RXTRD000178
299491326712375296,1237648720142532891,146.91945,-0.99049175,GALAXY,,0.2138606,4.031544e-05,0,266,51630,7,0.0,0.0,GALAXY,RADIO_FIRST,FIRST,SDSS_DR18_SPECTROSCOPY,ZWARNING_0_SCIENCEPRIMARY,,,,,,,,,,,,,,,,,,,,RXTRD000179
299491876468189184,1237650795146510903,146.76339,-0.81043316,GALAXY,,0.4482199,0.0001066882,0,266,51630,9,2.94,4.207807,GALAXY,RADIO_FIRST,FIRST,SDSS_DR18_SPECTROSCOPY,ZWARNING_0_SCIENCEPRIMARY,,,,,,,,,,,,,,,,,,,,RXTRD000180
299492151346096128,1237648720142401774,146.62282,-0.95138526,GALAXY,,0.3711277,6.93721e-05,0,266,51630,10,0.0,0.0,GALAXY,RADIO_FIRST,FIRST,SDSS_DR18_SPECTROSCOPY,ZWARNING_0_SCIENCEPRIMARY,,,,,,,,,,,,,,,,,,,,RXTRD000181
299492426224003072,1237650795146576091,146.9341,-0.67040397,GALAXY,,0.1212705,2.837492e-05,0,266,51630,11,0.0,0.0,GALAXY,RADIO_FIRST,FIRST,SDSS_DR18_SPECTROSCOPY,ZWARNING_0_SCIENCEPRIMARY,,,,,,,,,,,,,,,,,,,,RXTRD000182
299492975979816960,1237650795146641532,146.9635,-0.75935173,GALAXY,,0.09708638,2.930541e-05,0,266,51630,13,0.0,0.0,GALAXY,RADIO_FIRST,FIRST,SDSS_DR18_SPECTROSCOPY,ZWARNING_0_SCIENCEPRIMARY,,,,,,,,,,,,,,,,,,,,RXTRD000183
299493800613537792,1237650795146576030,146.85983,-0.80890165,GALAXY,,0.1265899,4.931949e-05,0,266,51630,16,0.0,0.0,GALAXY,RADIO_FIRST,FIRST,SDSS_DR18_SPECTROSCOPY,ZWARNING_0_SCIENCEPRIMARY,,,,,,,,,,,,,,,,,,,,RXTRD000184
299494075491444736,1237650795146444862,146.59272,-0.76025604,GALAXY,STARFORMING,0.06495924,9.294928e-06,0,266,51630,17,0.0,0.0,GALAXY,RADIO_FIRST,FIRST,SDSS_DR18_SPECTROSCOPY,ZWARNING_0_SCIENCEPRIMARY,,,,,,,,,,,,,,,,,,,,RXTRD000185
299494350369351680,1237650795146575935,146.8577,-0.66285236,GALAXY,,0.08429205,2.641273e-05,0,266,51630,18,0.0,0.0,GALAXY,RADIO_FIRST,FIRST,SDSS_DR18_SPECTROSCOPY,ZWARNING_0_SCIENCEPRIMARY,,,,,,,,,,,,,,,,,,,,RXTRD000186
299494625247258624,1237651800158896649,146.72794,-0.55687994,GALAXY,,0.08931196,2.806693e-05,0,266,51630,19,0.0,0.0,GALAXY,RADIO_FIRST,FIRST,SDSS_DR18_SPECTROSCOPY,ZWARNING_0_SCIENCEPRIMARY,,,,,,,,,,,,,,,,,,,,RXTRD000187
299494900125165568,1237650794609574093,146.60721,-1.240753,GALAXY,,0.0906017,2.594763e-05,0,266,51630,20,0.0,0.0,GALAXY,RADIO_FIRST,FIRST,SDSS_DR18_SPECTROSCOPY,ZWARNING_0_SCIENCEPRIMARY,,,,,,,,,,,,,,,,,,,,RXTRD000188
299495449880979456,1237648720679469274,147.18679,-0.49381256,GALAXY,,0.09031707,2.509904e-05,0,266,51630,22,0.0,0.0,GALAXY,RADIO_FIRST,FIRST,SDSS_DR18_SPECTROSCOPY,ZWARNING_0_SCIENCEPRIMARY,,,,,,,,,,,,,,,,,,,,RXTRD000189
299495724758886400,1237648721216274697,147.02336,-0.16009352,GALAXY,,0.2156694,4.268031e-05,0,266,51630,23,0.0,0.0,GALAXY,RADIO_FIRST,FIRST,SDSS_DR18_SPECTROSCOPY,ZWARNING_0_SCIENCEPRIMARY,,,,,,,,,,,,,,,,,,,,RXTRD000190
299496274514700288,1237650795683512507,146.95607,-0.34230044,GALAXY,STARFORMING,0.1346802,3.115196e-05,0,266,51630,25,67.87,101.0221,GALAXY,RADIO_FIRST,FIRST,SDSS_DR18_SPECTROSCOPY,ZWARNING_0_SCIENCEPRIMARY,,,,,,,,,,,,,,,,,,,,RXTRD000191
299496824270514176,1237650795683578031,147.17639,-0.35405684,GALAXY,STARFORMING,0.006282841,7.219081e-06,0,266,51630,27,0.0,0.0,GALAXY,RADIO_FIRST,FIRST,SDSS_DR18_SPECTROSCOPY,ZWARNING_0_SCIENCEPRIMARY,,,,,,,,,,,,,,,,,,,,RXTRD000192
299497099148421120,1237648721216340148,147.11461,-0.16521837,GALAXY,,0.2040574,3.867013e-05,0,266,51630,28,0.0,0.0,GALAXY,RADIO_FIRST,FIRST,SDSS_DR18_SPECTROSCOPY,ZWARNING_0_SCIENCEPRIMARY,,,,,,,,,,,,,,,,,,,,RXTRD000193
299497648904235008,1237650795683578073,147.22569,-0.29262062,GALAXY,,0.1336352,3.373426e-05,0,266,51630,30,0.0,0.0,GALAXY,RADIO_FIRST,FIRST,SDSS_DR18_SPECTROSCOPY,ZWARNING_0_SCIENCEPRIMARY,,,,,,,,,,,,,,,,,,,,RXTRD000194
299498473537955840,1237648721216405657,147.24805,-0.035723556,GALAXY,,0.08419658,2.464909e-05,0,266,51630,33,0.0,0.0,GALAXY,RADIO_FIRST,FIRST,SDSS_DR18_SPECTROSCOPY,ZWARNING_0_SCIENCEPRIMARY,,,,,,,,,,,,,,,,,,,,RXTRD000195
299498748415862784,1237648721216274720,146.92403,-0.10514302,GALAXY,,0.3275724,8.634971e-05,0,266,51630,34,0.0,0.0,GALAXY,RADIO_FIRST,FIRST,SDSS_DR18_SPECTROSCOPY,ZWARNING_0_SCIENCEPRIMARY,,,,,,,,,,,,,,,,,,,,RXTRD000196
299499023293769728,1237650795683446969,146.9201,-0.30646208,GALAXY,,0.1314801,4.511572e-05,0,266,51630,35,0.0,0.0,GALAXY,RADIO_FIRST,FIRST,SDSS_DR18_SPECTROSCOPY,ZWARNING_0_SCIENCEPRIMARY,,,,,,,,,,,,,,,,,,,,RXTRD000197
299499298171676672,1237650796220514489,147.32951,0.028902695,GALAXY,STARFORMING,0.04808582,1.016774e-05,0,266,51630,36,0.0,0.0,GALAXY,RADIO_FIRST,FIRST,SDSS_DR18_SPECTROSCOPY,ZWARNING_0_SCIENCEPRIMARY,,,,,,,,,,,,,,,,,,,,RXTRD000198
299500122805397504,1237650795683512955,147.08969,-0.26650926,GALAXY,,0.3829364,0.0001026071,0,266,51630,39,0.0,0.0,GALAXY,RADIO_FIRST,FIRST,SDSS_DR18_SPECTROSCOPY,ZWARNING_0_SCIENCEPRIMARY,,,,,,,,,,,,,,,,,,,,RXTRD000199
299500672561211392,1237648720142336237,146.57134,-0.95721148,GALAXY,STARFORMING,0.06518305,8.58005e-06,0,266,51630,41,0.0,0.0,GALAXY,RADIO_FIRST,FIRST,SDSS_DR18_SPECTROSCOPY,ZWARNING_0_SCIENCEPRIMARY,,,,,,,,,,,,,,,,,,,,RXTRD000200
299500947439118336,1237651799621959987,146.56561,-1.0847419,GALAXY,BROADLINE,0.09755617,1.745438e-05,0,266,51630,42,1.3,1.3,GALAXY,RADIO_FIRST,FIRST,SDSS_DR18_SPECTROSCOPY,ZWARNING_0_SCIENCEPRIMARY,,,,,,,,,,,,,,,,,,,,RXTRD000201
299501497194932224,1237651799621894422,146.30548,-1.1305512,GALAXY,STARBURST,0.1548131,7.652434e-06,0,266,51630,44,0.0,0.0,GALAXY,RADIO_FIRST,FIRST,SDSS_DR18_SPECTROSCOPY,ZWARNING_0_SCIENCEPRIMARY,,,,,,,,,,,,,,,,,,,,RXTRD000202
299501772072839168,1237650795146379400,146.36033,-0.81665691,GALAXY,BROADLINE,0.1274091,2.080412e-05,0,266,51630,45,0.0,0.0,GALAXY,RADIO_FIRST,FIRST,SDSS_DR18_SPECTROSCOPY,ZWARNING_0_SCIENCEPRIMARY,,,,,,,,,,,,,,,,,,,,RXTRD000203
299502321828653056,1237648720142270656,146.43281,-0.98737835,GALAXY,,0.1404723,2.619556e-05,0,266,51630,47,0.0,0.0,GALAXY,RADIO_FIRST,FIRST,SDSS_DR18_SPECTROSCOPY,ZWARNING_0_SCIENCEPRIMARY,,,,,,,,,,,,,,,,,,,,RXTRD000204
299503146462373888,1237650794609442930,146.32349,-1.1808359,GALAXY,,0.08926281,2.055173e-05,0,266,51630,50,0.0,0.0,GALAXY,RADIO_FIRST,FIRST,SDSS_DR18_SPECTROSCOPY,ZWARNING_0_SCIENCEPRIMARY,,,,,,,,,,,,,,,,,,,,RXTRD000205
299503421340280832,1237648720142336185,146.51283,-0.84576492,GALAXY,STARFORMING,0.06490172,3.932979e-06,0,266,51630,51,0.0,0.0,GALAXY,RADIO_FIRST,FIRST,SDSS_DR18_SPECTROSCOPY,ZWARNING_0_SCIENCEPRIMARY,,,,,,,,,,,,,,,,,,,,RXTRD000206
299503696218187776,1237650795146314028,146.31179,-0.81320921,GALAXY,,0.2058383,3.639716e-05,0,266,51630,52,0.0,0.0,GALAXY,RADIO_FIRST,FIRST,SDSS_DR18_SPECTROSCOPY,ZWARNING_0_SCIENCEPRIMARY,,,,,,,,,,,,,,,,,,,,RXTRD000207
299504245974001664,1237650795146379447,146.44831,-0.71339967,GALAXY,,0.1146793,8.012174e-06,0,266,51630,54,0.0,0.0,GALAXY,RADIO_FIRST,FIRST,SDSS_DR18_SPECTROSCOPY,ZWARNING_0_SCIENCEPRIMARY,,,,,,,,,,,,,,,,,,,,RXTRD000208
299504520851908608,1237651799621959813,146.57273,-1.0608357,GALAXY,STARFORMING,0.0606144,1.374815e-05,0,266,51630,55,0.0,0.0,GALAXY,RADIO_FIRST,FIRST,SDSS_DR18_SPECTROSCOPY,ZWARNING_0_SCIENCEPRIMARY,,,,,,,,,,,,,,,,,,,,RXTRD000209
299505895241443328,1237650795146379491,146.36894,-0.66824731,GALAXY,,0.2711954,5.39502e-05,0,266,51630,60,0.0,0.0,GALAXY,RADIO_FIRST,FIRST,SDSS_DR18_SPECTROSCOPY,ZWARNING_0_SCIENCEPRIMARY,,,,,,,,,,,,,,,,,,,,RXTRD000210
299506170119350272,1237650795683446896,146.85757,-0.21877608,GALAXY,,0.1246121,3.362826e-05,0,266,51630,61,0.0,0.0,GALAXY,RADIO_FIRST,FIRST,SDSS_DR18_SPECTROSCOPY,ZWARNING_0_SCIENCEPRIMARY,,,,,,,,,,,,,,,,,,,,RXTRD000211
299506444997257216,1237650795683446947,146.90125,-0.4131573,GALAXY,STARFORMING,0.05654794,1.527598e-05,0,266,51630,62,0.0,0.0,GALAXY,RADIO_FIRST,FIRST,SDSS_DR18_SPECTROSCOPY,ZWARNING_0_SCIENCEPRIMARY,,,,,,,,,,,,,,,,,,,,RXTRD000212
299506719875164160,1237650795683447026,146.84292,-0.39093546,GALAXY,,0.454208,0.0001922903,0,266,51630,63,0.0,0.0,GALAXY,RADIO_FIRST,FIRST,SDSS_DR18_SPECTROSCOPY,ZWARNING_0_SCIENCEPRIMARY,,,,,,,,,,,,,,,,,,,,RXTRD000213
299507269630978048,1237648720679338392,146.86816,-0.48679252,GALAXY,,0.08326827,2.085382e-05,0,266,51630,65,0.0,0.0,GALAXY,RADIO_FIRST,FIRST,SDSS_DR18_SPECTROSCOPY,ZWARNING_0_SCIENCEPRIMARY,,,,,,,,,,,,,,,,,,,,RXTRD000214
299507544508884992,1237648720679338241,146.86432,-0.46407191,GALAXY,STARFORMING,0.06510994,8.322726e-06,0,266,51630,66,0.0,0.0,GALAXY,RADIO_FIRST,FIRST,SDSS_DR18_SPECTROSCOPY,ZWARNING_0_SCIENCEPRIMARY,,,,,,,,,,,,,,,,,,,,RXTRD000215
299508369142605824,1237648720679338261,146.89158,-0.51266153,GALAXY,,0.08389291,1.293384e-05,0,266,51630,69,0.0,0.0,GALAXY,RADIO_FIRST,FIRST,SDSS_DR18_SPECTROSCOPY,ZWARNING_0_SCIENCEPRIMARY,,,,,,,,,,,,,,,,,,,,RXTRD000216
299508644020512768,1237648720679338252,146.8833,-0.49469887,GALAXY,STARFORMING,0.08376556,1.404711e-05,0,266,51630,70,0.0,0.0,GALAXY,RADIO_FIRST,FIRST,SDSS_DR18_SPECTROSCOPY,ZWARNING_0_SCIENCEPRIMARY,,,,,,,,,,,,,,,,,,,,RXTRD000217
299508918898419712,1237648721216209095,146.85967,-0.098938627,GALAXY,STARFORMING,0.1253916,9.706347e-06,0,266,51630,71,0.0,0.0,GALAXY,RADIO_FIRST,FIRST,SDSS_DR18_SPECTROSCOPY,ZWARNING_0_SCIENCEPRIMARY,,,,,,,,,,,,,,,,,,,,RXTRD000218
299509193776326656,1237650795683446889,146.85676,-0.27404021,GALAXY,STARBURST,0.02196459,6.059415e-06,0,266,51630,72,0.0,0.0,GALAXY,RADIO_FIRST,FIRST,SDSS_DR18_SPECTROSCOPY,ZWARNING_0_SCIENCEPRIMARY,,,,,,,,,,,,,,,,,,,,RXTRD000219
299509468654233600,1237650796220252232,146.76078,0.015978141,GALAXY,,0.1249016,2.096762e-05,0,266,51630,73,0.0,0.0,GALAXY,RADIO_FIRST,FIRST,SDSS_DR18_SPECTROSCOPY,ZWARNING_0_SCIENCEPRIMARY,,,,,,,,,,,,,,,,,,,,RXTRD000220
299509743532140544,1237650795683447045,146.90232,-0.31366176,GALAXY,,0.1314198,4.738492e-05,0,266,51630,74,0.0,0.0,GALAXY,RADIO_FIRST,FIRST,SDSS_DR18_SPECTROSCOPY,ZWARNING_0_SCIENCEPRIMARY,,,,,,,,,,,,,,,,,,,,RXTRD000221
299510018410047488,1237650795683381563,146.77711,-0.24198689,GALAXY,,0.1308193,2.707374e-05,0,266,51630,75,0.0,0.0,GALAXY,RADIO_FIRST,FIRST,SDSS_DR18_SPECTROSCOPY,ZWARNING_0_SCIENCEPRIMARY,,,,,,,,,,,,,,,,,,,,RXTRD000222
299510293287954432,1237648721216209489,146.89733,-0.18636779,GALAXY,,0.370904,0.0001274981,0,266,51630,76,0.0,0.0,GALAXY,RADIO_FIRST,FIRST,SDSS_DR18_SPECTROSCOPY,ZWARNING_0_SCIENCEPRIMARY,,,,,,,,,,,,,,,,,,,,RXTRD000223
299510568165861376,1237650796220317797,146.80914,0.026384187,GALAXY,,0.1260304,3.099657e-05,0,266,51630,77,3.3,2.748197,GALAXY,RADIO_FIRST,FIRST,SDSS_DR18_SPECTROSCOPY,ZWARNING_0_SCIENCEPRIMARY,,,,,,,,,,,,,,,,,,,,RXTRD000224
299510843043768320,1237648721216209266,146.75599,-0.16821182,GALAXY,,0.06244991,4.6045e-05,0,266,51630,78,0.0,0.0,GALAXY,RADIO_FIRST,FIRST,SDSS_DR18_SPECTROSCOPY,ZWARNING_0_SCIENCEPRIMARY,,,,,,,,,,,,,,,,,,,,RXTRD000225
299511117921675264,1237648721216209055,146.81199,-0.19004646,GALAXY,BROADLINE,0.06215091,1.826503e-05,0,266,51630,79,0.0,0.0,GALAXY,RADIO_FIRST,FIRST,SDSS_DR18_SPECTROSCOPY,ZWARNING_0_SCIENCEPRIMARY,,,,,,,,,,,,,,,,,,,,RXTRD000226
299511667677489152,1237648720142139633,146.11835,-0.8681462,GALAXY,STARFORMING,0.127676,1.086708e-05,0,266,51630,81,0.0,0.0,GALAXY,RADIO_FIRST,FIRST,SDSS_DR18_SPECTROSCOPY,ZWARNING_0_SCIENCEPRIMARY,,,,,,,,,,,,,,,,,,,,RXTRD000227
299512217433303040,1237650795146248321,146.09369,-0.79308773,GALAXY,BROADLINE,0.06758517,1.316565e-05,0,266,51630,83,0.0,0.0,GALAXY,RADIO_FIRST,FIRST,SDSS_DR18_SPECTROSCOPY,ZWARNING_0_SCIENCEPRIMARY,,,,,,,,,,,,,,,,,,,,RXTRD000228
299512492311209984,1237648720142139625,146.09344,-1.0081668,GALAXY,,0.06589106,2.284753e-05,0,266,51630,84,0.0,0.0,GALAXY,RADIO_FIRST,FIRST,SDSS_DR18_SPECTROSCOPY,ZWARNING_0_SCIENCEPRIMARY,,,,,,,,,,,,,,,,,,,,RXTRD000229
299513042067023872,1237650794609377458,146.12796,-1.1897714,GALAXY,,0.1407275,3.332166e-05,0,266,51630,86,0.0,0.0,GALAXY,RADIO_FIRST,FIRST,SDSS_DR18_SPECTROSCOPY,ZWARNING_0_SCIENCEPRIMARY,,,,,,,,,,,,,,,,,,,,RXTRD000230
299513316944930816,1237651799621828776,146.23485,-1.1527694,GALAXY,STARBURST,0.06741422,5.355525e-06,0,266,51630,87,0.0,0.0,GALAXY,RADIO_FIRST,FIRST,SDSS_DR18_SPECTROSCOPY,ZWARNING_0_SCIENCEPRIMARY,,,,,,,,,,,,,,,,,,,,RXTRD000231
299513866700744704,1237651799621763660,146.07916,-1.1580268,GALAXY,,0.3507902,8.248531e-05,0,266,51630,89,0.0,0.0,GALAXY,RADIO_FIRST,FIRST,SDSS_DR18_SPECTROSCOPY,ZWARNING_0_SCIENCEPRIMARY,,,,,,,,,,,,,,,,,,,,RXTRD000232
299514141578651648,1237650795146248378,146.14358,-0.74164105,GALAXY,,0.2038225,3.190344e-05,0,266,51630,90,1.86,2.506957,GALAXY,RADIO_FIRST,FIRST,SDSS_DR18_SPECTROSCOPY,ZWARNING_0_SCIENCEPRIMARY,,,,,,,,,,,,,,,,,,,,RXTRD000233
299514416456558592,1237648720142139722,146.01189,-0.97522919,GALAXY,,0.3740553,8.602985e-05,0,266,51630,91,0.0,0.0,GALAXY,RADIO_FIRST,FIRST,SDSS_DR18_SPECTROSCOPY,ZWARNING_0_SCIENCEPRIMARY,,,,,,,,,,,,,,,,,,,,RXTRD000234
299514966212372480,1237650795146314138,146.24259,-0.76261796,GALAXY,STARBURST,0.3002294,8.640142e-06,0,266,51630,93,0.0,0.0,GALAXY,RADIO_FIRST,FIRST,SDSS_DR18_SPECTROSCOPY,ZWARNING_0_SCIENCEPRIMARY,,,,,,,,,,,,,,,,,,,,RXTRD000235
299515241090279424,1237650795146248304,146.07944,-0.68096046,GALAXY,,0.06727324,2.264598e-05,0,266,51630,94,0.0,0.0,GALAXY,RADIO_FIRST,FIRST,SDSS_DR18_SPECTROSCOPY,ZWARNING_0_SCIENCEPRIMARY,,,,,,,,,,,,,,,,,,,,RXTRD000236
299515790846093312,1237648720142205527,146.26033,-0.94079185,GALAXY,,0.384653,0.0001139746,0,266,51630,96,0.0,0.0,GALAXY,RADIO_FIRST,FIRST,SDSS_DR18_SPECTROSCOPY,ZWARNING_0_SCIENCEPRIMARY,,,,,,,,,,,,,,,,,,,,RXTRD000237
299516065724000256,1237650795146248369,146.13557,-0.68219057,GALAXY,,0.2038409,3.495571e-05,0,266,51630,97,0.0,0.0,GALAXY,RADIO_FIRST,FIRST,SDSS_DR18_SPECTROSCOPY,ZWARNING_0_SCIENCEPRIMARY,,,,,,,,,,,,,,,,,,,,RXTRD000238
299516615479814144,1237650795146248407,146.19262,-0.68840099,GALAXY,STARBURST,0.004080323,4.54938e-06,0,266,51630,99,0.0,0.0,GALAXY,RADIO_FIRST,FIRST,SDSS_DR18_SPECTROSCOPY,ZWARNING_0_SCIENCEPRIMARY,,,,,,,,,,,,,,,,,,,,RXTRD000239
299517440113534976,1237650795683315926,146.57562,-0.29127367,GALAXY,,0.1264097,3.576556e-05,0,266,51630,102,0.0,0.0,GALAXY,RADIO_FIRST,FIRST,SDSS_DR18_SPECTROSCOPY,ZWARNING_0_SCIENCEPRIMARY,,,,,,,,,,,,,,,,,,,,RXTRD000240
299517714991441920,1237648721216078463,146.59449,-0.13317431,GALAXY,STARFORMING,0.0456523,1.621298e-05,0,266,51630,103,0.0,0.0,GALAXY,RADIO_FIRST,FIRST,SDSS_DR18_SPECTROSCOPY,ZWARNING_0_SCIENCEPRIMARY,,,,,,,,,,,,,,,,,,,,RXTRD000241
299517989869348864,1237648720679272605,146.74174,-0.52469154,GALAXY,STARFORMING,0.1315038,1.174256e-05,0,266,51630,104,0.0,0.0,GALAXY,RADIO_FIRST,FIRST,SDSS_DR18_SPECTROSCOPY,ZWARNING_0_SCIENCEPRIMARY,,,,,,,,,,,,,,,,,,,,RXTRD000242
299518264747255808,1237648720679272630,146.61904,-0.43432227,GALAXY,STARFORMING,0.006036635,6.190809e-06,0,266,51630,105,0.0,0.0,GALAXY,RADIO_FIRST,FIRST,SDSS_DR18_SPECTROSCOPY,ZWARNING_0_SCIENCEPRIMARY,,,,,,,,,,,,,,,,,,,,RXTRD000243
299518539625162752,1237648720679272634,146.62966,-0.46568888,GALAXY,AGN,0.0893447,1.397131e-05,0,266,51630,106,0.0,0.0,GALAXY,RADIO_FIRST,FIRST,SDSS_DR18_SPECTROSCOPY,ZWARNING_0_SCIENCEPRIMARY,,,,,,,,,,,,,,,,,,,,RXTRD000244
299518814503069696,1237650795683250403,146.49052,-0.36931044,GALAXY,STARFORMING,0.1231987,1.395017e-05,0,266,51630,107,0.0,0.0,GALAXY,RADIO_FIRST,FIRST,SDSS_DR18_SPECTROSCOPY,ZWARNING_0_SCIENCEPRIMARY,,,,,,,,,,,,,,,,,,,,RXTRD000245
299519089380976640,1237650795683381502,146.7517,-0.40839151,GALAXY,STARBURST,0.03580831,5.25862e-06,0,266,51630,108,0.0,0.0,GALAXY,RADIO_FIRST,FIRST,SDSS_DR18_SPECTROSCOPY,ZWARNING_0_SCIENCEPRIMARY,,,,,,,,,,,,,,,,,,,,RXTRD000246
299519364258883584,1237650795683381426,146.69572,-0.28693372,GALAXY,,0.1209667,2.551166e-05,0,266,51630,109,0.0,0.0,GALAXY,RADIO_FIRST,FIRST,SDSS_DR18_SPECTROSCOPY,ZWARNING_0_SCIENCEPRIMARY,,,,,,,,,,,,,,,,,,,,RXTRD000247
299519639136790528,1237650795683381380,146.64357,-0.33134525,GALAXY,,0.1302495,2.532451e-05,0,266,51630,110,0.0,0.0,GALAXY,RADIO_FIRST,FIRST,SDSS_DR18_SPECTROSCOPY,ZWARNING_0_SCIENCEPRIMARY,,,,,,,,,,,,,,,,,,,,RXTRD000248
299519914014697472,1237648721216143430,146.60365,-0.19149282,GALAXY,STARFORMING,0.1215208,8.370138e-06,0,266,51630,111,0.0,0.0,GALAXY,RADIO_FIRST,FIRST,SDSS_DR18_SPECTROSCOPY,ZWARNING_0_SCIENCEPRIMARY,,,,,,,,,,,,,,,,,,,,RXTRD000249
299520188892604416,1237650796220186869,146.63068,0.070984066,GALAXY,,0.1258571,3.722625e-05,0,266,51630,112,0.0,0.0,GALAXY,RADIO_FIRST,FIRST,SDSS_DR18_SPECTROSCOPY,ZWARNING_0_SCIENCEPRIMARY,,,,,,,,,,,,,,,,,,,,RXTRD000250
299520463770511360,1237650796220186902,146.60806,0.047679187,GALAXY,STARFORMING,0.09212417,1.128517e-05,0,266,51630,113,0.0,0.0,GALAXY,RADIO_FIRST,FIRST,SDSS_DR18_SPECTROSCOPY,ZWARNING_0_SCIENCEPRIMARY,,,,,,,,,,,,,,,,,,,,RXTRD000251
299520738648418304,1237650795683315881,146.60631,-0.21322083,GALAXY,,0.1206172,1.173804e-05,0,266,51630,114,0.0,0.0,GALAXY,RADIO_FIRST,FIRST,SDSS_DR18_SPECTROSCOPY,ZWARNING_0_SCIENCEPRIMARY,,,,,,,,,,,,,,,,,,,,RXTRD000252
299521013526325248,1237650796220252301,146.72901,0.026971893,GALAXY,,0.05665967,2.209735e-05,0,266,51630,115,0.0,0.0,GALAXY,RADIO_FIRST,FIRST,SDSS_DR18_SPECTROSCOPY,ZWARNING_0_SCIENCEPRIMARY,,,,,,,,,,,,,,,,,,,,RXTRD000253
299521288404232192,1237650795683381498,146.74794,-0.2682818,GALAXY,,0.1302224,3.737113e-05,0,266,51630,116,0.0,0.0,GALAXY,RADIO_FIRST,FIRST,SDSS_DR18_SPECTROSCOPY,ZWARNING_0_SCIENCEPRIMARY,,,,,,,,,,,,,,,,,,,,RXTRD000254
299521563282139136,1237648721216143450,146.63489,-0.19229113,GALAXY,,0.1321261,3.163564e-05,0,266,51630,117,0.0,0.0,GALAXY,RADIO_FIRST,FIRST,SDSS_DR18_SPECTROSCOPY,ZWARNING_0_SCIENCEPRIMARY,,,,,,,,,,,,,,,,,,,,RXTRD000255
299522113037953024,1237650795683381472,146.73712,-0.2521827,GALAXY,,0.130504,3.387846e-05,0,266,51630,119,4.21,4.316313,GALAXY,RADIO_FIRST,FIRST,SDSS_DR18_SPECTROSCOPY,ZWARNING_0_SCIENCEPRIMARY,,,,,,,,,,,,,,,,,,,,RXTRD000256
299522387915859968,1237648721216143524,146.66136,-0.1033698,GALAXY,STARFORMING,0.06934141,2.217244e-05,0,266,51630,120,0.0,0.0,GALAXY,RADIO_FIRST,FIRST,SDSS_DR18_SPECTROSCOPY,ZWARNING_0_SCIENCEPRIMARY,,,,,,,,,,,,,,,,,,,,RXTRD000257
299522662793766912,1237650794609311944,145.96877,-1.0577835,GALAXY,,0.2900426,5.274088e-05,0,266,51630,121,0.0,0.0,GALAXY,RADIO_FIRST,FIRST,SDSS_DR18_SPECTROSCOPY,ZWARNING_0_SCIENCEPRIMARY,,,,,,,,,,,,,,,,,,,,RXTRD000258
299522937671673856,1237650794609246448,145.84664,-1.1867962,GALAXY,,0.141718,3.536678e-05,0,266,51630,122,0.0,0.0,GALAXY,RADIO_FIRST,FIRST,SDSS_DR18_SPECTROSCOPY,ZWARNING_0_SCIENCEPRIMARY,,,,,,,,,,,,,,,,,,,,RXTRD000259
299523212549580800,1237650794609246410,145.80475,-1.184054,GALAXY,,0.1457377,4.051249e-05,0,266,51630,123,0.0,0.0,GALAXY,RADIO_FIRST,FIRST,SDSS_DR18_SPECTROSCOPY,ZWARNING_0_SCIENCEPRIMARY,,,,,,,,,,,,,,,,,,,,RXTRD000260
299524586939115520,1237650794609246465,145.89059,-1.0976161,GALAXY,STARFORMING,0.06248942,8.072848e-06,0,266,51630,128,0.0,0.0,GALAXY,RADIO_FIRST,FIRST,SDSS_DR18_SPECTROSCOPY,ZWARNING_0_SCIENCEPRIMARY,,,,,,,,,,,,,,,,,,,,RXTRD000261
299524861817022464,1237648720142008580,145.81811,-0.87895114,GALAXY,,0.2045784,3.956625e-05,0,266,51630,129,0.0,0.0,GALAXY,RADIO_FIRST,FIRST,SDSS_DR18_SPECTROSCOPY,ZWARNING_0_SCIENCEPRIMARY,,,,,,,,,,,,,,,,,,,,RXTRD000262
299525411572836352,1237650795146182819,145.93788,-0.73396501,GALAXY,STARFORMING,0.142703,1.891574e-05,0,266,51630,131,0.0,0.0,GALAXY,RADIO_FIRST,FIRST,SDSS_DR18_SPECTROSCOPY,ZWARNING_0_SCIENCEPRIMARY,,,,,,,,,,,,,,,,,,,,RXTRD000263
299525686450743296,1237648720142073959,145.89232,-1.0226363,GALAXY,,0.153699,2.468936e-05,0,266,51630,132,0.0,0.0,GALAXY,RADIO_FIRST,FIRST,SDSS_DR18_SPECTROSCOPY,ZWARNING_0_SCIENCEPRIMARY,,,,,,,,,,,,,,,,,,,,RXTRD000264
299526236206557184,1237650795146183156,145.91067,-0.66994126,GALAXY,,0.3692567,0.0001193694,0,266,51630,134,0.0,0.0,GALAXY,RADIO_FIRST,FIRST,SDSS_DR18_SPECTROSCOPY,ZWARNING_0_SCIENCEPRIMARY,,,,,,,,,,,,,,,,,,,,RXTRD000265
299526511084464128,1237648720142073942,145.85318,-0.99705018,GALAXY,,0.1448017,2.946348e-05,0,266,51630,135,0.0,0.0,GALAXY,RADIO_FIRST,FIRST,SDSS_DR18_SPECTROSCOPY,ZWARNING_0_SCIENCEPRIMARY,,,,,,,,,,,,,,,,,,,,RXTRD000266
299526785962371072,1237648720678879821,145.80638,-0.54706451,GALAXY,,0.3680652,0.0001106925,0,266,51630,136,0.0,0.0,GALAXY,RADIO_FIRST,FIRST,SDSS_DR18_SPECTROSCOPY,ZWARNING_0_SCIENCEPRIMARY,,,,,,,,,,,,,,,,,,,,RXTRD000267
299527060840278016,1237648720142008515,145.82165,-0.84656746,GALAXY,,0.06770252,2.128274e-05,0,266,51630,137,0.0,0.0,GALAXY,RADIO_FIRST,FIRST,SDSS_DR18_SPECTROSCOPY,ZWARNING_0_SCIENCEPRIMARY,,,,,,,,,,,,,,,,,,,,RXTRD000268
299527335718184960,1237648720678944894,145.87447,-0.60874859,GALAXY,STARFORMING,0.07158983,1.824641e-05,0,266,51630,138,0.0,0.0,GALAXY,RADIO_FIRST,FIRST,SDSS_DR18_SPECTROSCOPY,ZWARNING_0_SCIENCEPRIMARY,,,,,,,,,,,,,,,,,,,,RXTRD000269
299527610596091904,1237648720678945384,145.98911,-0.61503643,GALAXY,,0.335078,9.275007e-05,0,266,51630,139,0.0,0.0,GALAXY,RADIO_FIRST,FIRST,SDSS_DR18_SPECTROSCOPY,ZWARNING_0_SCIENCEPRIMARY,,,,,,,,,,,,,,,,,,,,RXTRD000270
299528160351905792,1237650795683250326,146.37378,-0.36838682,GALAXY,STARFORMING BROADLINE,0.05290708,3.537249e-05,0,266,51630,141,0.0,0.0,GALAXY,RADIO_FIRST,FIRST,SDSS_DR18_SPECTROSCOPY,ZWARNING_0_SCIENCEPRIMARY,,,,,,,,,,,,,,,,,,,,RXTRD000271
299528435229812736,1237650795683250349,146.38135,-0.38646442,GALAXY,,0.05260282,1.428546e-05,0,266,51630,142,0.0,0.0,GALAXY,RADIO_FIRST,FIRST,SDSS_DR18_SPECTROSCOPY,ZWARNING_0_SCIENCEPRIMARY,,,,,,,,,,,,,,,,,,,,RXTRD000272
299528710107719680,1237648721216078045,146.46892,-0.092843508,GALAXY,,0.06251308,1.647867e-05,0,266,51630,143,0.0,0.0,GALAXY,RADIO_FIRST,FIRST,SDSS_DR18_SPECTROSCOPY,ZWARNING_0_SCIENCEPRIMARY,,,,,,,,,,,,,,,,,,,,RXTRD000273
299528984985626624,1237648721216012470,146.35579,-0.14338836,GALAXY,,0.03073909,1.349196e-05,0,266,51630,144,0.0,0.0,GALAXY,RADIO_FIRST,FIRST,SDSS_DR18_SPECTROSCOPY,ZWARNING_0_SCIENCEPRIMARY,,,,,,,,,,,,,,,,,,,,RXTRD000274
299529259863533568,1237650795683250757,146.47181,-0.32044988,GALAXY,,0.3661692,0.0001474819,0,266,51630,145,0.0,0.0,GALAXY,RADIO_FIRST,FIRST,SDSS_DR18_SPECTROSCOPY,ZWARNING_0_SCIENCEPRIMARY,,,,,,,,,,,,,,,,,,,,RXTRD000275
299529534741440512,1237650795683250311,146.35204,-0.33269118,GALAXY,STARFORMING,0.05217639,5.765479e-06,0,266,51630,146,0.0,0.0,GALAXY,RADIO_FIRST,FIRST,SDSS_DR18_SPECTROSCOPY,ZWARNING_0_SCIENCEPRIMARY,,,,,,,,,,,,,,,,,,,,RXTRD000276
299529809619347456,1237648721215946942,146.29988,-0.12001413,GALAXY,AGN,0.03070351,1.414706e-05,0,266,51630,147,0.0,0.0,GALAXY,RADIO_FIRST,FIRST,SDSS_DR18_SPECTROSCOPY,ZWARNING_0_SCIENCEPRIMARY,,,,,,,,,,,,,,,,,,,,RXTRD000277
299530084497254400,1237648721216012368,146.43376,-0.10567172,GALAXY,,0.06240187,4.053693e-05,0,266,51630,148,0.0,0.0,GALAXY,RADIO_FIRST,FIRST,SDSS_DR18_SPECTROSCOPY,ZWARNING_0_SCIENCEPRIMARY,,,,,,,,,,,,,,,,,,,,RXTRD000278
299530909130975232,1237650795683250319,146.36539,-0.34351527,GALAXY,STARBURST,0.05248393,5.880207e-06,0,266,51630,151,0.0,0.0,GALAXY,RADIO_FIRST,FIRST,SDSS_DR18_SPECTROSCOPY,ZWARNING_0_SCIENCEPRIMARY,,,,,,,,,,,,,,,,,,,,RXTRD000279
299531184008882176,1237650796220121371,146.477,0.07743098,GALAXY,,0.4410215,0.0001070173,0,266,51630,152,0.0,0.0,GALAXY,RADIO_FIRST,FIRST,SDSS_DR18_SPECTROSCOPY,ZWARNING_0_SCIENCEPRIMARY,,,,,,,,,,,,,,,,,,,,RXTRD000280
299531733764696064,1237650795683250364,146.39902,-0.35038267,GALAXY,STARBURST,0.05354775,5.423991e-06,0,266,51630,154,0.0,0.0,GALAXY,RADIO_FIRST,FIRST,SDSS_DR18_SPECTROSCOPY,ZWARNING_0_SCIENCEPRIMARY,,,,,,,,,,,,,,,,,,,,RXTRD000281
299532008642603008,1237648721216012449,146.32316,-0.029989881,GALAXY,STARBURST,0.02170876,5.207488e-06,0,266,51630,155,0.0,0.0,GALAXY,RADIO_FIRST,FIRST,SDSS_DR18_SPECTROSCOPY,ZWARNING_0_SCIENCEPRIMARY,,,,,,,,,,,,,,,,,,,,RXTRD000282
299532283520509952,1237650796220121111,146.36979,0.082264176,GALAXY,STARFORMING,0.067523,1.09121e-05,0,266,51630,156,0.0,0.0,GALAXY,RADIO_FIRST,FIRST,SDSS_DR18_SPECTROSCOPY,ZWARNING_0_SCIENCEPRIMARY,,,,,,,,,,,,,,,,,,,,RXTRD000283
299532558398416896,1237650796220055738,146.30086,0.035479627,GALAXY,STARBURST,0.021758,4.883307e-06,0,266,51630,157,0.0,0.0,GALAXY,RADIO_FIRST,FIRST,SDSS_DR18_SPECTROSCOPY,ZWARNING_0_SCIENCEPRIMARY,,,,,,,,,,,,,,,,,,,,RXTRD000284
299532833276323840,1237650795683184841,146.32958,-0.30622363,GALAXY,AGN,0.03645184,1.055042e-05,0,266,51630,158,0.0,0.0,GALAXY,RADIO_FIRST,FIRST,SDSS_DR18_SPECTROSCOPY,ZWARNING_0_SCIENCEPRIMARY,,,,,,,,,,,,,,,,,,,,RXTRD000285
299533108154230784,1237650796220121127,146.39968,0.032246051,GALAXY,,0.1284871,4.481595e-05,0,266,51630,159,0.0,0.0,GALAXY,RADIO_FIRST,FIRST,SDSS_DR18_SPECTROSCOPY,ZWARNING_0_SCIENCEPRIMARY,,,,,,,,,,,,,,,,,,,,RXTRD000286
299533383032137728,1237650796220121207,146.34706,0.075416437,GALAXY,,0.06228172,3.429993e-05,0,266,51630,160,0.0,0.0,GALAXY,RADIO_FIRST,FIRST,SDSS_DR18_SPECTROSCOPY,ZWARNING_0_SCIENCEPRIMARY,,,,,,,,,,,,,,,,,,,,RXTRD000287
299533932787951616,1237648721215881342,146.05733,-0.097030167,GALAXY,,0.03673035,1.177751e-05,0,266,51630,162,0.0,0.0,GALAXY,RADIO_FIRST,FIRST,SDSS_DR18_SPECTROSCOPY,ZWARNING_0_SCIENCEPRIMARY,,,,,,,,,,,,,,,,,,,,RXTRD000288
299534207665858560,1237650795683184814,146.23462,-0.40626115,GALAXY,,0.2719066,5.818523e-05,0,266,51630,163,0.0,0.0,GALAXY,RADIO_FIRST,FIRST,SDSS_DR18_SPECTROSCOPY,ZWARNING_0_SCIENCEPRIMARY,,,,,,,,,,,,,,,,,,,,RXTRD000289
299534757421672448,1237650795683119378,146.10554,-0.28541597,GALAXY,,0.08990419,2.408372e-05,0,266,51630,165,0.0,0.0,GALAXY,RADIO_FIRST,FIRST,SDSS_DR18_SPECTROSCOPY,ZWARNING_0_SCIENCEPRIMARY,,,,,,,,,,,,,,,,,,,,RXTRD000290
299535032299579392,1237648721215946884,146.19333,-0.038867315,GALAXY,,0.06296081,1.854303e-05,0,266,51630,166,0.0,0.0,GALAXY,RADIO_FIRST,FIRST,SDSS_DR18_SPECTROSCOPY,ZWARNING_0_SCIENCEPRIMARY,,,,,,,,,,,,,,,,,,,,RXTRD000291
299535307177486336,1237650796220055688,146.2278,0.043565824,GALAXY,,0.09139155,2.956801e-05,0,266,51630,167,0.0,0.0,GALAXY,RADIO_FIRST,FIRST,SDSS_DR18_SPECTROSCOPY,ZWARNING_0_SCIENCEPRIMARY,,,,,,,,,,,,,,,,,,,,RXTRD000292
299535582055393280,1237650795683184714,146.22225,-0.3758881,GALAXY,STARFORMING,0.06740563,1.47889e-05,0,266,51630,168,0.0,0.0,GALAXY,RADIO_FIRST,FIRST,SDSS_DR18_SPECTROSCOPY,ZWARNING_0_SCIENCEPRIMARY,,,,,,,,,,,,,,,,,,,,RXTRD000293
299535856933300224,1237650795683184774,146.28017,-0.40694922,GALAXY,,0.06335986,1.182561e-05,0,266,51630,169,0.0,0.0,GALAXY,RADIO_FIRST,FIRST,SDSS_DR18_SPECTROSCOPY,ZWARNING_0_SCIENCEPRIMARY,,,,,,,,,,,,,,,,,,,,RXTRD000294
299536131811207168,1237648720679076369,146.19248,-0.50827897,GALAXY,,0.3691974,0.0001224426,0,266,51630,170,5.98,5.291204,GALAXY,RADIO_FIRST,FIRST,SDSS_DR18_SPECTROSCOPY,ZWARNING_0_SCIENCEPRIMARY,,,,,,,,,,,,,,,,,,,,RXTRD000295
299536406689114112,1237648721215946862,146.16234,-0.022424349,GALAXY,,0.09155686,2.987516e-05,0,266,51630,171,0.0,0.0,GALAXY,RADIO_FIRST,FIRST,SDSS_DR18_SPECTROSCOPY,ZWARNING_0_SCIENCEPRIMARY,,,,,,,,,,,,,,,,,,,,RXTRD000296
299536681567021056,1237650796220055727,146.28301,0.064056069,GALAXY,STARFORMING,0.0215799,1.160553e-05,0,266,51630,172,0.0,0.0,GALAXY,RADIO_FIRST,FIRST,SDSS_DR18_SPECTROSCOPY,ZWARNING_0_SCIENCEPRIMARY,,,,,,,,,,,,,,,,,,,,RXTRD000297
299537231322834944,1237650796220055691,146.23184,0.068229156,GALAXY,BROADLINE,0.02160817,1.034798e-05,0,266,51630,174,0.0,0.0,GALAXY,RADIO_FIRST,FIRST,SDSS_DR18_SPECTROSCOPY,ZWARNING_0_SCIENCEPRIMARY,,,,,,,,,,,,,,,,,,,,RXTRD000298
299537506200741888,1237650796219924680,146.02339,0.021997188,GALAXY,,0.1255432,2.587638e-05,0,266,51630,175,0.0,0.0,GALAXY,RADIO_FIRST,FIRST,SDSS_DR18_SPECTROSCOPY,ZWARNING_0_SCIENCEPRIMARY,,,,,,,,,,,,,,,,,,,,RXTRD000299
299537781078648832,1237650796219924743,145.97523,0.10664574,GALAXY,,0.1254106,4.468287e-05,0,266,51630,176,0.0,0.0,GALAXY,RADIO_FIRST,FIRST,SDSS_DR18_SPECTROSCOPY,ZWARNING_0_SCIENCEPRIMARY,,,,,,,,,,,,,,,,,,,,RXTRD000300
299538055956555776,1237648721215946868,146.16563,-0.064166288,GALAXY,,0.0632066,2.13949e-05,0,266,51630,177,0.0,0.0,GALAXY,RADIO_FIRST,FIRST,SDSS_DR18_SPECTROSCOPY,ZWARNING_0_SCIENCEPRIMARY,,,,,,,,,,,,,,,,,,,,RXTRD000301
299538330834462720,1237648721215881355,146.06648,-0.00089458762,GALAXY,,0.1240625,3.856888e-05,0,266,51630,178,0.0,0.0,GALAXY,RADIO_FIRST,FIRST,SDSS_DR18_SPECTROSCOPY,ZWARNING_0_SCIENCEPRIMARY,,,,,,,,,,,,,,,,,,,,RXTRD000302
299538605712369664,1237650795683053764,145.98758,-0.34255457,GALAXY,STARFORMING,0.1261984,1.101318e-05,0,266,51630,179,0.0,0.0,GALAXY,RADIO_FIRST,FIRST,SDSS_DR18_SPECTROSCOPY,ZWARNING_0_SCIENCEPRIMARY,,,,,,,,,,,,,,,,,,,,RXTRD000303
299538880590276608,1237648721215815939,145.99396,-0.13584762,GALAXY,,0.0630479,1.709645e-05,0,266,51630,180,0.0,0.0,GALAXY,RADIO_FIRST,FIRST,SDSS_DR18_SPECTROSCOPY,ZWARNING_0_SCIENCEPRIMARY,,,,,,,,,,,,,,,,,,,,RXTRD000304
299539155468183552,1237650795683053709,145.90594,-0.36835753,GALAXY,,0.09773864,2.34127e-05,0,266,51630,181,0.0,0.0,GALAXY,RADIO_FIRST,FIRST,SDSS_DR18_SPECTROSCOPY,ZWARNING_0_SCIENCEPRIMARY,,,,,,,,,,,,,,,,,,,,RXTRD000305
299539430346090496,1237648721215816272,145.93037,-0.060302718,GALAXY,,0.5171112,0.0001575643,0,266,51630,182,0.0,0.0,GALAXY,RADIO_FIRST,FIRST,SDSS_DR18_SPECTROSCOPY,ZWARNING_0_SCIENCEPRIMARY,,,,,,,,,,,,,,,,,,,,RXTRD000306
299539705223997440,1237650796219859138,145.82519,0.043159343,GALAXY,,0.1451134,2.903229e-05,0,266,51630,183,0.0,0.0,GALAXY,RADIO_FIRST,FIRST,SDSS_DR18_SPECTROSCOPY,ZWARNING_0_SCIENCEPRIMARY,,,,,,,,,,,,,,,,,,,,RXTRD000307
299539980101904384,1237648721215815722,145.8765,-0.010999021,GALAXY,,0.1270235,2.471649e-05,0,266,51630,184,0.0,0.0,GALAXY,RADIO_FIRST,FIRST,SDSS_DR18_SPECTROSCOPY,ZWARNING_0_SCIENCEPRIMARY,,,,,,,,,,,,,,,,,,,,RXTRD000308
299540254979811328,1237648720678944999,145.89112,-0.46704537,GALAXY,STARFORMING,0.2031962,2.074801e-05,0,266,51630,185,0.0,0.0,GALAXY,RADIO_FIRST,FIRST,SDSS_DR18_SPECTROSCOPY,ZWARNING_0_SCIENCEPRIMARY,,,,,,,,,,,,,,,,,,,,RXTRD000309
299540529857718272,1237650795682988326,145.89245,-0.33629819,GALAXY,,0.09798842,2.491307e-05,0,266,51630,186,0.0,0.0,GALAXY,RADIO_FIRST,FIRST,SDSS_DR18_SPECTROSCOPY,ZWARNING_0_SCIENCEPRIMARY,,,,,,,,,,,,,,,,,,,,RXTRD000310
299541354491439104,1237648721215815838,145.8774,-0.050187511,GALAXY,STARFORMING,0.09099656,1.220743e-05,0,266,51630,189,0.0,0.0,GALAXY,RADIO_FIRST,FIRST,SDSS_DR18_SPECTROSCOPY,ZWARNING_0_SCIENCEPRIMARY,,,,,,,,,,,,,,,,,,,,RXTRD000311
299541904247252992,1237650796219924629,145.95019,0.072020428,GALAXY,,0.1258195,3.392655e-05,0,266,51630,191,0.0,0.0,GALAXY,RADIO_FIRST,FIRST,SDSS_DR18_SPECTROSCOPY,ZWARNING_0_SCIENCEPRIMARY,,,,,,,,,,,,,,,,,,,,RXTRD000312
299542179125159936,1237650796219859194,145.86533,0.089624319,GALAXY,,0.1277906,3.521005e-05,0,266,51630,192,0.0,0.0,GALAXY,RADIO_FIRST,FIRST,SDSS_DR18_SPECTROSCOPY,ZWARNING_0_SCIENCEPRIMARY,,,,,,,,,,,,,,,,,,,,RXTRD000313
299542454003066880,1237650796219859159,145.83689,0.0028933788,GALAXY,,0.1294907,2.557954e-05,0,266,51630,193,0.0,0.0,GALAXY,RADIO_FIRST,FIRST,SDSS_DR18_SPECTROSCOPY,ZWARNING_0_SCIENCEPRIMARY,,,,,,,,,,,,,,,,,,,,RXTRD000314
299542728880973824,1237648721215750443,145.81742,-0.094309636,GALAXY,,0.3458818,7.780716e-05,0,266,51630,194,0.0,0.0,GALAXY,RADIO_FIRST,FIRST,SDSS_DR18_SPECTROSCOPY,ZWARNING_0_SCIENCEPRIMARY,,,,,,,,,,,,,,,,,,,,RXTRD000315
299543003758880768,1237650796219859165,145.84425,0.030685407,GALAXY,,0.1554309,1.550419e-05,0,266,51630,195,0.0,0.0,GALAXY,RADIO_FIRST,FIRST,SDSS_DR18_SPECTROSCOPY,ZWARNING_0_SCIENCEPRIMARY,,,,,,,,,,,,,,,,,,,,RXTRD000316
299543278636787712,1237650796219859039,145.86564,0.05618939,GALAXY,,0.1277459,2.578315e-05,0,266,51630,196,0.0,0.0,GALAXY,RADIO_FIRST,FIRST,SDSS_DR18_SPECTROSCOPY,ZWARNING_0_SCIENCEPRIMARY,,,,,,,,,,,,,,,,,,,,RXTRD000317
299543828392601600,1237650796219859174,145.84849,0.051299053,GALAXY,,0.1224862,4.063898e-05,0,266,51630,198,0.0,0.0,GALAXY,RADIO_FIRST,FIRST,SDSS_DR18_SPECTROSCOPY,ZWARNING_0_SCIENCEPRIMARY,,,,,,,,,,,,,,,,,,,,RXTRD000318
299544103270508544,1237648721215750366,145.82273,-0.16028957,GALAXY,STARBURST,0.06265516,6.25958e-06,0,266,51630,199,0.0,0.0,GALAXY,RADIO_FIRST,FIRST,SDSS_DR18_SPECTROSCOPY,ZWARNING_0_SCIENCEPRIMARY,,,,,,,,,,,,,,,,,,,,RXTRD000319
299544653026322432,1237650794609246535,145.8013,-1.0741946,GALAXY,,0.3835985,0.0001049274,0,266,51630,201,0.0,0.0,GALAXY,RADIO_FIRST,FIRST,SDSS_DR18_SPECTROSCOPY,ZWARNING_0_SCIENCEPRIMARY,,,,,,,,,,,,,,,,,,,,RXTRD000320
299544927904229376,1237650794609180882,145.68613,-1.2440377,GALAXY,,0.1480799,3.361118e-05,0,266,51630,202,0.0,0.0,GALAXY,RADIO_FIRST,FIRST,SDSS_DR18_SPECTROSCOPY,ZWARNING_0_SCIENCEPRIMARY,,,,,,,,,,,,,,,,,,,,RXTRD000321
299545202782136320,1237655178159915217,145.63394,-1.0506031,GALAXY,,0.1432976,2.793381e-05,0,266,51630,203,0.0,0.0,GALAXY,RADIO_FIRST,FIRST,SDSS_DR18_SPECTROSCOPY,ZWARNING_0_SCIENCEPRIMARY,,,,,,,,,,,,,,,,,,,,RXTRD000322
299545477660043264,1237650795146051757,145.67849,-0.79140064,GALAXY,,0.1491852,3.635235e-05,0,266,51630,204,0.0,0.0,GALAXY,RADIO_FIRST,FIRST,SDSS_DR18_SPECTROSCOPY,ZWARNING_0_SCIENCEPRIMARY,,,,,,,,,,,,,,,,,,,,RXTRD000323
299545752537950208,1237650794609246396,145.76792,-1.074726,GALAXY,,0.06249849,1.69468e-05,0,266,51630,205,0.0,0.0,GALAXY,RADIO_FIRST,FIRST,SDSS_DR18_SPECTROSCOPY,ZWARNING_0_SCIENCEPRIMARY,,,,,,,,,,,,,,,,,,,,RXTRD000324
299546027415857152,1237648720141943050,145.61886,-0.97268613,GALAXY,,0.1527078,1.652218e-05,0,266,51630,206,0.0,0.0,GALAXY,RADIO_FIRST,FIRST,SDSS_DR18_SPECTROSCOPY,ZWARNING_0_SCIENCEPRIMARY,,,,,,,,,,,,,,,,,,,,RXTRD000325
299546302293764096,1237648720141943100,145.68114,-0.86722346,GALAXY,,0.06759457,1.340506e-05,0,266,51630,207,0.0,0.0,GALAXY,RADIO_FIRST,FIRST,SDSS_DR18_SPECTROSCOPY,ZWARNING_0_SCIENCEPRIMARY,,,,,,,,,,,,,,,,,,,,RXTRD000326
299546852049577984,1237650794609180823,145.59655,-1.2053233,GALAXY,,0.1473114,7.037325e-06,0,266,51630,209,0.0,0.0,GALAXY,RADIO_FIRST,FIRST,SDSS_DR18_SPECTROSCOPY,ZWARNING_0_SCIENCEPRIMARY,,,,,,,,,,,,,,,,,,,,RXTRD000327
299547126927484928,1237648720141943148,145.61421,-0.86576193,GALAXY,,0.3456734,7.10982e-05,0,266,51630,210,0.0,0.0,GALAXY,RADIO_FIRST,FIRST,SDSS_DR18_SPECTROSCOPY,ZWARNING_0_SCIENCEPRIMARY,,,,,,,,,,,,,,,,,,,,RXTRD000328
299547401805391872,1237650795146117231,145.75413,-0.75339419,GALAXY,,0.09848519,2.752964e-05,0,266,51630,211,0.0,0.0,GALAXY,RADIO_FIRST,FIRST,SDSS_DR18_SPECTROSCOPY,ZWARNING_0_SCIENCEPRIMARY,,,,,,,,,,,,,,,,,,,,RXTRD000329
299547676683298816,1237648720141943039,145.5822,-0.89274307,GALAXY,,0.0983509,2.789623e-05,0,266,51630,212,0.0,0.0,GALAXY,RADIO_FIRST,FIRST,SDSS_DR18_SPECTROSCOPY,ZWARNING_0_SCIENCEPRIMARY,,,,,,,,,,,,,,,,,,,,RXTRD000330
299548226439112704,1237650795146051731,145.64525,-0.81551887,GALAXY,,0.14551,3.291969e-05,0,266,51630,214,0.0,0.0,GALAXY,RADIO_FIRST,FIRST,SDSS_DR18_SPECTROSCOPY,ZWARNING_0_SCIENCEPRIMARY,,,,,,,,,,,,,,,,,,,,RXTRD000331
299548501317019648,1237650795146051733,145.64788,-0.77176336,GALAXY,STARFORMING,0.02165231,1.053692e-05,0,266,51630,215,0.0,0.0,GALAXY,RADIO_FIRST,FIRST,SDSS_DR18_SPECTROSCOPY,ZWARNING_0_SCIENCEPRIMARY,,,,,,,,,,,,,,,,,,,,RXTRD000332
299548776194926592,1237650795146117247,145.75973,-0.81389214,GALAXY,AGN BROADLINE,0.06763429,7.68207e-06,0,266,51630,216,0.0,0.0,GALAXY,RADIO_FIRST,FIRST,SDSS_DR18_SPECTROSCOPY,ZWARNING_0_SCIENCEPRIMARY,,,,,,,,,,,,,,,,,,,,RXTRD000333
299549051072833536,1237650795146051795,145.70894,-0.74767797,GALAXY,,0.07156569,1.946267e-05,0,266,51630,217,0.0,0.0,GALAXY,RADIO_FIRST,FIRST,SDSS_DR18_SPECTROSCOPY,ZWARNING_0_SCIENCEPRIMARY,,,,,,,,,,,,,,,,,,,,RXTRD000334
299549600828647424,1237648720678879482,145.78109,-0.60534054,GALAXY,,0.1425823,3.286961e-05,0,266,51630,219,0.0,0.0,GALAXY,RADIO_FIRST,FIRST,SDSS_DR18_SPECTROSCOPY,ZWARNING_0_SCIENCEPRIMARY,,,,,,,,,,,,,,,,,,,,RXTRD000335
299549875706554368,1237650795146052282,145.70728,-0.67774657,GALAXY,,0.4019251,0.000122974,0,266,51630,220,0.0,0.0,GALAXY,RADIO_FIRST,FIRST,SDSS_DR18_SPECTROSCOPY,ZWARNING_0_SCIENCEPRIMARY,,,,,,,,,,,,,,,,,,,,RXTRD000336
299550150584461312,1237648721215750297,145.74475,-0.076351718,GALAXY,STARBURST,0.06259136,5.386382e-06,0,266,51630,221,0.0,0.0,GALAXY,RADIO_FIRST,FIRST,SDSS_DR18_SPECTROSCOPY,ZWARNING_0_SCIENCEPRIMARY,,,,,,,,,,,,,,,,,,,,RXTRD000337
299550700340275200,1237648721215684769,145.6012,-0.001388682,GALAXY,STARBURST,0.1458226,2.335707e-05,0,266,51630,223,5.26,4.871537,GALAXY,RADIO_FIRST,FIRST,SDSS_DR18_SPECTROSCOPY,ZWARNING_0_SCIENCEPRIMARY,,,,,,,,,,,,,,,,,,,,RXTRD000338
299550975218182144,1237648721215750163,145.73722,-0.061008544,GALAXY,,0.1439173,2.306501e-05,0,266,51630,224,0.0,0.0,GALAXY,RADIO_FIRST,FIRST,SDSS_DR18_SPECTROSCOPY,ZWARNING_0_SCIENCEPRIMARY,,,,,,,,,,,,,,,,,,,,RXTRD000339
299551524973996032,1237650796219793563,145.66949,0.11167288,GALAXY,,0.1247047,2.945301e-05,0,266,51630,226,0.0,0.0,GALAXY,RADIO_FIRST,FIRST,SDSS_DR18_SPECTROSCOPY,ZWARNING_0_SCIENCEPRIMARY,,,,,,,,,,,,,,,,,,,,RXTRD000340
299552074729809920,1237650796219794169,145.71827,0.069322999,GALAXY,,0.5156041,0.0001934089,0,266,51630,228,0.0,0.0,GALAXY,RADIO_FIRST,FIRST,SDSS_DR18_SPECTROSCOPY,ZWARNING_0_SCIENCEPRIMARY,,,,,,,,,,,,,,,,,,,,RXTRD000341
299552349607716864,1237648721215684828,145.68939,-0.011335705,GALAXY,STARBURST,0.09768173,6.975738e-06,0,266,51630,229,0.0,0.0,GALAXY,RADIO_FIRST,FIRST,SDSS_DR18_SPECTROSCOPY,ZWARNING_0_SCIENCEPRIMARY,,,,,,,,,,,,,,,,,,,,RXTRD000342
299552624485623808,1237648721215750276,145.70269,-0.048527481,GALAXY,STARBURST,0.09832241,6.492427e-06,0,266,51630,230,0.0,0.0,GALAXY,RADIO_FIRST,FIRST,SDSS_DR18_SPECTROSCOPY,ZWARNING_0_SCIENCEPRIMARY,,,,,,,,,,,,,,,,,,,,RXTRD000343
299552899363530752,1237648721215684759,145.59828,-0.20219947,GALAXY,STARFORMING,0.09113582,7.654464e-06,0,266,51630,231,0.0,0.0,GALAXY,RADIO_FIRST,FIRST,SDSS_DR18_SPECTROSCOPY,ZWARNING_0_SCIENCEPRIMARY,,,,,,,,,,,,,,,,,,,,RXTRD000344
299553174241437696,1237650795682922576,145.64341,-0.3001479,GALAXY,STARBURST,0.1254306,8.088607e-06,0,266,51630,232,0.0,0.0,GALAXY,RADIO_FIRST,FIRST,SDSS_DR18_SPECTROSCOPY,ZWARNING_0_SCIENCEPRIMARY,,,,,,,,,,,,,,,,,,,,RXTRD000345
299553998875158528,1237648720678814213,145.63696,-0.45449248,GALAXY,,0.3580701,8.086726e-05,0,266,51630,235,0.0,0.0,GALAXY,RADIO_FIRST,FIRST,SDSS_DR18_SPECTROSCOPY,ZWARNING_0_SCIENCEPRIMARY,,,,,,,,,,,,,,,,,,,,RXTRD000346
299554273753065472,1237648720678879348,145.72206,-0.52713707,GALAXY,,0.1640542,2.82254e-05,0,266,51630,236,0.0,0.0,GALAXY,RADIO_FIRST,FIRST,SDSS_DR18_SPECTROSCOPY,ZWARNING_0_SCIENCEPRIMARY,,,,,,,,,,,,,,,,,,,,RXTRD000347
299554548630972416,1237648721215750320,145.77842,-0.13455067,GALAXY,,0.1451567,3.150894e-05,0,266,51630,237,0.0,0.0,GALAXY,RADIO_FIRST,FIRST,SDSS_DR18_SPECTROSCOPY,ZWARNING_0_SCIENCEPRIMARY,,,,,,,,,,,,,,,,,,,,RXTRD000348
299555098386786304,1237648704023757044,145.80121,-0.21112851,GALAXY,,0.1448559,2.4941e-05,0,266,51630,239,0.0,0.0,GALAXY,RADIO_FIRST,FIRST,SDSS_DR18_SPECTROSCOPY,ZWARNING_0_SCIENCEPRIMARY,,,,,,,,,,,,,,,,,,,,RXTRD000349
299555373264693248,1237650795682922788,145.66918,-0.42102498,GALAXY,STARFORMING,0.03036259,1.242842e-05,0,266,51630,240,0.0,0.0,GALAXY,RADIO_FIRST,FIRST,SDSS_DR18_SPECTROSCOPY,ZWARNING_0_SCIENCEPRIMARY,,,,,,,,,,,,,,,,,,,,RXTRD000350
299555648142600192,1237650795145920759,145.3983,-0.67092618,GALAXY,,0.1468171,3.056524e-05,0,266,51630,241,0.0,0.0,GALAXY,RADIO_FIRST,FIRST,SDSS_DR18_SPECTROSCOPY,ZWARNING_0_SCIENCEPRIMARY,,,,,,,,,,,,,,,,,,,,RXTRD000351
299555923020507136,1237650795145920729,145.37814,-0.67431767,GALAXY,,0.090209,2.847515e-05,0,266,51630,242,0.0,0.0,GALAXY,RADIO_FIRST,FIRST,SDSS_DR18_SPECTROSCOPY,ZWARNING_0_SCIENCEPRIMARY,,,,,,,,,,,,,,,,,,,,RXTRD000352
299556197898414080,1237650795145986089,145.48725,-0.80693196,GALAXY,,0.06084378,1.747393e-05,0,266,51630,243,0.0,0.0,GALAXY,RADIO_FIRST,FIRST,SDSS_DR18_SPECTROSCOPY,ZWARNING_0_SCIENCEPRIMARY,,,,,,,,,,,,,,,,,,,,RXTRD000353
299556472776321024,1237648720141877472,145.50248,-0.9666317,GALAXY,,0.1477088,2.776945e-05,0,266,51630,244,0.0,0.0,GALAXY,RADIO_FIRST,FIRST,SDSS_DR18_SPECTROSCOPY,ZWARNING_0_SCIENCEPRIMARY,,,,,,,,,,,,,,,,,,,,RXTRD000354
299556747654227968,1237650795145920732,145.38815,-0.69227045,GALAXY,,0.1467894,4.208303e-05,0,266,51630,245,0.0,0.0,GALAXY,RADIO_FIRST,FIRST,SDSS_DR18_SPECTROSCOPY,ZWARNING_0_SCIENCEPRIMARY,,,,,,,,,,,,,,,,,,,,RXTRD000355
299557022532134912,1237648720141877432,145.46323,-0.84422273,GALAXY,,0.1464075,3.239199e-05,0,266,51630,246,0.0,0.0,GALAXY,RADIO_FIRST,FIRST,SDSS_DR18_SPECTROSCOPY,ZWARNING_0_SCIENCEPRIMARY,,,,,,,,,,,,,,,,,,,,RXTRD000356
299557297410041856,1237650794609049641,145.37115,-1.0810148,GALAXY,STARFORMING,0.09888671,8.290008e-06,0,266,51630,247,0.0,0.0,GALAXY,RADIO_FIRST,FIRST,SDSS_DR18_SPECTROSCOPY,ZWARNING_0_SCIENCEPRIMARY,,,,,,,,,,,,,,,,,,,,RXTRD000357
299557572287948800,1237650794609049814,145.44408,-1.1954565,GALAXY,,0.08816301,2.289338e-05,0,266,51630,248,0.0,0.0,GALAXY,RADIO_FIRST,FIRST,SDSS_DR18_SPECTROSCOPY,ZWARNING_0_SCIENCEPRIMARY,,,,,,,,,,,,,,,,,,,,RXTRD000358
299558122043762688,1237650794609049744,145.37411,-1.24932,GALAXY,BROADLINE,0.06686618,1.357416e-05,0,266,51630,250,0.0,0.0,GALAXY,RADIO_FIRST,FIRST,SDSS_DR18_SPECTROSCOPY,ZWARNING_0_SCIENCEPRIMARY,,,,,,,,,,,,,,,,,,,,RXTRD000359
299558396921669632,1237650794609115494,145.53585,-1.0782817,GALAXY,,0.4607444,0.0001122974,0,266,51630,251,0.0,0.0,GALAXY,RADIO_FIRST,FIRST,SDSS_DR18_SPECTROSCOPY,ZWARNING_0_SCIENCEPRIMARY,,,,,,,,,,,,,,,,,,,,RXTRD000360
299559221555390464,1237648720678682916,145.39427,-0.55765535,GALAXY,STARBURST,0.1259125,7.571209e-06,0,266,51630,254,0.0,0.0,GALAXY,RADIO_FIRST,FIRST,SDSS_DR18_SPECTROSCOPY,ZWARNING_0_SCIENCEPRIMARY,,,,,,,,,,,,,,,,,,,,RXTRD000361
299559496433297408,1237650795145986295,145.52621,-0.74745062,GALAXY,,0.2183785,4.581521e-05,0,266,51630,255,3.47,3.707081,GALAXY,RADIO_FIRST,FIRST,SDSS_DR18_SPECTROSCOPY,ZWARNING_0_SCIENCEPRIMARY,,,,,,,,,,,,,,,,,,,,RXTRD000362
299559771311204352,1237650795145986369,145.55749,-0.69320463,GALAXY,,0.2177645,5.552959e-05,0,266,51630,256,0.0,0.0,GALAXY,RADIO_FIRST,FIRST,SDSS_DR18_SPECTROSCOPY,ZWARNING_0_SCIENCEPRIMARY,,,,,,,,,,,,,,,,,,,,RXTRD000363
299560046189111296,1237650794609115171,145.47929,-1.0534252,GALAXY,,0.08842166,2.119103e-05,0,266,51630,257,0.0,0.0,GALAXY,RADIO_FIRST,FIRST,SDSS_DR18_SPECTROSCOPY,ZWARNING_0_SCIENCEPRIMARY,,,,,,,,,,,,,,,,,,,,RXTRD000364
299560321067018240,1237650795145986270,145.49628,-0.73679163,GALAXY,,0.1467638,2.909362e-05,0,266,51630,258,0.0,0.0,GALAXY,RADIO_FIRST,FIRST,SDSS_DR18_SPECTROSCOPY,ZWARNING_0_SCIENCEPRIMARY,,,,,,,,,,,,,,,,,,,,RXTRD000365
299560870822832128,1237648720678748320,145.47822,-0.59981627,GALAXY,,0.1267773,3.016156e-05,0,266,51630,260,0.0,0.0,GALAXY,RADIO_FIRST,FIRST,SDSS_DR18_SPECTROSCOPY,ZWARNING_0_SCIENCEPRIMARY,,,,,,,,,,,,,,,,,,,,RXTRD000366
299561145700739072,1237650796219662548,145.41306,0.10646309,GALAXY,,0.1213054,1.877766e-05,0,266,51630,261,0.0,0.0,GALAXY,RADIO_FIRST,FIRST,SDSS_DR18_SPECTROSCOPY,ZWARNING_0_SCIENCEPRIMARY,,,,,,,,,,,,,,,,,,,,RXTRD000367
299561420578646016,1237650796219728015,145.44666,0.077354713,GALAXY,,0.1224656,1.802269e-05,0,266,51630,262,0.0,0.0,GALAXY,RADIO_FIRST,FIRST,SDSS_DR18_SPECTROSCOPY,ZWARNING_0_SCIENCEPRIMARY,,,,,,,,,,,,,,,,,,,,RXTRD000368
299561695456552960,1237650796219728222,145.55032,0.0094953996,GALAXY,,0.3363668,7.92014e-05,0,266,51630,263,0.0,0.0,GALAXY,RADIO_FIRST,FIRST,SDSS_DR18_SPECTROSCOPY,ZWARNING_0_SCIENCEPRIMARY,,,,,,,,,,,,,,,,,,,,RXTRD000369
299561970334459904,1237650795682791609,145.36478,-0.34279396,GALAXY,,0.1486212,1.949348e-05,0,266,51630,264,0.0,0.0,GALAXY,RADIO_FIRST,FIRST,SDSS_DR18_SPECTROSCOPY,ZWARNING_0_SCIENCEPRIMARY,,,,,,,,,,,,,,,,,,,,RXTRD000370
299562245212366848,1237650795682791626,145.39106,-0.41559587,GALAXY,STARFORMING,0.03587863,1.228877e-05,0,266,51630,265,0.0,0.0,GALAXY,RADIO_FIRST,FIRST,SDSS_DR18_SPECTROSCOPY,ZWARNING_0_SCIENCEPRIMARY,,,,,,,,,,,,,,,,,,,,RXTRD000371
299562520090273792,1237650796219662565,145.42694,0.049536734,GALAXY,,0.09087794,2.577386e-05,0,266,51630,266,0.0,0.0,GALAXY,RADIO_FIRST,FIRST,SDSS_DR18_SPECTROSCOPY,ZWARNING_0_SCIENCEPRIMARY,,,,,,,,,,,,,,,,,,,,RXTRD000372
299562794968180736,1237648720678682969,145.36789,-0.46545391,GALAXY,,0.3422793,8.992029e-05,0,266,51630,267,0.0,0.0,GALAXY,RADIO_FIRST,FIRST,SDSS_DR18_SPECTROSCOPY,ZWARNING_0_SCIENCEPRIMARY,,,,,,,,,,,,,,,,,,,,RXTRD000373
299563069846087680,1237650795682791646,145.40681,-0.31439655,GALAXY,,0.1468838,3.793899e-05,0,266,51630,268,0.0,0.0,GALAXY,RADIO_FIRST,FIRST,SDSS_DR18_SPECTROSCOPY,ZWARNING_0_SCIENCEPRIMARY,,,,,,,,,,,,,,,,,,,,RXTRD000374
299490227200747520,1237648720142532813,146.90229,-0.98491332,QSO,BROADLINE,0.6524171,8.855115e-05,0,266,51630,3,0.0,0.0,QSO,RADIO_FIRST,FIRST,SDSS_DR18_SPECTROSCOPY,ZWARNING_0_SCIENCEPRIMARY,,,,,,,,,,,,,,,,,,,,RXTRD000375
299505345485629440,1237650795146379439,146.438,-0.65600998,QSO,BROADLINE,1.473592,0.0004523236,0,266,51630,58,0.0,0.0,QSO,RADIO_FIRST,FIRST,SDSS_DR18_SPECTROSCOPY,ZWARNING_0_SCIENCEPRIMARY,,,,,,,,,,,,,,,,,,,,RXTRD000376
299511392799582208,1237650796220252317,146.76383,0.041421411,QSO,BROADLINE,1.772007,0.000920172,0,266,51630,80,0.0,0.0,QSO,RADIO_FIRST,FIRST,SDSS_DR18_SPECTROSCOPY,ZWARNING_0_SCIENCEPRIMARY,,,,,,,,,,,,,,,,,,,,RXTRD000377
299523762305394688,1237650795146182789,145.89838,-0.72280608,QSO,BROADLINE,0.2712803,4.689833e-05,0,266,51630,125,0.0,0.0,QSO,RADIO_FIRST,FIRST,SDSS_DR18_SPECTROSCOPY,ZWARNING_0_SCIENCEPRIMARY,,,,,,,,,,,,,,,,,,,,RXTRD000378
299524037183301632,1237650795146182672,145.92005,-0.78353938,QSO,BROADLINE,0.5176755,0.0001592146,0,266,51630,126,0.0,0.0,QSO,RADIO_FIRST,FIRST,SDSS_DR18_SPECTROSCOPY,ZWARNING_0_SCIENCEPRIMARY,,,,,,,,,,,,,,,,,,,,RXTRD000379
299525961328650240,1237650795146182823,145.93986,-0.79011435,QSO,BROADLINE,0.367843,0.0001145508,0,266,51630,133,0.0,0.0,QSO,RADIO_FIRST,FIRST,SDSS_DR18_SPECTROSCOPY,ZWARNING_0_SCIENCEPRIMARY,,,,,,,,,,,,,,,,,,,,RXTRD000380
299533657910044672,1237650795683184784,146.2918,-0.25947359,QSO,BROADLINE,0.3253868,4.748808e-05,0,266,51630,161,0.0,0.0,QSO,RADIO_FIRST,FIRST,SDSS_DR18_SPECTROSCOPY,ZWARNING_0_SCIENCEPRIMARY,,,,,,,,,,,,,,,,,,,,RXTRD000381
299544378148415488,1237650796219924600,145.9253,0.04879248,QSO,BROADLINE,0.2884945,4.114519e-05,0,266,51630,200,0.0,0.0,QSO,RADIO_FIRST,FIRST,SDSS_DR18_SPECTROSCOPY,ZWARNING_0_SCIENCEPRIMARY,,,,,,,,,,,,,,,,,,,,RXTRD000382
299546577171671040,1237650795146051693,145.74093,-0.78478748,QSO,BROADLINE,1.36213,0.0007729934,0,266,51630,208,1.59,2.349403,QSO,RADIO_FIRST,FIRST,SDSS_DR18_SPECTROSCOPY,ZWARNING_0_SCIENCEPRIMARY,,,,,,,,,,,,,,,,,,,,RXTRD000383
299551250096089088,1237648721215750304,145.74414,-0.04356676,QSO,BROADLINE,1.615831,0.0004092001,0,266,51630,225,0.0,0.0,QSO,RADIO_FIRST,FIRST,SDSS_DR18_SPECTROSCOPY,ZWARNING_0_SCIENCEPRIMARY,,,,,,,,,,,,,,,,,,,,RXTRD000384
299551799851902976,1237650796219793525,145.62226,0.034593059,QSO,BROADLINE,0.06315506,2.077191e-05,0,266,51630,227,0.0,0.0,QSO,RADIO_FIRST,FIRST,SDSS_DR18_SPECTROSCOPY,ZWARNING_0_SCIENCEPRIMARY,,,,,,,,,,,,,,,,,,,,RXTRD000385
299554823508879360,1237650795682988218,145.76225,-0.21964896,QSO,BROADLINE,1.584228,0.0004011848,0,266,51630,238,0.0,0.0,QSO,RADIO_FIRST,FIRST,SDSS_DR18_SPECTROSCOPY,ZWARNING_0_SCIENCEPRIMARY,,,,,,,,,,,,,,,,,,,,RXTRD000386
299558671799576576,1237650794609115162,145.46519,-1.0644753,QSO,STARBURST BROADLINE,0.3395857,4.783267e-05,0,266,51630,252,0.0,0.0,QSO,RADIO_FIRST,FIRST,SDSS_DR18_SPECTROSCOPY,ZWARNING_0_SCIENCEPRIMARY,,,,,,,,,,,,,,,,,,,,RXTRD000387
299566918136784896,1237650794608984190,145.19927,-1.2327324,QSO,BROADLINE,1.878727,0.0005934745,0,266,51630,282,0.0,0.0,QSO,RADIO_FIRST,FIRST,SDSS_DR18_SPECTROSCOPY,ZWARNING_0_SCIENCEPRIMARY,,,,,,,,,,,,,,,,,,,,RXTRD000388
299570216671668224,1237650795145855066,145.24564,-0.64077363,QSO,BROADLINE,1.163653,0.000601339,0,266,51630,294,0.0,0.0,QSO,RADIO_FIRST,FIRST,SDSS_DR18_SPECTROSCOPY,ZWARNING_0_SCIENCEPRIMARY,,,,,,,,,,,,,,,,,,,,RXTRD000389
299575439351900160,1237650795682726133,145.19933,-0.28622504,QSO,BROADLINE,0.6515839,9.101078e-05,0,266,51630,313,0.0,0.0,QSO,RADIO_FIRST,FIRST,SDSS_DR18_SPECTROSCOPY,ZWARNING_0_SCIENCEPRIMARY,,,,,,,,,,,,,,,,,,,,RXTRD000390
299577638375155712,1237651752921334009,145.21389,1.1517021,QSO,BROADLINE,1.961112,0.00064373,0,266,51630,321,0.0,0.0,QSO,RADIO_FIRST,FIRST,SDSS_DR18_SPECTROSCOPY,ZWARNING_0_SCIENCEPRIMARY,,,,,,,,,,,,,,,,,,,,RXTRD000391
299577913253062656,1237651752921465103,145.4801,1.232539,QSO,,1.570566,0.001056041,0,266,51630,322,24.93,26.37449,QSO,RADIO_FIRST,FIRST,SDSS_DR18_SPECTROSCOPY,ZWARNING_0_SCIENCEPRIMARY,,,,,,,,,,,,,,,,,,,,RXTRD000392
299579837398411264,1237651752921464938,145.39104,1.171197,QSO,BROADLINE,1.045241,0.000491923,0,266,51630,329,0.0,0.0,QSO,RADIO_FIRST,FIRST,SDSS_DR18_SPECTROSCOPY,ZWARNING_0_SCIENCEPRIMARY,,,,,,,,,,,,,,,,,,,,RXTRD000393
299580662032132096,1237651752921399506,145.33887,1.1966007,QSO,BROADLINE,0.4448358,7.346732e-05,0,266,51630,332,0.0,0.0,QSO,RADIO_FIRST,FIRST,SDSS_DR18_SPECTROSCOPY,ZWARNING_0_SCIENCEPRIMARY,,,,,,,,,,,,,,,,,,,,RXTRD000394
299585884712364032,1237650796219662491,145.3386,0.140315,QSO,BROADLINE,1.475546,0.0002897669,0,266,51630,351,0.0,0.0,QSO,RADIO_FIRST,FIRST,SDSS_DR18_SPECTROSCOPY,ZWARNING_0_SCIENCEPRIMARY,,,,,,,,,,,,,,,,,,,,RXTRD000395
299586434468177920,1237650796219662532,145.38704,0.12528484,QSO,BROADLINE,0.488738,5.760797e-05,0,266,51630,353,0.0,0.0,QSO,RADIO_FIRST,FIRST,SDSS_DR18_SPECTROSCOPY,ZWARNING_0_SCIENCEPRIMARY,,,,,,,,,,,,,,,,,,,,RXTRD000396
299593856171665408,1237650797293535527,145.67367,0.94780421,QSO,BROADLINE,0.6948174,3.707624e-05,0,266,51630,380,0.0,0.0,QSO,RADIO_FIRST,FIRST,SDSS_DR18_SPECTROSCOPY,ZWARNING_0_SCIENCEPRIMARY,,,,,,,,,,,,,,,,,,,,RXTRD000397
299598254218176512,1237648721752555548,145.59384,0.27826036,QSO,BROADLINE,1.4047,0.0002312777,0,266,51630,396,0.0,0.0,QSO,RADIO_FIRST,FIRST,SDSS_DR18_SPECTROSCOPY,ZWARNING_0_SCIENCEPRIMARY,,,,,,,,,,,,,,,,,,,,RXTRD000398
299600728119339008,1237648722826494156,146.05906,1.0485111,QSO,BROADLINE,0.6928394,9.44473e-05,0,266,51630,405,0.0,0.0,QSO,RADIO_FIRST,FIRST,SDSS_DR18_SPECTROSCOPY,ZWARNING_0_SCIENCEPRIMARY,,,,,,,,,,,,,,,,,,,,RXTRD000399
299625192253057024,1237650796219990144,146.06576,0.18365913,QSO,BROADLINE,0.1269755,5.153447e-05,0,266,51630,494,0.0,0.0,QSO,RADIO_FIRST,FIRST,SDSS_DR18_SPECTROSCOPY,ZWARNING_0_SCIENCEPRIMARY,,,,,,,,,,,,,,,,,,,,RXTRD000400
299629040543754240,1237650796220121258,146.39794,0.14516539,QSO,BROADLINE,1.903545,0.0006967577,0,266,51630,508,0.0,0.0,QSO,RADIO_FIRST,FIRST,SDSS_DR18_SPECTROSCOPY,ZWARNING_0_SCIENCEPRIMARY,,,,,,,,,,,,,,,,,,,,RXTRD000401
299630964689102848,1237651801769443494,146.50879,0.58851764,QSO,BROADLINE,0.6494742,4.919352e-05,0,266,51630,515,2.29,1.998137,QSO,RADIO_FIRST,FIRST,SDSS_DR18_SPECTROSCOPY,ZWARNING_0_SCIENCEPRIMARY,,,,,,,,,,,,,,,,,,,,RXTRD000402
299644983462356992,1237650797293994097,146.64496,0.93743071,QSO,BROADLINE,1.998794,0.0005562778,0,266,51630,566,0.0,0.0,QSO,RADIO_FIRST,FIRST,SDSS_DR18_SPECTROSCOPY,ZWARNING_0_SCIENCEPRIMARY,,,,,,,,,,,,,,,,,,,,RXTRD000403
299648831753054208,1237651752921989303,146.6342,1.1572622,QSO,STARBURST BROADLINE,0.2980519,5.218272e-05,0,266,51630,580,0.0,0.0,QSO,RADIO_FIRST,FIRST,SDSS_DR18_SPECTROSCOPY,ZWARNING_0_SCIENCEPRIMARY,,,,,,,,,,,,,,,,,,,,RXTRD000404
299657352968169472,1237650797294059543,146.82659,1.0099402,QSO,BROADLINE,0.8608898,0.0003599137,0,266,51630,611,2.06,1.468177,QSO,RADIO_FIRST,FIRST,SDSS_DR18_SPECTROSCOPY,ZWARNING_0_SCIENCEPRIMARY,,,,,,,,,,,,,,,,,,,,RXTRD000405
299662025892587520,1237648721753276447,147.23886,0.37375648,QSO,BROADLINE,0.5838438,0.0001166604,0,266,51630,628,107.53,111.4591,QSO,RADIO_FIRST,FIRST,SDSS_DR18_SPECTROSCOPY,ZWARNING_0_SCIENCEPRIMARY,,,,,,,,,,,,,,,,,,,,RXTRD000406
300616676494305280,1237651800159813910,148.70752,-0.73061966,QSO,,1.287415,0.001062667,0,267,51608,5,0.0,0.0,QSO,RADIO_FIRST,FIRST,SDSS_DR18_SPECTROSCOPY,ZWARNING_0_SCIENCEPRIMARY,,,,,,,,,,,,,,,,,,,,RXTRD000407
300629320878024704,1237648720143187986,148.42886,-0.86325794,QSO,BROADLINE,1.301314,0.0002672364,0,267,51608,51,0.0,0.0,QSO,RADIO_FIRST,FIRST,SDSS_DR18_SPECTROSCOPY,ZWARNING_0_SCIENCEPRIMARY,,,,,,,,,,,,,,,,,,,,RXTRD000408
300629870633838592,1237650795147231560,148.41438,-0.72075858,QSO,BROADLINE,1.385627,0.0002776842,0,267,51608,53,0.0,0.0,QSO,RADIO_FIRST,FIRST,SDSS_DR18_SPECTROSCOPY,ZWARNING_0_SCIENCEPRIMARY,,,,,,,,,,,,,,,,,,,,RXTRD000409
300636742581512192,1237648721217192105,149.10806,-0.064752321,QSO,BROADLINE,0.5121477,3.005164e-05,0,267,51608,78,0.0,0.0,QSO,RADIO_FIRST,FIRST,SDSS_DR18_SPECTROSCOPY,ZWARNING_0_SCIENCEPRIMARY,,,,,,,,,,,,,,,,,,,,RXTRD000410
300656808668719104,1237651801233490042,148.56975,0.13592029,QSO,BROADLINE,0.8849242,0.0002618868,0,267,51608,151,0.0,0.0,QSO,RADIO_FIRST,FIRST,SDSS_DR18_SPECTROSCOPY,ZWARNING_0_SCIENCEPRIMARY,,,,,,,,,,,,,,,,,,,,RXTRD000411
300661481593137152,1237650796220907565,148.18988,0.0043093332,QSO,BROADLINE,1.062692,0.0002640299,0,267,51608,168,0.0,0.0,QSO,RADIO_FIRST,FIRST,SDSS_DR18_SPECTROSCOPY,ZWARNING_0_SCIENCEPRIMARY,,,,,,,,,,,,,,,,,,,,RXTRD000412
300661756471044096,1237650795147231365,148.34861,-0.63410067,QSO,BROADLINE,1.384028,0.0002754267,0,267,51608,169,0.0,0.0,QSO,RADIO_FIRST,FIRST,SDSS_DR18_SPECTROSCOPY,ZWARNING_0_SCIENCEPRIMARY,,,,,,,,,,,,,,,,,,,,RXTRD000413
300667803784996864,1237650796220710992,147.77177,0.013687602,QSO,BROADLINE,0.8751809,0.000341139,0,267,51608,191,0.0,0.0,QSO,RADIO_FIRST,FIRST,SDSS_DR18_SPECTROSCOPY,ZWARNING_0_SCIENCEPRIMARY,,,,,,,,,,,,,,,,,,,,RXTRD000414
300672201831507968,1237648720142860487,147.75059,-1.0198861,QSO,BROADLINE,1.14837,0.000342657,0,267,51608,207,0.0,0.0,QSO,RADIO_FIRST,FIRST,SDSS_DR18_SPECTROSCOPY,ZWARNING_0_SCIENCEPRIMARY,,,,,,,,,,,,,,,,,,,,RXTRD000415
300677699389646848,1237648720679796790,147.87927,-0.50882584,QSO,,0.1378086,5.675651e-05,0,267,51608,227,0.0,0.0,QSO,RADIO_FIRST,FIRST,SDSS_DR18_SPECTROSCOPY,ZWARNING_0_SCIENCEPRIMARY,,,,,,,,,,,,,,,,,,,,RXTRD000416
300683746703599616,1237648720142663773,147.31391,-0.98929375,QSO,BROADLINE,0.3555079,7.460958e-05,0,267,51608,249,0.0,0.0,QSO,RADIO_FIRST,FIRST,SDSS_DR18_SPECTROSCOPY,ZWARNING_0_SCIENCEPRIMARY,,,,,,,,,,,,,,,,,,,,RXTRD000417
300687869872203776,1237648720679665851,147.55427,-0.47753803,QSO,BROADLINE,1.891315,0.0004080907,0,267,51608,264,0.0,0.0,QSO,RADIO_FIRST,FIRST,SDSS_DR18_SPECTROSCOPY,ZWARNING_0_SCIENCEPRIMARY,,,,,,,,,,,,,,,,,,,,RXTRD000418
300690893529180160,1237650795683709103,147.52062,-0.33674168,QSO,BROADLINE,1.775525,0.0002551946,0,267,51608,275,0.0,0.0,QSO,RADIO_FIRST,FIRST,SDSS_DR18_SPECTROSCOPY,ZWARNING_0_SCIENCEPRIMARY,,,,,,,,,,,,,,,,,,,,RXTRD000419
300692542796621824,1237651799622156602,147.03099,-1.1456056,QSO,STARBURST BROADLINE,0.2415861,4.598007e-05,0,267,51608,281,0.0,0.0,QSO,RADIO_FIRST,FIRST,SDSS_DR18_SPECTROSCOPY,ZWARNING_0_SCIENCEPRIMARY,,,,,,,,,,,,,,,,,,,,RXTRD000420
300694192064063488,1237650794609705073,146.93358,-1.2453737,QSO,BROADLINE,1.369275,0.0006430819,0,267,51608,287,0.0,0.0,QSO,RADIO_FIRST,FIRST,SDSS_DR18_SPECTROSCOPY,ZWARNING_0_SCIENCEPRIMARY,,,,,,,,,,,,,,,,,,,,RXTRD000421
300696116209412096,1237648720142598249,147.13939,-0.85096747,QSO,BROADLINE,1.609856,0.0003689901,0,267,51608,294,0.0,0.0,QSO,RADIO_FIRST,FIRST,SDSS_DR18_SPECTROSCOPY,ZWARNING_0_SCIENCEPRIMARY,,,,,,,,,,,,,,,,,,,,RXTRD000422
300697765476853760,1237648720142663801,147.22198,-0.86545331,QSO,AGN BROADLINE,0.06720914,4.288919e-05,0,267,51608,300,0.0,0.0,QSO,RADIO_FIRST,FIRST,SDSS_DR18_SPECTROSCOPY,ZWARNING_0_SCIENCEPRIMARY,,,,,,,,,,,,,,,,,,,,RXTRD000423
300701338889644032,1237650796220579874,147.43057,0.093389564,QSO,BROADLINE,0.4218703,9.940669e-05,0,267,51608,313,0.0,0.0,QSO,RADIO_FIRST,FIRST,SDSS_DR18_SPECTROSCOPY,ZWARNING_0_SCIENCEPRIMARY,,,,,,,,,,,,,,,,,,,,RXTRD000424
300706011814062080,1237648722826952856,147.16954,1.0962524,QSO,BROADLINE,1.813826,0.0006415372,0,267,51608,330,0.0,0.0,QSO,RADIO_FIRST,FIRST,SDSS_DR18_SPECTROSCOPY,ZWARNING_0_SCIENCEPRIMARY,,,,,,,,,,,,,,,,,,,,RXTRD000425
300710684738480128,1237651801769705923,147.1701,0.53908692,QSO,,2.243463,0.0003410878,0,267,51608,347,0.0,0.0,QSO,RADIO_FIRST,FIRST,SDSS_DR18_SPECTROSCOPY,ZWARNING_0_SCIENCEPRIMARY,,,,,,,,,,,,,,,,,,,,RXTRD000426
300711234494294016,1237648721753210940,147.14063,0.41625138,QSO,BROADLINE,1.487651,0.0002469842,0,267,51608,349,0.0,0.0,QSO,RADIO_FIRST,FIRST,SDSS_DR18_SPECTROSCOPY,ZWARNING_0_SCIENCEPRIMARY,,,,,,,,,,,,,,,,,,,,RXTRD000427
300716457174525952,1237651752922382481,147.53349,1.2363404,QSO,BROADLINE,0.6920985,0.0001046562,0,267,51608,368,0.0,0.0,QSO,RADIO_FIRST,FIRST,SDSS_DR18_SPECTROSCOPY,ZWARNING_0_SCIENCEPRIMARY,,,,,,,,,,,,,,,,,,,,RXTRD000428
300717556686153728,1237651752385511715,147.57777,0.84719788,QSO,,0.6402417,0.000103284,0,267,51608,372,0.0,0.0,QSO,RADIO_FIRST,FIRST,SDSS_DR18_SPECTROSCOPY,ZWARNING_0_SCIENCEPRIMARY,,,,,,,,,,,,,,,,,,,,RXTRD000429
300731575459407872,1237648722290409485,147.81092,0.68123605,QSO,BROADLINE,0.5017995,6.395706e-05,0,267,51608,423,0.0,0.0,QSO,RADIO_FIRST,FIRST,SDSS_DR18_SPECTROSCOPY,ZWARNING_0_SCIENCEPRIMARY,,,,,,,,,,,,,,,,,,,,RXTRD000430
300778304703588352,1237648722290868413,148.88333,0.68576117,QSO,BROADLINE,0.1631241,9.342626e-05,0,267,51608,593,0.0,0.0,QSO,RADIO_FIRST,FIRST,SDSS_DR18_SPECTROSCOPY,ZWARNING_0_SCIENCEPRIMARY,,,,,,,,,,,,,,,,,,,,RXTRD000431
300784901773355008,1237648722290868433,148.91747,0.811696,QSO,BROADLINE,2.017165,0.0003380339,0,267,51608,617,6.22,5.949112,QSO,RADIO_FIRST,FIRST,SDSS_DR18_SPECTROSCOPY,ZWARNING_0_SCIENCEPRIMARY,,,,,,,,,,,,,,,,,,,,RXTRD000432
300788475186145280,1237654670808907811,149.03443,0.47026995,QSO,BROADLINE,0.3097312,4.397417e-05,0,267,51608,630,0.0,0.0,QSO,RADIO_FIRST,FIRST,SDSS_DR18_SPECTROSCOPY,ZWARNING_0_SCIENCEPRIMARY,,,,,,,,,,,,,,,,,,,,RXTRD000433
301741752186857472,1237651800160469287,150.29383,-0.68029948,QSO,STARBURST BROADLINE,0.1337005,3.952355e-05,0,268,51633,2,0.0,0.0,QSO,RADIO_FIRST,FIRST,SDSS_DR18_SPECTROSCOPY,ZWARNING_0_SCIENCEPRIMARY,,,,,,,,,,,,,,,,,,,,RXTRD000434
301748074378717184,1237648720680910990,150.42554,-0.4193162,QSO,BROADLINE,1.306056,0.0003139489,0,268,51633,25,0.0,0.0,QSO,RADIO_FIRST,FIRST,SDSS_DR18_SPECTROSCOPY,ZWARNING_0_SCIENCEPRIMARY,,,,,,,,,,,,,,,,,,,,RXTRD000435
301754946326390784,1237654668661751953,149.75901,-1.1803174,QSO,BROADLINE,1.420516,0.0004452057,0,268,51633,50,0.0,0.0,QSO,RADIO_FIRST,FIRST,SDSS_DR18_SPECTROSCOPY,ZWARNING_0_SCIENCEPRIMARY,,,,,,,,,,,,,,,,,,,,RXTRD000436
301757420227553280,1237648720680714400,149.90953,-0.58358358,QSO,BROADLINE,1.878327,0.0005090169,0,268,51633,59,0.0,0.0,QSO,RADIO_FIRST,FIRST,SDSS_DR18_SPECTROSCOPY,ZWARNING_0_SCIENCEPRIMARY,,,,,,,,,,,,,,,,,,,,RXTRD000437
301764017297319936,1237648720143712447,149.63833,-0.85517059,QSO,AGN BROADLINE,0.08596467,1.986026e-05,0,268,51633,83,1.45,1.63125,QSO,RADIO_FIRST,FIRST,SDSS_DR18_SPECTROSCOPY,ZWARNING_0_SCIENCEPRIMARY,,,,,,,,,,,,,,,,,,,,RXTRD000438
301764567053133824,1237648720143712309,149.65,-0.99515956,QSO,STARBURST BROADLINE,0.1667602,3.731951e-05,0,268,51633,85,0.0,0.0,QSO,RADIO_FIRST,FIRST,SDSS_DR18_SPECTROSCOPY,ZWARNING_0_SCIENCEPRIMARY,,,,,,,,,,,,,,,,,,,,RXTRD000439
301781334605457408,1237651800697209027,149.95966,-0.22748983,QSO,AGN BROADLINE,0.09078296,1.293193e-05,0,268,51633,146,0.0,0.0,QSO,RADIO_FIRST,FIRST,SDSS_DR18_SPECTROSCOPY,ZWARNING_0_SCIENCEPRIMARY,,,,,,,,,,,,,,,,,,,,RXTRD000440
301785182896154624,1237654670272495858,150.07363,0.089920355,QSO,BROADLINE,0.905516,4.515537e-05,0,268,51633,160,62.78,100.5604,QSO,RADIO_FIRST,FIRST,SDSS_DR18_SPECTROSCOPY,ZWARNING_0_SCIENCEPRIMARY,,,,,,,,,,,,,,,,,,,,RXTRD000441
301794253867083776,1237648721217454306,149.66694,-0.15537314,QSO,BROADLINE,1.585598,0.0002715654,0,268,51633,193,0.0,0.0,QSO,RADIO_FIRST,FIRST,SDSS_DR18_SPECTROSCOPY,ZWARNING_0_SCIENCEPRIMARY,,,,,,,,,,,,,,,,,,,,RXTRD000442
301798377035687936,1237648720680321298,149.12819,-0.57726153,QSO,BROADLINE,0.269597,3.356976e-05,0,268,51633,208,0.0,0.0,QSO,RADIO_FIRST,FIRST,SDSS_DR18_SPECTROSCOPY,ZWARNING_0_SCIENCEPRIMARY,,,,,,,,,,,,,,,,,,,,RXTRD000443
301805798739175424,1237654669735362662,149.49356,-0.39835189,QSO,BROADLINE,0.595322,5.889939e-05,0,268,51633,235,0.0,0.0,QSO,RADIO_FIRST,FIRST,SDSS_DR18_SPECTROSCOPY,ZWARNING_0_SCIENCEPRIMARY,,,,,,,,,,,,,,,,,,,,RXTRD000444
301812395808942080,1237648720143450237,149.08388,-0.9940763,QSO,BROADLINE,0.918184,0.0004617406,0,268,51633,259,0.0,0.0,QSO,RADIO_FIRST,FIRST,SDSS_DR18_SPECTROSCOPY,ZWARNING_0_SCIENCEPRIMARY,,,,,,,,,,,,,,,,,,,,RXTRD000445
301823390925219840,1237651799622942734,148.71099,-1.161625,QSO,BROADLINE,0.6575148,7.905755e-05,0,268,51633,299,0.0,0.0,QSO,RADIO_FIRST,FIRST,SDSS_DR18_SPECTROSCOPY,ZWARNING_0_SCIENCEPRIMARY,,,,,,,,,,,,,,,,,,,,RXTRD000446
301828063849637888,1237648721216995346,148.59067,-0.031089026,QSO,BROADLINE,0.740679,0.0001527584,0,268,51633,316,0.0,0.0,QSO,RADIO_FIRST,FIRST,SDSS_DR18_SPECTROSCOPY,ZWARNING_0_SCIENCEPRIMARY,,,,,,,,,,,,,,,,,,,,RXTRD000447
301857475785680896,1237648721754193956,149.34127,0.298858,QSO,BROADLINE,0.1699317,5.830936e-05,0,268,51633,423,0.0,0.0,QSO,RADIO_FIRST,FIRST,SDSS_DR18_SPECTROSCOPY,ZWARNING_0_SCIENCEPRIMARY,,,,,,,,,,,,,,,,,,,,RXTRD000448
301879740896143360,1237651801770950770,149.9147,0.58670266,QSO,AGN BROADLINE,0.06550524,2.197799e-05,0,268,51633,504,0.0,0.0,QSO,RADIO_FIRST,FIRST,SDSS_DR18_SPECTROSCOPY,ZWARNING_0_SCIENCEPRIMARY,,,,,,,,,,,,,,,,,,,,RXTRD000449
301886887721723904,1237648722291261451,149.74915,0.78858374,QSO,STARBURST BROADLINE,0.2347056,2.986208e-05,0,268,51633,530,0.0,0.0,QSO,RADIO_FIRST,FIRST,SDSS_DR18_SPECTROSCOPY,ZWARNING_0_SCIENCEPRIMARY,,,,,,,,,,,,,,,,,,,,RXTRD000450
301903105518233600,1237648721754587434,150.28957,0.3771786,QSO,BROADLINE,0.7417179,0.0002932566,0,268,51633,589,0.0,0.0,QSO,RADIO_FIRST,FIRST,SDSS_DR18_SPECTROSCOPY,ZWARNING_0_SCIENCEPRIMARY,,,,,,,,,,,,,,,,,,,,RXTRD000451
301907503564744704,1237651802307887195,150.12147,1.0291548,QSO,BROADLINE,1.059423,0.0003248471,0,268,51633,605,0.0,0.0,QSO,RADIO_FIRST,FIRST,SDSS_DR18_SPECTROSCOPY,ZWARNING_0_SCIENCEPRIMARY,,,,,,,,,,,,,,,,,,,,RXTRD000452
302875353322383360,1237648720681566349,151.92844,-0.59236915,QSO,BROADLINE,1.629847,0.0005400442,0,269,51910,30,0.0,0.0,QSO,RADIO_FIRST,FIRST,SDSS_DR18_SPECTROSCOPY,ZWARNING_0_SCIENCEPRIMARY,,,,,,,,,,,,,,,,,,,,RXTRD000453
302876452834011136,1237648721218502717,152.05662,-0.038472541,QSO,BROADLINE,1.472574,0.0005887188,0,269,51910,34,0.0,0.0,QSO,RADIO_FIRST,FIRST,SDSS_DR18_SPECTROSCOPY,ZWARNING_0_SCIENCEPRIMARY,,,,,,,,,,,,,,,,,,,,RXTRD000454
302878651857266688,1237654668662407259,151.27729,-1.218695,QSO,BROADLINE,1.462372,0.0004751188,0,269,51910,42,0.0,0.0,QSO,RADIO_FIRST,FIRST,SDSS_DR18_SPECTROSCOPY,ZWARNING_0_SCIENCEPRIMARY,,,,,,,,,,,,,,,,,,,,RXTRD000455
302883599659591680,1237648720144498711,151.43094,-0.9333294,QSO,BROADLINE,1.709406,0.0003199844,0,269,51910,60,0.0,0.0,QSO,RADIO_FIRST,FIRST,SDSS_DR18_SPECTROSCOPY,ZWARNING_0_SCIENCEPRIMARY,,,,,,,,,,,,,,,,,,,,RXTRD000456
302891571118893056,1237648720144302128,150.98397,-0.99457663,QSO,BROADLINE,2.11091,0.0006794104,0,269,51910,89,0.0,0.0,QSO,RADIO_FIRST,FIRST,SDSS_DR18_SPECTROSCOPY,ZWARNING_0_SCIENCEPRIMARY,,,,,,,,,,,,,,,,,,,,RXTRD000457
302892120874706944,1237654669199212609,151.13167,-0.82198079,QSO,BROADLINE,1.636068,0.0002825397,0,269,51910,91,0.0,0.0,QSO,RADIO_FIRST,FIRST,SDSS_DR18_SPECTROSCOPY,ZWARNING_0_SCIENCEPRIMARY,,,,,,,,,,,,,,,,,,,,RXTRD000458
302894869653776384,1237648720681435320,151.60892,-0.58778081,QSO,BROADLINE,0.187017,7.581789e-05,0,269,51910,101,0.0,0.0,QSO,RADIO_FIRST,FIRST,SDSS_DR18_SPECTROSCOPY,ZWARNING_0_SCIENCEPRIMARY,,,,,,,,,,,,,,,,,,,,RXTRD000459
302907514037495808,1237651800160928182,151.37488,-0.69795861,QSO,BROADLINE,0.4702402,0.0003417961,0,269,51910,147,0.0,0.0,QSO,RADIO_FIRST,FIRST,SDSS_DR18_SPECTROSCOPY,ZWARNING_0_SCIENCEPRIMARY,,,,,,,,,,,,,,,,,,,,RXTRD000460
302916859886331904,1237648720681173086,151.02084,-0.54816942,QSO,STARBURST BROADLINE,0.288476,4.027202e-05,0,269,51910,181,2.66,2.549627,QSO,RADIO_FIRST,FIRST,SDSS_DR18_SPECTROSCOPY,ZWARNING_0_SCIENCEPRIMARY,,,,,,,,,,,,,,,,,,,,RXTRD000461
302942973287491584,1237654669735886931,150.72962,-0.41385309,QSO,BROADLINE,0.1227426,2.156869e-05,0,269,51910,276,0.0,0.0,QSO,RADIO_FIRST,FIRST,SDSS_DR18_SPECTROSCOPY,ZWARNING_0_SCIENCEPRIMARY,,,,,,,,,,,,,,,,,,,,RXTRD000462
302944072799119360,1237654669735886921,150.70803,-0.41486469,QSO,BROADLINE,0.7945952,0.000165101,0,269,51910,280,0.0,0.0,QSO,RADIO_FIRST,FIRST,SDSS_DR18_SPECTROSCOPY,ZWARNING_0_SCIENCEPRIMARY,,,,,,,,,,,,,,,,,,,,RXTRD000463
302944347677026304,1237654668661817574,149.99127,-1.1790507,QSO,STARBURST BROADLINE,0.2256078,3.547646e-05,0,269,51910,281,0.0,0.0,QSO,RADIO_FIRST,FIRST,SDSS_DR18_SPECTROSCOPY,ZWARNING_0_SCIENCEPRIMARY,,,,,,,,,,,,,,,,,,,,RXTRD000464
302948745723537408,1237648720143908982,150.09098,-1.0088649,QSO,BROADLINE,1.658752,0.0004269637,0,269,51910,297,0.0,0.0,QSO,RADIO_FIRST,FIRST,SDSS_DR18_SPECTROSCOPY,ZWARNING_0_SCIENCEPRIMARY,,,,,,,,,,,,,,,,,,,,RXTRD000465
302949295479351296,1237654668661817365,149.87765,-1.2583306,QSO,BROADLINE,0.7056323,0.0001269883,0,269,51910,299,0.0,0.0,QSO,RADIO_FIRST,FIRST,SDSS_DR18_SPECTROSCOPY,ZWARNING_0_SCIENCEPRIMARY,,,,,,,,,,,,,,,,,,,,RXTRD000466
302951769380513792,1237648720680910995,150.43031,-0.60292552,QSO,BROADLINE,1.470221,0.000724848,0,269,51910,308,0.0,0.0,QSO,RADIO_FIRST,FIRST,SDSS_DR18_SPECTROSCOPY,ZWARNING_0_SCIENCEPRIMARY,,,,,,,,,,,,,,,,,,,,RXTRD000467
302954793037490176,1237648721217847335,150.56599,-0.18226843,QSO,BROADLINE,0.3531286,5.374793e-05,0,269,51910,319,0.0,0.0,QSO,RADIO_FIRST,FIRST,SDSS_DR18_SPECTROSCOPY,ZWARNING_0_SCIENCEPRIMARY,,,,,,,,,,,,,,,,,,,,RXTRD000468
302968262054930432,1237648722291523787,150.48304,0.62983799,QSO,AGN,0.08547033,2.491021e-05,0,269,51910,368,0.0,0.0,QSO,RADIO_FIRST,FIRST,SDSS_DR18_SPECTROSCOPY,ZWARNING_0_SCIENCEPRIMARY,,,,,,,,,,,,,,,,,,,,RXTRD000469
302971010833999872,1237651752386756731,150.35611,0.86824367,QSO,BROADLINE,0.7805043,0.0001361275,0,269,51910,378,0.0,0.0,QSO,RADIO_FIRST,FIRST,SDSS_DR18_SPECTROSCOPY,ZWARNING_0_SCIENCEPRIMARY,,,,,,,,,,,,,,,,,,,,RXTRD000470
302971285711906816,1237648722291523655,150.47733,0.75718711,QSO,BROADLINE,1.356151,0.0002944068,0,269,51910,379,0.0,0.0,QSO,RADIO_FIRST,FIRST,SDSS_DR18_SPECTROSCOPY,ZWARNING_0_SCIENCEPRIMARY,,,,,,,,,,,,,,,,,,,,RXTRD000471
302973209857255424,1237648721754783766,150.69524,0.35111674,QSO,BROADLINE,2.167938,0.0002865273,0,269,51910,386,0.0,0.0,QSO,RADIO_FIRST,FIRST,SDSS_DR18_SPECTROSCOPY,ZWARNING_0_SCIENCEPRIMARY,,,,,,,,,,,,,,,,,,,,RXTRD000472
302979806927022080,1237648722828460206,150.62088,1.1495727,QSO,BROADLINE,0.6833993,0.0001736031,0,269,51910,410,0.0,0.0,QSO,RADIO_FIRST,FIRST,SDSS_DR18_SPECTROSCOPY,ZWARNING_0_SCIENCEPRIMARY,,,,,,,,,,,,,,,,,,,,RXTRD000473
302995474967717888,1237648721754980514,151.11849,0.30711517,QSO,BROADLINE,3.04513,0.000196545,0,269,51910,467,0.0,0.0,QSO,RADIO_FIRST,FIRST,SDSS_DR18_SPECTROSCOPY,ZWARNING_0_SCIENCEPRIMARY,,,,,,,,,,,,,,,,,,,,RXTRD000474
303003996182833152,1237648721755111572,151.46081,0.22038842,QSO,,0.1227516,2.114273e-05,0,269,51910,498,0.0,0.0,QSO,RADIO_FIRST,FIRST,SDSS_DR18_SPECTROSCOPY,ZWARNING_0_SCIENCEPRIMARY,,,,,,,,,,,,,,,,,,,,RXTRD000475
303007019839809536,1237648721755111496,151.47226,0.32421986,QSO,BROADLINE,2.492378,0.0004243761,0,269,51910,509,0.0,0.0,QSO,RADIO_FIRST,FIRST,SDSS_DR18_SPECTROSCOPY,ZWARNING_0_SCIENCEPRIMARY,,,,,,,,,,,,,,,,,,,,RXTRD000476
303009493740972032,1237648721755177104,151.67523,0.26377476,QSO,,0.878103,0.000834219,0,269,51910,518,0.0,0.0,QSO,RADIO_FIRST,FIRST,SDSS_DR18_SPECTROSCOPY,ZWARNING_0_SCIENCEPRIMARY,,,,,,,,,,,,,,,,,,,,RXTRD000477
303014441543297024,1237648722291851359,151.20107,0.66928368,QSO,BROADLINE,0.2140629,8.558991e-05,0,269,51910,536,0.0,0.0,QSO,RADIO_FIRST,FIRST,SDSS_DR18_SPECTROSCOPY,ZWARNING_0_SCIENCEPRIMARY,,,,,,,,,,,,,,,,,,,,RXTRD000478
303021313490970624,1237651752387150124,151.32088,0.98498232,QSO,BROADLINE,0.6926668,0.0001009245,0,269,51910,561,0.0,0.0,QSO,RADIO_FIRST,FIRST,SDSS_DR18_SPECTROSCOPY,ZWARNING_0_SCIENCEPRIMARY,,,,,,,,,,,,,,,,,,,,RXTRD000479
303022962758412288,1237651752387149971,151.31152,0.8948027,QSO,BROADLINE,0.9466721,0.0003157528,0,269,51910,567,0.0,0.0,QSO,RADIO_FIRST,FIRST,SDSS_DR18_SPECTROSCOPY,ZWARNING_0_SCIENCEPRIMARY,,,,,,,,,,,,,,,,,,,,RXTRD000480
303033133240969216,1237648722292047935,151.62429,0.67989723,QSO,BROADLINE,0.772505,0.0001818661,0,269,51910,604,0.0,0.0,QSO,RADIO_FIRST,FIRST,SDSS_DR18_SPECTROSCOPY,ZWARNING_0_SCIENCEPRIMARY,,,,,,,,,,,,,,,,,,,,RXTRD000481
303035607142131712,1237648722292113511,151.81473,0.71621817,QSO,BROADLINE,1.680108,0.0004286857,0,269,51910,613,0.0,0.0,QSO,RADIO_FIRST,FIRST,SDSS_DR18_SPECTROSCOPY,ZWARNING_0_SCIENCEPRIMARY,,,,,,,,,,,,,,,,,,,,RXTRD000482
304010324183377920,1237648720682287303,153.58085,-0.47619202,QSO,STARBURST BROADLINE,0.3584977,6.360634e-05,0,270,51909,63,0.0,0.0,QSO,RADIO_FIRST,FIRST,SDSS_DR18_SPECTROSCOPY,ZWARNING_0_SCIENCEPRIMARY,,,,,,,,,,,,,,,,,,,,RXTRD000483
304015821741516800,1237654668663324688,153.32174,-1.1823067,QSO,BROADLINE,0.2005561,3.916128e-05,0,270,51909,83,0.0,0.0,QSO,RADIO_FIRST,FIRST,SDSS_DR18_SPECTROSCOPY,ZWARNING_0_SCIENCEPRIMARY,,,,,,,,,,,,,,,,,,,,RXTRD000484
304016371497330688,1237648720145285290,153.31193,-0.87598273,QSO,STARBURST BROADLINE,0.275728,2.401025e-05,0,270,51909,85,0.0,0.0,QSO,RADIO_FIRST,FIRST,SDSS_DR18_SPECTROSCOPY,ZWARNING_0_SCIENCEPRIMARY,,,,,,,,,,,,,,,,,,,,RXTRD000485
304024892712445952,1237648721219092777,153.42456,-0.15714263,QSO,BROADLINE,0.2765018,6.224306e-05,0,270,51909,116,0.0,0.0,QSO,RADIO_FIRST,FIRST,SDSS_DR18_SPECTROSCOPY,ZWARNING_0_SCIENCEPRIMARY,,,,,,,,,,,,,,,,,,,,RXTRD000486
304032589293840384,1237651800161583204,152.83313,-0.6959672,QSO,BROADLINE,1.890817,0.000237962,0,270,51909,144,0.0,0.0,QSO,RADIO_FIRST,FIRST,SDSS_DR18_SPECTROSCOPY,ZWARNING_0_SCIENCEPRIMARY,,,,,,,,,,,,,,,,,,,,RXTRD000487
304033139049654272,1237654669736804534,152.77141,-0.38680371,QSO,BROADLINE,0.1530577,3.065266e-05,0,270,51909,146,0.0,0.0,QSO,RADIO_FIRST,FIRST,SDSS_DR18_SPECTROSCOPY,ZWARNING_0_SCIENCEPRIMARY,,,,,,,,,,,,,,,,,,,,RXTRD000488
304045508555466752,1237651800698322965,152.5131,-0.22563445,QSO,BROADLINE,0.730498,0.0001709037,0,270,51909,191,0.0,0.0,QSO,RADIO_FIRST,FIRST,SDSS_DR18_SPECTROSCOPY,ZWARNING_0_SCIENCEPRIMARY,,,,,,,,,,,,,,,,,,,,RXTRD000489
299563344723994624,1237648720678748408,145.49979,-0.430594,GALAXY,,0.3662392,7.546895e-05,0,266,51630,269,0.0,0.0,GALAXY,RADIO_FIRST,FIRST,SDSS_DR18_SPECTROSCOPY,ZWARNING_0_SCIENCEPRIMARY,,,,,,,,,,,,,,,,,,,,RXTRD000490
299563894479808512,1237648721215619221,145.44549,-0.12267788,GALAXY,,0.09053612,2.460233e-05,0,266,51630,271,0.0,0.0,GALAXY,RADIO_FIRST,FIRST,SDSS_DR18_SPECTROSCOPY,ZWARNING_0_SCIENCEPRIMARY,,,,,,,,,,,,,,,,,,,,RXTRD000491
299564169357715456,1237648721215553783,145.39609,-0.091230941,GALAXY,STARFORMING,0.09001952,1.451174e-05,0,266,51630,272,0.0,0.0,GALAXY,RADIO_FIRST,FIRST,SDSS_DR18_SPECTROSCOPY,ZWARNING_0_SCIENCEPRIMARY,,,,,,,,,,,,,,,,,,,,RXTRD000492
299564719113529344,1237648720678748371,145.51629,-0.51919387,GALAXY,,0.1267641,3.758838e-05,0,266,51630,274,0.0,0.0,GALAXY,RADIO_FIRST,FIRST,SDSS_DR18_SPECTROSCOPY,ZWARNING_0_SCIENCEPRIMARY,,,,,,,,,,,,,,,,,,,,RXTRD000493
299565268869343232,1237650796219728040,145.46451,0.10700143,GALAXY,,0.122822,2.868456e-05,0,266,51630,276,0.0,0.0,GALAXY,RADIO_FIRST,FIRST,SDSS_DR18_SPECTROSCOPY,ZWARNING_0_SCIENCEPRIMARY,,,,,,,,,,,,,,,,,,,,RXTRD000494
299565543747250176,1237650796219728147,145.45408,0.039078341,GALAXY,STARFORMING,0.1814355,1.808429e-05,0,266,51630,277,0.0,0.0,GALAXY,RADIO_FIRST,FIRST,SDSS_DR18_SPECTROSCOPY,ZWARNING_0_SCIENCEPRIMARY,,,,,,,,,,,,,,,,,,,,RXTRD000495
299565818625157120,1237648704023625805,145.51958,-0.2775546,GALAXY,STARFORMING,0.09826267,7.773009e-06,0,266,51630,278,0.0,0.0,GALAXY,RADIO_FIRST,FIRST,SDSS_DR18_SPECTROSCOPY,ZWARNING_0_SCIENCEPRIMARY,,,,,,,,,,,,,,,,,,,,RXTRD000496
299566093503064064,1237650796219662509,145.34744,0.05434486,GALAXY,,0.09017077,1.901567e-05,0,266,51630,279,0.0,0.0,GALAXY,RADIO_FIRST,FIRST,SDSS_DR18_SPECTROSCOPY,ZWARNING_0_SCIENCEPRIMARY,,,,,,,,,,,,,,,,,,,,RXTRD000497
299566643258877952,1237650794609049731,145.34998,-1.2538597,GALAXY,,0.08817254,2.595139e-05,0,266,51630,281,0.0,0.0,GALAXY,RADIO_FIRST,FIRST,SDSS_DR18_SPECTROSCOPY,ZWARNING_0_SCIENCEPRIMARY,,,,,,,,,,,,,,,,,,,,RXTRD000498
299567193014691840,1237648720141746455,145.20738,-0.8630533,GALAXY,,0.1414595,2.712426e-05,0,266,51630,283,0.0,0.0,GALAXY,RADIO_FIRST,FIRST,SDSS_DR18_SPECTROSCOPY,ZWARNING_0_SCIENCEPRIMARY,,,,,,,,,,,,,,,,,,,,RXTRD000499
299567467892598784,1237650795145855243,145.27784,-0.73313608,GALAXY,,0.1476748,3.261364e-05,0,266,51630,284,0.0,0.0,GALAXY,RADIO_FIRST,FIRST,SDSS_DR18_SPECTROSCOPY,ZWARNING_0_SCIENCEPRIMARY,,,,,,,,,,,,,,,,,,,,RXTRD000500
306371525940897792,1237648722293948593,155.94867,0.64476744,STAR,CV,-8.780402e-05,1.908913e-05,0,272,51941,461,,,STAR,XRAY_CATALOG,Chandra,SDSS_DR18_SPECTROSCOPY,ZWARNING_0_SCIENCEPRIMARY,0.00010780516729739,3.5728219973696e-05,1.9367584226245e-05,2.959213061688e-05,5.1261267331086e-05,,3.6930705302288e-13,2.7088419362231e-13,4.7863728899452e-14,5.3213038566482e-14,9.8935362476384e-14,,0.29856,0.09494,-0.20987,0.0,,1.0,0.205522,RXTRD000501
344559483818633216,1237655693549043957,218.06242,-1.1716951,STAR,M2,5.296873e-05,1.338809e-05,0,306,51637,124,,,STAR,XRAY_CATALOG,Chandra,SDSS_DR18_SPECTROSCOPY,ZWARNING_0_SCIENCEPRIMARY,2.0064487974229e-06,9.9645861173705e-07,0.0,4.210192844641e-07,0.0,,1.2733884004414e-14,1.22645149464e-14,0.0,6.2635445983631e-16,,,0.99938,0.37477,-0.99938,0.0,,1.0,4.573897,RXTRD000502
430231508712712192,1237663277923303537,349.77528,0.56705463,STAR,WD,3.03573e-05,0.0001557967,0,382,51816,501,,,STAR,XRAY_CATALOG,Chandra,SDSS_DR18_SPECTROSCOPY,ZWARNING_0_SCIENCEPRIMARY,2.0334225094586e-06,7.6208994849162e-07,4.9098538935728e-07,1.4466043592683e-07,1.1974400874286e-05,,5.7828217562408e-15,3.5781684711737e-15,1.3009019839323e-15,9.0941459868656e-16,0.0,,0.2361,0.63835,0.44097,0.0,,1.0,3.23057,RXTRD000503
302986678874695680,1237648721754914947,150.94928,0.33108206,GALAXY,AGN,0.09613974,7.641415e-06,0,269,51910,435,,,GALAXY,XRAY_CATALOG,Chandra,SDSS_DR18_SPECTROSCOPY,ZWARNING_0_SCIENCEPRIMARY,3.9419507458642e-06,2.07341613519e-06,2.7182777921301e-07,7.9625995453364e-07,2.0894583073773e-05,,2.7734017922069e-14,2.451646979414e-14,6.555407863557e-16,3.0919759042153e-15,7.4373170171338e-13,,0.77077,0.43223,-0.52217,0.0,,1.0,0.613543,RXTRD000504
302986953752602624,1237648721754915039,151.05859,0.26283874,GALAXY,STARFORMING,0.06718142,9.827066e-06,0,269,51910,436,,,GALAXY,XRAY_CATALOG,Chandra,SDSS_DR18_SPECTROSCOPY,ZWARNING_0_SCIENCEPRIMARY,8.992347050626e-07,1.7086789295655e-07,2.2059783513122e-07,3.7206578370549e-07,0.0,,7.530033709558e-16,0.0,5.0838784411837e-16,0.0,,,0.02498,-0.36477,-0.35103,0.0,,1.0,1.63594,RXTRD000505
304027366613608448,1237651799624843486,153.16614,-1.1063515,GALAXY,STARFORMING BROADLINE,0.09686861,2.249461e-05,0,270,51909,125,,,GALAXY,XRAY_CATALOG,Chandra,SDSS_DR18_SPECTROSCOPY,ZWARNING_0_SCIENCEPRIMARY,1.9388046857881e-06,8.1939653998627e-07,3.4829158523406e-07,4.3434635337447e-07,0.0,,1.0312462296462e-14,9.4271248913098e-15,7.0824821463144e-16,7.7899408542377e-16,,,0.45597,0.3273,-0.16365,0.0,,1.0,0.208205,RXTRD000506
305145844380755968,1237654668663783712,154.48546,-1.241895,GALAXY,STARFORMING,0.1618767,5.481374e-05,0,271,51883,98,,,GALAXY,XRAY_CATALOG,Chandra,SDSS_DR18_SPECTROSCOPY,ZWARNING_0_SCIENCEPRIMARY,1.1936535917516e-05,0.0,3.234373822331e-06,7.450527181297e-06,0.0,,1.1040900316733e-14,0.0,8.5724265996382e-15,0.0,,,-0.91693,-0.99938,-0.53841,0.0,,1.0,1.324154,RXTRD000507
308661808191793152,1237648722832851196,160.66774,1.0490501,GALAXY,,0.1215768,2.262865e-05,0,274,51913,601,,,GALAXY,XRAY_CATALOG,Chandra,SDSS_DR18_SPECTROSCOPY,ZWARNING_0_SCIENCEPRIMARY,1.875434383986e-05,3.7274194609865e-06,3.5748777068754e-06,6.8515133352428e-06,0.0,,5.6554375033879e-14,3.9886338154925e-14,1.0170641489592e-14,1.1530156341777e-14,,,0.10743,-0.27858,-0.35353,0.0,,1.0,4.194279,RXTRD000508
311880628398221312,1237651835058454661,166.47565,-0.1639178,GALAXY,,0.1558374,3.72438e-05,0,277,51908,23,,,GALAXY,XRAY_CATALOG,Chandra,SDSS_DR18_SPECTROSCOPY,ZWARNING_0_SCIENCEPRIMARY,1.6121179204289e-06,7.4077468391583e-07,2.6076487255695e-07,1.4587035959764e-07,0.0,,6.2006792095244e-15,5.9111890526585e-15,6.1221788136109e-16,0.0,0.0,,0.50468,0.63335,0.0812,0.0,,1.0,0.574383,RXTRD000509
314293233062537216,1237674651534884948,169.86165,0.96809804,GALAXY,BROADLINE,0.03987979,1.070211e-05,0,279,51984,608,,,GALAXY,XRAY_CATALOG,Chandra,SDSS_DR18_SPECTROSCOPY,ZWARNING_0_SCIENCEPRIMARY,3.8575128109832e-06,0.0,1.0613101120001e-06,1.8170099344047e-06,0.0,,4.0164029832482e-15,,2.2776751259624e-15,2.8808761532149e-15,,,-0.99938,-0.99938,-0.29606,0.0,,1.0,0.961021,RXTRD000510
315375146263144448,1237648722837242069,170.66059,1.059843,GALAXY,AGN,0.07564896,1.466157e-05,0,280,51612,448,,,GALAXY,XRAY_CATALOG,Chandra,SDSS_DR18_SPECTROSCOPY,ZWARNING_0_SCIENCEPRIMARY,1.4115071994233e-05,3.2713246028214e-06,2.152738232661e-06,5.4706232288917e-06,1.3796092079735e-05,,3.7059133490311e-14,2.3024805073098e-14,4.9555441865747e-15,9.3870925080407e-15,3.171535454511e-15,,0.21237,-0.25984,-0.44722,0.0,,1.0,0.108008,RXTRD000511
315375970896865280,1237648722837242050,170.64974,1.1163089,GALAXY,STARFORMING,0.03967798,7.586028e-06,0,280,51612,451,,,GALAXY,XRAY_CATALOG,Chandra,SDSS_DR18_SPECTROSCOPY,ZWARNING_0_SCIENCEPRIMARY,9.3527561777716e-07,0.0,2.2413218105945e-07,4.1212054537826e-07,0.0,,2.0403033039931e-15,0.0,6.8778435863428e-16,1.0536043148123e-15,,,-0.16989,-0.99938,-0.40725,0.0,,1.0,0.462973,RXTRD000512
315377620164306944,1237648722837307543,170.70658,1.2148558,GALAXY,STARFORMING,0.03036951,8.56519e-06,0,280,51612,457,,,GALAXY,XRAY_CATALOG,Chandra,SDSS_DR18_SPECTROSCOPY,ZWARNING_0_SCIENCEPRIMARY,2.0126023559344e-06,5.0547558869164e-07,2.6800317153343e-07,9.0246659700995e-07,0.0,,4.8391340763849e-15,2.8016421015966e-15,7.155869682228e-16,1.7867675048345e-15,,,0.40725,-0.28732,-0.60337,0.0,,1.0,1.618512,RXTRD000513
315378169920120832,1237648722837307552,170.71577,1.1988265,GALAXY,STARFORMING,0.1032539,1.087351e-05,0,280,51612,459,,,GALAXY,XRAY_CATALOG,Chandra,SDSS_DR18_SPECTROSCOPY,ZWARNING_0_SCIENCEPRIMARY,2.2011028861405e-06,1.3883592942874e-06,0.0,4.272584608674e-07,2.2390658730346e-05,,1.1441231099483e-14,1.1347396500312e-14,,0.0,0.0,,0.99938,0.48095,-0.99938,0.0,,1.0,1.179746,RXTRD000514
317505725691619328,1237671142017204569,174.93419,-1.029798,GALAXY,,0.07925362,3.678417e-05,0,282,51658,7,,,GALAXY,XRAY_CATALOG,Chandra,SDSS_DR18_SPECTROSCOPY,ZWARNING_0_SCIENCEPRIMARY,2.4995286213283e-06,,3.6886425036845e-07,1.8149668297553e-06,0.0,,1.3264538958227e-14,,8.3493743660371e-16,1.0920479134837e-14,0.0,,,,,0.0,,1.0,3.312708,RXTRD000515
318706947194906624,1237671142017204568,174.93343,-1.0295611,GALAXY,,0.07805301,1.835845e-05,0,283,51959,281,,,GALAXY,XRAY_CATALOG,Chandra,SDSS_DR18_SPECTROSCOPY,ZWARNING_0_SCIENCEPRIMARY,2.4995286213283e-06,,3.6886425036845e-07,1.8149668297553e-06,0.0,,1.3264538958227e-14,,8.3493743660371e-16,1.0920479134837e-14,0.0,,,,,0.0,,1.0,2.406464,RXTRD000516
322007956650485760,1237648720158064653,182.39682,-0.91247137,GALAXY,,0.05985913,1.53494e-05,0,286,51999,2,,,GALAXY,XRAY_CATALOG,Chandra,SDSS_DR18_SPECTROSCOPY,ZWARNING_0_SCIENCEPRIMARY,1.7259759225646e-06,4.8211784744129e-07,1.6559155780737e-07,1.160337826989e-06,0.0,,3.6373446434522e-15,7.0267317810367e-15,3.2719128655872e-16,,,,0.57964,-0.40974,-0.78201,0.0,,1.0,2.088164,RXTRD000517
322010430551648256,1237648720157999147,182.2578,-0.96516094,GALAXY,,0.1127468,2.615972e-05,0,286,51999,11,,,GALAXY,XRAY_CATALOG,Chandra,SDSS_DR18_SPECTROSCOPY,ZWARNING_0_SCIENCEPRIMARY,1.7695690689526e-06,1.7018169856132e-07,1.4140238093578e-07,1.7639925221581e-06,0.0,,4.0139560989455e-15,6.7711108806821e-16,3.1377762413286e-16,3.2449255364704e-15,,,0.1674,-0.83198,-0.86321,0.0,,1.0,1.067882,RXTRD000518
322011804941182976,1237648720157999334,182.3551,-0.96422944,GALAXY,,0.1301195,3.404296e-05,0,286,51999,16,,,GALAXY,XRAY_CATALOG,Chandra,SDSS_DR18_SPECTROSCOPY,ZWARNING_0_SCIENCEPRIMARY,1.3412350745144e-06,4.3794941403191e-07,3.1245348561751e-07,2.5796120540813e-07,2.1673246096522e-05,,2.831540679528e-15,2.1623367472357e-15,7.3681144117183e-16,0.0,9.8158308787535e-15,,0.21487,0.18239,-0.05871,0.0,,1.0,1.50878,RXTRD000519
305195047526098944,1237648721219420331,154.11385,-0.1207135,QSO,STARBURST BROADLINE,0.09443147,2.412776e-05,0,271,51883,277,,,QSO,XRAY_CATALOG,Chandra,SDSS_DR18_SPECTROSCOPY,ZWARNING_0_SCIENCEPRIMARY,8.7109718908365e-05,1.0420759305961e-05,1.5076860303338e-05,3.8733389340953e-05,7.4375630554344e-05,,1.4805691905572e-13,5.4220788631559e-14,3.3403957793333e-14,6.3746777706106e-14,1.2366336343147e-13,,-0.17864,-0.57589,-0.43973,0.0,,1.0,0.326554,RXTRD000520
306415781283915776,0,156.97434,0.51539666,QSO,BROADLINE,1.128955,0.0002168674,0,272,51941,622,,,QSO,XRAY_CATALOG,Chandra,SDSS_DR18_SPECTROSCOPY,ZWARNING_0_SCIENCEPRIMARY,2.2304935564088e-05,3.6070739341128e-06,5.3378143858075e-06,7.4016469302838e-06,6.1973060736097e-06,,4.7860796312352e-14,2.2954669714197e-14,1.2481412747593e-14,1.3248273275262e-14,0.0,,-0.18613,-0.34229,-0.1649,0.0,,1.0,0.196817,RXTRD000521
308662083069700096,1237654671350825119,160.62776,1.0004577,QSO,BROADLINE,1.401194,0.000190908,0,274,51913,602,,,QSO,XRAY_CATALOG,Chandra,SDSS_DR18_SPECTROSCOPY,ZWARNING_0_SCIENCEPRIMARY,3.5065513303723e-05,8.8363993561435e-06,3.6352904544021e-06,1.5194849929069e-05,0.0,,6.5558827766269e-14,3.5073445527943e-14,8.1763126717377e-15,2.6747786267905e-14,,,0.47096,-0.2436,-0.62336,0.0,,1.0,0.485915,RXTRD000522
309706619065755648,1237648721222172675,160.38931,-0.043445154,QSO,BROADLINE,0.2355931,2.958482e-05,0,275,51910,306,,,QSO,XRAY_CATALOG,Chandra,SDSS_DR18_SPECTROSCOPY,ZWARNING_0_SCIENCEPRIMARY,3.6566198031105e-05,1.1468622468939e-05,7.9771134106884e-06,9.6310044136403e-06,1.990462162688e-05,,1.1916694327077e-13,8.3614058406862e-14,2.0235255097807e-14,1.6944636960137e-14,9.7935334296814e-15,,0.18988,0.08495,-0.10618,0.0,,1.0,0.315965,RXTRD000523
309707443699476480,1237648721222172867,160.49641,-0.19066896,QSO,BROADLINE,0.7929131,0.0002673003,0,275,51910,309,,,QSO,XRAY_CATALOG,Chandra,SDSS_DR18_SPECTROSCOPY,ZWARNING_0_SCIENCEPRIMARY,2.5614709485899e-05,2.4914958622401e-06,7.2720410709632e-06,1.4472908681311e-05,0.0,,6.537005145438e-14,0.0,1.9081970371531e-14,5.3401748676416e-14,,,-0.41224,-0.68582,-0.34728,0.0,,1.0,2.204261,RXTRD000524
309711566868080640,1237651752391213235,160.62557,1.0399054,QSO,STARBURST BROADLINE,0.1154197,3.899602e-05,0,275,51910,324,,,QSO,XRAY_CATALOG,Chandra,SDSS_DR18_SPECTROSCOPY,ZWARNING_0_SCIENCEPRIMARY,0.00015390088339688,2.0606684497914e-05,2.246559702708e-05,7.1687881451117e-05,0.00015456075385371,,2.9858801080922e-13,1.2884981485445e-13,5.2732611153992e-14,1.2596851839425e-13,2.2637410372753e-13,,-0.02498,-0.54966,-0.52717,0.0,,1.0,0.088485,RXTRD000525
309725310763427840,1237654671350956252,160.88701,1.0191099,QSO,STARBURST BROADLINE,0.07189119,1.964375e-05,0,275,51910,374,,,QSO,XRAY_CATALOG,Chandra,SDSS_DR18_SPECTROSCOPY,ZWARNING_0_SCIENCEPRIMARY,0.00011575472763201,3.6315924880515e-05,2.6741382884881e-05,2.0428415871407e-05,0.0,,2.9549751551562e-13,2.1139219618224e-13,5.9975139800656e-14,3.4096556559061e-14,,,0.1624,0.26483,0.10244,0.0,,1.0,1.160659,RXTRD000526
314292133550909440,1237674651534885105,169.9066,0.93900586,QSO,BROADLINE,0.3702225,4.650193e-05,0,279,51984,604,,,QSO,XRAY_CATALOG,Chandra,SDSS_DR18_SPECTROSCOPY,ZWARNING_0_SCIENCEPRIMARY,6.1030758714524e-06,3.7381554162472e-06,5.5405226866433e-07,1.046941478522e-06,0.0,,2.7667687220431e-14,2.544834577569e-14,1.474047020199e-15,2.0306965177805e-15,0.0,,0.75578,0.57214,-0.34603,0.0,,1.0,0.142622,RXTRD000527
315344909693380608,1237674651534885016,169.92989,1.0405714,QSO,BROADLINE,0.4961319,0.0001423493,0,280,51612,338,,,QSO,XRAY_CATALOG,Chandra,SDSS_DR18_SPECTROSCOPY,ZWARNING_0_SCIENCEPRIMARY,8.9630724182693e-06,0.0,1.7179681523824e-06,4.8475300803544e-06,6.0593340340105e-06,,8.8925625521235e-15,0.0,4.2051702400521e-15,8.3926103571191e-15,0.0,,-0.99938,-0.99938,-0.48095,0.0,,1.0,0.252935,RXTRD000528
316441672575641600,1237648721226891320,171.27814,-0.13336481,QSO,BROADLINE,1.91038,0.000298673,0,281,51614,232,,,QSO,XRAY_CATALOG,Chandra,SDSS_DR18_SPECTROSCOPY,ZWARNING_0_SCIENCEPRIMARY,1.9856469213713e-05,3.1874783977291e-06,4.9815310628902e-06,7.1632821725326e-06,0.0,,4.8868994963476e-14,2.1028131144151e-14,1.5775426409739e-14,1.3682269680645e-14,0.0,,-0.17364,-0.38351,-0.21112,0.0,,1.0,1.327719,RXTRD000529
317655809028810752,1237648721228202104,174.21327,-0.016495701,QSO,BROADLINE,1.044308,0.0002783278,0,282,51658,553,,,QSO,XRAY_CATALOG,Chandra,SDSS_DR18_SPECTROSCOPY,ZWARNING_0_SCIENCEPRIMARY,1.5794985240225e-05,2.6492064938509e-06,3.5716299849899e-06,8.560217645406e-06,0.00032280215821697,,3.3854518690338e-14,1.3445026689231e-14,7.527429768663e-15,1.5205894379939e-14,1.8926648232693e-13,,-0.13117,-0.58838,-0.4822,0.0,,1.0,0.687851,RXTRD000530
318643175520495616,1237674648853479653,176.69337,-1.0984214,QSO,BROADLINE,2.114933,0.0005651379,0,283,51959,49,,,QSO,XRAY_CATALOG,Chandra,SDSS_DR18_SPECTROSCOPY,ZWARNING_0_SCIENCEPRIMARY,7.5770262546621e-06,1.7343939340475e-06,1.60772419076e-06,5.5440542214345e-06,0.0,,9.0483097986503e-15,7.6280481807671e-15,3.1482750798638e-15,0.0,,,0.09494,-0.57464,-0.61711,0.0,,1.0,3.155192,RXTRD000531
318708321584441344,1237671142017204599,174.89431,-0.98378904,QSO,BROADLINE,1.603502,0.0006303398,0,283,51959,286,,,QSO,XRAY_CATALOG,Chandra,SDSS_DR18_SPECTROSCOPY,ZWARNING_0_SCIENCEPRIMARY,7.828169568628e-06,2.4614142156455e-06,1.900996233884e-06,2.0360962837304e-06,0.0,,2.3747360805677e-14,1.8115937230621e-14,4.094626665499e-15,2.828393038467e-15,,,0.14741,0.05122,-0.10369,0.0,,1.0,0.414188,RXTRD000532
318710520607696896,1237671142017204666,175.01814,-1.090952,QSO,AGN,0.3471135,2.079503e-05,0,283,51959,294,,,QSO,XRAY_CATALOG,Chandra,SDSS_DR18_SPECTROSCOPY,ZWARNING_0_SCIENCEPRIMARY,0.00037561954453845,8.1212196517181e-05,8.6546446509888e-05,0.00014545725188292,0.00060897169301507,,1.2241392733326e-12,5.9263142501154e-13,2.1860953988699e-13,4.2278081940285e-13,3.5012572441937e-13,,-0.02998,-0.28607,-0.25734,0.0,,1.0,0.277406,RXTRD000533
319868855839123456,1237671139870965810,177.8141,0.64084074,QSO,BROADLINE,1.884629,0.0002321583,0,284,51943,412,,,QSO,XRAY_CATALOG,Chandra,SDSS_DR18_SPECTROSCOPY,ZWARNING_0_SCIENCEPRIMARY,3.5669238373297e-05,6.8873049808087e-06,5.4838285289265e-06,1.4300020650964e-05,2.6805443504199e-05,,9.1451921713744e-14,5.630516405539e-14,1.4292186731949e-14,2.5275235613505e-14,4.3644196584161e-14,,0.13741,-0.34853,-0.45472,0.0,,1.0,0.136758,RXTRD000534
320907894109267968,1237674648854921386,179.94472,-1.0807244,QSO,STARBURST BROADLINE,0.1321981,2.67951e-05,0,285,51930,96,,,QSO,XRAY_CATALOG,Chandra,SDSS_DR18_SPECTROSCOPY,ZWARNING_0_SCIENCEPRIMARY,4.040899785451e-05,1.6209377049791e-05,7.3882347461967e-06,6.5542098043076e-06,0.0,,1.5376434977918e-13,1.2792896420089e-13,1.8814825194858e-14,1.0170850591364e-14,,,0.37726,0.41599,0.03998,0.0,,1.0,0.873507,RXTRD000535
321024717219719168,1237648722841436279,180.15948,1.2128693,QSO,BROADLINE,1.35845,0.0004100171,0,285,51930,521,,,QSO,XRAY_CATALOG,Chandra,SDSS_DR18_SPECTROSCOPY,ZWARNING_0_SCIENCEPRIMARY,2.4316760666362e-05,2.6722214656954e-06,6.8266270598364e-06,9.0906254540449e-06,0.00013485319013155,,7.4719200493775e-14,4.1521598880874e-14,1.5310655160282e-14,2.2246595393621e-14,0.0,,-0.27483,-0.48844,-0.19863,0.0,,1.0,4.187919,RXTRD000536
321040660138321920,1237648722841501766,180.37656,1.1940737,QSO,BROADLINE,0.077953,2.768709e-05,0,285,51930,579,,,QSO,XRAY_CATALOG,Chandra,SDSS_DR18_SPECTROSCOPY,ZWARNING_0_SCIENCEPRIMARY,0.00033080667087704,8.0058616715803e-05,7.1890312134451e-05,0.00011017019628418,0.00044581068671427,,1.0525874512698e-12,6.7478077889088e-13,1.7954645615482e-13,2.1642837642555e-13,,,0.06621,-0.15365,-0.21736,0.0,,1.0,0.147132,RXTRD000537
322069529301641216,1237648720694345798,181.06092,-0.50263565,QSO,STARBURST BROADLINE,0.1686286,2.850713e-05,0,286,51999,226,,,QSO,XRAY_CATALOG,Chandra,SDSS_DR18_SPECTROSCOPY,ZWARNING_0_SCIENCEPRIMARY,4.8695964283767e-05,4.9481182003111e-06,9.99396817496e-06,1.9799141185775e-05,0.00016789545870477,,5.3645369650851e-14,0.0,1.950359380532e-14,3.8151823006464e-14,4.2112482218079e-13,,-0.29606,-0.59338,-0.33979,0.0,,1.0,0.408619,RXTRD000538
323232263250667520,1237648721768546334,182.12319,0.27851078,QSO,BROADLINE,1.058075,0.0006476364,0,287,52023,360,,,QSO,XRAY_CATALOG,Chandra,SDSS_DR18_SPECTROSCOPY,ZWARNING_0_SCIENCEPRIMARY,2.8553736409757e-05,9.2142326190557e-06,3.6587522763249e-06,8.4529440654194e-06,0.0,,9.1914781929069e-14,7.2215299257386e-14,8.3886208726978e-15,1.5270094239673e-14,,,0.44847,0.04497,-0.41224,0.0,,1.0,0.300714,RXTRD000539
324289718172805120,1237648704040992951,185.13737,-0.24277871,QSO,STARBURST BROADLINE,0.2119447,2.35996e-05,0,288,52000,111,,,QSO,XRAY_CATALOG,Chandra,SDSS_DR18_SPECTROSCOPY,ZWARNING_0_SCIENCEPRIMARY,5.2515811283669e-05,1.291262746941e-05,9.4298634126215e-06,1.5149186935453e-05,2.1622518811762e-05,,1.2762707566346e-13,8.6494278649591e-14,2.2237322513001e-14,2.3223757514495e-14,1.5674923910257e-14,,0.16365,-0.07495,-0.23485,0.0,,1.0,0.556277,RXTRD000540
324296040364664832,1237648720159047757,184.74888,-1.0289188,QSO,BROADLINE,0.7526582,0.0001398037,0,288,52000,134,,,QSO,XRAY_CATALOG,Chandra,SDSS_DR18_SPECTROSCOPY,ZWARNING_0_SCIENCEPRIMARY,4.4922347852441e-05,7.4003427126531e-06,9.813993494839e-06,2.0370153780323e-05,9.1762206475982e-05,,1.1717903178364e-13,5.3957100730537e-14,2.311042326694e-14,4.2252219357625e-14,0.0,,-0.13492,-0.47345,-0.35853,0.0,,1.0,0.381513,RXTRD000541
324318855230941184,1237648720159047682,184.66239,-1.0262047,QSO,STARBURST BROADLINE,0.2573984,4.737286e-05,0,288,52000,217,,,QSO,XRAY_CATALOG,Chandra,SDSS_DR18_SPECTROSCOPY,ZWARNING_0_SCIENCEPRIMARY,0.00010863294587471,2.2116943517792e-05,2.3505186351841e-05,4.2530443827117e-05,0.00022007462097199,,3.1396814992795e-13,1.6285955312726e-13,5.9978925562706e-14,9.3966217409088e-14,6.7534806019073e-14,,-0.02748,-0.31605,-0.29107,0.0,,1.0,0.483358,RXTRD000542
324332874004195328,1237648720695591032,183.91874,-0.57602092,QSO,BROADLINE,0.7574197,0.0001954582,0,288,52000,268,,,QSO,XRAY_CATALOG,Chandra,SDSS_DR18_SPECTROSCOPY,ZWARNING_0_SCIENCEPRIMARY,4.7306434058287e-05,1.0504647544197e-05,7.8440941245844e-06,1.7559047982383e-05,4.378085332022e-05,,1.1970014058664e-13,6.5333937955168e-14,1.6910200141085e-14,3.8300219420853e-14,5.3805362779992e-14,,0.14366,-0.25109,-0.38101,0.0,,1.0,0.348045,RXTRD000543
324351290823960576,1237648705651015952,183.85474,0.88804351,QSO,,1.049719,0.001155167,0,288,52000,335,,,QSO,XRAY_CATALOG,Chandra,SDSS_DR18_SPECTROSCOPY,ZWARNING_0_SCIENCEPRIMARY,5.2969036536875e-05,1.2047322622802e-05,1.562455629889e-05,7.5963961590156e-06,0.0,,8.0956364347011e-14,2.8518701571657e-14,3.5151878731875e-14,1.9151529827519e-14,,,-0.07121,0.19988,0.26608,0.0,,1.0,4.046855,RXTRD000544
325439532289779712,1237648721233641717,186.71672,-0.19985323,QSO,BROADLINE,1.173982,0.0001948445,0,289,51990,198,,,QSO,XRAY_CATALOG,Chandra,SDSS_DR18_SPECTROSCOPY,ZWARNING_0_SCIENCEPRIMARY,6.513662858877e-05,9.3489067036444e-06,8.9955351534312e-06,2.9798750020584e-05,7.3429969760267e-05,,1.4133099475563e-13,7.3249572943292e-14,2.1168632162603e-14,5.1291078103729e-14,3.5003505042423e-14,,0.02623,-0.52217,-0.53716,0.0,,1.0,0.069159,RXTRD000545
325449427894429696,1237648704041648230,186.6726,-0.33474192,QSO,STARBURST BROADLINE,0.3532658,3.212528e-05,0,289,51990,234,,,QSO,XRAY_CATALOG,Chandra,SDSS_DR18_SPECTROSCOPY,ZWARNING_0_SCIENCEPRIMARY,5.8992882648491e-05,1.1371027476917e-05,1.0283016466679e-05,2.4237779858607e-05,5.1364822662198e-05,,1.427668036968e-13,6.9740816443919e-14,2.5909424427893e-14,5.2049650250035e-14,0.0,,0.06371,-0.36852,-0.41849,0.0,,1.0,0.045327,RXTRD000546
325501929574656000,1237648705115324432,186.48592,0.59306137,QSO,BROADLINE,1.223197,0.000506531,0,289,51990,425,,,QSO,XRAY_CATALOG,Chandra,SDSS_DR18_SPECTROSCOPY,ZWARNING_0_SCIENCEPRIMARY,8.7670356118527e-06,0.0,2.0027113236109e-06,4.2063270332116e-06,0.0,,1.2800226110626e-14,,4.7064914558405e-15,8.6730829912592e-15,,,-0.99938,-0.99938,-0.38476,0.0,,1.0,0.325328,RXTRD000547
326516777985009664,1237648720698277967,190.14925,-0.48874332,QSO,STARBURST BROADLINE,0.08082828,3.236836e-05,0,290,51941,21,,,QSO,XRAY_CATALOG,Chandra,SDSS_DR18_SPECTROSCOPY,ZWARNING_0_SCIENCEPRIMARY,4.1685732406562e-05,1.8830562416938e-05,2.0658932637255e-06,1.3971275127109e-05,4.4227486838474e-05,,1.73806017905e-13,1.4724953060568e-13,4.8608152428166e-15,2.6522814498649e-14,3.590910863084e-14,,0.81074,0.15615,-0.74953,0.0,,1.0,0.160166,RXTRD000548
327678686679558144,1237648720698867798,191.4208,-0.46243715,QSO,BROADLINE,1.686565,0.0003385277,0,291,51928,152,,,QSO,XRAY_CATALOG,Chandra,SDSS_DR18_SPECTROSCOPY,ZWARNING_0_SCIENCEPRIMARY,7.7633327726625e-05,1.6041909464079e-05,2.1034617137934e-05,1.954111284191e-05,0.00015835587971748,,1.7150901590437e-13,7.8724980209928e-14,4.9303717364632e-14,4.7608327766107e-14,7.6095069155598e-14,,-0.12867,-0.10119,0.02998,0.0,,1.0,0.376665,RXTRD000549
328783965391448064,1237648721236656189,193.58799,-0.097025667,QSO,BROADLINE,1.256723,0.0005678619,0,292,51609,77,,,QSO,XRAY_CATALOG,Chandra,SDSS_DR18_SPECTROSCOPY,ZWARNING_0_SCIENCEPRIMARY,1.2991332290086e-05,1.770066006765e-06,3.150489467853e-06,5.3447378010616e-06,8.5966758578454e-05,,3.1492661482597e-14,8.8115772472548e-15,7.3381709853264e-15,1.167960111758e-14,0.0,,-0.23735,-0.50219,-0.28232,0.0,,1.0,0.314465,RXTRD000550
328850760722835456,1237671266033402211,191.31685,-0.31644617,QSO,,1.588674,0.0007812952,0,292,51609,320,,,QSO,XRAY_CATALOG,Chandra,SDSS_DR18_SPECTROSCOPY,ZWARNING_0_SCIENCEPRIMARY,3.8884370230038e-05,7.1290651492581e-06,5.598420347119e-06,1.7390913536424e-05,3.5961401576608e-05,,8.894070245142e-14,5.0378288222793e-14,1.4238085975409e-14,2.9428746025381e-14,5.7423383625942e-14,,0.14991,-0.42099,-0.52967,0.0,,1.0,0.4632,RXTRD000551
328916456542595072,1237648704581271582,192.91803,0.036363482,QSO,BROADLINE,0.8776056,0.0001589323,0,292,51609,559,,,QSO,XRAY_CATALOG,Chandra,SDSS_DR18_SPECTROSCOPY,ZWARNING_0_SCIENCEPRIMARY,2.8655359266707e-05,8.4583294016143e-06,3.8620591042528e-06,1.0203961580223e-05,4.3060464107858e-05,,6.3379567238171e-14,3.8593810965258e-14,9.3507187348795e-15,1.8397149547153e-14,6.1727681735508e-14,,0.396,-0.0837,-0.46096,0.0,,1.0,0.184366,RXTRD000552
329890625186981888,1237648720163701045,195.36986,-0.96786013,QSO,AGN BROADLINE,0.2456699,2.129995e-05,0,293,51689,7,,,QSO,XRAY_CATALOG,Chandra,SDSS_DR18_SPECTROSCOPY,ZWARNING_0_SCIENCEPRIMARY,1.2184781757548e-05,9.4488809176314e-06,4.0646596883178e-07,9.5904757623518e-07,5.598043661976e-06,,7.8185419094585e-14,7.7203915525652e-14,1.2290250826378e-15,1.8114168785104e-15,2.4703112755508e-15,,0.92067,0.81824,-0.44972,0.0,,1.0,0.093842,RXTRD000553
329909866640467968,1237648721237508188,195.54602,0.0012503861,QSO,BROADLINE,1.799109,0.0002449882,0,293,51689,77,,,QSO,XRAY_CATALOG,Chandra,SDSS_DR18_SPECTROSCOPY,ZWARNING_0_SCIENCEPRIMARY,1.9814292071931e-05,4.6611707669148e-06,3.0850773731157e-06,7.7561041646693e-06,1.9551371025207e-05,,4.3591793040154e-14,2.7292808095985e-14,7.534009510834e-15,1.1874051031696e-14,7.6897072702803e-15,,0.22861,-0.24235,-0.43723,0.0,,1.0,0.144258,RXTRD000554
329910416396281856,1237648704582320188,195.40054,0.032740124,QSO,BROADLINE,1.784155,0.0003415335,0,293,51689,79,,,QSO,XRAY_CATALOG,Chandra,SDSS_DR18_SPECTROSCOPY,ZWARNING_0_SCIENCEPRIMARY,5.7613859690492e-06,1.9605975146733e-06,9.9133159867764e-07,1.7785110570123e-06,0.0,,2.7963375147868e-14,2.0195765854376e-14,2.0848883774043e-15,5.8702741359709e-15,,,0.41724,-0.00625,-0.43723,0.0,,1.0,1.797457,RXTRD000555
329953297349765120,1237648704581730355,194.03275,0.035485574,QSO,BROADLINE,0.6511152,4.262969e-05,0,293,51689,235,,,QSO,XRAY_CATALOG,Chandra,SDSS_DR18_SPECTROSCOPY,ZWARNING_0_SCIENCEPRIMARY,4.8115072372874e-05,6.8868315445289e-06,1.082279888562e-05,1.9110078382837e-05,0.0,,1.3480002722137e-13,8.1332176207915e-14,2.5287666141507e-14,3.3156662176981e-14,,,-0.18488,-0.46721,-0.29357,0.0,,1.0,2.991011,RXTRD000556
329964292466042880,1237648721236656141,193.49844,-0.094662104,QSO,BROADLINE,1.984197,0.0002464521,0,293,51689,275,,,QSO,XRAY_CATALOG,Chandra,SDSS_DR18_SPECTROSCOPY,ZWARNING_0_SCIENCEPRIMARY,1.2160392577005e-05,4.9006960858968e-06,2.5451971805213e-06,2.881927408341e-06,1.3945221376629e-05,,3.1609051725465e-14,2.2686994017563e-14,6.0439310694529e-15,5.6312978158938e-15,6.1271786618679e-15,,0.34478,0.26733,-0.09369,0.0,,1.0,0.167051,RXTRD000557
330010746832316416,1237648705655865435,194.93164,1.0486286,QSO,BROADLINE,0.3945964,3.506114e-05,0,293,51689,444,,,QSO,XRAY_CATALOG,Chandra,SDSS_DR18_SPECTROSCOPY,ZWARNING_0_SCIENCEPRIMARY,8.4575273116883e-06,4.8185715797159e-06,2.1967120191735e-06,0.0,9.0091038692615e-06,,2.4120966066555e-14,2.0760985237412e-14,4.5548960494645e-15,,0.0,,0.42973,0.99938,0.99938,0.0,,1.0,0.711728,RXTRD000558
330039883890452480,1237648705119191271,195.38615,0.63385652,QSO,BROADLINE,1.830931,0.0003496131,0,293,51689,550,,,QSO,XRAY_CATALOG,Chandra,SDSS_DR18_SPECTROSCOPY,ZWARNING_0_SCIENCEPRIMARY,2.0779820061873e-05,5.8636773294198e-06,4.1777718137984e-06,5.4546602659283e-06,0.0,,5.8239148397562e-14,3.4311497677458e-14,9.2855681488483e-15,1.5791352129431e-14,0.0,,0.19363,0.03498,-0.16365,0.0,,1.0,1.130926,RXTRD000559
331186404623149056,1237648705120239683,197.78534,0.53104401,QSO,BROADLINE,0.4290926,5.282663e-05,0,294,51986,625,,,QSO,XRAY_CATALOG,Chandra,SDSS_DR18_SPECTROSCOPY,ZWARNING_0_SCIENCEPRIMARY,2.2151473691776e-05,0.0,5.6679443601297e-06,9.9495356374853e-06,2.7522327313781e-05,,2.8497523647489e-14,,1.3785831149072e-14,1.6194905622229e-14,1.2998857243174e-14,,-0.99938,-0.99938,-0.28107,0.0,,1.0,0.082669,RXTRD000560
332200978960902144,1237648702972887155,198.03617,-1.1194954,QSO,,0.8053297,0.0002564894,0,295,51985,220,,,QSO,XRAY_CATALOG,Chandra,SDSS_DR18_SPECTROSCOPY,ZWARNING_0_SCIENCEPRIMARY,2.2854607883023e-05,4.1048998106691e-06,6.3711533824545e-06,6.1197426972511e-06,0.0,,5.1355177096847e-14,2.3950624213502e-14,1.6299498724818e-14,1.177872224616e-14,0.0,,-0.20737,-0.19738,0.01124,0.0,,1.0,0.514264,RXTRD000561
332208125786482688,1237648702972821531,197.87929,-1.0589983,QSO,BROADLINE,1.302879,0.0002686694,0,295,51985,246,,,QSO,XRAY_CATALOG,Chandra,SDSS_DR18_SPECTROSCOPY,ZWARNING_0_SCIENCEPRIMARY,6.5670540475867e-06,2.8698357850214e-06,8.5612780647631e-07,1.3293076266445e-06,3.1843323894668e-05,,2.9037963539813e-14,2.4942917314506e-14,1.7045551364516e-15,3.3164576001653e-15,,,0.54841,0.32854,-0.29856,0.0,,1.0,0.976976,RXTRD000562
332210599687645184,1237648720164815017,197.90591,-0.95951611,QSO,STARBURST BROADLINE,0.0867744,5.525924e-05,0,295,51985,255,,,QSO,XRAY_CATALOG,Chandra,SDSS_DR18_SPECTROSCOPY,ZWARNING_0_SCIENCEPRIMARY,5.8802338985646e-05,1.6422186895675e-05,1.3736085873691e-05,1.2498525938697e-05,4.7992030724347e-05,,1.6777837122274e-13,1.0800664255177e-13,3.3018331820662e-14,2.9483455167865e-14,0.0,,0.09369,0.13242,0.03873,0.0,,1.0,0.451626,RXTRD000563
334411821530245120,1237651503806152955,202.63086,-0.47188416,QSO,STARBURST BROADLINE,0.2400958,3.851278e-05,0,297,51959,71,,,QSO,XRAY_CATALOG,Chandra,SDSS_DR18_SPECTROSCOPY,ZWARNING_0_SCIENCEPRIMARY,2.3082055762152e-05,5.3554099506176e-06,5.8698177315798e-06,9.7313041519541e-06,0.0010448080853105,,5.388797689495e-14,2.2725975981867e-14,1.3479181716954e-14,1.9883693986866e-14,4.1993030340305e-11,,-0.04122,-0.30856,-0.26733,0.0,,1.0,1.344168,RXTRD000564
336757349878360064,1237651505417879769,205.16286,0.83226902,QSO,STARBURST BROADLINE,0.2341012,3.872801e-05,0,299,51671,412,,,QSO,XRAY_CATALOG,Chandra,SDSS_DR18_SPECTROSCOPY,ZWARNING_0_SCIENCEPRIMARY,1.467176510468e-05,2.828658153749e-06,4.5413488723673e-06,3.0705926594143e-06,0.0,,1.5783042605974e-14,5.7918661039167e-15,8.5893438252367e-15,2.8880139621825e-15,0.0,,-0.20112,-0.04497,0.1599,0.0,,1.0,0.461279,RXTRD000565
336795008151611392,1237648704587104262,206.22046,0.088969194,QSO,STARBURST BROADLINE,0.08696799,1.862026e-05,0,299,51671,549,,,QSO,XRAY_CATALOG,Chandra,SDSS_DR18_SPECTROSCOPY,ZWARNING_0_SCIENCEPRIMARY,0.00036259488691121,5.7783649661906e-05,6.859892103622e-05,0.00013840094786661,0.00026517892726893,,8.6509000310315e-13,3.8232579972336e-13,1.7039748130041e-13,3.1707082751283e-13,1.1814973429231e-13,,-0.07995,-0.40849,-0.33979,0.0,,1.0,0.494026,RXTRD000566
337854941924190208,1237648704586973290,205.96278,0.076331759,QSO,BROADLINE,0.07327056,3.626676e-05,0,300,51943,309,,,QSO,XRAY_CATALOG,Chandra,SDSS_DR18_SPECTROSCOPY,ZWARNING_0_SCIENCEPRIMARY,1.2030407238355e-05,6.5659220544507e-06,9.4151048677117e-07,1.4799260166883e-06,1.1270417860377e-05,,5.3410354030389e-14,4.9502660650311e-14,2.763909367376e-15,1.8521418072964e-15,0.0,,0.76077,0.62211,-0.31106,0.0,,1.0,0.611598,RXTRD000567
337856041435817984,1237671957519728772,206.10814,-0.015592944,QSO,BROADLINE,1.096718,0.0003658975,0,300,51943,313,,,QSO,XRAY_CATALOG,Chandra,SDSS_DR18_SPECTROSCOPY,ZWARNING_0_SCIENCEPRIMARY,0.0,0.0,0.0,0.0,0.0,,0.0,0.0,0.0,0.0,0.0,,,,,0.0,,1.0,0.214481,RXTRD000568
338907999168915456,1237648702978130105,210.0694,-1.1394925,QSO,STARBURST BROADLINE,0.3512017,3.820914e-05,0,301,51942,44,,,QSO,XRAY_CATALOG,Chandra,SDSS_DR18_SPECTROSCOPY,ZWARNING_0_SCIENCEPRIMARY,9.8319538521229e-05,3.4976743717729e-05,2.1003918021787e-05,2.0378337327685e-05,3.7881119693839e-05,,3.1569792053309e-13,2.3729853744416e-13,5.2914250395398e-14,3.2500105538873e-14,3.1655608169163e-14,,0.25609,0.26608,0.00874,0.0,,1.0,0.096867,RXTRD000569
339054509093316608,1237648722317672500,210.14465,0.79263293,QSO,BROADLINE,0.361432,4.709997e-05,0,301,51942,577,,,QSO,XRAY_CATALOG,Chandra,SDSS_DR18_SPECTROSCOPY,ZWARNING_0_SCIENCEPRIMARY,0.00011728268143682,3.1184614571383e-05,2.0993783267052e-05,3.8604957471505e-05,0.00010210268139987,,2.9689415242647e-13,1.8037675099964e-13,5.1026444733013e-14,6.6405492449461e-14,8.3158145829257e-14,,0.19863,-0.10369,-0.29606,0.0,,1.0,0.151028,RXTRD000570
341187831042959360,1237674603753504982,213.83123,-0.50599616,QSO,STARBURST BROADLINE,0.1345134,2.315992e-05,0,303,51615,146,,,QSO,XRAY_CATALOG,Chandra,SDSS_DR18_SPECTROSCOPY,ZWARNING_0_SCIENCEPRIMARY,0.00020060397639259,3.1290594327973e-05,3.9907798487269e-05,0.00010155044752768,0.00058875254626932,,5.0987429667711e-13,1.957797580907e-13,9.7284435541975e-14,2.1826729439785e-13,9.8577613716329e-12,,-0.12242,-0.52967,-0.43598,0.0,,1.0,0.416967,RXTRD000571
341188105920866304,1237674603753504792,213.86985,-0.4425745,QSO,BROADLINE,1.155079,0.0001307227,0,303,51615,147,,,QSO,XRAY_CATALOG,Chandra,SDSS_DR18_SPECTROSCOPY,ZWARNING_0_SCIENCEPRIMARY,0.00011811579725911,2.4139098601043e-05,2.6761118255315e-05,4.7505785005539e-05,0.00023190714688825,,3.4101340135194e-13,1.6538406825107e-13,6.883847579937e-14,1.1036844968064e-13,1.1734224672576e-13,,-0.05247,-0.33104,-0.28232,0.0,,1.0,0.975094,RXTRD000572
341230711996442624,1237648720708370658,213.14449,-0.58334184,QSO,STARBURST BROADLINE,0.1266222,4.3108e-05,0,303,51615,302,,,QSO,XRAY_CATALOG,Chandra,SDSS_DR18_SPECTROSCOPY,ZWARNING_0_SCIENCEPRIMARY,0.00013996410770845,1.8650463700551e-05,2.0660330183177e-05,6.369021090171e-05,0.00015670206653718,,2.3979469698426e-13,8.4863986674102e-14,5.1531091025425e-14,1.0772433019387e-13,2.9098408651826e-13,,-0.04372,-0.54841,-0.51343,0.0,,1.0,0.587597,RXTRD000573
341278815630157824,1237648721245503973,213.79227,-0.11965932,QSO,,0.4988411,0.0001060872,0,303,51615,477,,,QSO,XRAY_CATALOG,Chandra,SDSS_DR18_SPECTROSCOPY,ZWARNING_0_SCIENCEPRIMARY,1.7418556348154e-05,4.6808257020734e-06,3.6007588466639e-06,9.3071011804708e-06,0.00070967359327834,,0.0,0.0,8.3009541789898e-15,2.7028944883032e-14,0.0,,0.23735,-0.27608,-0.45472,0.0,,1.0,3.158067,RXTRD000574
342275247942166528,1237648720709550262,215.79316,-0.5455802,QSO,BROADLINE,0.3648931,0.000139335,0,304,51609,6,,,QSO,XRAY_CATALOG,Chandra,SDSS_DR18_SPECTROSCOPY,ZWARNING_0_SCIENCEPRIMARY,2.3906683391695e-05,1.4609945352493e-05,1.6334545495536e-06,1.7984490160346e-06,0.0,,1.2589286079422e-13,1.2412571478114e-13,4.4877911913516e-15,0.0,,,0.80325,0.74703,-0.29606,0.0,,1.0,2.576988,RXTRD000575
342297238174722048,1237648720709419185,215.56063,-0.48761645,QSO,BROADLINE,1.56207,0.0006229952,0,304,51609,86,,,QSO,XRAY_CATALOG,Chandra,SDSS_DR18_SPECTROSCOPY,ZWARNING_0_SCIENCEPRIMARY,4.3462234915026e-05,8.6293145228681e-06,1.075015642569e-05,1.2997743915372e-05,4.1925565297836e-05,,1.007986114218e-13,5.2855457576732e-14,2.6218821253659e-14,2.4204479645293e-14,1.4424961478492e-13,,-0.09744,-0.19363,-0.09744,0.0,,1.0,0.481472,RXTRD000576
342393995197966336,1237651752415002679,214.94605,0.98478148,QSO,BROADLINE,1.12425,0.0002862213,0,304,51609,438,,,QSO,XRAY_CATALOG,Chandra,SDSS_DR18_SPECTROSCOPY,ZWARNING_0_SCIENCEPRIMARY,1.7756399761916e-05,8.1110245074498e-06,3.9346960611737e-06,0.0,0.0,,6.9627206130527e-14,6.9306661208394e-14,9.3102521472495e-15,,,,0.35978,0.99938,0.99938,0.0,,1.0,0.684417,RXTRD000577
343402797183559680,1237648721247207679,217.62591,-0.18752293,QSO,BROADLINE,0.1030941,4.675282e-05,0,305,51613,12,,,QSO,XRAY_CATALOG,Chandra,SDSS_DR18_SPECTROSCOPY,ZWARNING_0_SCIENCEPRIMARY,3.421392710445e-05,1.2006142078282e-05,7.9719621842082e-06,7.4162148781208e-06,4.6115731609936e-05,,1.0502110777048e-13,7.7852436979134e-14,2.2053031002948e-14,1.3705733795324e-14,4.359143243718e-14,,0.22611,0.2386,0.0075,0.0,,1.0,0.676289,RXTRD000578
344563057231423488,1237648720173727787,218.18517,-0.98753177,QSO,BROADLINE,1.024575,0.0001765998,0,306,51637,137,,,QSO,XRAY_CATALOG,Chandra,SDSS_DR18_SPECTROSCOPY,ZWARNING_0_SCIENCEPRIMARY,0.00031973963946718,5.4750702760767e-05,5.6531538735862e-05,0.00011282328915649,0.0002549949126728,,7.0921184774606e-13,3.6806696647523e-13,1.3255242891981e-13,2.1426410362898e-13,4.0403540249649e-12,,-0.01374,-0.34603,-0.33354,0.0,,1.0,0.226656,RXTRD000579
345820898969806848,1237648705667072191,220.55957,0.96098431,QSO,BROADLINE,0.6034577,0.0001095212,0,307,51663,617,,,QSO,XRAY_CATALOG,Chandra,SDSS_DR18_SPECTROSCOPY,ZWARNING_0_SCIENCEPRIMARY,8.6219959751784e-05,1.5647082653363e-05,1.5222633191228e-05,3.6311571438851e-05,0.00011206731310003,,2.2368911756393e-13,1.3421814281283e-13,3.4022493506971e-14,5.7900300517145e-14,0.0,,0.01874,-0.40225,-0.41474,0.0,,1.0,3.204142,RXTRD000580
346808810150586368,1237648721249501392,222.84591,-0.10720763,QSO,STARBURST BROADLINE,0.138599,2.770061e-05,0,308,51662,115,,,QSO,XRAY_CATALOG,Chandra,SDSS_DR18_SPECTROSCOPY,ZWARNING_0_SCIENCEPRIMARY,5.3067475452978e-05,1.3313058292537e-05,1.4617223182472e-05,1.8846031441992e-05,0.0,,1.6668384410838e-13,9.7752813633087e-14,3.4066231456654e-14,3.6590791244657e-14,0.0,,-0.04622,-0.18239,-0.13866,0.0,,1.0,0.466096,RXTRD000581
346829975749421056,1237648704056852687,221.43593,-0.28750015,QSO,BROADLINE,1.780322,0.000385779,0,308,51662,192,,,QSO,XRAY_CATALOG,Chandra,SDSS_DR18_SPECTROSCOPY,ZWARNING_0_SCIENCEPRIMARY,1.8252183823321e-05,7.7996649794582e-06,1.7179213991377e-06,4.4001188754758e-06,0.0,,8.359132114802e-14,7.8772752490957e-14,3.5509780944116e-15,4.5816709331515e-15,,,0.66458,0.26483,-0.50843,0.0,,1.0,2.972126,RXTRD000582
346868458656393216,1237651735237951759,220.84696,1.0974618,QSO,BROADLINE,1.172795,0.0002864859,0,308,51662,332,,,QSO,XRAY_CATALOG,Chandra,SDSS_DR18_SPECTROSCOPY,ZWARNING_0_SCIENCEPRIMARY,2.6644283642068e-05,5.0817919927582e-06,4.5731256740837e-06,1.0715788420354e-05,3.9168508843639e-05,,7.4420178958032e-14,4.0769021958403e-14,1.1514726999559e-14,2.4660468925165e-14,0.0,,0.09869,-0.34603,-0.41849,0.0,,1.0,2.285041,RXTRD000583
346915187900573696,1237648721786109987,222.23629,0.25283507,QSO,BROADLINE,0.8312454,0.0002025487,0,308,51662,502,,,QSO,XRAY_CATALOG,Chandra,SDSS_DR18_SPECTROSCOPY,ZWARNING_0_SCIENCEPRIMARY,3.5060467399401e-05,4.558545831957e-06,7.2177246582584e-06,1.4072293041295e-05,0.0,,1.0500862172e-13,6.5579977904256e-14,1.8284928336304e-14,2.6915500255438e-14,3.0853658134378e-14,,-0.17489,-0.51468,-0.35353,0.0,,1.0,0.609953,RXTRD000584
346927282528479232,1237648721786175579,222.38627,0.37675752,QSO,STARBURST BROADLINE,0.08045062,2.575793e-05,0,308,51662,546,,,QSO,XRAY_CATALOG,Chandra,SDSS_DR18_SPECTROSCOPY,ZWARNING_0_SCIENCEPRIMARY,0.00048410761597371,7.9193656241359e-05,9.0144194780936e-05,0.00018653048062053,0.00040921210761321,,1.0762512144482e-12,5.2221454959134e-13,2.2184938496577e-13,3.3255035512118e-13,5.468903265924e-13,,-0.06621,-0.40475,-0.34728,0.0,,1.0,0.254923,RXTRD000585
346930855941269504,1237648721786110246,222.30628,0.40192448,QSO,BROADLINE,0.440696,6.056867e-05,0,308,51662,559,,,QSO,XRAY_CATALOG,Chandra,SDSS_DR18_SPECTROSCOPY,ZWARNING_0_SCIENCEPRIMARY,6.6006681462834e-05,8.7029865375645e-06,1.1775110602314e-05,2.7198389002168e-05,6.9976825170208e-05,,9.5082349776824e-14,3.3685440052181e-14,2.3835816699447e-14,4.1182396977291e-14,1.1746373475008e-13,,-0.12367,-0.51968,-0.40725,0.0,,1.0,0.295285,RXTRD000586
346939102278477824,1237648704594313253,222.70806,0.028998988,QSO,BROADLINE,1.967892,0.0003363233,0,308,51662,589,,,QSO,XRAY_CATALOG,Chandra,SDSS_DR18_SPECTROSCOPY,ZWARNING_0_SCIENCEPRIMARY,4.1936603785679e-05,8.8227765520215e-06,9.1992387901472e-06,1.6409782142531e-05,0.0,,1.0432422872624e-13,5.2026276597968e-14,2.1508143075736e-14,3.1754174301327e-14,,,-0.01749,-0.30106,-0.28607,0.0,,1.0,0.515817,RXTRD000587
354738213148977152,1237648703525159663,233.29728,-0.7565748,QSO,AGN,0.1515188,2.976737e-05,0,315,51663,290,,,QSO,XRAY_CATALOG,Chandra,SDSS_DR18_SPECTROSCOPY,ZWARNING_0_SCIENCEPRIMARY,2.2344347430909e-05,1.929210642791e-05,6.2190112378638e-07,0.0,0.0,,1.6137335773561e-13,1.6012789182493e-13,1.885716568428e-15,0.0,0.0,,0.93691,0.99938,0.14116,0.0,,1.0,0.227817,RXTRD000588
364949652564371456,1237648705650884673,183.56319,0.91984185,QSO,BROADLINE,0.3957586,3.793024e-05,0,324,51666,575,,,QSO,XRAY_CATALOG,Chandra,SDSS_DR18_SPECTROSCOPY,ZWARNING_0_SCIENCEPRIMARY,0.00015488570315441,1.7232202916151e-05,2.2240244851214e-05,7.498278163829e-05,0.00021243009920097,,2.9244750765539e-13,1.1606429434996e-13,5.3048206104962e-14,1.3088250975304e-13,2.7779725863064e-13,,-0.11493,-0.62336,-0.54466,0.0,,1.0,0.308791,RXTRD000589
367194317447522304,1237650371552346220,172.43296,-1.631167,QSO,BROADLINE,1.293924,0.000326644,0,326,52375,549,,,QSO,XRAY_CATALOG,Chandra,SDSS_DR18_SPECTROSCOPY,ZWARNING_0_SCIENCEPRIMARY,7.2170089684276e-05,1.9826738277265e-05,1.4523669687176e-05,1.8769062863464e-05,3.3650380710109e-05,,1.5885338665978e-13,9.668678935279e-14,3.4642745131085e-14,3.027282143141e-14,1.8523662221421e-14,,0.1649,0.02748,-0.13741,0.0,,1.0,0.18692,RXTRD000590
367201189395195904,1237650762924097607,172.47002,-1.5245778,QSO,BROADLINE,0.4841043,5.249321e-05,0,326,52375,574,,,QSO,XRAY_CATALOG,Chandra,SDSS_DR18_SPECTROSCOPY,ZWARNING_0_SCIENCEPRIMARY,5.7100466489834e-05,8.8744857208918e-06,7.6736795974367e-06,2.8038464288888e-05,0.0,,8.2192659623974e-14,3.0981406479561e-14,1.2465618365814e-14,4.1536213955459e-14,,,0.10743,-0.51843,-0.58214,0.0,,1.0,0.758761,RXTRD000591
367202563784730624,1237650372089151757,172.21369,-1.3330025,QSO,,1.090752,0.0009645565,0,326,52375,579,,,QSO,XRAY_CATALOG,Chandra,SDSS_DR18_SPECTROSCOPY,ZWARNING_0_SCIENCEPRIMARY,1.3986701192727e-05,3.90976373681e-06,2.5398108078904e-06,5.2809805061609e-06,0.0,,5.5749914565904e-14,3.764268642091e-14,8.0882789690478e-15,1.2422643028566e-14,,,0.2411,-0.17364,-0.396,0.0,,1.0,2.106322,RXTRD000592
367206686953334784,1237650371015671923,172.79464,-2.1486414,QSO,,1.253783,0.0009546076,0,326,52375,594,,,QSO,XRAY_CATALOG,Chandra,SDSS_DR18_SPECTROSCOPY,ZWARNING_0_SCIENCEPRIMARY,1.7105492303748e-05,3.5087573944343e-06,3.4957547327849e-06,6.5368122356019e-06,2.5003201879873e-05,,3.9819157655576e-14,1.8903073943058e-14,8.8587248505832e-15,1.2404624627056e-14,6.5441736925507e-14,,0.00874,-0.30106,-0.30606,0.0,,1.0,0.20977,RXTRD000593
367206961831241728,1237650762387226842,172.46337,-1.8436934,QSO,BROADLINE,1.779365,0.0006306545,0,326,52375,595,,,QSO,XRAY_CATALOG,Chandra,SDSS_DR18_SPECTROSCOPY,ZWARNING_0_SCIENCEPRIMARY,2.2663568038419e-05,4.7413396109272e-06,3.6566565802229e-06,7.8953816362568e-06,2.3221522817568e-05,,4.8131844339557e-14,2.8465060314528e-14,8.2469310745892e-15,1.2664072063833e-14,1.8122620969981e-14,,0.16989,-0.2436,-0.38976,0.0,,1.0,0.375056,RXTRD000594
368276510408206336,1237650762387423426,172.9193,-1.8550603,QSO,BROADLINE,0.4342406,7.708713e-05,0,327,52294,390,,,QSO,XRAY_CATALOG,Chandra,SDSS_DR18_SPECTROSCOPY,ZWARNING_0_SCIENCEPRIMARY,5.9367644048943e-05,1.0254232380314e-05,1.2189328335762e-05,3.2061098453167e-05,0.00062516019708167,,1.4332872647881e-13,4.1359830982788e-14,2.8198387609831e-14,7.2217549509026e-14,,,-0.0737,-0.51218,-0.45097,0.0,,1.0,1.192026,RXTRD000595
369408457427675136,1237671128587960345,175.33016,-1.8155923,QSO,BROADLINE,1.502248,0.0003704328,0,328,52282,412,,,QSO,XRAY_CATALOG,Chandra,SDSS_DR18_SPECTROSCOPY,ZWARNING_0_SCIENCEPRIMARY,8.9699653699463e-06,2.253168131467e-06,1.6203070410368e-06,2.9199233610501e-06,1.8164875113388e-05,,2.541323087264e-14,1.9015708001976e-14,3.2752426888676e-15,3.6889487489258e-15,3.7153751878347e-15,,0.19488,-0.14741,-0.33104,0.0,,1.0,0.199437,RXTRD000596
369412030840465408,1237671128587894821,175.2662,-1.9179811,QSO,BROADLINE,1.267232,0.0001310763,0,328,52282,425,,,QSO,XRAY_CATALOG,Chandra,SDSS_DR18_SPECTROSCOPY,ZWARNING_0_SCIENCEPRIMARY,2.114878841055e-05,2.3505393969644e-06,4.5990220350927e-06,7.6692599806214e-06,5.4584840035561e-06,,3.8492311601399e-14,0.0,1.1828977757955e-14,1.2513761537968e-14,0.0,,-0.21112,-0.46971,-0.25484,0.0,,1.0,0.859554,RXTRD000597
372819143939876864,1237650762927702027,180.61151,-1.4875743,QSO,STARBURST BROADLINE,0.1503972,4.759241e-05,0,331,52368,532,,,QSO,XRAY_CATALOG,Chandra,SDSS_DR18_SPECTROSCOPY,ZWARNING_0_SCIENCEPRIMARY,0.00042871686362499,3.3328025065895e-05,,0.00022472700083315,0.00083949809432449,,7.0985404964266e-13,2.1534390398819e-13,,3.8451605272193e-13,7.87173145564e-13,,,-0.73954,,0.0,,1.0,0.187927,RXTRD000598
372842508561967104,1237650372093018164,181.09228,-1.3675967,QSO,STARBURST BROADLINE,0.0833853,1.836809e-05,0,331,52368,617,,,QSO,XRAY_CATALOG,Chandra,SDSS_DR18_SPECTROSCOPY,ZWARNING_0_SCIENCEPRIMARY,0.00059114528414376,0.00011513882298794,0.00010777528255638,0.00022494810683589,0.00063867232151343,,1.5206609013199e-12,7.8543239531495e-13,2.6377169173782e-13,4.8090154887084e-13,6.7429943120474e-13,,0.03248,-0.32355,-0.35228,0.0,,1.0,0.331976,RXTRD000599
376215529066620928,1237650761857105970,187.80818,-2.284159,QSO,BROADLINE,0.7543106,0.0001676478,0,334,51993,600,,,QSO,XRAY_CATALOG,Chandra,SDSS_DR18_SPECTROSCOPY,ZWARNING_0_SCIENCEPRIMARY,3.789797262785e-05,7.6842324139347e-06,7.5059806295299e-06,1.4761710055078e-05,5.9722340727336e-05,,1.2006155285469e-13,6.978475795124e-14,1.8507751073384e-14,3.3462585928682e-14,1.303475683425e-13,,0.01499,-0.3148,-0.3273,0.0,,1.0,0.807383,RXTRD000600
376226524182898688,1237650761857171530,188.00007,-2.4013291,QSO,BROADLINE,1.043132,0.0001114935,0,334,51993,640,,,QSO,XRAY_CATALOG,Chandra,SDSS_DR18_SPECTROSCOPY,ZWARNING_0_SCIENCEPRIMARY,0.00046122135511474,0.00015287661208373,8.625768009512e-05,0.00012223206728834,0.00017253188506036,,1.5351955257469e-12,1.1197282204888e-12,2.137834888839e-13,2.1478309324744e-13,4.1650515987596e-13,,0.27733,0.10993,-0.17364,0.0,,1.0,0.294027,RXTRD000601
377186123073480704,1237671266569289892,190.90559,-2.5333845,QSO,AGN,0.2816844,1.665147e-05,0,335,52000,35,,,QSO,XRAY_CATALOG,Chandra,SDSS_DR18_SPECTROSCOPY,ZWARNING_0_SCIENCEPRIMARY,2.7349712945871e-06,1.9135024100112e-06,0.0,0.0,3.7824040122823e-06,,2.1064290422648e-14,2.0625272644474e-14,6.5898217221554e-16,0.0,1.8616768189846e-15,,0.99938,0.99938,-0.99938,0.0,,1.0,0.115577,RXTRD000602
380664697852028928,1237650762933731472,194.46201,-1.5449065,QSO,BROADLINE,1.196406,0.0002666308,0,338,51694,402,,,QSO,XRAY_CATALOG,Chandra,SDSS_DR18_SPECTROSCOPY,ZWARNING_0_SCIENCEPRIMARY,3.260955733424e-05,6.1491680044406e-06,6.4591620780773e-06,1.2771332919117e-05,9.0291338770994e-05,,7.5067538950152e-14,3.9554803698118e-14,1.5174891290306e-14,2.2968283815364e-14,6.3642223708118e-13,,-0.01624,-0.34853,-0.33104,0.0,,1.0,0.460162,RXTRD000603
380685863450863616,1237650762396925975,194.56343,-1.9885519,QSO,BROADLINE,0.4115257,6.278691e-05,0,338,51694,479,,,QSO,XRAY_CATALOG,Chandra,SDSS_DR18_SPECTROSCOPY,ZWARNING_0_SCIENCEPRIMARY,0.00021073566605028,2.0056237999231e-05,2.9014635600323e-05,9.2621881777207e-05,0.00028707125735355,,3.0660957653318e-13,8.9376715117619e-14,6.8165010253875e-14,1.537954819468e-13,2.6384211572197e-13,,-0.17864,-0.64335,-0.52342,0.0,,1.0,0.19215,RXTRD000604
380691086131095552,1237650371562111011,194.70765,-1.7175969,QSO,BROADLINE,0.9649108,0.0001183372,0,338,51694,498,,,QSO,XRAY_CATALOG,Chandra,SDSS_DR18_SPECTROSCOPY,ZWARNING_0_SCIENCEPRIMARY,0.0001749112523385,3.0641378679501e-05,3.4374394817093e-05,7.0832214955686e-05,0.00024867167211972,,4.6165337705823e-13,2.1457298922415e-13,8.6613369436222e-14,1.6284256228539e-13,9.9696562339569e-13,,-0.05746,-0.396,-0.34603,0.0,,1.0,0.512102,RXTRD000605
380724621235742720,1237650371562438740,195.49185,-1.703378,QSO,BROADLINE,1.272346,0.0002291927,0,338,51694,620,,,QSO,XRAY_CATALOG,Chandra,SDSS_DR18_SPECTROSCOPY,ZWARNING_0_SCIENCEPRIMARY,0.00010914663164281,1.8550816406359e-05,1.53638737437e-05,4.6876382477811e-05,0.00011148261203564,,2.1657027102145e-13,1.0553313629619e-13,3.5486700018956e-14,7.5092859733602e-14,1.3385212053173e-13,,0.10493,-0.43723,-0.51468,0.0,,1.0,0.052993,RXTRD000606
382908531172468736,1237650762935173249,197.73162,-1.4568138,QSO,BROADLINE,1.001634,0.0002607392,0,340,51990,373,,,QSO,XRAY_CATALOG,Chandra,SDSS_DR18_SPECTROSCOPY,ZWARNING_0_SCIENCEPRIMARY,8.2759498072916e-06,1.6582538234916e-06,2.0246835013819e-06,2.0991131874771e-06,2.7579556363321e-05,,2.4009328251501e-14,1.6324363127478e-14,4.7510078072151e-15,3.7236877320075e-15,1.578557529668e-12,,-0.04497,-0.11743,-0.06371,0.0,,1.0,1.555073,RXTRD000607
386223553730603008,1237648673456521499,239.54234,-0.52224619,QSO,BROADLINE,2.832395,9.931343e-05,0,343,51692,145,,,QSO,XRAY_CATALOG,Chandra,SDSS_DR18_SPECTROSCOPY,ZWARNING_0_SCIENCEPRIMARY,2.2302678461222e-05,5.8156826139553e-06,6.5326351251391e-06,5.7377313220649e-06,0.0,,4.7437131173987e-14,2.7279572252693e-14,1.4680150491374e-14,8.7135931072878e-15,,,-0.01499,0.0075,0.02249,0.0,,1.0,0.238201,RXTRD000608
387309871235622912,1237648702991827312,241.32401,-1.165384,QSO,BROADLINE,1.569411,0.0003898196,0,344,51693,1,,,QSO,XRAY_CATALOG,Chandra,SDSS_DR18_SPECTROSCOPY,ZWARNING_0_SCIENCEPRIMARY,5.07752061211e-05,5.308518982514e-06,1.2744611525384e-05,1.5530182217621e-05,6.8992654557371e-06,,8.281761899531e-14,2.8204274646731e-14,3.0908879084439e-14,2.5229965114438e-14,5.6141200681397e-15,,-0.406,-0.48595,-0.09994,0.0,,1.0,0.23242,RXTRD000609
387310146113529856,1237648702991827534,241.35644,-1.1754375,QSO,BROADLINE,0.2503763,3.786867e-05,0,344,51693,2,,,QSO,XRAY_CATALOG,Chandra,SDSS_DR18_SPECTROSCOPY,ZWARNING_0_SCIENCEPRIMARY,4.9390129596921e-05,7.6659971586147e-06,1.2621947377388e-05,1.5654803994891e-05,1.7438285770084e-05,,8.8822159482275e-14,3.4061725723272e-14,3.0840367197606e-14,2.6935831391932e-14,6.6479725484831e-15,,-0.23485,-0.33979,-0.11118,0.0,,1.0,0.566376,RXTRD000610
389563045438842880,1237648703530467835,245.32052,-0.71413447,QSO,BROADLINE,3.709981,0.0002151714,0,346,51693,6,,,QSO,XRAY_CATALOG,Chandra,SDSS_DR18_SPECTROSCOPY,ZWARNING_0_SCIENCEPRIMARY,4.7770800076527e-05,1.2419491273706e-05,9.2462193070573e-06,1.4299737556796e-05,0.0,,1.3224194795906e-13,9.6840600116854e-14,2.314933280656e-14,2.204725744306e-14,,,0.17614,-0.05372,-0.22236,0.0,,1.0,0.244115,RXTRD000611
389563870072563712,1237648703530467958,245.36986,-0.64737018,QSO,BROADLINE,1.060721,0.0002448258,0,346,51693,9,,,QSO,XRAY_CATALOG,Chandra,SDSS_DR18_SPECTROSCOPY,ZWARNING_0_SCIENCEPRIMARY,7.7908406703792e-05,2.4308567411554e-05,2.4903877115946e-06,3.3035716963435e-05,1.7765816596458e-05,,2.5871601325993e-13,2.0749588685813e-13,6.8230140737677e-15,5.5913894586845e-14,7.1535342733959e-15,,0.82324,-0.14241,-0.86196,0.0,,1.0,0.412737,RXTRD000612
392959436957706240,1237671767468409118,256.44545,63.183085,QSO,STARBURST BROADLINE,0.1185764,3.859808e-05,0,349,51699,74,,,QSO,XRAY_CATALOG,Chandra,SDSS_DR18_SPECTROSCOPY,ZWARNING_0_SCIENCEPRIMARY,2.5621645131786e-05,3.1663686666211e-06,6.0917998697005e-06,1.0216526109034e-05,5.9578930735195e-05,,1.0030540163128e-13,7.4819743467903e-14,1.3598707236526e-14,2.136942950824e-14,3.3642856885591e-14,,-0.26234,-0.51593,-0.27233,0.0,,1.0,0.59447,RXTRD000613
393088079818156032,1237671940340908125,255.25258,64.202512,QSO,BROADLINE,2.737447,0.0005190815,0,349,51699,542,,,QSO,XRAY_CATALOG,Chandra,SDSS_DR18_SPECTROSCOPY,ZWARNING_0_SCIENCEPRIMARY,4.1302976093494e-05,7.3204922366505e-06,9.7353533012119e-06,1.3633303194161e-05,3.0916710718638e-05,,6.4748308724555e-14,3.3205528516487e-14,1.5435310649324e-14,1.6176339530186e-14,4.0350698461854e-15,,-0.13866,-0.30231,-0.16989,0.0,,1.0,0.113048,RXTRD000614
394231022021011456,1237655746702016548,260.80893,65.796148,QSO,BROADLINE,1.440901,0.0001432116,0,350,51691,604,,,QSO,XRAY_CATALOG,Chandra,SDSS_DR18_SPECTROSCOPY,ZWARNING_0_SCIENCEPRIMARY,7.6892862130578e-05,2.2642934089953e-05,1.2241456359402e-05,2.5300770001136e-05,0.0,,2.0918994779379e-13,1.4449821020733e-13,3.0021323041883e-14,4.1043836965965e-14,,,0.30981,-0.05871,-0.35978,0.0,,1.0,0.105509,RXTRD000615
395196943053121536,1237651226781614408,258.26926,61.329282,QSO,BROADLINE,1.781406,0.0004804396,0,351,51695,22,,,QSO,XRAY_CATALOG,Chandra,SDSS_DR18_SPECTROSCOPY,ZWARNING_0_SCIENCEPRIMARY,1.5941836941527e-05,3.3252501775501e-06,2.7052797412951e-06,6.742953897265e-06,0.0,,3.8190476673191e-14,1.9257797900355e-14,6.5254714342133e-15,1.3309274411861e-14,,,0.12492,-0.38351,-0.4722,0.0,,1.0,1.762209,RXTRD000616
395200241588004864,1237651226781614381,258.27021,61.3804,QSO,BROADLINE,3.150984,0.0003880606,0,351,51695,34,,,QSO,XRAY_CATALOG,Chandra,SDSS_DR18_SPECTROSCOPY,ZWARNING_0_SCIENCEPRIMARY,7.2962308431445e-06,0.0,1.9409015020273e-06,5.2665620513253e-06,4.9163585990334e-05,,0.0,,5.5089693943473e-15,8.1934574713067e-15,0.0,,-0.99938,-0.99938,-0.51218,0.0,,1.0,1.738271,RXTRD000617
395340704198453248,1237651226244415653,257.07447,61.913521,QSO,BROADLINE,1.414031,0.0003291552,0,351,51695,545,,,QSO,XRAY_CATALOG,Chandra,SDSS_DR18_SPECTROSCOPY,ZWARNING_0_SCIENCEPRIMARY,0.00014550566602557,3.0354095356863e-05,2.0374049259835e-05,5.6605132487267e-05,7.4516531501267e-05,,3.7605700167771e-13,2.382666982927e-13,4.8059973016713e-14,9.3313982071934e-14,9.035581981173e-14,,0.20112,-0.30731,-0.47845,0.0,,1.0,0.116252,RXTRD000618
395344552489150464,1237651226244546609,257.0825,61.702016,QSO,BROADLINE,1.352312,0.0002169045,0,351,51695,559,,,QSO,XRAY_CATALOG,Chandra,SDSS_DR18_SPECTROSCOPY,ZWARNING_0_SCIENCEPRIMARY,5.7596084192281e-05,1.2243478750132e-05,9.8573450779413e-06,2.2972290245652e-05,0.00011235010488014,,1.3412883826904e-13,7.4317808230525e-14,2.100562018129e-14,4.4500523663341e-14,1.0989604164988e-13,,0.12117,-0.31605,-0.41724,0.0,,1.0,1.591983,RXTRD000619
395351149558917120,1237651213359513897,257.32166,61.889573,QSO,STARBURST BROADLINE,0.2924467,5.647019e-05,0,351,51695,583,,,QSO,XRAY_CATALOG,Chandra,SDSS_DR18_SPECTROSCOPY,ZWARNING_0_SCIENCEPRIMARY,0.00022650302513007,4.4989450367806e-05,3.4969135646046e-05,8.8986551761012e-05,0.00019845955292936,,5.5848665520656e-13,2.8761871983799e-13,8.5082684182257e-14,1.9178233970468e-13,3.5657398574118e-13,,0.12742,-0.32979,-0.43723,0.0,,1.0,0.099835,RXTRD000620
396368197797832704,1237671938730950878,258.92876,63.248405,QSO,BROADLINE,1.142292,0.0004807939,0,352,51694,187,,,QSO,XRAY_CATALOG,Chandra,SDSS_DR18_SPECTROSCOPY,ZWARNING_0_SCIENCEPRIMARY,1.3627206543905e-05,3.5063409847106e-06,3.800122591981e-06,1.8711005736626e-06,0.0,,4.2736329721799e-14,3.1214686754281e-14,1.0444223513109e-14,1.9554894434754e-15,,,0.00625,0.27483,0.25734,0.0,,1.0,1.258499,RXTRD000621
396444613855963136,1237671767468933131,258.81899,63.495985,QSO,BROADLINE,1.212366,0.0004141714,0,352,51694,465,,,QSO,XRAY_CATALOG,Chandra,SDSS_DR18_SPECTROSCOPY,ZWARNING_0_SCIENCEPRIMARY,1.773624190529e-05,4.5507736896722e-06,3.0342985456526e-06,5.6062368439314e-06,0.0,,2.9775922740816e-14,1.7143368004582e-14,6.2274835562482e-15,5.9929302083641e-15,0.0,,0.22611,-0.14866,-0.36227,0.0,,1.0,0.627476,RXTRD000622
396449561658288128,1237671767468933147,258.89985,63.393352,QSO,BROADLINE,2.181381,0.0001635473,0,352,51694,483,,,QSO,XRAY_CATALOG,Chandra,SDSS_DR18_SPECTROSCOPY,ZWARNING_0_SCIENCEPRIMARY,4.059908709538e-05,6.819923056779e-06,7.1015702445356e-06,1.6576302080644e-05,1.7962203168911e-05,,8.2331236515366e-14,4.0917165056492e-14,1.6930879315471e-14,2.8134982301771e-14,4.7928084024548e-15,,-0.0025,-0.41349,-0.40725,0.0,,1.0,0.294746,RXTRD000623
397456714460325888,1237651225708986496,258.46848,58.700349,QSO,BROADLINE,0.5211675,7.003497e-05,0,353,51703,51,,,QSO,XRAY_CATALOG,Chandra,SDSS_DR18_SPECTROSCOPY,ZWARNING_0_SCIENCEPRIMARY,2.8881852252811e-05,1.1471013902781e-05,6.173846267406e-06,4.6040053388414e-06,0.0,,1.5632179071987e-13,1.401083956668e-13,1.6078969880258e-14,6.6689964249596e-15,,,0.3198,0.44347,0.13741,0.0,,1.0,1.376389,RXTRD000624
397466884942882816,1237651212287148334,257.82362,58.689961,QSO,BROADLINE,0.6159015,0.000103195,0,353,51703,88,,,QSO,XRAY_CATALOG,Chandra,SDSS_DR18_SPECTROSCOPY,ZWARNING_0_SCIENCEPRIMARY,3.3171176112027e-05,5.1219087172646e-06,7.0365071708746e-06,1.4471164659645e-05,8.6790738979822e-05,,7.8070747395222e-14,2.673392700778e-14,1.7565795624014e-14,3.4470768987476e-14,2.1455161079342e-14,,-0.15615,-0.48095,-0.34853,0.0,,1.0,0.260271,RXTRD000625
397482827861485568,1237651212287082526,257.86226,58.928932,QSO,BROADLINE,0.5375546,0.0001447881,0,353,51703,146,,,QSO,XRAY_CATALOG,Chandra,SDSS_DR18_SPECTROSCOPY,ZWARNING_0_SCIENCEPRIMARY,5.0884728688002e-05,1.109632005394e-05,1.078840679042e-05,2.1872385436474e-05,8.7059617470384e-05,,1.6684032355052e-13,8.0934134533389e-14,2.7694253728323e-14,6.0314729025435e-14,,,0.01374,-0.33104,-0.34354,0.0,,1.0,0.316742,RXTRD000626
397487500785903616,1237651212287082667,257.93681,58.82212,QSO,BROADLINE,1.530754,0.0002642963,0,353,51703,163,,,QSO,XRAY_CATALOG,Chandra,SDSS_DR18_SPECTROSCOPY,ZWARNING_0_SCIENCEPRIMARY,1.9086736170675e-05,4.0618350692204e-06,3.3404454263569e-06,7.5843492535475e-06,1.7116496325053e-05,,4.4861921579779e-14,2.3068511584277e-14,8.2748170650529e-15,1.3662576759422e-14,1.2989821000081e-12,,0.09744,-0.30606,-0.39101,0.0,,1.0,0.093564,RXTRD000627
397545500024268800,1237651225171067249,255.98244,60.75328,QSO,STARBURST BROADLINE,0.2847391,5.431387e-05,0,353,51703,374,,,QSO,XRAY_CATALOG,Chandra,SDSS_DR18_SPECTROSCOPY,ZWARNING_0_SCIENCEPRIMARY,8.8977844443069e-05,1.3895186031806e-05,1.4227807329066e-05,3.3040146684673e-05,8.8144240477735e-05,,1.9499063918508e-13,9.7777434616886e-14,3.5853093414951e-14,6.3625977427606e-14,5.7480401985593e-14,,0.00125,-0.406,-0.406,0.0,,1.0,0.453758,RXTRD000628
397598826338215936,1237651226782204181,258.93356,60.143238,QSO,AGN BROADLINE,0.1568571,1.467707e-05,0,353,51703,568,,,QSO,XRAY_CATALOG,Chandra,SDSS_DR18_SPECTROSCOPY,ZWARNING_0_SCIENCEPRIMARY,5.9683584741814e-06,1.7971374140286e-06,6.8191034788008e-07,2.4693375802194e-06,6.0207456576748e-06,,1.9103039406577e-14,1.2909495402132e-14,1.6183278293347e-15,5.7367490880953e-15,1.4337660724761e-15,,0.45597,-0.15865,-0.57214,0.0,,1.0,0.147243,RXTRD000629
397605698285889536,1237651213360627946,258.9604,59.596878,QSO,BROADLINE,0.06597698,3.476062e-05,0,353,51703,593,,,QSO,XRAY_CATALOG,Chandra,SDSS_DR18_SPECTROSCOPY,ZWARNING_0_SCIENCEPRIMARY,0.00066124707600258,0.00015909927221014,0.00013070647758876,0.00020465337525927,0.00053353231546843,,1.9755277158657e-12,1.1882875301896e-12,3.3520460959897e-13,4.6757483060594e-13,3.3247734013285e-13,,0.09994,-0.12367,-0.22111,0.0,,1.0,0.248662,RXTRD000630
397614219501004800,1237656528381935765,259.63222,59.885931,QSO,BROADLINE,1.838384,0.0004263181,0,353,51703,624,,,QSO,XRAY_CATALOG,Chandra,SDSS_DR18_SPECTROSCOPY,ZWARNING_0_SCIENCEPRIMARY,8.9441725933687e-06,2.129902620811e-06,1.4706374072841e-06,3.6848420070357e-06,6.7085611858395e-06,,3.1291886173054e-14,2.3941608696755e-14,3.4436474608886e-15,6.1206197985053e-15,5.2894614662252e-15,,0.22986,-0.25859,-0.44972,0.0,,1.0,0.37267,RXTRD000631
398640340220798976,1237651226782204179,259.27359,60.201119,QSO,BROADLINE,1.786137,0.001028262,0,354,51792,261,,,QSO,XRAY_CATALOG,Chandra,SDSS_DR18_SPECTROSCOPY,ZWARNING_0_SCIENCEPRIMARY,7.5272114953468e-06,1.2416362759631e-06,1.0435593145374e-06,4.6967164998628e-06,0.0,,1.5305159769009e-14,0.0,2.3930936753696e-15,1.6239237269406e-14,,,0.21362,-0.55715,-0.65334,0.0,,1.0,1.025698,RXTRD000632
398652159970797568,1237651213360300347,258.67135,60.228606,QSO,BROADLINE,1.460144,0.0009673525,0,354,51792,304,,,QSO,XRAY_CATALOG,Chandra,SDSS_DR18_SPECTROSCOPY,ZWARNING_0_SCIENCEPRIMARY,8.1300730916095e-07,0.0,0.0,8.9400930980721e-07,0.0,,2.1844617271125e-15,,,2.5909647509769e-15,,,0.99938,-0.99938,-0.99938,0.0,,1.0,0.99713,RXTRD000633
398654908749867008,1237651226782138492,258.94006,60.188784,QSO,,2.023545,0.001028331,0,354,51792,314,,,QSO,XRAY_CATALOG,Chandra,SDSS_DR18_SPECTROSCOPY,ZWARNING_0_SCIENCEPRIMARY,4.4585513851425e-06,1.0290840341472e-06,8.125423395988e-07,1.7375460865312e-06,8.0564942882019e-06,,1.1502892134002e-14,7.3468260655988e-15,1.9452486342523e-15,2.7123192755388e-15,0.0,,0.13242,-0.26483,-0.38101,0.0,,1.0,0.150535,RXTRD000634
398656558017308672,1237651226782138549,258.82322,60.27699,QSO,BROADLINE,2.451782,0.001453171,0,354,51792,320,,,QSO,XRAY_CATALOG,Chandra,SDSS_DR18_SPECTROSCOPY,ZWARNING_0_SCIENCEPRIMARY,4.3093689126461e-06,1.2159308618217e-06,6.830101377251e-07,1.7265453085554e-06,1.6006548072399e-05,,1.3391913276309e-14,8.1312591264938e-15,1.7441016975203e-15,3.8597903499173e-15,,,0.3173,-0.18239,-0.46721,0.0,,1.0,0.035564,RXTRD000635
398667553133586432,1237651213896712338,258.58018,61.329059,QSO,BROADLINE,1.848895,0.0002361735,0,354,51792,360,,,QSO,XRAY_CATALOG,Chandra,SDSS_DR18_SPECTROSCOPY,ZWARNING_0_SCIENCEPRIMARY,2.7273278549131e-05,7.7291613248854e-06,5.8973501087178e-06,7.1894327051572e-06,1.6423983480949e-05,,6.5451255123636e-14,4.1993999005026e-14,1.4181323188889e-14,1.2765943541396e-14,1.0882002153167e-14,,0.15116,0.04372,-0.10743,0.0,,1.0,0.121437,RXTRD000636
398740945534740480,1237651312682008958,263.01297,61.297766,QSO,STARBURST BROADLINE,0.3580821,3.856865e-05,0,354,51792,627,,,QSO,XRAY_CATALOG,Chandra,SDSS_DR18_SPECTROSCOPY,ZWARNING_0_SCIENCEPRIMARY,9.591115537066e-05,1.8023021714245e-05,1.685529062731e-05,3.7559156619726e-05,0.0001102206912784,,2.3622800942918e-13,1.2289904249315e-13,4.0350799964073e-14,6.9890527969359e-14,1.5480336689156e-13,,0.03623,-0.34603,-0.37726,0.0,,1.0,0.174347,RXTRD000637
399806647112853504,1237651212287148115,258.03102,58.798475,QSO,STARBURST BROADLINE,0.2692253,3.17499e-05,0,355,51788,408,,,QSO,XRAY_CATALOG,Chandra,SDSS_DR18_SPECTROSCOPY,ZWARNING_0_SCIENCEPRIMARY,0.00017163191992588,2.8240632971664e-05,3.2660064774094e-05,7.4875330074495e-05,0.00023820469873803,,4.7105776547649e-13,1.9134199568677e-13,8.2730878224899e-14,1.9640393033864e-13,9.4476468915233e-13,,-0.0737,-0.45472,-0.3935,0.0,,1.0,0.125851,RXTRD000638
403212384883206144,1237656529993990459,263.64996,56.968383,QSO,BROADLINE,1.776037,0.0003182758,0,358,51818,510,,,QSO,XRAY_CATALOG,Chandra,SDSS_DR18_SPECTROSCOPY,ZWARNING_0_SCIENCEPRIMARY,1.1015240016653e-05,4.5135847720066e-06,2.7861676815238e-06,2.1204919609482e-06,3.5087138604486e-05,,3.1902037408179e-14,2.2465802203368e-14,7.5183598532033e-15,3.7036880302881e-15,1.0474761439751e-11,,0.25109,0.35103,0.09869,0.0,,1.0,0.098156,RXTRD000639
404209641979930624,1237651212826705973,261.91264,53.04144,QSO,BROADLINE,1.444022,0.0002798991,0,359,51821,42,,,QSO,XRAY_CATALOG,Chandra,SDSS_DR18_SPECTROSCOPY,ZWARNING_0_SCIENCEPRIMARY,2.8175918930447e-05,6.3738992721115e-06,5.5646449951744e-06,1.0052952530894e-05,1.1690088195219e-05,,5.552182222428e-14,3.1817597264354e-14,1.2257396672371e-14,1.4915873814085e-14,3.6903968721499e-15,,0.09744,-0.22486,-0.30731,0.0,,1.0,0.136887,RXTRD000640
404213490270627840,1237651225711608113,261.75538,53.023229,QSO,BROADLINE,1.602246,0.0004463768,0,359,51821,56,,,QSO,XRAY_CATALOG,Chandra,SDSS_DR18_SPECTROSCOPY,ZWARNING_0_SCIENCEPRIMARY,7.9774496513087e-06,2.003586803027e-06,3.2684293071472e-06,0.0,8.3596334621052e-06,,1.3368448930903e-14,0.0,,,0.0,,-0.14116,0.99938,0.99938,0.0,,1.0,3.216959,RXTRD000641
404345156788054016,1237651213362987445,261.99645,54.363067,QSO,STARBURST BROADLINE,0.09952903,2.786847e-05,0,359,51821,535,,,QSO,XRAY_CATALOG,Chandra,SDSS_DR18_SPECTROSCOPY,ZWARNING_0_SCIENCEPRIMARY,0.00017717184642802,2.3423059191584e-05,2.5452342023707e-05,8.5701211905541e-05,0.00012640911535154,,3.7428855960778e-13,1.6605599618623e-13,6.0187773089677e-14,1.4617349700441e-13,6.4047000489276e-14,,-0.04372,-0.56964,-0.53841,0.0,,1.0,0.173805,RXTRD000642
404371545067120640,1237656528921494034,263.36204,54.077981,QSO,,2.13784,0.0009777003,0,359,51821,631,,,QSO,XRAY_CATALOG,Chandra,SDSS_DR18_SPECTROSCOPY,ZWARNING_0_SCIENCEPRIMARY,7.3301959478105e-06,0.0,2.1268381420857e-06,2.6265828851838e-06,0.0,,1.1162901865161e-14,0.0,4.438140792116e-15,4.3956254507498e-15,,,-0.99938,-0.99938,-0.22361,0.0,,1.0,2.03571,RXTRD000643
407614282721683456,1237656529458430437,264.16085,53.909043,QSO,BROADLINE,0.408135,1.956413e-05,0,362,51999,140,,,QSO,XRAY_CATALOG,Chandra,SDSS_DR18_SPECTROSCOPY,ZWARNING_0_SCIENCEPRIMARY,0.00010397670124144,2.1660347026328e-05,2.0429677316301e-05,3.8136905303119e-05,0.00015832073324771,,2.1229226926003e-13,1.0759741464172e-13,4.9067523514567e-14,6.0167839183513e-14,3.7734357895754e-14,,0.03248,-0.27858,-0.30731,0.0,,1.0,0.663481,RXTRD000644
407633249297262592,1237659896175395291,263.92447,53.722528,QSO,BROADLINE,1.617338,0.0008629742,0,362,51999,209,,,QSO,XRAY_CATALOG,Chandra,SDSS_DR18_SPECTROSCOPY,ZWARNING_0_SCIENCEPRIMARY,1.4576318228742e-05,3.501934360324e-06,4.1009874552755e-06,2.6715070790467e-06,0.0,,4.0686556400045e-14,1.3556504219701e-14,9.6371279658619e-15,1.8322583055071e-14,,,-0.03373,0.0837,0.11493,0.0,,1.0,1.777655,RXTRD000645
407634073930983424,1237656529458430544,263.95963,53.885373,QSO,,1.635947,0.0006191767,0,362,51999,212,,,QSO,XRAY_CATALOG,Chandra,SDSS_DR18_SPECTROSCOPY,ZWARNING_0_SCIENCEPRIMARY,1.2715398719063e-05,3.7708188887266e-06,2.4581570969517e-06,3.776175196675e-06,3.0059312586098e-06,,5.6652062570499e-14,4.9102544672305e-14,6.0289056687031e-15,6.3023922001666e-15,1.3438614369713e-14,,0.24235,0.0075,-0.23235,0.0,,1.0,0.293606,RXTRD000646
407634898564704256,1237656529458430061,263.96632,53.921039,QSO,BROADLINE,0.954876,0.0001799282,0,362,51999,215,,,QSO,XRAY_CATALOG,Chandra,SDSS_DR18_SPECTROSCOPY,ZWARNING_0_SCIENCEPRIMARY,0.00012526738552656,2.2452218853392e-05,2.0368260601048e-05,4.8374377651194e-05,4.5851633324075e-05,,2.9583446940394e-13,1.7230644353732e-13,4.9227250951862e-14,8.2350095593979e-14,2.9977600997339e-14,,0.05621,-0.36352,-0.40849,0.0,,1.0,0.129417,RXTRD000647
407637647343773696,1237659896175264136,263.46764,54.008476,QSO,BROADLINE,3.424562,0.0001248505,0,362,51999,225,,,QSO,XRAY_CATALOG,Chandra,SDSS_DR18_SPECTROSCOPY,ZWARNING_0_SCIENCEPRIMARY,2.9283319143904e-05,5.3345531864325e-06,7.4456697138379e-06,9.3774929181891e-06,1.9282635802435e-05,,5.6395630893572e-14,2.5613127019019e-14,1.7939403722422e-14,1.5876404858897e-14,1.1410629952136e-14,,-0.14491,-0.27108,-0.12742,0.0,,1.0,0.245499,RXTRD000648
412085447058024448,1237656531067142448,264.31892,58.477628,QSO,BROADLINE,1.773146,0.0004145302,0,366,52017,22,,,QSO,XRAY_CATALOG,Chandra,SDSS_DR18_SPECTROSCOPY,ZWARNING_0_SCIENCEPRIMARY,2.2367787060585e-05,3.6838023276208e-06,6.2403100584309e-06,5.5784908266731e-06,0.0,,2.1224905180574e-14,0.0,1.7573224659838e-14,3.5925132297195e-15,0.0,,-0.18488,-0.20612,-0.00874,0.0,,1.0,2.987219,RXTRD000649
412089845104535552,1237655746705227910,264.65067,58.630145,QSO,BROADLINE,1.280287,0.0001498437,0,366,52017,38,,,QSO,XRAY_CATALOG,Chandra,SDSS_DR18_SPECTROSCOPY,ZWARNING_0_SCIENCEPRIMARY,0.0,0.0,0.0,0.0,0.0,,0.0,0.0,0.0,,,,,,,0.0,,1.0,0.348665,RXTRD000650
412104413633603584,1237659896710365359,262.49487,57.977361,QSO,BROADLINE,1.343997,0.000206247,0,366,52017,91,,,QSO,XRAY_CATALOG,Chandra,SDSS_DR18_SPECTROSCOPY,ZWARNING_0_SCIENCEPRIMARY,5.4496473461508e-05,2.6890280972608e-06,9.8047446129401e-06,2.7965762644212e-05,2.3700514365003e-05,,8.5046005509973e-14,1.2551472983893e-14,2.4180381566707e-14,5.0003862708177e-14,1.0192672037067e-13,,-0.54841,-0.82573,-0.4872,0.0,,1.0,0.134638,RXTRD000651
412160488726620160,1237651226783187853,260.54853,57.947797,QSO,,1.61588,0.0009397862,0,366,52017,295,,,QSO,XRAY_CATALOG,Chandra,SDSS_DR18_SPECTROSCOPY,ZWARNING_0_SCIENCEPRIMARY,1.0686599633194e-05,0.0,2.9958409610474e-06,4.497909624983e-06,0.0,,0.0,0.0,6.3762689022233e-15,5.8949395094075e-15,,,-0.99938,-0.99938,-0.21362,0.0,,1.0,2.944251,RXTRD000652
418883455191902208,1237656568119689353,329.97689,-0.36393673,QSO,BROADLINE,1.96271,0.0003424209,0,372,52173,177,,,QSO,XRAY_CATALOG,Chandra,SDSS_DR18_SPECTROSCOPY,ZWARNING_0_SCIENCEPRIMARY,4.9171030482578e-05,1.1320198778681e-05,1.0276011019698e-05,1.5033651251907e-05,1.2800080322012e-05,,1.1899949004695e-13,6.6458082361474e-14,2.5269252723658e-14,2.4989906868796e-14,4.9431044165625e-15,,0.05247,-0.14241,-0.19238,0.0,,1.0,0.091097,RXTRD000653
421125627869947904,1237663542610821225,333.92624,-0.60271921,QSO,STARBURST BROADLINE,0.09911174,2.897972e-05,0,374,51791,142,,,QSO,XRAY_CATALOG,Chandra,SDSS_DR18_SPECTROSCOPY,ZWARNING_0_SCIENCEPRIMARY,0.00064829301975136,0.00013235821029673,0.00014603919483376,0.00018924525019016,0.00025374692036561,,1.20039799464e-12,6.8808458660426e-13,2.6980764089653e-13,2.5891268013688e-13,2.8721533198929e-12,,-0.04747,-0.17864,-0.13117,0.0,,1.0,1.141058,RXTRD000654
432444275947497472,1237663784193949865,352.19016,0.083698065,QSO,BROADLINE,1.524531,0.0004460628,0,384,51821,359,,,QSO,XRAY_CATALOG,Chandra,SDSS_DR18_SPECTROSCOPY,ZWARNING_0_SCIENCEPRIMARY,2.2847975958624e-05,5.539939237132e-06,4.9651013543986e-06,6.9792994577386e-06,0.0,,6.9128617184924e-14,4.5687157863098e-14,1.3440399747287e-14,1.2341311290966e-14,,,0.06871,-0.12492,-0.18988,0.0,,1.0,0.294652,RXTRD000655
432507497866094592,1237663277925269539,354.32531,0.43075896,QSO,BROADLINE,2.044126,0.0007549322,0,384,51821,589,,,QSO,XRAY_CATALOG,Chandra,SDSS_DR18_SPECTROSCOPY,ZWARNING_0_SCIENCEPRIMARY,1.3651088973408e-05,2.2847993929933e-06,2.3987456137678e-06,6.0418809233842e-06,2.5422410033285e-05,,2.50342496434e-14,1.3301298155231e-14,4.4975324699218e-15,6.8735664948828e-15,,,0.01874,-0.44722,-0.45222,0.0,,1.0,1.31364,RXTRD000656
433574573263316992,1237657191976665164,354.7243,0.80343799,QSO,STARBURST BROADLINE,0.1698259,3.156886e-05,0,385,51783,375,,,QSO,XRAY_CATALOG,Chandra,SDSS_DR18_SPECTROSCOPY,ZWARNING_0_SCIENCEPRIMARY,9.5196669724879e-05,1.4812118900429e-05,1.0920444007621e-05,4.7715335331906e-05,0.00013992319197464,,1.8972896258869e-13,7.5125424406591e-14,2.7427128138396e-14,9.4376592571679e-14,2.9384537522511e-13,,0.16989,-0.52592,-0.63335,0.0,,1.0,1.076417,RXTRD000657
433580070821455872,1237666408439939260,354.34175,0.37749261,QSO,BROADLINE,1.379271,0.0005211935,0,385,51783,395,,,QSO,XRAY_CATALOG,Chandra,SDSS_DR18_SPECTROSCOPY,ZWARNING_0_SCIENCEPRIMARY,6.6167624854897e-06,9.3578501488151e-07,1.781519333875e-06,2.0836289197794e-06,1.8843142024276e-05,,1.3847913288714e-14,6.0739999369097e-15,4.0517061199014e-15,3.9258068641108e-15,0.0,,-0.29731,-0.401,-0.10868,0.0,,1.0,0.229762,RXTRD000658
439114189684893696,1237663782589300782,5.7709776,-1.1287537,QSO,STARBURST BROADLINE,0.1660997,2.626597e-05,0,390,51900,48,,,QSO,XRAY_CATALOG,Chandra,SDSS_DR18_SPECTROSCOPY,ZWARNING_0_SCIENCEPRIMARY,0.0001308258582609,1.839191998116e-05,2.5125673835408e-05,5.3028767260276e-05,0.00016628771169741,,2.5204877168066e-13,1.0703950807044e-13,6.0593296343835e-14,9.153957244759e-14,9.2267881070382e-14,,-0.14366,-0.48095,-0.35978,0.0,,1.0,0.696812,RXTRD000659
444904490831734784,1237663784204435601,16.038167,0.14547729,QSO,STARBURST BROADLINE,0.07085139,2.916522e-05,0,395,51783,633,,,QSO,XRAY_CATALOG,Chandra,SDSS_DR18_SPECTROSCOPY,ZWARNING_0_SCIENCEPRIMARY,6.8941162183736e-05,2.4842125931385e-05,1.4297002256738e-05,1.2889204472603e-05,0.0,,2.3029858603339e-13,1.8174898280026e-13,3.2527459351154e-14,2.1770685187877e-14,0.0,,0.27358,0.30856,0.03498,0.0,,1.0,1.426228,RXTRD000660
445992183263160320,1237663784204501137,16.310403,0.040586672,QSO,BROADLINE,0.2031604,8.82934e-05,0,396,51816,494,,,QSO,XRAY_CATALOG,Chandra,SDSS_DR18_SPECTROSCOPY,ZWARNING_0_SCIENCEPRIMARY,5.7943506005799e-05,1.0397617146739e-05,1.2012502601765e-05,2.2597268420349e-05,8.2645692879483e-05,,1.5472646487701e-13,6.4536857679208e-14,2.9276452957539e-14,6.2067195425865e-14,1.6434873685424e-14,,-0.06621,-0.37102,-0.31106,0.0,,1.0,0.310067,RXTRD000661
449406441762088960,1237663784744255780,22.867753,0.54098895,QSO,BROADLINE,0.8108124,0.0001660661,0,399,51817,627,,,QSO,XRAY_CATALOG,Chandra,SDSS_DR18_SPECTROSCOPY,ZWARNING_0_SCIENCEPRIMARY,7.8146303643058e-05,1.7934481212444e-05,1.643171268444e-05,2.5041732883705e-05,8.7769190734526e-05,,2.0757227380761e-13,1.2470480695143e-13,4.090129440481e-14,4.478717365861e-14,2.6192599919367e-13,,0.04622,-0.16615,-0.21112,0.0,,1.0,0.265545,RXTRD000662
452768747917174784,1237663785283485998,28.288031,0.88060851,QSO,BROADLINE,1.159402,0.0004203343,0,402,51793,571,,,QSO,XRAY_CATALOG,Chandra,SDSS_DR18_SPECTROSCOPY,ZWARNING_0_SCIENCEPRIMARY,1.2435610807547e-05,2.4852161769621e-06,2.5942631101714e-06,4.6541297634659e-06,2.1062764257643e-05,,2.3709431065181e-14,1.1302212924192e-14,5.9947615897971e-15,7.591375401558e-15,0.0,,-0.00125,-0.30981,-0.30481,0.0,,1.0,0.792559,RXTRD000663
453791569917536256,1237666407918338113,29.218443,-0.20612271,QSO,STARBURST BROADLINE,0.1625108,4.112912e-05,0,403,51871,196,,,QSO,XRAY_CATALOG,Chandra,SDSS_DR18_SPECTROSCOPY,ZWARNING_0_SCIENCEPRIMARY,2.9878561662268e-05,5.0522442801247e-06,4.2392095291777e-06,1.2649030764332e-05,1.9407817059852e-05,,1.0559885301025e-13,7.2316220140501e-14,1.1262448303017e-14,2.6671912776893e-14,1.4144762084788e-14,,0.14366,-0.43598,-0.52342,0.0,,1.0,0.224651,RXTRD000664
454902350549641216,1237663783674314797,31.566635,-0.29144317,QSO,BROADLINE,0.0429575,2.935722e-05,0,404,51812,141,,,QSO,XRAY_CATALOG,Chandra,SDSS_DR18_SPECTROSCOPY,ZWARNING_0_SCIENCEPRIMARY,0.0041035221346155,,0.00073135100721597,0.001207668831095,0.0031618415505353,,1.3520665229658e-11,,1.8131527243039e-12,2.2141562547788e-12,7.9023372434807e-12,,,,,0.0,,1.0,0.204155,RXTRD000665
455039239747299328,1237666408456519699,32.189726,0.37668256,QSO,BROADLINE,1.890492,0.0001639374,0,404,51812,639,,,QSO,XRAY_CATALOG,Chandra,SDSS_DR18_SPECTROSCOPY,ZWARNING_0_SCIENCEPRIMARY,4.3791757849044e-05,8.7897631742442e-06,1.0147805576432e-05,1.325625429502e-05,2.1054630255833e-05,,1.3886214911411e-13,1.0068772136085e-13,2.4793604243217e-14,2.1129918917031e-14,8.3648874479964e-15,,-0.05746,-0.20112,-0.14366,0.0,,1.0,0.328455,RXTRD000666
457279771043194880,1237666408458485939,36.733606,0.38000912,QSO,BROADLINE,1.868959,0.001051957,0,406,51900,598,,,QSO,XRAY_CATALOG,Chandra,SDSS_DR18_SPECTROSCOPY,ZWARNING_0_SCIENCEPRIMARY,4.5285559172195e-06,6.1371462113181e-07,1.4147875845237e-06,1.1935563319963e-06,0.0,,1.623624057662e-14,1.1152992659868e-14,3.0106363397633e-15,3.5082481632665e-15,,,-0.30481,-0.34478,-0.01749,0.0,,1.0,1.695287,RXTRD000667
458331727450892288,1237678617433997491,36.984509,0.95918242,QSO,STARBURST BROADLINE,0.128046,3.069543e-05,0,407,51820,329,,,QSO,XRAY_CATALOG,Chandra,SDSS_DR18_SPECTROSCOPY,ZWARNING_0_SCIENCEPRIMARY,3.8373811217039e-05,1.1295422565485e-05,6.4124059924882e-06,1.1342224647905e-05,5.0203516997858e-05,,1.0180187418153e-13,6.9125563051848e-14,1.6959392976822e-14,1.8785387084778e-14,1.5160811350128e-13,,0.30481,-0.00125,-0.30356,0.0,,1.0,0.014436,RXTRD000668
458332552084613120,1237678617434128400,37.17282,0.86904903,QSO,STARBURST BROADLINE,0.186312,2.244742e-05,0,407,51820,332,,,QSO,XRAY_CATALOG,Chandra,SDSS_DR18_SPECTROSCOPY,ZWARNING_0_SCIENCEPRIMARY,6.7437262969402e-05,1.4265588497255e-05,1.195459707063e-05,2.9444313259441e-05,0.0003315439385643,,2.6229336831037e-13,1.4546146995056e-13,2.8578967000964e-14,9.4396358784334e-14,0.0,,0.10119,-0.34603,-0.42723,0.0,,1.0,0.1723,RXTRD000669
459384784729171968,1237663783678378218,40.860914,-0.34890755,QSO,BROADLINE,1.343142,0.0007942887,0,408,51821,64,,,QSO,XRAY_CATALOG,Chandra,SDSS_DR18_SPECTROSCOPY,ZWARNING_0_SCIENCEPRIMARY,1.9487252262659e-05,4.6578519681671e-06,2.5993074938823e-06,9.4981949584121e-06,0.0,,5.4589492404964e-14,2.5865104042091e-14,6.7922387155637e-15,2.593829799206e-14,0.0,,0.34104,-0.36602,-0.61836,0.0,,1.0,1.618793,RXTRD000670
461622566709127168,1237666300016394639,45.04777,-0.62668807,QSO,,1.285628,0.0008139916,0,410,51877,13,,,QSO,XRAY_CATALOG,Chandra,SDSS_DR18_SPECTROSCOPY,ZWARNING_0_SCIENCEPRIMARY,1.4201009992736e-05,3.5539067326672e-06,3.3838508275347e-06,3.5883717158424e-06,6.5114996597187e-05,,4.3568733711872e-14,2.8591874630006e-14,8.8527143740068e-15,6.8305507635142e-15,0.0,,0.05746,0.0025,-0.05247,0.0,,1.0,3.178325,RXTRD000671
461625590366103552,1237666300016525424,45.235744,-0.51240509,QSO,,1.506369,0.0009978146,0,410,51877,24,,,QSO,XRAY_CATALOG,Chandra,SDSS_DR18_SPECTROSCOPY,ZWARNING_0_SCIENCEPRIMARY,2.9018519464817e-06,1.1720536835115e-06,7.2304074880301e-07,3.4519025113715e-07,8.4545064944195e-07,,1.0384035485545e-14,8.3776884218358e-15,1.868908599939e-15,6.1427215455279e-16,0.0,,0.24984,0.55215,0.34478,0.0,,1.0,0.183307,RXTRD000672
462793270708168704,1237663783680606364,45.921035,-0.38939477,QSO,BROADLINE,3.226717,0.0003947898,0,411,51817,176,,,QSO,XRAY_CATALOG,Chandra,SDSS_DR18_SPECTROSCOPY,ZWARNING_0_SCIENCEPRIMARY,1.8622233952846e-05,7.6072206873605e-06,4.0851908605452e-06,4.0040593061006e-06,0.0,,5.2561616078964e-14,3.9530309520826e-14,9.8972156928381e-15,5.9505399911693e-15,,,0.35728,0.3223,-0.06121,0.0,,1.0,0.289226,RXTRD000673
462849895556999168,1237678617437536503,44.998672,0.80377989,QSO,BROADLINE,0.8932833,0.0004524584,0,411,51817,382,,,QSO,XRAY_CATALOG,Chandra,SDSS_DR18_SPECTROSCOPY,ZWARNING_0_SCIENCEPRIMARY,2.6619112342011e-05,9.9043182575598e-06,5.9908327823125e-06,4.6499584517195e-06,0.0,,7.5924775323364e-14,5.9080666559082e-14,1.3963314948622e-14,6.8061212754593e-15,,,0.25859,0.36602,0.11618,0.0,,1.0,0.12412,RXTRD000674
462885904562808832,1237660241385685057,46.074085,0.47426843,QSO,STARBURST BROADLINE,0.04444674,2.188373e-05,0,411,51817,513,,,QSO,XRAY_CATALOG,Chandra,SDSS_DR18_SPECTROSCOPY,ZWARNING_0_SCIENCEPRIMARY,0.00094690928737,0.00019546481906625,0.00019593231619389,0.00032908310497192,0.00053304839838927,,2.4450546955805e-12,1.3634199198736e-12,4.8263352224674e-13,5.8983703235018e-13,1.2373388015757e-12,,0.0,-0.25234,-0.25234,0.0,,1.0,0.263276,RXTRD000675
463872998525396992,1237663237127667762,48.614443,-1.1978787,QSO,BROADLINE,0.386834,2.43277e-05,0,412,52258,8,,,QSO,XRAY_CATALOG,Chandra,SDSS_DR18_SPECTROSCOPY,ZWARNING_0_SCIENCEPRIMARY,0.00015328596974271,1.4293361119462e-05,1.8881602199195e-05,8.2151465818507e-05,0.00014747970227676,,2.388205736414e-13,5.111153639844e-14,4.4381099841156e-14,1.4845489588177e-13,1.5979104279155e-13,,-0.11993,-0.70331,-0.62961,0.0,,1.0,0.113359,RXTRD000676
464002740897474560,1237666300554313776,47.414381,-0.060884903,QSO,BROADLINE,0.7682437,7.602653e-05,0,412,52258,480,,,QSO,XRAY_CATALOG,Chandra,SDSS_DR18_SPECTROSCOPY,ZWARNING_0_SCIENCEPRIMARY,8.6378776062875e-05,2.1671357521129e-05,2.3774986146215e-05,3.0910043023729e-05,0.0,,2.669619483412e-13,1.5288360617793e-13,5.9610586811617e-14,5.7579244518298e-14,,,-0.04247,-0.18988,-0.14866,0.0,,1.0,0.526599,RXTRD000677
464045072095143936,1237666300555100318,49.18979,-0.098136619,QSO,,1.397157,0.0006002052,0,412,52258,634,,,QSO,XRAY_CATALOG,Chandra,SDSS_DR18_SPECTROSCOPY,ZWARNING_0_SCIENCEPRIMARY,4.3732541814814e-06,2.0414223765943e-06,8.9705488057905e-07,0.0,0.0,,1.7719237788385e-14,1.6400188454872e-14,1.9953946120874e-15,,,,0.41099,0.99938,0.99938,0.0,,1.0,0.27944,RXTRD000678
465002464513386496,1237666300019015711,50.956379,-0.49715615,QSO,BROADLINE,1.62753,0.0002121584,0,413,51821,21,,,QSO,XRAY_CATALOG,Chandra,SDSS_DR18_SPECTROSCOPY,ZWARNING_0_SCIENCEPRIMARY,5.7388832342607e-05,1.0562966801434e-05,1.1054662941236e-05,2.0945716640748e-05,1.6211695844223e-05,,1.377425531487e-13,7.5057082429124e-14,2.7083184039361e-14,3.7444717436152e-14,1.2397120908596e-14,,-0.01874,-0.32854,-0.30981,0.0,,1.0,0.274964,RXTRD000679
465032151327336448,1237663237128192023,49.728117,-1.0724566,QSO,BROADLINE,1.092236,0.0007195226,0,413,51821,129,,,QSO,XRAY_CATALOG,Chandra,SDSS_DR18_SPECTROSCOPY,ZWARNING_0_SCIENCEPRIMARY,4.4331510576831e-05,7.1487908678816e-06,8.0989945967951e-06,1.960899050207e-05,5.0137798247794e-05,,6.813284629924e-14,0.0,1.64415800394e-14,4.0834080310731e-14,,,-0.01749,-0.44972,-0.42099,0.0,,1.0,3.39535,RXTRD000680
465058264728496128,1237666300555100294,49.16848,-0.16536423,QSO,BROADLINE,0.6362537,0.000128648,0,413,51821,224,,,QSO,XRAY_CATALOG,Chandra,SDSS_DR18_SPECTROSCOPY,ZWARNING_0_SCIENCEPRIMARY,1.9600888805887e-05,3.6298577812053e-06,4.1165822947519e-06,8.4209887603432e-06,0.0,,4.8030422607287e-14,2.8903342326812e-14,1.0252720285887e-14,1.1765546536661e-14,,,-0.04872,-0.41099,-0.36477,0.0,,1.0,0.446193,RXTRD000681
466160525940647936,1237660239777562774,51.701171,-0.79086488,QSO,BROADLINE,1.203442,0.000355835,0,414,51869,138,,,QSO,XRAY_CATALOG,Chandra,SDSS_DR18_SPECTROSCOPY,ZWARNING_0_SCIENCEPRIMARY,9.415900359774e-06,3.1002605642309e-06,1.7549034790871e-06,2.3024825658203e-06,0.0,,1.0269299469712e-14,6.5943733109642e-15,2.377175904192e-15,1.8705340886358e-15,,,0.31106,0.09244,-0.2461,0.0,,1.0,0.373527,RXTRD000682
466280097830168576,1237666301630152739,52.176496,0.78464991,QSO,BROADLINE,1.310982,0.0003982458,0,414,51869,573,,,QSO,XRAY_CATALOG,Chandra,SDSS_DR18_SPECTROSCOPY,ZWARNING_0_SCIENCEPRIMARY,3.0413230826271e-05,6.4209544498932e-06,5.5443082631491e-06,1.4901547561812e-05,0.0,,9.9677955639191e-14,4.0055911246007e-14,1.5425153889043e-14,4.5995146709187e-14,,,0.0837,-0.40974,-0.4747,0.0,,1.0,0.240799,RXTRD000683
468517603019614208,1237645943978721411,55.883571,0.94859051,QSO,BROADLINE,1.556646,0.0003984714,0,416,51811,521,,,QSO,XRAY_CATALOG,Chandra,SDSS_DR18_SPECTROSCOPY,ZWARNING_0_SCIENCEPRIMARY,1.1495542162304e-05,8.4907969303036e-07,2.9722873089689e-06,6.881348830961e-06,0.0,,3.9182115037363e-14,7.3335758511114e-15,7.5962521062745e-15,2.6405060577049e-14,,,-0.49719,-0.78326,-0.43598,0.0,,1.0,1.018215,RXTRD000684
468518427653335040,1237666302168662206,55.91164,1.1339521,QSO,STARBURST BROADLINE,0.1817805,0.0001163288,0,416,51811,524,,,QSO,XRAY_CATALOG,Chandra,SDSS_DR18_SPECTROSCOPY,ZWARNING_0_SCIENCEPRIMARY,0.0001231304331164,3.9472438184224e-05,2.255233532757e-05,2.8526679683893e-05,2.5072902460127e-05,,3.5236771131635e-13,2.6104432235428e-13,5.1495599062264e-14,4.5921164407842e-14,3.1208373765168e-13,,0.27733,0.16115,-0.12367,0.0,,1.0,0.73188,RXTRD000685
468520076920776704,1237666302168596550,55.80737,1.0602617,QSO,BROADLINE,1.643394,0.0003375232,0,416,51811,530,,,QSO,XRAY_CATALOG,Chandra,SDSS_DR18_SPECTROSCOPY,ZWARNING_0_SCIENCEPRIMARY,2.3701144219395e-05,8.1959251969485e-06,4.5946085851797e-06,5.2795852008207e-06,0.0,,6.7744915536418e-14,4.7983238856031e-14,1.0729138367211e-14,8.6039770384253e-15,0.0,,0.28982,0.21986,-0.07495,0.0,,1.0,0.27625,RXTRD000686
471790850276354048,1237653651839778964,11.353011,14.71275,QSO,STARBURST BROADLINE,0.1956337,2.062213e-05,0,419,51879,141,,,QSO,XRAY_CATALOG,Chandra,SDSS_DR18_SPECTROSCOPY,ZWARNING_0_SCIENCEPRIMARY,1.5625432384558e-05,8.9409959184998e-06,1.6084423656103e-06,1.1042071967785e-06,0.0,,6.4660000626997e-14,5.9778764722629e-14,4.538391444539e-15,2.0408291382542e-15,0.0,,0.69831,0.78076,0.13741,0.0,,1.0,0.483906,RXTRD000687
471791125154260992,1237653651839713452,11.232186,14.777443,QSO,BROADLINE,1.490584,0.0002644176,0,419,51879,142,,,QSO,XRAY_CATALOG,Chandra,SDSS_DR18_SPECTROSCOPY,ZWARNING_0_SCIENCEPRIMARY,3.6121291187309e-05,8.49250973455e-06,7.7970792582135e-06,1.2085226191901e-05,2.7491106369968e-05,,1.0287292952097e-13,6.715517861811e-14,1.8552100002081e-14,2.0975350769848e-14,0.0,,0.05372,-0.17364,-0.22236,0.0,,1.0,0.364396,RXTRD000688
471791674910074880,1237649919501074436,11.35944,14.612105,QSO,BROADLINE,1.958689,0.0003533898,0,419,51879,144,,,QSO,XRAY_CATALOG,Chandra,SDSS_DR18_SPECTROSCOPY,ZWARNING_0_SCIENCEPRIMARY,1.683455275281e-05,2.9201451972703e-06,3.3574209396956e-06,6.4116156902818e-06,1.4499014606877e-05,,3.4113969573766e-14,1.6139388146945e-14,7.988828307772e-15,1.0929331671301e-14,1.9442324068545e-14,,-0.05247,-0.37352,-0.32355,0.0,,1.0,0.126899,RXTRD000689
471795523200772096,1237653651839713591,11.273921,14.851954,QSO,BROADLINE,1.387606,0.0008977043,0,419,51879,158,,,QSO,XRAY_CATALOG,Chandra,SDSS_DR18_SPECTROSCOPY,ZWARNING_0_SCIENCEPRIMARY,1.7080707403029e-05,7.008800676073e-06,2.5497308253423e-06,3.8402579117026e-06,0.0,,1.3162319151178e-13,1.2554325106938e-13,5.755142338878e-15,5.8371965278058e-15,0.0,,0.52342,0.34478,-0.21237,0.0,,1.0,2.812474,RXTRD000690
474105871035557888,1237649921113129072,14.817113,15.637801,QSO,BROADLINE,0.3541335,6.865593e-05,0,421,51821,371,,,QSO,XRAY_CATALOG,Chandra,SDSS_DR18_SPECTROSCOPY,ZWARNING_0_SCIENCEPRIMARY,8.0773438571587e-05,1.8484770003192e-05,1.8329488938423e-05,2.4701242083008e-05,3.8594928932486e-05,,2.2542446574337e-13,1.4233649272021e-13,4.4721316219927e-14,4.2671160235648e-14,1.6298693400895e-14,,0.01749,-0.13616,-0.1524,0.0,,1.0,0.408253,RXTRD000691
474113842494859264,1237649920039125167,14.254709,14.834172,QSO,BROADLINE,0.6238363,0.0001057012,0,421,51821,400,,,QSO,XRAY_CATALOG,Chandra,SDSS_DR18_SPECTROSCOPY,ZWARNING_0_SCIENCEPRIMARY,3.9996591564908e-06,2.435851303907e-06,8.4013268336337e-07,0.0,0.0,,2.6647115939348e-14,2.5232198221577e-14,2.1991221680712e-15,,,,0.54216,0.99938,0.99938,0.0,,1.0,0.240944,RXTRD000692
475191363722307584,1237666216217280598,16.800139,14.145832,QSO,STARBURST BROADLINE,0.07671486,2.474583e-05,0,422,51811,224,,,QSO,XRAY_CATALOG,Chandra,SDSS_DR18_SPECTROSCOPY,ZWARNING_0_SCIENCEPRIMARY,0.00057706038725779,6.4465313919708e-05,9.6428799302239e-05,0.00026265424996555,0.0004561107374945,,1.0870289627404e-12,3.8424941282672e-13,2.2874842000325e-13,4.5432322566008e-13,4.110687368521e-13,,-0.19488,-0.60462,-0.46346,0.0,,1.0,0.265976,RXTRD000693
476273558209718272,1237649919504678937,19.853692,14.194944,QSO,BROADLINE,1.459014,0.0003439506,0,423,51821,65,,,QSO,XRAY_CATALOG,Chandra,SDSS_DR18_SPECTROSCOPY,ZWARNING_0_SCIENCEPRIMARY,1.0154089935994e-05,2.6307812218012e-06,2.8064016177899e-06,2.843021445522e-06,0.0,,1.7176370694076e-14,2.3885373245637e-14,5.8945265658453e-15,0.0,,,0.03373,-0.12367,-0.14866,0.0,,1.0,3.105349,RXTRD000694
476360144750405632,1237666214607323485,18.273593,15.529564,QSO,BROADLINE,0.5763241,3.92395e-05,0,423,51821,380,,,QSO,XRAY_CATALOG,Chandra,SDSS_DR18_SPECTROSCOPY,ZWARNING_0_SCIENCEPRIMARY,8.81362365184e-05,1.9382816387551e-05,1.7146595934057e-05,2.7008089168629e-05,5.9458289595201e-05,,1.8692824860041e-13,1.1325138231513e-13,3.5403177745884e-14,4.0863031474837e-14,2.4632385988144e-14,,0.06121,-0.16365,-0.22361,0.0,,1.0,0.15708,RXTRD000695
477523979016366080,1237649954403975277,20.727058,14.850574,QSO,BROADLINE,1.22807,0.000236093,0,424,51893,518,,,QSO,XRAY_CATALOG,Chandra,SDSS_DR18_SPECTROSCOPY,ZWARNING_0_SCIENCEPRIMARY,4.2670403470439e-05,9.8478968305685e-06,9.864608114156e-06,1.2319309327258e-05,0.00010583716954901,,1.8570205426949e-13,1.4022922910987e-13,2.3407862398972e-14,2.6294920773464e-14,2.4664023119586e-13,,0.04497,-0.11868,-0.1549,0.0,,1.0,2.59237,RXTRD000696
479650984075749376,1237653651309002942,25.715592,13.564623,QSO,BROADLINE,1.073295,0.0004598623,0,426,51882,64,,,QSO,XRAY_CATALOG,Chandra,SDSS_DR18_SPECTROSCOPY,ZWARNING_0_SCIENCEPRIMARY,2.1294627055522e-05,5.6901681955837e-06,4.6493726210481e-06,9.7960388384143e-06,0.0,,7.367843661343e-14,3.8976314028093e-14,1.1640402614936e-14,2.317581464573e-14,,,0.10244,-0.27108,-0.36352,0.0,,1.0,0.137871,RXTRD000697
482046545051543552,1237649920584122507,33.419163,13.798907,QSO,STARBURST BROADLINE,0.3577004,7.811261e-05,0,428,51883,587,,,QSO,XRAY_CATALOG,Chandra,SDSS_DR18_SPECTROSCOPY,ZWARNING_0_SCIENCEPRIMARY,6.1412726275832e-06,3.7218353064746e-06,0.0,1.7633149621515e-06,0.0,,2.3620248213743e-14,2.1650691555444e-14,,2.8010075691451e-15,,,0.99938,0.38351,-0.99938,0.0,,1.0,0.225156,RXTRD000698
485408026874898432,1237651495754400363,114.39078,38.701887,QSO,BROADLINE,0.6917374,0.0001995748,0,431,51877,528,,,QSO,XRAY_CATALOG,Chandra,SDSS_DR18_SPECTROSCOPY,ZWARNING_0_SCIENCEPRIMARY,4.6795946678507e-06,1.35871892931e-06,1.2724228857923e-06,9.2531971636723e-07,0.0,,1.2609490947807e-14,8.2285783437085e-15,3.341015399354e-15,1.8102685888094e-15,0.0,,0.07995,0.20987,0.12492,0.0,,1.0,0.313577,RXTRD000699
485422320526059520,1237651495754334286,114.50986,38.521201,QSO,BROADLINE,1.019625,0.0002231546,0,431,51877,580,,,QSO,XRAY_CATALOG,Chandra,SDSS_DR18_SPECTROSCOPY,ZWARNING_0_SCIENCEPRIMARY,0.00011125080636662,1.7713917118374e-05,2.2926785036675e-05,4.4838484816475e-05,3.6243895051766e-05,,3.1514302623601e-13,1.333011559728e-13,6.0336909380287e-14,1.2481184572066e-13,7.5634061388508e-13,,-0.12492,-0.43598,-0.3273,0.0,,1.0,0.535754,RXTRD000700
487559771063347200,1237651250941329913,116.2621,37.829741,QSO,BROADLINE,0.5928725,3.787614e-05,0,433,51873,164,,,QSO,XRAY_CATALOG,Chandra,SDSS_DR18_SPECTROSCOPY,ZWARNING_0_SCIENCEPRIMARY,2.4393887491837e-05,5.9315137482815e-06,5.4709912059627e-06,8.0251148348909e-06,5.3963085293717e-05,,7.797628608137e-14,4.5598984176012e-14,1.4289053534264e-14,1.9290180943923e-14,0.0,,0.03998,-0.1524,-0.18988,0.0,,1.0,0.89138,RXTRD000701
487564443987765248,1237651191350296775,116.07282,37.888133,QSO,BROADLINE,1.065505,0.0001540518,0,433,51873,181,,,QSO,XRAY_CATALOG,Chandra,SDSS_DR18_SPECTROSCOPY,ZWARNING_0_SCIENCEPRIMARY,0.00016342950157837,3.7006222136971e-05,2.7878707104118e-05,5.9897533241146e-05,9.9852853587975e-05,,4.1932032395005e-13,2.4877929202545e-13,6.8798629001401e-14,1.0597305170409e-13,1.6721568376504e-13,,0.14116,-0.2361,-0.36477,0.0,,1.0,0.181238,RXTRD000702
487567467644741632,1237651191350296845,116.03506,37.978116,QSO,BROADLINE,0.8799175,0.0001701991,0,433,51873,192,,,QSO,XRAY_CATALOG,Chandra,SDSS_DR18_SPECTROSCOPY,ZWARNING_0_SCIENCEPRIMARY,4.8641153347446e-06,3.0775611132304e-06,3.3423306001795e-07,1.1280566118053e-07,0.0,,2.0335168532542e-14,1.9339253767101e-14,9.4150594593816e-16,2.9951716525698e-16,0.0,,0.80575,0.92817,0.45846,0.0,,1.0,0.184869,RXTRD000703
487615021522642944,1237651252015792468,116.42844,39.586789,QSO,STARBURST BROADLINE,0.3687316,3.921314e-05,0,433,51873,365,,,QSO,XRAY_CATALOG,Chandra,SDSS_DR18_SPECTROSCOPY,ZWARNING_0_SCIENCEPRIMARY,3.8984203454812e-06,2.1320914188804e-06,4.3892639138632e-07,0.0,1.5415865674597e-05,,2.0900034332985e-14,2.1328873465606e-14,1.1335974670265e-15,0.0,3.4782839614262e-13,,0.67333,0.99938,0.19738,0.0,,1.0,1.806105,RXTRD000704
487616395912177664,1237651252015726924,116.43752,39.45023,QSO,BROADLINE,1.630758,0.0001969897,0,433,51873,370,,,QSO,XRAY_CATALOG,Chandra,SDSS_DR18_SPECTROSCOPY,ZWARNING_0_SCIENCEPRIMARY,1.856545599605e-05,3.5721182458116e-06,4.5216458254752e-06,6.6182312708673e-06,3.9083808694601e-05,,4.6810569830481e-14,2.2189659492499e-14,1.2545328105167e-14,1.2719057359116e-14,0.0,,-0.11493,-0.30231,-0.19238,0.0,,1.0,1.089867,RXTRD000705
487637286633105408,1237651191350821263,116.83481,38.927617,QSO,BROADLINE,1.209926,0.0003930899,0,433,51873,446,,,QSO,XRAY_CATALOG,Chandra,SDSS_DR18_SPECTROSCOPY,ZWARNING_0_SCIENCEPRIMARY,1.1895680867424e-05,4.1724691567077e-06,2.4733539966287e-06,4.270017966077e-06,8.5434143749809e-05,,4.2331169791057e-14,3.0650586097037e-14,6.2517675307413e-15,5.9888334919925e-15,1.8931445330681e-11,,0.25984,-0.01374,-0.27108,0.0,,1.0,0.757973,RXTRD000706
488778579904063488,1237651495756497187,117.72692,42.840283,QSO,BROADLINE,1.528361,0.0005574335,0,434,51885,502,,,QSO,XRAY_CATALOG,Chandra,SDSS_DR18_SPECTROSCOPY,ZWARNING_0_SCIENCEPRIMARY,8.4904614006941e-06,2.2546430886693e-06,1.4299232195317e-06,3.0736704845222e-06,0.0,,2.0934701400486e-14,1.3593608862449e-14,3.646949864576e-15,5.1210465876231e-15,0.0,,0.26983,-0.13866,-0.38226,0.0,,1.0,0.468944,RXTRD000707
490894589998163968,1237651252018151461,120.49474,44.050618,QSO,BROADLINE,2.072255,0.000390014,0,436,51883,8,,,QSO,XRAY_CATALOG,Chandra,SDSS_DR18_SPECTROSCOPY,ZWARNING_0_SCIENCEPRIMARY,8.484733035456e-06,1.4532111688787e-06,1.9114938214514e-06,2.7943510434024e-06,0.0,,1.5667912643209e-14,8.1550961410155e-15,5.0564718736312e-15,3.3164733422906e-15,,,0.00125,-0.26483,-0.24235,0.0,,1.0,2.776883,RXTRD000708
492139511921272832,1237651252018151683,120.5126,43.994517,QSO,BROADLINE,0.07453742,3.59691e-05,0,437,51876,441,,,QSO,XRAY_CATALOG,Chandra,SDSS_DR18_SPECTROSCOPY,ZWARNING_0_SCIENCEPRIMARY,0.00026291341307316,5.0405733759002e-05,4.5919799761796e-05,0.0001014449856479,0.00014862887028075,,6.4554826117585e-13,3.3906037737931e-13,1.1928251329273e-13,1.9177679862032e-13,4.8813367049993e-14,,0.04872,-0.33604,-0.37851,0.0,,1.0,0.411271,RXTRD000709
493313240718141440,1237651495759183950,122.50587,48.032378,QSO,BROADLINE,2.055736,0.0004544749,0,438,51884,615,,,QSO,XRAY_CATALOG,Chandra,SDSS_DR18_SPECTROSCOPY,ZWARNING_0_SCIENCEPRIMARY,1.2914573275704e-05,0.0,3.9276900313108e-06,7.5744360838822e-06,0.0,,0.0,0.0,1.0667200857454e-14,1.2301905463472e-14,0.0,,-0.99938,-0.99938,-0.33979,0.0,,1.0,3.291593,RXTRD000710
495444369147455488,1237651495759511746,123.25979,48.573883,QSO,BROADLINE,0.1854229,5.515251e-05,0,440,51885,176,,,QSO,XRAY_CATALOG,Chandra,SDSS_DR18_SPECTROSCOPY,ZWARNING_0_SCIENCEPRIMARY,5.6890593656868e-05,1.4919999468592e-05,9.5359553641197e-06,1.9976222867253e-05,2.0605125856264e-05,,1.5548672757448e-13,9.6753760003185e-14,2.3086736277204e-14,3.6301052275191e-14,7.4331891545543e-14,,0.23735,-0.13866,-0.36227,0.0,,1.0,0.264956,RXTRD000711
495536453246281728,1237651495759839473,124.01078,49.171647,QSO,BROADLINE,1.312475,0.000673473,0,440,51885,511,,,QSO,XRAY_CATALOG,Chandra,SDSS_DR18_SPECTROSCOPY,ZWARNING_0_SCIENCEPRIMARY,2.6990027855411e-05,0.0,7.3082543418928e-06,9.3121192805737e-06,0.0,,1.4901447383145e-13,7.2445461490209e-14,1.6960815401406e-14,6.5302960332294e-14,0.0,,-0.99938,-0.99938,-0.19238,0.0,,1.0,1.714107,RXTRD000712
495563666159069184,1237651272422588556,124.95532,49.902994,QSO,STARBURST BROADLINE,0.1395739,2.559138e-05,0,440,51885,610,,,QSO,XRAY_CATALOG,Chandra,SDSS_DR18_SPECTROSCOPY,ZWARNING_0_SCIENCEPRIMARY,0.00011790356437501,1.3641681619633e-05,2.2801603278993e-05,5.7670462274175e-05,0.00021788638932483,,2.3168551030924e-13,8.5414720725548e-14,5.1139934620386e-14,9.8819274063415e-14,0.0,,-0.2461,-0.61711,-0.43598,0.0,,1.0,0.489565,RXTRD000713
496646409949308928,1237651250946375829,125.39003,47.043691,QSO,STARBURST BROADLINE,0.1282468,3.587595e-05,0,441,51868,453,,,QSO,XRAY_CATALOG,Chandra,SDSS_DR18_SPECTROSCOPY,ZWARNING_0_SCIENCEPRIMARY,0.00036020481396756,0.00012048323719125,6.5963480183903e-05,9.2645338664991e-05,0.00011485533950313,,1.1315560102937e-12,8.4004193225297e-13,1.5263917237509e-13,1.5048444172852e-13,1.6044285027347e-13,,0.29482,0.13117,-0.16989,0.0,,1.0,0.158586,RXTRD000714
496680769687676928,1237651190281797748,126.45645,47.17439,QSO,AGN BROADLINE,0.1323328,1.971415e-05,0,441,51868,578,,,QSO,XRAY_CATALOG,Chandra,SDSS_DR18_SPECTROSCOPY,ZWARNING_0_SCIENCEPRIMARY,0.00039651088388402,9.2002842189412e-05,8.9618644401959e-05,0.00013946096283342,0.00085188298362251,,1.1342794118235e-12,6.3344797150722e-13,2.2098189853664e-13,2.9257344353512e-13,8.0148911778351e-12,,0.01374,-0.20487,-0.21861,0.0,,1.0,0.420145,RXTRD000715
498914977399203840,1237651252021493772,127.30282,50.114544,QSO,STARBURST BROADLINE,0.04320633,4.27331e-05,0,443,51873,514,,,QSO,XRAY_CATALOG,Chandra,SDSS_DR18_SPECTROSCOPY,ZWARNING_0_SCIENCEPRIMARY,0.00061609788549007,0.00010806115768316,9.6193876643509e-05,0.00025362481747689,0.00033626372348194,,1.3519045790675e-12,7.0441357838773e-13,2.2744468162969e-13,4.2831693783955e-13,3.2374663960598e-13,,0.05497,-0.40475,-0.44972,0.0,,1.0,0.247811,RXTRD000716
499947693863364608,1237651701914206372,128.02479,52.733129,QSO,BROADLINE,1.571976,0.0005090676,0,444,51883,175,,,QSO,XRAY_CATALOG,Chandra,SDSS_DR18_SPECTROSCOPY,ZWARNING_0_SCIENCEPRIMARY,6.5976788063314e-06,1.1093405739274e-06,1.5420339607548e-06,2.2404359930618e-06,1.0525252225738e-05,,1.358503918848e-14,6.2935638663342e-15,3.7695257351169e-15,3.7060225739716e-15,2.4292223829233e-14,,-0.1599,-0.33854,-0.18613,0.0,,1.0,0.187352,RXTRD000717
500049673566840832,1237651272424423451,129.24496,53.163912,QSO,BROADLINE,0.5437519,5.826509e-05,0,444,51883,546,,,QSO,XRAY_CATALOG,Chandra,SDSS_DR18_SPECTROSCOPY,ZWARNING_0_SCIENCEPRIMARY,8.3814576512056e-05,1.2217888626457e-05,1.4447950578694e-05,3.6326366663329e-05,9.3881181291889e-05,,1.6608066256714e-13,6.865446789772e-14,3.5666594575172e-14,6.4831170499522e-14,3.6353829713051e-13,,-0.07245,-0.48969,-0.42973,0.0,,1.0,0.186498,RXTRD000718
502162110550140928,1237651252560593152,132.50746,54.166935,QSO,BROADLINE,1.678883,0.0006514025,0,446,51899,39,,,QSO,XRAY_CATALOG,Chandra,SDSS_DR18_SPECTROSCOPY,ZWARNING_0_SCIENCEPRIMARY,3.9381316787842e-05,8.5180232491377e-06,8.0334069291238e-06,1.506475361728e-05,0.0,,7.7405476814161e-14,3.9082434377116e-14,1.9084898345454e-14,2.2066082582722e-14,,,0.03748,-0.28607,-0.31605,0.0,,1.0,1.401734,RXTRD000719
503308076175091712,1237651250412519481,132.81795,52.137996,QSO,BROADLINE,1.188956,0.0003727785,0,447,51877,112,,,QSO,XRAY_CATALOG,Chandra,SDSS_DR18_SPECTROSCOPY,ZWARNING_0_SCIENCEPRIMARY,9.199206904729e-05,2.0740470233236e-05,1.8547777294179e-05,3.2487037729983e-05,5.2132537749049e-05,,2.2928103735278e-13,1.2532760517036e-13,4.3638357759e-14,6.3953400659847e-14,1.6804547088213e-14,,0.05871,-0.21986,-0.27483,0.0,,1.0,0.638343,RXTRD000720
503310275198347264,1237651250412519574,132.85359,52.067358,QSO,BROADLINE,2.134807,0.0007013061,0,447,51877,120,,,QSO,XRAY_CATALOG,Chandra,SDSS_DR18_SPECTROSCOPY,ZWARNING_0_SCIENCEPRIMARY,7.3190945809273e-06,1.6668552709951e-06,9.9155370183524e-07,3.6808258265822e-06,0.0,,1.8414676797897e-14,6.7622334379664e-15,2.3139918115353e-15,9.6138469071705e-15,,,0.27483,-0.38351,-0.58713,0.0,,1.0,0.619889,RXTRD000721
503319895925090304,1237651190821421107,132.61312,52.03421,QSO,BROADLINE,1.127454,0.0003105901,0,447,51877,155,,,QSO,XRAY_CATALOG,Chandra,SDSS_DR18_SPECTROSCOPY,ZWARNING_0_SCIENCEPRIMARY,1.0025468250262e-05,2.6182367498475e-06,1.5609546781778e-06,7.2069951017626e-06,0.0014844340236494,,3.7098722904821e-14,2.040971310064e-14,3.9300141823624e-15,1.331392638605e-14,,,0.28107,-0.4772,-0.66084,0.0,,1.0,0.957742,RXTRD000722
503347383715784704,1237651190820896924,131.11982,51.242389,QSO,BROADLINE,1.247373,0.0003499898,0,447,51877,255,,,QSO,XRAY_CATALOG,Chandra,SDSS_DR18_SPECTROSCOPY,ZWARNING_0_SCIENCEPRIMARY,0.00012460062229998,2.6906779555794e-05,2.2191071631186e-05,4.7745417782817e-05,6.1203097439428e-05,,2.3714066305078e-13,1.244723641077e-13,4.4197075529697e-14,7.6410451923301e-14,0.0,,0.10493,-0.28482,-0.37601,0.0,,1.0,0.72586,RXTRD000723
503358653709969408,1237651250948735204,130.8183,51.204359,QSO,BROADLINE,0.9034961,0.0002779919,0,447,51877,296,,,QSO,XRAY_CATALOG,Chandra,SDSS_DR18_SPECTROSCOPY,ZWARNING_0_SCIENCEPRIMARY,1.4609567526884e-05,0.0,3.1044289113722e-06,7.7209299987223e-06,9.4415847586716e-05,,4.1146470967567e-14,2.865762239022e-14,8.4750722739234e-15,1.1148140627092e-14,1.1446175220986e-13,,-0.99938,-0.99938,-0.4822,0.0,,1.0,1.765182,RXTRD000724
503405932709963776,1237651251486261386,131.82092,52.626097,QSO,BROADLINE,1.644026,0.0006362097,0,447,51877,468,,,QSO,XRAY_CATALOG,Chandra,SDSS_DR18_SPECTROSCOPY,ZWARNING_0_SCIENCEPRIMARY,1.1244873308624e-05,0.0,4.0529277969275e-06,3.5969483880725e-06,0.0,,0.0,0.0,1.2001573034463e-14,0.0,3.6475120788856e-10,,-0.99938,-0.99938,-0.06871,0.0,,1.0,1.823214,RXTRD000725
503418577093683200,1237651190821552246,132.78947,52.329232,QSO,BROADLINE,1.531481,0.0004514332,0,447,51877,514,,,QSO,XRAY_CATALOG,Chandra,SDSS_DR18_SPECTROSCOPY,ZWARNING_0_SCIENCEPRIMARY,1.2779979328186e-05,2.1471767402775e-06,3.2791834746745e-06,4.7961405277473e-06,0.0,,2.6571351023066e-14,6.8007501316272e-15,5.5933141785238e-15,1.4838021197431e-14,,,-0.19738,-0.3935,-0.20487,0.0,,1.0,0.928807,RXTRD000726
503429572209960960,1237651190821617882,132.96928,52.47582,QSO,STARBURST BROADLINE,0.06448929,2.854496e-05,0,447,51877,554,,,QSO,XRAY_CATALOG,Chandra,SDSS_DR18_SPECTROSCOPY,ZWARNING_0_SCIENCEPRIMARY,9.9372907438479e-05,2.6519311154997e-05,1.1490558881387e-05,4.3618794204212e-05,0.00016696813024566,,2.4602358863822e-13,1.4245865040344e-13,2.6822003982219e-14,8.4234948804833e-14,9.7160823737035e-14,,0.40475,-0.2411,-0.58463,0.0,,1.0,0.296918,RXTRD000727
506667084718041088,1237651190286254212,137.62094,54.455276,QSO,BROADLINE,0.5257142,3.869453e-05,0,450,51908,44,,,QSO,XRAY_CATALOG,Chandra,SDSS_DR18_SPECTROSCOPY,ZWARNING_0_SCIENCEPRIMARY,0.00013598725787826,2.3483932948419e-05,2.5220141701786e-05,5.1016369897843e-05,0.00012248011681933,,3.1814733789208e-13,1.5374578461718e-13,5.800430672983e-14,1.0822911987425e-13,5.5602919687008e-13,,-0.03623,-0.36977,-0.33854,0.0,,1.0,0.453391,RXTRD000728
507820747293485056,1237651190287368342,141.16204,56.12972,QSO,STARBURST BROADLINE,0.02501559,1.414874e-05,0,451,51908,145,,,QSO,XRAY_CATALOG,Chandra,SDSS_DR18_SPECTROSCOPY,ZWARNING_0_SCIENCEPRIMARY,9.4910105281345e-05,3.1824389064764e-05,2.2282547921054e-05,1.9717760450523e-05,6.0610398344808e-05,,2.9548365843104e-13,2.1320791270167e-13,5.3143683871449e-14,3.3988816274919e-14,2.3680508780637e-14,,0.19238,0.23985,0.04747,0.0,,1.0,0.103233,RXTRD000729
510134944509487104,1237651192436687028,145.56073,59.994533,QSO,BROADLINE,0.07538429,3.327408e-05,0,453,51915,372,,,QSO,XRAY_CATALOG,Chandra,SDSS_DR18_SPECTROSCOPY,ZWARNING_0_SCIENCEPRIMARY,7.1469238179889e-05,2.482303426312e-05,3.2122703965943e-06,2.4898970636534e-05,2.3828900986309e-05,,7.0976035654785e-13,6.7421103686661e-13,8.3080812567192e-15,4.1078295050345e-14,3.4774015462937e-14,,0.82573,0.14741,-0.75453,0.0,,1.0,3.380754,RXTRD000730
510135494265300992,1237651252027654204,145.39035,59.803136,QSO,BROADLINE,0.9665095,9.878085e-05,0,453,51915,374,,,QSO,XRAY_CATALOG,Chandra,SDSS_DR18_SPECTROSCOPY,ZWARNING_0_SCIENCEPRIMARY,0.00019286485749,2.3281247246941e-05,2.8325124557843e-05,8.1175786987728e-05,0.00019911970742677,,3.5559062953492e-13,1.5844589696122e-13,6.854141699462e-14,1.3103318381021e-13,1.3792521586378e-13,,-0.08495,-0.55091,-0.48595,0.0,,1.0,0.236423,RXTRD000731
510192668869945344,1237651250954371077,147.87598,59.676978,QSO,BROADLINE,1.054872,0.0005685635,0,453,51915,582,,,QSO,XRAY_CATALOG,Chandra,SDSS_DR18_SPECTROSCOPY,ZWARNING_0_SCIENCEPRIMARY,3.4597824771209e-05,8.5130371228827e-06,6.3253682815363e-06,1.0327561837383e-05,1.775517676295e-05,,7.6138390012259e-14,4.7764245029431e-14,1.3359645430691e-14,1.8119524052066e-14,4.2673009730075e-15,,0.16365,-0.10119,-0.25734,0.0,,1.0,0.618096,RXTRD000732
512318299623680000,1237652899154231487,38.871278,-9.4201728,QSO,BROADLINE,1.784674,0.0005097985,0,455,51909,123,,,QSO,XRAY_CATALOG,Chandra,SDSS_DR18_SPECTROSCOPY,ZWARNING_0_SCIENCEPRIMARY,2.4395551064195e-05,4.245174307015e-06,3.7445606111712e-06,9.9010252733085e-06,7.1266194694017e-06,,5.412211987608e-14,2.8788675118064e-14,1.017812041109e-14,1.6292946406005e-14,1.7888037330199e-14,,0.08245,-0.39725,-0.45721,0.0,,1.0,0.568284,RXTRD000733
512376023984138240,1237679437742080155,38.143317,-7.5176713,QSO,BROADLINE,0.6970086,6.18039e-05,0,455,51909,333,,,QSO,XRAY_CATALOG,Chandra,SDSS_DR18_SPECTROSCOPY,ZWARNING_0_SCIENCEPRIMARY,6.780508741485e-05,1.1715068565538e-05,1.5251199727188e-05,2.2749607187927e-05,7.4124229974579e-05,,8.62852526204e-14,2.3355686988752e-14,3.1935728335009e-14,3.2027836836751e-14,7.8490634032927e-14,,-0.11493,-0.32105,-0.20612,0.0,,1.0,1.467408,RXTRD000734
512396364949252096,1237673700743053430,38.850431,-7.164508,QSO,BROADLINE,1.385121,0.0004485791,0,455,51909,407,,,QSO,XRAY_CATALOG,Chandra,SDSS_DR18_SPECTROSCOPY,ZWARNING_0_SCIENCEPRIMARY,3.8145270208377e-05,6.9787710995535e-06,7.6253948900591e-06,1.4555429959879e-05,3.5494053351108e-05,,8.1714456717763e-14,3.9000091289527e-14,1.9442668860158e-14,2.5315643581139e-14,2.2331454509728e-14,,-0.02748,-0.34978,-0.32105,0.0,,1.0,0.414677,RXTRD000735
512397189582972928,1237673700743053672,38.877967,-7.0845914,QSO,BROADLINE,2.056315,0.0007512947,0,455,51909,410,,,QSO,XRAY_CATALOG,Chandra,SDSS_DR18_SPECTROSCOPY,ZWARNING_0_SCIENCEPRIMARY,8.0481099600066e-06,1.2809875735547e-06,3.0852144043269e-06,0.0,0.0,,1.9514791720233e-14,8.3319637961294e-15,1.0102570426826e-14,0.0,,,-0.36977,0.90568,0.99938,0.0,,1.0,0.851758,RXTRD000736
512446942484129792,1237653471442632943,40.274326,-8.1981155,QSO,BROADLINE,0.9748327,0.000543829,0,455,51909,591,,,QSO,XRAY_CATALOG,Chandra,SDSS_DR18_SPECTROSCOPY,ZWARNING_0_SCIENCEPRIMARY,2.1149576146796e-05,3.0058035294516e-06,3.0083829960195e-06,9.6697933699857e-06,2.8317635411023e-05,,4.1406822298436e-14,1.780446772419e-14,7.0374155495915e-15,1.6529701243606e-14,3.8029714546e-14,,-0.00125,-0.52592,-0.52467,0.0,,1.0,0.203238,RXTRD000737
512448866629478400,1237653471442567410,40.232561,-8.3314844,QSO,BROADLINE,1.802621,0.0007117048,0,455,51909,598,,,QSO,XRAY_CATALOG,Chandra,SDSS_DR18_SPECTROSCOPY,ZWARNING_0_SCIENCEPRIMARY,7.3091574221365e-06,1.3239005778738e-06,1.1423511547978e-06,3.6596508945696e-06,0.0,,8.9227231343555e-15,4.4594749995942e-15,1.5729575226106e-15,3.2817198321164e-15,0.0,,0.09744,-0.48095,-0.54216,0.0,,1.0,1.656861,RXTRD000738
513431555163580416,1237652900229546000,42.303617,-8.2571354,QSO,STARFORMING BROADLINE,0.02942964,3.790605e-05,0,456,51910,77,,,QSO,XRAY_CATALOG,Chandra,SDSS_DR18_SPECTROSCOPY,ZWARNING_0_SCIENCEPRIMARY,0.00015315587874447,2.7585178682383e-05,2.5271975933869e-05,6.0749543703098e-05,0.00010828313075105,,3.4468210523533e-13,1.7778294935163e-13,6.0185619966158e-14,1.0273468348916e-13,1.5422886854955e-13,,0.04372,-0.37601,-0.41224,0.0,,1.0,0.243085,RXTRD000739
513459042954274816,1237652900229218350,41.519251,-8.3500494,QSO,BROADLINE,1.235804,0.000596638,0,456,51910,177,,,QSO,XRAY_CATALOG,Chandra,SDSS_DR18_SPECTROSCOPY,ZWARNING_0_SCIENCEPRIMARY,7.0564612968036e-06,2.1317696141415e-06,1.4789757173989e-06,1.5767237123305e-06,9.3216996610963e-06,,2.8572889538244e-14,2.3030905997129e-14,4.1118100744743e-15,2.3519581157849e-15,2.9054002308846e-13,,0.18738,0.14366,-0.04747,0.0,,1.0,0.442034,RXTRD000740
513506871710083072,1237652900765499504,40.167945,-8.0237185,QSO,BROADLINE,0.5768447,4.884534e-05,0,456,51910,351,,,QSO,XRAY_CATALOG,Chandra,SDSS_DR18_SPECTROSCOPY,ZWARNING_0_SCIENCEPRIMARY,4.7833567460585e-05,1.1456496546686e-05,1.0980400131759e-05,1.6100245709349e-05,0.00054128075185405,,1.8783894402806e-13,1.1346104456373e-13,3.009126527309e-14,5.1348343414812e-14,2.8961909944244e-12,,0.02998,-0.18863,-0.21362,0.0,,1.0,2.636916,RXTRD000741
516790288543410176,1237652899158818872,49.329317,-8.2841321,QSO,BROADLINE,0.3242153,7.17821e-05,0,459,51924,8,,,QSO,XRAY_CATALOG,Chandra,SDSS_DR18_SPECTROSCOPY,ZWARNING_0_SCIENCEPRIMARY,5.6759760121314e-05,4.4743359005861e-06,1.4717965123223e-05,2.4409279131492e-05,0.0,,0.0,0.0,3.3194046432693e-14,4.4646808399871e-14,,,-0.34229,-0.60087,-0.26234,0.0,,1.0,4.281472,RXTRD000742
516806231462012928,1237652899695689864,49.300984,-7.9806553,QSO,,2.6472,0.0004877631,0,459,51924,66,,,QSO,XRAY_CATALOG,Chandra,SDSS_DR18_SPECTROSCOPY,ZWARNING_0_SCIENCEPRIMARY,1.8361927119886e-05,1.9809573853479e-06,5.4263780169914e-06,6.0580018026615e-06,0.0,,2.9302552969631e-14,8.9147862359187e-15,1.2691596198429e-14,9.5686358784822e-15,,,-0.44097,-0.49094,-0.05871,0.0,,1.0,0.12125,RXTRD000743
520303502820403200,1237652901309055254,55.430548,-5.8674636,QSO,STARBURST BROADLINE,0.2447427,3.189034e-05,0,462,51909,501,,,QSO,XRAY_CATALOG,Chandra,SDSS_DR18_SPECTROSCOPY,ZWARNING_0_SCIENCEPRIMARY,1.5939092709288e-05,6.467163033229e-06,4.3445604100053e-06,0.0,0.0,,4.6438589015883e-14,4.1504086074514e-14,8.6474838886378e-15,0.0,,,0.21861,0.99938,0.99938,0.0,,1.0,1.815882,RXTRD000744
520304327454124032,1237652901309055156,55.421113,-5.8876067,QSO,STARBURST BROADLINE,0.177214,3.092271e-05,0,462,51909,504,,,QSO,XRAY_CATALOG,Chandra,SDSS_DR18_SPECTROSCOPY,ZWARNING_0_SCIENCEPRIMARY,0.00016688778784226,2.3545559786048e-05,2.3895622750047e-05,9.2239698164189e-05,0.00058677789930924,,3.2330098771014e-13,1.1146620941514e-13,4.574822211918e-14,1.6712530757679e-13,1.5791147173622e-12,,-0.0075,-0.59588,-0.58963,0.0,,1.0,0.413927,RXTRD000745
520304602332030976,1237652901309120725,55.593926,-5.9577498,QSO,BROADLINE,0.8823874,0.0001987966,0,462,51909,505,,,QSO,XRAY_CATALOG,Chandra,SDSS_DR18_SPECTROSCOPY,ZWARNING_0_SCIENCEPRIMARY,5.2284251973668e-05,1.0871604963885e-05,1.252217829763e-05,1.568556466324e-05,1.9750948693915e-05,,1.1061467030857e-13,5.5534763711297e-14,3.2011829879187e-14,2.5147131579836e-14,6.695981829211e-14,,-0.07121,-0.18613,-0.11493,0.0,,1.0,0.064311,RXTRD000746
520337312802957312,1237649962994827392,56.35194,-5.9632197,QSO,BROADLINE,1.890526,0.000446698,0,462,51909,624,,,QSO,XRAY_CATALOG,Chandra,SDSS_DR18_SPECTROSCOPY,ZWARNING_0_SCIENCEPRIMARY,1.1054386544104e-05,2.2174422431071e-06,2.9575742759951e-06,5.255607739524e-06,0.0,,6.938651526805e-14,1.131706324312e-14,7.4020188567168e-15,5.2462826742782e-14,0.0,,-0.13741,-0.43223,-0.30731,0.0,,1.0,0.476813,RXTRD000747
522575918460332032,1237652900774346797,60.454082,-5.6823991,QSO,BROADLINE,0.5702274,8.72157e-05,0,464,51908,576,,,QSO,XRAY_CATALOG,Chandra,SDSS_DR18_SPECTROSCOPY,ZWARNING_0_SCIENCEPRIMARY,0.0002645409383342,4.651919691305e-05,5.6620283370979e-05,0.00010372461360538,0.00013697002046045,,6.595215886367e-13,3.3812293055072e-13,1.3683264115593e-13,1.8016369021489e-13,8.0277747874643e-14,,-0.09619,-0.37851,-0.29232,0.0,,1.0,0.097343,RXTRD000748
525928054418073600,1237651753989243155,131.76165,1.5003936,QSO,BROADLINE,0.416799,3.676457e-05,0,467,51901,483,,,QSO,XRAY_CATALOG,Chandra,SDSS_DR18_SPECTROSCOPY,ZWARNING_0_SCIENCEPRIMARY,5.995182195033e-05,8.7816047337944e-06,1.448173688656e-05,2.9965903583158e-05,0.0,,2.0862569755167e-13,5.8444492071923e-14,3.7143349184708e-14,1.1692735391849e-13,,,-0.23235,-0.54966,-0.35728,0.0,,1.0,2.701557,RXTRD000749
528057258886588416,1237673710404632885,135.84055,1.0547866,QSO,BROADLINE,0.998454,0.000467304,0,469,51913,37,,,QSO,XRAY_CATALOG,Chandra,SDSS_DR18_SPECTROSCOPY,ZWARNING_0_SCIENCEPRIMARY,1.7655505697951e-05,3.1903915841197e-06,3.2932971714447e-06,7.0913864720911e-06,2.1198494423263e-05,,3.339796849924e-14,9.431159648915e-15,8.9215863220467e-15,1.4470131894231e-14,2.652905185148e-14,,0.00874,-0.37477,-0.37352,0.0,,1.0,1.415278,RXTRD000750
528221910752847872,1237674462024040537,135.88292,1.3012703,QSO,BROADLINE,1.894479,0.0002516323,0,469,51913,636,,,QSO,XRAY_CATALOG,Chandra,SDSS_DR18_SPECTROSCOPY,ZWARNING_0_SCIENCEPRIMARY,6.9851993870628e-06,2.004314018191e-06,2.3761980786742e-06,8.0220934818287e-07,0.0,,1.9798929129899e-14,1.3251133188038e-14,6.242224329595e-15,1.2951848183916e-15,0.0,,-0.07245,0.43723,0.48969,0.0,,1.0,0.090847,RXTRD000751
529182609306052608,1237650796216123656,137.3017,0.039392437,QSO,STARBURST BROADLINE,0.2936349,5.029956e-05,0,470,51929,35,,,QSO,XRAY_CATALOG,Chandra,SDSS_DR18_SPECTROSCOPY,ZWARNING_0_SCIENCEPRIMARY,3.8756983153665e-05,6.4314611489419e-06,9.9999042035588e-06,1.2838169296064e-05,0.0,,9.1813563486506e-14,4.8699428680968e-14,2.6589902949167e-14,2.1225986313518e-14,0.0,,-0.16365,-0.31106,-0.14616,0.0,,1.0,0.128445,RXTRD000752
530375854216210432,1237674462024106016,135.94044,1.426321,QSO,BROADLINE,1.236403,0.000252904,0,471,51924,280,,,QSO,XRAY_CATALOG,Chandra,SDSS_DR18_SPECTROSCOPY,ZWARNING_0_SCIENCEPRIMARY,9.6256919010018e-06,1.322810717143e-06,2.1091220525174e-06,4.1992654831679e-06,0.0,,1.5088353748005e-14,0.0,5.3848261179025e-15,6.4903436172888e-15,0.0,,-0.0812,-0.46846,-0.35978,0.0,,1.0,0.941061,RXTRD000753
532606488514947072,1237651752918974676,139.76831,1.0418023,QSO,BROADLINE,2.058326,0.0003564222,0,473,51929,203,,,QSO,XRAY_CATALOG,Chandra,SDSS_DR18_SPECTROSCOPY,ZWARNING_0_SCIENCEPRIMARY,5.2965130932842e-06,0.0,2.0536834333229e-06,1.7336510475204e-06,0.0,,9.7504392750651e-15,0.0,5.3877541404243e-15,2.2785586514465e-15,,,-0.99938,-0.99938,0.00999,0.0,,1.0,0.720113,RXTRD000754
532718913578887168,1237673708259508438,141.25194,2.3728327,QSO,STARBURST BROADLINE,0.08362186,4.076228e-05,0,473,51929,612,,,QSO,XRAY_CATALOG,Chandra,SDSS_DR18_SPECTROSCOPY,ZWARNING_0_SCIENCEPRIMARY,2.3460709281182e-05,1.5531461634212e-05,2.7374747679759e-06,1.4736079740815e-06,5.3216304208608e-06,,1.2310828350282e-13,1.1518372404014e-13,7.3697881071441e-15,2.4305120567954e-15,1.2714929633176e-15,,0.70081,0.82698,0.29856,0.0,,1.0,0.148708,RXTRD000755
532724136259119104,1237653665254998215,141.23596,2.1205144,QSO,BROADLINE,1.203601,0.0002507949,0,473,51929,631,,,QSO,XRAY_CATALOG,Chandra,SDSS_DR18_SPECTROSCOPY,ZWARNING_0_SCIENCEPRIMARY,3.3589704508974e-05,1.0012908879484e-05,5.8394341647079e-06,1.0851960398632e-05,0.0,,1.2693082904809e-13,9.5061710820409e-14,1.5511682488758e-14,1.9229883258323e-14,,,0.27608,-0.03998,-0.31106,0.0,,1.0,2.192731,RXTRD000756
534893473304700928,1237673708259508232,141.23263,2.3236109,QSO,BROADLINE,1.522796,0.0002650735,0,475,51965,331,,,QSO,XRAY_CATALOG,Chandra,SDSS_DR18_SPECTROSCOPY,ZWARNING_0_SCIENCEPRIMARY,4.5124985469166e-05,8.203999066803e-06,8.8988911010164e-06,1.742520995728e-05,4.4870083913447e-05,,9.8191072297908e-14,4.5829247035764e-14,2.1558211038723e-14,3.1810628433412e-14,1.1364160565763e-13,,-0.03123,-0.35978,-0.33104,0.0,,1.0,0.28968,RXTRD000757
543906444307621888,1237651274037329960,133.675,57.958337,QSO,BROADLINE,1.317704,0.0001894891,0,483,51924,352,,,QSO,XRAY_CATALOG,Chandra,SDSS_DR18_SPECTROSCOPY,ZWARNING_0_SCIENCEPRIMARY,0.00014682397793017,3.2841390889411e-05,2.9760264934577e-05,5.0153732254387e-05,0.00011455927330839,,4.3739819534703e-13,2.3386146782577e-13,7.0937384555808e-14,1.3607561003214e-13,0.0,,0.04997,-0.21112,-0.25859,0.0,,1.0,0.703323,RXTRD000758
545059007086225408,1237651273501638726,137.99779,59.502521,QSO,STARBURST BROADLINE,0.2291502,2.890085e-05,0,484,51907,449,,,QSO,XRAY_CATALOG,Chandra,SDSS_DR18_SPECTROSCOPY,ZWARNING_0_SCIENCEPRIMARY,4.5415199308307e-05,1.2930355500437e-05,9.0369377196402e-06,1.0594254587908e-05,0.0,,9.670670121985e-14,6.6954173025152e-14,2.1143601439033e-14,1.2305239546316e-14,,,0.19238,0.10493,-0.09119,0.0,,1.0,1.137584,RXTRD000759
545102162917615616,1237651272964964483,139.4518,59.449013,QSO,BROADLINE,1.089827,0.0005278101,0,484,51907,606,,,QSO,XRAY_CATALOG,Chandra,SDSS_DR18_SPECTROSCOPY,ZWARNING_0_SCIENCEPRIMARY,7.6413224696744e-05,1.5355837231906e-05,1.5477398382422e-05,3.0604906017761e-05,0.0001404957609962,,1.8048181164218e-13,8.287550055574e-14,3.4768665029969e-14,6.7758186546936e-14,,,0.00375,-0.34478,-0.34478,0.0,,1.0,0.397193,RXTRD000760
546139277294069760,1237651538702958597,139.65194,59.25986,QSO,BROADLINE,1.294508,0.0002729836,0,485,51909,283,,,QSO,XRAY_CATALOG,Chandra,SDSS_DR18_SPECTROSCOPY,ZWARNING_0_SCIENCEPRIMARY,2.6723122395842e-05,6.3382191777408e-06,7.0742647099034e-06,6.5830058387995e-06,1.2440595677983e-05,,6.7795318029962e-14,4.3436758710669e-14,1.721989765124e-14,1.0697696937786e-14,8.6763217363495e-15,,-0.03623,-0.01249,0.02374,0.0,,1.0,0.282389,RXTRD000761
547308058171172864,1237651272966275297,143.88754,61.460736,QSO,,0.4756496,0.0002894851,0,486,51910,439,,,QSO,XRAY_CATALOG,Chandra,SDSS_DR18_SPECTROSCOPY,ZWARNING_0_SCIENCEPRIMARY,1.8521952218618e-05,9.9049025751927e-06,2.4140201096543e-06,8.3382305713273e-07,4.2842163536676e-06,,4.931174788998e-14,4.554074847701e-14,4.3078278304256e-15,6.2598705550238e-16,2.4460444785614e-14,,0.60962,0.84322,0.46971,0.0,,1.0,0.641943,RXTRD000762
548451275939801088,1237651539242713187,150.29987,63.54032,QSO,BROADLINE,1.913933,0.0003929569,0,487,51943,502,,,QSO,XRAY_CATALOG,Chandra,SDSS_DR18_SPECTROSCOPY,ZWARNING_0_SCIENCEPRIMARY,3.6452138901484e-05,4.5941289327191e-06,1.5022677577217e-05,3.6608812339927e-06,0.0,,5.9396856165035e-14,2.2673549422053e-14,3.7740136385188e-14,0.0,,,-0.45222,0.11618,0.54591,0.0,,1.0,3.924267,RXTRD000763
549462826150815744,1237651537632559181,153.86361,62.986528,QSO,BROADLINE,0.3505344,2.852833e-05,0,488,51914,86,,,QSO,XRAY_CATALOG,Chandra,SDSS_DR18_SPECTROSCOPY,ZWARNING_0_SCIENCEPRIMARY,1.5753852240285e-05,5.6135192545799e-06,3.1654196907576e-06,4.1143022181568e-06,9.3277978738482e-06,,6.3813806969684e-14,5.0593579957074e-14,6.8385762416991e-15,9.634632551493e-15,0.0,,0.30981,0.1649,-0.15615,0.0,,1.0,0.298991,RXTRD000764
550580479988885504,1237651537633935592,159.96453,64.501172,QSO,AGN BROADLINE,0.4018537,4.652423e-05,0,489,51930,56,,,QSO,XRAY_CATALOG,Chandra,SDSS_DR18_SPECTROSCOPY,ZWARNING_0_SCIENCEPRIMARY,1.9274241735311e-06,6.091626237782e-07,0.0,9.8480896046366e-07,6.1772793788581e-06,,5.4966199305824e-15,4.457733185252e-15,,1.4904177096841e-15,3.9402092666571e-14,,0.99938,-0.21986,-0.99938,0.0,,1.0,0.140999,RXTRD000765
550626384599345152,1237651272969355369,157.34588,65.050014,QSO,AGN BROADLINE,0.2016234,2.772478e-05,0,489,51930,223,,,QSO,XRAY_CATALOG,Chandra,SDSS_DR18_SPECTROSCOPY,ZWARNING_0_SCIENCEPRIMARY,0.00016201419251972,2.9390051400478e-05,2.9648428298882e-05,6.5184149968998e-05,0.00019982144157942,,4.1093205240351e-13,2.0233632965176e-13,7.5208776629813e-14,1.3741663390647e-13,8.6534708633206e-14,,-0.005,-0.38101,-0.37601,0.0,,1.0,0.256467,RXTRD000766
550672838965618688,1237651539244154986,156.95388,65.227058,QSO,BROADLINE,0.4455218,3.366491e-05,0,489,51930,392,,,QSO,XRAY_CATALOG,Chandra,SDSS_DR18_SPECTROSCOPY,ZWARNING_0_SCIENCEPRIMARY,5.3459031107116e-05,1.1845718237961e-05,1.1298822420383e-05,2.1809464962757e-05,0.0,,1.683389566938e-13,9.0944800423252e-14,2.9197217669958e-14,4.9611895754411e-14,0.0,,0.02498,-0.30481,-0.3273,0.0,,1.0,1.031107,RXTRD000767
553991440355584000,1237651272972828760,176.11492,67.367564,QSO,STARBURST BROADLINE,0.1169268,4.809787e-05,0,492,51955,177,,,QSO,XRAY_CATALOG,Chandra,SDSS_DR18_SPECTROSCOPY,ZWARNING_0_SCIENCEPRIMARY,0.00016821591325308,4.7059073831947e-05,3.9767752727921e-05,3.8811405058129e-05,0.00011381681069099,,4.6584217155056e-13,3.0740638664969e-13,9.4882461202278e-14,6.9000275178098e-14,1.6080575946411e-13,,0.08745,0.10119,0.01249,0.0,,1.0,0.019126,RXTRD000768
559576135361390592,1237651538716590209,209.3522,65.418307,QSO,STARBURST BROADLINE,0.1062798,3.042994e-05,0,497,51989,14,,,QSO,XRAY_CATALOG,Chandra,SDSS_DR18_SPECTROSCOPY,ZWARNING_0_SCIENCEPRIMARY,0.00060188105570163,5.8013145389234e-05,9.8612749122813e-05,0.00029528712984562,0.00093479270581049,,1.1639349543167e-12,3.8057638510622e-13,2.4351481793152e-13,5.29520004562e-13,1.6524772251363e-12,,-0.25734,-0.67083,-0.49844,0.0,,1.0,0.037169,RXTRD000769
560739418579691520,1237651538717180088,212.09929,64.824409,QSO,BROADLINE,1.122039,0.0004307071,0,498,51984,150,,,QSO,XRAY_CATALOG,Chandra,SDSS_DR18_SPECTROSCOPY,ZWARNING_0_SCIENCEPRIMARY,1.6144881804935e-05,4.3473907365271e-06,3.2295296545765e-06,4.5960682811113e-06,0.0,,5.2236861559926e-14,3.7537208126609e-14,7.4715217425161e-15,9.6568668182006e-15,0.0,,0.19988,-0.03998,-0.2361,0.0,,1.0,1.119162,RXTRD000770
562959057846036480,1237651753460629734,150.64305,1.8364506,QSO,BROADLINE,1.505538,0.0003238806,0,500,51994,33,,,QSO,XRAY_CATALOG,Chandra,SDSS_DR18_SPECTROSCOPY,ZWARNING_0_SCIENCEPRIMARY,1.4917422378515e-05,3.2216611294003e-06,3.3351907326364e-06,6.0897839171374e-06,6.3204081041728e-05,,4.4802440791967e-14,2.5202748012075e-14,8.5199135122058e-15,1.1663733456449e-14,0.0,,-0.01999,-0.30856,-0.28982,0.0,,1.0,0.076941,RXTRD000771
562969778084407296,1237651736280826050,150.24516,1.9000441,QSO,BROADLINE,1.560018,0.0006858202,0,500,51994,72,,,QSO,XRAY_CATALOG,Chandra,SDSS_DR18_SPECTROSCOPY,ZWARNING_0_SCIENCEPRIMARY,1.4740088939966e-05,3.4191778418986e-06,3.0606340890207e-06,5.3515384668348e-06,,,3.0883336268092e-14,1.7958357464643e-14,5.9284785644589e-15,8.4311754443294e-15,,,0.05372,-0.22486,-0.27608,1.0,79298.885,1.0,0.297291,RXTRD000772
562970602718128128,1237651735744020779,150.38402,1.5724441,QSO,BROADLINE,1.361265,0.0007108235,0,500,51994,75,,,QSO,XRAY_CATALOG,Chandra,SDSS_DR18_SPECTROSCOPY,ZWARNING_0_SCIENCEPRIMARY,6.0205315807945e-06,1.0612498420726e-06,1.65034183338e-06,3.5007321361135e-06,0.0,,1.6109001804445e-14,6.7975162183646e-15,3.7849329439969e-15,5.559302378982e-15,,,-0.20862,-0.54966,-0.37976,0.0,,1.0,0.81271,RXTRD000773
562971427351848960,1237651753460498715,150.37656,1.717876,QSO,BROADLINE,1.570781,0.0006060117,0,500,51994,78,,,QSO,XRAY_CATALOG,Chandra,SDSS_DR18_SPECTROSCOPY,ZWARNING_0_SCIENCEPRIMARY,5.4579992099236e-06,1.861919173101e-06,1.2168692664428e-06,1.1000884594776e-06,0.0,,1.5471377892998e-14,1.2294197631012e-14,2.9603090141394e-15,1.0705573747019e-15,0.0,,0.21611,0.25359,0.03373,0.0,,1.0,0.021855,RXTRD000774
562971977107662848,1237651753460498560,150.31995,1.6815708,QSO,BROADLINE,2.054655,0.0007097411,0,500,51994,80,,,QSO,XRAY_CATALOG,Chandra,SDSS_DR18_SPECTROSCOPY,ZWARNING_0_SCIENCEPRIMARY,7.8437955409331e-06,1.3087814390354e-06,1.8099415331198e-06,3.6791520572442e-06,0.0,,1.7920825285837e-14,8.1613808051391e-15,4.2851980169081e-15,5.9970410663144e-15,0.0,,-0.15365,-0.47595,-0.34478,0.0,,1.0,0.279191,RXTRD000775
562979123933243392,1237651735743889730,150.05643,1.627459,QSO,,1.616531,0.000971019,0,500,51994,106,,,QSO,XRAY_CATALOG,Chandra,SDSS_DR18_SPECTROSCOPY,ZWARNING_0_SCIENCEPRIMARY,3.3870001947559e-06,5.5592598482665e-07,9.1898890956613e-07,1.3014358950567e-06,0.0,,8.1529143319161e-15,3.5468005316469e-15,2.2084129985593e-15,2.2036489633559e-15,0.0,,-0.22986,-0.41099,-0.19363,0.0,,1.0,0.185065,RXTRD000776
562980223444871168,1237651735743824143,150.03392,1.5518067,QSO,BROADLINE,1.171342,0.0006042984,0,500,51994,110,,,QSO,XRAY_CATALOG,Chandra,SDSS_DR18_SPECTROSCOPY,ZWARNING_0_SCIENCEPRIMARY,5.8386013662822e-06,1.0279720917797e-06,1.5580323020131e-06,2.8075803699042e-06,5.4443576946448e-05,,1.2543232497971e-14,5.1351355087069e-15,3.5659466710384e-15,3.7956579530749e-15,0.0,,-0.19738,-0.46596,-0.29357,0.0,,1.0,0.040244,RXTRD000777
562982422468126720,1237651736280760574,150.10161,1.8483356,QSO,,1.660814,0.001055599,0,500,51994,118,,,QSO,XRAY_CATALOG,Chandra,SDSS_DR18_SPECTROSCOPY,ZWARNING_0_SCIENCEPRIMARY,4.3970139761082e-06,1.1385558355621e-06,8.6284171620771e-07,1.3260816056005e-06,,,1.1547748411876e-14,7.3198602847583e-15,1.8394733718513e-15,2.3626363241298e-15,0.0,,0.14866,-0.0862,-0.23111,1.0,79298.885,1.0,0.342086,RXTRD000778
562989844171614208,1237653664185057547,149.94003,1.5089309,QSO,,1.10634,0.000930969,0,500,51994,145,,,QSO,XRAY_CATALOG,Chandra,SDSS_DR18_SPECTROSCOPY,ZWARNING_0_SCIENCEPRIMARY,6.7609946030209e-06,2.176906126612e-06,1.3934512074174e-06,1.8751538695943e-06,2.6374761537009e-05,,2.0273280315837e-14,1.5043973430757e-14,3.3198782831983e-15,2.2763221287058e-15,0.0,,0.21986,0.06371,-0.1599,0.0,,1.0,0.413698,RXTRD000779
562992043194869760,1237651753460302113,149.9916,1.7242806,QSO,,1.624676,0.0009235492,0,500,51994,153,,,QSO,XRAY_CATALOG,Chandra,SDSS_DR18_SPECTROSCOPY,ZWARNING_0_SCIENCEPRIMARY,4.8503403785532e-06,9.116335061762e-07,1.3372273255676e-06,2.5193572585464e-06,6.3906596605915e-05,,5.8141871177542e-15,2.2866285614506e-15,2.6360040246446e-15,2.264916197753e-15,0.0,,-0.17739,-0.4772,-0.3223,0.0,,1.0,0.494024,RXTRD000780
562997815630915584,1237651753460105456,149.54535,1.6681169,QSO,BROADLINE,2.10123,0.0005324754,0,500,51994,174,,,QSO,XRAY_CATALOG,Chandra,SDSS_DR18_SPECTROSCOPY,ZWARNING_0_SCIENCEPRIMARY,4.8039496716281e-06,1.2330610762951e-06,1.1244235041137e-06,1.7089333443692e-06,0.0,,1.3976419329043e-14,7.6887505075979e-15,2.9304074866896e-15,2.675017114816e-15,0.0,,0.05247,-0.17989,-0.22986,0.0,,1.0,0.640396,RXTRD000781
562998090508822528,1237651753460170796,149.6448,1.7506538,QSO,BROADLINE,1.900383,0.0007701116,0,500,51994,175,,,QSO,XRAY_CATALOG,Chandra,SDSS_DR18_SPECTROSCOPY,ZWARNING_0_SCIENCEPRIMARY,4.6703677671229e-06,1.6282234544006e-06,8.2360445487729e-07,1.2092924246336e-06,2.544361150135e-05,,1.5635020236426e-14,1.1719746612343e-14,2.03046791693e-15,1.7653281988182e-15,0.0,,0.33104,0.13991,-0.20612,0.0,,1.0,0.532741,RXTRD000782
562998915142543360,1237651753460105550,149.56461,1.8230777,QSO,BROADLINE,1.507393,0.0003619289,0,500,51994,178,,,QSO,XRAY_CATALOG,Chandra,SDSS_DR18_SPECTROSCOPY,ZWARNING_0_SCIENCEPRIMARY,5.1575280475598e-05,1.3437232628484e-05,1.1869376935298e-05,1.4794428650105e-05,0.0,,1.5712287256805e-13,9.3034707147621e-14,3.0126116383072e-14,3.5816920027672e-14,0.0,,0.06246,-0.04997,-0.11118,0.0,,1.0,0.057211,RXTRD000783
562999190020450304,1237651753460171035,149.68727,1.7191769,QSO,,1.349683,0.001457181,0,500,51994,179,,,QSO,XRAY_CATALOG,Chandra,SDSS_DR18_SPECTROSCOPY,ZWARNING_0_SCIENCEPRIMARY,8.2934397239442e-06,2.2110002144201e-06,1.9643163943325e-06,2.4604172862146e-06,3.106630934126e-05,,2.3807687039348e-14,1.3619877007368e-14,4.57890719453e-15,3.8926180675355e-15,,,0.06246,-0.05746,-0.11993,0.0,,1.0,0.572494,RXTRD000784
563072032665790464,1237653665795473723,149.43057,2.8066272,QSO,BROADLINE,1.361923,0.0009937626,0,500,51994,444,,,QSO,XRAY_CATALOG,Chandra,SDSS_DR18_SPECTROSCOPY,ZWARNING_0_SCIENCEPRIMARY,4.2677113062554e-06,8.2340897807911e-07,1.1538106867781e-06,1.8805699651549e-06,0.0,,1.1990734874498e-14,5.9935584273707e-15,2.8490102704262e-15,3.6010760342771e-15,,,-0.16365,-0.42224,-0.26983,0.0,,1.0,0.296387,RXTRD000785
563072307543697408,1237653665795473647,149.47952,2.8018079,QSO,BROADLINE,1.11041,0.0005472108,0,500,51994,445,,,QSO,XRAY_CATALOG,Chandra,SDSS_DR18_SPECTROSCOPY,ZWARNING_0_SCIENCEPRIMARY,1.3257627285511e-05,2.7373412257913e-06,3.3879795064638e-06,4.8185244820588e-06,5.3202720000292e-05,,3.8249372354452e-14,1.7836558477736e-14,8.2322271017215e-15,1.2604716742496e-14,0.0,,-0.09994,-0.28232,-0.18738,0.0,,1.0,0.300146,RXTRD000786
563072582421604352,1237651754533847244,149.47793,2.6424256,QSO,BROADLINE,1.602694,0.0006785024,0,500,51994,446,,,QSO,XRAY_CATALOG,Chandra,SDSS_DR18_SPECTROSCOPY,ZWARNING_0_SCIENCEPRIMARY,3.3857871337643e-06,6.2454014991127e-07,9.6940011868165e-07,1.2801741306813e-06,0.0,,9.9811462009041e-15,3.8264476421031e-15,2.3336360254472e-15,3.3629995565025e-15,0.0,,-0.20987,-0.36102,-0.1574,0.0,,1.0,0.192442,RXTRD000787
563073132177418240,1237653665795539099,149.59021,2.7745194,QSO,,1.402062,0.0008049274,0,500,51994,448,,,QSO,XRAY_CATALOG,Chandra,SDSS_DR18_SPECTROSCOPY,ZWARNING_0_SCIENCEPRIMARY,3.1970950662662e-05,7.0416171861512e-06,7.1915761191191e-06,1.3336977996937e-05,0.0,,8.4061854075974e-14,4.4574481483023e-14,1.6259546490915e-14,2.3857125582097e-14,0.0,,-0.01124,-0.3123,-0.30106,0.0,,1.0,0.057739,RXTRD000788
563076980468115456,1237651754533781843,149.35155,2.5885692,QSO,BROADLINE,0.9567142,0.000674706,0,500,51994,462,,,QSO,XRAY_CATALOG,Chandra,SDSS_DR18_SPECTROSCOPY,ZWARNING_0_SCIENCEPRIMARY,1.1366643108803e-05,2.308214515244e-06,2.5887518063453e-06,5.3978734184884e-06,0.0,,6.3237773602702e-14,1.5093076021513e-14,5.8493787218104e-15,4.2557016962275e-14,,,-0.05122,-0.40849,-0.36227,0.0,,1.0,0.525607,RXTRD000789
563084127293696000,1237651754533912762,149.58282,2.484295,QSO,BROADLINE,0.3452077,8.460964e-05,0,500,51994,488,,,QSO,XRAY_CATALOG,Chandra,SDSS_DR18_SPECTROSCOPY,ZWARNING_0_SCIENCEPRIMARY,5.5191247588725e-05,1.3046156266287e-05,1.2449503510264e-05,2.2321220841844e-05,0.00013039632534624,,2.1390587003491e-13,9.2752483051139e-14,3.2486680805425e-14,8.9852438970853e-14,,,0.02498,-0.26608,-0.28857,0.0,,1.0,0.251726,RXTRD000790
563085226805323776,1237653665258602650,149.46796,2.339222,QSO,BROADLINE,2.044116,0.000570362,0,500,51994,492,,,QSO,XRAY_CATALOG,Chandra,SDSS_DR18_SPECTROSCOPY,ZWARNING_0_SCIENCEPRIMARY,4.7695385291713e-06,1.4964104647681e-06,1.0127802386012e-06,1.809103625133e-06,0.0,,8.0547075966315e-14,8.9654822731185e-15,2.8789552940874e-15,7.2408736352471e-14,0.0,,0.19988,-0.12867,-0.32355,0.0,,1.0,0.939755,RXTRD000791
563085501683230720,1237651753997041836,149.58523,2.0510863,QSO,,1.355849,0.000913565,0,500,51994,493,,,QSO,XRAY_CATALOG,Chandra,SDSS_DR18_SPECTROSCOPY,ZWARNING_0_SCIENCEPRIMARY,2.6134429037576e-06,9.9078915922765e-07,6.8766419635671e-07,,0.0,,7.2543333373223e-15,5.8291220203242e-15,1.7605558123185e-15,,0.0,,0.18988,,,0.0,,1.0,0.671292,RXTRD000792
563088800218114048,1237651754533978410,149.7036,2.5780862,QSO,BROADLINE,1.545125,0.0005880245,0,500,51994,505,,,QSO,XRAY_CATALOG,Chandra,SDSS_DR18_SPECTROSCOPY,ZWARNING_0_SCIENCEPRIMARY,1.10341351572e-05,2.3327037988434e-06,2.3832505545335e-06,4.1635400765108e-06,2.8854300374527e-05,,3.0029336912654e-14,1.4995140389302e-14,5.9101104303674e-15,8.6536849611632e-15,,,-0.00999,-0.28357,-0.27358,0.0,,1.0,0.466133,RXTRD000793
563089075096020992,1237651753997107447,149.73894,2.2206788,QSO,,1.023918,0.0001921766,0,500,51994,506,,,QSO,XRAY_CATALOG,Chandra,SDSS_DR18_SPECTROSCOPY,ZWARNING_0_SCIENCEPRIMARY,9.7452588170666e-05,2.2835894359689e-05,2.0353573150327e-05,3.608942793433e-05,0.0002208891751539,,3.1523711523855e-13,1.6697899346739e-13,5.3915668854643e-14,9.6536286484213e-14,1.6697777698855e-11,,0.05621,-0.22736,-0.27983,0.0,,1.0,0.134365,RXTRD000794
563094022898345984,1237654599952629883,149.78618,2.9066712,QSO,BROADLINE,1.56087,0.0002837233,0,500,51994,524,,,QSO,XRAY_CATALOG,Chandra,SDSS_DR18_SPECTROSCOPY,ZWARNING_0_SCIENCEPRIMARY,1.6343002496036e-05,2.2647910652081e-06,4.2873603721815e-06,8.6222726233609e-06,0.0,,3.5949991938849e-14,1.1602227526825e-14,9.5690549628699e-15,1.4994881958688e-14,,,-0.30731,-0.59088,-0.34354,0.0,,1.0,0.431505,RXTRD000795
563096221921601536,1237654599952629950,149.71728,2.8656534,QSO,BROADLINE,1.405917,0.0005173162,0,500,51994,532,,,QSO,XRAY_CATALOG,Chandra,SDSS_DR18_SPECTROSCOPY,ZWARNING_0_SCIENCEPRIMARY,1.1180134493519e-05,2.6437684490388e-06,2.9527936963771e-06,4.8609715682744e-06,0.0,,3.8816883556701e-14,2.0951113992852e-14,7.1040180353614e-15,1.1678823988454e-14,,,-0.04747,-0.30981,-0.26359,0.0,,1.0,0.771181,RXTRD000796
563098146066950144,1237653665795604493,149.64186,2.740864,QSO,BROADLINE,1.89047,0.0004535709,0,500,51994,539,,,QSO,XRAY_CATALOG,Chandra,SDSS_DR18_SPECTROSCOPY,ZWARNING_0_SCIENCEPRIMARY,5.6633632439756e-06,1.5696585401715e-06,1.1220691561177e-06,4.1672476570101e-06,0.0,,2.1235444478969e-14,8.1893005078371e-15,2.9757983436362e-15,1.0234981265866e-14,,,0.17614,-0.4797,-0.59963,0.0,,1.0,0.405858,RXTRD000797
563102818991368192,1237651736280760426,150.0589,2.0151552,QSO,BROADLINE,2.497976,0.0002004887,0,500,51994,556,,,QSO,XRAY_CATALOG,Chandra,SDSS_DR18_SPECTROSCOPY,ZWARNING_0_SCIENCEPRIMARY,5.0977982592174e-06,1.0250773817938e-06,8.2587593885399e-07,2.3340612648545e-06,9.2983805395361e-06,,1.4338343218071e-14,5.5916804567183e-15,2.2314354665407e-15,6.7060747836982e-15,0.0,,0.11118,-0.40225,-0.4872,1.0,79298.885,1.0,0.151384,RXTRD000798
563106942159972352,1237653665795670366,149.89864,2.8109261,QSO,BROADLINE,1.97946,0.001073197,0,500,51994,571,,,QSO,XRAY_CATALOG,Chandra,SDSS_DR18_SPECTROSCOPY,ZWARNING_0_SCIENCEPRIMARY,2.4536156018833e-06,3.6209656030952e-07,5.190414359623e-07,1.3834334049158e-06,6.467758863541e-06,,6.8977962356951e-15,2.5211985221736e-15,1.0737136982795e-15,3.1654611969621e-15,0.0,,-0.15365,-0.58713,-0.46721,0.0,,1.0,0.133119,RXTRD000799
563108866305320960,1237651754533978349,149.83871,2.6750834,QSO,STARBURST BROADLINE,0.2598137,6.036588e-05,0,500,51994,578,,,QSO,XRAY_CATALOG,Chandra,SDSS_DR18_SPECTROSCOPY,ZWARNING_0_SCIENCEPRIMARY,2.6779988252252e-05,6.3589560942948e-06,5.9304754271597e-06,9.6138858273525e-06,4.0887759844659e-05,,8.6155700751144e-14,4.4389252964536e-14,1.4528797164515e-14,2.6709550210217e-14,0.0,,0.03498,-0.20737,-0.23985,0.0,,1.0,0.187602,RXTRD000800
563109690939041792,1237651754534240606,150.33444,2.5614906,QSO,BROADLINE,1.835898,0.0006988537,0,500,51994,581,,,QSO,XRAY_CATALOG,Chandra,SDSS_DR18_SPECTROSCOPY,ZWARNING_0_SCIENCEPRIMARY,4.5013711669053e-06,8.2081393580529e-07,1.0865474766517e-06,1.7812100122164e-06,,,1.1811322069341e-14,6.3050205866447e-15,2.5616687175205e-15,2.8926995636135e-15,0.0,,-0.12992,-0.37102,-0.25234,0.0,,1.0,0.235012,RXTRD000801
563111615084390400,1237653665258995833,150.30956,2.3991334,QSO,BROADLINE,1.802462,0.0004391042,0,500,51994,588,,,QSO,XRAY_CATALOG,Chandra,SDSS_DR18_SPECTROSCOPY,ZWARNING_0_SCIENCEPRIMARY,9.0857528859751e-06,1.8414485041012e-06,1.8572839409347e-06,3.3196292525052e-06,8.5614857783255e-06,,2.2935273841571e-14,1.1246114255731e-14,4.5691794145579e-15,7.2219380968407e-15,0.0,,0.0025,-0.28857,-0.28982,0.0,,1.0,0.079468,RXTRD000802
563112164840204288,1237651754534175030,150.23081,2.5781735,QSO,BROADLINE,1.401678,0.0006645258,0,500,51994,590,,,QSO,XRAY_CATALOG,Chandra,SDSS_DR18_SPECTROSCOPY,ZWARNING_0_SCIENCEPRIMARY,1.2824845997192e-05,2.582475781878e-06,2.5327128543365e-06,5.3311139598659e-06,3.0570335388526e-05,,3.4604780448566e-14,1.6130253793886e-14,5.8245683835403e-15,1.1023057109484e-14,0.0,,0.00874,-0.35103,-0.35728,0.0,,1.0,0.331238,RXTRD000803
563120960933226496,1237651754534306011,150.54468,2.5072764,QSO,BROADLINE,1.159956,0.0003220365,0,500,51994,622,,,QSO,XRAY_CATALOG,Chandra,SDSS_DR18_SPECTROSCOPY,ZWARNING_0_SCIENCEPRIMARY,1.468166769176e-05,3.5144662764434e-06,3.0999476312274e-06,7.6347589455587e-06,0.0,,4.4522170816191e-14,2.2811737086345e-14,7.498251743718e-15,1.4748759776705e-14,0.0,,0.06996,-0.37227,-0.42973,0.0,,1.0,0.147688,RXTRD000804
563121235811133440,1237653665259127181,150.6097,2.3230849,QSO,BROADLINE,1.29498,0.0005189727,0,500,51994,623,,,QSO,XRAY_CATALOG,Chandra,SDSS_DR18_SPECTROSCOPY,ZWARNING_0_SCIENCEPRIMARY,1.6179437668317e-05,3.5597746597755e-06,3.6597028260064e-06,6.0493472818783e-06,1.4119772545852e-05,,4.7552801947466e-14,2.6189198963243e-14,9.1512259378361e-15,1.1433845941285e-14,0.0,,-0.01249,-0.26109,-0.24859,0.0,,1.0,0.427771,RXTRD000805
563122060444854272,1237653665259061726,150.51156,2.4096064,QSO,BROADLINE,0.9862742,0.0005831171,0,500,51994,626,,,QSO,XRAY_CATALOG,Chandra,SDSS_DR18_SPECTROSCOPY,ZWARNING_0_SCIENCEPRIMARY,1.0312771097446e-05,2.139449242465e-06,2.3559772688482e-06,,,,2.1856776103613e-14,9.5437570660876e-15,,,5.1124927432304e-15,,-0.04372,,,0.0,,1.0,0.17959,RXTRD000806
563122335322761216,1237653664722256093,150.58122,1.9269472,QSO,BROADLINE,1.507459,0.0007616218,0,500,51994,627,,,QSO,XRAY_CATALOG,Chandra,SDSS_DR18_SPECTROSCOPY,ZWARNING_0_SCIENCEPRIMARY,1.4060333488688e-05,3.5115758356718e-06,3.508125912469e-06,4.8714191041334e-06,1.8751313192437e-05,,4.25616189986e-14,2.2858230184838e-14,8.6595266682137e-15,1.1142993469244e-14,,,0.0,-0.16864,-0.16864,0.0,,1.0,0.075164,RXTRD000807
563123159956482048,1237653665259061690,150.43814,2.4158298,QSO,BROADLINE,2.020384,0.0005333107,0,500,51994,630,,,QSO,XRAY_CATALOG,Chandra,SDSS_DR18_SPECTROSCOPY,ZWARNING_0_SCIENCEPRIMARY,4.0376253912334e-06,5.9507416690205e-07,,1.9050155607388e-06,,,1.0444966987323e-14,4.4400951134461e-15,,3.6393678700756e-15,,,,-0.52592,,0.0,,1.0,0.211095,RXTRD000808
563123434834388992,1237653664722256129,150.65294,1.9968448,QSO,BROADLINE,1.517696,0.0006782049,0,500,51994,631,,,QSO,XRAY_CATALOG,Chandra,SDSS_DR18_SPECTROSCOPY,ZWARNING_0_SCIENCEPRIMARY,4.036186960462e-06,6.0196044915884e-07,1.0182344789769e-06,1.8975103770596e-06,2.0127854048992e-05,,1.390454298998e-14,5.8586108481514e-15,2.757852553972e-15,4.2231702318401e-15,,,-0.24485,-0.52592,-0.31605,0.0,,1.0,0.254758,RXTRD000809
564125918604322816,1237653664722386988,150.86535,1.9617759,QSO,BROADLINE,1.066516,0.0002401612,0,501,52235,182,,,QSO,XRAY_CATALOG,Chandra,SDSS_DR18_SPECTROSCOPY,ZWARNING_0_SCIENCEPRIMARY,2.2698146777355e-05,4.3425368152953e-06,5.7407501289154e-06,9.1727332660702e-06,7.5367956726498e-05,,5.5241432214456e-14,2.2465685325991e-14,1.231626824388e-14,2.0832770332344e-14,,,-0.13492,-0.36352,-0.23985,0.0,,1.0,0.570656,RXTRD000810
564130591528740864,1237653664722321596,150.76217,1.8690394,QSO,BROADLINE,1.803852,0.0004747165,0,501,52235,199,,,QSO,XRAY_CATALOG,Chandra,SDSS_DR18_SPECTROSCOPY,ZWARNING_0_SCIENCEPRIMARY,1.723381537317e-05,4.6407130124858e-06,3.2937644599504e-06,7.3230325788594e-06,3.1556616018533e-05,,6.0206197728605e-14,3.585087370155e-14,8.2119914196602e-15,1.5553342684689e-14,,,0.17614,-0.22361,-0.38476,0.0,,1.0,0.271947,RXTRD000811
564137463476414464,1237653664722190426,150.50629,2.0581798,QSO,BROADLINE,2.016006,0.0007505637,0,501,52235,224,,,QSO,XRAY_CATALOG,Chandra,SDSS_DR18_SPECTROSCOPY,ZWARNING_0_SCIENCEPRIMARY,2.2269550411907e-06,7.2262963498719e-07,4.4059968518054e-07,5.2183994432298e-07,0.0,,7.0914763443409e-15,4.729527933927e-15,1.188060736012e-15,9.2932430522295e-16,,,0.24859,0.13242,-0.12492,0.0,,1.0,0.101506,RXTRD000812
564138837865949184,1237653664185385142,150.65939,1.6295917,QSO,BROADLINE,2.496748,0.0002550688,0,501,52235,229,,,QSO,XRAY_CATALOG,Chandra,SDSS_DR18_SPECTROSCOPY,ZWARNING_0_SCIENCEPRIMARY,1.4635111961775e-05,3.8665778951926e-06,3.8578736747388e-06,7.5207240665937e-06,0.0,,9.5520416238761e-14,3.738478285613e-14,9.1769061742306e-15,4.3759801227672e-14,,,0.00125,-0.33104,-0.33104,0.0,,1.0,0.367772,RXTRD000813
564152032005482496,1237651736280760378,150.10519,1.9811461,QSO,BROADLINE,0.372453,3.799453e-05,0,501,52235,277,,,QSO,XRAY_CATALOG,Chandra,SDSS_DR18_SPECTROSCOPY,ZWARNING_0_SCIENCEPRIMARY,,,,,,0.00012826585074873,,,,,,3.1679482466008e-13,,,,1.0,79298.885,1.0,0.255199,RXTRD000814
564161927610132480,1237651736280695048,149.95581,2.0280977,QSO,BROADLINE,1.753413,0.0002665199,0,501,52235,313,,,QSO,XRAY_CATALOG,Chandra,SDSS_DR18_SPECTROSCOPY,ZWARNING_0_SCIENCEPRIMARY,1.5193098635115e-05,2.6499821610545e-06,3.5614338929263e-06,5.9448442026672e-06,2.8541721940909e-05,,4.3668572166402e-14,2.0226774646669e-14,8.6096910441328e-15,1.4723459920052e-14,0.0,,-0.14241,-0.38351,-0.25359,1.0,79298.885,1.0,0.240332,RXTRD000815
564162752243853312,1237651753996976280,149.49794,2.0766413,QSO,BROADLINE,2.028977,0.0003822506,0,501,52235,316,,,QSO,XRAY_CATALOG,Chandra,SDSS_DR18_SPECTROSCOPY,ZWARNING_0_SCIENCEPRIMARY,5.0395197999062e-06,1.2309201726866e-06,8.7553481066349e-07,2.1920427084835e-06,0.0,,1.3728954408332e-14,7.0640849053507e-15,2.4072515089877e-15,4.2186093751284e-15,0.0,,0.17614,-0.28982,-0.44222,0.0,,1.0,0.51764,RXTRD000816
564164126633388032,1237653665795735655,149.94172,2.7954935,QSO,BROADLINE,1.065383,0.0002626542,0,501,52235,321,,,QSO,XRAY_CATALOG,Chandra,SDSS_DR18_SPECTROSCOPY,ZWARNING_0_SCIENCEPRIMARY,2.2917266091975e-05,3.9655902355233e-06,5.9635038868299e-06,9.6962746955278e-06,0.0,,6.2204668676638e-14,2.8541584314288e-14,1.4319481153758e-14,2.0327264706509e-14,,,-0.19863,-0.42224,-0.2436,0.0,,1.0,0.18677,RXTRD000817
564165775900829696,1237653665795735691,150.00601,2.8124303,QSO,BROADLINE,0.764731,0.0002382545,0,501,52235,327,,,QSO,XRAY_CATALOG,Chandra,SDSS_DR18_SPECTROSCOPY,ZWARNING_0_SCIENCEPRIMARY,1.1476727767606e-05,2.3377454973847e-06,3.0471470949327e-06,4.2933880272153e-06,0.0,,3.2199858827436e-14,1.7577819894586e-14,7.4324361200619e-15,6.757098549554e-15,,,-0.13741,-0.30356,-0.17239,0.0,,1.0,0.362605,RXTRD000818
564169074435713024,1237653665795604583,149.78465,2.7193381,QSO,BROADLINE,1.308326,0.0002620707,0,501,52235,339,,,QSO,XRAY_CATALOG,Chandra,SDSS_DR18_SPECTROSCOPY,ZWARNING_0_SCIENCEPRIMARY,5.3939475670734e-05,1.3681775252055e-05,1.0575021443577e-05,1.9434781962885e-05,0.00013344510432287,,1.284854418653e-13,7.5979557260367e-14,2.0537065987958e-14,3.238188732331e-14,1.0956524788152e-12,,0.12742,-0.17489,-0.29482,0.0,,1.0,0.221841,RXTRD000819
564170998581061632,1237651754534109358,150.05381,2.5896887,QSO,BROADLINE,0.6982127,0.0001205439,0,501,52235,346,,,QSO,XRAY_CATALOG,Chandra,SDSS_DR18_SPECTROSCOPY,ZWARNING_0_SCIENCEPRIMARY,2.7406374719252e-05,4.4558018739508e-06,5.9002878504324e-06,1.2775498170411e-05,7.3719731590521e-05,,7.6950419376123e-14,2.7772223652997e-14,1.3901335416618e-14,3.5487950064605e-14,8.3603795241188e-14,,-0.14116,-0.4872,-0.37102,0.0,,1.0,0.217361,RXTRD000820
564174571993851904,1237651753997107470,149.82792,2.1642832,QSO,BROADLINE,1.15588,0.0004515877,0,501,52235,359,,,QSO,XRAY_CATALOG,Chandra,SDSS_DR18_SPECTROSCOPY,ZWARNING_0_SCIENCEPRIMARY,6.851590572474e-05,1.7604059407062e-05,1.3739992256492e-05,2.1023835904587e-05,4.7542473682928e-05,,1.9645546895186e-13,1.1973826588922e-13,3.2417218859582e-14,4.6666215206014e-14,8.4123352669186e-13,,0.12367,-0.08869,-0.21112,0.0,,1.0,0.219503,RXTRD000821
564174846871758848,1237653665258733836,149.76151,2.3184415,QSO,STARBURST BROADLINE,0.3455749,2.135368e-05,0,501,52235,360,,,QSO,XRAY_CATALOG,Chandra,SDSS_DR18_SPECTROSCOPY,ZWARNING_0_SCIENCEPRIMARY,0.00010457918371603,2.4426303274527e-05,2.0174119100901e-05,3.4641367288104e-05,0.00010616964764986,,2.9643535817255e-13,1.7434022823699e-13,5.0992876459178e-14,7.276273580725e-14,5.2728312724305e-13,,0.09744,-0.17114,-0.26359,0.0,,1.0,0.397917,RXTRD000822
564176771017107456,1237654599952957613,150.40211,2.8843414,QSO,BROADLINE,2.114498,0.0003910447,0,501,52235,367,,,QSO,XRAY_CATALOG,Chandra,SDSS_DR18_SPECTROSCOPY,ZWARNING_0_SCIENCEPRIMARY,2.8388800180026e-05,6.4101584810351e-06,6.6452471707774e-06,1.0193844745411e-05,4.1412496022656e-05,,6.1344513988522e-14,3.5442816420907e-14,1.2879510281483e-14,1.3134966308128e-14,0.0,,-0.01874,-0.23111,-0.21237,0.0,,1.0,0.389391,RXTRD000823
564181993697339392,1237651753997303903,150.17974,2.1103435,QSO,STARBURST BROADLINE,0.3601093,2.883151e-05,0,501,52235,386,,,QSO,XRAY_CATALOG,Chandra,SDSS_DR18_SPECTROSCOPY,ZWARNING_0_SCIENCEPRIMARY,1.5009854958537e-05,3.3298049985399e-06,2.9753605999871e-06,5.1057965671796e-06,8.2837444252608e-06,,3.9966080868747e-14,2.3749425664469e-14,7.3549606237558e-15,9.159617860228e-15,1.2469931852833e-15,,0.05746,-0.21611,-0.26983,1.0,79298.885,1.0,0.1438,RXTRD000824
564185017354315776,1237651754534109386,150.10269,2.5302953,QSO,BROADLINE,1.319147,0.0002090338,0,501,52235,397,,,QSO,XRAY_CATALOG,Chandra,SDSS_DR18_SPECTROSCOPY,ZWARNING_0_SCIENCEPRIMARY,1.5148210604e-05,3.1865822962846e-06,2.861185002896e-06,7.4586881899459e-06,0.0,,4.5699139251145e-14,2.1941357932513e-14,7.2546097099713e-15,1.552876427235e-14,0.0,,0.05871,-0.401,-0.44847,0.0,,1.0,0.159011,RXTRD000825
564194088325244928,1237651754534371555,150.6339,2.593712,QSO,BROADLINE,0.6573269,9.68073e-05,0,501,52235,430,,,QSO,XRAY_CATALOG,Chandra,SDSS_DR18_SPECTROSCOPY,ZWARNING_0_SCIENCEPRIMARY,2.4378925080938e-05,5.5034913900567e-06,5.525410727007e-06,1.003332047229e-05,6.211067546193e-05,,7.1253621433602e-14,3.680628833266e-14,1.3769460176621e-14,2.0772082777349e-14,1.5837147011707e-14,,0.0,-0.29357,-0.29357,0.0,,1.0,0.21876,RXTRD000826
564202884418267136,1237653665259192476,150.71509,2.4848265,QSO,BROADLINE,2.002805,0.0003175444,0,501,52235,462,,,QSO,XRAY_CATALOG,Chandra,SDSS_DR18_SPECTROSCOPY,ZWARNING_0_SCIENCEPRIMARY,6.4935242401524e-06,1.5836275292636e-06,1.326947533816e-06,2.485315872153e-06,3.4630763857897e-05,,1.6354851498458e-14,9.6438086793986e-15,2.9706306293299e-15,3.6673789357569e-15,3.7541462181128e-15,,0.09994,-0.23111,-0.32355,0.0,,1.0,0.181388,RXTRD000827
564205633197336576,1237653665259192578,150.78837,2.3439761,QSO,BROADLINE,1.964449,0.0005068908,0,501,52235,472,,,QSO,XRAY_CATALOG,Chandra,SDSS_DR18_SPECTROSCOPY,ZWARNING_0_SCIENCEPRIMARY,6.6292749528003e-06,1.5114118069217e-06,1.477949134344e-06,2.6140642544334e-06,0.0,,2.2264107081639e-14,1.0953757452515e-14,3.7802087402871e-15,7.9915081459802e-15,5.7793676221231e-13,,0.00874,-0.28107,-0.28732,0.0,,1.0,0.516426,RXTRD000828
564206457831057408,1237653665259257877,150.85235,2.3086948,QSO,BROADLINE,0.5180836,6.587588e-05,0,501,52235,475,,,QSO,XRAY_CATALOG,Chandra,SDSS_DR18_SPECTROSCOPY,ZWARNING_0_SCIENCEPRIMARY,4.0583418883864e-05,8.252408696129e-06,9.8069147773261e-06,1.6660904833714e-05,0.0,,1.2541908438229e-13,4.470611013771e-14,2.2296077865223e-14,5.8859384339878e-14,0.0,,-0.08245,-0.34104,-0.26483,0.0,,1.0,0.69632,RXTRD000829
564211680511289344,1237651754534437287,150.88767,2.6512512,QSO,,0.6638921,0.0002052036,0,501,52235,494,,,QSO,XRAY_CATALOG,Chandra,SDSS_DR18_SPECTROSCOPY,ZWARNING_0_SCIENCEPRIMARY,2.0039976826147e-05,5.4396533442432e-06,5.0308709840001e-06,1.0360357924014e-05,0.002229386504694,,7.3229658592261e-14,3.810846015699e-14,1.3133972209198e-14,2.3003213422531e-14,,,0.03748,-0.3248,-0.35728,0.0,,1.0,0.130174,RXTRD000830
565261434573842432,1237654670810546289,152.78503,0.48575069,QSO,STARBURST BROADLINE,0.1000535,3.851046e-05,0,502,51957,217,,,QSO,XRAY_CATALOG,Chandra,SDSS_DR18_SPECTROSCOPY,ZWARNING_0_SCIENCEPRIMARY,5.656345139614e-05,1.1236346104349e-05,1.3096862328197e-05,1.8260921582475e-05,3.3848592877168e-05,,1.3260946855834e-13,7.3772696627853e-14,3.1222439099083e-14,3.1395492358837e-14,8.9969508824459e-14,,-0.06496,-0.23485,-0.16989,0.0,,1.0,0.163364,RXTRD000831
565377433050572800,1237651753462202524,154.28845,1.9054577,QSO,BROADLINE,0.9826381,0.0003404516,0,502,51957,639,,,QSO,XRAY_CATALOG,Chandra,SDSS_DR18_SPECTROSCOPY,ZWARNING_0_SCIENCEPRIMARY,2.3987579647663e-05,4.8981995372458e-06,5.2935603796794e-06,9.3439053303574e-06,7.6799518563554e-05,,6.9726050463854e-14,4.3084701394629e-14,1.2491203712807e-14,1.7538224433359e-14,0.0,,-0.02249,-0.32355,-0.29856,0.0,,1.0,1.147027,RXTRD000832
566481068551596032,1237651753999597722,155.49408,2.1765478,QSO,BROADLINE,1.688727,0.0005148195,0,503,51999,558,,,QSO,XRAY_CATALOG,Chandra,SDSS_DR18_SPECTROSCOPY,ZWARNING_0_SCIENCEPRIMARY,9.716003618928e-06,0.0,0.0,4.6992189074203e-06,2.770642420018e-05,,1.7887055621189e-14,0.0,0.0,8.0907802797812e-15,9.6915936531214e-15,,0.99938,-0.99938,-0.99938,0.0,,1.0,2.005908,RXTRD000833
572038281353521152,1237654028714836080,164.4366,1.4894791,QSO,BROADLINE,1.690684,0.0004591607,0,508,52366,295,,,QSO,XRAY_CATALOG,Chandra,SDSS_DR18_SPECTROSCOPY,ZWARNING_0_SCIENCEPRIMARY,2.6049932631871e-05,3.9623568855727e-06,5.6017157801518e-06,1.1925522804883e-05,4.218215089795e-05,,7.1492202354451e-14,3.0332596819056e-14,1.4474569245848e-14,2.9922726793914e-14,0.0,,-0.16115,-0.51093,-0.37477,0.0,,1.0,1.272794,RXTRD000834
573171877975975936,1237651755078189211,166.48411,3.2120173,QSO,BROADLINE,0.353805,5.158146e-05,0,509,52374,323,,,QSO,XRAY_CATALOG,Chandra,SDSS_DR18_SPECTROSCOPY,ZWARNING_0_SCIENCEPRIMARY,0.00013773553685831,7.2949814561796e-05,2.5164807028057e-05,1.2610649659623e-05,3.2430223794447e-05,,6.7489826394536e-13,6.0479343275602e-13,6.2643660527385e-14,2.0266887664974e-14,9.4966155061413e-15,,0.49094,0.70831,0.32979,0.0,,1.0,0.227415,RXTRD000835
575343417836464128,1237654029791592613,171.36049,2.3441827,QSO,STARFORMING BROADLINE,0.04869759,2.305751e-05,0,511,52636,31,,,QSO,XRAY_CATALOG,Chandra,SDSS_DR18_SPECTROSCOPY,ZWARNING_0_SCIENCEPRIMARY,0.00016545294556016,,2.7899688025103e-05,7.3737375147209e-05,6.6392781535457e-05,,3.7646341566839e-13,1.6640730176141e-13,6.6797303050604e-14,1.3728109488108e-13,3.3796995450163e-14,,,,,0.0,,1.0,0.150891,RXTRD000836
575350014906230784,1237648722837307681,170.83341,1.1105202,QSO,BROADLINE,0.2789425,4.333827e-05,0,511,52636,55,,,QSO,XRAY_CATALOG,Chandra,SDSS_DR18_SPECTROSCOPY,ZWARNING_0_SCIENCEPRIMARY,4.9168033514889e-05,2.3559679687278e-05,8.013453198174e-06,2.506172399604e-06,0.0,,2.0803108023537e-13,1.8504023929388e-13,2.1396713323432e-14,4.4581490167563e-15,,,0.49219,0.807,0.51718,0.0,,1.0,0.085157,RXTRD000837
575354138074834944,1237651752932540463,170.83635,1.6298523,QSO,BROADLINE,1.474728,0.0001297469,0,511,52636,70,,,QSO,XRAY_CATALOG,Chandra,SDSS_DR18_SPECTROSCOPY,ZWARNING_0_SCIENCEPRIMARY,0.00012074125940936,3.1445571781071e-05,2.6677851399707e-05,2.7883918857741e-05,1.3461688117502e-05,,3.1654711392843e-13,2.1049306574651e-13,6.5258383432426e-14,4.4087295258267e-14,1.127175785051e-14,,0.0837,0.06121,-0.02249,0.0,,1.0,0.284339,RXTRD000838
577615547760404480,1237651753470918660,174.13788,2.1298748,QSO,STARBURST BROADLINE,0.2390223,3.025812e-05,0,513,51989,105,,,QSO,XRAY_CATALOG,Chandra,SDSS_DR18_SPECTROSCOPY,ZWARNING_0_SCIENCEPRIMARY,4.3546697060425e-05,1.1435341895689e-05,9.1529712904817e-06,1.2483216082041e-05,0.00010425186632058,,1.3976927053471e-13,1.0523513092094e-13,2.2149182184676e-14,1.7780305726667e-14,0.0,,0.11993,-0.04372,-0.1649,0.0,,1.0,1.156275,RXTRD000839
577616647272032256,1237654029255966758,174.13279,1.9669672,QSO,BROADLINE,1.470431,0.0001913034,0,513,51989,109,,,QSO,XRAY_CATALOG,Chandra,SDSS_DR18_SPECTROSCOPY,ZWARNING_0_SCIENCEPRIMARY,6.8831883372388e-06,1.0817596830877e-06,1.97282286312e-06,2.0757357426356e-06,0.0,,1.2268104450494e-14,5.3559080416377e-15,4.9621760994261e-15,3.0334567985606e-15,,,-0.24984,-0.28982,-0.03623,0.0,,1.0,0.203388,RXTRD000840
577629291655751680,1237654029255966895,174.08852,1.9910703,QSO,BROADLINE,0.7666948,0.0003264831,0,513,51989,155,,,QSO,XRAY_CATALOG,Chandra,SDSS_DR18_SPECTROSCOPY,ZWARNING_0_SCIENCEPRIMARY,3.7080283839439e-05,6.8942162779185e-06,7.014862697086e-06,1.4010967682031e-05,4.3340498732882e-05,,9.0475148554936e-14,5.5124183041191e-14,1.5615160340896e-14,2.1768742233058e-14,2.6292203277987e-14,,-0.005,-0.34104,-0.33354,0.0,,1.0,0.192613,RXTRD000841
577732645748762624,1237654030866710722,174.51555,3.249399,QSO,BROADLINE,2.445235,0.0001051352,0,513,51989,531,,,QSO,XRAY_CATALOG,Chandra,SDSS_DR18_SPECTROSCOPY,ZWARNING_0_SCIENCEPRIMARY,1.103464890126e-05,3.4258523295142e-06,2.6127957302416e-06,2.6638603573643e-06,3.1125280606347e-06,,3.5378276392133e-14,2.4664700559031e-14,6.7386318163108e-15,4.4136728953828e-15,0.0,,0.13741,0.12742,-0.01124,0.0,,1.0,0.086239,RXTRD000842
577742266475505664,1237654030866841628,174.74719,3.1959186,QSO,BROADLINE,0.7256782,0.0002060081,0,513,51989,566,,,QSO,XRAY_CATALOG,Chandra,SDSS_DR18_SPECTROSCOPY,ZWARNING_0_SCIENCEPRIMARY,2.7372804226277e-05,6.373622083347e-06,5.3782726981615e-06,1.1299914438343e-05,0.0,,7.2516154911776e-14,3.8674527365531e-14,1.1473255923927e-14,2.4220697421946e-14,0.0,,0.09869,-0.27858,-0.36352,0.0,,1.0,1.911803,RXTRD000843
577744190620854272,1237654030866776176,174.66386,3.0909152,QSO,BROADLINE,1.195607,0.0002625117,0,513,51989,573,,,QSO,XRAY_CATALOG,Chandra,SDSS_DR18_SPECTROSCOPY,ZWARNING_0_SCIENCEPRIMARY,7.3406719276184e-06,1.7898025285865e-06,1.5959528107577e-06,2.9335079324566e-06,0.0,,3.3081054431454e-14,2.2754133328002e-14,3.3082975157506e-15,7.363023751193e-15,,,0.12742,-0.22861,-0.33229,0.0,,1.0,2.058948,RXTRD000844
578803570158102528,1237654030866972702,175.03633,3.1198362,QSO,STARBURST BROADLINE,0.08102276,2.752104e-05,0,514,51994,331,,,QSO,XRAY_CATALOG,Chandra,SDSS_DR18_SPECTROSCOPY,ZWARNING_0_SCIENCEPRIMARY,0.00025211049187325,2.3972033361884e-05,3.625345040589e-05,0.0001258477024292,0.00042797217461199,,4.6105366624606e-13,1.5062607809587e-13,8.2959667425402e-14,2.2388100518507e-13,4.6967783409875e-13,,-0.19738,-0.67958,-0.5559,0.0,,1.0,0.105612,RXTRD000845
579919850294503424,1237674598385057872,177.4353,1.7618322,QSO,BROADLINE,1.467073,0.0003419622,0,515,52051,296,,,QSO,XRAY_CATALOG,Chandra,SDSS_DR18_SPECTROSCOPY,ZWARNING_0_SCIENCEPRIMARY,1.7193568712614e-05,5.1056212264412e-06,2.5876363645515e-06,6.1851565368911e-06,0.0,,3.9393699499685e-14,2.4980479702186e-14,6.1186641216521e-15,1.1086958997237e-14,0.0,,0.35478,-0.09244,-0.42973,0.0,,1.0,0.238043,RXTRD000846
579953660277057536,1237671128590581926,178.10146,3.4974097,QSO,BROADLINE,0.5729228,8.81543e-05,0,515,52051,419,,,QSO,XRAY_CATALOG,Chandra,SDSS_DR18_SPECTROSCOPY,ZWARNING_0_SCIENCEPRIMARY,7.1494558768399e-05,1.6164620449649e-05,1.2877689778609e-05,2.5793289129614e-05,7.2041176035191e-05,,1.8010216249206e-13,1.0683715483025e-13,3.2319078145982e-14,4.59980789417e-14,0.0,,0.11868,-0.2336,-0.33979,0.0,,1.0,1.988669,RXTRD000847
579962731247986688,1237671140945887643,178.30982,3.4496089,QSO,BROADLINE,0.5748858,3.349445e-05,0,515,52051,452,,,QSO,XRAY_CATALOG,Chandra,SDSS_DR18_SPECTROSCOPY,ZWARNING_0_SCIENCEPRIMARY,3.221281915294e-05,1.48901240888e-05,5.3375312152987e-06,5.3478862144038e-06,2.6152517437419e-06,,1.1182133502124e-13,9.2505749827018e-14,1.2782749754185e-14,8.6171339286441e-15,0.0,,0.47845,0.47845,-0.00125,0.0,,1.0,0.141881,RXTRD000848
580970158206511104,1237651752937062581,181.15266,1.8404586,QSO,BROADLINE,1.929053,0.0006312833,0,516,52017,21,,,QSO,XRAY_CATALOG,Chandra,SDSS_DR18_SPECTROSCOPY,ZWARNING_0_SCIENCEPRIMARY,1.3001511650804e-05,2.4803524379957e-06,2.9112018766706e-06,4.1472537689348e-06,1.2691159740133e-05,,3.4443130195307e-14,2.0989255332972e-14,6.9269815470259e-15,7.0834210235571e-15,1.9124870275799e-14,,-0.07121,-0.24859,-0.17864,0.0,,1.0,0.191874,RXTRD000849
582136465283115008,1237651735757586483,181.45912,2.0254517,QSO,BROADLINE,2.154782,0.0003165084,0,517,52024,168,,,QSO,XRAY_CATALOG,Chandra,SDSS_DR18_SPECTROSCOPY,ZWARNING_0_SCIENCEPRIMARY,1.6440543751316e-05,2.9286903523995e-06,1.9789588904116e-06,8.1311618009427e-06,1.0961241987462e-05,,3.1717379768093e-14,1.526778841874e-14,5.0589756411455e-15,1.3394490863419e-14,0.0,,0.27858,-0.45597,-0.62461,0.0,,1.0,0.29719,RXTRD000850
582151583567996928,1237651735757455416,181.11111,1.926363,QSO,BROADLINE,1.375693,0.000469302,0,517,52024,223,,,QSO,XRAY_CATALOG,Chandra,SDSS_DR18_SPECTROSCOPY,ZWARNING_0_SCIENCEPRIMARY,6.1814318029072e-06,1.4542029446221e-06,1.1671190642546e-06,1.9592176074822e-06,1.3915671008373e-06,,1.2991799585534e-14,7.3206517449032e-15,3.1194198749308e-15,3.10677505019e-15,5.9894541960485e-16,,0.11743,-0.14241,-0.25359,0.0,,1.0,0.141566,RXTRD000851
299567742770505728,1237650794609049737,145.35048,-1.0805558,GALAXY,STARFORMING,0.07141443,1.336082e-05,0,266,51630,285,0.0,0.0,GALAXY,RADIO_FIRST,FIRST,SDSS_DR18_SPECTROSCOPY,ZWARNING_0_SCIENCEPRIMARY,,,,,,,,,,,,,,,,,,,,RXTRD000852
299568017648412672,1237648720141812260,145.29601,-0.94320703,GALAXY,,0.460163,0.000207279,0,266,51630,286,0.0,0.0,GALAXY,RADIO_FIRST,FIRST,SDSS_DR18_SPECTROSCOPY,ZWARNING_0_SCIENCEPRIMARY,,,,,,,,,,,,,,,,,,,,RXTRD000853
299568292526319616,1237650794608984423,145.25691,-1.1018864,GALAXY,,0.06655016,1.242212e-05,0,266,51630,287,0.0,0.0,GALAXY,RADIO_FIRST,FIRST,SDSS_DR18_SPECTROSCOPY,ZWARNING_0_SCIENCEPRIMARY,,,,,,,,,,,,,,,,,,,,RXTRD000854
299568567404226560,1237648720141812252,145.29141,-0.86035856,GALAXY,,0.3694264,0.0001333823,0,266,51630,288,0.0,0.0,GALAXY,RADIO_FIRST,FIRST,SDSS_DR18_SPECTROSCOPY,ZWARNING_0_SCIENCEPRIMARY,,,,,,,,,,,,,,,,,,,,RXTRD000855
299568842282133504,1237650794609049842,145.35144,-1.2385576,GALAXY,STARFORMING,0.09067135,1.097916e-05,0,266,51630,289,0.0,0.0,GALAXY,RADIO_FIRST,FIRST,SDSS_DR18_SPECTROSCOPY,ZWARNING_0_SCIENCEPRIMARY,,,,,,,,,,,,,,,,,,,,RXTRD000856
299569117160040448,1237648720141746448,145.1963,-0.87997986,GALAXY,STARFORMING,0.118615,1.558003e-05,0,266,51630,290,0.0,0.0,GALAXY,RADIO_FIRST,FIRST,SDSS_DR18_SPECTROSCOPY,ZWARNING_0_SCIENCEPRIMARY,,,,,,,,,,,,,,,,,,,,RXTRD000857
299569392037947392,1237650795145920715,145.36211,-0.71402013,GALAXY,STARFORMING,0.1315616,8.053024e-06,0,266,51630,291,0.0,0.0,GALAXY,RADIO_FIRST,FIRST,SDSS_DR18_SPECTROSCOPY,ZWARNING_0_SCIENCEPRIMARY,,,,,,,,,,,,,,,,,,,,RXTRD000858
299569666915854336,1237648720678682871,145.3416,-0.5772753,GALAXY,,0.08970696,1.950494e-05,0,266,51630,292,0.0,0.0,GALAXY,RADIO_FIRST,FIRST,SDSS_DR18_SPECTROSCOPY,ZWARNING_0_SCIENCEPRIMARY,,,,,,,,,,,,,,,,,,,,RXTRD000859
299569941793761280,1237648720141811978,145.34203,-0.90634094,GALAXY,,0.1510908,3.058981e-05,0,266,51630,293,0.0,0.0,GALAXY,RADIO_FIRST,FIRST,SDSS_DR18_SPECTROSCOPY,ZWARNING_0_SCIENCEPRIMARY,,,,,,,,,,,,,,,,,,,,RXTRD000860
299570491549575168,1237650795145855144,145.16039,-0.6554685,GALAXY,STARFORMING,0.1504413,1.242181e-05,0,266,51630,295,0.0,0.0,GALAXY,RADIO_FIRST,FIRST,SDSS_DR18_SPECTROSCOPY,ZWARNING_0_SCIENCEPRIMARY,,,,,,,,,,,,,,,,,,,,RXTRD000861
299570766427482112,1237648720678617276,145.22485,-0.54802267,GALAXY,,0.1296703,2.502281e-05,0,266,51630,296,0.0,0.0,GALAXY,RADIO_FIRST,FIRST,SDSS_DR18_SPECTROSCOPY,ZWARNING_0_SCIENCEPRIMARY,,,,,,,,,,,,,,,,,,,,RXTRD000862
299571591061202944,1237648720141812196,145.2669,-0.95732134,GALAXY,,0.4059377,0.0001491101,0,266,51630,299,0.0,0.0,GALAXY,RADIO_FIRST,FIRST,SDSS_DR18_SPECTROSCOPY,ZWARNING_0_SCIENCEPRIMARY,,,,,,,,,,,,,,,,,,,,RXTRD000863
299572415694923776,1237650795682791578,145.3206,-0.25286139,GALAXY,STARFORMING,0.05195406,9.549349e-06,0,266,51630,302,0.0,0.0,GALAXY,RADIO_FIRST,FIRST,SDSS_DR18_SPECTROSCOPY,ZWARNING_0_SCIENCEPRIMARY,,,,,,,,,,,,,,,,,,,,RXTRD000864
299572690572830720,1237648721215553691,145.28961,-0.14730667,GALAXY,,0.1221713,2.990123e-05,0,266,51630,303,0.0,0.0,GALAXY,RADIO_FIRST,FIRST,SDSS_DR18_SPECTROSCOPY,ZWARNING_0_SCIENCEPRIMARY,,,,,,,,,,,,,,,,,,,,RXTRD000865
299572965450737664,1237648721215553734,145.34432,-0.016916477,GALAXY,,0.09103485,2.68704e-05,0,266,51630,304,0.0,0.0,GALAXY,RADIO_FIRST,FIRST,SDSS_DR18_SPECTROSCOPY,ZWARNING_0_SCIENCEPRIMARY,,,,,,,,,,,,,,,,,,,,RXTRD000866
299573240328644608,1237648721215488506,145.17299,-0.0056539813,GALAXY,,0.4375106,0.0001230117,0,266,51630,305,0.0,0.0,GALAXY,RADIO_FIRST,FIRST,SDSS_DR18_SPECTROSCOPY,ZWARNING_0_SCIENCEPRIMARY,,,,,,,,,,,,,,,,,,,,RXTRD000867
299573515206551552,1237650795682791595,145.34424,-0.36850145,GALAXY,,0.2048142,3.859254e-05,0,266,51630,306,0.0,0.0,GALAXY,RADIO_FIRST,FIRST,SDSS_DR18_SPECTROSCOPY,ZWARNING_0_SCIENCEPRIMARY,,,,,,,,,,,,,,,,,,,,RXTRD000868
299573790084458496,1237650796219662479,145.32998,0.043081214,GALAXY,STARFORMING,0.1204287,1.653482e-05,0,266,51630,307,0.0,0.0,GALAXY,RADIO_FIRST,FIRST,SDSS_DR18_SPECTROSCOPY,ZWARNING_0_SCIENCEPRIMARY,,,,,,,,,,,,,,,,,,,,RXTRD000869
299574064962365440,1237650795682726146,145.20774,-0.32210594,GALAXY,,0.1223888,3.844109e-05,0,266,51630,308,0.0,0.0,GALAXY,RADIO_FIRST,FIRST,SDSS_DR18_SPECTROSCOPY,ZWARNING_0_SCIENCEPRIMARY,,,,,,,,,,,,,,,,,,,,RXTRD000870
299574339840272384,1237650796219662494,145.34053,0.019135029,GALAXY,,0.1202934,2.70996e-05,0,266,51630,309,0.0,0.0,GALAXY,RADIO_FIRST,FIRST,SDSS_DR18_SPECTROSCOPY,ZWARNING_0_SCIENCEPRIMARY,,,,,,,,,,,,,,,,,,,,RXTRD000871
299574614718179328,1237648721215488678,145.25355,-0.10723425,GALAXY,,0.4848128,0.0001964163,0,266,51630,310,0.0,0.0,GALAXY,RADIO_FIRST,FIRST,SDSS_DR18_SPECTROSCOPY,ZWARNING_0_SCIENCEPRIMARY,,,,,,,,,,,,,,,,,,,,RXTRD000872
299574889596086272,1237648720678617377,145.23331,-0.43567204,GALAXY,,0.221124,4.794444e-05,0,266,51630,311,0.0,0.0,GALAXY,RADIO_FIRST,FIRST,SDSS_DR18_SPECTROSCOPY,ZWARNING_0_SCIENCEPRIMARY,,,,,,,,,,,,,,,,,,,,RXTRD000873
299575164473993216,1237648721215488183,145.21905,-0.18615382,GALAXY,,0.1235886,3.263131e-05,0,266,51630,312,0.0,0.0,GALAXY,RADIO_FIRST,FIRST,SDSS_DR18_SPECTROSCOPY,ZWARNING_0_SCIENCEPRIMARY,,,,,,,,,,,,,,,,,,,,RXTRD000874
299575989107714048,1237650795682791746,145.31208,-0.40076564,GALAXY,,0.3368229,7.819846e-05,0,266,51630,315,0.0,0.0,GALAXY,RADIO_FIRST,FIRST,SDSS_DR18_SPECTROSCOPY,ZWARNING_0_SCIENCEPRIMARY,,,,,,,,,,,,,,,,,,,,RXTRD000875
299576538863527936,1237648720678682858,145.33123,-0.54206811,GALAXY,,0.1533533,1.799595e-05,0,266,51630,317,0.0,0.0,GALAXY,RADIO_FIRST,FIRST,SDSS_DR18_SPECTROSCOPY,ZWARNING_0_SCIENCEPRIMARY,,,,,,,,,,,,,,,,,,,,RXTRD000876
299576813741434880,1237648720678682671,145.2754,-0.47347782,GALAXY,,0.1482937,2.852215e-05,0,266,51630,318,0.0,0.0,GALAXY,RADIO_FIRST,FIRST,SDSS_DR18_SPECTROSCOPY,ZWARNING_0_SCIENCEPRIMARY,,,,,,,,,,,,,,,,,,,,RXTRD000877
299577088619341824,1237648720678617240,145.16739,-0.4823431,GALAXY,STARFORMING,0.06237372,8.525113e-06,0,266,51630,319,0.0,0.0,GALAXY,RADIO_FIRST,FIRST,SDSS_DR18_SPECTROSCOPY,ZWARNING_0_SCIENCEPRIMARY,,,,,,,,,,,,,,,,,,,,RXTRD000878
299577363497248768,1237650795682791924,145.33158,-0.35072129,GALAXY,,0.4833668,0.0001734393,0,266,51630,320,0.0,0.0,GALAXY,RADIO_FIRST,FIRST,SDSS_DR18_SPECTROSCOPY,ZWARNING_0_SCIENCEPRIMARY,,,,,,,,,,,,,,,,,,,,RXTRD000879
299578188130969600,1237648722289361169,145.54119,0.79539687,GALAXY,STARBURST,0.09888644,7.338199e-06,0,266,51630,323,0.0,0.0,GALAXY,RADIO_FIRST,FIRST,SDSS_DR18_SPECTROSCOPY,ZWARNING_0_SCIENCEPRIMARY,,,,,,,,,,,,,,,,,,,,RXTRD000880
299578463008876544,1237650797293338816,145.19872,0.93266524,GALAXY,STARFORMING,0.06147218,6.313769e-06,0,266,51630,324,0.0,0.0,GALAXY,RADIO_FIRST,FIRST,SDSS_DR18_SPECTROSCOPY,ZWARNING_0_SCIENCEPRIMARY,,,,,,,,,,,,,,,,,,,,RXTRD000881
299578737886783488,1237650797293404284,145.39045,0.9578064,GALAXY,,0.1472057,5.181946e-05,0,266,51630,325,0.0,0.0,GALAXY,RADIO_FIRST,FIRST,SDSS_DR18_SPECTROSCOPY,ZWARNING_0_SCIENCEPRIMARY,,,,,,,,,,,,,,,,,,,,RXTRD000882
299579287642597376,1237650797293469726,145.51643,1.0443355,GALAXY,,0.1362463,4.551222e-05,0,266,51630,327,0.0,0.0,GALAXY,RADIO_FIRST,FIRST,SDSS_DR18_SPECTROSCOPY,ZWARNING_0_SCIENCEPRIMARY,,,,,,,,,,,,,,,,,,,,RXTRD000883
299579562520504320,1237651752921399514,145.35216,1.113849,GALAXY,,0.1675548,1.655651e-05,0,266,51630,328,0.0,0.0,GALAXY,RADIO_FIRST,FIRST,SDSS_DR18_SPECTROSCOPY,ZWARNING_0_SCIENCEPRIMARY,,,,,,,,,,,,,,,,,,,,RXTRD000884
299580112276318208,1237650797293404366,145.40988,1.0265349,GALAXY,,0.1466059,3.970532e-05,0,266,51630,330,0.0,0.0,GALAXY,RADIO_FIRST,FIRST,SDSS_DR18_SPECTROSCOPY,ZWARNING_0_SCIENCEPRIMARY,,,,,,,,,,,,,,,,,,,,RXTRD000885
299580387154225152,1237648722289230091,145.22993,0.76255666,GALAXY,,0.04707855,2.210408e-05,0,266,51630,331,0.0,0.0,GALAXY,RADIO_FIRST,FIRST,SDSS_DR18_SPECTROSCOPY,ZWARNING_0_SCIENCEPRIMARY,,,,,,,,,,,,,,,,,,,,RXTRD000886
299580936910039040,1237648722289361065,145.44311,0.82657169,GALAXY,,0.0512595,2.015297e-05,0,266,51630,333,0.0,0.0,GALAXY,RADIO_FIRST,FIRST,SDSS_DR18_SPECTROSCOPY,ZWARNING_0_SCIENCEPRIMARY,,,,,,,,,,,,,,,,,,,,RXTRD000887
299581211787945984,1237648722826166434,145.34769,1.0774531,GALAXY,STARBURST,0.08884182,6.749516e-06,0,266,51630,334,0.0,0.0,GALAXY,RADIO_FIRST,FIRST,SDSS_DR18_SPECTROSCOPY,ZWARNING_0_SCIENCEPRIMARY,,,,,,,,,,,,,,,,,,,,RXTRD000888
299581486665852928,1237651752384463047,145.20053,0.87098003,GALAXY,,0.1515787,3.508656e-05,0,266,51630,335,0.0,0.0,GALAXY,RADIO_FIRST,FIRST,SDSS_DR18_SPECTROSCOPY,ZWARNING_0_SCIENCEPRIMARY,,,,,,,,,,,,,,,,,,,,RXTRD000889
299582036421666816,1237650797293338728,145.26325,0.99193054,GALAXY,STARFORMING,0.05720619,1.039262e-05,0,266,51630,337,0.0,0.0,GALAXY,RADIO_FIRST,FIRST,SDSS_DR18_SPECTROSCOPY,ZWARNING_0_SCIENCEPRIMARY,,,,,,,,,,,,,,,,,,,,RXTRD000890
299582311299573760,1237648722289295527,145.32091,0.77109766,GALAXY,STARFORMING,0.00658949,6.01168e-06,0,266,51630,338,0.0,0.0,GALAXY,RADIO_FIRST,FIRST,SDSS_DR18_SPECTROSCOPY,ZWARNING_0_SCIENCEPRIMARY,,,,,,,,,,,,,,,,,,,,RXTRD000891
299582586177480704,1237648722289295510,145.29603,0.80159953,GALAXY,,0.07932202,2.556963e-05,0,266,51630,339,0.0,0.0,GALAXY,RADIO_FIRST,FIRST,SDSS_DR18_SPECTROSCOPY,ZWARNING_0_SCIENCEPRIMARY,,,,,,,,,,,,,,,,,,,,RXTRD000892
299583135933294592,1237650796756533434,145.34123,0.54730699,GALAXY,STARFORMING,0.09790488,1.133752e-05,0,266,51630,341,0.0,0.0,GALAXY,RADIO_FIRST,FIRST,SDSS_DR18_SPECTROSCOPY,ZWARNING_0_SCIENCEPRIMARY,,,,,,,,,,,,,,,,,,,,RXTRD000893
299583410811201536,1237648721752424676,145.39406,0.35570036,GALAXY,,0.09089124,1.879061e-05,0,266,51630,342,0.0,0.0,GALAXY,RADIO_FIRST,FIRST,SDSS_DR18_SPECTROSCOPY,ZWARNING_0_SCIENCEPRIMARY,,,,,,,,,,,,,,,,,,,,RXTRD000894
299584235444922368,1237650796756533504,145.30472,0.56238456,GALAXY,,0.1469123,1.180191e-05,0,266,51630,345,0.0,0.0,GALAXY,RADIO_FIRST,FIRST,SDSS_DR18_SPECTROSCOPY,ZWARNING_0_SCIENCEPRIMARY,,,,,,,,,,,,,,,,,,,,RXTRD000895
299585060078643200,1237650796756533425,145.31181,0.50329966,GALAXY,,0.0984159,2.361636e-05,0,266,51630,348,0.0,0.0,GALAXY,RADIO_FIRST,FIRST,SDSS_DR18_SPECTROSCOPY,ZWARNING_0_SCIENCEPRIMARY,,,,,,,,,,,,,,,,,,,,RXTRD000896
299585334956550144,1237650796219662481,145.32998,0.1754678,GALAXY,AGN,0.06222474,2.224997e-05,0,266,51630,349,0.0,0.0,GALAXY,RADIO_FIRST,FIRST,SDSS_DR18_SPECTROSCOPY,ZWARNING_0_SCIENCEPRIMARY,,,,,,,,,,,,,,,,,,,,RXTRD000897
299585609834457088,1237648721752359060,145.22038,0.41085475,GALAXY,,0.09825251,2.665367e-05,0,266,51630,350,0.0,0.0,GALAXY,RADIO_FIRST,FIRST,SDSS_DR18_SPECTROSCOPY,ZWARNING_0_SCIENCEPRIMARY,,,,,,,,,,,,,,,,,,,,RXTRD000898
299586159590270976,1237648721752424697,145.29315,0.30617839,GALAXY,,0.3226696,6.990685e-05,0,266,51630,352,0.0,0.0,GALAXY,RADIO_FIRST,FIRST,SDSS_DR18_SPECTROSCOPY,ZWARNING_0_SCIENCEPRIMARY,,,,,,,,,,,,,,,,,,,,RXTRD000899
299586709346084864,1237650796219596957,145.19382,0.16887025,GALAXY,,0.09015931,2.103549e-05,0,266,51630,354,0.0,0.0,GALAXY,RADIO_FIRST,FIRST,SDSS_DR18_SPECTROSCOPY,ZWARNING_0_SCIENCEPRIMARY,,,,,,,,,,,,,,,,,,,,RXTRD000900
299586984223991808,1237650796219596986,145.25193,0.12645211,GALAXY,,0.1219135,3.270515e-05,0,266,51630,355,0.0,0.0,GALAXY,RADIO_FIRST,FIRST,SDSS_DR18_SPECTROSCOPY,ZWARNING_0_SCIENCEPRIMARY,,,,,,,,,,,,,,,,,,,,RXTRD000901
299587259101898752,1237648721752424749,145.33843,0.27131682,GALAXY,,0.3363987,9.771818e-05,0,266,51630,356,0.0,0.0,GALAXY,RADIO_FIRST,FIRST,SDSS_DR18_SPECTROSCOPY,ZWARNING_0_SCIENCEPRIMARY,,,,,,,,,,,,,,,,,,,,RXTRD000902
299587808857712640,1237648721752359194,145.2499,0.26180076,GALAXY,,0.1256738,2.265457e-05,0,266,51630,358,0.0,0.0,GALAXY,RADIO_FIRST,FIRST,SDSS_DR18_SPECTROSCOPY,ZWARNING_0_SCIENCEPRIMARY,,,,,,,,,,,,,,,,,,,,RXTRD000903
299588083735619584,1237648721752424631,145.28856,0.34651307,GALAXY,STARFORMING,0.06460119,1.108921e-05,0,266,51630,359,0.0,0.0,GALAXY,RADIO_FIRST,FIRST,SDSS_DR18_SPECTROSCOPY,ZWARNING_0_SCIENCEPRIMARY,,,,,,,,,,,,,,,,,,,,RXTRD000904
299588358613526528,1237650796219596962,145.21869,0.14700021,GALAXY,,0.08318624,2.008266e-05,0,266,51630,360,0.0,0.0,GALAXY,RADIO_FIRST,FIRST,SDSS_DR18_SPECTROSCOPY,ZWARNING_0_SCIENCEPRIMARY,,,,,,,,,,,,,,,,,,,,RXTRD000905
299588633491433472,1237651752921530766,145.60223,1.1496867,GALAXY,,0.4498689,0.0001893903,0,266,51630,361,36.09,45.37431,GALAXY,RADIO_FIRST,FIRST,SDSS_DR18_SPECTROSCOPY,ZWARNING_0_SCIENCEPRIMARY,,,,,,,,,,,,,,,,,,,,RXTRD000906
299588908369340416,1237648722289557611,145.86812,0.82938446,GALAXY,,0.08260037,2.296979e-05,0,266,51630,362,0.0,0.0,GALAXY,RADIO_FIRST,FIRST,SDSS_DR18_SPECTROSCOPY,ZWARNING_0_SCIENCEPRIMARY,,,,,,,,,,,,,,,,,,,,RXTRD000907
299589183247247360,1237650797293600892,145.80749,0.94992811,GALAXY,,0.1636852,4.831406e-05,0,266,51630,363,0.0,0.0,GALAXY,RADIO_FIRST,FIRST,SDSS_DR18_SPECTROSCOPY,ZWARNING_0_SCIENCEPRIMARY,,,,,,,,,,,,,,,,,,,,RXTRD000908
299590007880968192,1237651752921661603,145.86626,1.1416569,GALAXY,,0.1623894,3.810867e-05,0,266,51630,366,0.0,0.0,GALAXY,RADIO_FIRST,FIRST,SDSS_DR18_SPECTROSCOPY,ZWARNING_0_SCIENCEPRIMARY,,,,,,,,,,,,,,,,,,,,RXTRD000909
299590282758875136,1237651752921661579,145.85052,1.203525,GALAXY,,0.06182272,1.20594e-05,0,266,51630,367,0.0,0.0,GALAXY,RADIO_FIRST,FIRST,SDSS_DR18_SPECTROSCOPY,ZWARNING_0_SCIENCEPRIMARY,,,,,,,,,,,,,,,,,,,,RXTRD000910
299590832514689024,1237650797293469823,145.5446,0.93933415,GALAXY,,0.08390663,2.27415e-05,0,266,51630,369,0.0,0.0,GALAXY,RADIO_FIRST,FIRST,SDSS_DR18_SPECTROSCOPY,ZWARNING_0_SCIENCEPRIMARY,,,,,,,,,,,,,,,,,,,,RXTRD000911
299591107392595968,1237650797293535374,145.61284,0.97233302,GALAXY,STARFORMING,0.05735964,7.298914e-06,0,266,51630,370,0.0,0.0,GALAXY,RADIO_FIRST,FIRST,SDSS_DR18_SPECTROSCOPY,ZWARNING_0_SCIENCEPRIMARY,,,,,,,,,,,,,,,,,,,,RXTRD000912
299591382270502912,1237651752384659678,145.59891,0.84379434,GALAXY,,0.1974915,5.401225e-05,0,266,51630,371,0.0,0.0,GALAXY,RADIO_FIRST,FIRST,SDSS_DR18_SPECTROSCOPY,ZWARNING_0_SCIENCEPRIMARY,,,,,,,,,,,,,,,,,,,,RXTRD000913
299591657148409856,1237648722289492252,145.84294,0.74785818,GALAXY,,0.1639919,2.912049e-05,0,266,51630,372,0.0,0.0,GALAXY,RADIO_FIRST,FIRST,SDSS_DR18_SPECTROSCOPY,ZWARNING_0_SCIENCEPRIMARY,,,,,,,,,,,,,,,,,,,,RXTRD000914
299591932026316800,1237651752921596015,145.79341,1.1856538,GALAXY,AGN,0.06256682,1.672353e-05,0,266,51630,373,0.0,0.0,GALAXY,RADIO_FIRST,FIRST,SDSS_DR18_SPECTROSCOPY,ZWARNING_0_SCIENCEPRIMARY,,,,,,,,,,,,,,,,,,,,RXTRD000915
299592206904223744,1237650797293535266,145.64213,0.97197048,GALAXY,,0.1660953,3.326029e-05,0,266,51630,374,0.0,0.0,GALAXY,RADIO_FIRST,FIRST,SDSS_DR18_SPECTROSCOPY,ZWARNING_0_SCIENCEPRIMARY,,,,,,,,,,,,,,,,,,,,RXTRD000916
299592481782130688,1237651752921596052,145.7134,1.167356,GALAXY,,0.06218995,2.025965e-05,0,266,51630,375,0.0,0.0,GALAXY,RADIO_FIRST,FIRST,SDSS_DR18_SPECTROSCOPY,ZWARNING_0_SCIENCEPRIMARY,,,,,,,,,,,,,,,,,,,,RXTRD000917
299592756660037632,1237648722289426797,145.56952,0.75237106,GALAXY,,0.3745093,0.0002286598,0,266,51630,376,0.0,0.0,GALAXY,RADIO_FIRST,FIRST,SDSS_DR18_SPECTROSCOPY,ZWARNING_0_SCIENCEPRIMARY,,,,,,,,,,,,,,,,,,,,RXTRD000918
299593031537944576,1237650797293535551,145.59509,1.0056251,GALAXY,,0.4573883,0.0001481538,0,266,51630,377,0.0,0.0,GALAXY,RADIO_FIRST,FIRST,SDSS_DR18_SPECTROSCOPY,ZWARNING_0_SCIENCEPRIMARY,,,,,,,,,,,,,,,,,,,,RXTRD000919
299593581293758464,1237650797293535398,145.66358,0.97364599,GALAXY,STARFORMING,0.1353705,1.01143e-05,0,266,51630,379,0.0,0.0,GALAXY,RADIO_FIRST,FIRST,SDSS_DR18_SPECTROSCOPY,ZWARNING_0_SCIENCEPRIMARY,,,,,,,,,,,,,,,,,,,,RXTRD000920
299594131049572352,1237648722289360983,145.49682,0.7331675,GALAXY,,0.4102879,0.0001344674,0,266,51630,381,0.0,0.0,GALAXY,RADIO_FIRST,FIRST,SDSS_DR18_SPECTROSCOPY,ZWARNING_0_SCIENCEPRIMARY,,,,,,,,,,,,,,,,,,,,RXTRD000921
299594405927479296,1237650796756533529,145.43387,0.56413952,GALAXY,,0.1461468,4.456603e-05,0,266,51630,382,0.0,0.0,GALAXY,RADIO_FIRST,FIRST,SDSS_DR18_SPECTROSCOPY,ZWARNING_0_SCIENCEPRIMARY,,,,,,,,,,,,,,,,,,,,RXTRD000922
299594680805386240,1237648721752555640,145.59403,0.30938427,GALAXY,STARFORMING,0.04570889,6.600415e-06,0,266,51630,383,0.0,0.0,GALAXY,RADIO_FIRST,FIRST,SDSS_DR18_SPECTROSCOPY,ZWARNING_0_SCIENCEPRIMARY,,,,,,,,,,,,,,,,,,,,RXTRD000923
299594955683293184,1237648722289361188,145.53343,0.72985508,GALAXY,,0.3582156,0.0001394132,0,266,51630,384,0.0,0.0,GALAXY,RADIO_FIRST,FIRST,SDSS_DR18_SPECTROSCOPY,ZWARNING_0_SCIENCEPRIMARY,,,,,,,,,,,,,,,,,,,,RXTRD000924
299595230561200128,1237650796756664452,145.63365,0.62077958,GALAXY,,0.1557892,2.414667e-05,0,266,51630,385,0.0,0.0,GALAXY,RADIO_FIRST,FIRST,SDSS_DR18_SPECTROSCOPY,ZWARNING_0_SCIENCEPRIMARY,,,,,,,,,,,,,,,,,,,,RXTRD000925
299595505439107072,1237648721752555713,145.55448,0.22326714,GALAXY,,0.1522246,2.515229e-05,0,266,51630,386,0.0,0.0,GALAXY,RADIO_FIRST,FIRST,SDSS_DR18_SPECTROSCOPY,ZWARNING_0_SCIENCEPRIMARY,,,,,,,,,,,,,,,,,,,,RXTRD000926
299596055194920960,1237650796756533465,145.42138,0.53370588,GALAXY,,0.1459859,4.323565e-05,0,266,51630,388,0.0,0.0,GALAXY,RADIO_FIRST,FIRST,SDSS_DR18_SPECTROSCOPY,ZWARNING_0_SCIENCEPRIMARY,,,,,,,,,,,,,,,,,,,,RXTRD000927
299596879828641792,1237650796219728076,145.49927,0.12144706,GALAXY,,0.1230344,2.585208e-05,0,266,51630,391,0.0,0.0,GALAXY,RADIO_FIRST,FIRST,SDSS_DR18_SPECTROSCOPY,ZWARNING_0_SCIENCEPRIMARY,,,,,,,,,,,,,,,,,,,,RXTRD000928
299597154706548736,1237650796219728046,145.47131,0.15515025,GALAXY,AGN,0.1225,1.090016e-05,0,266,51630,392,1.98,1.625202,GALAXY,RADIO_FIRST,FIRST,SDSS_DR18_SPECTROSCOPY,ZWARNING_0_SCIENCEPRIMARY,,,,,,,,,,,,,,,,,,,,RXTRD000929
299597429584455680,1237648721752555627,145.57687,0.23361317,GALAXY,,0.09049731,2.148844e-05,0,266,51630,393,0.0,0.0,GALAXY,RADIO_FIRST,FIRST,SDSS_DR18_SPECTROSCOPY,ZWARNING_0_SCIENCEPRIMARY,,,,,,,,,,,,,,,,,,,,RXTRD000930
299598529096083456,1237648721752555616,145.55632,0.23846866,GALAXY,,0.1532605,3.696143e-05,0,266,51630,397,0.0,0.0,GALAXY,RADIO_FIRST,FIRST,SDSS_DR18_SPECTROSCOPY,ZWARNING_0_SCIENCEPRIMARY,,,,,,,,,,,,,,,,,,,,RXTRD000931
299599078851897344,1237650796219728110,145.55565,0.18343852,GALAXY,STARFORMING,0.120346,1.842252e-05,0,266,51630,399,0.0,0.0,GALAXY,RADIO_FIRST,FIRST,SDSS_DR18_SPECTROSCOPY,ZWARNING_0_SCIENCEPRIMARY,,,,,,,,,,,,,,,,,,,,RXTRD000932
299599353729804288,1237650796219662588,145.43888,0.14695969,GALAXY,,0.1230656,2.675386e-05,0,266,51630,400,0.0,0.0,GALAXY,RADIO_FIRST,FIRST,SDSS_DR18_SPECTROSCOPY,ZWARNING_0_SCIENCEPRIMARY,,,,,,,,,,,,,,,,,,,,RXTRD000933
299599628607711232,1237653663646417176,145.88081,1.0470699,GALAXY,,0.4403714,0.0002108027,0,266,51630,401,0.0,0.0,GALAXY,RADIO_FIRST,FIRST,SDSS_DR18_SPECTROSCOPY,ZWARNING_0_SCIENCEPRIMARY,,,,,,,,,,,,,,,,,,,,RXTRD000934
299599903485618176,1237651752921727141,146.06725,1.1094246,GALAXY,,0.1521185,2.697843e-05,0,266,51630,402,0.0,0.0,GALAXY,RADIO_FIRST,FIRST,SDSS_DR18_SPECTROSCOPY,ZWARNING_0_SCIENCEPRIMARY,,,,,,,,,,,,,,,,,,,,RXTRD000935
299600178363525120,1237648722289557713,145.99263,0.78807767,GALAXY,STARFORMING,0.03801033,7.362194e-06,0,266,51630,403,0.0,0.0,GALAXY,RADIO_FIRST,FIRST,SDSS_DR18_SPECTROSCOPY,ZWARNING_0_SCIENCEPRIMARY,,,,,,,,,,,,,,,,,,,,RXTRD000936
299600453241432064,1237651752921727193,146.00114,1.2461454,GALAXY,,0.1627002,4.702538e-05,0,266,51630,404,0.0,0.0,GALAXY,RADIO_FIRST,FIRST,SDSS_DR18_SPECTROSCOPY,ZWARNING_0_SCIENCEPRIMARY,,,,,,,,,,,,,,,,,,,,RXTRD000937
299601002997245952,1237648722826428568,145.9506,1.0651305,GALAXY,,0.1540819,4.157036e-05,0,266,51630,406,0.0,0.0,GALAXY,RADIO_FIRST,FIRST,SDSS_DR18_SPECTROSCOPY,ZWARNING_0_SCIENCEPRIMARY,,,,,,,,,,,,,,,,,,,,RXTRD000938
299601277875152896,1237651752921661615,145.89128,1.1165244,GALAXY,STARBURST,0.05158934,5.550995e-06,0,266,51630,407,0.0,0.0,GALAXY,RADIO_FIRST,FIRST,SDSS_DR18_SPECTROSCOPY,ZWARNING_0_SCIENCEPRIMARY,,,,,,,,,,,,,,,,,,,,RXTRD000939
299601552753059840,1237651752921661650,145.9373,1.1418559,GALAXY,,0.1241183,3.395118e-05,0,266,51630,408,0.0,0.0,GALAXY,RADIO_FIRST,FIRST,SDSS_DR18_SPECTROSCOPY,ZWARNING_0_SCIENCEPRIMARY,,,,,,,,,,,,,,,,,,,,RXTRD000940
299602102508873728,1237651752921661696,145.88615,1.1964676,GALAXY,,0.1633623,1.726089e-05,0,266,51630,410,0.0,0.0,GALAXY,RADIO_FIRST,FIRST,SDSS_DR18_SPECTROSCOPY,ZWARNING_0_SCIENCEPRIMARY,,,,,,,,,,,,,,,,,,,,RXTRD000941
299602377386780672,1237648722289623245,146.01513,0.8235057,GALAXY,AGN,0.1232092,1.659297e-05,0,266,51630,411,0.0,0.0,GALAXY,RADIO_FIRST,FIRST,SDSS_DR18_SPECTROSCOPY,ZWARNING_0_SCIENCEPRIMARY,,,,,,,,,,,,,,,,,,,,RXTRD000942
299602652264687616,1237648722289557692,145.96966,0.83091776,GALAXY,,0.03635695,1.570849e-05,0,266,51630,412,0.0,0.0,GALAXY,RADIO_FIRST,FIRST,SDSS_DR18_SPECTROSCOPY,ZWARNING_0_SCIENCEPRIMARY,,,,,,,,,,,,,,,,,,,,RXTRD000943
299602927142594560,1237648722289623239,146.01225,0.76563817,GALAXY,STARBURST,0.0374546,6.020544e-06,0,266,51630,413,0.0,0.0,GALAXY,RADIO_FIRST,FIRST,SDSS_DR18_SPECTROSCOPY,ZWARNING_0_SCIENCEPRIMARY,,,,,,,,,,,,,,,,,,,,RXTRD000944
299603202020501504,1237648722826494339,146.02566,1.0713275,GALAXY,,0.4385915,0.0001348234,0,266,51630,414,0.0,0.0,GALAXY,RADIO_FIRST,FIRST,SDSS_DR18_SPECTROSCOPY,ZWARNING_0_SCIENCEPRIMARY,,,,,,,,,,,,,,,,,,,,RXTRD000945
299603476898408448,1237648722289623112,146.04623,0.76611923,GALAXY,,0.1224141,3.763796e-05,0,266,51630,415,0.0,0.0,GALAXY,RADIO_FIRST,FIRST,SDSS_DR18_SPECTROSCOPY,ZWARNING_0_SCIENCEPRIMARY,,,,,,,,,,,,,,,,,,,,RXTRD000946
299603751776315392,1237650797293600959,145.87525,0.91247639,GALAXY,,0.124454,2.934006e-05,0,266,51630,416,0.0,0.0,GALAXY,RADIO_FIRST,FIRST,SDSS_DR18_SPECTROSCOPY,ZWARNING_0_SCIENCEPRIMARY,,,,,,,,,,,,,,,,,,,,RXTRD000947
299604026654222336,1237650797293731872,146.08224,1.0348001,GALAXY,STARFORMING,0.1198547,2.041525e-05,0,266,51630,417,0.0,0.0,GALAXY,RADIO_FIRST,FIRST,SDSS_DR18_SPECTROSCOPY,ZWARNING_0_SCIENCEPRIMARY,,,,,,,,,,,,,,,,,,,,RXTRD000948
299604301532129280,1237651752384790621,145.87188,0.87375974,GALAXY,AGN,0.1515293,3.170106e-05,0,266,51630,418,0.0,0.0,GALAXY,RADIO_FIRST,FIRST,SDSS_DR18_SPECTROSCOPY,ZWARNING_0_SCIENCEPRIMARY,,,,,,,,,,,,,,,,,,,,RXTRD000949
299604851287943168,1237650797293600970,145.89356,1.0284222,GALAXY,STARFORMING,0.05329375,9.387141e-06,0,266,51630,420,0.0,0.0,GALAXY,RADIO_FIRST,FIRST,SDSS_DR18_SPECTROSCOPY,ZWARNING_0_SCIENCEPRIMARY,,,,,,,,,,,,,,,,,,,,RXTRD000950
299605126165850112,1237648722289492224,145.79884,0.6504951,GALAXY,,0.1645139,4.590164e-05,0,266,51630,421,0.0,0.0,GALAXY,RADIO_FIRST,FIRST,SDSS_DR18_SPECTROSCOPY,ZWARNING_0_SCIENCEPRIMARY,,,,,,,,,,,,,,,,,,,,RXTRD000951
