truth_id,ra,dec,truth_axis,truth_class,truth_quality,truth_source,excluded_evidence_catalog
J191617.28+725340.8,289.07201,72.89468,variability,RR_LYRAE,0.982,ASAS-SN Variable Stars II/366,
J030321.42-044115.4,45.83925,-4.6876,variability,RR_LYRAE,0.991,ASAS-SN Variable Stars II/366,
J214020.87+130357.0,325.08694,13.06583,variability,RR_LYRAE,0.946,ASAS-SN Variable Stars II/366,
J174610.37-152619.8,266.54327,-15.43891,variability,RR_LYRAE,0.973,ASAS-SN Variable Stars II/366,
J121806.91+650118.2,184.52878,65.02172,variability,RR_LYRAE,0.57,ASAS-SN Variable Stars II/366,
J191731.48+353617.0,289.38069,35.60479,variability,RR_LYRAE,0.987,ASAS-SN Variable Stars II/366,
J114711.89-461238.8,176.79953,-46.21077,variability,RR_LYRAE,0.994,ASAS-SN Variable Stars II/366,
J093901.33-035431.5,144.75556,-3.90875,variability,RR_LYRAE,0.986,ASAS-SN Variable Stars II/366,
J172217.77-461520.1,260.57406,-46.25559,variability,RR_LYRAE,0.508,ASAS-SN Variable Stars II/366,
J163353.09-274744.7,248.47119,-27.79574,variability,RR_LYRAE,0.981,ASAS-SN Variable Stars II/366,
J205614.98+164015.7,314.06242,16.67103,variability,RR_LYRAE,0.939,ASAS-SN Variable Stars II/366,
J115255.01-430352.7,178.2292,-43.06464,variability,RR_LYRAE,0.978,ASAS-SN Variable Stars II/366,
J082211.62-025359.4,125.5484,-2.89982,variability,RR_LYRAE,0.996,ASAS-SN Variable Stars II/366,
J183205.91-494042.9,278.02578,-49.67809,variability,RR_LYRAE,0.977,ASAS-SN Variable Stars II/366,
J083135.91+270329.8,127.89961,27.05828,variability,RR_LYRAE,0.996,ASAS-SN Variable Stars II/366,
J133200.18+151223.9,203.00077,15.20664,variability,RR_LYRAE,0.974,ASAS-SN Variable Stars II/366,
J184742.61-070454.8,281.92754,-7.0819,variability,RR_LYRAE,0.445,ASAS-SN Variable Stars II/366,
J044831.66+261108.7,72.13187,26.18565,variability,RR_LYRAE,0.979,ASAS-SN Variable Stars II/366,
J162146.66-310431.8,245.44441,-31.07551,variability,RR_LYRAE,0.977,ASAS-SN Variable Stars II/366,
J195534.80-842337.1,298.89498,-84.39365,variability,RR_LYRAE,0.983,ASAS-SN Variable Stars II/366,
J193345.32-260241.1,293.43884,-26.04474,variability,RR_LYRAE,0.987,ASAS-SN Variable Stars II/366,
J003239.49-263449.4,8.16454,-26.58039,variability,RR_LYRAE,0.992,ASAS-SN Variable Stars II/366,
J093144.37-264236.7,142.93489,-26.7102,variability,RR_LYRAE,0.488,ASAS-SN Variable Stars II/366,
J161355.53+234147.3,243.48139,23.69648,variability,RR_LYRAE,0.917,ASAS-SN Variable Stars II/366,
J212403.18-062936.4,321.01324,-6.49345,variability,RR_LYRAE,0.973,ASAS-SN Variable Stars II/366,
J121215.13-432500.6,183.06304,-43.41683,variability,RR_LYRAE,0.978,ASAS-SN Variable Stars II/366,
J180526.91-333321.8,271.36212,-33.55606,variability,RR_LYRAE,0.745,ASAS-SN Variable Stars II/366,
J113639.16+163000.9,174.16315,16.50025,variability,RR_LYRAE,0.992,ASAS-SN Variable Stars II/366,
J184411.16-280941.1,281.04652,-28.16142,variability,RR_LYRAE,0.628,ASAS-SN Variable Stars II/366,
J141245.18-402346.3,213.18825,-40.3962,variability,RR_LYRAE,0.984,ASAS-SN Variable Stars II/366,
J150128.62-243221.0,225.36927,-24.53918,variability,RR_LYRAE,0.99,ASAS-SN Variable Stars II/366,
J183849.46+232924.5,279.70608,23.49013,variability,RR_LYRAE,0.988,ASAS-SN Variable Stars II/366,
J094510.67+345047.7,146.29444,34.84657,variability,RR_LYRAE,0.891,ASAS-SN Variable Stars II/366,
J093728.15+563557.5,144.36728,56.5993,variability,RR_LYRAE,0.997,ASAS-SN Variable Stars II/366,
J184145.13-350030.6,280.43804,-35.0085,variability,RR_LYRAE,0.96,ASAS-SN Variable Stars II/366,
J133819.63-183507.7,204.58178,-18.58548,variability,RR_LYRAE,0.983,ASAS-SN Variable Stars II/366,
J180357.54-284101.5,270.98973,-28.68375,variability,RR_LYRAE,0.691,ASAS-SN Variable Stars II/366,
J190716.49-292957.3,286.81809,-29.49912,variability,RR_LYRAE,0.986,ASAS-SN Variable Stars II/366,
J072220.18+190919.3,110.58379,19.15521,variability,RR_LYRAE,0.993,ASAS-SN Variable Stars II/366,
J174235.21+224256.2,265.64672,22.71564,variability,RR_LYRAE,0.994,ASAS-SN Variable Stars II/366,
J182703.00+072726.3,276.76249,7.4573,variability,RR_LYRAE,0.959,ASAS-SN Variable Stars II/366,
J003119.06-600638.4,7.82948,-60.11077,variability,RR_LYRAE,0.996,ASAS-SN Variable Stars II/366,
J081154.15-751017.0,122.97478,-75.17159,variability,RR_LYRAE,0.981,ASAS-SN Variable Stars II/366,
J210706.61+213941.2,316.77738,21.66141,variability,RR_LYRAE,0.991,ASAS-SN Variable Stars II/366,
J184148.76-314359.0,280.45317,-31.73306,variability,RR_LYRAE,0.985,ASAS-SN Variable Stars II/366,
J102523.27-441649.0,156.34696,-44.28029,variability,RR_LYRAE,0.942,ASAS-SN Variable Stars II/366,
J165006.33-211017.6,252.52638,-21.17155,variability,RR_LYRAE,0.989,ASAS-SN Variable Stars II/366,
J084913.17+384931.4,132.30488,38.82539,variability,RR_LYRAE,0.995,ASAS-SN Variable Stars II/366,
J181731.16+181544.4,274.3795,18.2623,variability,RR_LYRAE,0.955,ASAS-SN Variable Stars II/366,
J145809.76-375138.1,224.54068,-37.86057,variability,RR_LYRAE,0.991,ASAS-SN Variable Stars II/366,
J194507.04-694428.3,296.27932,-69.7412,variability,RR_LYRAE,0.987,ASAS-SN Variable Stars II/366,
J155343.12+035012.5,238.42966,3.8368,variability,RR_LYRAE,0.986,ASAS-SN Variable Stars II/366,
J170748.62-324426.4,256.95258,-32.74067,variability,RR_LYRAE,0.898,ASAS-SN Variable Stars II/366,
J182022.67-281826.9,275.09445,-28.30747,variability,RR_LYRAE,0.983,ASAS-SN Variable Stars II/366,
J222514.21-000617.4,336.3092,-0.10484,variability,RR_LYRAE,0.99,ASAS-SN Variable Stars II/366,
J171438.34+000801.0,258.65974,0.13361,variability,RR_LYRAE,0.982,ASAS-SN Variable Stars II/366,
J235223.78+135417.3,358.09909,13.9048,variability,RR_LYRAE,0.991,ASAS-SN Variable Stars II/366,
J003124.72-093830.7,7.853,-9.64186,variability,RR_LYRAE,0.994,ASAS-SN Variable Stars II/366,
J012640.52-331813.7,21.66885,-33.30381,variability,RR_LYRAE,0.435,ASAS-SN Variable Stars II/366,
J193705.33-170015.4,294.2722,-17.00428,variability,RR_LYRAE,0.986,ASAS-SN Variable Stars II/366,
J133010.55-144508.9,202.54396,-14.75247,variability,RR_LYRAE,0.987,ASAS-SN Variable Stars II/366,
J113631.39-235749.6,174.1308,-23.96379,variability,RR_LYRAE,0.989,ASAS-SN Variable Stars II/366,
J101708.66-462128.0,154.2862,-46.35775,variability,RR_LYRAE,0.969,ASAS-SN Variable Stars II/366,
J155246.92+580025.7,238.19552,58.00713,variability,RR_LYRAE,0.987,ASAS-SN Variable Stars II/366,
J154837.22+002853.1,237.15508,0.48143,variability,RR_LYRAE,0.992,ASAS-SN Variable Stars II/366,
J164051.89+204807.7,250.21622,20.80213,variability,RR_LYRAE,0.996,ASAS-SN Variable Stars II/366,
J204351.31+161236.4,310.96378,16.21012,variability,RR_LYRAE,0.984,ASAS-SN Variable Stars II/366,
J111310.65+025108.6,168.29436,2.85239,variability,RR_LYRAE,0.98,ASAS-SN Variable Stars II/366,
J142210.89-030347.2,215.54539,-3.06311,variability,RR_LYRAE,0.992,ASAS-SN Variable Stars II/366,
J110245.85-271801.2,165.69106,-27.30034,variability,RR_LYRAE,0.996,ASAS-SN Variable Stars II/366,
J121734.88-040554.3,184.39533,-4.09842,variability,RR_LYRAE,0.996,ASAS-SN Variable Stars II/366,
J230544.39-481345.2,346.43496,-48.22922,variability,RR_LYRAE,0.989,ASAS-SN Variable Stars II/366,
J065103.91+180036.8,102.76628,18.01021,variability,RR_LYRAE,0.993,ASAS-SN Variable Stars II/366,
J142706.34-182022.2,216.77643,-18.33949,variability,RR_LYRAE,0.985,ASAS-SN Variable Stars II/366,
J183551.09-312733.8,278.96286,-31.4594,variability,RR_LYRAE,0.974,ASAS-SN Variable Stars II/366,
J191629.15-231047.5,289.12146,-23.17987,variability,RR_LYRAE,0.98,ASAS-SN Variable Stars II/366,
J021132.64+533708.1,32.88602,53.61891,variability,RR_LYRAE,0.984,ASAS-SN Variable Stars II/366,
J145517.90-284314.7,223.82459,-28.72076,variability,RR_LYRAE,0.975,ASAS-SN Variable Stars II/366,
J155849.46-294719.2,239.70607,-29.78868,variability,RR_LYRAE,0.988,ASAS-SN Variable Stars II/366,
J065709.13+044039.5,104.28804,4.67765,variability,RR_LYRAE,0.572,ASAS-SN Variable Stars II/366,
J161000.86-265651.8,242.5036,-26.94773,variability,RR_LYRAE,0.981,ASAS-SN Variable Stars II/366,
J172230.27-174552.9,260.62613,-17.7647,variability,RR_LYRAE,0.968,ASAS-SN Variable Stars II/366,
J231052.31-172231.9,347.71797,-17.37552,variability,RR_LYRAE,0.997,ASAS-SN Variable Stars II/366,
J193205.69-280830.3,293.02394,-28.14181,variability,RR_LYRAE,0.997,ASAS-SN Variable Stars II/366,
J203052.20-274618.2,307.71749,-27.77173,variability,RR_LYRAE,0.979,ASAS-SN Variable Stars II/366,
J111544.16+025425.8,168.93398,2.90716,variability,RR_LYRAE,0.995,ASAS-SN Variable Stars II/366,
J225220.47-065930.3,343.08528,-6.99174,variability,RR_LYRAE,0.995,ASAS-SN Variable Stars II/366,
J180844.85-132257.3,272.18705,-13.3827,variability,RR_LYRAE,0.844,ASAS-SN Variable Stars II/366,
J111655.31+283334.5,169.23046,28.55958,variability,RR_LYRAE,0.994,ASAS-SN Variable Stars II/366,
J175116.93-374243.3,267.82054,-37.71203,variability,RR_LYRAE,0.686,ASAS-SN Variable Stars II/366,
J170235.18-051853.3,255.6466,-5.3148,variability,RR_LYRAE,0.98,ASAS-SN Variable Stars II/366,
J011604.78-101536.4,19.01991,-10.26011,variability,RR_LYRAE,0.994,ASAS-SN Variable Stars II/366,
J182905.19-331315.6,277.27162,-33.221,variability,RR_LYRAE,0.991,ASAS-SN Variable Stars II/366,
J193715.29-362812.2,294.31369,-36.47005,variability,RR_LYRAE,0.983,ASAS-SN Variable Stars II/366,
J142138.07+283556.0,215.40864,28.59888,variability,RR_LYRAE,0.988,ASAS-SN Variable Stars II/366,
J070533.32-212623.6,106.38898,-21.43971,variability,RR_LYRAE,0.98,ASAS-SN Variable Stars II/366,
J163835.38-532633.4,249.64743,-53.44261,variability,RR_LYRAE,0.929,ASAS-SN Variable Stars II/366,
J152011.10+225853.9,230.04625,22.98163,variability,RR_LYRAE,0.994,ASAS-SN Variable Stars II/366,
J174110.50+445123.4,265.29376,44.8565,variability,RR_LYRAE,0.993,ASAS-SN Variable Stars II/366,
J152740.54+301014.6,231.91891,30.17071,variability,RR_LYRAE,0.996,ASAS-SN Variable Stars II/366,
J165618.45-213710.6,254.07686,-21.6196,variability,RR_LYRAE,0.971,ASAS-SN Variable Stars II/366,
J112240.66-262057.5,170.66941,-26.34931,variability,RR_LYRAE,0.993,ASAS-SN Variable Stars II/366,
J115419.52+122809.5,178.58133,12.46931,variability,RR_LYRAE,0.939,ASAS-SN Variable Stars II/366,
J191336.70+162328.8,288.40292,16.39132,variability,RR_LYRAE,0.967,ASAS-SN Variable Stars II/366,
J113528.50+451930.9,173.86875,45.32524,variability,RR_LYRAE,0.995,ASAS-SN Variable Stars II/366,
J152013.13-370530.2,230.05472,-37.09171,variability,RR_LYRAE,0.978,ASAS-SN Variable Stars II/366,
J201711.57-091030.7,304.29822,-9.17519,variability,RR_LYRAE,0.987,ASAS-SN Variable Stars II/366,
J192513.65-135012.0,291.30662,-13.83669,variability,RR_LYRAE,0.983,ASAS-SN Variable Stars II/366,
J195653.48-150950.4,299.22283,-15.16401,variability,RR_LYRAE,0.985,ASAS-SN Variable Stars II/366,
J152607.66-265813.6,231.53191,-26.97045,variability,RR_LYRAE,0.975,ASAS-SN Variable Stars II/366,
J121918.47+084543.3,184.82697,8.76203,variability,RR_LYRAE,0.986,ASAS-SN Variable Stars II/366,
J164004.55-271354.3,250.01895,-27.23174,variability,RR_LYRAE,0.96,ASAS-SN Variable Stars II/366,
J201944.04-171753.4,304.93349,-17.29818,variability,RR_LYRAE,0.984,ASAS-SN Variable Stars II/366,
J045227.87-622002.7,73.11612,-62.33408,variability,RR_LYRAE,0.985,ASAS-SN Variable Stars II/366,
J125320.95-543742.3,193.33731,-54.62841,variability,RR_LYRAE,0.498,ASAS-SN Variable Stars II/366,
J005801.28+120545.1,14.50534,12.09587,variability,RR_LYRAE,0.985,ASAS-SN Variable Stars II/366,
J150025.43-765438.8,225.10597,-76.91079,variability,RR_LYRAE,0.995,ASAS-SN Variable Stars II/366,
J175541.29-524714.2,268.92206,-52.78728,variability,RR_LYRAE,0.58,ASAS-SN Variable Stars II/366,
J181617.50-423218.8,274.0729,-42.53856,variability,RR_LYRAE,0.968,ASAS-SN Variable Stars II/366,
J164456.33-323002.2,251.23471,-32.5006,variability,RR_LYRAE,0.518,ASAS-SN Variable Stars II/366,
J093849.59-353738.1,144.70663,-35.62726,variability,RR_LYRAE,0.982,ASAS-SN Variable Stars II/366,
J095124.15-315030.2,147.85064,-31.84172,variability,RR_LYRAE,0.948,ASAS-SN Variable Stars II/366,
J220540.36+242821.0,331.41815,24.47249,variability,RR_LYRAE,0.955,ASAS-SN Variable Stars II/366,
J172851.68-425620.1,262.21533,-42.93892,variability,RR_LYRAE,0.933,ASAS-SN Variable Stars II/366,
J183432.82-262329.3,278.63675,-26.39147,variability,RR_LYRAE,0.968,ASAS-SN Variable Stars II/366,
J060744.89-605011.1,91.93704,-60.83642,variability,RR_LYRAE,0.995,ASAS-SN Variable Stars II/366,
J161852.38-232042.1,244.71826,-23.34502,variability,RR_LYRAE,0.958,ASAS-SN Variable Stars II/366,
J150153.07-312958.8,225.47112,-31.49968,variability,RR_LYRAE,0.974,ASAS-SN Variable Stars II/366,
J124812.51+005739.6,192.05212,0.96101,variability,RR_LYRAE,0.994,ASAS-SN Variable Stars II/366,
J192432.55-371144.0,291.13562,-37.19555,variability,RR_LYRAE,0.982,ASAS-SN Variable Stars II/366,
J155132.98+171347.9,237.8874,17.22998,variability,RR_LYRAE,0.994,ASAS-SN Variable Stars II/366,
J191319.17-621207.8,288.32988,-62.20218,variability,RR_LYRAE,0.994,ASAS-SN Variable Stars II/366,
J181100.28-402859.2,272.75118,-40.4831,variability,RR_LYRAE,0.977,ASAS-SN Variable Stars II/366,
J213537.43-230636.4,323.90594,-23.11012,variability,RR_LYRAE,0.996,ASAS-SN Variable Stars II/366,
J201320.85+142822.2,303.33687,14.47283,variability,RR_LYRAE,0.977,ASAS-SN Variable Stars II/366,
J112807.52-380356.8,172.03132,-38.06579,variability,RR_LYRAE,0.994,ASAS-SN Variable Stars II/366,
J152001.19-263621.3,230.00496,-26.60592,variability,RR_LYRAE,0.987,ASAS-SN Variable Stars II/366,
J215423.63-382050.6,328.59845,-38.34739,variability,RR_LYRAE,0.997,ASAS-SN Variable Stars II/366,
J184003.36-580821.4,280.01401,-58.13928,variability,RR_LYRAE,0.698,ASAS-SN Variable Stars II/366,
J181809.81-321721.2,274.54087,-32.28923,variability,RR_LYRAE,0.947,ASAS-SN Variable Stars II/366,
J142723.25-281755.0,216.84688,-28.2986,variability,RR_LYRAE,0.995,ASAS-SN Variable Stars II/366,
J080739.96+762248.6,121.9165,76.38016,variability,RR_LYRAE,0.991,ASAS-SN Variable Stars II/366,
J164017.13-300743.8,250.07136,-30.12884,variability,RR_LYRAE,0.931,ASAS-SN Variable Stars II/366,
J181644.24-390150.6,274.18433,-39.03072,variability,RR_LYRAE,0.981,ASAS-SN Variable Stars II/366,
J171608.16+044654.1,259.03399,4.78169,variability,RR_LYRAE,0.988,ASAS-SN Variable Stars II/366,
J181620.17-363931.6,274.08404,-36.65878,variability,RR_LYRAE,0.936,ASAS-SN Variable Stars II/366,
J120037.32-505459.9,180.15548,-50.91663,variability,RR_LYRAE,0.992,ASAS-SN Variable Stars II/366,
J145358.30+594100.3,223.49291,59.68342,variability,RR_LYRAE,0.997,ASAS-SN Variable Stars II/366,
J142411.34-380652.7,216.04726,-38.11464,variability,RR_LYRAE,0.965,ASAS-SN Variable Stars II/366,
J194042.89-072846.4,295.1787,-7.47955,variability,RR_LYRAE,0.987,ASAS-SN Variable Stars II/366,
J103849.09-411558.8,159.70456,-41.26634,variability,RR_LYRAE,0.993,ASAS-SN Variable Stars II/366,
J172929.70+253534.4,262.37373,25.5929,variability,RR_LYRAE,0.997,ASAS-SN Variable Stars II/366,
J205204.45+230246.9,313.01854,23.04637,variability,RR_LYRAE,0.942,ASAS-SN Variable Stars II/366,
J085000.90+095945.7,132.50373,9.99604,variability,RR_LYRAE,0.993,ASAS-SN Variable Stars II/366,
J114949.34-361341.7,177.4556,-36.22824,variability,RR_LYRAE,0.983,ASAS-SN Variable Stars II/366,
J175314.82+174841.7,268.31159,17.81177,variability,RR_LYRAE,0.662,ASAS-SN Variable Stars II/366,
J020420.77-510414.0,31.08654,-51.07056,variability,RR_LYRAE,0.99,ASAS-SN Variable Stars II/366,
J105530.36-400028.8,163.87648,-40.008,variability,RR_LYRAE,0.992,ASAS-SN Variable Stars II/366,
J114823.40-483909.5,177.09698,-48.65264,variability,RR_LYRAE,0.996,ASAS-SN Variable Stars II/366,
J132126.76-285518.7,200.3615,-28.92186,variability,RR_LYRAE,0.902,ASAS-SN Variable Stars II/366,
J172243.05+165523.2,260.67936,16.9231,variability,RR_LYRAE,0.995,ASAS-SN Variable Stars II/366,
J130655.91+180243.2,196.73297,18.04534,variability,RR_LYRAE,0.995,ASAS-SN Variable Stars II/366,
J114313.35+210810.6,175.80562,21.13628,variability,RR_LYRAE,0.997,ASAS-SN Variable Stars II/366,
J183549.01-355116.9,278.95419,-35.85469,variability,RR_LYRAE,0.574,ASAS-SN Variable Stars II/366,
J013518.15-353443.8,23.82561,-35.57882,variability,RR_LYRAE,0.986,ASAS-SN Variable Stars II/366,
J234657.08+295101.6,356.73783,29.85044,variability,RR_LYRAE,0.995,ASAS-SN Variable Stars II/366,
J211949.27-331609.1,319.95529,-33.26919,variability,RR_LYRAE,0.995,ASAS-SN Variable Stars II/366,
J011628.55-104249.0,19.11894,-10.7136,variability,RR_LYRAE,0.994,ASAS-SN Variable Stars II/366,
J063328.32+335131.1,98.36799,33.85864,variability,RR_LYRAE,0.986,ASAS-SN Variable Stars II/366,
J154251.24-301159.5,235.71349,-30.19986,variability,RR_LYRAE,0.992,ASAS-SN Variable Stars II/366,
J151912.63+171155.8,229.80261,17.19882,variability,RR_LYRAE,0.992,ASAS-SN Variable Stars II/366,
J102735.41-291046.0,156.89754,-29.17944,variability,RR_LYRAE,0.995,ASAS-SN Variable Stars II/366,
J204032.49+074600.9,310.13537,7.76692,variability,RR_LYRAE,0.994,ASAS-SN Variable Stars II/366,
J171507.80-054611.4,258.78251,-5.76984,variability,RR_LYRAE,0.825,ASAS-SN Variable Stars II/366,
J105239.31-143658.9,163.16378,-14.61636,variability,RR_LYRAE,0.996,ASAS-SN Variable Stars II/366,
J135812.37-244639.2,209.55154,-24.77755,variability,RR_LYRAE,0.962,ASAS-SN Variable Stars II/366,
J154344.83-260618.4,235.93678,-26.10512,variability,RR_LYRAE,0.983,ASAS-SN Variable Stars II/366,
J180157.87-655737.2,270.49113,-65.96032,variability,RR_LYRAE,0.955,ASAS-SN Variable Stars II/366,
J101747.37+271421.6,154.44736,27.23934,variability,RR_LYRAE,0.973,ASAS-SN Variable Stars II/366,
J093629.27-530536.5,144.12197,-53.09347,variability,RR_LYRAE,0.491,ASAS-SN Variable Stars II/366,
J101156.40-084711.4,152.98498,-8.7865,variability,RR_LYRAE,0.994,ASAS-SN Variable Stars II/366,
J015708.63-700552.7,29.28595,-70.09798,variability,RR_LYRAE,0.994,ASAS-SN Variable Stars II/366,
J153226.55+123020.7,233.11064,12.50576,variability,RR_LYRAE,0.997,ASAS-SN Variable Stars II/366,
J182630.30+274012.2,276.62566,27.66994,variability,RR_LYRAE,0.987,ASAS-SN Variable Stars II/366,
J175607.10+183530.8,269.02914,18.59184,variability,RR_LYRAE,0.996,ASAS-SN Variable Stars II/366,
J224925.93+393337.1,342.35804,39.56031,variability,RR_LYRAE,0.991,ASAS-SN Variable Stars II/366,
J064317.06-772443.6,100.82109,-77.4121,variability,RR_LYRAE,0.995,ASAS-SN Variable Stars II/366,
J121132.92-284939.2,182.88715,-28.82755,variability,RR_LYRAE,0.996,ASAS-SN Variable Stars II/366,
J121133.56+313556.2,182.88985,31.59894,variability,RR_LYRAE,0.994,ASAS-SN Variable Stars II/366,
J225306.54-703339.6,343.27723,-70.56101,variability,RR_LYRAE,0.899,ASAS-SN Variable Stars II/366,
J131628.03+173956.3,199.11678,17.66596,variability,RR_LYRAE,0.986,ASAS-SN Variable Stars II/366,
J203611.60-264556.8,309.04833,-26.76578,variability,RR_LYRAE,0.997,ASAS-SN Variable Stars II/366,
J104035.34-342749.4,160.14723,-34.46372,variability,RR_LYRAE,0.996,ASAS-SN Variable Stars II/366,
J024541.11-190616.0,41.42129,-19.10444,variability,RR_LYRAE,0.996,ASAS-SN Variable Stars II/366,
J113903.29-384311.1,174.76369,-38.71974,variability,RR_LYRAE,0.99,ASAS-SN Variable Stars II/366,
J144004.03-202637.5,220.01681,-20.44376,variability,RR_LYRAE,0.992,ASAS-SN Variable Stars II/366,
J084334.20-172712.1,130.89248,-17.45336,variability,RR_LYRAE,0.992,ASAS-SN Variable Stars II/366,
J125252.31+562853.2,193.21797,56.48144,variability,RR_LYRAE,0.996,ASAS-SN Variable Stars II/366,
J044039.60-710011.3,70.16501,-71.00313,variability,RR_LYRAE,0.987,ASAS-SN Variable Stars II/366,
J151813.71-011907.8,229.55711,-1.31882,variability,RR_LYRAE,0.985,ASAS-SN Variable Stars II/366,
J212213.05+123350.6,320.55436,12.56405,variability,RR_LYRAE,0.982,ASAS-SN Variable Stars II/366,
J183951.36-635952.5,279.96402,-63.99792,variability,RR_LYRAE,0.977,ASAS-SN Variable Stars II/366,
J210844.70+162757.3,317.18625,16.46591,variability,RR_LYRAE,0.994,ASAS-SN Variable Stars II/366,
J191051.13-474815.7,287.71305,-47.80436,variability,RR_LYRAE,0.985,ASAS-SN Variable Stars II/366,
J213926.15-223707.1,324.85897,-22.61863,variability,RR_LYRAE,0.989,ASAS-SN Variable Stars II/366,
J045953.02+181201.8,74.97092,18.2005,variability,RR_LYRAE,0.976,ASAS-SN Variable Stars II/366,
J130205.81-502041.0,195.52422,-50.34473,variability,RR_LYRAE,0.982,ASAS-SN Variable Stars II/366,
J083604.79-195742.4,129.01996,-19.96179,variability,RR_LYRAE,0.978,ASAS-SN Variable Stars II/366,
J142253.89+193219.7,215.72453,19.53881,variability,RR_LYRAE,0.991,ASAS-SN Variable Stars II/366,
J215726.46+425818.9,329.36026,42.97191,variability,RR_LYRAE,0.978,ASAS-SN Variable Stars II/366,
J041244.10-402122.2,63.18377,-40.35616,variability,RR_LYRAE,0.997,ASAS-SN Variable Stars II/366,
J191738.70-180319.2,289.41127,-18.05532,variability,RR_LYRAE,0.732,ASAS-SN Variable Stars II/366,
J180907.69-403219.1,272.28193,-40.53845,variability,RR_LYRAE,0.801,ASAS-SN Variable Stars II/366,
J142008.32-433349.7,215.03465,-43.5638,variability,RR_LYRAE,0.992,ASAS-SN Variable Stars II/366,
J181507.59-355524.9,273.78161,-35.92358,variability,RR_LYRAE,0.976,ASAS-SN Variable Stars II/366,
J200430.99-330134.8,301.12914,-33.02634,variability,RR_LYRAE,0.992,ASAS-SN Variable Stars II/366,
J064214.13-421651.9,100.55886,-42.28107,variability,RR_LYRAE,0.991,ASAS-SN Variable Stars II/366,
J193654.68-313303.9,294.22783,-31.55109,variability,RR_LYRAE,0.996,ASAS-SN Variable Stars II/366,
J134344.54+780732.9,205.93589,78.12579,variability,RR_LYRAE,0.916,ASAS-SN Variable Stars II/366,
J173634.17-141103.3,264.14205,-14.18434,variability,RR_LYRAE,0.976,ASAS-SN Variable Stars II/366,
J173107.22+052652.5,262.78009,5.44792,variability,RR_LYRAE,0.995,ASAS-SN Variable Stars II/366,
J225601.23-261035.4,344.00512,-26.17651,variability,RR_LYRAE,0.995,ASAS-SN Variable Stars II/366,
J175017.24-584537.4,267.57185,-58.76039,variability,RR_LYRAE,0.992,ASAS-SN Variable Stars II/366,
J235936.94-720519.6,359.90391,-72.08878,variability,RR_LYRAE,0.992,ASAS-SN Variable Stars II/366,
J055650.63-274001.5,89.21097,-27.66709,variability,RR_LYRAE,0.995,ASAS-SN Variable Stars II/366,
J150553.70+270534.0,226.47375,27.09279,variability,RR_LYRAE,0.996,ASAS-SN Variable Stars II/366,
J171159.95-203246.9,257.99979,-20.54636,variability,RR_LYRAE,0.98,ASAS-SN Variable Stars II/366,
J131544.94-314246.5,198.93725,-31.71293,variability,RR_LYRAE,0.985,ASAS-SN Variable Stars II/366,
J202037.27-534342.4,305.15531,-53.72844,variability,RR_LYRAE,0.967,ASAS-SN Variable Stars II/366,
J082255.16-814803.5,125.72985,-81.80098,variability,RR_LYRAE,0.987,ASAS-SN Variable Stars II/366,
J203448.82+005659.4,308.70341,0.94982,variability,RR_LYRAE,0.992,ASAS-SN Variable Stars II/366,
J150612.63+025456.6,226.55261,2.91572,variability,RR_LYRAE,0.994,ASAS-SN Variable Stars II/366,
J162027.43-304550.8,245.11428,-30.76403,variability,RR_LYRAE,0.969,ASAS-SN Variable Stars II/366,
J173030.27+060640.4,262.62614,6.11122,variability,RR_LYRAE,0.997,ASAS-SN Variable Stars II/366,
J182627.39-322459.8,276.61413,-32.41661,variability,RR_LYRAE,0.855,ASAS-SN Variable Stars II/366,
J160207.96+270331.5,240.53315,27.05876,variability,RR_LYRAE,0.996,ASAS-SN Variable Stars II/366,
J140227.13-533224.3,210.61314,-53.5399,variability,RR_LYRAE,0.986,ASAS-SN Variable Stars II/366,
J202129.54-605947.6,305.3731,-60.99655,variability,RR_LYRAE,0.775,ASAS-SN Variable Stars II/366,
J185146.53-274128.2,282.94386,-27.69116,variability,RR_LYRAE,0.896,ASAS-SN Variable Stars II/366,
J004242.83-512855.6,10.67847,-51.48211,variability,RR_LYRAE,0.985,ASAS-SN Variable Stars II/366,
J161159.39-004137.5,242.99744,-0.69374,variability,RR_LYRAE,0.988,ASAS-SN Variable Stars II/366,
J184437.47-575449.5,281.15611,-57.91376,variability,RR_LYRAE,0.989,ASAS-SN Variable Stars II/366,
J001542.17-585300.7,3.92571,-58.88352,variability,RR_LYRAE,0.992,ASAS-SN Variable Stars II/366,
J142202.28-465101.7,215.50948,-46.85054,variability,RR_LYRAE,0.996,ASAS-SN Variable Stars II/366,
J191552.24-284825.5,288.96767,-28.80709,variability,RR_LYRAE,0.985,ASAS-SN Variable Stars II/366,
J010824.46-700153.4,17.10193,-70.03151,variability,RR_LYRAE,0.983,ASAS-SN Variable Stars II/366,
J145501.43+190546.7,223.75595,19.0963,variability,RR_LYRAE,0.995,ASAS-SN Variable Stars II/366,
J084619.50-775435.9,131.58125,-77.90998,variability,RR_LYRAE,0.986,ASAS-SN Variable Stars II/366,
J003752.51+324510.4,9.46878,32.7529,variability,RR_LYRAE,0.994,ASAS-SN Variable Stars II/366,
J171415.94+135301.4,258.56643,13.88373,variability,RR_LYRAE,0.99,ASAS-SN Variable Stars II/366,
J111123.47+413216.3,167.84779,41.53787,variability,RR_LYRAE,0.993,ASAS-SN Variable Stars II/366,
J211215.19-541807.6,318.06329,-54.30211,variability,RR_LYRAE,0.976,ASAS-SN Variable Stars II/366,
J132354.04-461010.3,200.97518,-46.16952,variability,RR_LYRAE,0.999,ASAS-SN Variable Stars II/366,
J062011.28+675148.4,95.04746,67.86364,variability,RR_LYRAE,0.995,ASAS-SN Variable Stars II/366,
J075015.49-645653.0,117.56452,-64.94806,variability,RR_LYRAE,0.987,ASAS-SN Variable Stars II/366,
J101009.81+085031.5,152.54088,8.84209,variability,RR_LYRAE,0.986,ASAS-SN Variable Stars II/366,
J200543.22+651732.0,301.4301,65.29222,variability,RR_LYRAE,0.962,ASAS-SN Variable Stars II/366,
J160130.10+295522.3,240.3754,29.92287,variability,RR_LYRAE,0.999,ASAS-SN Variable Stars II/366,
J174958.85+071024.0,267.49519,7.17334,variability,RR_LYRAE,0.998,ASAS-SN Variable Stars II/366,
J115049.83+053548.1,177.70762,5.59669,variability,RR_LYRAE,0.989,ASAS-SN Variable Stars II/366,
J120415.47-573249.5,181.06447,-57.54708,variability,RR_LYRAE,0.995,ASAS-SN Variable Stars II/366,
J180123.60+370328.5,270.34834,37.05792,variability,RR_LYRAE,0.942,ASAS-SN Variable Stars II/366,
J171100.99+025711.1,257.75414,2.95307,variability,RR_LYRAE,0.999,ASAS-SN Variable Stars II/366,
J055619.85-490042.6,89.08269,-49.01184,variability,RR_LYRAE,0.995,ASAS-SN Variable Stars II/366,
J102901.50-222345.0,157.25625,-22.39583,variability,RR_LYRAE,0.956,ASAS-SN Variable Stars II/366,
J151738.70-210207.1,229.41125,-21.0353,variability,RR_LYRAE,0.954,ASAS-SN Variable Stars II/366,
J140223.09-274309.5,210.59622,-27.7193,variability,RR_LYRAE,0.999,ASAS-SN Variable Stars II/366,
J212512.25+081742.3,321.30105,8.29508,variability,RR_LYRAE,0.999,ASAS-SN Variable Stars II/366,
J193059.01-410324.4,292.74589,-41.05677,variability,RR_LYRAE,0.997,ASAS-SN Variable Stars II/366,
J103222.56-522855.1,158.09401,-52.48196,variability,RR_LYRAE,0.998,ASAS-SN Variable Stars II/366,
J165358.44-420833.6,253.4935,-42.14266,variability,RR_LYRAE,0.658,ASAS-SN Variable Stars II/366,
J174605.97-015742.7,266.52486,-1.96187,variability,RR_LYRAE,0.972,ASAS-SN Variable Stars II/366,
J195453.14-493541.1,298.72142,-49.59475,variability,RR_LYRAE,0.879,ASAS-SN Variable Stars II/366,
J105723.25-093239.1,164.34688,-9.54419,variability,RR_LYRAE,0.982,ASAS-SN Variable Stars II/366,
J044053.36-432617.8,70.22232,-43.43829,variability,RR_LYRAE,0.999,ASAS-SN Variable Stars II/366,
J131058.48-222716.3,197.74368,-22.45452,variability,RR_LYRAE,0.894,ASAS-SN Variable Stars II/366,
J090354.95-305724.3,135.97895,-30.95675,variability,RR_LYRAE,0.721,ASAS-SN Variable Stars II/366,
J181156.57-324112.8,272.98572,-32.68688,variability,RR_LYRAE,0.908,ASAS-SN Variable Stars II/366,
J194949.81-024706.3,297.45754,-2.78509,variability,RR_LYRAE,0.982,ASAS-SN Variable Stars II/366,
J125207.98+191424.1,193.03325,19.24003,variability,RR_LYRAE,0.984,ASAS-SN Variable Stars II/366,
J184136.89+085938.0,280.40371,8.9939,variability,RR_LYRAE,0.987,ASAS-SN Variable Stars II/366,
J175843.92+383858.2,269.683,38.64949,variability,RR_LYRAE,0.999,ASAS-SN Variable Stars II/366,
J223054.90+484124.0,337.72877,48.68999,variability,RR_LYRAE,0.837,ASAS-SN Variable Stars II/366,
J182042.50-225022.4,275.17708,-22.83956,variability,RR_LYRAE,0.736,ASAS-SN Variable Stars II/366,
J143322.84-351335.6,218.34517,-35.22656,variability,RR_LYRAE,0.999,ASAS-SN Variable Stars II/366,
J073711.76-385525.2,114.29899,-38.92368,variability,RR_LYRAE,0.989,ASAS-SN Variable Stars II/366,
J162906.98-761608.0,247.27907,-76.26889,variability,RR_LYRAE,0.992,ASAS-SN Variable Stars II/366,
J183842.57-044846.0,279.67739,-4.81279,variability,RR_LYRAE,0.783,ASAS-SN Variable Stars II/366,
J015309.37+510628.4,28.28906,51.1079,variability,RR_LYRAE,0.971,ASAS-SN Variable Stars II/366,
J160231.16-302052.3,240.62983,-30.34786,variability,RR_LYRAE,0.931,ASAS-SN Variable Stars II/366,
J051855.08-492605.4,79.72948,-49.43483,variability,RR_LYRAE,0.999,ASAS-SN Variable Stars II/366,
J215149.70-364100.2,327.95707,-36.6834,variability,RR_LYRAE,0.999,ASAS-SN Variable Stars II/366,
J172133.04+035003.3,260.38757,3.83419,variability,RR_LYRAE,0.992,ASAS-SN Variable Stars II/366,
J173947.51+192300.4,264.94796,19.38345,variability,RR_LYRAE,0.923,ASAS-SN Variable Stars II/366,
J151909.30+064026.7,229.78874,6.67408,variability,RR_LYRAE,0.999,ASAS-SN Variable Stars II/366,
J071051.64-143042.7,107.71515,-14.51185,variability,RR_LYRAE,0.934,ASAS-SN Variable Stars II/366,
J200345.82+054851.3,300.9409,5.81425,variability,RR_LYRAE,0.743,ASAS-SN Variable Stars II/366,
J053811.56-144725.1,84.54817,-14.79031,variability,RR_LYRAE,0.997,ASAS-SN Variable Stars II/366,
J081301.34+011941.4,123.25557,1.32818,variability,RR_LYRAE,0.999,ASAS-SN Variable Stars II/366,
J112242.72+073437.7,170.67799,7.57713,variability,RR_LYRAE,0.996,ASAS-SN Variable Stars II/366,
J160752.75-314522.2,241.96979,-31.75618,variability,RR_LYRAE,0.844,ASAS-SN Variable Stars II/366,
J191304.68-492727.6,288.26952,-49.45767,variability,RR_LYRAE,0.981,ASAS-SN Variable Stars II/366,
J142232.09+260638.6,215.6337,26.11073,variability,RR_LYRAE,0.999,ASAS-SN Variable Stars II/366,
J183916.21+421230.5,279.81754,42.20846,variability,RR_LYRAE,0.955,ASAS-SN Variable Stars II/366,
J132811.42-361434.0,202.04809,-36.24278,variability,RR_LYRAE,0.999,ASAS-SN Variable Stars II/366,
J225916.94+140143.9,344.82057,14.02887,variability,RR_LYRAE,0.999,ASAS-SN Variable Stars II/366,
J094015.17-531134.0,145.06322,-53.19278,variability,RR_LYRAE,0.985,ASAS-SN Variable Stars II/366,
J205158.04-082310.7,312.99182,-8.38631,variability,RR_LYRAE,0.999,ASAS-SN Variable Stars II/366,
J134610.41-682101.2,206.54338,-68.35034,variability,RR_LYRAE,0.881,ASAS-SN Variable Stars II/366,
J030315.53+271641.3,45.81472,27.27815,variability,RR_LYRAE,0.998,ASAS-SN Variable Stars II/366,
J035121.83+743923.4,57.84095,74.65651,variability,RR_LYRAE,0.999,ASAS-SN Variable Stars II/366,
J192718.71-282354.9,291.82796,-28.39857,variability,RR_LYRAE,0.999,ASAS-SN Variable Stars II/366,
J105950.10-593603.4,164.95875,-59.60095,variability,RR_LYRAE,0.876,ASAS-SN Variable Stars II/366,
J105242.06-090858.2,163.17524,-9.14949,variability,RR_LYRAE,0.999,ASAS-SN Variable Stars II/366,
J063812.66+125831.0,99.55274,12.97529,variability,RR_LYRAE,0.673,ASAS-SN Variable Stars II/366,
J213537.22+070310.0,323.90508,7.05278,variability,RR_LYRAE,0.999,ASAS-SN Variable Stars II/366,
J014943.74-264123.6,27.43227,-26.6899,variability,RR_LYRAE,0.969,ASAS-SN Variable Stars II/366,
J231916.95-374047.3,349.82062,-37.6798,variability,RR_LYRAE,0.999,ASAS-SN Variable Stars II/366,
J165850.18-264314.7,254.70908,-26.72074,variability,RR_LYRAE,0.966,ASAS-SN Variable Stars II/366,
J092800.20+063759.5,142.00082,6.63319,variability,RR_LYRAE,0.995,ASAS-SN Variable Stars II/366,
J210004.68-570746.7,315.0195,-57.12964,variability,RR_LYRAE,0.987,ASAS-SN Variable Stars II/366,
J222648.01-575855.3,336.70004,-57.98203,variability,RR_LYRAE,0.999,ASAS-SN Variable Stars II/366,
J052130.54-501031.6,80.37727,-50.17545,variability,RR_LYRAE,0.999,ASAS-SN Variable Stars II/366,
J001834.75+045019.3,4.64479,4.83869,variability,RR_LYRAE,0.999,ASAS-SN Variable Stars II/366,
J010215.75+044309.7,15.56562,4.71936,variability,RR_LYRAE,0.984,ASAS-SN Variable Stars II/366,
J170322.61-023117.1,255.84419,-2.52143,variability,RR_LYRAE,0.998,ASAS-SN Variable Stars II/366,
J202434.28+004755.8,306.14285,0.79882,variability,RR_LYRAE,0.997,ASAS-SN Variable Stars II/366,
J180226.87+032425.7,270.61195,3.40715,variability,RR_LYRAE,0.985,ASAS-SN Variable Stars II/366,
J190524.96+032408.1,286.35398,3.40226,variability,RR_LYRAE,0.646,ASAS-SN Variable Stars II/366,
J160127.40-262347.2,240.36417,-26.39644,variability,RR_LYRAE,0.995,ASAS-SN Variable Stars II/366,
J184202.60-233717.3,280.51085,-23.62148,variability,RR_LYRAE,0.627,ASAS-SN Variable Stars II/366,
J115805.72+210053.0,179.52383,21.01472,variability,RR_LYRAE,0.999,ASAS-SN Variable Stars II/366,
J080232.88-364133.0,120.63702,-36.69249,variability,RR_LYRAE,0.69,ASAS-SN Variable Stars II/366,
J102329.76-561901.0,155.87398,-56.31695,variability,RR_LYRAE,0.916,ASAS-SN Variable Stars II/366,
J123328.94-192342.3,188.37058,-19.39508,variability,RR_LYRAE,0.997,ASAS-SN Variable Stars II/366,
J180904.52-323112.5,272.26883,-32.52014,variability,RR_LYRAE,0.957,ASAS-SN Variable Stars II/366,
J224652.01+134908.9,341.7167,13.81913,variability,RR_LYRAE,0.999,ASAS-SN Variable Stars II/366,
J103425.52+025225.2,158.60634,2.87366,variability,RR_LYRAE,0.93,ASAS-SN Variable Stars II/366,
J163155.06-580318.4,247.97941,-58.05511,variability,RR_LYRAE,0.988,ASAS-SN Variable Stars II/366,
J210221.04+060600.1,315.58768,6.10002,variability,RR_LYRAE,0.999,ASAS-SN Variable Stars II/366,
J111131.16+014159.3,167.87982,1.6998,variability,RR_LYRAE,0.996,ASAS-SN Variable Stars II/366,
J073505.47+195253.9,113.77279,19.88164,variability,RR_LYRAE,0.993,ASAS-SN Variable Stars II/366,
J154920.75-150920.4,237.33646,-15.15568,variability,RR_LYRAE,0.999,ASAS-SN Variable Stars II/366,
J195859.58-064251.7,299.74826,-6.71435,variability,RR_LYRAE,0.967,ASAS-SN Variable Stars II/366,
J152734.51-301654.2,231.89381,-30.28173,variability,RR_LYRAE,0.572,ASAS-SN Variable Stars II/366,
J051731.84-423840.5,79.38266,-42.64459,variability,RR_LYRAE,0.999,ASAS-SN Variable Stars II/366,
J182040.23-325905.5,275.16762,-32.98486,variability,RR_LYRAE,0.723,ASAS-SN Variable Stars II/366,
J040201.00+623830.7,60.50415,62.64185,variability,RR_LYRAE,0.716,ASAS-SN Variable Stars II/366,
J071427.38-333302.7,108.61407,-33.55075,variability,RR_LYRAE,0.932,ASAS-SN Variable Stars II/366,
J142302.24+200931.2,215.75932,20.15866,variability,RR_LYRAE,0.999,ASAS-SN Variable Stars II/366,
J145933.93-315119.9,224.89136,-31.85554,variability,RR_LYRAE,0.999,ASAS-SN Variable Stars II/366,
J203144.96-215846.6,307.93734,-21.97962,variability,RR_LYRAE,0.999,ASAS-SN Variable Stars II/366,
J184128.69-534101.1,280.36954,-53.68363,variability,RR_LYRAE,0.993,ASAS-SN Variable Stars II/366,
J074042.87-323958.3,115.17862,-32.6662,variability,RR_LYRAE,0.792,ASAS-SN Variable Stars II/366,
J193756.10-245742.9,294.48375,-24.96192,variability,RR_LYRAE,0.997,ASAS-SN Variable Stars II/366,
J173127.58+173314.2,262.86493,17.55394,variability,RR_LYRAE,0.998,ASAS-SN Variable Stars II/366,
J141012.85-154539.0,212.55354,-15.76082,variability,RR_LYRAE,0.976,ASAS-SN Variable Stars II/366,
J162457.76+075756.3,246.24068,7.96564,variability,RR_LYRAE,0.998,ASAS-SN Variable Stars II/366,
J153447.07-452408.3,233.69613,-45.4023,variability,RR_LYRAE,0.851,ASAS-SN Variable Stars II/366,
J174355.69-782846.3,265.98206,-78.47953,variability,RR_LYRAE,0.999,ASAS-SN Variable Stars II/366,
J185438.51-055848.2,283.66045,-5.98006,variability,RR_LYRAE,0.861,ASAS-SN Variable Stars II/366,
J083229.55-622024.4,128.12312,-62.34011,variability,RR_LYRAE,0.921,ASAS-SN Variable Stars II/366,
J175449.42-193328.0,268.70592,-19.55777,variability,RR_LYRAE,0.942,ASAS-SN Variable Stars II/366,
J204716.21+300711.6,311.81753,30.1199,variability,RR_LYRAE,0.978,ASAS-SN Variable Stars II/366,
J125427.69-723253.2,193.61539,-72.54812,variability,RR_LYRAE,0.999,ASAS-SN Variable Stars II/366,
J184752.77-290752.1,281.96987,-29.13113,variability,RR_LYRAE,0.975,ASAS-SN Variable Stars II/366,
J191315.03-192121.7,288.31262,-19.35603,variability,RR_LYRAE,0.871,ASAS-SN Variable Stars II/366,
J002154.56+380128.6,5.47733,38.02461,variability,RR_LYRAE,0.973,ASAS-SN Variable Stars II/366,
J215919.17+602630.3,329.82987,60.44174,variability,RR_LYRAE,0.944,ASAS-SN Variable Stars II/366,
J162233.40-121553.2,245.63916,-12.26478,variability,RR_LYRAE,0.966,ASAS-SN Variable Stars II/366,
J180143.80-460932.8,270.43252,-46.1591,variability,RR_LYRAE,0.687,ASAS-SN Variable Stars II/366,
J141822.01-211143.6,214.5917,-21.19544,variability,RR_LYRAE,0.999,ASAS-SN Variable Stars II/366,
J100308.07-111342.1,150.78364,-11.22837,variability,RR_LYRAE,0.999,ASAS-SN Variable Stars II/366,
J082948.02-350818.4,127.4501,-35.13845,variability,RR_LYRAE,0.896,ASAS-SN Variable Stars II/366,
J175128.70-001815.4,267.86958,-0.30428,variability,RR_LYRAE,0.861,ASAS-SN Variable Stars II/366,
J212809.17-130837.6,322.03821,-13.14379,variability,RR_LYRAE,0.999,ASAS-SN Variable Stars II/366,
J141203.91-764300.9,213.01629,-76.71691,variability,RR_LYRAE,0.99,ASAS-SN Variable Stars II/366,
J110611.94-520417.0,166.54974,-52.07138,variability,RR_LYRAE,0.927,ASAS-SN Variable Stars II/366,
J140631.92+523610.8,211.63299,52.60301,variability,RR_LYRAE,0.997,ASAS-SN Variable Stars II/366,
J134500.12-684701.4,206.25049,-68.78372,variability,RR_LYRAE,0.991,ASAS-SN Variable Stars II/366,
J130411.10-210716.5,196.04625,-21.12125,variability,RR_LYRAE,0.881,ASAS-SN Variable Stars II/366,
J153238.66-594715.1,233.16107,-59.78752,variability,RR_LYRAE,0.929,ASAS-SN Variable Stars II/366,
J171305.80+082122.8,258.27416,8.35634,variability,RR_LYRAE,0.99,ASAS-SN Variable Stars II/366,
J091322.32+223945.6,138.34298,22.66266,variability,RR_LYRAE,0.999,ASAS-SN Variable Stars II/366,
J143351.10-660426.6,218.46292,-66.07406,variability,RR_LYRAE,0.999,ASAS-SN Variable Stars II/366,
J183119.78+195810.2,277.83297,19.96995,variability,RR_LYRAE,0.999,ASAS-SN Variable Stars II/366,
J095752.14+582721.3,149.46726,58.45593,variability,RR_LYRAE,0.999,ASAS-SN Variable Stars II/366,
J155227.13+395528.1,238.11304,39.92446,variability,RR_LYRAE,0.998,ASAS-SN Variable Stars II/366,
J232906.08+524108.9,352.27535,52.6858,variability,RR_LYRAE,0.996,ASAS-SN Variable Stars II/366,
J163036.35-294550.1,247.65146,-29.76393,variability,RR_LYRAE,0.943,ASAS-SN Variable Stars II/366,
J080241.87+065127.2,120.67446,6.85756,variability,RR_LYRAE,0.948,ASAS-SN Variable Stars II/366,
J161426.65+490443.5,243.61104,49.07874,variability,RR_LYRAE,0.916,ASAS-SN Variable Stars II/366,
J115134.45-424535.3,177.89356,-42.7598,variability,RR_LYRAE,0.997,ASAS-SN Variable Stars II/366,
J004226.40+504539.8,10.61,50.76106,variability,RR_LYRAE,0.999,ASAS-SN Variable Stars II/366,
J135924.82+055010.3,209.85343,5.8362,variability,RR_LYRAE,0.999,ASAS-SN Variable Stars II/366,
J174952.66+033002.0,267.46942,3.50056,variability,RR_LYRAE,0.998,ASAS-SN Variable Stars II/366,
J143316.25-362741.9,218.31771,-36.46164,variability,RR_LYRAE,0.992,ASAS-SN Variable Stars II/366,
J001553.02+465339.0,3.9709,46.89416,variability,RR_LYRAE,0.996,ASAS-SN Variable Stars II/366,
J163107.53+323849.9,247.78138,32.6472,variability,RR_LYRAE,0.999,ASAS-SN Variable Stars II/366,
J042829.11-641646.6,67.12128,-64.27962,variability,RR_LYRAE,0.91,ASAS-SN Variable Stars II/366,
J135843.30-131429.2,209.6804,-13.24144,variability,RR_LYRAE,0.999,ASAS-SN Variable Stars II/366,
J090929.04+130543.5,137.371,13.09543,variability,RR_LYRAE,0.998,ASAS-SN Variable Stars II/366,
J211315.90-614447.7,318.31626,-61.74658,variability,RR_LYRAE,0.999,ASAS-SN Variable Stars II/366,
J090600.07+392758.1,136.5003,39.46615,variability,RR_LYRAE,0.999,ASAS-SN Variable Stars II/366,
J193914.25+093658.2,294.80936,9.61616,variability,RR_LYRAE,0.726,ASAS-SN Variable Stars II/366,
J040851.25-740949.0,62.21354,-74.1636,variability,RR_LYRAE,0.836,ASAS-SN Variable Stars II/366,
J175503.74+804719.4,268.7656,80.78872,variability,RR_LYRAE,0.998,ASAS-SN Variable Stars II/366,
J105214.77+523439.5,163.06154,52.57764,variability,RR_LYRAE,0.999,ASAS-SN Variable Stars II/366,
J132016.44-295151.6,200.06852,-29.86434,variability,RR_LYRAE,0.997,ASAS-SN Variable Stars II/366,
J051015.51+092445.3,77.56463,9.41258,variability,RR_LYRAE,0.902,ASAS-SN Variable Stars II/366,
J194506.33+051607.8,296.27636,5.26883,variability,RR_LYRAE,0.92,ASAS-SN Variable Stars II/366,
J193447.16-313035.9,293.69648,-31.50996,variability,RR_LYRAE,0.998,ASAS-SN Variable Stars II/366,
J130128.93+003134.6,195.37053,0.52627,variability,RR_LYRAE,0.999,ASAS-SN Variable Stars II/366,
J170315.90+063403.9,255.81623,6.56776,variability,RR_LYRAE,0.994,ASAS-SN Variable Stars II/366,
J184837.97-063460.0,282.1582,-6.58332,variability,RR_LYRAE,0.944,ASAS-SN Variable Stars II/366,
J213017.44+084750.5,322.57266,8.79735,variability,RR_LYRAE,0.994,ASAS-SN Variable Stars II/366,
J174543.26+303106.4,266.43023,30.51845,variability,RR_LYRAE,0.989,ASAS-SN Variable Stars II/366,
J210452.72-010646.9,316.21967,-1.11304,variability,RR_LYRAE,0.974,ASAS-SN Variable Stars II/366,
J110057.23-050928.0,165.23846,-5.15779,variability,RR_LYRAE,0.987,ASAS-SN Variable Stars II/366,
J200802.79-301906.5,302.01163,-30.31846,variability,RR_LYRAE,0.999,ASAS-SN Variable Stars II/366,
J053534.85-042325.2,83.8952,-4.39033,variability,RR_LYRAE,0.653,ASAS-SN Variable Stars II/366,
J231500.94+323511.7,348.75392,32.58657,variability,RR_LYRAE,0.747,ASAS-SN Variable Stars II/366,
J203354.01-743008.8,308.47504,-74.50245,variability,RR_LYRAE,0.997,ASAS-SN Variable Stars II/366,
J103332.15-024024.7,158.38397,-2.67353,variability,RR_LYRAE,0.999,ASAS-SN Variable Stars II/366,
J182604.27-343308.4,276.5178,-34.55234,variability,RR_LYRAE,0.999,ASAS-SN Variable Stars II/366,
J201329.52-390604.7,303.373,-39.10131,variability,RR_LYRAE,0.994,ASAS-SN Variable Stars II/366,
J182901.33-455730.6,277.25513,-45.95858,variability,RR_LYRAE,0.999,ASAS-SN Variable Stars II/366,
J235748.33+023107.0,359.45137,2.51861,variability,RR_LYRAE,0.971,ASAS-SN Variable Stars II/366,
J175940.99+141111.0,269.9208,14.18639,variability,RR_LYRAE,0.696,ASAS-SN Variable Stars II/366,
J085753.94-271232.1,134.47473,-27.20893,variability,RR_LYRAE,0.722,ASAS-SN Variable Stars II/366,
J123939.34-264521.9,189.91391,-26.75607,variability,RR_LYRAE,0.805,ASAS-SN Variable Stars II/366,
J141324.85-044353.2,213.35354,-4.73144,variability,RR_LYRAE,0.97,ASAS-SN Variable Stars II/366,
J175201.45-375053.0,268.00604,-37.84806,variability,RR_LYRAE,0.804,ASAS-SN Variable Stars II/366,
J155312.49-255045.6,238.30204,-25.846,variability,RR_LYRAE,0.94,ASAS-SN Variable Stars II/366,
J163742.04-175846.6,249.42515,-17.97962,variability,RR_LYRAE,0.987,ASAS-SN Variable Stars II/366,
J164808.75-250906.1,252.03646,-25.1517,variability,RR_LYRAE,0.992,ASAS-SN Variable Stars II/366,
J135212.32-415725.3,208.05133,-41.95703,variability,RR_LYRAE,0.998,ASAS-SN Variable Stars II/366,
J180032.65+393224.4,270.13605,39.5401,variability,RR_LYRAE,0.999,ASAS-SN Variable Stars II/366,
J161400.82-201432.1,243.50342,-20.24225,variability,RR_LYRAE,0.864,ASAS-SN Variable Stars II/366,
J180937.68-443124.8,272.40698,-44.52356,variability,RR_LYRAE,0.999,ASAS-SN Variable Stars II/366,
J201840.44+154144.2,304.66852,15.6956,variability,RR_LYRAE,0.997,ASAS-SN Variable Stars II/366,
J190907.71+281531.9,287.28214,28.25885,variability,RR_LYRAE,0.736,ASAS-SN Variable Stars II/366,
J151313.62-532143.7,228.30674,-53.36213,variability,RR_LYRAE,0.951,ASAS-SN Variable Stars II/366,
J150321.32-144428.2,225.83885,-14.74116,variability,RR_LYRAE,0.999,ASAS-SN Variable Stars II/366,
J054938.63+215431.7,87.41094,21.9088,variability,RR_LYRAE,1.0,ASAS-SN Variable Stars II/366,
J164052.31+154000.3,250.21797,15.66675,variability,RR_LYRAE,0.999,ASAS-SN Variable Stars II/366,
J173042.32-452930.6,262.67635,-45.49184,variability,RR_LYRAE,0.603,ASAS-SN Variable Stars II/366,
J193828.31-282833.5,294.61794,-28.47597,variability,RR_LYRAE,0.998,ASAS-SN Variable Stars II/366,
J025128.00+382741.7,42.86665,38.46158,variability,RR_LYRAE,0.999,ASAS-SN Variable Stars II/366,
J133813.30-093411.2,204.55542,-9.56979,variability,RR_LYRAE,0.998,ASAS-SN Variable Stars II/366,
J215939.87+220218.7,329.91611,22.03852,variability,RR_LYRAE,0.999,ASAS-SN Variable Stars II/366,
J115249.05-174438.4,178.20438,-17.744,variability,RR_LYRAE,0.996,ASAS-SN Variable Stars II/366,
J152500.58-304154.6,231.25242,-30.6985,variability,RR_LYRAE,0.969,ASAS-SN Variable Stars II/366,
J083137.54+360618.4,127.90641,36.10511,variability,RR_LYRAE,0.988,ASAS-SN Variable Stars II/366,
J161853.19-354031.0,244.72161,-35.67528,variability,RR_LYRAE,0.929,ASAS-SN Variable Stars II/366,
J221421.59+544316.2,333.58994,54.72117,variability,RR_LYRAE,0.736,ASAS-SN Variable Stars II/366,
J102309.24+751822.9,155.78848,75.30635,variability,RR_LYRAE,0.763,ASAS-SN Variable Stars II/366,
J141732.16-235535.4,214.38401,-23.9265,variability,RR_LYRAE,0.999,ASAS-SN Variable Stars II/366,
J004145.77-030028.0,10.44069,-3.00777,variability,RR_LYRAE,0.998,ASAS-SN Variable Stars II/366,
J232602.50+331734.6,351.51042,33.29295,variability,RR_LYRAE,0.999,ASAS-SN Variable Stars II/366,
J234940.73+522557.1,357.41969,52.43254,variability,RR_LYRAE,0.945,ASAS-SN Variable Stars II/366,
J163548.55+025852.3,248.95229,2.9812,variability,RR_LYRAE,0.737,ASAS-SN Variable Stars II/366,
J162618.16+043725.7,246.57568,4.62381,variability,RR_LYRAE,0.998,ASAS-SN Variable Stars II/366,
J151308.63-231140.8,228.28595,-23.19468,variability,RR_LYRAE,0.998,ASAS-SN Variable Stars II/366,
J112118.26-331505.0,170.32608,-33.25139,variability,RR_LYRAE,0.998,ASAS-SN Variable Stars II/366,
J091236.66-754139.8,138.15273,-75.6944,variability,RR_LYRAE,0.956,ASAS-SN Variable Stars II/366,
J191611.74-490300.1,289.04892,-49.05004,variability,RR_LYRAE,0.996,ASAS-SN Variable Stars II/366,
J214347.75-340555.9,325.94913,-34.09884,variability,RR_LYRAE,0.999,ASAS-SN Variable Stars II/366,
J203010.56-254725.2,307.544,-25.79032,variability,RR_LYRAE,0.997,ASAS-SN Variable Stars II/366,
J161309.02-272756.5,243.28758,-27.46569,variability,RR_LYRAE,0.941,ASAS-SN Variable Stars II/366,
J163216.63-040418.5,248.0693,-4.0718,variability,RR_LYRAE,0.998,ASAS-SN Variable Stars II/366,
J220542.89-200930.7,331.42916,-20.15943,variability,RR_LYRAE,0.999,ASAS-SN Variable Stars II/366,
J051134.22-832756.8,77.8934,-83.46577,variability,RR_LYRAE,0.999,ASAS-SN Variable Stars II/366,
J103512.48-524816.7,158.80201,-52.80463,variability,RR_LYRAE,0.949,ASAS-SN Variable Stars II/366,
J105139.60-641640.0,162.915,-64.27779,variability,RR_LYRAE,0.948,ASAS-SN Variable Stars II/366,
J195113.84+073418.4,297.80766,7.57177,variability,RR_LYRAE,0.525,ASAS-SN Variable Stars II/366,
J065606.75-265612.0,104.02812,-26.93667,variability,RR_LYRAE,0.966,ASAS-SN Variable Stars II/366,
J172010.18+082638.2,260.04242,8.44395,variability,RR_LYRAE,0.838,ASAS-SN Variable Stars II/366,
J232245.91-340107.8,350.69129,-34.01883,variability,RR_LYRAE,0.951,ASAS-SN Variable Stars II/366,
J022357.79-453841.2,35.99081,-45.64479,variability,RR_LYRAE,0.996,ASAS-SN Variable Stars II/366,
J143142.04-390935.1,217.92517,-39.15975,variability,RR_LYRAE,0.999,ASAS-SN Variable Stars II/366,
J225958.42+543050.9,344.99341,54.51414,variability,RR_LYRAE,0.929,ASAS-SN Variable Stars II/366,
J150255.84-192213.9,225.73266,-19.37052,variability,RR_LYRAE,0.998,ASAS-SN Variable Stars II/366,
J135442.40-435027.2,208.67668,-43.84088,variability,RR_LYRAE,0.898,ASAS-SN Variable Stars II/366,
J150739.62-182823.9,226.91509,-18.4733,variability,RR_LYRAE,0.998,ASAS-SN Variable Stars II/366,
J043559.21+443225.0,68.99669,44.54027,variability,RR_LYRAE,0.938,ASAS-SN Variable Stars II/366,
J215722.97-005847.1,329.34571,-0.97975,variability,RR_LYRAE,0.997,ASAS-SN Variable Stars II/366,
J193227.30-271642.2,293.11373,-27.2784,variability,RR_LYRAE,0.995,ASAS-SN Variable Stars II/366,
J161227.51-602016.9,243.11461,-60.33804,variability,RR_LYRAE,0.783,ASAS-SN Variable Stars II/366,
J182744.68-272005.6,276.93618,-27.3349,variability,RR_LYRAE,0.494,ASAS-SN Variable Stars II/366,
J070220.58-325428.7,105.58573,-32.90796,variability,RR_LYRAE,0.726,ASAS-SN Variable Stars II/366,
J170130.53-051237.8,255.37721,-5.2105,variability,RR_LYRAE,0.955,ASAS-SN Variable Stars II/366,
J233916.00+472336.0,354.81668,47.39332,variability,RR_LYRAE,0.9,ASAS-SN Variable Stars II/366,
J015722.42-054458.2,29.3434,-5.7495,variability,RR_LYRAE,0.999,ASAS-SN Variable Stars II/366,
J184934.33-384729.1,282.39303,-38.79143,variability,RR_LYRAE,0.995,ASAS-SN Variable Stars II/366,
J053719.96+054853.4,84.33316,5.81484,variability,RR_LYRAE,0.999,ASAS-SN Variable Stars II/366,
J151934.59-280616.2,229.89414,-28.1045,variability,RR_LYRAE,0.985,ASAS-SN Variable Stars II/366,
J090441.52-193430.4,136.17301,-19.57511,variability,RR_LYRAE,0.902,ASAS-SN Variable Stars II/366,
J082321.46+333327.4,125.83943,33.5576,variability,RR_LYRAE,0.977,ASAS-SN Variable Stars II/366,
J154337.55-294459.1,235.90645,-29.74976,variability,RR_LYRAE,0.977,ASAS-SN Variable Stars II/366,
J145423.32-602728.1,223.59717,-60.4578,variability,CEPHEID,0.671,ASAS-SN Variable Stars II/366,
J050538.11-714712.5,76.40878,-71.7868,variability,CEPHEID,0.971,ASAS-SN Variable Stars II/366,
J053855.84-660604.8,84.73267,-66.10133,variability,CEPHEID,0.62,ASAS-SN Variable Stars II/366,
J005851.22-715421.6,14.71343,-71.906,variability,CEPHEID,0.919,ASAS-SN Variable Stars II/366,
J045214.74-663532.4,73.06142,-66.59235,variability,CEPHEID,0.997,ASAS-SN Variable Stars II/366,
J053014.53-711659.8,82.56052,-71.28327,variability,CEPHEID,0.592,ASAS-SN Variable Stars II/366,
J084201.08-390943.5,130.5045,-39.16208,variability,CEPHEID,0.466,ASAS-SN Variable Stars II/366,
J002946.37-735723.4,7.44319,-73.9565,variability,CEPHEID,0.886,ASAS-SN Variable Stars II/366,
J051006.34-655528.2,77.52641,-65.9245,variability,CEPHEID,0.846,ASAS-SN Variable Stars II/366,
J054914.52-673929.9,87.31049,-67.65832,variability,CEPHEID,0.988,ASAS-SN Variable Stars II/366,
J055036.56-700941.0,87.65231,-70.16139,variability,CEPHEID,0.998,ASAS-SN Variable Stars II/366,
J064742.99-134000.3,101.92911,-13.66676,variability,CEPHEID,0.998,ASAS-SN Variable Stars II/366,
J173553.44-442224.6,263.97267,-44.37351,variability,CEPHEID,0.998,ASAS-SN Variable Stars II/366,
J200721.29+401041.7,301.8387,40.17824,variability,CEPHEID,1.0,ASAS-SN Variable Stars II/366,
J053033.63-700511.7,82.64014,-70.08657,variability,CEPHEID,0.525,ASAS-SN Variable Stars II/366,
J134037.94-632230.1,205.15808,-63.37503,variability,CEPHEID,0.951,ASAS-SN Variable Stars II/366,
J081436.07-374303.6,123.65031,-37.71766,variability,CEPHEID,0.994,ASAS-SN Variable Stars II/366,
J063246.80+000235.4,98.19501,0.04318,variability,CEPHEID,1.0,ASAS-SN Variable Stars II/366,
J050755.59+330323.8,76.98177,33.0568,variability,CEPHEID,0.96,ASAS-SN Variable Stars II/366,
J204612.47+452843.2,311.55194,45.47868,variability,CEPHEID,0.999,ASAS-SN Variable Stars II/366,
J053140.65-695711.8,82.91936,-69.95328,variability,CEPHEID,0.781,ASAS-SN Variable Stars II/366,
J010326.72-733647.4,15.86135,-73.61316,variability,CEPHEID,0.974,ASAS-SN Variable Stars II/366,
J082602.30-455631.6,126.50957,-45.94212,variability,CEPHEID,0.654,ASAS-SN Variable Stars II/366,
J173432.13-202425.2,263.6341,-20.40706,variability,CEPHEID,0.887,ASAS-SN Variable Stars II/366,
J233320.27+610708.6,353.33447,61.11906,variability,CEPHEID,0.999,ASAS-SN Variable Stars II/366,
J194038.32+092842.2,295.15965,9.47838,variability,CEPHEID,0.791,ASAS-SN Variable Stars II/366,
J040346.48+571452.1,60.94365,57.24781,variability,CEPHEID,1.0,ASAS-SN Variable Stars II/366,
J055057.52-694030.7,87.73966,-69.67519,variability,CEPHEID,0.94,ASAS-SN Variable Stars II/366,
J175010.76-225052.4,267.54483,-22.84789,variability,CEPHEID,0.437,ASAS-SN Variable Stars II/366,
J104027.04-600434.9,160.11266,-60.07637,variability,CEPHEID,0.979,ASAS-SN Variable Stars II/366,
J104534.31-604331.2,161.39294,-60.72532,variability,CEPHEID,0.708,ASAS-SN Variable Stars II/366,
J195933.73+334445.6,299.89055,33.746,variability,CEPHEID,0.999,ASAS-SN Variable Stars II/366,
J091220.25-551401.6,138.08438,-55.23377,variability,CEPHEID,0.699,ASAS-SN Variable Stars II/366,
J072107.45-213037.6,110.28103,-21.51044,variability,CEPHEID,1.0,ASAS-SN Variable Stars II/366,
J011440.26-723740.2,18.66776,-72.62784,variability,CEPHEID,0.928,ASAS-SN Variable Stars II/366,
J005856.39-725630.5,14.73494,-72.9418,variability,CEPHEID,0.737,ASAS-SN Variable Stars II/366,
J122240.23-620935.9,185.66762,-62.15996,variability,CEPHEID,0.999,ASAS-SN Variable Stars II/366,
J060808.28-685659.7,92.03448,-68.9499,variability,CEPHEID,0.519,ASAS-SN Variable Stars II/366,
J115306.92-624309.3,178.27882,-62.71926,variability,CEPHEID,0.999,ASAS-SN Variable Stars II/366,
J044639.13-701557.2,71.66303,-70.26588,variability,CEPHEID,0.999,ASAS-SN Variable Stars II/366,
J050842.25-671349.4,77.17606,-67.23039,variability,CEPHEID,0.862,ASAS-SN Variable Stars II/366,
J215434.54+590719.2,328.6439,59.12199,variability,CEPHEID,0.997,ASAS-SN Variable Stars II/366,
J195214.88+285522.4,298.06199,28.9229,variability,CEPHEID,0.942,ASAS-SN Variable Stars II/366,
J025531.20+423519.3,43.87998,42.5887,variability,CEPHEID,0.868,ASAS-SN Variable Stars II/366,
J055806.56-691632.9,89.52731,-69.27581,variability,CEPHEID,0.502,ASAS-SN Variable Stars II/366,
J094611.89-595816.6,146.54942,-59.97122,variability,CEPHEID,0.998,ASAS-SN Variable Stars II/366,
J071606.27-205300.8,109.02622,-20.88352,variability,CEPHEID,0.997,ASAS-SN Variable Stars II/366,
J181910.50+033444.9,274.79377,3.57913,variability,CEPHEID,0.586,ASAS-SN Variable Stars II/366,
J181127.24-535853.1,272.86351,-53.98141,variability,CEPHEID,0.617,ASAS-SN Variable Stars II/366,
J030046.75+592029.9,45.19479,59.34164,variability,CEPHEID,0.909,ASAS-SN Variable Stars II/366,
J131104.54-613737.2,197.76893,-61.627,variability,CEPHEID,0.997,ASAS-SN Variable Stars II/366,
J045741.33-684758.9,74.4222,-68.79971,variability,CEPHEID,0.985,ASAS-SN Variable Stars II/366,
J194826.64+213214.2,297.11099,21.53728,variability,CEPHEID,0.971,ASAS-SN Variable Stars II/366,
J084810.58-483932.8,132.04407,-48.65911,variability,CEPHEID,0.965,ASAS-SN Variable Stars II/366,
J052703.86-700132.4,81.7661,-70.02567,variability,CEPHEID,0.597,ASAS-SN Variable Stars II/366,
J003438.24-741204.6,8.65932,-74.20129,variability,CEPHEID,0.963,ASAS-SN Variable Stars II/366,
J165353.39-644723.4,253.47244,-64.78983,variability,CEPHEID,0.954,ASAS-SN Variable Stars II/366,
J204905.65+585357.4,312.27354,58.89929,variability,CEPHEID,0.998,ASAS-SN Variable Stars II/366,
J065048.70-075850.4,102.70291,-7.98066,variability,CEPHEID,1.0,ASAS-SN Variable Stars II/366,
J072219.49-154456.1,110.58122,-15.74893,variability,CEPHEID,0.907,ASAS-SN Variable Stars II/366,
J014702.75+593622.5,26.76144,59.60625,variability,CEPHEID,0.999,ASAS-SN Variable Stars II/366,
J083355.29-443657.2,128.48036,-44.61588,variability,CEPHEID,0.999,ASAS-SN Variable Stars II/366,
J210602.79+490633.2,316.51147,49.10923,variability,CEPHEID,0.999,ASAS-SN Variable Stars II/366,
J053245.90-692226.1,83.19127,-69.37392,variability,CEPHEID,0.283,ASAS-SN Variable Stars II/366,
J045026.61-703327.7,72.61089,-70.55769,variability,CEPHEID,0.991,ASAS-SN Variable Stars II/366,
J045501.46-701050.5,73.75607,-70.1807,variability,CEPHEID,0.953,ASAS-SN Variable Stars II/366,
J110134.36-621236.7,165.39315,-62.21019,variability,CEPHEID,0.407,ASAS-SN Variable Stars II/366,
J052753.86-715138.8,81.97442,-71.86078,variability,CEPHEID,0.915,ASAS-SN Variable Stars II/366,
J184204.73-081343.0,280.51972,-8.2286,variability,CEPHEID,0.575,ASAS-SN Variable Stars II/366,
J045019.06-694302.1,72.57942,-69.71726,variability,CEPHEID,0.994,ASAS-SN Variable Stars II/366,
J150828.93-603417.5,227.12053,-60.57153,variability,CEPHEID,0.488,ASAS-SN Variable Stars II/366,
J054501.57-660533.2,86.25653,-66.09257,variability,CEPHEID,0.613,ASAS-SN Variable Stars II/366,
J063435.28+130445.0,98.64698,13.07918,variability,CEPHEID,0.998,ASAS-SN Variable Stars II/366,
J184816.35+004903.4,282.06813,0.81761,variability,CEPHEID,0.998,ASAS-SN Variable Stars II/366,
J235817.88+611315.3,359.57449,61.22093,variability,CEPHEID,0.999,ASAS-SN Variable Stars II/366,
J050704.18-704135.3,76.76743,-70.69315,variability,CEPHEID,0.991,ASAS-SN Variable Stars II/366,
J184201.93-500630.8,280.50803,-50.10856,variability,CEPHEID,0.672,ASAS-SN Variable Stars II/366,
J163652.80-280534.5,249.22001,-28.09292,variability,CEPHEID,0.994,ASAS-SN Variable Stars II/366,
J065639.62+001123.3,104.16507,0.1898,variability,CEPHEID,0.999,ASAS-SN Variable Stars II/366,
J052123.20-651728.4,80.34665,-65.29123,variability,CEPHEID,0.998,ASAS-SN Variable Stars II/366,
J053057.73-714904.5,82.74056,-71.81792,variability,CEPHEID,0.646,ASAS-SN Variable Stars II/366,
J055731.68-673728.5,89.38202,-67.62458,variability,CEPHEID,0.961,ASAS-SN Variable Stars II/366,
J050618.89-663844.7,76.57873,-66.64574,variability,CEPHEID,0.993,ASAS-SN Variable Stars II/366,
J192852.50+164117.4,292.21875,16.68818,variability,CEPHEID,0.923,ASAS-SN Variable Stars II/366,
J045518.11+395847.0,73.82546,39.97973,variability,CEPHEID,0.999,ASAS-SN Variable Stars II/366,
J045622.26-702251.1,74.09274,-70.38086,variability,CEPHEID,0.951,ASAS-SN Variable Stars II/366,
J005054.44-731206.8,12.72685,-73.20189,variability,CEPHEID,0.424,ASAS-SN Variable Stars II/366,
J121657.41-475936.9,184.23919,-47.99358,variability,CEPHEID,0.915,ASAS-SN Variable Stars II/366,
J051624.57-703310.4,79.10236,-70.55288,variability,CEPHEID,0.982,ASAS-SN Variable Stars II/366,
J065645.87-153815.6,104.19114,-15.63767,variability,CEPHEID,1.0,ASAS-SN Variable Stars II/366,
J004346.76-731424.8,10.94484,-73.24022,variability,CEPHEID,0.984,ASAS-SN Variable Stars II/366,
J011518.84-724144.1,18.82851,-72.69558,variability,CEPHEID,0.998,ASAS-SN Variable Stars II/366,
J233848.33+592330.7,354.70139,59.39187,variability,CEPHEID,1.0,ASAS-SN Variable Stars II/366,
J045522.42-675218.4,73.84341,-67.87177,variability,CEPHEID,0.347,ASAS-SN Variable Stars II/366,
J051015.32-662527.2,77.56385,-66.42422,variability,CEPHEID,0.991,ASAS-SN Variable Stars II/366,
J010048.61-730716.1,15.20253,-73.12115,variability,CEPHEID,0.93,ASAS-SN Variable Stars II/366,
J044321.06-691348.0,70.83775,-69.23001,variability,CEPHEID,0.995,ASAS-SN Variable Stars II/366,
J045118.06-694544.8,72.82523,-69.76244,variability,CEPHEID,0.549,ASAS-SN Variable Stars II/366,
J052358.62-644913.6,80.99427,-64.82045,variability,CEPHEID,0.924,ASAS-SN Variable Stars II/366,
J120156.77-645105.9,180.48656,-64.85165,variability,CEPHEID,0.945,ASAS-SN Variable Stars II/366,
J201306.69+374822.5,303.27787,37.80625,variability,CEPHEID,0.965,ASAS-SN Variable Stars II/366,
J200334.57-555943.4,300.89406,-55.9954,variability,CEPHEID,0.263,ASAS-SN Variable Stars II/366,
J201656.58-511511.1,304.23576,-51.25309,variability,CEPHEID,0.884,ASAS-SN Variable Stars II/366,
J005318.36-730656.1,13.32651,-73.11557,variability,CEPHEID,0.986,ASAS-SN Variable Stars II/366,
J073115.78-255426.2,112.81577,-25.90728,variability,CEPHEID,0.998,ASAS-SN Variable Stars II/366,
J181334.51-651413.4,273.39379,-65.23706,variability,CEPHEID,0.998,ASAS-SN Variable Stars II/366,
J183144.09-431218.1,277.9337,-43.20504,variability,CEPHEID,0.65,ASAS-SN Variable Stars II/366,
J192335.30+011200.3,290.89709,1.20009,variability,CEPHEID,0.75,ASAS-SN Variable Stars II/366,
J050345.16-654922.8,75.93817,-65.82299,variability,CEPHEID,0.976,ASAS-SN Variable Stars II/366,
J054907.51-702603.0,87.2813,-70.43417,variability,CEPHEID,0.506,ASAS-SN Variable Stars II/366,
J050223.99-662035.1,75.59996,-66.34308,variability,CEPHEID,0.436,ASAS-SN Variable Stars II/366,
J214806.66+511530.5,327.02773,51.25848,variability,CEPHEID,0.976,ASAS-SN Variable Stars II/366,
J202244.82+255012.0,305.68674,25.83666,variability,CEPHEID,0.688,ASAS-SN Variable Stars II/366,
J050834.83+473404.1,77.14514,47.5678,variability,CEPHEID,0.987,ASAS-SN Variable Stars II/366,
J205127.74+461812.7,312.86559,46.30354,variability,CEPHEID,1.0,ASAS-SN Variable Stars II/366,
J052321.88-661825.6,80.84118,-66.3071,variability,CEPHEID,0.978,ASAS-SN Variable Stars II/366,
J113123.22-603500.9,172.84675,-60.58359,variability,CEPHEID,0.992,ASAS-SN Variable Stars II/366,
J162734.05-620514.2,246.89187,-62.08728,variability,CEPHEID,0.94,ASAS-SN Variable Stars II/366,
J050243.36-661144.1,75.68066,-66.19558,variability,CEPHEID,0.973,ASAS-SN Variable Stars II/366,
J052124.49-713524.7,80.35205,-71.59019,variability,CEPHEID,0.912,ASAS-SN Variable Stars II/366,
J194453.19+251121.0,296.22164,25.18916,variability,CEPHEID,0.845,ASAS-SN Variable Stars II/366,
J073038.82-244115.3,112.66177,-24.68759,variability,CEPHEID,1.0,ASAS-SN Variable Stars II/366,
J050309.12-691325.0,75.78798,-69.2236,variability,CEPHEID,0.964,ASAS-SN Variable Stars II/366,
J052811.15-662551.5,82.04647,-66.43097,variability,CEPHEID,0.972,ASAS-SN Variable Stars II/366,
J050503.03-653711.9,76.26263,-65.61997,variability,CEPHEID,0.964,ASAS-SN Variable Stars II/366,
J075230.15-424424.4,118.12564,-42.74012,variability,CEPHEID,0.549,ASAS-SN Variable Stars II/366,
J070002.83-140939.3,105.01179,-14.16092,variability,CEPHEID,0.999,ASAS-SN Variable Stars II/366,
J204058.09+432744.6,310.24203,43.46239,variability,CEPHEID,0.993,ASAS-SN Variable Stars II/366,
J073013.29-261707.7,112.55538,-26.28548,variability,CEPHEID,0.398,ASAS-SN Variable Stars II/366,
J050150.34-715748.9,75.45975,-71.96359,variability,CEPHEID,0.98,ASAS-SN Variable Stars II/366,
J004029.10-725239.9,10.12126,-72.87774,variability,CEPHEID,0.968,ASAS-SN Variable Stars II/366,
J185632.38+104843.3,284.13493,10.81202,variability,CEPHEID,0.991,ASAS-SN Variable Stars II/366,
J040732.77+601906.8,61.88654,60.31856,variability,CEPHEID,1.0,ASAS-SN Variable Stars II/366,
J051557.48-652942.3,78.98951,-65.49508,variability,CEPHEID,0.99,ASAS-SN Variable Stars II/366,
J052725.63-652103.8,81.8568,-65.35104,variability,CEPHEID,0.999,ASAS-SN Variable Stars II/366,
J010127.90-721814.4,15.36624,-72.30399,variability,CEPHEID,0.44,ASAS-SN Variable Stars II/366,
J050854.26-693621.4,77.22607,-69.60593,variability,CEPHEID,0.597,ASAS-SN Variable Stars II/366,
J041610.27+520823.5,64.04317,52.13986,variability,CEPHEID,0.991,ASAS-SN Variable Stars II/366,
J051040.20+494115.3,77.66749,49.68759,variability,CEPHEID,0.971,ASAS-SN Variable Stars II/366,
J023352.66+570139.4,38.46943,57.02762,variability,CEPHEID,1.0,ASAS-SN Variable Stars II/366,
J084637.68-804923.3,131.657,-80.82313,variability,CEPHEID,0.43,ASAS-SN Variable Stars II/366,
J052438.96-662551.7,81.16232,-66.43103,variability,CEPHEID,0.985,ASAS-SN Variable Stars II/366,
J051247.08-690604.4,78.19618,-69.10123,variability,CEPHEID,0.586,ASAS-SN Variable Stars II/366,
J051435.74-690727.8,78.64892,-69.12439,variability,CEPHEID,0.588,ASAS-SN Variable Stars II/366,
J051805.75-655650.3,79.52397,-65.94732,variability,CEPHEID,0.666,ASAS-SN Variable Stars II/366,
J000234.99+650517.8,0.64578,65.08828,variability,CEPHEID,0.946,ASAS-SN Variable Stars II/366,
J045749.93-712536.8,74.45804,-71.42688,variability,CEPHEID,0.995,ASAS-SN Variable Stars II/366,
J010057.88-733558.7,15.24116,-73.59963,variability,CEPHEID,0.937,ASAS-SN Variable Stars II/366,
J011042.21-712857.0,17.67586,-71.48251,variability,CEPHEID,0.971,ASAS-SN Variable Stars II/366,
J041331.09+411907.9,63.37953,41.31886,variability,CEPHEID,0.999,ASAS-SN Variable Stars II/366,
J034529.70+532608.1,56.37367,53.43543,variability,CEPHEID,0.977,ASAS-SN Variable Stars II/366,
J090638.20-522126.9,136.65916,-52.35748,variability,CEPHEID,0.999,ASAS-SN Variable Stars II/366,
J011119.96-724620.6,17.83317,-72.77238,variability,CEPHEID,0.988,ASAS-SN Variable Stars II/366,
J050404.93-661749.3,76.02054,-66.29703,variability,CEPHEID,0.992,ASAS-SN Variable Stars II/366,
J024334.15+543916.0,40.89228,54.65444,variability,CEPHEID,0.781,ASAS-SN Variable Stars II/366,
J081145.17-441019.6,122.9382,-44.1721,variability,CEPHEID,0.999,ASAS-SN Variable Stars II/366,
J003316.21+625425.9,8.31756,62.9072,variability,CEPHEID,0.999,ASAS-SN Variable Stars II/366,
J073104.47-221650.9,112.76862,-22.28081,variability,CEPHEID,0.999,ASAS-SN Variable Stars II/366,
J051914.85-693617.3,79.81189,-69.6048,variability,CEPHEID,0.985,ASAS-SN Variable Stars II/366,
J044119.48-672007.8,70.33115,-67.3355,variability,CEPHEID,0.995,ASAS-SN Variable Stars II/366,
J195909.03+324143.8,299.78764,32.69551,variability,CEPHEID,0.997,ASAS-SN Variable Stars II/366,
J181829.95+244520.4,274.6248,24.75567,variability,CEPHEID,0.945,ASAS-SN Variable Stars II/366,
J190212.38+260839.7,285.55159,26.14436,variability,CEPHEID,0.729,ASAS-SN Variable Stars II/366,
J054635.56-704404.6,86.64815,-70.73461,variability,CEPHEID,0.526,ASAS-SN Variable Stars II/366,
J011354.65-713718.6,18.47772,-71.62183,variability,CEPHEID,0.999,ASAS-SN Variable Stars II/366,
J063337.11+091213.3,98.40463,9.20369,variability,CEPHEID,0.999,ASAS-SN Variable Stars II/366,
J014316.73+595951.6,25.81969,59.99767,variability,CEPHEID,1.0,ASAS-SN Variable Stars II/366,
J055240.99-670141.9,88.1708,-67.02831,variability,CEPHEID,0.572,ASAS-SN Variable Stars II/366,
J162744.64-564708.1,246.93602,-56.78557,variability,CEPHEID,0.997,ASAS-SN Variable Stars II/366,
J183108.94-102203.4,277.78724,-10.36762,variability,CEPHEID,0.844,ASAS-SN Variable Stars II/366,
J194757.90+260000.4,296.99127,26.0001,variability,CEPHEID,0.992,ASAS-SN Variable Stars II/366,
J165340.10-332041.7,253.41695,-33.34499,variability,CEPHEID,0.964,ASAS-SN Variable Stars II/366,
J200520.66+323932.8,301.33607,32.6591,variability,CEPHEID,1.0,ASAS-SN Variable Stars II/366,
J044340.47-693414.2,70.91863,-69.57062,variability,CEPHEID,0.993,ASAS-SN Variable Stars II/366,
J205404.91+083305.3,313.52044,8.55147,variability,CEPHEID,0.998,ASAS-SN Variable Stars II/366,
J073754.49-292617.0,114.47685,-29.43806,variability,CEPHEID,0.995,ASAS-SN Variable Stars II/366,
J045945.20-692932.4,74.93835,-69.49233,variability,CEPHEID,0.979,ASAS-SN Variable Stars II/366,
J045928.66-685147.6,74.86942,-68.86323,variability,CEPHEID,0.9,ASAS-SN Variable Stars II/366,
J044430.87-653534.2,71.12862,-65.59283,variability,CEPHEID,0.974,ASAS-SN Variable Stars II/366,
J144005.46-614332.2,220.02275,-61.72562,variability,CEPHEID,0.791,ASAS-SN Variable Stars II/366,
J083945.76-435139.1,129.94066,-43.86087,variability,CEPHEID,0.996,ASAS-SN Variable Stars II/366,
J081025.85-323117.2,122.60769,-32.52144,variability,CEPHEID,1.0,ASAS-SN Variable Stars II/366,
J003655.69-735628.3,9.23206,-73.9412,variability,CEPHEID,0.996,ASAS-SN Variable Stars II/366,
J065419.12-112620.5,103.57967,-11.43902,variability,CEPHEID,0.999,ASAS-SN Variable Stars II/366,
J070326.26-101658.5,105.85942,-10.28292,variability,CEPHEID,0.897,ASAS-SN Variable Stars II/366,
J040626.86+562257.5,61.61191,56.38263,variability,CEPHEID,0.938,ASAS-SN Variable Stars II/366,
J162732.99-310639.5,246.88728,-31.11091,variability,CEPHEID,0.845,ASAS-SN Variable Stars II/366,
J043018.74+535624.5,67.57807,53.94015,variability,CEPHEID,0.999,ASAS-SN Variable Stars II/366,
J110334.54-601834.5,165.89392,-60.30957,variability,CEPHEID,0.466,ASAS-SN Variable Stars II/366,
J010720.60-731242.7,16.83585,-73.21185,variability,CEPHEID,0.911,ASAS-SN Variable Stars II/366,
J215930.74-362330.2,329.87808,-36.39171,variability,CEPHEID,0.736,ASAS-SN Variable Stars II/366,
J010406.85-730023.9,16.02853,-73.00665,variability,CEPHEID,0.991,ASAS-SN Variable Stars II/366,
J073042.42-202706.9,112.67677,-20.45191,variability,CEPHEID,0.999,ASAS-SN Variable Stars II/366,
J051004.95-685338.4,77.52064,-68.89399,variability,CEPHEID,0.515,ASAS-SN Variable Stars II/366,
J054335.48-671848.5,85.89782,-67.31348,variability,CEPHEID,0.976,ASAS-SN Variable Stars II/366,
J222729.23+582447.9,336.87181,58.41331,variability,CEPHEID,0.997,ASAS-SN Variable Stars II/366,
J052630.95-705825.9,81.62897,-70.97386,variability,CEPHEID,0.911,ASAS-SN Variable Stars II/366,
J010816.77-732404.8,17.06986,-73.40133,variability,CEPHEID,0.95,ASAS-SN Variable Stars II/366,
J195040.05-021930.9,297.66651,-2.32518,variability,CEPHEID,0.574,ASAS-SN Variable Stars II/366,
J033124.21+312808.5,52.85087,31.46903,variability,CEPHEID,0.982,ASAS-SN Variable Stars II/366,
J075742.06-273607.3,119.42526,-27.60202,variability,CEPHEID,1.0,ASAS-SN Variable Stars II/366,
J053617.08-703057.3,84.07118,-70.51591,variability,CEPHEID,0.991,ASAS-SN Variable Stars II/366,
J191350.62+025119.7,288.4609,2.85546,variability,CEPHEID,0.948,ASAS-SN Variable Stars II/366,
J045949.82-692038.6,74.95758,-69.34406,variability,CEPHEID,0.507,ASAS-SN Variable Stars II/366,
J011241.16+611247.9,18.17148,61.21331,variability,CEPHEID,1.0,ASAS-SN Variable Stars II/366,
J145515.48-540316.5,223.81448,-54.05459,variability,CEPHEID,0.664,ASAS-SN Variable Stars II/366,
J050456.40-653626.5,76.23502,-65.60736,variability,CEPHEID,0.998,ASAS-SN Variable Stars II/366,
J053737.66-702553.4,84.40692,-70.4315,variability,CEPHEID,0.552,ASAS-SN Variable Stars II/366,
J051125.97-663009.3,77.85822,-66.50258,variability,CEPHEID,0.994,ASAS-SN Variable Stars II/366,
J194055.73+123709.9,295.23219,12.61943,variability,CEPHEID,0.994,ASAS-SN Variable Stars II/366,
J004604.87-731910.0,11.52031,-73.31945,variability,CEPHEID,0.589,ASAS-SN Variable Stars II/366,
J180458.64-293538.9,271.24435,-29.59415,variability,CEPHEID,0.594,ASAS-SN Variable Stars II/366,
J052245.42-675439.4,80.68926,-67.91093,variability,CEPHEID,0.943,ASAS-SN Variable Stars II/366,
J184829.73+113934.5,282.12388,11.65957,variability,CEPHEID,0.999,ASAS-SN Variable Stars II/366,
J122331.85-642815.3,185.88271,-64.47093,variability,CEPHEID,0.996,ASAS-SN Variable Stars II/366,
J051235.83-653137.8,78.14928,-65.52718,variability,CEPHEID,0.557,ASAS-SN Variable Stars II/366,
J185326.95-052015.3,283.36231,-5.33759,variability,CEPHEID,0.504,ASAS-SN Variable Stars II/366,
J173740.72-214103.4,264.41967,-21.68427,variability,CEPHEID,0.998,ASAS-SN Variable Stars II/366,
J174156.52+150430.3,265.4855,15.07509,variability,CEPHEID,0.948,ASAS-SN Variable Stars II/366,
J051122.93-660145.7,77.84553,-66.02936,variability,CEPHEID,0.956,ASAS-SN Variable Stars II/366,
J011006.72-733904.4,17.52798,-73.65123,variability,CEPHEID,0.915,ASAS-SN Variable Stars II/366,
J080229.15-321711.9,120.62147,-32.28664,variability,CEPHEID,0.552,ASAS-SN Variable Stars II/366,
J050937.20-680243.4,77.40501,-68.04539,variability,CEPHEID,0.51,ASAS-SN Variable Stars II/366,
J055329.18-675359.6,88.37159,-67.8999,variability,CEPHEID,0.948,ASAS-SN Variable Stars II/366,
J054217.43-673931.7,85.57262,-67.65881,variability,CEPHEID,0.914,ASAS-SN Variable Stars II/366,
J114916.05-630443.0,177.31687,-63.07861,variability,CEPHEID,0.474,ASAS-SN Variable Stars II/366,
J005356.44-730119.9,13.48515,-73.02219,variability,CEPHEID,0.514,ASAS-SN Variable Stars II/366,
J053223.27-685944.8,83.09695,-68.99577,variability,CEPHEID,0.995,ASAS-SN Variable Stars II/366,
J112218.41-605410.0,170.57669,-60.90279,variability,CEPHEID,0.994,ASAS-SN Variable Stars II/366,
J051117.32-653150.9,77.82217,-65.53081,variability,CEPHEID,0.981,ASAS-SN Variable Stars II/366,
J051513.72-661340.4,78.80717,-66.22788,variability,CEPHEID,0.999,ASAS-SN Variable Stars II/366,
J072021.43-343007.6,110.08931,-34.5021,variability,CEPHEID,0.998,ASAS-SN Variable Stars II/366,
J003603.26-735558.1,9.0136,-73.93281,variability,CEPHEID,0.997,ASAS-SN Variable Stars II/366,
J055852.51-691013.4,89.71879,-69.1704,variability,CEPHEID,0.995,ASAS-SN Variable Stars II/366,
J084241.80-484110.2,130.67455,-48.68619,variability,CEPHEID,0.996,ASAS-SN Variable Stars II/366,
J210816.15+324443.4,317.06734,32.7456,variability,CEPHEID,0.991,ASAS-SN Variable Stars II/366,
J053855.95-700830.0,84.73313,-70.14168,variability,CEPHEID,0.985,ASAS-SN Variable Stars II/366,
J051157.26-674638.7,77.98857,-67.77742,variability,CEPHEID,0.975,ASAS-SN Variable Stars II/366,
J002114.79-733557.2,5.31163,-73.59922,variability,CEPHEID,0.987,ASAS-SN Variable Stars II/366,
J030554.69+574544.2,46.47789,57.76229,variability,CEPHEID,0.999,ASAS-SN Variable Stars II/366,
J045455.45-701522.6,73.73104,-70.25629,variability,CEPHEID,0.569,ASAS-SN Variable Stars II/366,
J005025.62-722741.9,12.60677,-72.46163,variability,CEPHEID,0.987,ASAS-SN Variable Stars II/366,
J171612.84-282750.4,259.05352,-28.464,variability,CEPHEID,0.568,ASAS-SN Variable Stars II/366,
J205126.45+460716.0,312.8602,46.12112,variability,CEPHEID,0.999,ASAS-SN Variable Stars II/366,
J094826.89-580104.9,147.11203,-58.01802,variability,CEPHEID,0.982,ASAS-SN Variable Stars II/366,
J185653.48-024303.8,284.22284,-2.71771,variability,CEPHEID,0.984,ASAS-SN Variable Stars II/366,
J181353.82-643624.5,273.47423,-64.6068,variability,CEPHEID,0.985,ASAS-SN Variable Stars II/366,
J005724.46-714451.8,14.3519,-71.74771,variability,CEPHEID,0.851,ASAS-SN Variable Stars II/366,
J032925.97+602646.9,52.35821,60.44635,variability,CEPHEID,0.999,ASAS-SN Variable Stars II/366,
J053243.22-701443.8,83.18009,-70.24549,variability,CEPHEID,0.949,ASAS-SN Variable Stars II/366,
J044144.93-690656.4,70.43721,-69.11567,variability,CEPHEID,0.974,ASAS-SN Variable Stars II/366,
J051705.90-645037.2,79.27458,-64.84366,variability,CEPHEID,0.946,ASAS-SN Variable Stars II/366,
J015057.43+620110.6,27.73928,62.01961,variability,CEPHEID,0.889,ASAS-SN Variable Stars II/366,
J054451.97-683153.5,86.21654,-68.53154,variability,CEPHEID,0.915,ASAS-SN Variable Stars II/366,
J051641.98-644501.2,79.17492,-64.75034,variability,CEPHEID,0.923,ASAS-SN Variable Stars II/366,
J053245.05-661753.1,83.18773,-66.29808,variability,CEPHEID,0.93,ASAS-SN Variable Stars II/366,
J051825.98-691932.0,79.60825,-69.32555,variability,CEPHEID,0.542,ASAS-SN Variable Stars II/366,
J043111.33+500903.8,67.79696,50.15092,variability,CEPHEID,0.912,ASAS-SN Variable Stars II/366,
J010920.40-724712.9,17.335,-72.78692,variability,CEPHEID,0.778,ASAS-SN Variable Stars II/366,
J011841.42+621934.6,19.67257,62.32629,variability,CEPHEID,0.55,ASAS-SN Variable Stars II/366,
J011308.50-734829.5,18.28541,-73.8082,variability,CEPHEID,0.87,ASAS-SN Variable Stars II/366,
J081155.35-391915.0,122.98061,-39.32083,variability,CEPHEID,0.995,ASAS-SN Variable Stars II/366,
J051150.87-661013.3,77.96197,-66.17035,variability,CEPHEID,0.943,ASAS-SN Variable Stars II/366,
J083500.82-464635.4,128.75342,-46.77649,variability,CEPHEID,0.458,ASAS-SN Variable Stars II/366,
J071753.64-195040.2,109.4735,-19.8445,variability,CEPHEID,0.989,ASAS-SN Variable Stars II/366,
J065850.58-134412.2,104.71076,-13.73672,variability,CEPHEID,0.996,ASAS-SN Variable Stars II/366,
J054718.17-671408.8,86.82569,-67.23576,variability,CEPHEID,0.963,ASAS-SN Variable Stars II/366,
J040340.94+524012.4,60.92057,52.6701,variability,CEPHEID,0.968,ASAS-SN Variable Stars II/366,
J051603.91-652141.5,79.0163,-65.36153,variability,CEPHEID,0.891,ASAS-SN Variable Stars II/366,
J053108.77-700511.9,82.78656,-70.08663,variability,CEPHEID,0.937,ASAS-SN Variable Stars II/366,
J065439.08-105446.7,103.66284,-10.91296,variability,CEPHEID,0.996,ASAS-SN Variable Stars II/366,
J010415.18-712734.3,16.06323,-71.45952,variability,CEPHEID,0.916,ASAS-SN Variable Stars II/366,
J053832.81-695932.9,84.63669,-69.99246,variability,CEPHEID,0.565,ASAS-SN Variable Stars II/366,
J052820.54-645620.1,82.08556,-64.93893,variability,CEPHEID,0.33,ASAS-SN Variable Stars II/366,
J030408.82+571753.9,46.03677,57.2983,variability,CEPHEID,0.983,ASAS-SN Variable Stars II/366,
J045244.05-682543.9,73.18356,-68.42886,variability,CEPHEID,0.964,ASAS-SN Variable Stars II/366,
J183616.01+042353.2,279.06671,4.39812,variability,CEPHEID,0.875,ASAS-SN Variable Stars II/366,
J083418.04-422400.8,128.57515,-42.40021,variability,CEPHEID,0.968,ASAS-SN Variable Stars II/366,
J010945.65-713415.2,17.44021,-71.57089,variability,CEPHEID,0.841,ASAS-SN Variable Stars II/366,
J011116.88-735150.1,17.82034,-73.86391,variability,CEPHEID,0.894,ASAS-SN Variable Stars II/366,
J182227.01-100728.7,275.61256,-10.12464,variability,CEPHEID,0.898,ASAS-SN Variable Stars II/366,
J052937.64-653156.5,82.40685,-65.53237,variability,CEPHEID,0.596,ASAS-SN Variable Stars II/366,
J044826.63-673246.3,72.11094,-67.5462,variability,CEPHEID,0.924,ASAS-SN Variable Stars II/366,
J082409.95-414801.2,126.04147,-41.80033,variability,CEPHEID,0.946,ASAS-SN Variable Stars II/366,
J081014.62-325331.1,122.56092,-32.89198,variability,CEPHEID,0.992,ASAS-SN Variable Stars II/366,
J072831.42-220400.8,112.1309,-22.06688,variability,CEPHEID,0.413,ASAS-SN Variable Stars II/366,
J055401.07-695023.1,88.50447,-69.83976,variability,CEPHEID,0.912,ASAS-SN Variable Stars II/366,
J010030.24-731916.9,15.12598,-73.32137,variability,CEPHEID,0.926,ASAS-SN Variable Stars II/366,
J011609.04+592835.5,19.03766,59.47654,variability,CEPHEID,0.942,ASAS-SN Variable Stars II/366,
J054836.38-674237.1,87.1516,-67.7103,variability,CEPHEID,0.953,ASAS-SN Variable Stars II/366,
J045401.48-701325.7,73.50615,-70.22382,variability,CEPHEID,0.915,ASAS-SN Variable Stars II/366,
J054748.65-665726.0,86.95272,-66.95722,variability,CEPHEID,0.913,ASAS-SN Variable Stars II/366,
J051209.44-663212.1,78.03934,-66.5367,variability,CEPHEID,0.959,ASAS-SN Variable Stars II/366,
J050632.02-663207.1,76.63342,-66.53531,variability,CEPHEID,0.934,ASAS-SN Variable Stars II/366,
J052510.34-715139.3,81.2931,-71.86091,variability,CEPHEID,0.931,ASAS-SN Variable Stars II/366,
J002531.61-733246.6,6.38171,-73.54629,variability,CEPHEID,0.916,ASAS-SN Variable Stars II/366,
J201058.89+334340.0,302.74536,33.72778,variability,CEPHEID,0.638,ASAS-SN Variable Stars II/366,
J084434.57-460504.8,131.14403,-46.08466,variability,CEPHEID,0.931,ASAS-SN Variable Stars II/366,
J055700.47-700145.0,89.25198,-70.02917,variability,CEPHEID,0.954,ASAS-SN Variable Stars II/366,
J071051.87-164422.5,107.71614,-16.73958,variability,CEPHEID,0.997,ASAS-SN Variable Stars II/366,
J094304.64-564852.7,145.76935,-56.81463,variability,CEPHEID,0.949,ASAS-SN Variable Stars II/366,
J064134.50+075639.8,100.39377,7.9444,variability,CEPHEID,0.998,ASAS-SN Variable Stars II/366,
J004221.82-721154.3,10.59092,-72.19843,variability,CEPHEID,0.884,ASAS-SN Variable Stars II/366,
J053346.74-673146.5,83.44476,-67.52959,variability,CEPHEID,0.871,ASAS-SN Variable Stars II/366,
J052325.17-641916.4,80.85489,-64.32124,variability,CEPHEID,0.9,ASAS-SN Variable Stars II/366,
J065313.60-072053.3,103.30666,-7.34815,variability,CEPHEID,0.997,ASAS-SN Variable Stars II/366,
J060450.00+102148.5,91.20833,10.36348,variability,CEPHEID,0.969,ASAS-SN Variable Stars II/366,
J055014.53-671409.5,87.56054,-67.23598,variability,CEPHEID,0.88,ASAS-SN Variable Stars II/366,
J044825.27-712549.8,72.10531,-71.43051,variability,CEPHEID,0.952,ASAS-SN Variable Stars II/366,
J043749.12-654529.1,69.45467,-65.7581,variability,CEPHEID,0.592,ASAS-SN Variable Stars II/366,
J102558.17-595643.0,156.49236,-59.94528,variability,CEPHEID,0.992,ASAS-SN Variable Stars II/366,
J103431.39-594830.5,158.63078,-59.80848,variability,CEPHEID,0.982,ASAS-SN Variable Stars II/366,
J020154.67+624219.3,30.47769,62.7054,variability,CEPHEID,0.997,ASAS-SN Variable Stars II/366,
J200245.93+231634.5,300.69138,23.27624,variability,CEPHEID,0.965,ASAS-SN Variable Stars II/366,
J051924.89-691825.2,79.85371,-69.30699,variability,CEPHEID,0.988,ASAS-SN Variable Stars II/366,
J123907.25-581704.4,189.7804,-58.28453,variability,CEPHEID,0.999,ASAS-SN Variable Stars II/366,
J045521.55-670444.0,73.83978,-67.07889,variability,CEPHEID,0.78,ASAS-SN Variable Stars II/366,
J025531.46+584438.0,43.88109,58.74388,variability,CEPHEID,0.968,ASAS-SN Variable Stars II/366,
J052541.71-643702.1,81.4238,-64.61725,variability,CEPHEID,0.955,ASAS-SN Variable Stars II/366,
J054816.50-671626.6,87.06876,-67.27406,variability,CEPHEID,0.376,ASAS-SN Variable Stars II/366,
J052243.77-660943.3,80.68236,-66.16203,variability,CEPHEID,0.963,ASAS-SN Variable Stars II/366,
J014840.54+602242.5,27.1689,60.37847,variability,CEPHEID,0.981,ASAS-SN Variable Stars II/366,
J052457.95-655813.0,81.24144,-65.97028,variability,CEPHEID,0.962,ASAS-SN Variable Stars II/366,
J004725.47-741959.7,11.85612,-74.33326,variability,CEPHEID,0.859,ASAS-SN Variable Stars II/366,
J074400.55-170743.7,116.00231,-17.1288,variability,CEPHEID,0.99,ASAS-SN Variable Stars II/366,
J070650.96-140124.7,106.71234,-14.02352,variability,CEPHEID,0.499,ASAS-SN Variable Stars II/366,
J005809.77-731041.1,14.54069,-73.17809,variability,CEPHEID,0.927,ASAS-SN Variable Stars II/366,
J065741.85-494348.1,104.42438,-49.73002,variability,CEPHEID,0.56,ASAS-SN Variable Stars II/366,
J053143.93-700132.9,82.93304,-70.02581,variability,CEPHEID,0.812,ASAS-SN Variable Stars II/366,
J050947.89-663547.1,77.44955,-66.59642,variability,CEPHEID,0.813,ASAS-SN Variable Stars II/366,
J080027.44-331911.9,120.11432,-33.31997,variability,CEPHEID,0.993,ASAS-SN Variable Stars II/366,
J055122.47+251650.1,87.84361,25.28058,variability,CEPHEID,0.79,ASAS-SN Variable Stars II/366,
J055116.77-675816.4,87.81988,-67.97122,variability,CEPHEID,0.755,ASAS-SN Variable Stars II/366,
J105246.39-594450.3,163.19375,-59.74725,variability,CEPHEID,0.977,ASAS-SN Variable Stars II/366,
J011233.54-733524.9,18.13975,-73.59025,variability,CEPHEID,0.955,ASAS-SN Variable Stars II/366,
J070934.57-183347.4,107.39404,-18.56317,variability,CEPHEID,0.968,ASAS-SN Variable Stars II/366,
J051007.67-685624.6,77.53194,-68.94017,variability,CEPHEID,0.858,ASAS-SN Variable Stars II/366,
J160125.37-515019.9,240.35571,-51.83887,variability,CEPHEID,0.919,ASAS-SN Variable Stars II/366,
J060109.13-681810.5,90.28805,-68.30292,variability,CEPHEID,0.941,ASAS-SN Variable Stars II/366,
J015408.89+625745.9,28.53706,62.96276,variability,CEPHEID,0.791,ASAS-SN Variable Stars II/366,
J051928.27-651604.5,79.8678,-65.26793,variability,CEPHEID,0.953,ASAS-SN Variable Stars II/366,
J073604.11-192050.3,114.01714,-19.3473,variability,CEPHEID,0.89,ASAS-SN Variable Stars II/366,
J053551.57-661003.0,83.96487,-66.1675,variability,CEPHEID,0.798,ASAS-SN Variable Stars II/366,
J183652.20-090704.7,279.21752,-9.11797,variability,CEPHEID,0.781,ASAS-SN Variable Stars II/366,
J060513.11-682126.5,91.30463,-68.35737,variability,CEPHEID,0.805,ASAS-SN Variable Stars II/366,
J072430.56-250529.1,111.12732,-25.09141,variability,CEPHEID,0.988,ASAS-SN Variable Stars II/366,
J211750.43+530705.1,319.46011,53.11808,variability,CEPHEID,0.6,ASAS-SN Variable Stars II/366,
J192550.01+194925.2,291.45879,19.82371,variability,CEPHEID,0.859,ASAS-SN Variable Stars II/366,
J070402.16-133248.7,106.00856,-13.54691,variability,CEPHEID,0.999,ASAS-SN Variable Stars II/366,
J052114.75-723016.9,80.31147,-72.50471,variability,CEPHEID,0.596,ASAS-SN Variable Stars II/366,
J143655.56-581540.6,219.2315,-58.26127,variability,CEPHEID,0.976,ASAS-SN Variable Stars II/366,
J043446.07+492521.3,68.69197,49.42258,variability,CEPHEID,0.985,ASAS-SN Variable Stars II/366,
J053116.27-662438.4,82.81778,-66.41068,variability,CEPHEID,0.946,ASAS-SN Variable Stars II/366,
J052734.27+505202.7,81.89272,50.86742,variability,CEPHEID,0.991,ASAS-SN Variable Stars II/366,
J044946.46-665545.9,72.44357,-66.9294,variability,CEPHEID,0.32,ASAS-SN Variable Stars II/366,
J045610.12-695006.2,74.04215,-69.83505,variability,CEPHEID,0.555,ASAS-SN Variable Stars II/366,
J100913.50-571433.0,152.30625,-57.24251,variability,CEPHEID,0.98,ASAS-SN Variable Stars II/366,
J051123.86-663545.8,77.84943,-66.59606,variability,CEPHEID,0.96,ASAS-SN Variable Stars II/366,
J041108.42+563210.8,62.78508,56.53633,variability,CEPHEID,0.466,ASAS-SN Variable Stars II/366,
J050545.19-701544.6,76.43829,-70.26238,variability,CEPHEID,0.895,ASAS-SN Variable Stars II/366,
J051230.72-720017.7,78.12799,-72.00493,variability,CEPHEID,0.95,ASAS-SN Variable Stars II/366,
J053453.36-663301.2,83.72234,-66.55032,variability,CEPHEID,0.873,ASAS-SN Variable Stars II/366,
J045609.56-670826.9,74.03982,-67.14082,variability,CEPHEID,0.599,ASAS-SN Variable Stars II/366,
J052032.20-663723.0,80.13416,-66.62305,variability,CEPHEID,0.904,ASAS-SN Variable Stars II/366,
J051531.07-662459.4,78.87946,-66.41651,variability,CEPHEID,0.935,ASAS-SN Variable Stars II/366,
J043020.57+503419.1,67.58569,50.57198,variability,CEPHEID,0.879,ASAS-SN Variable Stars II/366,
J080822.56-322235.4,122.09402,-32.37649,variability,CEPHEID,0.992,ASAS-SN Variable Stars II/366,
J221737.80+610725.5,334.40786,61.12366,variability,CEPHEID,0.98,ASAS-SN Variable Stars II/366,
J073755.86-202144.0,114.48277,-20.36222,variability,CEPHEID,0.862,ASAS-SN Variable Stars II/366,
J005420.52-730230.0,13.5855,-73.04167,variability,CEPHEID,0.785,ASAS-SN Variable Stars II/366,
J054748.22-673827.4,86.95092,-67.64094,variability,CEPHEID,0.985,ASAS-SN Variable Stars II/366,
J052804.92-654329.1,82.02051,-65.72474,variability,CEPHEID,0.944,ASAS-SN Variable Stars II/366,
J045032.39-644407.6,72.63496,-64.73545,variability,CEPHEID,0.925,ASAS-SN Variable Stars II/366,
J051055.00-713345.4,77.72918,-71.56262,variability,CEPHEID,0.941,ASAS-SN Variable Stars II/366,
J003718.80+631256.4,9.32833,63.21567,variability,CEPHEID,0.977,ASAS-SN Variable Stars II/366,
J050802.62-680628.1,77.0109,-68.1078,variability,CEPHEID,0.337,ASAS-SN Variable Stars II/366,
J061017.05-682223.8,92.57103,-68.37328,variability,CEPHEID,0.959,ASAS-SN Variable Stars II/366,
J054918.89-671349.7,87.32873,-67.23046,variability,CEPHEID,0.942,ASAS-SN Variable Stars II/366,
J052301.52-662834.4,80.75632,-66.47623,variability,CEPHEID,0.966,ASAS-SN Variable Stars II/366,
J054202.99-670705.2,85.51246,-67.1181,variability,CEPHEID,0.936,ASAS-SN Variable Stars II/366,
J054745.42-672412.6,86.93924,-67.4035,variability,CEPHEID,0.767,ASAS-SN Variable Stars II/366,
J044747.55-675156.7,71.94813,-67.86575,variability,CEPHEID,0.91,ASAS-SN Variable Stars II/366,
J045544.57+362037.6,73.9357,36.34379,variability,CEPHEID,0.97,ASAS-SN Variable Stars II/366,
J045155.35-684011.4,72.98064,-68.66983,variability,CEPHEID,0.552,ASAS-SN Variable Stars II/366,
J073745.29-642812.7,114.4387,-64.47019,variability,CEPHEID,1.0,ASAS-SN Variable Stars II/366,
J054813.70-673301.7,87.05708,-67.55046,variability,CEPHEID,0.97,ASAS-SN Variable Stars II/366,
J051626.77-652855.7,79.11155,-65.48215,variability,CEPHEID,0.927,ASAS-SN Variable Stars II/366,
J051036.38-675124.7,77.65158,-67.85686,variability,CEPHEID,0.953,ASAS-SN Variable Stars II/366,
J045334.94-654949.5,73.39558,-65.83043,variability,CEPHEID,0.909,ASAS-SN Variable Stars II/366,
J061125.13+114800.8,92.85472,11.80023,variability,CEPHEID,1.0,ASAS-SN Variable Stars II/366,
J053626.14-660318.8,84.10892,-66.05523,variability,CEPHEID,0.336,ASAS-SN Variable Stars II/366,
J053753.78-665647.4,84.4741,-66.94649,variability,CEPHEID,0.95,ASAS-SN Variable Stars II/366,
J060932.68+140929.4,92.38615,14.15817,variability,CEPHEID,0.993,ASAS-SN Variable Stars II/366,
J055030.42-664207.5,87.62676,-66.70208,variability,CEPHEID,0.885,ASAS-SN Variable Stars II/366,
J050007.51-663650.0,75.03131,-66.61388,variability,CEPHEID,0.93,ASAS-SN Variable Stars II/366,
J052640.44-715426.9,81.66848,-71.90748,variability,CEPHEID,0.955,ASAS-SN Variable Stars II/366,
J071909.73-222034.2,109.79056,-22.34282,variability,CEPHEID,0.946,ASAS-SN Variable Stars II/366,
J053152.52-713223.9,82.96885,-71.53996,variability,CEPHEID,0.901,ASAS-SN Variable Stars II/366,
J052230.52-714912.2,80.62715,-71.82007,variability,CEPHEID,0.565,ASAS-SN Variable Stars II/366,
J045230.03-711558.9,73.12511,-71.26637,variability,CEPHEID,0.983,ASAS-SN Variable Stars II/366,
J065224.08+024225.6,103.10034,2.7071,variability,CEPHEID,0.846,ASAS-SN Variable Stars II/366,
J000705.61+615734.5,1.77338,61.95959,variability,CEPHEID,0.981,ASAS-SN Variable Stars II/366,
J071950.96-284728.1,109.96232,-28.79115,variability,CEPHEID,0.837,ASAS-SN Variable Stars II/366,
J060229.04-670328.7,90.62102,-67.05798,variability,CEPHEID,0.6,ASAS-SN Variable Stars II/366,
J045918.50-695248.9,74.82708,-69.88025,variability,CEPHEID,0.893,ASAS-SN Variable Stars II/366,
J051019.51-713714.7,77.58129,-71.62076,variability,CEPHEID,0.962,ASAS-SN Variable Stars II/366,
J051306.93-584703.7,78.27889,-58.78436,variability,CEPHEID,0.771,ASAS-SN Variable Stars II/366,
J074042.96-304252.8,115.17902,-30.71466,variability,CEPHEID,0.989,ASAS-SN Variable Stars II/366,
J001315.34+633611.9,3.3139,63.6033,variability,CEPHEID,0.871,ASAS-SN Variable Stars II/366,
J044913.99+404059.7,72.30831,40.68325,variability,CEPHEID,0.886,ASAS-SN Variable Stars II/366,
J011014.35-724327.8,17.55978,-72.7244,variability,CEPHEID,0.869,ASAS-SN Variable Stars II/366,
J045614.24+401539.6,74.05933,40.261,variability,CEPHEID,0.58,ASAS-SN Variable Stars II/366,
J062049.69+000229.3,95.20704,0.04146,variability,CEPHEID,0.997,ASAS-SN Variable Stars II/366,
J183050.28-265414.3,277.70952,-26.90305,variability,CEPHEID,0.988,ASAS-SN Variable Stars II/366,
J060536.56-680808.1,91.40234,-68.13559,variability,CEPHEID,0.911,ASAS-SN Variable Stars II/366,
J050709.23-671957.1,76.78844,-67.33252,variability,CEPHEID,0.914,ASAS-SN Variable Stars II/366,
J010937.65-725129.5,17.40688,-72.8582,variability,CEPHEID,0.89,ASAS-SN Variable Stars II/366,
J174824.40-591040.6,267.10166,-59.17794,variability,CEPHEID,0.997,ASAS-SN Variable Stars II/366,
J054521.05-704904.7,86.33771,-70.81798,variability,CEPHEID,0.985,ASAS-SN Variable Stars II/366,
J191418.00+111729.9,288.575,11.29164,variability,CEPHEID,0.961,ASAS-SN Variable Stars II/366,
J064726.53+041127.0,101.86055,4.19084,variability,CEPHEID,0.93,ASAS-SN Variable Stars II/366,
J122121.25-631106.6,185.33856,-63.18518,variability,CEPHEID,0.848,ASAS-SN Variable Stars II/366,
J052912.91-695324.5,82.30379,-69.89014,variability,CEPHEID,0.595,ASAS-SN Variable Stars II/366,
J053217.40-662726.3,83.07249,-66.45731,variability,CEPHEID,0.491,ASAS-SN Variable Stars II/366,
J052015.39-714930.0,80.06411,-71.825,variability,CEPHEID,0.867,ASAS-SN Variable Stars II/366,
J052303.65-665104.3,80.76519,-66.8512,variability,CEPHEID,0.603,ASAS-SN Variable Stars II/366,
J053524.38-664831.3,83.85158,-66.80868,variability,CEPHEID,0.552,ASAS-SN Variable Stars II/366,
J050931.73-652654.7,77.38223,-65.44852,variability,CEPHEID,0.894,ASAS-SN Variable Stars II/366,
J010158.58-710414.7,15.49407,-71.07076,variability,CEPHEID,0.894,ASAS-SN Variable Stars II/366,
J053521.86-700657.4,83.8411,-70.11595,variability,CEPHEID,0.291,ASAS-SN Variable Stars II/366,
J051246.46-660646.7,78.1936,-66.11297,variability,CEPHEID,0.921,ASAS-SN Variable Stars II/366,
J010517.27-731918.5,16.32194,-73.3218,variability,CEPHEID,0.956,ASAS-SN Variable Stars II/366,
J052233.13-714045.0,80.63805,-71.67917,variability,CEPHEID,0.923,ASAS-SN Variable Stars II/366,
J054406.06-672315.8,86.02527,-67.38771,variability,CEPHEID,0.968,ASAS-SN Variable Stars II/366,
J051558.53-655358.2,78.99387,-65.89951,variability,CEPHEID,0.932,ASAS-SN Variable Stars II/366,
J045623.36-664100.3,74.09733,-66.68342,variability,CEPHEID,0.962,ASAS-SN Variable Stars II/366,
J053601.42-672552.0,84.00593,-67.43111,variability,CEPHEID,0.572,ASAS-SN Variable Stars II/366,
J051308.07-662737.5,78.28363,-66.46043,variability,CEPHEID,0.943,ASAS-SN Variable Stars II/366,
J061025.22-672012.1,92.6051,-67.33671,variability,CEPHEID,0.931,ASAS-SN Variable Stars II/366,
J052436.02+283131.1,81.15008,28.5253,variability,CEPHEID,0.813,ASAS-SN Variable Stars II/366,
J051049.60-665115.1,77.70665,-66.85419,variability,CEPHEID,0.878,ASAS-SN Variable Stars II/366,
J073921.34-172047.8,114.83892,-17.3466,variability,CEPHEID,0.997,ASAS-SN Variable Stars II/366,
J213345.06+492921.9,323.43777,49.48942,variability,CEPHEID,1.0,ASAS-SN Variable Stars II/366,
J054127.53-671758.4,85.3647,-67.29956,variability,CEPHEID,0.343,ASAS-SN Variable Stars II/366,
J055825.15-684926.3,89.60477,-68.82398,variability,CEPHEID,0.933,ASAS-SN Variable Stars II/366,
J045452.41-682511.5,73.71836,-68.41985,variability,CEPHEID,0.943,ASAS-SN Variable Stars II/366,
J005029.35+662922.8,12.62229,66.48968,variability,CEPHEID,0.862,ASAS-SN Variable Stars II/366,
J010841.79-724759.8,17.17413,-72.79994,variability,CEPHEID,0.847,ASAS-SN Variable Stars II/366,
J051843.41+542016.9,79.68089,54.33803,variability,CEPHEID,0.993,ASAS-SN Variable Stars II/366,
J051023.51-662436.6,77.59795,-66.41018,variability,CEPHEID,0.907,ASAS-SN Variable Stars II/366,
J051554.78-703154.3,78.97823,-70.53176,variability,CEPHEID,0.53,ASAS-SN Variable Stars II/366,
J080957.90-413232.8,122.49124,-41.54244,variability,CEPHEID,0.989,ASAS-SN Variable Stars II/366,
J074200.06-350304.8,115.50025,-35.05132,variability,CEPHEID,0.996,ASAS-SN Variable Stars II/366,
J053917.69-682245.6,84.82372,-68.37933,variability,CEPHEID,0.911,ASAS-SN Variable Stars II/366,
J001556.84-730029.0,3.98682,-73.00806,variability,CEPHEID,0.923,ASAS-SN Variable Stars II/366,
J011049.97-710814.4,17.7082,-71.13734,variability,CEPHEID,0.925,ASAS-SN Variable Stars II/366,
J054650.14-673009.6,86.70892,-67.50267,variability,CEPHEID,0.88,ASAS-SN Variable Stars II/366,
J065934.80-082237.7,104.895,-8.37713,variability,CEPHEID,0.439,ASAS-SN Variable Stars II/366,
J010743.43-711320.0,16.93094,-71.22222,variability,CEPHEID,0.776,ASAS-SN Variable Stars II/366,
J045310.30-705344.0,73.29293,-70.89555,variability,CEPHEID,0.924,ASAS-SN Variable Stars II/366,
J064151.69-012005.5,100.46538,-1.33487,variability,CEPHEID,0.987,ASAS-SN Variable Stars II/366,
J044456.09-661534.5,71.2337,-66.25958,variability,CEPHEID,0.932,ASAS-SN Variable Stars II/366,
J182735.80-111643.0,276.89917,-11.27862,variability,CEPHEID,0.997,ASAS-SN Variable Stars II/366,
J082123.13-443058.8,125.34638,-44.51634,variability,CEPHEID,0.964,ASAS-SN Variable Stars II/366,
J201739.04+380414.3,304.41266,38.07064,variability,CEPHEID,0.891,ASAS-SN Variable Stars II/366,
J054647.87-673140.8,86.69948,-67.52801,variability,CEPHEID,0.98,ASAS-SN Variable Stars II/366,
J050005.47-690652.5,75.02278,-69.11458,variability,CEPHEID,0.567,ASAS-SN Variable Stars II/366,
J010145.13-734045.2,15.43805,-73.67922,variability,CEPHEID,0.908,ASAS-SN Variable Stars II/366,
J084304.11-511751.9,130.76713,-51.29776,variability,CEPHEID,0.997,ASAS-SN Variable Stars II/366,
J011452.30-724859.5,18.71791,-72.81653,variability,CEPHEID,0.921,ASAS-SN Variable Stars II/366,
J225346.77+613021.3,343.44487,61.50592,variability,CEPHEID,0.571,ASAS-SN Variable Stars II/366,
J003713.31-733759.7,9.30544,-73.63324,variability,CEPHEID,0.822,ASAS-SN Variable Stars II/366,
J044408.06+460245.8,71.0336,46.04605,variability,CEPHEID,0.926,ASAS-SN Variable Stars II/366,
J194646.78+244646.7,296.69492,24.77964,variability,CEPHEID,0.956,ASAS-SN Variable Stars II/366,
J172941.39-184911.4,262.42245,-18.81982,variability,CEPHEID,0.93,ASAS-SN Variable Stars II/366,
J092202.82-570954.3,140.51128,-57.16513,variability,CEPHEID,0.984,ASAS-SN Variable Stars II/366,
J045313.49-693908.1,73.30623,-69.65224,variability,CEPHEID,0.523,ASAS-SN Variable Stars II/366,
J214756.52+440823.2,326.98552,44.13978,variability,CEPHEID,0.728,ASAS-SN Variable Stars II/366,
J050432.91-730922.4,76.13713,-73.15621,variability,CEPHEID,0.955,ASAS-SN Variable Stars II/366,
J045009.94-703054.0,72.54141,-70.51501,variability,CEPHEID,0.974,ASAS-SN Variable Stars II/366,
J060041.00+305333.5,90.17084,30.89265,variability,CEPHEID,0.991,ASAS-SN Variable Stars II/366,
J053734.51-661700.9,84.3938,-66.28358,variability,CEPHEID,0.991,ASAS-SN Variable Stars II/366,
J050105.36-662004.3,75.27235,-66.33453,variability,CEPHEID,0.532,ASAS-SN Variable Stars II/366,
J055833.37-683638.6,89.63903,-68.61073,variability,CEPHEID,0.931,ASAS-SN Variable Stars II/366,
J052209.47-664450.7,80.53946,-66.74741,variability,CEPHEID,0.825,ASAS-SN Variable Stars II/366,
J002920.70-734946.8,7.33625,-73.82968,variability,CEPHEID,0.907,ASAS-SN Variable Stars II/366,
J054704.96-732436.1,86.77068,-73.41002,variability,CEPHEID,0.949,ASAS-SN Variable Stars II/366,
J053552.94-711535.9,83.97059,-71.25997,variability,CEPHEID,0.621,ASAS-SN Variable Stars II/366,
J051103.90-662939.0,77.76625,-66.49417,variability,CEPHEID,0.899,ASAS-SN Variable Stars II/366,
J115633.54-632741.5,179.13975,-63.46154,variability,CEPHEID,0.906,ASAS-SN Variable Stars II/366,
J050718.75-704609.6,76.82812,-70.76932,variability,CEPHEID,0.783,ASAS-SN Variable Stars II/366,
J052637.49-672225.6,81.6562,-67.37377,variability,CEPHEID,0.929,ASAS-SN Variable Stars II/366,
J070555.84-132353.1,106.48266,-13.39807,variability,CEPHEID,0.999,ASAS-SN Variable Stars II/366,
J054318.26-672034.1,85.82609,-67.3428,variability,CEPHEID,0.868,ASAS-SN Variable Stars II/366,
J052126.80-700837.3,80.36165,-70.14369,variability,CEPHEID,0.94,ASAS-SN Variable Stars II/366,
J050229.95-710330.2,75.62479,-71.05838,variability,CEPHEID,0.839,ASAS-SN Variable Stars II/366,
J052158.35-640125.6,80.49314,-64.02377,variability,CEPHEID,0.872,ASAS-SN Variable Stars II/366,
J052355.48-702931.4,80.98115,-70.49205,variability,CEPHEID,0.931,ASAS-SN Variable Stars II/366,
J051030.78-655053.2,77.62824,-65.84811,variability,CEPHEID,0.958,ASAS-SN Variable Stars II/366,
J051351.29-713323.3,78.46369,-71.55647,variability,CEPHEID,0.971,ASAS-SN Variable Stars II/366,
J170745.90-160534.6,256.94126,-16.09294,variability,MIRA,1.0,ASAS-SN Variable Stars II/366,
J191322.11+263237.9,288.34254,26.54377,variability,MIRA,0.963,ASAS-SN Variable Stars II/366,
J175527.47-240643.5,268.86447,-24.11207,variability,MIRA,0.964,ASAS-SN Variable Stars II/366,
J181934.88+011119.2,274.89554,1.18854,variability,MIRA,0.727,ASAS-SN Variable Stars II/366,
J042450.36-740443.1,66.20944,-74.07865,variability,MIRA,0.804,ASAS-SN Variable Stars II/366,
J205350.15+371533.8,313.45895,37.2594,variability,MIRA,0.999,ASAS-SN Variable Stars II/366,
J172537.51-482210.0,261.40607,-48.3694,variability,MIRA,0.647,ASAS-SN Variable Stars II/366,
J144249.24-474307.8,220.70509,-47.71868,variability,MIRA,0.998,ASAS-SN Variable Stars II/366,
J183553.00+064928.7,278.97084,6.82464,variability,MIRA,0.999,ASAS-SN Variable Stars II/366,
J002039.18+705628.8,5.16327,70.94134,variability,MIRA,1.0,ASAS-SN Variable Stars II/366,
J202515.78+072534.2,306.31576,7.42617,variability,MIRA,1.0,ASAS-SN Variable Stars II/366,
J173813.57-225939.5,264.55663,-22.99434,variability,MIRA,0.522,ASAS-SN Variable Stars II/366,
J205207.57+355830.6,313.03153,35.97518,variability,MIRA,0.999,ASAS-SN Variable Stars II/366,
J083257.50-630446.6,128.23959,-63.07962,variability,MIRA,1.0,ASAS-SN Variable Stars II/366,
J184007.02+141144.8,280.02927,14.19577,variability,MIRA,0.971,ASAS-SN Variable Stars II/366,
J181203.07-265649.1,273.01281,-26.94696,variability,MIRA,0.989,ASAS-SN Variable Stars II/366,
J141544.54-055207.4,213.93558,-5.86871,variability,MIRA,0.999,ASAS-SN Variable Stars II/366,
J112027.89-615236.0,170.11621,-61.87667,variability,MIRA,1.0,ASAS-SN Variable Stars II/366,
J195405.70+215934.2,298.52374,21.99282,variability,MIRA,0.992,ASAS-SN Variable Stars II/366,
J181455.63-434923.9,273.73205,-43.82327,variability,MIRA,0.964,ASAS-SN Variable Stars II/366,
J183110.62+133623.1,277.79426,13.60642,variability,MIRA,0.999,ASAS-SN Variable Stars II/366,
J181935.34+053411.8,274.89727,5.56994,variability,MIRA,0.999,ASAS-SN Variable Stars II/366,
J162648.75-643003.2,246.70312,-64.50089,variability,MIRA,1.0,ASAS-SN Variable Stars II/366,
J174932.24-173212.4,267.38443,-17.53683,variability,MIRA,0.982,ASAS-SN Variable Stars II/366,
J174714.61-182253.3,266.81111,-18.38157,variability,MIRA,0.989,ASAS-SN Variable Stars II/366,
J181901.44+220648.9,274.75599,22.11358,variability,MIRA,1.0,ASAS-SN Variable Stars II/366,
J230400.82-635511.4,346.00342,-63.91982,variability,MIRA,1.0,ASAS-SN Variable Stars II/366,
J121601.47-385357.3,184.00611,-38.89925,variability,MIRA,0.998,ASAS-SN Variable Stars II/366,
J180523.70+025636.5,271.34873,2.94347,variability,MIRA,1.0,ASAS-SN Variable Stars II/366,
J181413.61-323658.9,273.5567,-32.61635,variability,MIRA,0.969,ASAS-SN Variable Stars II/366,
J190816.55+042952.2,287.06897,4.49782,variability,MIRA,1.0,ASAS-SN Variable Stars II/366,
J121434.56-670155.1,183.64405,-67.03202,variability,MIRA,0.598,ASAS-SN Variable Stars II/366,
J165859.99-642623.6,254.74995,-64.43988,variability,MIRA,0.97,ASAS-SN Variable Stars II/366,
J122514.37-515306.5,186.30989,-51.88508,variability,MIRA,1.0,ASAS-SN Variable Stars II/366,
J174656.55-225015.8,266.73561,-22.83771,variability,MIRA,0.957,ASAS-SN Variable Stars II/366,
J194752.11+130839.0,296.96712,13.14417,variability,MIRA,1.0,ASAS-SN Variable Stars II/366,
J174611.67-142824.2,266.54897,-14.47343,variability,MIRA,0.998,ASAS-SN Variable Stars II/366,
J231427.71+703503.5,348.61547,70.58431,variability,MIRA,0.998,ASAS-SN Variable Stars II/366,
J153657.29-340012.2,234.23872,-34.00339,variability,MIRA,1.0,ASAS-SN Variable Stars II/366,
J041839.96-574637.3,64.66648,-57.77702,variability,MIRA,0.983,ASAS-SN Variable Stars II/366,
J185232.96-805636.8,283.13735,-80.94355,variability,MIRA,1.0,ASAS-SN Variable Stars II/366,
J194209.99+070954.6,295.54163,7.16517,variability,MIRA,0.999,ASAS-SN Variable Stars II/366,
J211021.09+103559.9,317.58786,10.59998,variability,MIRA,1.0,ASAS-SN Variable Stars II/366,
J033623.57+613600.0,54.09821,61.60001,variability,MIRA,1.0,ASAS-SN Variable Stars II/366,
J183906.53-334802.1,279.77721,-33.80057,variability,MIRA,1.0,ASAS-SN Variable Stars II/366,
J150146.16-301441.0,225.44232,-30.24472,variability,MIRA,1.0,ASAS-SN Variable Stars II/366,
J123220.85-445741.1,188.08687,-44.96141,variability,MIRA,1.0,ASAS-SN Variable Stars II/366,
J103617.24+595610.0,159.07182,59.93611,variability,MIRA,0.973,ASAS-SN Variable Stars II/366,
J171545.53-043022.5,258.93969,-4.50624,variability,MIRA,0.999,ASAS-SN Variable Stars II/366,
J134544.00-655849.4,206.43317,-65.98031,variability,MIRA,1.0,ASAS-SN Variable Stars II/366,
J183253.72+430103.7,278.22384,43.0177,variability,MIRA,1.0,ASAS-SN Variable Stars II/366,
J154343.46-633952.2,235.93108,-63.66451,variability,MIRA,0.93,ASAS-SN Variable Stars II/366,
J183211.90-190958.0,278.0496,-19.16611,variability,MIRA,0.942,ASAS-SN Variable Stars II/366,
J162125.61-625845.3,245.35669,-62.97926,variability,MIRA,1.0,ASAS-SN Variable Stars II/366,
J185758.03+430805.8,284.49178,43.13494,variability,MIRA,1.0,ASAS-SN Variable Stars II/366,
J074338.03-315320.7,115.90845,-31.88908,variability,MIRA,1.0,ASAS-SN Variable Stars II/366,
J201554.07+515134.6,303.97529,51.85962,variability,MIRA,0.998,ASAS-SN Variable Stars II/366,
J182521.68-284348.8,276.34004,-28.73025,variability,MIRA,0.957,ASAS-SN Variable Stars II/366,
J191514.47+031133.2,288.8103,3.19255,variability,MIRA,0.998,ASAS-SN Variable Stars II/366,
J174835.98-473916.4,267.1499,-47.65455,variability,MIRA,0.999,ASAS-SN Variable Stars II/366,
J180144.38-104025.4,270.4349,-10.67371,variability,MIRA,1.0,ASAS-SN Variable Stars II/366,
J184613.74-201228.8,281.55725,-20.208,variability,MIRA,1.0,ASAS-SN Variable Stars II/366,
J191756.24-043735.4,289.48434,-4.62651,variability,MIRA,0.997,ASAS-SN Variable Stars II/366,
J165547.53-081025.9,253.94806,-8.17386,variability,MIRA,1.0,ASAS-SN Variable Stars II/366,
J142302.30-713431.4,215.76032,-71.57543,variability,MIRA,0.99,ASAS-SN Variable Stars II/366,
J184324.17-211250.5,280.85069,-21.21404,variability,MIRA,1.0,ASAS-SN Variable Stars II/366,
J194720.47-442815.7,296.83528,-44.47104,variability,MIRA,1.0,ASAS-SN Variable Stars II/366,
J115425.64-600214.0,178.60684,-60.03723,variability,MIRA,1.0,ASAS-SN Variable Stars II/366,
J174959.57-041023.1,267.49819,-4.17308,variability,MIRA,0.963,ASAS-SN Variable Stars II/366,
J234209.88+585630.4,355.54115,58.94179,variability,MIRA,0.963,ASAS-SN Variable Stars II/366,
J163131.02-261020.9,247.87927,-26.17246,variability,MIRA,1.0,ASAS-SN Variable Stars II/366,
J113453.87-484512.7,173.72447,-48.75352,variability,MIRA,0.997,ASAS-SN Variable Stars II/366,
J162623.60-333304.5,246.59789,-33.55128,variability,MIRA,0.999,ASAS-SN Variable Stars II/366,
J190327.06-083320.9,285.86243,-8.55586,variability,MIRA,0.677,ASAS-SN Variable Stars II/366,
J204501.18+271507.0,311.2549,27.25195,variability,MIRA,1.0,ASAS-SN Variable Stars II/366,
J144935.22-605254.6,222.39677,-60.88184,variability,MIRA,0.997,ASAS-SN Variable Stars II/366,
J172956.44-174041.2,262.48517,-17.6781,variability,MIRA,0.992,ASAS-SN Variable Stars II/366,
J183602.87-220728.9,279.01196,-22.12469,variability,MIRA,0.994,ASAS-SN Variable Stars II/366,
J174240.14-240101.3,265.66725,-24.01702,variability,MIRA,0.841,ASAS-SN Variable Stars II/366,
J153605.78-615454.2,234.02432,-61.91515,variability,MIRA,0.999,ASAS-SN Variable Stars II/366,
J101150.88-485118.7,152.96199,-48.85519,variability,MIRA,1.0,ASAS-SN Variable Stars II/366,
J103713.55-683652.6,159.3068,-68.61465,variability,MIRA,1.0,ASAS-SN Variable Stars II/366,
J204645.30-155524.2,311.68877,-15.92339,variability,MIRA,0.991,ASAS-SN Variable Stars II/366,
J180124.18-135652.5,270.35074,-13.94793,variability,MIRA,0.79,ASAS-SN Variable Stars II/366,
J082924.27-363701.6,127.35111,-36.6171,variability,MIRA,1.0,ASAS-SN Variable Stars II/366,
J194511.31+082640.8,296.29712,8.44467,variability,MIRA,1.0,ASAS-SN Variable Stars II/366,
J190741.04-500241.9,286.92101,-50.04498,variability,MIRA,1.0,ASAS-SN Variable Stars II/366,
J192253.69-020607.2,290.72369,-2.102,variability,MIRA,1.0,ASAS-SN Variable Stars II/366,
J202109.43-192342.6,305.28929,-19.39516,variability,MIRA,1.0,ASAS-SN Variable Stars II/366,
J183904.46+262824.9,279.76858,26.47357,variability,MIRA,1.0,ASAS-SN Variable Stars II/366,
J164558.40-251157.8,251.49287,-25.19936,variability,MIRA,1.0,ASAS-SN Variable Stars II/366,
J191605.49-035930.9,289.02289,-3.99192,variability,MIRA,0.977,ASAS-SN Variable Stars II/366,
J180623.44-290153.0,271.59767,-29.0314,variability,MIRA,0.792,ASAS-SN Variable Stars II/366,
J172306.34-125140.8,260.7764,-12.86132,variability,MIRA,1.0,ASAS-SN Variable Stars II/366,
J235627.42-494712.1,359.11425,-49.7867,variability,MIRA,1.0,ASAS-SN Variable Stars II/366,
J230407.50+704826.6,346.03126,70.8074,variability,MIRA,1.0,ASAS-SN Variable Stars II/366,
J173651.48-541324.4,264.21448,-54.22345,variability,MIRA,1.0,ASAS-SN Variable Stars II/366,
J185936.85+345716.2,284.90354,34.95449,variability,MIRA,1.0,ASAS-SN Variable Stars II/366,
J174159.71-142849.2,265.49871,-14.48058,variability,MIRA,1.0,ASAS-SN Variable Stars II/366,
J044221.30+065240.2,70.58874,6.87782,variability,MIRA,1.0,ASAS-SN Variable Stars II/366,
J095655.14-525511.0,149.22975,-52.91972,variability,MIRA,0.995,ASAS-SN Variable Stars II/366,
J163829.87-344336.6,249.62419,-34.72688,variability,MIRA,0.975,ASAS-SN Variable Stars II/366,
J193349.85+385000.4,293.45769,38.83344,variability,MIRA,1.0,ASAS-SN Variable Stars II/366,
J200152.10+230704.0,300.46707,23.11779,variability,MIRA,0.801,ASAS-SN Variable Stars II/366,
J171559.79-121053.7,258.99873,-12.18147,variability,MIRA,1.0,ASAS-SN Variable Stars II/366,
J172918.72-404558.9,262.32799,-40.76636,variability,MIRA,0.991,ASAS-SN Variable Stars II/366,
J132459.40-643950.7,201.2475,-64.66409,variability,MIRA,0.999,ASAS-SN Variable Stars II/366,
J183648.95-135804.0,279.20395,-13.96778,variability,MIRA,0.995,ASAS-SN Variable Stars II/366,
J133044.83-725104.2,202.68679,-72.85117,variability,MIRA,1.0,ASAS-SN Variable Stars II/366,
J194603.93+351751.9,296.51639,35.29776,variability,MIRA,0.999,ASAS-SN Variable Stars II/366,
J192617.06+181215.7,291.5711,18.20435,variability,MIRA,0.998,ASAS-SN Variable Stars II/366,
J120151.52-585716.0,180.46504,-58.95435,variability,MIRA,0.987,ASAS-SN Variable Stars II/366,
J175827.52-344019.1,269.61465,-34.67197,variability,MIRA,0.973,ASAS-SN Variable Stars II/366,
J173811.93-205137.3,264.54972,-20.86036,variability,MIRA,1.0,ASAS-SN Variable Stars II/366,
J105037.55-731852.8,162.65645,-73.31467,variability,MIRA,0.984,ASAS-SN Variable Stars II/366,
J170820.45-543335.6,257.0852,-54.55989,variability,MIRA,1.0,ASAS-SN Variable Stars II/366,
J125648.87-550543.8,194.20357,-55.09546,variability,MIRA,0.95,ASAS-SN Variable Stars II/366,
J171116.43-602044.2,257.81844,-60.34561,variability,MIRA,1.0,ASAS-SN Variable Stars II/366,
J182010.03-244532.5,275.04185,-24.75882,variability,MIRA,0.892,ASAS-SN Variable Stars II/366,
J180326.21-050817.1,270.85921,-5.13807,variability,MIRA,0.959,ASAS-SN Variable Stars II/366,
J190506.36-024208.7,286.27648,-2.70243,variability,MIRA,0.963,ASAS-SN Variable Stars II/366,
J183603.19+065903.4,279.0133,6.98428,variability,MIRA,1.0,ASAS-SN Variable Stars II/366,
J185848.79-101352.6,284.7033,-10.23128,variability,MIRA,1.0,ASAS-SN Variable Stars II/366,
J184251.44-083538.5,280.71434,-8.59402,variability,MIRA,0.881,ASAS-SN Variable Stars II/366,
J180254.93-311208.3,270.72887,-31.20231,variability,MIRA,0.918,ASAS-SN Variable Stars II/366,
J180637.21-440935.9,271.65505,-44.15998,variability,MIRA,0.999,ASAS-SN Variable Stars II/366,
J184235.17-312025.8,280.64694,-31.34037,variability,MIRA,1.0,ASAS-SN Variable Stars II/366,
J165335.30-264627.0,253.3971,-26.77418,variability,MIRA,0.971,ASAS-SN Variable Stars II/366,
J183026.29-285048.6,277.60955,-28.84682,variability,MIRA,0.982,ASAS-SN Variable Stars II/366,
J045831.95-060406.5,74.63314,-6.06847,variability,MIRA,1.0,ASAS-SN Variable Stars II/366,
J170822.39-290825.3,257.09331,-29.14037,variability,MIRA,0.999,ASAS-SN Variable Stars II/366,
J115501.29-591513.3,178.75536,-59.2537,variability,MIRA,1.0,ASAS-SN Variable Stars II/366,
J132206.27-611838.9,200.52612,-61.31081,variability,MIRA,0.99,ASAS-SN Variable Stars II/366,
J190612.79-061834.0,286.55354,-6.30952,variability,MIRA,1.0,ASAS-SN Variable Stars II/366,
J180644.86-005219.7,271.6869,-0.87213,variability,MIRA,0.972,ASAS-SN Variable Stars II/366,
J174143.84-111724.7,265.43265,-11.29019,variability,MIRA,1.0,ASAS-SN Variable Stars II/366,
J173241.10-044117.9,263.17083,-4.68824,variability,MIRA,1.0,ASAS-SN Variable Stars II/366,
J130004.72-782857.6,195.01967,-78.48268,variability,MIRA,1.0,ASAS-SN Variable Stars II/366,
J173604.25-194311.3,264.01772,-19.7198,variability,MIRA,0.929,ASAS-SN Variable Stars II/366,
J183122.98-471538.6,277.84574,-47.26073,variability,MIRA,0.997,ASAS-SN Variable Stars II/366,
J140124.74-511429.1,210.35308,-51.24142,variability,MIRA,0.949,ASAS-SN Variable Stars II/366,
J185356.73-225757.7,283.48636,-22.96602,variability,MIRA,0.999,ASAS-SN Variable Stars II/366,
J184451.05-233008.3,281.2127,-23.50231,variability,MIRA,1.0,ASAS-SN Variable Stars II/366,
J163238.09-595129.4,248.15869,-59.85816,variability,MIRA,1.0,ASAS-SN Variable Stars II/366,
J185457.35+312725.9,283.73896,31.4572,variability,MIRA,1.0,ASAS-SN Variable Stars II/366,
J194040.60+360700.7,295.16916,36.11685,variability,MIRA,1.0,ASAS-SN Variable Stars II/366,
J164716.75-483404.4,251.81979,-48.56789,variability,MIRA,1.0,ASAS-SN Variable Stars II/366,
J171427.61-261151.5,258.61497,-26.19747,variability,MIRA,0.932,ASAS-SN Variable Stars II/366,
J124923.34-595530.3,192.34726,-59.92509,variability,MIRA,0.999,ASAS-SN Variable Stars II/366,
J175257.68-025312.8,268.24035,-2.88689,variability,MIRA,0.908,ASAS-SN Variable Stars II/366,
J083940.10-475637.9,129.91708,-47.94385,variability,MIRA,0.957,ASAS-SN Variable Stars II/366,
J165020.02-355603.1,252.58302,-35.93415,variability,MIRA,0.916,ASAS-SN Variable Stars II/366,
J181935.40-322740.2,274.89751,-32.46117,variability,MIRA,1.0,ASAS-SN Variable Stars II/366,
J173633.46-275820.8,264.1394,-27.97245,variability,MIRA,0.773,ASAS-SN Variable Stars II/366,
J120205.58-571036.4,180.52357,-57.17681,variability,MIRA,1.0,ASAS-SN Variable Stars II/366,
J130052.90-705743.1,195.22042,-70.96196,variability,MIRA,1.0,ASAS-SN Variable Stars II/366,
J073552.39-463216.8,113.96828,-46.53799,variability,MIRA,1.0,ASAS-SN Variable Stars II/366,
J182318.05+244317.0,275.82474,24.72148,variability,MIRA,0.999,ASAS-SN Variable Stars II/366,
J180558.12-293128.3,271.49217,-29.52452,variability,MIRA,1.0,ASAS-SN Variable Stars II/366,
J184041.19-120153.2,280.17162,-12.03145,variability,MIRA,1.0,ASAS-SN Variable Stars II/366,
J181748.09-310422.9,274.45038,-31.07304,variability,MIRA,0.946,ASAS-SN Variable Stars II/366,
J172640.72-413401.1,261.66967,-41.56696,variability,MIRA,1.0,ASAS-SN Variable Stars II/366,
J123643.14-575135.3,189.17988,-57.85976,variability,MIRA,1.0,ASAS-SN Variable Stars II/366,
J034103.87+673851.8,55.26612,67.64771,variability,MIRA,0.997,ASAS-SN Variable Stars II/366,
J193725.89+151137.0,294.35787,15.19361,variability,MIRA,0.96,ASAS-SN Variable Stars II/366,
J160334.28-613743.5,240.89282,-61.62875,variability,MIRA,1.0,ASAS-SN Variable Stars II/366,
J173746.08-422826.1,264.44199,-42.47392,variability,MIRA,0.999,ASAS-SN Variable Stars II/366,
J163156.84-162515.1,247.98682,-16.42085,variability,MIRA,0.922,ASAS-SN Variable Stars II/366,
J025402.87+575127.0,43.51223,57.85707,variability,MIRA,1.0,ASAS-SN Variable Stars II/366,
J160832.08-213149.6,242.13365,-21.53044,variability,MIRA,1.0,ASAS-SN Variable Stars II/366,
J181322.89+132501.4,273.34539,13.41706,variability,MIRA,1.0,ASAS-SN Variable Stars II/366,
J184349.98+151808.6,280.95823,15.30238,variability,MIRA,1.0,ASAS-SN Variable Stars II/366,
J173750.60-210511.5,264.46083,-21.08653,variability,MIRA,0.591,ASAS-SN Variable Stars II/366,
J190036.56+272952.7,285.15235,27.49797,variability,MIRA,1.0,ASAS-SN Variable Stars II/366,
J222837.41+522958.7,337.15589,52.49965,variability,MIRA,1.0,ASAS-SN Variable Stars II/366,
J170729.23-031707.8,256.872,-3.28551,variability,MIRA,1.0,ASAS-SN Variable Stars II/366,
J151232.54-464635.6,228.13561,-46.77655,variability,MIRA,1.0,ASAS-SN Variable Stars II/366,
J185238.71-544623.2,283.16131,-54.7731,variability,MIRA,0.998,ASAS-SN Variable Stars II/366,
J195026.01+281119.4,297.60838,28.18872,variability,MIRA,1.0,ASAS-SN Variable Stars II/366,
J173154.94-395104.4,262.97913,-39.85112,variability,MIRA,0.98,ASAS-SN Variable Stars II/366,
J173019.96-101857.3,262.58316,-10.31591,variability,MIRA,1.0,ASAS-SN Variable Stars II/366,
J165953.41-285009.8,254.97255,-28.83605,variability,MIRA,0.998,ASAS-SN Variable Stars II/366,
J181607.49-360039.5,274.03122,-36.01096,variability,MIRA,0.999,ASAS-SN Variable Stars II/366,
J172250.06-240928.8,260.70842,-24.15793,variability,MIRA,0.981,ASAS-SN Variable Stars II/366,
J185001.73-234137.6,282.50778,-23.69349,variability,MIRA,0.998,ASAS-SN Variable Stars II/366,
J183236.51-221334.2,278.15214,-22.22616,variability,MIRA,0.999,ASAS-SN Variable Stars II/366,
J044438.34-705151.8,71.15971,-70.86441,variability,MIRA,0.65,ASAS-SN Variable Stars II/366,
J153659.86-610017.1,234.24971,-61.00484,variability,MIRA,0.999,ASAS-SN Variable Stars II/366,
J162943.17-594343.3,247.42987,-59.7287,variability,MIRA,0.987,ASAS-SN Variable Stars II/366,
J164251.17-224240.2,250.71319,-22.71118,variability,MIRA,0.837,ASAS-SN Variable Stars II/366,
J182343.77-363627.2,275.93238,-36.60756,variability,MIRA,1.0,ASAS-SN Variable Stars II/366,
J085812.89-602545.7,134.55426,-60.42929,variability,MIRA,1.0,ASAS-SN Variable Stars II/366,
J162450.60-623943.2,246.21085,-62.662,variability,MIRA,0.869,ASAS-SN Variable Stars II/366,
J182501.01-065057.7,276.25419,-6.84936,variability,MIRA,1.0,ASAS-SN Variable Stars II/366,
J174257.38-223607.1,265.73943,-22.60212,variability,MIRA,0.979,ASAS-SN Variable Stars II/366,
J210304.74+401748.7,315.76976,40.29685,variability,MIRA,0.965,ASAS-SN Variable Stars II/366,
J143624.25-793620.6,219.10106,-79.60571,variability,MIRA,0.999,ASAS-SN Variable Stars II/366,
J062855.91-115059.6,97.23296,-11.84988,variability,MIRA,1.0,ASAS-SN Variable Stars II/366,
J173936.22-403630.2,264.90092,-40.60839,variability,MIRA,0.998,ASAS-SN Variable Stars II/366,
J215253.22+690351.2,328.22176,69.06423,variability,MIRA,0.965,ASAS-SN Variable Stars II/366,
J100406.86-454213.0,151.02858,-45.70362,variability,MIRA,1.0,ASAS-SN Variable Stars II/366,
J190504.58+011603.5,286.26908,1.26763,variability,MIRA,1.0,ASAS-SN Variable Stars II/366,
J125859.78+151121.8,194.74909,15.18939,variability,MIRA,0.999,ASAS-SN Variable Stars II/366,
J172056.54-191006.3,260.2356,-19.16843,variability,MIRA,0.976,ASAS-SN Variable Stars II/366,
J060031.07+552715.2,90.12947,55.45421,variability,MIRA,0.992,ASAS-SN Variable Stars II/366,
J150055.94-670729.3,225.23364,-67.12442,variability,MIRA,0.935,ASAS-SN Variable Stars II/366,
J163302.57-540307.4,248.26071,-54.05206,variability,MIRA,0.967,ASAS-SN Variable Stars II/366,
J164349.79-301759.5,250.95719,-30.2998,variability,MIRA,0.999,ASAS-SN Variable Stars II/366,
J065148.47-190217.7,102.95195,-19.03825,variability,MIRA,1.0,ASAS-SN Variable Stars II/366,
J172419.27-272912.1,261.0803,-27.4867,variability,MIRA,0.963,ASAS-SN Variable Stars II/366,
J195454.81-035004.6,298.72838,-3.8346,variability,MIRA,1.0,ASAS-SN Variable Stars II/366,
J213315.44+354200.6,323.31432,35.70016,variability,MIRA,1.0,ASAS-SN Variable Stars II/366,
J180805.16-081215.9,272.02148,-8.20443,variability,MIRA,0.994,ASAS-SN Variable Stars II/366,
J185334.27+004854.8,283.39279,0.81523,variability,MIRA,0.998,ASAS-SN Variable Stars II/366,
J094328.55-623712.1,145.86897,-62.62002,variability,MIRA,1.0,ASAS-SN Variable Stars II/366,
J195527.94+325337.4,298.8664,32.89371,variability,MIRA,0.995,ASAS-SN Variable Stars II/366,
J101246.34-574951.7,153.19308,-57.83104,variability,MIRA,0.998,ASAS-SN Variable Stars II/366,
J165252.70-512329.4,253.21958,-51.3915,variability,MIRA,1.0,ASAS-SN Variable Stars II/366,
J183012.49-575914.4,277.55206,-57.98732,variability,MIRA,1.0,ASAS-SN Variable Stars II/366,
J180010.32-080955.0,270.04301,-8.16529,variability,MIRA,0.954,ASAS-SN Variable Stars II/366,
J192617.24-065823.2,291.57215,-6.97312,variability,MIRA,1.0,ASAS-SN Variable Stars II/366,
J181720.11-334012.5,274.33378,-33.67013,variability,MIRA,0.999,ASAS-SN Variable Stars II/366,
J181414.21+023253.1,273.55919,2.54807,variability,MIRA,1.0,ASAS-SN Variable Stars II/366,
J002120.67+512138.8,5.33612,51.36079,variability,MIRA,1.0,ASAS-SN Variable Stars II/366,
J220410.20+350718.3,331.0425,35.12176,variability,MIRA,0.978,ASAS-SN Variable Stars II/366,
J092858.75-342128.3,142.24478,-34.35785,variability,MIRA,1.0,ASAS-SN Variable Stars II/366,
J231517.46+592751.0,348.82273,59.46418,variability,MIRA,0.998,ASAS-SN Variable Stars II/366,
J165910.36-423946.6,254.79316,-42.66294,variability,MIRA,1.0,ASAS-SN Variable Stars II/366,
J193944.42-221803.1,294.9351,-22.30087,variability,MIRA,1.0,ASAS-SN Variable Stars II/366,
J010902.26-712410.3,17.25943,-71.40286,variability,MIRA,0.999,ASAS-SN Variable Stars II/366,
J174249.55-195452.5,265.70675,-19.91455,variability,MIRA,0.991,ASAS-SN Variable Stars II/366,
J153426.81-311037.0,233.61172,-31.17694,variability,MIRA,1.0,ASAS-SN Variable Stars II/366,
J183849.55-130925.7,279.70644,-13.15713,variability,MIRA,1.0,ASAS-SN Variable Stars II/366,
J181821.58+091805.8,274.58993,9.3016,variability,MIRA,0.999,ASAS-SN Variable Stars II/366,
J181947.33+014710.9,274.94738,1.78627,variability,MIRA,0.993,ASAS-SN Variable Stars II/366,
J100154.30-624937.7,150.47627,-62.82715,variability,MIRA,1.0,ASAS-SN Variable Stars II/366,
J192321.17-235333.3,290.83821,-23.89257,variability,MIRA,1.0,ASAS-SN Variable Stars II/366,
J175225.13-370223.3,268.10451,-37.04043,variability,MIRA,0.925,ASAS-SN Variable Stars II/366,
J092332.26-722249.3,140.88442,-72.38036,variability,MIRA,1.0,ASAS-SN Variable Stars II/366,
J103418.92-492416.8,158.57914,-49.40467,variability,MIRA,1.0,ASAS-SN Variable Stars II/366,
J182905.95-263755.4,277.27479,-26.63206,variability,MIRA,0.974,ASAS-SN Variable Stars II/366,
J045345.05+180413.8,73.43769,18.07051,variability,MIRA,0.999,ASAS-SN Variable Stars II/366,
J170722.31-213535.2,256.84294,-21.59311,variability,MIRA,0.999,ASAS-SN Variable Stars II/366,
J165905.18-342645.3,254.77109,-34.44612,variability,MIRA,1.0,ASAS-SN Variable Stars II/366,
J063559.89+313345.3,98.99953,31.56258,variability,MIRA,1.0,ASAS-SN Variable Stars II/366,
J043651.08+610853.0,69.21283,61.14806,variability,MIRA,0.999,ASAS-SN Variable Stars II/366,
J165145.81-360823.4,252.94041,-36.1399,variability,MIRA,1.0,ASAS-SN Variable Stars II/366,
J212443.74+335917.1,321.18223,33.98809,variability,MIRA,1.0,ASAS-SN Variable Stars II/366,
J184646.63-193623.8,281.69429,-19.6066,variability,MIRA,0.933,ASAS-SN Variable Stars II/366,
J145000.38-685233.9,222.5016,-68.87608,variability,MIRA,1.0,ASAS-SN Variable Stars II/366,
J171856.79-434355.6,259.73664,-43.73212,variability,LPV,1.0,ASAS-SN Variable Stars II/366,
J181247.72+034703.9,273.19883,3.78442,variability,LPV,0.998,ASAS-SN Variable Stars II/366,
J163510.90-402353.3,248.79542,-40.39813,variability,LPV,1.0,ASAS-SN Variable Stars II/366,
J155722.29-475953.7,239.34288,-47.99825,variability,LPV,1.0,ASAS-SN Variable Stars II/366,
J184426.23-471504.0,281.10931,-47.25111,variability,LPV,0.992,ASAS-SN Variable Stars II/366,
J124708.27-564808.6,191.78444,-56.80239,variability,LPV,1.0,ASAS-SN Variable Stars II/366,
J200613.44+132255.4,301.55598,13.38205,variability,LPV,0.997,ASAS-SN Variable Stars II/366,
J191527.70-230108.1,288.86542,-23.01891,variability,LPV,1.0,ASAS-SN Variable Stars II/366,
J180747.78-313642.3,271.94908,-31.61175,variability,LPV,1.0,ASAS-SN Variable Stars II/366,
J181403.89+115921.0,273.51619,11.98916,variability,LPV,0.998,ASAS-SN Variable Stars II/366,
J170928.89-313142.2,257.37036,-31.52838,variability,LPV,0.999,ASAS-SN Variable Stars II/366,
J174218.96-232550.6,265.579,-23.43072,variability,LPV,0.993,ASAS-SN Variable Stars II/366,
J184745.84-273427.9,281.94101,-27.57441,variability,LPV,0.993,ASAS-SN Variable Stars II/366,
J100501.70-531538.2,151.25709,-53.26061,variability,LPV,1.0,ASAS-SN Variable Stars II/366,
J123834.17-642527.8,189.64239,-64.42438,variability,LPV,1.0,ASAS-SN Variable Stars II/366,
J012917.94+680009.1,22.32474,68.00253,variability,LPV,1.0,ASAS-SN Variable Stars II/366,
J171753.74-134905.5,259.47392,-13.81819,variability,LPV,1.0,ASAS-SN Variable Stars II/366,
J180944.44+031217.6,272.43517,3.20488,variability,LPV,1.0,ASAS-SN Variable Stars II/366,
J184200.59-502139.2,280.50246,-50.36089,variability,LPV,0.999,ASAS-SN Variable Stars II/366,
J101013.77-425852.2,152.55739,-42.98118,variability,LPV,0.996,ASAS-SN Variable Stars II/366,
J211840.01+213307.0,319.66669,21.55195,variability,LPV,1.0,ASAS-SN Variable Stars II/366,
J174256.63-244803.2,265.73596,-24.80089,variability,LPV,0.999,ASAS-SN Variable Stars II/366,
J195240.58+484414.2,298.1691,48.73729,variability,LPV,0.986,ASAS-SN Variable Stars II/366,
J181558.02-283151.3,273.99163,-28.53101,variability,LPV,0.976,ASAS-SN Variable Stars II/366,
J122340.73-644417.3,185.91972,-64.73814,variability,LPV,1.0,ASAS-SN Variable Stars II/366,
J104656.22-484616.7,161.73426,-48.7713,variability,LPV,0.994,ASAS-SN Variable Stars II/366,
J220231.97-235918.9,330.6332,-23.98857,variability,LPV,0.637,ASAS-SN Variable Stars II/366,
J074740.69-402453.7,116.91954,-40.41492,variability,LPV,1.0,ASAS-SN Variable Stars II/366,
J182810.18-162633.7,277.0424,-16.4427,variability,LPV,1.0,ASAS-SN Variable Stars II/366,
J215826.28+123559.9,329.60951,12.59997,variability,LPV,0.997,ASAS-SN Variable Stars II/366,
J141740.50-675442.8,214.41873,-67.91189,variability,LPV,0.984,ASAS-SN Variable Stars II/366,
J190013.14-234011.1,285.05464,-23.66951,variability,LPV,1.0,ASAS-SN Variable Stars II/366,
J044522.90+460805.8,71.34541,46.13495,variability,LPV,1.0,ASAS-SN Variable Stars II/366,
J194053.66+422233.1,295.22359,42.37587,variability,LPV,0.853,ASAS-SN Variable Stars II/366,
J232434.17+361508.1,351.14236,36.25225,variability,LPV,1.0,ASAS-SN Variable Stars II/366,
J180446.76-302732.4,271.19483,-30.459,variability,LPV,0.99,ASAS-SN Variable Stars II/366,
J180524.75-212335.3,271.35313,-21.39315,variability,LPV,0.998,ASAS-SN Variable Stars II/366,
J170344.19-254147.8,255.93412,-25.69662,variability,LPV,1.0,ASAS-SN Variable Stars II/366,
J090957.14-350307.9,137.48808,-35.0522,variability,LPV,0.993,ASAS-SN Variable Stars II/366,
J082700.14-411557.0,126.75058,-41.26583,variability,LPV,1.0,ASAS-SN Variable Stars II/366,
J164850.29-472326.5,252.20954,-47.3907,variability,LPV,1.0,ASAS-SN Variable Stars II/366,
J165349.85-511234.8,253.45772,-51.20967,variability,LPV,1.0,ASAS-SN Variable Stars II/366,
J223652.42+491216.0,339.21842,49.20445,variability,LPV,1.0,ASAS-SN Variable Stars II/366,
J170513.43-515549.5,256.30597,-51.93043,variability,LPV,0.998,ASAS-SN Variable Stars II/366,
J135934.68-585812.8,209.89448,-58.97021,variability,LPV,1.0,ASAS-SN Variable Stars II/366,
J174700.48-354409.0,266.752,-35.73583,variability,LPV,0.998,ASAS-SN Variable Stars II/366,
J025411.75+303740.3,43.54895,30.62786,variability,LPV,0.999,ASAS-SN Variable Stars II/366,
J173501.34-174443.1,263.75558,-17.7453,variability,LPV,0.997,ASAS-SN Variable Stars II/366,
J202557.61+105114.8,306.49004,10.8541,variability,LPV,0.994,ASAS-SN Variable Stars II/366,
J064441.59+051902.8,101.1733,5.31745,variability,LPV,0.784,ASAS-SN Variable Stars II/366,
J190808.67-153952.3,287.03612,-15.66453,variability,LPV,1.0,ASAS-SN Variable Stars II/366,
J181345.54-315017.1,273.43959,-31.83803,variability,LPV,1.0,ASAS-SN Variable Stars II/366,
J190130.13-180736.8,285.3757,-18.12706,variability,LPV,0.986,ASAS-SN Variable Stars II/366,
J175520.58-385353.4,268.83574,-38.89818,variability,LPV,1.0,ASAS-SN Variable Stars II/366,
J115324.11-594935.2,178.35046,-59.82645,variability,LPV,1.0,ASAS-SN Variable Stars II/366,
J171816.57-292917.8,259.56905,-29.48827,variability,LPV,1.0,ASAS-SN Variable Stars II/366,
J145040.40-501747.3,222.66832,-50.29647,variability,LPV,0.998,ASAS-SN Variable Stars II/366,
J174052.30-385911.9,265.21792,-38.98665,variability,LPV,0.994,ASAS-SN Variable Stars II/366,
J180818.43-322157.7,272.07679,-32.36603,variability,LPV,0.993,ASAS-SN Variable Stars II/366,
J162618.94-643404.4,246.57892,-64.56788,variability,LPV,0.988,ASAS-SN Variable Stars II/366,
J064858.17-610750.0,102.24238,-61.13056,variability,LPV,0.95,ASAS-SN Variable Stars II/366,
J192951.24+243349.2,292.4635,24.56368,variability,LPV,1.0,ASAS-SN Variable Stars II/366,
J185630.25-035741.2,284.12603,-3.96145,variability,LPV,0.996,ASAS-SN Variable Stars II/366,
J180150.10-284054.5,270.45875,-28.68181,variability,LPV,0.999,ASAS-SN Variable Stars II/366,
J183021.44+114640.7,277.58934,11.77797,variability,LPV,1.0,ASAS-SN Variable Stars II/366,
J133658.32-490526.6,204.24301,-49.09072,variability,LPV,0.993,ASAS-SN Variable Stars II/366,
J182413.07-174849.7,276.05444,-17.8138,variability,LPV,1.0,ASAS-SN Variable Stars II/366,
J152806.08-682054.4,232.02602,-68.34848,variability,LPV,1.0,ASAS-SN Variable Stars II/366,
J135406.49-564609.1,208.52651,-56.76925,variability,LPV,0.99,ASAS-SN Variable Stars II/366,
J172502.32-141614.4,261.25968,-14.27066,variability,LPV,0.999,ASAS-SN Variable Stars II/366,
J231128.96+582044.3,347.87067,58.34564,variability,LPV,1.0,ASAS-SN Variable Stars II/366,
J202335.32+263352.9,305.89716,26.5647,variability,LPV,1.0,ASAS-SN Variable Stars II/366,
J185237.87-064043.8,283.15778,-6.67883,variability,LPV,0.327,ASAS-SN Variable Stars II/366,
J115310.50-652044.8,178.29377,-65.34577,variability,LPV,1.0,ASAS-SN Variable Stars II/366,
J183658.14-152028.6,279.24225,-15.34129,variability,LPV,1.0,ASAS-SN Variable Stars II/366,
J190821.80+000254.1,287.09082,0.04835,variability,LPV,1.0,ASAS-SN Variable Stars II/366,
J174958.20-342908.2,267.49252,-34.48561,variability,LPV,1.0,ASAS-SN Variable Stars II/366,
J184228.42+171942.0,280.62031,17.32795,variability,LPV,0.33,ASAS-SN Variable Stars II/366,
J181712.44-264215.2,274.30185,-26.70421,variability,LPV,1.0,ASAS-SN Variable Stars II/366,
J180444.18-281104.6,271.18408,-28.18461,variability,LPV,1.0,ASAS-SN Variable Stars II/366,
J113011.77-604725.5,172.54903,-60.79043,variability,LPV,1.0,ASAS-SN Variable Stars II/366,
J174001.88-043541.0,265.00783,-4.59473,variability,LPV,0.992,ASAS-SN Variable Stars II/366,
J160643.53-351640.6,241.68137,-35.27794,variability,LPV,0.97,ASAS-SN Variable Stars II/366,
J070008.91-061039.8,105.03711,-6.17771,variability,LPV,0.987,ASAS-SN Variable Stars II/366,
J175531.19-203928.1,268.87995,-20.6578,variability,LPV,0.994,ASAS-SN Variable Stars II/366,
J174815.10-340257.7,267.06292,-34.04936,variability,LPV,0.999,ASAS-SN Variable Stars II/366,
J193921.04+033525.8,294.83767,3.59051,variability,LPV,0.755,ASAS-SN Variable Stars II/366,
J144826.88-650721.4,222.112,-65.12261,variability,LPV,1.0,ASAS-SN Variable Stars II/366,
J184206.19+050318.5,280.52581,5.05513,variability,LPV,0.837,ASAS-SN Variable Stars II/366,
J204017.40+355906.6,310.07249,35.98516,variability,LPV,0.999,ASAS-SN Variable Stars II/366,
J175953.81-135159.8,269.97419,-13.86661,variability,LPV,1.0,ASAS-SN Variable Stars II/366,
J162105.69-360213.2,245.27372,-36.037,variability,LPV,1.0,ASAS-SN Variable Stars II/366,
J204120.39+303818.6,310.33496,30.63849,variability,LPV,0.993,ASAS-SN Variable Stars II/366,
J172718.45-404639.8,261.82686,-40.77772,variability,LPV,0.988,ASAS-SN Variable Stars II/366,
J184236.84-115201.4,280.65351,-11.86705,variability,LPV,0.999,ASAS-SN Variable Stars II/366,
J074314.30-384529.0,115.80958,-38.75806,variability,LPV,0.991,ASAS-SN Variable Stars II/366,
J104403.50-580135.8,161.01457,-58.02661,variability,LPV,1.0,ASAS-SN Variable Stars II/366,
J073626.64-470849.8,114.11101,-47.14717,variability,LPV,1.0,ASAS-SN Variable Stars II/366,
J204025.85+714028.0,310.10772,71.67445,variability,LPV,0.999,ASAS-SN Variable Stars II/366,
J123914.18-483801.9,189.80907,-48.63386,variability,LPV,1.0,ASAS-SN Variable Stars II/366,
J231822.37+543559.3,349.59321,54.5998,variability,LPV,1.0,ASAS-SN Variable Stars II/366,
J163508.36-292303.2,248.78448,-29.3841,variability,LPV,1.0,ASAS-SN Variable Stars II/366,
J172446.53-231733.2,261.19389,-23.29255,variability,LPV,1.0,ASAS-SN Variable Stars II/366,
J180034.01-373115.5,270.14169,-37.52098,variability,LPV,0.986,ASAS-SN Variable Stars II/366,
J181750.74-190247.7,274.4614,-19.04657,variability,LPV,0.98,ASAS-SN Variable Stars II/366,
J190116.47-084121.8,285.31861,-8.6894,variability,LPV,0.338,ASAS-SN Variable Stars II/366,
J083554.42-355941.1,128.97673,-35.99475,variability,LPV,1.0,ASAS-SN Variable Stars II/366,
J174906.55-450708.9,267.27715,-45.11915,variability,LPV,1.0,ASAS-SN Variable Stars II/366,
J094001.99-431419.6,145.00828,-43.23879,variability,LPV,1.0,ASAS-SN Variable Stars II/366,
J184639.26-113352.8,281.6636,-11.56467,variability,LPV,0.995,ASAS-SN Variable Stars II/366,
J165654.25-540312.5,254.22622,-54.05333,variability,LPV,1.0,ASAS-SN Variable Stars II/366,
J185054.68-253921.4,282.72784,-25.65595,variability,LPV,1.0,ASAS-SN Variable Stars II/366,
J175309.15-222520.0,268.28812,-22.42222,variability,LPV,0.993,ASAS-SN Variable Stars II/366,
J171054.73-270646.0,257.72803,-27.11278,variability,LPV,0.999,ASAS-SN Variable Stars II/366,
J153022.61-611031.3,232.5942,-61.17537,variability,LPV,0.998,ASAS-SN Variable Stars II/366,
J092145.39-581006.7,140.43912,-58.16854,variability,LPV,0.993,ASAS-SN Variable Stars II/366,
J174540.91-231008.4,266.42046,-23.169,variability,LPV,0.994,ASAS-SN Variable Stars II/366,
J214859.21+482607.1,327.2467,48.43531,variability,LPV,0.999,ASAS-SN Variable Stars II/366,
J104231.09-561329.2,160.62955,-56.22477,variability,LPV,0.994,ASAS-SN Variable Stars II/366,
J175311.20-302929.8,268.29667,-30.49162,variability,LPV,0.867,ASAS-SN Variable Stars II/366,
J185423.78-063041.1,283.59909,-6.51142,variability,LPV,0.999,ASAS-SN Variable Stars II/366,
J191622.86-301045.4,289.09525,-30.17927,variability,LPV,1.0,ASAS-SN Variable Stars II/366,
J214706.91+633438.6,326.77878,63.57738,variability,LPV,1.0,ASAS-SN Variable Stars II/366,
J175712.42-311003.4,269.30175,-31.16761,variability,LPV,1.0,ASAS-SN Variable Stars II/366,
J220048.06+423043.3,330.20026,42.51204,variability,LPV,1.0,ASAS-SN Variable Stars II/366,
J130651.76-613942.2,196.71568,-61.66172,variability,LPV,0.999,ASAS-SN Variable Stars II/366,
J180442.99-284105.3,271.17913,-28.68481,variability,LPV,0.996,ASAS-SN Variable Stars II/366,
J172428.53-430632.3,261.11886,-43.10896,variability,LPV,0.331,ASAS-SN Variable Stars II/366,
J191138.83+581528.4,287.91181,58.25788,variability,LPV,0.998,ASAS-SN Variable Stars II/366,
J162846.94-523043.0,247.19557,-52.51195,variability,LPV,1.0,ASAS-SN Variable Stars II/366,
J162616.86-462918.6,246.57027,-46.48849,variability,LPV,0.999,ASAS-SN Variable Stars II/366,
J184258.74-233125.2,280.74477,-23.52366,variability,LPV,0.987,ASAS-SN Variable Stars II/366,
J174520.94-053332.4,266.33727,-5.55899,variability,LPV,0.999,ASAS-SN Variable Stars II/366,
J195427.90+362608.7,298.61623,36.43576,variability,LPV,0.997,ASAS-SN Variable Stars II/366,
J131450.28-605237.8,198.70948,-60.87718,variability,LPV,0.999,ASAS-SN Variable Stars II/366,
J190240.00-094402.8,285.66666,-9.7341,variability,LPV,0.99,ASAS-SN Variable Stars II/366,
J092751.11-112647.3,141.96296,-11.44646,variability,LPV,0.929,ASAS-SN Variable Stars II/366,
J122151.34-630148.5,185.46392,-63.03014,variability,LPV,0.999,ASAS-SN Variable Stars II/366,
J190408.39-093557.0,286.03494,-9.59918,variability,LPV,1.0,ASAS-SN Variable Stars II/366,
J155645.17-552721.7,239.18822,-55.45603,variability,LPV,0.993,ASAS-SN Variable Stars II/366,
J232402.68+721218.0,351.01116,72.20501,variability,LPV,1.0,ASAS-SN Variable Stars II/366,
J105047.45-663800.3,162.69793,-66.6335,variability,LPV,1.0,ASAS-SN Variable Stars II/366,
J102421.76-551628.0,156.09068,-55.27444,variability,LPV,0.984,ASAS-SN Variable Stars II/366,
J122651.24-623417.6,186.71348,-62.57156,variability,LPV,0.993,ASAS-SN Variable Stars II/366,
J163332.11-572639.4,248.3838,-57.44428,variability,LPV,1.0,ASAS-SN Variable Stars II/366,
J175504.66-293934.6,268.76942,-29.65961,variability,LPV,0.998,ASAS-SN Variable Stars II/366,
J151809.34-451700.3,229.5389,-45.28343,variability,LPV,0.975,ASAS-SN Variable Stars II/366,
J165016.42-031540.1,252.56842,-3.26114,variability,LPV,0.99,ASAS-SN Variable Stars II/366,
J184347.33-192435.1,280.94719,-19.40975,variability,LPV,0.999,ASAS-SN Variable Stars II/366,
J110345.21-555807.5,165.93837,-55.96874,variability,LPV,1.0,ASAS-SN Variable Stars II/366,
J213113.85+472719.3,322.80772,47.45537,variability,LPV,1.0,ASAS-SN Variable Stars II/366,
J185344.71-093538.2,283.43628,-9.59394,variability,LPV,1.0,ASAS-SN Variable Stars II/366,
J100802.53-623711.4,152.01055,-62.61984,variability,LPV,0.995,ASAS-SN Variable Stars II/366,
J181849.74-274003.1,274.70725,-27.66754,variability,LPV,0.994,ASAS-SN Variable Stars II/366,
J035521.40+411250.6,58.83916,41.21406,variability,LPV,1.0,ASAS-SN Variable Stars II/366,
J143853.51-864330.5,219.72294,-86.72515,variability,LPV,0.984,ASAS-SN Variable Stars II/366,
J134854.04-582843.4,207.22518,-58.47872,variability,LPV,1.0,ASAS-SN Variable Stars II/366,
J180224.94+125309.5,270.60392,12.88598,variability,LPV,0.995,ASAS-SN Variable Stars II/366,
J175417.26-433207.4,268.57192,-43.5354,variability,LPV,0.994,ASAS-SN Variable Stars II/366,
J182218.08-210935.9,275.57532,-21.15997,variability,LPV,1.0,ASAS-SN Variable Stars II/366,
J175253.54-473233.0,268.22307,-47.5425,variability,LPV,0.796,ASAS-SN Variable Stars II/366,
J161807.08-274740.8,244.5295,-27.79466,variability,LPV,0.999,ASAS-SN Variable Stars II/366,
J184610.85-060200.6,281.54519,-6.0335,variability,LPV,0.974,ASAS-SN Variable Stars II/366,
J172733.50-460040.5,261.88957,-46.01126,variability,LPV,1.0,ASAS-SN Variable Stars II/366,
J181757.97-130452.0,274.49154,-13.08111,variability,LPV,0.998,ASAS-SN Variable Stars II/366,
J114011.38-591820.3,175.04742,-59.30563,variability,LPV,1.0,ASAS-SN Variable Stars II/366,
J150145.51-602056.3,225.43963,-60.34897,variability,LPV,1.0,ASAS-SN Variable Stars II/366,
J184329.36-150046.5,280.87234,-15.01292,variability,LPV,0.999,ASAS-SN Variable Stars II/366,
J183954.04+133527.1,279.97518,13.59087,variability,LPV,1.0,ASAS-SN Variable Stars II/366,
J191142.44-480723.5,287.92683,-48.12319,variability,LPV,1.0,ASAS-SN Variable Stars II/366,
J202348.56+271625.4,305.95234,27.27371,variability,LPV,0.993,ASAS-SN Variable Stars II/366,
J121833.62-622406.0,184.64007,-62.40168,variability,LPV,1.0,ASAS-SN Variable Stars II/366,
J051643.26-642037.3,79.18025,-64.34369,variability,LPV,0.998,ASAS-SN Variable Stars II/366,
J100647.49-715043.3,151.69787,-71.84535,variability,LPV,0.999,ASAS-SN Variable Stars II/366,
J095718.01-592004.0,149.32503,-59.33444,variability,LPV,0.995,ASAS-SN Variable Stars II/366,
J190402.09+030324.2,286.00872,3.05673,variability,LPV,1.0,ASAS-SN Variable Stars II/366,
J065835.89-265527.4,104.64956,-26.92428,variability,LPV,0.961,ASAS-SN Variable Stars II/366,
J105039.74-422125.4,162.66559,-42.35706,variability,LPV,0.995,ASAS-SN Variable Stars II/366,
J184314.58-112628.2,280.81077,-11.44116,variability,LPV,0.47,ASAS-SN Variable Stars II/366,
J044843.21-721607.2,72.18006,-72.26865,variability,LPV,0.999,ASAS-SN Variable Stars II/366,
J173100.86-500638.7,262.75357,-50.11074,variability,LPV,0.994,ASAS-SN Variable Stars II/366,
J182016.75-220426.4,275.06979,-22.07401,variability,LPV,0.989,ASAS-SN Variable Stars II/366,
J205642.88+341828.5,314.17868,34.30792,variability,LPV,1.0,ASAS-SN Variable Stars II/366,
J185453.54+172232.3,283.72308,17.37564,variability,LPV,0.991,ASAS-SN Variable Stars II/366,
J130117.93-723522.1,195.3247,-72.58946,variability,LPV,1.0,ASAS-SN Variable Stars II/366,
J132810.50-371155.0,202.04377,-37.19862,variability,LPV,0.987,ASAS-SN Variable Stars II/366,
J184848.97+223037.0,282.20403,22.51029,variability,LPV,1.0,ASAS-SN Variable Stars II/366,
J170702.54-452218.4,256.76057,-45.37179,variability,LPV,0.997,ASAS-SN Variable Stars II/366,
J125756.71-575640.1,194.4863,-57.94446,variability,LPV,0.995,ASAS-SN Variable Stars II/366,
J173547.53-055749.1,263.94778,-5.96362,variability,LPV,1.0,ASAS-SN Variable Stars II/366,
J193904.75+084343.4,294.76981,8.72873,variability,LPV,0.999,ASAS-SN Variable Stars II/366,
J185215.73+185704.8,283.06555,18.95134,variability,LPV,1.0,ASAS-SN Variable Stars II/366,
J165013.63-190257.8,252.55679,-19.04939,variability,LPV,1.0,ASAS-SN Variable Stars II/366,
J152118.16-621211.4,230.32566,-62.20318,variability,LPV,0.992,ASAS-SN Variable Stars II/366,
J175026.64-303629.6,267.61098,-30.60822,variability,LPV,0.987,ASAS-SN Variable Stars II/366,
J083718.40-283006.9,129.32667,-28.50193,variability,LPV,0.987,ASAS-SN Variable Stars II/366,
J175119.78-443508.1,267.83242,-44.58559,variability,LPV,1.0,ASAS-SN Variable Stars II/366,
J174538.35-355917.6,266.40978,-35.98819,variability,LPV,1.0,ASAS-SN Variable Stars II/366,
J184913.87-042704.0,282.30778,-4.45111,variability,LPV,0.994,ASAS-SN Variable Stars II/366,
J193633.63+013506.9,294.14013,1.58524,variability,LPV,0.991,ASAS-SN Variable Stars II/366,
J161813.30-532409.7,244.55542,-53.4027,variability,LPV,0.979,ASAS-SN Variable Stars II/366,
J182234.02-250158.6,275.64175,-25.03294,variability,LPV,0.994,ASAS-SN Variable Stars II/366,
J092957.27-484338.7,142.48862,-48.72741,variability,LPV,1.0,ASAS-SN Variable Stars II/366,
J185038.75-195403.6,282.66146,-19.90101,variability,LPV,1.0,ASAS-SN Variable Stars II/366,
J175048.69-471229.5,267.70287,-47.2082,variability,LPV,0.998,ASAS-SN Variable Stars II/366,
J225938.66+600006.3,344.91108,60.00175,variability,LPV,1.0,ASAS-SN Variable Stars II/366,
J073707.47-314927.1,114.28111,-31.8242,variability,LPV,1.0,ASAS-SN Variable Stars II/366,
J121558.29-651255.6,183.99288,-65.21545,variability,LPV,1.0,ASAS-SN Variable Stars II/366,
J165528.44-425252.7,253.86851,-42.8813,variability,LPV,1.0,ASAS-SN Variable Stars II/366,
J103117.87-452319.2,157.82445,-45.38868,variability,LPV,1.0,ASAS-SN Variable Stars II/366,
J164304.88-112237.2,250.77032,-11.37701,variability,LPV,1.0,ASAS-SN Variable Stars II/366,
J162200.80-512800.5,245.50333,-51.46681,variability,LPV,0.999,ASAS-SN Variable Stars II/366,
J104745.13-641016.5,161.93806,-64.17125,variability,LPV,1.0,ASAS-SN Variable Stars II/366,
J185125.42+185744.2,282.8559,18.96229,variability,LPV,0.994,ASAS-SN Variable Stars II/366,
J115305.64-663150.8,178.27348,-66.53079,variability,LPV,1.0,ASAS-SN Variable Stars II/366,
J180230.18-265013.9,270.62575,-26.83719,variability,LPV,0.993,ASAS-SN Variable Stars II/366,
J141105.07-691659.9,212.77112,-69.28331,variability,LPV,1.0,ASAS-SN Variable Stars II/366,
J182025.12-235554.7,275.10467,-23.93187,variability,LPV,0.998,ASAS-SN Variable Stars II/366,
J080033.10-015646.1,120.13793,-1.94614,variability,LPV,0.908,ASAS-SN Variable Stars II/366,
J081659.14-571347.7,124.24641,-57.22992,variability,LPV,1.0,ASAS-SN Variable Stars II/366,
J185523.54-044511.6,283.84809,-4.75322,variability,LPV,1.0,ASAS-SN Variable Stars II/366,
J162113.30-655359.1,245.30543,-65.89976,variability,LPV,1.0,ASAS-SN Variable Stars II/366,
J180028.50-271352.4,270.11875,-27.23122,variability,LPV,1.0,ASAS-SN Variable Stars II/366,
J193345.66+362838.2,293.44025,36.47728,variability,LPV,1.0,ASAS-SN Variable Stars II/366,
J205953.46+402839.7,314.97275,40.47769,variability,LPV,0.994,ASAS-SN Variable Stars II/366,
J144928.42-471649.9,222.36841,-47.28054,variability,LPV,1.0,ASAS-SN Variable Stars II/366,
J064653.01+161458.6,101.72087,16.2496,variability,LPV,1.0,ASAS-SN Variable Stars II/366,
J184906.38-651816.3,282.27659,-65.30454,variability,LPV,0.966,ASAS-SN Variable Stars II/366,
J184955.27-174006.5,282.48031,-17.66846,variability,LPV,0.98,ASAS-SN Variable Stars II/366,
J173507.17-271418.7,263.77988,-27.23853,variability,LPV,0.99,ASAS-SN Variable Stars II/366,
J095101.00-614545.1,147.75418,-61.76253,variability,LPV,1.0,ASAS-SN Variable Stars II/366,
J183156.58-200333.4,277.98577,-20.05927,variability,LPV,0.994,ASAS-SN Variable Stars II/366,
J165819.36+115957.9,254.58067,11.99941,variability,LPV,1.0,ASAS-SN Variable Stars II/366,
J192008.66-212723.5,290.03615,-21.45651,variability,LPV,0.999,ASAS-SN Variable Stars II/366,
J090432.45-322250.2,136.13521,-32.38062,variability,LPV,1.0,ASAS-SN Variable Stars II/366,
J115821.98-574944.8,179.59158,-57.8291,variability,LPV,0.997,ASAS-SN Variable Stars II/366,
J213136.84+282456.6,322.90349,28.41573,variability,LPV,1.0,ASAS-SN Variable Stars II/366,
J192014.16-112736.5,290.05901,-11.46013,variability,LPV,1.0,ASAS-SN Variable Stars II/366,
J102804.68-595218.3,157.01951,-59.87175,variability,LPV,1.0,ASAS-SN Variable Stars II/366,
J083239.31-505003.2,128.1638,-50.83422,variability,LPV,1.0,ASAS-SN Variable Stars II/366,
J193016.77+081559.1,292.56989,8.26642,variability,LPV,1.0,ASAS-SN Variable Stars II/366,
J175120.03-783541.0,267.83347,-78.59472,variability,LPV,0.992,ASAS-SN Variable Stars II/366,
J155424.44-414214.2,238.60182,-41.70395,variability,LPV,0.984,ASAS-SN Variable Stars II/366,
J074130.97-341518.6,115.37906,-34.25516,variability,LPV,0.997,ASAS-SN Variable Stars II/366,
J170029.42-523250.7,255.12259,-52.54743,variability,LPV,1.0,ASAS-SN Variable Stars II/366,
J165649.49-532609.2,254.20622,-53.43588,variability,LPV,0.992,ASAS-SN Variable Stars II/366,
J193539.99+291447.9,293.91663,29.24663,variability,LPV,1.0,ASAS-SN Variable Stars II/366,
J183637.93-125235.2,279.15805,-12.87644,variability,LPV,1.0,ASAS-SN Variable Stars II/366,
J180114.46-082209.7,270.31023,-8.36937,variability,LPV,1.0,ASAS-SN Variable Stars II/366,
J074403.23-282849.7,116.01345,-28.48047,variability,LPV,1.0,ASAS-SN Variable Stars II/366,
